 4.12407554057229e-13   4.92e+02 
 8.26309591889960e-13   9.90e+02 
 1.24209196608111e-12   1.50e+03 
 1.66069954788661e-12   1.45e+03 
 2.08236948681100e-12   1.38e+03 
 2.50699866783643e-12   1.32e+03 
 2.93444948106539e-12   1.25e+03 
 3.36457283304146e-12   1.18e+03 
 3.79721444781657e-12   1.11e+03 
 4.23221731492307e-12   1.04e+03 
 4.66942311260702e-12   9.64e+02 
 5.10867319878555e-12   8.88e+02 
 5.54980930198412e-12   8.12e+02 
 5.99267396713021e-12   7.33e+02 
 6.43711080253433e-12   6.54e+02 
 6.88296457188344e-12   5.74e+02 
 7.33008116979854e-12   4.93e+02 
 7.77830751246832e-12   4.11e+02 
 8.22749136771162e-12   3.29e+02 
 8.67748114246618e-12   2.46e+02 
 9.12812564046640e-12   1.62e+02 
 9.57927379875055e-12   7.83e+01 
 1.00307744084785e-11   0.00e+00 
 1.04824924232331e-11   0.00e+00 
 1.09343812994047e-11   0.00e+00 
 1.13864306771822e-11   0.00e+00 
 1.18386338000470e-11   0.00e+00 
 1.22909853679347e-11   0.00e+00 
 1.27434808298035e-11   0.00e+00 
 1.31961161330240e-11   0.00e+00 
 1.36488876159619e-11   0.00e+00 
 1.41017919433783e-11   0.00e+00 
 1.45548260564080e-11   0.00e+00 
 1.50079871302737e-11   0.00e+00 
 1.54612725383821e-11   0.00e+00 
 1.59146798224026e-11   0.00e+00 
 1.63682066678366e-11   0.00e+00 
 1.68218508843950e-11   0.00e+00 
 1.72756103904133e-11   0.00e+00 
 1.77294832005506e-11   0.00e+00 
 1.81834674160923e-11   0.00e+00 
 1.86375612172765e-11   0.00e+00 
 1.90917628571706e-11   0.00e+00 
 1.95460706567166e-11   0.00e+00 
 2.00004830006522e-11   0.00e+00 
 2.04549983340786e-11   0.00e+00 
 2.09096151595041e-11   0.00e+00 
 2.13643320342366e-11   0.00e+00 
 2.18191475680299e-11   0.00e+00 
 2.22740604209164e-11   0.00e+00 
 2.27290693011782e-11   0.00e+00 
 2.31841729634218e-11   0.00e+00 
 2.36393702067341e-11   0.00e+00 
 2.40946598729038e-11   0.00e+00 
 2.45500408446991e-11   0.00e+00 
 2.50055120441948e-11   0.00e+00 
 2.54610724311469e-11   0.00e+00 
 2.59167210014126e-11   0.00e+00 
 2.63724567854149e-11   0.00e+00 
 2.68282788466539e-11   0.00e+00 
 2.72841862802631e-11   0.00e+00 
 2.77401782116136e-11   0.00e+00 
 2.81962537949656e-11   0.00e+00 
 2.86524122121682e-11   0.00e+00 
 2.91086526714077e-11   0.00e+00 
 2.95649744060046e-11   0.00e+00 
 3.00213766732592e-11   0.00e+00 
 3.04778587533449e-11   0.00e+00 
 3.09344199482500e-11   0.00e+00 
 3.13910595807653e-11   0.00e+00 
 3.18477769935177e-11   0.00e+00 
 3.23045715480493e-11   0.00e+00 
 3.27614426239394e-11   0.00e+00 
 3.32183896179685e-11   0.00e+00 
 3.36754119433241e-11   0.00e+00 
 3.41325090288449e-11   0.00e+00 
 3.45896803183038e-11   0.00e+00 
 3.50469252697272e-11   0.00e+00 
 3.55042433547487e-11   0.00e+00 
 3.59616340579970e-11   0.00e+00 
 3.64190968765155e-11   0.00e+00 
 3.68766313192126e-11   0.00e+00 
 3.73342369063408e-11   0.00e+00 
 3.77919131690039e-11   0.00e+00 
 3.82496596486899e-11   0.00e+00 
 3.87074758968301e-11   0.00e+00 
 3.91653614743806e-11   0.00e+00 
 3.96233159514269e-11   0.00e+00 
 4.00813389068104e-11   0.00e+00 
 4.05394299277737e-11   0.00e+00 
 4.09975886096266e-11   0.00e+00 
 4.14558145554291e-11   0.00e+00 
 4.19141073756913e-11   0.00e+00 
 4.23724666880908e-11   0.00e+00 
 4.28308921172033e-11   0.00e+00 
 4.32893832942497e-11   0.00e+00 
 4.37479398568549e-11   0.00e+00 
 4.42065614488208e-11   0.00e+00 
 4.46652477199100e-11   0.00e+00 
 4.51239983256423e-11   0.00e+00 
 4.55828129271010e-11   0.00e+00 
 4.60416911907490e-11   0.00e+00 
 4.65006327882556e-11   0.00e+00 
 4.69596373963309e-11   0.00e+00 
 4.74187046965694e-11   0.00e+00 
 4.78778343753017e-11   0.00e+00 
 4.83370261234527e-11   0.00e+00 
 4.87962796364082e-11   0.00e+00 
 4.92555946138866e-11   0.00e+00 
 4.97149707598181e-11   0.00e+00 
 5.01744077822292e-11   0.00e+00 
 5.06339053931329e-11   0.00e+00 
 5.10934633084233e-11   0.00e+00 
 5.15530812477769e-11   0.00e+00 
 5.20127589345565e-11   0.00e+00 
 5.24724960957205e-11   0.00e+00 
 5.29322924617366e-11   0.00e+00 
 5.33921477664981e-11   0.00e+00 
 5.38520617472453e-11   0.00e+00 
 5.43120341444890e-11   0.00e+00 
 5.47720647019384e-11   0.00e+00 
 5.52321531664311e-11   0.00e+00 
 5.56922992878661e-11   0.00e+00 
 5.61525028191402e-11   0.00e+00 
 5.66127635160863e-11   0.00e+00 
 5.70730811374141e-11   0.00e+00 
 5.75334554446532e-11   0.00e+00 
 5.79938862020985e-11   0.00e+00 
 5.84543731767575e-11   0.00e+00 
 5.89149161382993e-11   0.00e+00 
 5.93755148590055e-11   0.00e+00 
 5.98361691137234e-11   0.00e+00 
 6.02968786798194e-11   0.00e+00 
 6.07576433371357e-11   0.00e+00 
 6.12184628679469e-11   0.00e+00 
 6.16793370569190e-11   0.00e+00 
 6.21402656910689e-11   0.00e+00 
 6.26012485597261e-11   0.00e+00 
 6.30622854544943e-11   0.00e+00 
 6.35233761692153e-11   0.00e+00 
 6.39845204999333e-11   0.00e+00 
 6.44457182448601e-11   0.00e+00 
 6.49069692043416e-11   0.00e+00 
 6.53682731808253e-11   0.00e+00 
 6.58296299788279e-11   0.00e+00 
 6.62910394049050e-11   0.00e+00 
 6.67525012676197e-11   0.00e+00 
 6.72140153775140e-11   0.00e+00 
 6.76755815470796e-11   0.00e+00 
 6.81371995907297e-11   0.00e+00 
 6.85988693247712e-11   0.00e+00 
 6.90605905673784e-11   0.00e+00 
 6.95223631385660e-11   0.00e+00 
 6.99841868601638e-11   0.00e+00 
 7.04460615557911e-11   0.00e+00 
 7.09079870508321e-11   0.00e+00 
 7.13699631724119e-11   0.00e+00 
 7.18319897493723e-11   0.00e+00 
 7.22940666122490e-11   0.00e+00 
 7.27561935932483e-11   0.00e+00 
 7.32183705262250e-11   0.00e+00 
 7.36805972466600e-11   0.00e+00 
 7.41428735916392e-11   0.00e+00 
 7.46051993998319e-11   0.00e+00 
 7.50675745114699e-11   0.00e+00 
 7.55299987683272e-11   0.00e+00 
 7.59924720136995e-11   0.00e+00 
 7.64549940923847e-11   0.00e+00 
 7.69175648506633e-11   0.00e+00 
 7.73801841362788e-11   0.00e+00 
 7.78428517984196e-11   0.00e+00 
 7.83055676876994e-11   0.00e+00 
 7.87683316561398e-11   0.00e+00 
 7.92311435571515e-11   0.00e+00 
 7.96940032455172e-11   0.00e+00 
 8.01569105773735e-11   0.00e+00 
 8.06198654101941e-11   0.00e+00 
 8.10828676027725e-11   0.00e+00 
 8.15459170152054e-11   0.00e+00 
 8.20090135088763e-11   0.00e+00 
 8.24721569464389e-11   0.00e+00 
 8.29353471918012e-11   0.00e+00 
 8.33985841101100e-11   0.00e+00 
 8.38618675677348e-11   0.00e+00 
 8.43251974322526e-11   0.00e+00 
 8.47885735724330e-11   0.00e+00 
 8.52519958582227e-11   0.00e+00 
 8.57154641607312e-11   0.00e+00 
 8.61789783522159e-11   0.00e+00 
 8.66425383060680e-11   0.00e+00 
 8.71061438967982e-11   0.00e+00 
 8.75697950000227e-11   0.00e+00 
 8.80334914924492e-11   0.00e+00 
 8.84972332518637e-11   0.00e+00 
 8.89610201571167e-11   0.00e+00 
 8.94248520881101e-11   0.00e+00 
 8.98887289257841e-11   0.00e+00 
 9.03526505521040e-11   0.00e+00 
 9.08166168500480e-11   0.00e+00 
 9.12806277035940e-11   0.00e+00 
 9.17446829977075e-11   0.00e+00 
 9.22087826183293e-11   0.00e+00 
 9.26729264523634e-11   0.00e+00 
 9.31371143876649e-11   0.00e+00 
 9.36013463130283e-11   0.00e+00 
 9.40656221181760e-11   0.00e+00 
 9.45299416937465e-11   0.00e+00 
 9.49943049312832e-11   0.00e+00 
 9.54587117232233e-11   0.00e+00 
 9.59231619628863e-11   0.00e+00 
 9.63876555444639e-11   0.00e+00 
 9.68521923630082e-11   0.00e+00 
 9.73167723144220e-11   0.00e+00 
 9.77813952954475e-11   0.00e+00 
 9.82460612036565e-11   0.00e+00 
 9.87107699374398e-11   0.00e+00 
 9.91755213959975e-11   0.00e+00 
 9.96403154793284e-11   0.00e+00 
 1.00105152088221e-10   0.00e+00 
 1.00570031124242e-10   0.00e+00 
 1.01034952489730e-10   0.00e+00 
 1.01499916087783e-10   0.00e+00 
 1.01964921822249e-10   0.00e+00 
 1.02429969597720e-10   0.00e+00 
 1.02895059319518e-10   0.00e+00 
 1.03360190893691e-10   0.00e+00 
 1.03825364227000e-10   0.00e+00 
 1.04290579226915e-10   0.00e+00 
 1.04755835801600e-10   0.00e+00 
 1.05221133859909e-10   0.00e+00 
 1.05686473311377e-10   0.00e+00 
 1.06151854066211e-10   0.00e+00 
 1.06617276035281e-10   0.00e+00 
 1.07082739130114e-10   0.00e+00 
 1.07548243262883e-10   0.00e+00 
 1.08013788346403e-10   0.00e+00 
 1.08479374294120e-10   0.00e+00 
 1.08945001020103e-10   0.00e+00 
 1.09410668439040e-10   0.00e+00 
 1.09876376466228e-10   0.00e+00 
 1.10342125017565e-10   0.00e+00 
 1.10807914009542e-10   0.00e+00 
 1.11273743359242e-10   0.00e+00 
 1.11739612984323e-10   0.00e+00 
 1.12205522803020e-10   0.00e+00 
 1.12671472734133e-10   0.00e+00 
 1.13137462697020e-10   0.00e+00 
 1.13603492611595e-10   0.00e+00 
 1.14069562398315e-10   0.00e+00 
 1.14535671978178e-10   0.00e+00 
 1.15001821272715e-10   0.00e+00 
 1.15468010203983e-10   0.00e+00 
 1.15934238694560e-10   0.00e+00 
 1.16400506667537e-10   0.00e+00 
 1.16866814046515e-10   0.00e+00 
 1.17333160755594e-10   0.00e+00 
 1.17799546719372e-10   0.00e+00 
 1.18265971862937e-10   0.00e+00 
 1.18732436111860e-10   0.00e+00 
 1.19198939392191e-10   0.00e+00 
 1.19665481630453e-10   0.00e+00 
 1.20132062753635e-10   0.00e+00 
 1.20598682689189e-10   0.00e+00 
 1.21065341365023e-10   0.00e+00 
 1.21532038709495e-10   0.00e+00 
 1.21998774651409e-10   0.00e+00 
 1.22465549120009e-10   0.00e+00 
 1.22932362044974e-10   0.00e+00 
 1.23399213356414e-10   0.00e+00 
 1.23866102984862e-10   0.00e+00 
 1.24333030861273e-10   0.00e+00 
 1.24799996917017e-10   0.00e+00 
 1.25267001083872e-10   0.00e+00 
 1.25734043294025e-10   0.00e+00 
 1.26201123480061e-10   0.00e+00 
 1.26668241574962e-10   0.00e+00 
 1.27135397512102e-10   0.00e+00 
 1.27602591225242e-10   0.00e+00 
 1.28069822648526e-10   0.00e+00 
 1.28537091716476e-10   0.00e+00 
 1.29004398363988e-10   0.00e+00 
 1.29471742526327e-10   0.00e+00 
 1.29939124139124e-10   0.00e+00 
 1.30406543138372e-10   0.00e+00 
 1.30873999460420e-10   0.00e+00 
 1.31341493041972e-10   0.00e+00 
 1.31809023820078e-10   0.00e+00 
 1.32276591732137e-10   0.00e+00 
 1.32744196715886e-10   0.00e+00 
 1.33211838709403e-10   0.00e+00 
 1.33679517651096e-10   0.00e+00 
 1.34147233479706e-10   0.00e+00 
 1.34614986134298e-10   0.00e+00 
 1.35082775554263e-10   0.00e+00 
 1.35550601679307e-10   0.00e+00 
 1.36018464449454e-10   0.00e+00 
 1.36486363805041e-10   0.00e+00 
 1.36954299686711e-10   0.00e+00 
 1.37422272035415e-10   0.00e+00 
 1.37890280792404e-10   0.00e+00 
 1.38358325899229e-10   0.00e+00 
 1.38826407297735e-10   0.00e+00 
 1.39294524930061e-10   0.00e+00 
 1.39762678738634e-10   0.00e+00 
 1.40230868666167e-10   0.00e+00 
 1.40699094655655e-10   0.00e+00 
 1.41167356650374e-10   0.00e+00 
 1.41635654593877e-10   0.00e+00 
 1.42103988429990e-10   0.00e+00 
 1.42572358102810e-10   0.00e+00 
 1.43040763556703e-10   0.00e+00 
 1.43509204736299e-10   0.00e+00 
 1.43977681586491e-10   0.00e+00 
 1.44446194052432e-10   0.00e+00 
 1.44914742079531e-10   0.00e+00 
 1.45383325613452e-10   0.00e+00 
 1.45851944600111e-10   0.00e+00 
 1.46320598985672e-10   0.00e+00 
 1.46789288716545e-10   0.00e+00 
 1.47258013739386e-10   0.00e+00 
 1.47726774001091e-10   0.00e+00 
 1.48195569448795e-10   0.00e+00 
 1.48664400029868e-10   0.00e+00 
 1.49133265691917e-10   0.00e+00 
 1.49602166382778e-10   0.00e+00 
 1.50071102050518e-10   0.00e+00 
 1.50540072643430e-10   0.00e+00 
 1.51009078110033e-10   0.00e+00 
 1.51478118399067e-10   0.00e+00 
 1.51947193459493e-10   0.00e+00 
 1.52416303240490e-10   0.00e+00 
 1.52885447691452e-10   0.00e+00 
 1.53354626761988e-10   0.00e+00 
 1.53823840401919e-10   0.00e+00 
 1.54293088561274e-10   0.00e+00 
 1.54762371190291e-10   0.00e+00 
 1.55231688239413e-10   0.00e+00 
 1.55701039659285e-10   0.00e+00 
 1.56170425400757e-10   0.00e+00 
 1.56639845414875e-10   0.00e+00 
 1.57109299652886e-10   0.00e+00 
 1.57578788066229e-10   0.00e+00 
 1.58048310606541e-10   0.00e+00 
 1.58517867225649e-10   0.00e+00 
 1.58987457875570e-10   0.00e+00 
 1.59457082508510e-10   0.00e+00 
 1.59926741076863e-10   0.00e+00 
 1.60396433533206e-10   0.00e+00 
 1.60866159830300e-10   0.00e+00 
 1.61335919921089e-10   0.00e+00 
 1.61805713758695e-10   0.00e+00 
 1.62275541296419e-10   0.00e+00 
 1.62745402487739e-10   0.00e+00 
 1.63215297286308e-10   0.00e+00 
 1.63685225645952e-10   0.00e+00 
 1.64155187520669e-10   0.00e+00 
 1.64625182864627e-10   0.00e+00 
 1.65095211632165e-10   0.00e+00 
 1.65565273777787e-10   0.00e+00 
 1.66035369256164e-10   0.00e+00 
 1.66505498022129e-10   0.00e+00 
 1.66975660030682e-10   0.00e+00 
 1.67445855236982e-10   0.00e+00 
 1.67916083596348e-10   0.00e+00 
 1.68386345064258e-10   0.00e+00 
 1.68856639596349e-10   0.00e+00 
 1.69326967148412e-10   0.00e+00 
 1.69797327676393e-10   0.00e+00 
 1.70267721136392e-10   0.00e+00 
 1.70738147484660e-10   0.00e+00 
 1.71208606677600e-10   0.00e+00 
 1.71679098671765e-10   0.00e+00 
 1.72149623423854e-10   0.00e+00 
 1.72620180890714e-10   0.00e+00 
 1.73090771029340e-10   0.00e+00 
 1.73561393796867e-10   0.00e+00 
 1.74032049150579e-10   0.00e+00 
 1.74502737047897e-10   0.00e+00 
 1.74973457446387e-10   0.00e+00 
 1.75444210303752e-10   0.00e+00 
 1.75914995577837e-10   0.00e+00 
 1.76385813226622e-10   0.00e+00 
 1.76856663208224e-10   0.00e+00 
 1.77327545480897e-10   0.00e+00 
 1.77798460003029e-10   0.00e+00 
 1.78269406733140e-10   0.00e+00 
 1.78740385629884e-10   0.00e+00 
 1.79211396652045e-10   0.00e+00 
 1.79682439758539e-10   0.00e+00 
 1.80153514908410e-10   0.00e+00 
 1.80624622060830e-10   0.00e+00 
 1.81095761175099e-10   0.00e+00 
 1.81566932210645e-10   0.00e+00 
 1.82038135127019e-10   0.00e+00 
 1.82509369883896e-10   0.00e+00 
 1.82980636441078e-10   0.00e+00 
 1.83451934758487e-10   0.00e+00 
 1.83923264796167e-10   0.00e+00 
 1.84394626514282e-10   0.00e+00 
 1.84866019873119e-10   0.00e+00 
 1.85337444833082e-10   0.00e+00 
 1.85808901354692e-10   0.00e+00 
 1.86280389398590e-10   0.00e+00 
 1.86751908925533e-10   0.00e+00 
 1.87223459896391e-10   0.00e+00 
 1.87695042272152e-10   0.00e+00 
 1.88166656013918e-10   0.00e+00 
 1.88638301082901e-10   0.00e+00 
 1.89109977440430e-10   0.00e+00 
 1.89581685047943e-10   0.00e+00 
 1.90053423866988e-10   0.00e+00 
 1.90525193859226e-10   0.00e+00 
 1.90996994986425e-10   0.00e+00 
 1.91468827210464e-10   0.00e+00 
 1.91940690493328e-10   0.00e+00 
 1.92412584797109e-10   0.00e+00 
 1.92884510084007e-10   0.00e+00 
 1.93356466316328e-10   0.00e+00 
 1.93828453456481e-10   0.00e+00 
 1.94300471466980e-10   0.00e+00 
 1.94772520310446e-10   0.00e+00 
 1.95244599949598e-10   0.00e+00 
 1.95716710347260e-10   0.00e+00 
 1.96188851466358e-10   0.00e+00 
 1.96661023269919e-10   0.00e+00 
 1.97133225721070e-10   0.00e+00 
 1.97605458783036e-10   0.00e+00 
 1.98077722419145e-10   0.00e+00 
 1.98550016592821e-10   0.00e+00 
 1.99022341267585e-10   0.00e+00 
 1.99494696407058e-10   0.00e+00 
 1.99967081974957e-10   0.00e+00 
 2.00439497935094e-10   0.00e+00 
 2.00911944251376e-10   0.00e+00 
 2.01384420887807e-10   0.00e+00 
 2.01856927808484e-10   0.00e+00 
 2.02329464977600e-10   0.00e+00 
 2.02802032359437e-10   0.00e+00 
 2.03274629918374e-10   0.00e+00 
 2.03747257618880e-10   0.00e+00 
 2.04219915425516e-10   0.00e+00 
 2.04692603302934e-10   0.00e+00 
 2.05165321215877e-10   0.00e+00 
 2.05638069129177e-10   0.00e+00 
 2.06110847007758e-10   0.00e+00 
 2.06583654816629e-10   0.00e+00 
 2.07056492520892e-10   0.00e+00 
 2.07529360085734e-10   0.00e+00 
 2.08002257476429e-10   0.00e+00 
 2.08475184658342e-10   0.00e+00 
 2.08948141596919e-10   0.00e+00 
 2.09421128257698e-10   0.00e+00 
 2.09894144606297e-10   0.00e+00 
 2.10367190608423e-10   0.00e+00 
 2.10840266229866e-10   0.00e+00 
 2.11313371436501e-10   0.00e+00 
 2.11786506194285e-10   0.00e+00 
 2.12259670469262e-10   0.00e+00 
 2.12732864227555e-10   0.00e+00 
 2.13206087435371e-10   0.00e+00 
 2.13679340058999e-10   0.00e+00 
 2.14152622064810e-10   0.00e+00 
 2.14625933419256e-10   0.00e+00 
 2.15099274088868e-10   0.00e+00 
 2.15572644040260e-10   0.00e+00 
 2.16046043240124e-10   0.00e+00 
 2.16519471655232e-10   0.00e+00 
 2.16992929252435e-10   0.00e+00 
 2.17466415998664e-10   0.00e+00 
 2.17939931860927e-10   0.00e+00 
 2.18413476806309e-10   0.00e+00 
 2.18887050801974e-10   0.00e+00 
 2.19360653815163e-10   0.00e+00 
 2.19834285813194e-10   0.00e+00 
 2.20307946763460e-10   0.00e+00 
 2.20781636633432e-10   0.00e+00 
 2.21255355390655e-10   0.00e+00 
 2.21729103002750e-10   0.00e+00 
 2.22202879437413e-10   0.00e+00 
 2.22676684662414e-10   0.00e+00 
 2.23150518645598e-10   0.00e+00 
 2.23624381354883e-10   0.00e+00 
 2.24098272758261e-10   0.00e+00 
 2.24572192823799e-10   0.00e+00 
 2.25046141519633e-10   0.00e+00 
 2.25520118813974e-10   0.00e+00 
 2.25994124675106e-10   0.00e+00 
 2.26468159071382e-10   0.00e+00 
 2.26942221971229e-10   0.00e+00 
 2.27416313343145e-10   0.00e+00 
 2.27890433155697e-10   0.00e+00 
 2.28364581377525e-10   0.00e+00 
 2.28838757977337e-10   0.00e+00 
 2.29312962923913e-10   0.00e+00 
 2.29787196186101e-10   0.00e+00 
 2.30261457732820e-10   0.00e+00 
 2.30735747533056e-10   0.00e+00 
 2.31210065555866e-10   0.00e+00 
 2.31684411770372e-10   0.00e+00 
 2.32158786145769e-10   0.00e+00 
 2.32633188651316e-10   0.00e+00 
 2.33107619256341e-10   0.00e+00 
 2.33582077930239e-10   0.00e+00 
 2.34056564642472e-10   0.00e+00 
 2.34531079362569e-10   0.00e+00 
 2.35005622060126e-10   0.00e+00 
 2.35480192704803e-10   0.00e+00 
 2.35954791266329e-10   0.00e+00 
 2.36429417714495e-10   0.00e+00 
 2.36904072019161e-10   0.00e+00 
 2.37378754150249e-10   0.00e+00 
 2.37853464077749e-10   0.00e+00 
 2.38328201771713e-10   0.00e+00 
 2.38802967202257e-10   0.00e+00 
 2.39277760339564e-10   0.00e+00 
 2.39752581153877e-10   0.00e+00 
 2.40227429615507e-10   0.00e+00 
 2.40702305694824e-10   0.00e+00 
 2.41177209362262e-10   0.00e+00 
 2.41652140588321e-10   0.00e+00 
 2.42127099343560e-10   0.00e+00 
 2.42602085598602e-10   0.00e+00 
 2.43077099324131e-10   0.00e+00 
 2.43552140490894e-10   0.00e+00 
 2.44027209069698e-10   0.00e+00 
 2.44502305031413e-10   0.00e+00 
 2.44977428346971e-10   0.00e+00 
 2.45452578987361e-10   0.00e+00 
 2.45927756923636e-10   0.00e+00 
 2.46402962126910e-10   0.00e+00 
 2.46878194568354e-10   0.00e+00 
 2.47353454219202e-10   0.00e+00 
 2.47828741050745e-10   0.00e+00 
 2.48304055034337e-10   0.00e+00 
 2.48779396141389e-10   0.00e+00 
 2.49254764343371e-10   0.00e+00 
 2.49730159611813e-10   0.00e+00 
 2.50205581918304e-10   0.00e+00 
 2.50681031234489e-10   0.00e+00 
 2.51156507532074e-10   0.00e+00 
 2.51632010782823e-10   0.00e+00 
 2.52107540958555e-10   0.00e+00 
 2.52583098031151e-10   0.00e+00 
 2.53058681972545e-10   0.00e+00 
 2.53534292754732e-10   0.00e+00 
 2.54009930349761e-10   0.00e+00 
 2.54485594729740e-10   0.00e+00 
 2.54961285866833e-10   0.00e+00 
 2.55437003733261e-10   0.00e+00 
 2.55912748301300e-10   0.00e+00 
 2.56388519543282e-10   0.00e+00 
 2.56864317431597e-10   0.00e+00 
 2.57340141938689e-10   0.00e+00 
 2.57815993037057e-10   0.00e+00 
 2.58291870699258e-10   0.00e+00 
 2.58767774897900e-10   0.00e+00 
 2.59243705605651e-10   0.00e+00 
 2.59719662795229e-10   0.00e+00 
 2.60195646439409e-10   0.00e+00 
 2.60671656511021e-10   0.00e+00 
 2.61147692982947e-10   0.00e+00 
 2.61623755828126e-10   0.00e+00 
 2.62099845019547e-10   0.00e+00 
 2.62575960530257e-10   0.00e+00 
 2.63052102333353e-10   0.00e+00 
 2.63528270401987e-10   0.00e+00 
 2.64004464709365e-10   0.00e+00 
 2.64480685228743e-10   0.00e+00 
 2.64956931933434e-10   0.00e+00 
 2.65433204796799e-10   0.00e+00 
 2.65909503792256e-10   0.00e+00 
 2.66385828893272e-10   0.00e+00 
 2.66862180073368e-10   0.00e+00 
 2.67338557306116e-10   0.00e+00 
 2.67814960565140e-10   0.00e+00 
 2.68291389824117e-10   0.00e+00 
 2.68767845056773e-10   0.00e+00 
 2.69244326236887e-10   0.00e+00 
 2.69720833338290e-10   0.00e+00 
 2.70197366334862e-10   0.00e+00 
 2.70673925200535e-10   0.00e+00 
 2.71150509909292e-10   0.00e+00 
 2.71627120435165e-10   0.00e+00 
 2.72103756752238e-10   0.00e+00 
 2.72580418834645e-10   0.00e+00 
 2.73057106656570e-10   0.00e+00 
 2.73533820192246e-10   0.00e+00 
 2.74010559415957e-10   0.00e+00 
 2.74487324302036e-10   0.00e+00 
 2.74964114824866e-10   0.00e+00 
 2.75440930958878e-10   0.00e+00 
 2.75917772678554e-10   0.00e+00 
 2.76394639958425e-10   0.00e+00 
 2.76871532773069e-10   0.00e+00 
 2.77348451097113e-10   0.00e+00 
 2.77825394905236e-10   0.00e+00 
 2.78302364172161e-10   0.00e+00 
 2.78779358872662e-10   0.00e+00 
 2.79256378981561e-10   0.00e+00 
 2.79733424473726e-10   0.00e+00 
 2.80210495324076e-10   0.00e+00 
 2.80687591507575e-10   0.00e+00 
 2.81164712999237e-10   0.00e+00 
 2.81641859774121e-10   0.00e+00 
 2.82119031807335e-10   0.00e+00 
 2.82596229074034e-10   0.00e+00 
 2.83073451549420e-10   0.00e+00 
 2.83550699208741e-10   0.00e+00 
 2.84027972027293e-10   0.00e+00 
 2.84505269980419e-10   0.00e+00 
 2.84982593043508e-10   0.00e+00 
 2.85459941191993e-10   0.00e+00 
 2.85937314401358e-10   0.00e+00 
 2.86414712647130e-10   0.00e+00 
 2.86892135904881e-10   0.00e+00 
 2.87369584150233e-10   0.00e+00 
 2.87847057358849e-10   0.00e+00 
 2.88324555506442e-10   0.00e+00 
 2.88802078568766e-10   0.00e+00 
 2.89279626521625e-10   0.00e+00 
 2.89757199340864e-10   0.00e+00 
 2.90234797002377e-10   0.00e+00 
 2.90712419482100e-10   0.00e+00 
 2.91190066756014e-10   0.00e+00 
 2.91667738800148e-10   0.00e+00 
 2.92145435590571e-10   0.00e+00 
 2.92623157103401e-10   0.00e+00 
 2.93100903314796e-10   0.00e+00 
 2.93578674200962e-10   0.00e+00 
 2.94056469738146e-10   0.00e+00 
 2.94534289902642e-10   0.00e+00 
 2.95012134670785e-10   0.00e+00 
 2.95490004018957e-10   0.00e+00 
 2.95967897923580e-10   0.00e+00 
 2.96445816361123e-10   0.00e+00 
 2.96923759308095e-10   0.00e+00 
 2.97401726741052e-10   0.00e+00 
 2.97879718636589e-10   0.00e+00 
 2.98357734971349e-10   0.00e+00 
 2.98835775722012e-10   0.00e+00 
 2.99313840865307e-10   0.00e+00 
 2.99791930378002e-10   0.00e+00 
 3.00270044236907e-10   0.00e+00 
 3.00748182418878e-10   0.00e+00 
 3.01226344900809e-10   0.00e+00 
 3.01704531659641e-10   0.00e+00 
 3.02182742672352e-10   0.00e+00 
 3.02660977915967e-10   0.00e+00 
 3.03139237367550e-10   0.00e+00 
 3.03617521004206e-10   0.00e+00 
 3.04095828803085e-10   0.00e+00 
 3.04574160741376e-10   0.00e+00 
 3.05052516796311e-10   0.00e+00 
 3.05530896945161e-10   0.00e+00 
 3.06009301165242e-10   0.00e+00 
 3.06487729433907e-10   0.00e+00 
 3.06966181728553e-10   0.00e+00 
 3.07444658026618e-10   0.00e+00 
 3.07923158305578e-10   0.00e+00 
 3.08401682542953e-10   0.00e+00 
 3.08880230716302e-10   0.00e+00 
 3.09358802803225e-10   0.00e+00 
 3.09837398781361e-10   0.00e+00 
 3.10316018628392e-10   0.00e+00 
 3.10794662322038e-10   0.00e+00 
 3.11273329840061e-10   0.00e+00 
 3.11752021160260e-10   0.00e+00 
 3.12230736260477e-10   0.00e+00 
 3.12709475118592e-10   0.00e+00 
 3.13188237712525e-10   0.00e+00 
 3.13667024020237e-10   0.00e+00 
 3.14145834019727e-10   0.00e+00 
 3.14624667689033e-10   0.00e+00 
 3.15103525006233e-10   0.00e+00 
 3.15582405949445e-10   0.00e+00 
 3.16061310496825e-10   0.00e+00 
 3.16540238626568e-10   0.00e+00 
 3.17019190316909e-10   0.00e+00 
 3.17498165546121e-10   0.00e+00 
 3.17977164292514e-10   0.00e+00 
 3.18456186534441e-10   0.00e+00 
 3.18935232250289e-10   0.00e+00 
 3.19414301418485e-10   0.00e+00 
 3.19893394017496e-10   0.00e+00 
 3.20372510025825e-10   0.00e+00 
 3.20851649422014e-10   0.00e+00 
 3.21330812184642e-10   0.00e+00 
 3.21809998292328e-10   0.00e+00 
 3.22289207723727e-10   0.00e+00 
 3.22768440457534e-10   0.00e+00 
 3.23247696472478e-10   0.00e+00 
 3.23726975747328e-10   0.00e+00 
 3.24206278260891e-10   0.00e+00 
 3.24685603992010e-10   0.00e+00 
 3.25164952919565e-10   0.00e+00 
 3.25644325022475e-10   0.00e+00 
 3.26123720279695e-10   0.00e+00 
 3.26603138670216e-10   0.00e+00 
 3.27082580173068e-10   0.00e+00 
 3.27562044767316e-10   0.00e+00 
 3.28041532432063e-10   0.00e+00 
 3.28521043146447e-10   0.00e+00 
 3.29000576889645e-10   0.00e+00 
 3.29480133640869e-10   0.00e+00 
 3.29959713379366e-10   0.00e+00 
 3.30439316084422e-10   0.00e+00 
 3.30918941735358e-10   0.00e+00 
 3.31398590311531e-10   0.00e+00 
 3.31878261792333e-10   0.00e+00 
 3.32357956157194e-10   0.00e+00 
 3.32837673385578e-10   0.00e+00 
 3.33317413456987e-10   0.00e+00 
 3.33797176350956e-10   0.00e+00 
 3.34276962047058e-10   0.00e+00 
 3.34756770524899e-10   0.00e+00 
 3.35236601764122e-10   0.00e+00 
 3.35716455744406e-10   0.00e+00 
 3.36196332445464e-10   0.00e+00 
 3.36676231847044e-10   0.00e+00 
 3.37156153928930e-10   0.00e+00 
 3.37636098670940e-10   0.00e+00 
 3.38116066052928e-10   0.00e+00 
 3.38596056054782e-10   0.00e+00 
 3.39076068656425e-10   0.00e+00 
 3.39556103837816e-10   0.00e+00 
 3.40036161578945e-10   0.00e+00 
 3.40516241859841e-10   0.00e+00 
 3.40996344660563e-10   0.00e+00 
 3.41476469961209e-10   0.00e+00 
 3.41956617741907e-10   0.00e+00 
 3.42436787982821e-10   0.00e+00 
 3.42916980664150e-10   0.00e+00 
 3.43397195766126e-10   0.00e+00 
 3.43877433269015e-10   0.00e+00 
 3.44357693153116e-10   0.00e+00 
 3.44837975398764e-10   0.00e+00 
 3.45318279986326e-10   0.00e+00 
 3.45798606896203e-10   0.00e+00 
 3.46278956108830e-10   0.00e+00 
 3.46759327604674e-10   0.00e+00 
 3.47239721364238e-10   0.00e+00 
 3.47720137368056e-10   0.00e+00 
 3.48200575596696e-10   0.00e+00 
 3.48681036030759e-10   0.00e+00 
 3.49161518650880e-10   0.00e+00 
 3.49642023437727e-10   0.00e+00 
 3.50122550371999e-10   0.00e+00 
 3.50603099434430e-10   0.00e+00 
 3.51083670605786e-10   0.00e+00 
 3.51564263866867e-10   0.00e+00 
 3.52044879198502e-10   0.00e+00 
 3.52525516581558e-10   0.00e+00 
 3.53006175996929e-10   0.00e+00 
 3.53486857425546e-10   0.00e+00 
 3.53967560848369e-10   0.00e+00 
 3.54448286246394e-10   0.00e+00 
 3.54929033600645e-10   0.00e+00 
 3.55409802892181e-10   0.00e+00 
 3.55890594102092e-10   0.00e+00 
 3.56371407211502e-10   0.00e+00 
 3.56852242201563e-10   0.00e+00 
 3.57333099053463e-10   0.00e+00 
 3.57813977748420e-10   0.00e+00 
 3.58294878267684e-10   0.00e+00 
 3.58775800592537e-10   0.00e+00 
 3.59256744704291e-10   0.00e+00 
 3.59737710584291e-10   0.00e+00 
 3.60218698213915e-10   0.00e+00 
 3.60699707574570e-10   0.00e+00 
 3.61180738647695e-10   0.00e+00 
 3.61661791414762e-10   0.00e+00 
 3.62142865857271e-10   0.00e+00 
 3.62623961956756e-10   0.00e+00 
 3.63105079694782e-10   0.00e+00 
 3.63586219052943e-10   0.00e+00 
 3.64067380012866e-10   0.00e+00 
 3.64548562556209e-10   0.00e+00 
 3.65029766664659e-10   0.00e+00 
 3.65510992319936e-10   0.00e+00 
 3.65992239503790e-10   0.00e+00 
 3.66473508198001e-10   0.00e+00 
 3.66954798384381e-10   0.00e+00 
 3.67436110044771e-10   0.00e+00 
 3.67917443161043e-10   0.00e+00 
 3.68398797715102e-10   0.00e+00 
 3.68880173688880e-10   0.00e+00 
 3.69361571064341e-10   0.00e+00 
 3.69842989823478e-10   0.00e+00 
 3.70324429948317e-10   0.00e+00 
 3.70805891420912e-10   0.00e+00 
 3.71287374223348e-10   0.00e+00 
 3.71768878337740e-10   0.00e+00 
 3.72250403746231e-10   0.00e+00 
 3.72731950430999e-10   0.00e+00 
 3.73213518374246e-10   0.00e+00 
 3.73695107558208e-10   0.00e+00 
 3.74176717965150e-10   0.00e+00 
 3.74658349577366e-10   0.00e+00 
 3.75140002377179e-10   0.00e+00 
 3.75621676346944e-10   0.00e+00 
 3.76103371469045e-10   0.00e+00 
 3.76585087725894e-10   0.00e+00 
 3.77066825099933e-10   0.00e+00 
 3.77548583573635e-10   0.00e+00 
 3.78030363129501e-10   0.00e+00 
 3.78512163750061e-10   0.00e+00 
 3.78993985417877e-10   0.00e+00 
 3.79475828115538e-10   0.00e+00 
 3.79957691825661e-10   0.00e+00 
 3.80439576530895e-10   0.00e+00 
 3.80921482213918e-10   0.00e+00 
 3.81403408857434e-10   0.00e+00 
 3.81885356444179e-10   0.00e+00 
 3.82367324956918e-10   0.00e+00 
 3.82849314378442e-10   0.00e+00 
 3.83331324691575e-10   0.00e+00 
 3.83813355879167e-10   0.00e+00 
 3.84295407924097e-10   0.00e+00 
 3.84777480809274e-10   0.00e+00 
 3.85259574517635e-10   0.00e+00 
 3.85741689032146e-10   0.00e+00 
 3.86223824335801e-10   0.00e+00 
 3.86705980411623e-10   0.00e+00 
 3.87188157242664e-10   0.00e+00 
 3.87670354812002e-10   0.00e+00 
 3.88152573102748e-10   0.00e+00 
 3.88634812098037e-10   0.00e+00 
 3.89117071781036e-10   0.00e+00 
 3.89599352134936e-10   0.00e+00 
 3.90081653142961e-10   0.00e+00 
 3.90563974788359e-10   0.00e+00 
 3.91046317054410e-10   0.00e+00 
 3.91528679924419e-10   0.00e+00 
 3.92011063381721e-10   0.00e+00 
 3.92493467409678e-10   0.00e+00 
 3.92975891991681e-10   0.00e+00 
 3.93458337111148e-10   0.00e+00 
 3.93940802751526e-10   0.00e+00 
 3.94423288896289e-10   0.00e+00 
 3.94905795528938e-10   0.00e+00 
 3.95388322633004e-10   0.00e+00 
 3.95870870192044e-10   0.00e+00 
 3.96353438189644e-10   0.00e+00 
 3.96836026609417e-10   0.00e+00 
 3.97318635435002e-10   0.00e+00 
 3.97801264650070e-10   0.00e+00 
 3.98283914238315e-10   0.00e+00 
 3.98766584183461e-10   0.00e+00 
 3.99249274469258e-10   0.00e+00 
 3.99731985079485e-10   0.00e+00 
 4.00214715997948e-10   0.00e+00 
 4.00697467208479e-10   0.00e+00 
 4.01180238694939e-10   0.00e+00 
 4.01663030441215e-10   0.00e+00 
 4.02145842431222e-10   0.00e+00 
 4.02628674648902e-10   0.00e+00 
 4.03111527078225e-10   0.00e+00 
 4.03594399703186e-10   0.00e+00 
 4.04077292507809e-10   0.00e+00 
 4.04560205476144e-10   0.00e+00 
 4.05043138592269e-10   0.00e+00 
 4.05526091840288e-10   0.00e+00 
 4.06009065204332e-10   0.00e+00 
 4.06492058668559e-10   0.00e+00 
 4.06975072217155e-10   0.00e+00 
 4.07458105834331e-10   0.00e+00 
 4.07941159504325e-10   0.00e+00 
 4.08424233211403e-10   0.00e+00 
 4.08907326939857e-10   0.00e+00 
 4.09390440674005e-10   0.00e+00 
 4.09873574398193e-10   0.00e+00 
 4.10356728096792e-10   0.00e+00 
 4.10839901754201e-10   0.00e+00 
 4.11323095354844e-10   0.00e+00 
 4.11806308883173e-10   0.00e+00 
 4.12289542323665e-10   0.00e+00 
 4.12772795660824e-10   0.00e+00 
 4.13256068879181e-10   0.00e+00 
 4.13739361963293e-10   0.00e+00 
 4.14222674897741e-10   0.00e+00 
 4.14706007667136e-10   0.00e+00 
 4.15189360256113e-10   0.00e+00 
 4.15672732649334e-10   0.00e+00 
 4.16156124831485e-10   0.00e+00 
 4.16639536787281e-10   0.00e+00 
 4.17122968501461e-10   0.00e+00 
 4.17606419958791e-10   0.00e+00 
 4.18089891144063e-10   0.00e+00 
 4.18573382042094e-10   0.00e+00 
 4.19056892637728e-10   0.00e+00 
 4.19540422915834e-10   0.00e+00 
 4.20023972861308e-10   0.00e+00 
 4.20507542459069e-10   0.00e+00 
 4.20991131694066e-10   0.00e+00 
 4.21474740551270e-10   0.00e+00 
 4.21958369015679e-10   0.00e+00 
 4.22442017072317e-10   0.00e+00 
 4.22925684706233e-10   0.00e+00 
 4.23409371902502e-10   0.00e+00 
 4.23893078646224e-10   0.00e+00 
 4.24376804922525e-10   0.00e+00 
 4.24860550716557e-10   0.00e+00 
 4.25344316013495e-10   0.00e+00 
 4.25828100798542e-10   0.00e+00 
 4.26311905056925e-10   0.00e+00 
 4.26795728773897e-10   0.00e+00 
 4.27279571934735e-10   0.00e+00 
 4.27763434524743e-10   0.00e+00 
 4.28247316529249e-10   0.00e+00 
 4.28731217933606e-10   0.00e+00 
 4.29215138723194e-10   0.00e+00 
 4.29699078883414e-10   0.00e+00 
 4.30183038399697e-10   0.00e+00 
 4.30667017257496e-10   0.00e+00 
 4.31151015442289e-10   0.00e+00 
 4.31635032939580e-10   0.00e+00 
 4.32119069734898e-10   0.00e+00 
 4.32603125813795e-10   0.00e+00 
 4.33087201161850e-10   0.00e+00 
 4.33571295764666e-10   0.00e+00 
 4.34055409607870e-10   0.00e+00 
 4.34539542677116e-10   0.00e+00 
 4.35023694958079e-10   0.00e+00 
 4.35507866436463e-10   0.00e+00 
 4.35992057097992e-10   0.00e+00 
 4.36476266928419e-10   0.00e+00 
 4.36960495913518e-10   0.00e+00 
 4.37444744039090e-10   0.00e+00 
 4.37929011290960e-10   0.00e+00 
 4.38413297654975e-10   0.00e+00 
 4.38897603117010e-10   0.00e+00 
 4.39381927662962e-10   0.00e+00 
 4.39866271278754e-10   0.00e+00 
 4.40350633950332e-10   0.00e+00 
 4.40835015663666e-10   0.00e+00 
 4.41319416404751e-10   0.00e+00 
 4.41803836159607e-10   0.00e+00 
 4.42288274914277e-10   0.00e+00 
 4.42772732654829e-10   0.00e+00 
 4.43257209367353e-10   0.00e+00 
 4.43741705037967e-10   0.00e+00 
 4.44226219652808e-10   0.00e+00 
 4.44710753198042e-10   0.00e+00 
 4.45195305659856e-10   0.00e+00 
 4.45679877024461e-10   0.00e+00 
 4.46164467278094e-10   0.00e+00 
 4.46649076407013e-10   0.00e+00 
 4.47133704397503e-10   0.00e+00 
 4.47618351235870e-10   0.00e+00 
 4.48103016908445e-10   0.00e+00 
 4.48587701401583e-10   0.00e+00 
 4.49072404701662e-10   0.00e+00 
 4.49557126795086e-10   0.00e+00 
 4.50041867668278e-10   0.00e+00 
 4.50526627307690e-10   0.00e+00 
 4.51011405699795e-10   0.00e+00 
 4.51496202831088e-10   0.00e+00 
 4.51981018688090e-10   0.00e+00 
 4.52465853257345e-10   0.00e+00 
 4.52950706525419e-10   0.00e+00 
 4.53435578478905e-10   0.00e+00 
 4.53920469104416e-10   0.00e+00 
 4.54405378388589e-10   0.00e+00 
 4.54890306318086e-10   0.00e+00 
 4.55375252879590e-10   0.00e+00 
 4.55860218059809e-10   0.00e+00 
 4.56345201845474e-10   0.00e+00 
 4.56830204223339e-10   0.00e+00 
 4.57315225180181e-10   0.00e+00 
 4.57800264702801e-10   0.00e+00 
 4.58285322778023e-10   0.00e+00 
 4.58770399392692e-10   0.00e+00 
 4.59255494533680e-10   0.00e+00 
 4.59740608187878e-10   0.00e+00 
 4.60225740342204e-10   0.00e+00 
 4.60710890983595e-10   0.00e+00 
 4.61196060099014e-10   0.00e+00 
 4.61681247675446e-10   0.00e+00 
 4.62166453699898e-10   0.00e+00 
 4.62651678159402e-10   0.00e+00 
 4.63136921041011e-10   0.00e+00 
 4.63622182331802e-10   0.00e+00 
 4.64107462018873e-10   0.00e+00 
 4.64592760089346e-10   0.00e+00 
 4.65078076530368e-10   0.00e+00 
 4.65563411329104e-10   0.00e+00 
 4.66048764472746e-10   0.00e+00 
 4.66534135948506e-10   0.00e+00 
 4.67019525743620e-10   0.00e+00 
 4.67504933845345e-10   0.00e+00 
 4.67990360240964e-10   0.00e+00 
 4.68475804917778e-10   0.00e+00 
 4.68961267863113e-10   0.00e+00 
 4.69446749064319e-10   0.00e+00 
 4.69932248508765e-10   0.00e+00 
 4.70417766183845e-10   0.00e+00 
 4.70903302076974e-10   0.00e+00 
 4.71388856175590e-10   0.00e+00 
 4.71874428467154e-10   0.00e+00 
 4.72360018939148e-10   0.00e+00 
 4.72845627579078e-10   0.00e+00 
 4.73331254374470e-10   0.00e+00 
 4.73816899312873e-10   0.00e+00 
 4.74302562381860e-10   0.00e+00 
 4.74788243569023e-10   0.00e+00 
 4.75273942861980e-10   0.00e+00 
 4.75759660248368e-10   0.00e+00 
 4.76245395715847e-10   0.00e+00 
 4.76731149252099e-10   0.00e+00 
 4.77216920844829e-10   0.00e+00 
 4.77702710481762e-10   0.00e+00 
 4.78188518150647e-10   0.00e+00 
 4.78674343839255e-10   0.00e+00 
 4.79160187535376e-10   0.00e+00 
 4.79646049226825e-10   0.00e+00 
 4.80131928901437e-10   0.00e+00 
 4.80617826547071e-10   0.00e+00 
 4.81103742151606e-10   0.00e+00 
 4.81589675702942e-10   0.00e+00 
 4.82075627189003e-10   0.00e+00 
 4.82561596597732e-10   0.00e+00 
 4.83047583917097e-10   0.00e+00 
 4.83533589135085e-10   0.00e+00 
 4.84019612239705e-10   0.00e+00 
 4.84505653218989e-10   0.00e+00 
 4.84991712060989e-10   0.00e+00 
 4.85477788753779e-10   0.00e+00 
 4.85963883285455e-10   0.00e+00 
 4.86449995644133e-10   0.00e+00 
 4.86936125817953e-10   0.00e+00 
 4.87422273795075e-10   0.00e+00 
 4.87908439563678e-10   0.00e+00 
 4.88394623111966e-10   0.00e+00 
 4.88880824428163e-10   0.00e+00 
 4.89367043500514e-10   0.00e+00 
 4.89853280317284e-10   0.00e+00 
 4.90339534866763e-10   0.00e+00 
 4.90825807137257e-10   0.00e+00 
 4.91312097117098e-10   0.00e+00 
 4.91798404794637e-10   0.00e+00 
 4.92284730158244e-10   0.00e+00 
 4.92771073196314e-10   0.00e+00 
 4.93257433897260e-10   0.00e+00 
 4.93743812249518e-10   0.00e+00 
 4.94230208241543e-10   0.00e+00 
 4.94716621861813e-10   0.00e+00 
 4.95203053098825e-10   0.00e+00 
 4.95689501941098e-10   0.00e+00 
 4.96175968377172e-10   0.00e+00 
 4.96662452395607e-10   0.00e+00 
 4.97148953984983e-10   0.00e+00 
 4.97635473133904e-10   0.00e+00 
 4.98122009830990e-10   0.00e+00 
 4.98608564064886e-10   0.00e+00 
 4.99095135824255e-10   0.00e+00 
 4.99581725097782e-10   0.00e+00 
 5.00068331874170e-10   0.00e+00 
 5.00554956142146e-10   0.00e+00 
 5.01041597890456e-10   0.00e+00 
 5.01528257107865e-10   0.00e+00 
 5.02014933783161e-10   0.00e+00 
 5.02501627905151e-10   0.00e+00 
 5.02988339462662e-10   0.00e+00 
 5.03475068444542e-10   0.00e+00 
 5.03961814839659e-10   0.00e+00 
 5.04448578636902e-10   0.00e+00 
 5.04935359825179e-10   0.00e+00 
 5.05422158393419e-10   0.00e+00 
 5.05908974330571e-10   0.00e+00 
 5.06395807625603e-10   0.00e+00 
 5.06882658267505e-10   0.00e+00 
 5.07369526245286e-10   0.00e+00 
 5.07856411547975e-10   0.00e+00 
 5.08343314164621e-10   0.00e+00 
 5.08830234084293e-10   0.00e+00 
 5.09317171296081e-10   0.00e+00 
 5.09804125789093e-10   0.00e+00 
 5.10291097552457e-10   0.00e+00 
 5.10778086575322e-10   0.00e+00 
 5.11265092846857e-10   0.00e+00 
 5.11752116356248e-10   0.00e+00 
 5.12239157092705e-10   0.00e+00 
 5.12726215045454e-10   0.00e+00 
 5.13213290203742e-10   0.00e+00 
 5.13700382556835e-10   0.00e+00 
 5.14187492094019e-10   0.00e+00 
 5.14674618804601e-10   0.00e+00 
 5.15161762677905e-10   0.00e+00 
 5.15648923703275e-10   0.00e+00 
 5.16136101870076e-10   0.00e+00 
 5.16623297167690e-10   0.00e+00 
 5.17110509585521e-10   0.00e+00 
 5.17597739112989e-10   0.00e+00 
 5.18084985739536e-10   0.00e+00 
 5.18572249454623e-10   0.00e+00 
 5.19059530247729e-10   0.00e+00 
 5.19546828108353e-10   0.00e+00 
 5.20034143026011e-10   0.00e+00 
 5.20521474990242e-10   0.00e+00 
 5.21008823990601e-10   0.00e+00 
 5.21496190016663e-10   0.00e+00 
 5.21983573058022e-10   0.00e+00 
 5.22470973104291e-10   0.00e+00 
 5.22958390145101e-10   0.00e+00 
 5.23445824170103e-10   0.00e+00 
 5.23933275168966e-10   0.00e+00 
 5.24420743131379e-10   0.00e+00 
 5.24908228047048e-10   0.00e+00 
 5.25395729905698e-10   0.00e+00 
 5.25883248697075e-10   0.00e+00 
 5.26370784410941e-10   0.00e+00 
 5.26858337037078e-10   0.00e+00 
 5.27345906565284e-10   0.00e+00 
 5.27833492985381e-10   0.00e+00 
 5.28321096287203e-10   0.00e+00 
 5.28808716460607e-10   0.00e+00 
 5.29296353495467e-10   0.00e+00 
 5.29784007381674e-10   0.00e+00 
 5.30271678109140e-10   0.00e+00 
 5.30759365667793e-10   0.00e+00 
 5.31247070047582e-10   0.00e+00 
 5.31734791238470e-10   0.00e+00 
 5.32222529230441e-10   0.00e+00 
 5.32710284013498e-10   0.00e+00 
 5.33198055577660e-10   0.00e+00 
 5.33685843912965e-10   0.00e+00 
 5.34173649009470e-10   0.00e+00 
 5.34661470857247e-10   0.00e+00 
 5.35149309446389e-10   0.00e+00 
 5.35637164767005e-10   0.00e+00 
 5.36125036809224e-10   0.00e+00 
 5.36612925563191e-10   0.00e+00 
 5.37100831019070e-10   0.00e+00 
 5.37588753167041e-10   0.00e+00 
 5.38076691997303e-10   0.00e+00 
 5.38564647500073e-10   0.00e+00 
 5.39052619665585e-10   0.00e+00 
 5.39540608484091e-10   0.00e+00 
 5.40028613945861e-10   0.00e+00 
 5.40516636041182e-10   0.00e+00 
 5.41004674760357e-10   0.00e+00 
 5.41492730093708e-10   0.00e+00 
 5.41980802031577e-10   0.00e+00 
 5.42468890564318e-10   0.00e+00 
 5.42956995682306e-10   0.00e+00 
 5.43445117375933e-10   0.00e+00 
 5.43933255635608e-10   0.00e+00 
 5.44421410451755e-10   0.00e+00 
 5.44909581814820e-10   0.00e+00 
 5.45397769715261e-10   0.00e+00 
 5.45885974143556e-10   0.00e+00 
 5.46374195090201e-10   0.00e+00 
 5.46862432545706e-10   0.00e+00 
 5.47350686500601e-10   0.00e+00 
 5.47838956945431e-10   0.00e+00 
 5.48327243870758e-10   0.00e+00 
 5.48815547267162e-10   0.00e+00 
 5.49303867125240e-10   0.00e+00 
 5.49792203435605e-10   0.00e+00 
 5.50280556188886e-10   0.00e+00 
 5.50768925375731e-10   0.00e+00 
 5.51257310986803e-10   0.00e+00 
 5.51745713012781e-10   0.00e+00 
 5.52234131444364e-10   0.00e+00 
 5.52722566272263e-10   0.00e+00 
 5.53211017487210e-10   0.00e+00 
 5.53699485079951e-10   0.00e+00 
 5.54187969041249e-10   0.00e+00 
 5.54676469361883e-10   0.00e+00 
 5.55164986032649e-10   0.00e+00 
 5.55653519044360e-10   0.00e+00 
 5.56142068387844e-10   0.00e+00 
 5.56630634053945e-10   0.00e+00 
 5.57119216033526e-10   0.00e+00 
 5.57607814317464e-10   0.00e+00 
 5.58096428896651e-10   0.00e+00 
 5.58585059761999e-10   0.00e+00 
 5.59073706904433e-10   0.00e+00 
 5.59562370314896e-10   0.00e+00 
 5.60051049984344e-10   0.00e+00 
 5.60539745903753e-10   0.00e+00 
 5.61028458064112e-10   0.00e+00 
 5.61517186456427e-10   0.00e+00 
 5.62005931071721e-10   0.00e+00 
 5.62494691901031e-10   0.00e+00 
 5.62983468935410e-10   0.00e+00 
 5.63472262165929e-10   0.00e+00 
 5.63961071583672e-10   0.00e+00 
 5.64449897179740e-10   0.00e+00 
 5.64938738945250e-10   0.00e+00 
 5.65427596871334e-10   0.00e+00 
 5.65916470949140e-10   0.00e+00 
 5.66405361169832e-10   0.00e+00 
 5.66894267524587e-10   0.00e+00 
 5.67383190004602e-10   0.00e+00 
 5.67872128601086e-10   0.00e+00 
 5.68361083305264e-10   0.00e+00 
 5.68850054108376e-10   0.00e+00 
 5.69339041001680e-10   0.00e+00 
 5.69828043976447e-10   0.00e+00 
 5.70317063023963e-10   0.00e+00 
 5.70806098135530e-10   0.00e+00 
 5.71295149302466e-10   0.00e+00 
 5.71784216516104e-10   0.00e+00 
 5.72273299767790e-10   0.00e+00 
 5.72762399048887e-10   0.00e+00 
 5.73251514350774e-10   0.00e+00 
 5.73740645664843e-10   0.00e+00 
 5.74229792982501e-10   0.00e+00 
 5.74718956295172e-10   0.00e+00 
 5.75208135594293e-10   0.00e+00 
 5.75697330871318e-10   0.00e+00 
 5.76186542117713e-10   0.00e+00 
 5.76675769324960e-10   0.00e+00 
 5.77165012484558e-10   0.00e+00 
 5.77654271588017e-10   0.00e+00 
 5.78143546626865e-10   0.00e+00 
 5.78632837592642e-10   0.00e+00 
 5.79122144476905e-10   0.00e+00 
 5.79611467271225e-10   0.00e+00 
 5.80100805967186e-10   0.00e+00 
 5.80590160556388e-10   0.00e+00 
 5.81079531030446e-10   0.00e+00 
 5.81568917380987e-10   0.00e+00 
 5.82058319599656e-10   0.00e+00 
 5.82547737678110e-10   0.00e+00 
 5.83037171608022e-10   0.00e+00 
 5.83526621381076e-10   0.00e+00 
 5.84016086988974e-10   0.00e+00 
 5.84505568423431e-10   0.00e+00 
 5.84995065676176e-10   0.00e+00 
 5.85484578738952e-10   0.00e+00 
 5.85974107603518e-10   0.00e+00 
 5.86463652261644e-10   0.00e+00 
 5.86953212705116e-10   0.00e+00 
 5.87442788925735e-10   0.00e+00 
 5.87932380915314e-10   0.00e+00 
 5.88421988665681e-10   0.00e+00 
 5.88911612168679e-10   0.00e+00 
 5.89401251416162e-10   0.00e+00 
 5.89890906400001e-10   0.00e+00 
 5.90380577112080e-10   0.00e+00 
 5.90870263544296e-10   0.00e+00 
 5.91359965688559e-10   0.00e+00 
 5.91849683536796e-10   0.00e+00 
 5.92339417080945e-10   0.00e+00 
 5.92829166312959e-10   0.00e+00 
 5.93318931224804e-10   0.00e+00 
 5.93808711808460e-10   0.00e+00 
 5.94298508055920e-10   0.00e+00 
 5.94788319959191e-10   0.00e+00 
 5.95278147510295e-10   0.00e+00 
 5.95767990701264e-10   0.00e+00 
 5.96257849524147e-10   0.00e+00 
 5.96747723971004e-10   0.00e+00 
 5.97237614033911e-10   0.00e+00 
 5.97727519704955e-10   0.00e+00 
 5.98217440976238e-10   0.00e+00 
 5.98707377839873e-10   0.00e+00 
 5.99197330287989e-10   0.00e+00 
 5.99687298312727e-10   0.00e+00 
 6.00177281906241e-10   0.00e+00 
 6.00667281060698e-10   0.00e+00 
 6.01157295768280e-10   0.00e+00 
 6.01647326021181e-10   0.00e+00 
 6.02137371811607e-10   0.00e+00 
 6.02627433131777e-10   0.00e+00 
 6.03117509973926e-10   0.00e+00 
 6.03607602330300e-10   0.00e+00 
 6.04097710193156e-10   0.00e+00 
 6.04587833554768e-10   0.00e+00 
 6.05077972407420e-10   0.00e+00 
 6.05568126743410e-10   0.00e+00 
 6.06058296555049e-10   0.00e+00 
 6.06548481834659e-10   0.00e+00 
 6.07038682574578e-10   0.00e+00 
 6.07528898767154e-10   0.00e+00 
 6.08019130404749e-10   0.00e+00 
 6.08509377479738e-10   0.00e+00 
 6.08999639984507e-10   0.00e+00 
 6.09489917911457e-10   0.00e+00 
 6.09980211252999e-10   0.00e+00 
 6.10470520001558e-10   0.00e+00 
 6.10960844149573e-10   0.00e+00 
 6.11451183689492e-10   0.00e+00 
 6.11941538613779e-10   0.00e+00 
 6.12431908914909e-10   0.00e+00 
 6.12922294585368e-10   0.00e+00 
 6.13412695617657e-10   0.00e+00 
 6.13903112004288e-10   0.00e+00 
 6.14393543737785e-10   0.00e+00 
 6.14883990810685e-10   0.00e+00 
 6.15374453215537e-10   0.00e+00 
 6.15864930944902e-10   0.00e+00 
 6.16355423991355e-10   0.00e+00 
 6.16845932347480e-10   0.00e+00 
 6.17336456005876e-10   0.00e+00 
 6.17826994959152e-10   0.00e+00 
 6.18317549199932e-10   0.00e+00 
 6.18808118720848e-10   0.00e+00 
 6.19298703514547e-10   0.00e+00 
 6.19789303573688e-10   0.00e+00 
 6.20279918890941e-10   0.00e+00 
 6.20770549458988e-10   0.00e+00 
 6.21261195270523e-10   0.00e+00 
 6.21751856318253e-10   0.00e+00 
 6.22242532594895e-10   0.00e+00 
 6.22733224093179e-10   0.00e+00 
 6.23223930805846e-10   0.00e+00 
 6.23714652725651e-10   0.00e+00 
 6.24205389845358e-10   0.00e+00 
 6.24696142157745e-10   0.00e+00 
 6.25186909655599e-10   0.00e+00 
 6.25677692331721e-10   0.00e+00 
 6.26168490178923e-10   0.00e+00 
 6.26659303190029e-10   0.00e+00 
 6.27150131357874e-10   0.00e+00 
 6.27640974675304e-10   0.00e+00 
 6.28131833135178e-10   0.00e+00 
 6.28622706730366e-10   0.00e+00 
 6.29113595453748e-10   0.00e+00 
 6.29604499298218e-10   0.00e+00 
 6.30095418256680e-10   0.00e+00 
 6.30586352322049e-10   0.00e+00 
 6.31077301487253e-10   0.00e+00 
 6.31568265745229e-10   0.00e+00 
 6.32059245088927e-10   0.00e+00 
 6.32550239511308e-10   0.00e+00 
 6.33041249005345e-10   0.00e+00 
 6.33532273564020e-10   0.00e+00 
 6.34023313180329e-10   0.00e+00 
 6.34514367847277e-10   0.00e+00 
 6.35005437557881e-10   0.00e+00 
 6.35496522305169e-10   0.00e+00 
 6.35987622082181e-10   0.00e+00 
 6.36478736881966e-10   0.00e+00 
 6.36969866697587e-10   0.00e+00 
 6.37461011522116e-10   0.00e+00 
 6.37952171348635e-10   0.00e+00 
 6.38443346170240e-10   0.00e+00 
 6.38934535980035e-10   0.00e+00 
 6.39425740771138e-10   0.00e+00 
 6.39916960536675e-10   0.00e+00 
 6.40408195269784e-10   0.00e+00 
 6.40899444963614e-10   0.00e+00 
 6.41390709611325e-10   0.00e+00 
 6.41881989206088e-10   0.00e+00 
 6.42373283741083e-10   0.00e+00 
 6.42864593209503e-10   0.00e+00 
 6.43355917604549e-10   0.00e+00 
 6.43847256919437e-10   0.00e+00 
 6.44338611147391e-10   0.00e+00 
 6.44829980281644e-10   0.00e+00 
 6.45321364315442e-10   0.00e+00 
 6.45812763242041e-10   0.00e+00 
 6.46304177054708e-10   0.00e+00 
 6.46795605746720e-10   0.00e+00 
 6.47287049311365e-10   0.00e+00 
 6.47778507741940e-10   0.00e+00 
 6.48269981031754e-10   0.00e+00 
 6.48761469174126e-10   0.00e+00 
 6.49252972162386e-10   0.00e+00 
 6.49744489989873e-10   0.00e+00 
 6.50236022649939e-10   0.00e+00 
 6.50727570135942e-10   0.00e+00 
 6.51219132441255e-10   0.00e+00 
 6.51710709559258e-10   0.00e+00 
 6.52202301483344e-10   0.00e+00 
 6.52693908206913e-10   0.00e+00 
 6.53185529723377e-10   0.00e+00 
 6.53677166026159e-10   0.00e+00 
 6.54168817108691e-10   0.00e+00 
 6.54660482964416e-10   0.00e+00 
 6.55152163586786e-10   0.00e+00 
 6.55643858969264e-10   0.00e+00 
 6.56135569105322e-10   0.00e+00 
 6.56627293988444e-10   0.00e+00 
 6.57119033612122e-10   0.00e+00 
 6.57610787969860e-10   0.00e+00 
 6.58102557055170e-10   0.00e+00 
 6.58594340861574e-10   0.00e+00 
 6.59086139382607e-10   0.00e+00 
 6.59577952611809e-10   0.00e+00 
 6.60069780542735e-10   0.00e+00 
 6.60561623168946e-10   0.00e+00 
 6.61053480484014e-10   0.00e+00 
 6.61545352481522e-10   0.00e+00 
 6.62037239155061e-10   0.00e+00 
 6.62529140498233e-10   0.00e+00 
 6.63021056504648e-10   0.00e+00 
 6.63512987167929e-10   0.00e+00 
 6.64004932481706e-10   0.00e+00 
 6.64496892439617e-10   0.00e+00 
 6.64988867035315e-10   0.00e+00 
 6.65480856262457e-10   0.00e+00 
 6.65972860114714e-10   0.00e+00 
 6.66464878585763e-10   0.00e+00 
 6.66956911669292e-10   0.00e+00 
 6.67448959359000e-10   0.00e+00 
 6.67941021648591e-10   0.00e+00 
 6.68433098531784e-10   0.00e+00 
 6.68925190002303e-10   0.00e+00 
 6.69417296053884e-10   0.00e+00 
 6.69909416680270e-10   0.00e+00 
 6.70401551875215e-10   0.00e+00 
 6.70893701632482e-10   0.00e+00 
 6.71385865945842e-10   0.00e+00 
 6.71878044809077e-10   0.00e+00 
 6.72370238215976e-10   0.00e+00 
 6.72862446160338e-10   0.00e+00 
 6.73354668635973e-10   0.00e+00 
 6.73846905636697e-10   0.00e+00 
 6.74339157156336e-10   0.00e+00 
 6.74831423188726e-10   0.00e+00 
 6.75323703727710e-10   0.00e+00 
 6.75815998767140e-10   0.00e+00 
 6.76308308300879e-10   0.00e+00 
 6.76800632322796e-10   0.00e+00 
 6.77292970826771e-10   0.00e+00 
 6.77785323806690e-10   0.00e+00 
 6.78277691256450e-10   0.00e+00 
 6.78770073169956e-10   0.00e+00 
 6.79262469541120e-10   0.00e+00 
 6.79754880363864e-10   0.00e+00 
 6.80247305632117e-10   0.00e+00 
 6.80739745339820e-10   0.00e+00 
 6.81232199480916e-10   0.00e+00 
 6.81724668049362e-10   0.00e+00 
 6.82217151039121e-10   0.00e+00 
 6.82709648444162e-10   0.00e+00 
 6.83202160258465e-10   0.00e+00 
 6.83694686476018e-10   0.00e+00 
 6.84187227090815e-10   0.00e+00 
 6.84679782096858e-10   0.00e+00 
 6.85172351488159e-10   0.00e+00 
 6.85664935258736e-10   0.00e+00 
 6.86157533402614e-10   0.00e+00 
 6.86650145913829e-10   0.00e+00 
 6.87142772786420e-10   0.00e+00 
 6.87635414014437e-10   0.00e+00 
 6.88128069591935e-10   0.00e+00 
 6.88620739512979e-10   0.00e+00 
 6.89113423771639e-10   0.00e+00 
 6.89606122361995e-10   0.00e+00 
 6.90098835278129e-10   0.00e+00 
 6.90591562514137e-10   0.00e+00 
 6.91084304064116e-10   0.00e+00 
 6.91577059922174e-10   0.00e+00 
 6.92069830082423e-10   0.00e+00 
 6.92562614538985e-10   0.00e+00 
 6.93055413285986e-10   0.00e+00 
 6.93548226317560e-10   0.00e+00 
 6.94041053627848e-10   0.00e+00 
 6.94533895210996e-10   0.00e+00 
 6.95026751061159e-10   0.00e+00 
 6.95519621172497e-10   0.00e+00 
 6.96012505539176e-10   0.00e+00 
 6.96505404155368e-10   0.00e+00 
 6.96998317015254e-10   0.00e+00 
 6.97491244113018e-10   0.00e+00 
 6.97984185442852e-10   0.00e+00 
 6.98477140998954e-10   0.00e+00 
 6.98970110775527e-10   0.00e+00 
 6.99463094766781e-10   0.00e+00 
 6.99956092966931e-10   0.00e+00 
 7.00449105370198e-10   0.00e+00 
 7.00942131970810e-10   0.00e+00 
 7.01435172763000e-10   0.00e+00 
 7.01928227741005e-10   0.00e+00 
 7.02421296899071e-10   0.00e+00 
 7.02914380231446e-10   0.00e+00 
 7.03407477732385e-10   0.00e+00 
 7.03900589396150e-10   0.00e+00 
 7.04393715217005e-10   0.00e+00 
 7.04886855189223e-10   0.00e+00 
 7.05380009307078e-10   0.00e+00 
 7.05873177564854e-10   0.00e+00 
 7.06366359956836e-10   0.00e+00 
 7.06859556477317e-10   0.00e+00 
 7.07352767120593e-10   0.00e+00 
 7.07845991880966e-10   0.00e+00 
 7.08339230752742e-10   0.00e+00 
 7.08832483730234e-10   0.00e+00 
 7.09325750807758e-10   0.00e+00 
 7.09819031979635e-10   0.00e+00 
 7.10312327240191e-10   0.00e+00 
 7.10805636583756e-10   0.00e+00 
 7.11298960004666e-10   0.00e+00 
 7.11792297497261e-10   0.00e+00 
 7.12285649055884e-10   0.00e+00 
 7.12779014674885e-10   0.00e+00 
 7.13272394348617e-10   0.00e+00 
 7.13765788071437e-10   0.00e+00 
 7.14259195837708e-10   0.00e+00 
 7.14752617641795e-10   0.00e+00 
 7.15246053478070e-10   0.00e+00 
 7.15739503340907e-10   0.00e+00 
 7.16232967224684e-10   0.00e+00 
 7.16726445123786e-10   0.00e+00 
 7.17219937032599e-10   0.00e+00 
 7.17713442945514e-10   0.00e+00 
 7.18206962856926e-10   0.00e+00 
 7.18700496761236e-10   0.00e+00 
 7.19194044652845e-10   0.00e+00 
 7.19687606526161e-10   0.00e+00 
 7.20181182375595e-10   0.00e+00 
 7.20674772195561e-10   0.00e+00 
 7.21168375980478e-10   0.00e+00 
 7.21661993724768e-10   0.00e+00 
 7.22155625422857e-10   0.00e+00 
 7.22649271069174e-10   0.00e+00 
 7.23142930658153e-10   0.00e+00 
 7.23636604184230e-10   0.00e+00 
 7.24130291641846e-10   0.00e+00 
 7.24623993025445e-10   0.00e+00 
 7.25117708329473e-10   0.00e+00 
 7.25611437548382e-10   0.00e+00 
 7.26105180676626e-10   0.00e+00 
 7.26598937708662e-10   0.00e+00 
 7.27092708638952e-10   0.00e+00 
 7.27586493461960e-10   0.00e+00 
 7.28080292172153e-10   0.00e+00 
 7.28574104764003e-10   0.00e+00 
 7.29067931231982e-10   0.00e+00 
 7.29561771570570e-10   0.00e+00 
 7.30055625774245e-10   0.00e+00 
 7.30549493837493e-10   0.00e+00 
 7.31043375754800e-10   0.00e+00 
 7.31537271520654e-10   0.00e+00 
 7.32031181129551e-10   0.00e+00 
 7.32525104575984e-10   0.00e+00 
 7.33019041854454e-10   0.00e+00 
 7.33512992959463e-10   0.00e+00 
 7.34006957885514e-10   0.00e+00 
 7.34500936627117e-10   0.00e+00 
 7.34994929178781e-10   0.00e+00 
 7.35488935535021e-10   0.00e+00 
 7.35982955690353e-10   0.00e+00 
 7.36476989639296e-10   0.00e+00 
 7.36971037376373e-10   0.00e+00 
 7.37465098896108e-10   0.00e+00 
 7.37959174193031e-10   0.00e+00 
 7.38453263261670e-10   0.00e+00 
 7.38947366096561e-10   0.00e+00 
 7.39441482692238e-10   0.00e+00 
 7.39935613043240e-10   0.00e+00 
 7.40429757144110e-10   0.00e+00 
 7.40923914989391e-10   0.00e+00 
 7.41418086573629e-10   0.00e+00 
 7.41912271891376e-10   0.00e+00 
 7.42406470937182e-10   0.00e+00 
 7.42900683705604e-10   0.00e+00 
 7.43394910191198e-10   0.00e+00 
 7.43889150388524e-10   0.00e+00 
 7.44383404292145e-10   0.00e+00 
 7.44877671896627e-10   0.00e+00 
 7.45371953196538e-10   0.00e+00 
 7.45866248186447e-10   0.00e+00 
 7.46360556860928e-10   0.00e+00 
 7.46854879214557e-10   0.00e+00 
 7.47349215241913e-10   0.00e+00 
 7.47843564937575e-10   0.00e+00 
 7.48337928296127e-10   0.00e+00 
 7.48832305312155e-10   0.00e+00 
 7.49326695980247e-10   0.00e+00 
 7.49821100294995e-10   0.00e+00 
 7.50315518250993e-10   0.00e+00 
 7.50809949842836e-10   0.00e+00 
 7.51304395065123e-10   0.00e+00 
 7.51798853912455e-10   0.00e+00 
 7.52293326379436e-10   0.00e+00 
 7.52787812460673e-10   0.00e+00 
 7.53282312150774e-10   0.00e+00 
 7.53776825444351e-10   0.00e+00 
 7.54271352336018e-10   0.00e+00 
 7.54765892820391e-10   0.00e+00 
 7.55260446892090e-10   0.00e+00 
 7.55755014545735e-10   0.00e+00 
 7.56249595775952e-10   0.00e+00 
 7.56744190577368e-10   0.00e+00 
 7.57238798944611e-10   0.00e+00 
 7.57733420872314e-10   0.00e+00 
 7.58228056355111e-10   0.00e+00 
 7.58722705387639e-10   0.00e+00 
 7.59217367964538e-10   0.00e+00 
 7.59712044080451e-10   0.00e+00 
 7.60206733730023e-10   0.00e+00 
 7.60701436907899e-10   0.00e+00 
 7.61196153608732e-10   0.00e+00 
 7.61690883827174e-10   0.00e+00 
 7.62185627557879e-10   0.00e+00 
 7.62680384795507e-10   0.00e+00 
 7.63175155534717e-10   0.00e+00 
 7.63669939770173e-10   0.00e+00 
 7.64164737496541e-10   0.00e+00 
 7.64659548708489e-10   0.00e+00 
 7.65154373400687e-10   0.00e+00 
 7.65649211567812e-10   0.00e+00 
 7.66144063204537e-10   0.00e+00 
 7.66638928305543e-10   0.00e+00 
 7.67133806865511e-10   0.00e+00 
 7.67628698879126e-10   0.00e+00 
 7.68123604341074e-10   0.00e+00 
 7.68618523246045e-10   0.00e+00 
 7.69113455588732e-10   0.00e+00 
 7.69608401363829e-10   0.00e+00 
 7.70103360566035e-10   0.00e+00 
 7.70598333190048e-10   0.00e+00 
 7.71093319230574e-10   0.00e+00 
 7.71588318682316e-10   0.00e+00 
 7.72083331539985e-10   0.00e+00 
 7.72578357798290e-10   0.00e+00 
 7.73073397451945e-10   0.00e+00 
 7.73568450495667e-10   0.00e+00 
 7.74063516924175e-10   0.00e+00 
 7.74558596732191e-10   0.00e+00 
 7.75053689914439e-10   0.00e+00 
 7.75548796465647e-10   0.00e+00 
 7.76043916380544e-10   0.00e+00 
 7.76539049653863e-10   0.00e+00 
 7.77034196280339e-10   0.00e+00 
 7.77529356254711e-10   0.00e+00 
 7.78024529571719e-10   0.00e+00 
 7.78519716226107e-10   0.00e+00 
 7.79014916212620e-10   0.00e+00 
 7.79510129526009e-10   0.00e+00 
 7.80005356161023e-10   0.00e+00 
 7.80500596112419e-10   0.00e+00 
 7.80995849374952e-10   0.00e+00 
 7.81491115943383e-10   0.00e+00 
 7.81986395812475e-10   0.00e+00 
 7.82481688976992e-10   0.00e+00 
 7.82976995431703e-10   0.00e+00 
 7.83472315171379e-10   0.00e+00 
 7.83967648190794e-10   0.00e+00 
 7.84462994484724e-10   0.00e+00 
 7.84958354047947e-10   0.00e+00 
 7.85453726875248e-10   0.00e+00 
 7.85949112961409e-10   0.00e+00 
 7.86444512301220e-10   0.00e+00 
 7.86939924889469e-10   0.00e+00 
 7.87435350720952e-10   0.00e+00 
 7.87930789790462e-10   0.00e+00 
 7.88426242092801e-10   0.00e+00 
 7.88921707622769e-10   0.00e+00 
 7.89417186375172e-10   0.00e+00 
 7.89912678344817e-10   0.00e+00 
 7.90408183526514e-10   0.00e+00 
 7.90903701915077e-10   0.00e+00 
 7.91399233505322e-10   0.00e+00 
 7.91894778292068e-10   0.00e+00 
 7.92390336270137e-10   0.00e+00 
 7.92885907434355e-10   0.00e+00 
 7.93381491779550e-10   0.00e+00 
 7.93877089300551e-10   0.00e+00 
 7.94372699992195e-10   0.00e+00 
 7.94868323849316e-10   0.00e+00 
 7.95363960866756e-10   0.00e+00 
 7.95859611039356e-10   0.00e+00 
 7.96355274361964e-10   0.00e+00 
 7.96850950829428e-10   0.00e+00 
 7.97346640436600e-10   0.00e+00 
 7.97842343178335e-10   0.00e+00 
 7.98338059049491e-10   0.00e+00 
 7.98833788044930e-10   0.00e+00 
 7.99329530159516e-10   0.00e+00 
 7.99825285388115e-10   0.00e+00 
 8.00321053725599e-10   0.00e+00 
 8.00816835166842e-10   0.00e+00 
 8.01312629706719e-10   0.00e+00 
 8.01808437340112e-10   0.00e+00 
 8.02304258061902e-10   0.00e+00 
 8.02800091866977e-10   0.00e+00 
 8.03295938750225e-10   0.00e+00 
 8.03791798706539e-10   0.00e+00 
 8.04287671730814e-10   0.00e+00 
 8.04783557817950e-10   0.00e+00 
 8.05279456962848e-10   0.00e+00 
 8.05775369160415e-10   0.00e+00 
 8.06271294405557e-10   0.00e+00 
 8.06767232693188e-10   0.00e+00 
 8.07263184018222e-10   0.00e+00 
 8.07759148375576e-10   0.00e+00 
 8.08255125760173e-10   0.00e+00 
 8.08751116166938e-10   0.00e+00 
 8.09247119590797e-10   0.00e+00 
 8.09743136026682e-10   0.00e+00 
 8.10239165469528e-10   0.00e+00 
 8.10735207914271e-10   0.00e+00 
 8.11231263355853e-10   0.00e+00 
 8.11727331789219e-10   0.00e+00 
 8.12223413209314e-10   0.00e+00 
 8.12719507611091e-10   0.00e+00 
 8.13215614989502e-10   0.00e+00 
 8.13711735339506e-10   0.00e+00 
 8.14207868656062e-10   0.00e+00 
 8.14704014934133e-10   0.00e+00 
 8.15200174168688e-10   0.00e+00 
 8.15696346354695e-10   0.00e+00 
 8.16192531487130e-10   0.00e+00 
 8.16688729560968e-10   0.00e+00 
 8.17184940571188e-10   0.00e+00 
 8.17681164512776e-10   0.00e+00 
 8.18177401380717e-10   0.00e+00 
 8.18673651170000e-10   0.00e+00 
 8.19169913875619e-10   0.00e+00 
 8.19666189492571e-10   0.00e+00 
 8.20162478015854e-10   0.00e+00 
 8.20658779440472e-10   0.00e+00 
 8.21155093761430e-10   0.00e+00 
 8.21651420973738e-10   0.00e+00 
 8.22147761072409e-10   0.00e+00 
 8.22644114052459e-10   0.00e+00 
 8.23140479908906e-10   0.00e+00 
 8.23636858636773e-10   0.00e+00 
 8.24133250231085e-10   0.00e+00 
 8.24629654686872e-10   0.00e+00 
 8.25126071999165e-10   0.00e+00 
 8.25622502163001e-10   0.00e+00 
 8.26118945173417e-10   0.00e+00 
 8.26615401025456e-10   0.00e+00 
 8.27111869714164e-10   0.00e+00 
 8.27608351234588e-10   0.00e+00 
 8.28104845581781e-10   0.00e+00 
 8.28601352750797e-10   0.00e+00 
 8.29097872736696e-10   0.00e+00 
 8.29594405534539e-10   0.00e+00 
 8.30090951139390e-10   0.00e+00 
 8.30587509546319e-10   0.00e+00 
 8.31084080750398e-10   0.00e+00 
 8.31580664746700e-10   0.00e+00 
 8.32077261530306e-10   0.00e+00 
 8.32573871096296e-10   0.00e+00 
 8.33070493439755e-10   0.00e+00 
 8.33567128555773e-10   0.00e+00 
 8.34063776439442e-10   0.00e+00 
 8.34560437085856e-10   0.00e+00 
 8.35057110490114e-10   0.00e+00 
 8.35553796647319e-10   0.00e+00 
 8.36050495552577e-10   0.00e+00 
 8.36547207200997e-10   0.00e+00 
 8.37043931587690e-10   0.00e+00 
 8.37540668707774e-10   0.00e+00 
 8.38037418556369e-10   0.00e+00 
 8.38534181128598e-10   0.00e+00 
 8.39030956419587e-10   0.00e+00 
 8.39527744424468e-10   0.00e+00 
 8.40024545138373e-10   0.00e+00 
 8.40521358556442e-10   0.00e+00 
 8.41018184673816e-10   0.00e+00 
 8.41515023485640e-10   0.00e+00 
 8.42011874987062e-10   0.00e+00 
 8.42508739173236e-10   0.00e+00 
 8.43005616039318e-10   0.00e+00 
 8.43502505580469e-10   0.00e+00 
 8.43999407791852e-10   0.00e+00 
 8.44496322668635e-10   0.00e+00 
 8.44993250205991e-10   0.00e+00 
 8.45490190399095e-10   0.00e+00 
 8.45987143243127e-10   0.00e+00 
 8.46484108733271e-10   0.00e+00 
 8.46981086864716e-10   0.00e+00 
 8.47478077632652e-10   0.00e+00 
 8.47975081032277e-10   0.00e+00 
 8.48472097058790e-10   0.00e+00 
 8.48969125707396e-10   0.00e+00 
 8.49466166973304e-10   0.00e+00 
 8.49963220851726e-10   0.00e+00 
 8.50460287337881e-10   0.00e+00 
 8.50957366426988e-10   0.00e+00 
 8.51454458114276e-10   0.00e+00 
 8.51951562394973e-10   0.00e+00 
 8.52448679264315e-10   0.00e+00 
 8.52945808717542e-10   0.00e+00 
 8.53442950749897e-10   0.00e+00 
 8.53940105356628e-10   0.00e+00 
 8.54437272532990e-10   0.00e+00 
 8.54934452274239e-10   0.00e+00 
 8.55431644575639e-10   0.00e+00 
 8.55928849432455e-10   0.00e+00 
 8.56426066839962e-10   0.00e+00 
 8.56923296793435e-10   0.00e+00 
 8.57420539288157e-10   0.00e+00 
 8.57917794319414e-10   0.00e+00 
 8.58415061882498e-10   0.00e+00 
 8.58912341972706e-10   0.00e+00 
 8.59409634585339e-10   0.00e+00 
 8.59906939715704e-10   0.00e+00 
 8.60404257359113e-10   0.00e+00 
 8.60901587510883e-10   0.00e+00 
 8.61398930166338e-10   0.00e+00 
 8.61896285320804e-10   0.00e+00 
 8.62393652969615e-10   0.00e+00 
 8.62891033108108e-10   0.00e+00 
 8.63388425731628e-10   0.00e+00 
 8.63885830835523e-10   0.00e+00 
 8.64383248415149e-10   0.00e+00 
 8.64880678465864e-10   0.00e+00 
 8.65378120983036e-10   0.00e+00 
 8.65875575962035e-10   0.00e+00 
 8.66373043398238e-10   0.00e+00 
 8.66870523287028e-10   0.00e+00 
 8.67368015623792e-10   0.00e+00 
 8.67865520403925e-10   0.00e+00 
 8.68363037622826e-10   0.00e+00 
 8.68860567275901e-10   0.00e+00 
 8.69358109358561e-10   0.00e+00 
 8.69855663866224e-10   0.00e+00 
 8.70353230794313e-10   0.00e+00 
 8.70850810138256e-10   0.00e+00 
 8.71348401893490e-10   0.00e+00 
 8.71846006055455e-10   0.00e+00 
 8.72343622619597e-10   0.00e+00 
 8.72841251581372e-10   0.00e+00 
 8.73338892936237e-10   0.00e+00 
 8.73836546679658e-10   0.00e+00 
 8.74334212807108e-10   0.00e+00 
 8.74831891314063e-10   0.00e+00 
 8.75329582196008e-10   0.00e+00 
 8.75827285448433e-10   0.00e+00 
 8.76325001066836e-10   0.00e+00 
 8.76822729046718e-10   0.00e+00 
 8.77320469383589e-10   0.00e+00 
 8.77818222072964e-10   0.00e+00 
 8.78315987110366e-10   0.00e+00 
 8.78813764491323e-10   0.00e+00 
 8.79311554211369e-10   0.00e+00 
 8.79809356266046e-10   0.00e+00 
 8.80307170650902e-10   0.00e+00 
 8.80804997361491e-10   0.00e+00 
 8.81302836393372e-10   0.00e+00 
 8.81800687742114e-10   0.00e+00 
 8.82298551403290e-10   0.00e+00 
 8.82796427372481e-10   0.00e+00 
 8.83294315645273e-10   0.00e+00 
 8.83792216217260e-10   0.00e+00 
 8.84290129084041e-10   0.00e+00 
 8.84788054241224e-10   0.00e+00 
 8.85285991684422e-10   0.00e+00 
 8.85783941409255e-10   0.00e+00 
 8.86281903411348e-10   0.00e+00 
 8.86779877686336e-10   0.00e+00 
 8.87277864229859e-10   0.00e+00 
 8.87775863037562e-10   0.00e+00 
 8.88273874105099e-10   0.00e+00 
 8.88771897428131e-10   0.00e+00 
 8.89269933002323e-10   0.00e+00 
 8.89767980823350e-10   0.00e+00 
 8.90266040886891e-10   0.00e+00 
 8.90764113188634e-10   0.00e+00 
 8.91262197724272e-10   0.00e+00 
 8.91760294489505e-10   0.00e+00 
 8.92258403480041e-10   0.00e+00 
 8.92756524691593e-10   0.00e+00 
 8.93254658119883e-10   0.00e+00 
 8.93752803760637e-10   0.00e+00 
 8.94250961609590e-10   0.00e+00 
 8.94749131662482e-10   0.00e+00 
 8.95247313915062e-10   0.00e+00 
 8.95745508363084e-10   0.00e+00 
 8.96243715002309e-10   0.00e+00 
 8.96741933828505e-10   0.00e+00 
 8.97240164837448e-10   0.00e+00 
 8.97738408024917e-10   0.00e+00 
 8.98236663386703e-10   0.00e+00 
 8.98734930918599e-10   0.00e+00 
 8.99233210616409e-10   0.00e+00 
 8.99731502475939e-10   0.00e+00 
 9.00229806493006e-10   0.00e+00 
 9.00728122663431e-10   0.00e+00 
 9.01226450983044e-10   0.00e+00 
 9.01724791447679e-10   0.00e+00 
 9.02223144053179e-10   0.00e+00 
 9.02721508795393e-10   0.00e+00 
 9.03219885670176e-10   0.00e+00 
 9.03718274673391e-10   0.00e+00 
 9.04216675800906e-10   0.00e+00 
 9.04715089048597e-10   0.00e+00 
 9.05213514412347e-10   0.00e+00 
 9.05711951888043e-10   0.00e+00 
 9.06210401471582e-10   0.00e+00 
 9.06708863158865e-10   0.00e+00 
 9.07207336945801e-10   0.00e+00 
 9.07705822828305e-10   0.00e+00 
 9.08204320802300e-10   0.00e+00 
 9.08702830863713e-10   0.00e+00 
 9.09201353008479e-10   0.00e+00 
 9.09699887232539e-10   0.00e+00 
 9.10198433531841e-10   0.00e+00 
 9.10696991902340e-10   0.00e+00 
 9.11195562339996e-10   0.00e+00 
 9.11694144840775e-10   0.00e+00 
 9.12192739400652e-10   0.00e+00 
 9.12691346015606e-10   0.00e+00 
 9.13189964681624e-10   0.00e+00 
 9.13688595394697e-10   0.00e+00 
 9.14187238150825e-10   0.00e+00 
 9.14685892946011e-10   0.00e+00 
 9.15184559776269e-10   0.00e+00 
 9.15683238637614e-10   0.00e+00 
 9.16181929526071e-10   0.00e+00 
 9.16680632437669e-10   0.00e+00 
 9.17179347368444e-10   0.00e+00 
 9.17678074314438e-10   0.00e+00 
 9.18176813271699e-10   0.00e+00 
 9.18675564236281e-10   0.00e+00 
 9.19174327204243e-10   0.00e+00 
 9.19673102171652e-10   0.00e+00 
 9.20171889134580e-10   0.00e+00 
 9.20670688089103e-10   0.00e+00 
 9.21169499031307e-10   0.00e+00 
 9.21668321957279e-10   0.00e+00 
 9.22167156863115e-10   0.00e+00 
 9.22666003744917e-10   0.00e+00 
 9.23164862598790e-10   0.00e+00 
 9.23663733420847e-10   0.00e+00 
 9.24162616207206e-10   0.00e+00 
 9.24661510953990e-10   0.00e+00 
 9.25160417657329e-10   0.00e+00 
 9.25659336313357e-10   0.00e+00 
 9.26158266918214e-10   0.00e+00 
 9.26657209468046e-10   0.00e+00 
 9.27156163959002e-10   0.00e+00 
 9.27655130387241e-10   0.00e+00 
 9.28154108748923e-10   0.00e+00 
 9.28653099040216e-10   0.00e+00 
 9.29152101257291e-10   0.00e+00 
 9.29651115396326e-10   0.00e+00 
 9.30150141453504e-10   0.00e+00 
 9.30649179425012e-10   0.00e+00 
 9.31148229307044e-10   0.00e+00 
 9.31647291095796e-10   0.00e+00 
 9.32146364787473e-10   0.00e+00 
 9.32645450378282e-10   0.00e+00 
 9.33144547864436e-10   0.00e+00 
 9.33643657242153e-10   0.00e+00 
 9.34142778507655e-10   0.00e+00 
 9.34641911657170e-10   0.00e+00 
 9.35141056686931e-10   0.00e+00 
 9.35640213593174e-10   0.00e+00 
 9.36139382372142e-10   0.00e+00 
 9.36638563020080e-10   0.00e+00 
 9.37137755533241e-10   0.00e+00 
 9.37636959907879e-10   0.00e+00 
 9.38136176140255e-10   0.00e+00 
 9.38635404226635e-10   0.00e+00 
 9.39134644163288e-10   0.00e+00 
 9.39633895946488e-10   0.00e+00 
 9.40133159572512e-10   0.00e+00 
 9.40632435037645e-10   0.00e+00 
 9.41131722338172e-10   0.00e+00 
 9.41631021470387e-10   0.00e+00 
 9.42130332430583e-10   0.00e+00 
 9.42629655215062e-10   0.00e+00 
 9.43128989820127e-10   0.00e+00 
 9.43628336242087e-10   0.00e+00 
 9.44127694477255e-10   0.00e+00 
 9.44627064521948e-10   0.00e+00 
 9.45126446372485e-10   0.00e+00 
 9.45625840025193e-10   0.00e+00 
 9.46125245476400e-10   0.00e+00 
 9.46624662722439e-10   0.00e+00 
 9.47124091759646e-10   0.00e+00 
 9.47623532584364e-10   0.00e+00 
 9.48122985192935e-10   0.00e+00 
 9.48622449581709e-10   0.00e+00 
 9.49121925747038e-10   0.00e+00 
 9.49621413685279e-10   0.00e+00 
 9.50120913392790e-10   0.00e+00 
 9.50620424865935e-10   0.00e+00 
 9.51119948101083e-10   0.00e+00 
 9.51619483094602e-10   0.00e+00 
 9.52119029842869e-10   0.00e+00 
 9.52618588342261e-10   0.00e+00 
 9.53118158589159e-10   0.00e+00 
 9.53617740579948e-10   0.00e+00 
 9.54117334311017e-10   0.00e+00 
 9.54616939778759e-10   0.00e+00 
 9.55116556979566e-10   0.00e+00 
 9.55616185909841e-10   0.00e+00 
 9.56115826565983e-10   0.00e+00 
 9.56615478944398e-10   0.00e+00 
 9.57115143041495e-10   0.00e+00 
 9.57614818853685e-10   0.00e+00 
 9.58114506377382e-10   0.00e+00 
 9.58614205609006e-10   0.00e+00 
 9.59113916544976e-10   0.00e+00 
 9.59613639181718e-10   0.00e+00 
 9.60113373515658e-10   0.00e+00 
 9.60613119543227e-10   0.00e+00 
 9.61112877260857e-10   0.00e+00 
 9.61612646664984e-10   0.00e+00 
 9.62112427752048e-10   0.00e+00 
 9.62612220518489e-10   0.00e+00 
 9.63112024960754e-10   0.00e+00 
 9.63611841075287e-10   0.00e+00 
 9.64111668858540e-10   0.00e+00 
 9.64611508306965e-10   0.00e+00 
 9.65111359417017e-10   0.00e+00 
 9.65611222185154e-10   0.00e+00 
 9.66111096607837e-10   0.00e+00 
 9.66610982681528e-10   0.00e+00 
 9.67110880402693e-10   0.00e+00 
 9.67610789767799e-10   0.00e+00 
 9.68110710773317e-10   0.00e+00 
 9.68610643415720e-10   0.00e+00 
 9.69110587691482e-10   0.00e+00 
 9.69610543597081e-10   0.00e+00 
 9.70110511128997e-10   0.00e+00 
 9.70610490283711e-10   0.00e+00 
 9.71110481057707e-10   0.00e+00 
 9.71610483447471e-10   0.00e+00 
 9.72110497449493e-10   0.00e+00 
 9.72610523060261e-10   0.00e+00 
 9.73110560276269e-10   0.00e+00 
 9.73610609094012e-10   0.00e+00 
 9.74110669509985e-10   0.00e+00 
 9.74610741520687e-10   0.00e+00 
 9.75110825122619e-10   0.00e+00 
 9.75610920312284e-10   0.00e+00 
 9.76111027086185e-10   0.00e+00 
 9.76611145440829e-10   0.00e+00 
 9.77111275372724e-10   0.00e+00 
 9.77611416878379e-10   0.00e+00 
 9.78111569954306e-10   0.00e+00 
 9.78611734597018e-10   0.00e+00 
 9.79111910803030e-10   0.00e+00 
 9.79612098568859e-10   0.00e+00 
 9.80112297891024e-10   0.00e+00 
 9.80612508766044e-10   0.00e+00 
 9.81112731190442e-10   0.00e+00 
 9.81612965160741e-10   0.00e+00 
 9.82113210673465e-10   0.00e+00 
 9.82613467725142e-10   0.00e+00 
 9.83113736312300e-10   0.00e+00 
 9.83614016431467e-10   0.00e+00 
 9.84114308079177e-10   0.00e+00 
 9.84614611251959e-10   0.00e+00 
 9.85114925946352e-10   0.00e+00 
 9.85615252158888e-10   0.00e+00 
 9.86115589886106e-10   0.00e+00 
 9.86615939124545e-10   0.00e+00 
 9.87116299870744e-10   0.00e+00 
 9.87616672121246e-10   0.00e+00 
 9.88117055872594e-10   0.00e+00 
 9.88617451121332e-10   0.00e+00 
 9.89117857864007e-10   0.00e+00 
 9.89618276097166e-10   0.00e+00 
 9.90118705817359e-10   0.00e+00 
 9.90619147021135e-10   0.00e+00 
 9.91119599705047e-10   0.00e+00 
 9.91620063865648e-10   0.00e+00 
 9.92120539499493e-10   0.00e+00 
 9.92621026603139e-10   0.00e+00 
 9.93121525173142e-10   0.00e+00 
 9.93622035206064e-10   0.00e+00 
 9.94122556698464e-10   0.00e+00 
 9.94623089646904e-10   0.00e+00 
 9.95123634047948e-10   0.00e+00 
 9.95624189898161e-10   0.00e+00 
 9.96124757194110e-10   0.00e+00 
 9.96625335932364e-10   0.00e+00 
 9.97125926109492e-10   0.00e+00 
 9.97626527722066e-10   0.00e+00 
 9.98127140766657e-10   0.00e+00 
 9.98627765239842e-10   0.00e+00 
 9.99128401138196e-10   0.00e+00 
 9.99629048458295e-10   0.00e+00 
 1.00012970719672e-09   0.00e+00 
 1.00063037735005e-09   0.00e+00 
 1.00113105891487e-09   0.00e+00 
 1.00163175188777e-09   0.00e+00 
 1.00213245626532e-09   0.00e+00 
 1.00263317204412e-09   0.00e+00 
 1.00313389922076e-09   0.00e+00 
 1.00363463779182e-09   0.00e+00 
 1.00413538775390e-09   0.00e+00 
 1.00463614910360e-09   0.00e+00 
 1.00513692183750e-09   0.00e+00 
 1.00563770595222e-09   0.00e+00 
 1.00613850144434e-09   0.00e+00 
 1.00663930831048e-09   0.00e+00 
 1.00714012654723e-09   0.00e+00 
 1.00764095615120e-09   0.00e+00 
 1.00814179711900e-09   0.00e+00 
 1.00864264944724e-09   0.00e+00 
 1.00914351313253e-09   0.00e+00 
 1.00964438817148e-09   0.00e+00 
 1.01014527456071e-09   0.00e+00 
 1.01064617229683e-09   0.00e+00 
 1.01114708137647e-09   0.00e+00 
 1.01164800179625e-09   0.00e+00 
 1.01214893355279e-09   0.00e+00 
 1.01264987664273e-09   0.00e+00 
 1.01315083106267e-09   0.00e+00 
 1.01365179680927e-09   0.00e+00 
 1.01415277387914e-09   0.00e+00 
 1.01465376226894e-09   0.00e+00 
 1.01515476197528e-09   0.00e+00 
 1.01565577299482e-09   0.00e+00 
 1.01615679532419e-09   0.00e+00 
 1.01665782896004e-09   0.00e+00 
 1.01715887389901e-09   0.00e+00 
 1.01765993013776e-09   0.00e+00 
 1.01816099767293e-09   0.00e+00 
 1.01866207650118e-09   0.00e+00 
 1.01916316661917e-09   0.00e+00 
 1.01966426802356e-09   0.00e+00 
 1.02016538071100e-09   0.00e+00 
 1.02066650467816e-09   0.00e+00 
 1.02116763992170e-09   0.00e+00 
 1.02166878643831e-09   0.00e+00 
 1.02216994422463e-09   0.00e+00 
 1.02267111327736e-09   0.00e+00 
 1.02317229359317e-09   0.00e+00 
 1.02367348516873e-09   0.00e+00 
 1.02417468800073e-09   0.00e+00 
 1.02467590208585e-09   0.00e+00 
 1.02517712742079e-09   0.00e+00 
 1.02567836400222e-09   0.00e+00 
 1.02617961182685e-09   0.00e+00 
 1.02668087089137e-09   0.00e+00 
 1.02718214119248e-09   0.00e+00 
 1.02768342272687e-09   0.00e+00 
 1.02818471549125e-09   0.00e+00 
 1.02868601948234e-09   0.00e+00 
 1.02918733469683e-09   0.00e+00 
 1.02968866113144e-09   0.00e+00 
 1.03018999878289e-09   0.00e+00 
 1.03069134764789e-09   0.00e+00 
 1.03119270772316e-09   0.00e+00 
 1.03169407900544e-09   0.00e+00 
 1.03219546149143e-09   0.00e+00 
 1.03269685517788e-09   0.00e+00 
 1.03319826006152e-09   0.00e+00 
 1.03369967613908e-09   0.00e+00 
 1.03420110340730e-09   0.00e+00 
 1.03470254186291e-09   0.00e+00 
 1.03520399150268e-09   0.00e+00 
 1.03570545232333e-09   0.00e+00 
 1.03620692432163e-09   0.00e+00 
 1.03670840749432e-09   0.00e+00 
 1.03720990183817e-09   0.00e+00 
 1.03771140734992e-09   0.00e+00 
 1.03821292402635e-09   0.00e+00 
 1.03871445186421e-09   0.00e+00 
 1.03921599086028e-09   0.00e+00 
 1.03971754101133e-09   0.00e+00 
 1.04021910231412e-09   0.00e+00 
 1.04072067476545e-09   0.00e+00 
 1.04122225836208e-09   0.00e+00 
 1.04172385310080e-09   0.00e+00 
 1.04222545897840e-09   0.00e+00 
 1.04272707599167e-09   0.00e+00 
 1.04322870413739e-09   0.00e+00 
 1.04373034341237e-09   0.00e+00 
 1.04423199381340e-09   0.00e+00 
 1.04473365533729e-09   0.00e+00 
 1.04523532798084e-09   0.00e+00 
 1.04573701174085e-09   0.00e+00 
 1.04623870661414e-09   0.00e+00 
 1.04674041259752e-09   0.00e+00 
 1.04724212968782e-09   0.00e+00 
 1.04774385788184e-09   0.00e+00 
 1.04824559717641e-09   0.00e+00 
 1.04874734756836e-09   0.00e+00 
 1.04924910905452e-09   0.00e+00 
 1.04975088163171e-09   0.00e+00 
 1.05025266529679e-09   0.00e+00 
 1.05075446004657e-09   0.00e+00 
 1.05125626587792e-09   0.00e+00 
 1.05175808278766e-09   0.00e+00 
 1.05225991077265e-09   0.00e+00 
 1.05276174982974e-09   0.00e+00 
 1.05326359995578e-09   0.00e+00 
 1.05376546114763e-09   0.00e+00 
 1.05426733340216e-09   0.00e+00 
 1.05476921671621e-09   0.00e+00 
 1.05527111108666e-09   0.00e+00 
 1.05577301651038e-09   0.00e+00 
 1.05627493298425e-09   0.00e+00 
 1.05677686050512e-09   0.00e+00 
 1.05727879906990e-09   0.00e+00 
 1.05778074867544e-09   0.00e+00 
 1.05828270931865e-09   0.00e+00 
 1.05878468099640e-09   0.00e+00 
 1.05928666370559e-09   0.00e+00 
 1.05978865744311e-09   0.00e+00 
 1.06029066220585e-09   0.00e+00 
 1.06079267799072e-09   0.00e+00 
 1.06129470479462e-09   0.00e+00 
 1.06179674261445e-09   0.00e+00 
 1.06229879144712e-09   0.00e+00 
 1.06280085128954e-09   0.00e+00 
 1.06330292213862e-09   0.00e+00 
 1.06380500399129e-09   0.00e+00 
 1.06430709684445e-09   0.00e+00 
 1.06480920069504e-09   0.00e+00 
 1.06531131553998e-09   0.00e+00 
 1.06581344137618e-09   0.00e+00 
 1.06631557820060e-09   0.00e+00 
 1.06681772601015e-09   0.00e+00 
 1.06731988480178e-09   0.00e+00 
 1.06782205457242e-09   0.00e+00 
 1.06832423531901e-09   0.00e+00 
 1.06882642703851e-09   0.00e+00 
 1.06932862972784e-09   0.00e+00 
 1.06983084338398e-09   0.00e+00 
 1.07033306800386e-09   0.00e+00 
 1.07083530358443e-09   0.00e+00 
 1.07133755012267e-09   0.00e+00 
 1.07183980761553e-09   0.00e+00 
 1.07234207605996e-09   0.00e+00 
 1.07284435545294e-09   0.00e+00 
 1.07334664579143e-09   0.00e+00 
 1.07384894707240e-09   0.00e+00 
 1.07435125929282e-09   0.00e+00 
 1.07485358244967e-09   0.00e+00 
 1.07535591653992e-09   0.00e+00 
 1.07585826156056e-09   0.00e+00 
 1.07636061750856e-09   0.00e+00 
 1.07686298438090e-09   0.00e+00 
 1.07736536217458e-09   0.00e+00 
 1.07786775088658e-09   0.00e+00 
 1.07837015051389e-09   0.00e+00 
 1.07887256105350e-09   0.00e+00 
 1.07937498250241e-09   0.00e+00 
 1.07987741485762e-09   0.00e+00 
 1.08037985811612e-09   0.00e+00 
 1.08088231227491e-09   0.00e+00 
 1.08138477733100e-09   0.00e+00 
 1.08188725328139e-09   0.00e+00 
 1.08238974012310e-09   0.00e+00 
 1.08289223785312e-09   0.00e+00 
 1.08339474646846e-09   0.00e+00 
 1.08389726596615e-09   0.00e+00 
 1.08439979634320e-09   0.00e+00 
 1.08490233759662e-09   0.00e+00 
 1.08540488972343e-09   0.00e+00 
 1.08590745272065e-09   0.00e+00 
 1.08641002658530e-09   0.00e+00 
 1.08691261131441e-09   0.00e+00 
 1.08741520690500e-09   0.00e+00 
 1.08791781335411e-09   0.00e+00 
 1.08842043065875e-09   0.00e+00 
 1.08892305881596e-09   0.00e+00 
 1.08942569782278e-09   0.00e+00 
 1.08992834767623e-09   0.00e+00 
 1.09043100837335e-09   0.00e+00 
 1.09093367991118e-09   0.00e+00 
 1.09143636228676e-09   0.00e+00 
 1.09193905549713e-09   0.00e+00 
 1.09244175953933e-09   0.00e+00 
 1.09294447441040e-09   0.00e+00 
 1.09344720010740e-09   0.00e+00 
 1.09394993662736e-09   0.00e+00 
 1.09445268396733e-09   0.00e+00 
 1.09495544212437e-09   0.00e+00 
 1.09545821109553e-09   0.00e+00 
 1.09596099087786e-09   0.00e+00 
 1.09646378146841e-09   0.00e+00 
 1.09696658286424e-09   0.00e+00 
 1.09746939506241e-09   0.00e+00 
 1.09797221805997e-09   0.00e+00 
 1.09847505185399e-09   0.00e+00 
 1.09897789644153e-09   0.00e+00 
 1.09948075181964e-09   0.00e+00 
 1.09998361798541e-09   0.00e+00 
 1.10048649493588e-09   0.00e+00 
 1.10098938266813e-09   0.00e+00 
 1.10149228117923e-09   0.00e+00 
 1.10199519046624e-09   0.00e+00 
 1.10249811052625e-09   0.00e+00 
 1.10300104135631e-09   0.00e+00 
 1.10350398295351e-09   0.00e+00 
 1.10400693531493e-09   0.00e+00 
 1.10450989843763e-09   0.00e+00 
 1.10501287231870e-09   0.00e+00 
 1.10551585695523e-09   0.00e+00 
 1.10601885234428e-09   0.00e+00 
 1.10652185848294e-09   0.00e+00 
 1.10702487536831e-09   0.00e+00 
 1.10752790299745e-09   0.00e+00 
 1.10803094136747e-09   0.00e+00 
 1.10853399047545e-09   0.00e+00 
 1.10903705031848e-09   0.00e+00 
 1.10954012089365e-09   0.00e+00 
 1.11004320219806e-09   0.00e+00 
 1.11054629422879e-09   0.00e+00 
 1.11104939698296e-09   0.00e+00 
 1.11155251045765e-09   0.00e+00 
 1.11205563464996e-09   0.00e+00 
 1.11255876955700e-09   0.00e+00 
 1.11306191517586e-09   0.00e+00 
 1.11356507150366e-09   0.00e+00 
 1.11406823853749e-09   0.00e+00 
 1.11457141627447e-09   0.00e+00 
 1.11507460471170e-09   0.00e+00 
 1.11557780384629e-09   0.00e+00 
 1.11608101367536e-09   0.00e+00 
 1.11658423419601e-09   0.00e+00 
 1.11708746540537e-09   0.00e+00 
 1.11759070730055e-09   0.00e+00 
 1.11809395987866e-09   0.00e+00 
 1.11859722313684e-09   0.00e+00 
 1.11910049707220e-09   0.00e+00 
 1.11960378168186e-09   0.00e+00 
 1.12010707696295e-09   0.00e+00 
 1.12061038291260e-09   0.00e+00 
 1.12111369952793e-09   0.00e+00 
 1.12161702680607e-09   0.00e+00 
 1.12212036474417e-09   0.00e+00 
 1.12262371333935e-09   0.00e+00 
 1.12312707258874e-09   0.00e+00 
 1.12363044248949e-09   0.00e+00 
 1.12413382303874e-09   0.00e+00 
 1.12463721423362e-09   0.00e+00 
 1.12514061607128e-09   0.00e+00 
 1.12564402854886e-09   0.00e+00 
 1.12614745166352e-09   0.00e+00 
 1.12665088541239e-09   0.00e+00 
 1.12715432979264e-09   0.00e+00 
 1.12765778480141e-09   0.00e+00 
 1.12816125043585e-09   0.00e+00 
 1.12866472669313e-09   0.00e+00 
 1.12916821357041e-09   0.00e+00 
 1.12967171106483e-09   0.00e+00 
 1.13017521917357e-09   0.00e+00 
 1.13067873789379e-09   0.00e+00 
 1.13118226722265e-09   0.00e+00 
 1.13168580715733e-09   0.00e+00 
 1.13218935769499e-09   0.00e+00 
 1.13269291883281e-09   0.00e+00 
 1.13319649056796e-09   0.00e+00 
 1.13370007289761e-09   0.00e+00 
 1.13420366581895e-09   0.00e+00 
 1.13470726932915e-09   0.00e+00 
 1.13521088342540e-09   0.00e+00 
 1.13571450810489e-09   0.00e+00 
 1.13621814336479e-09   0.00e+00 
 1.13672178920230e-09   0.00e+00 
 1.13722544561461e-09   0.00e+00 
 1.13772911259891e-09   0.00e+00 
 1.13823279015240e-09   0.00e+00 
 1.13873647827226e-09   0.00e+00 
 1.13924017695572e-09   0.00e+00 
 1.13974388619995e-09   0.00e+00 
 1.14024760600217e-09   0.00e+00 
 1.14075133635959e-09   0.00e+00 
 1.14125507726940e-09   0.00e+00 
 1.14175882872883e-09   0.00e+00 
 1.14226259073507e-09   0.00e+00 
 1.14276636328536e-09   0.00e+00 
 1.14327014637689e-09   0.00e+00 
 1.14377394000690e-09   0.00e+00 
 1.14427774417260e-09   0.00e+00 
 1.14478155887121e-09   0.00e+00 
 1.14528538409996e-09   0.00e+00 
 1.14578921985608e-09   0.00e+00 
 1.14629306613679e-09   0.00e+00 
 1.14679692293933e-09   0.00e+00 
 1.14730079026093e-09   0.00e+00 
 1.14780466809882e-09   0.00e+00 
 1.14830855645025e-09   0.00e+00 
 1.14881245531246e-09   0.00e+00 
 1.14931636468267e-09   0.00e+00 
 1.14982028455815e-09   0.00e+00 
 1.15032421493614e-09   0.00e+00 
 1.15082815581388e-09   0.00e+00 
 1.15133210718863e-09   0.00e+00 
 1.15183606905764e-09   0.00e+00 
 1.15234004141816e-09   0.00e+00 
 1.15284402426746e-09   0.00e+00 
 1.15334801760278e-09   0.00e+00 
 1.15385202142141e-09   0.00e+00 
 1.15435603572058e-09   0.00e+00 
 1.15486006049759e-09   0.00e+00 
 1.15536409574968e-09   0.00e+00 
 1.15586814147414e-09   0.00e+00 
 1.15637219766823e-09   0.00e+00 
 1.15687626432923e-09   0.00e+00 
 1.15738034145441e-09   0.00e+00 
 1.15788442904106e-09   0.00e+00 
 1.15838852708646e-09   0.00e+00 
 1.15889263558789e-09   0.00e+00 
 1.15939675454263e-09   0.00e+00 
 1.15990088394797e-09   0.00e+00 
 1.16040502380121e-09   0.00e+00 
 1.16090917409963e-09   0.00e+00 
 1.16141333484052e-09   0.00e+00 
 1.16191750602119e-09   0.00e+00 
 1.16242168763893e-09   0.00e+00 
 1.16292587969104e-09   0.00e+00 
 1.16343008217483e-09   0.00e+00 
 1.16393429508759e-09   0.00e+00 
 1.16443851842663e-09   0.00e+00 
 1.16494275218927e-09   0.00e+00 
 1.16544699637281e-09   0.00e+00 
 1.16595125097456e-09   0.00e+00 
 1.16645551599184e-09   0.00e+00 
 1.16695979142197e-09   0.00e+00 
 1.16746407726226e-09   0.00e+00 
 1.16796837351004e-09   0.00e+00 
 1.16847268016261e-09   0.00e+00 
 1.16897699721732e-09   0.00e+00 
 1.16948132467149e-09   0.00e+00 
 1.16998566252244e-09   0.00e+00 
 1.17049001076750e-09   0.00e+00 
 1.17099436940401e-09   0.00e+00 
 1.17149873842930e-09   0.00e+00 
 1.17200311784070e-09   0.00e+00 
 1.17250750763556e-09   0.00e+00 
 1.17301190781120e-09   0.00e+00 
 1.17351631836498e-09   0.00e+00 
 1.17402073929424e-09   0.00e+00 
 1.17452517059631e-09   0.00e+00 
 1.17502961226855e-09   0.00e+00 
 1.17553406430830e-09   0.00e+00 
 1.17603852671292e-09   0.00e+00 
 1.17654299947975e-09   0.00e+00 
 1.17704748260616e-09   0.00e+00 
 1.17755197608948e-09   0.00e+00 
 1.17805647992708e-09   0.00e+00 
 1.17856099411632e-09   0.00e+00 
 1.17906551865456e-09   0.00e+00 
 1.17957005353915e-09   0.00e+00 
 1.18007459876746e-09   0.00e+00 
 1.18057915433686e-09   0.00e+00 
 1.18108372024471e-09   0.00e+00 
 1.18158829648837e-09   0.00e+00 
 1.18209288306522e-09   0.00e+00 
 1.18259747997262e-09   0.00e+00 
 1.18310208720795e-09   0.00e+00 
 1.18360670476858e-09   0.00e+00 
 1.18411133265188e-09   0.00e+00 
 1.18461597085523e-09   0.00e+00 
 1.18512061937601e-09   0.00e+00 
 1.18562527821158e-09   0.00e+00 
 1.18612994735934e-09   0.00e+00 
 1.18663462681666e-09   0.00e+00 
 1.18713931658092e-09   0.00e+00 
 1.18764401664950e-09   0.00e+00 
 1.18814872701980e-09   0.00e+00 
 1.18865344768919e-09   0.00e+00 
 1.18915817865505e-09   0.00e+00 
 1.18966291991479e-09   0.00e+00 
 1.19016767146578e-09   0.00e+00 
 1.19067243330542e-09   0.00e+00 
 1.19117720543108e-09   0.00e+00 
 1.19168198784018e-09   0.00e+00 
 1.19218678053009e-09   0.00e+00 
 1.19269158349821e-09   0.00e+00 
 1.19319639674193e-09   0.00e+00 
 1.19370122025865e-09   0.00e+00 
 1.19420605404577e-09   0.00e+00 
 1.19471089810068e-09   0.00e+00 
 1.19521575242077e-09   0.00e+00 
 1.19572061700345e-09   0.00e+00 
 1.19622549184611e-09   0.00e+00 
 1.19673037694615e-09   0.00e+00 
 1.19723527230098e-09   0.00e+00 
 1.19774017790800e-09   0.00e+00 
 1.19824509376460e-09   0.00e+00 
 1.19875001986818e-09   0.00e+00 
 1.19925495621616e-09   0.00e+00 
 1.19975990280594e-09   0.00e+00 
 1.20026485963491e-09   0.00e+00 
 1.20076982670049e-09   0.00e+00 
 1.20127480400008e-09   0.00e+00 
 1.20177979153108e-09   0.00e+00 
 1.20228478929090e-09   0.00e+00 
 1.20278979727696e-09   0.00e+00 
 1.20329481548665e-09   0.00e+00 
 1.20379984391739e-09   0.00e+00 
 1.20430488256658e-09   0.00e+00 
 1.20480993143164e-09   0.00e+00 
 1.20531499050997e-09   0.00e+00 
 1.20582005979899e-09   0.00e+00 
 1.20632513929609e-09   0.00e+00 
 1.20683022899871e-09   0.00e+00 
 1.20733532890424e-09   0.00e+00 
 1.20784043901011e-09   0.00e+00 
 1.20834555931372e-09   0.00e+00 
 1.20885068981248e-09   0.00e+00 
 1.20935583050381e-09   0.00e+00 
 1.20986098138513e-09   0.00e+00 
 1.21036614245385e-09   0.00e+00 
 1.21087131370738e-09   0.00e+00 
 1.21137649514314e-09   0.00e+00 
 1.21188168675855e-09   0.00e+00 
 1.21238688855101e-09   0.00e+00 
 1.21289210051796e-09   0.00e+00 
 1.21339732265680e-09   0.00e+00 
 1.21390255496496e-09   0.00e+00 
 1.21440779743985e-09   0.00e+00 
 1.21491305007889e-09   0.00e+00 
 1.21541831287950e-09   0.00e+00 
 1.21592358583910e-09   0.00e+00 
 1.21642886895511e-09   0.00e+00 
 1.21693416222495e-09   0.00e+00 
 1.21743946564604e-09   0.00e+00 
 1.21794477921581e-09   0.00e+00 
 1.21845010293167e-09   0.00e+00 
 1.21895543679105e-09   0.00e+00 
 1.21946078079136e-09   0.00e+00 
 1.21996613493005e-09   0.00e+00 
 1.22047149920452e-09   0.00e+00 
 1.22097687361221e-09   0.00e+00 
 1.22148225815053e-09   0.00e+00 
 1.22198765281692e-09   0.00e+00 
 1.22249305760880e-09   0.00e+00 
 1.22299847252360e-09   0.00e+00 
 1.22350389755875e-09   0.00e+00 
 1.22400933271166e-09   0.00e+00 
 1.22451477797978e-09   0.00e+00 
 1.22502023336053e-09   0.00e+00 
 1.22552569885135e-09   0.00e+00 
 1.22603117444965e-09   0.00e+00 
 1.22653666015288e-09   0.00e+00 
 1.22704215595846e-09   0.00e+00 
 1.22754766186384e-09   0.00e+00 
 1.22805317786643e-09   0.00e+00 
 1.22855870396368e-09   0.00e+00 
 1.22906424015302e-09   0.00e+00 
 1.22956978643188e-09   0.00e+00 
 1.23007534279771e-09   0.00e+00 
 1.23058090924793e-09   0.00e+00 
 1.23108648578000e-09   0.00e+00 
 1.23159207239133e-09   0.00e+00 
 1.23209766907938e-09   0.00e+00 
 1.23260327584159e-09   0.00e+00 
 1.23310889267538e-09   0.00e+00 
 1.23361451957822e-09   0.00e+00 
 1.23412015654754e-09   0.00e+00 
 1.23462580358077e-09   0.00e+00 
 1.23513146067538e-09   0.00e+00 
 1.23563712782879e-09   0.00e+00 
 1.23614280503847e-09   0.00e+00 
 1.23664849230185e-09   0.00e+00 
 1.23715418961638e-09   0.00e+00 
 1.23765989697951e-09   0.00e+00 
 1.23816561438869e-09   0.00e+00 
 1.23867134184138e-09   0.00e+00 
 1.23917707933501e-09   0.00e+00 
 1.23968282686706e-09   0.00e+00 
 1.24018858443496e-09   0.00e+00 
 1.24069435203617e-09   0.00e+00 
 1.24120012966815e-09   0.00e+00 
 1.24170591732836e-09   0.00e+00 
 1.24221171501424e-09   0.00e+00 
 1.24271752272327e-09   0.00e+00 
 1.24322334045290e-09   0.00e+00 
 1.24372916820059e-09   0.00e+00 
 1.24423500596380e-09   0.00e+00 
 1.24474085373999e-09   0.00e+00 
 1.24524671152663e-09   0.00e+00 
 1.24575257932119e-09   0.00e+00 
 1.24625845712112e-09   0.00e+00 
 1.24676434492389e-09   0.00e+00 
 1.24727024272698e-09   0.00e+00 
 1.24777615052785e-09   0.00e+00 
 1.24828206832397e-09   0.00e+00 
 1.24878799611282e-09   0.00e+00 
 1.24929393389186e-09   0.00e+00 
 1.24979988165856e-09   0.00e+00 
 1.25030583941041e-09   0.00e+00 
 1.25081180714488e-09   0.00e+00 
 1.25131778485944e-09   0.00e+00 
 1.25182377255158e-09   0.00e+00 
 1.25232977021877e-09   0.00e+00 
 1.25283577785849e-09   0.00e+00 
 1.25334179546823e-09   0.00e+00 
 1.25384782304546e-09   0.00e+00 
 1.25435386058767e-09   0.00e+00 
 1.25485990809234e-09   0.00e+00 
 1.25536596555697e-09   0.00e+00 
 1.25587203297903e-09   0.00e+00 
 1.25637811035602e-09   0.00e+00 
 1.25688419768543e-09   0.00e+00 
 1.25739029496474e-09   0.00e+00 
 1.25789640219145e-09   0.00e+00 
 1.25840251936305e-09   0.00e+00 
 1.25890864647704e-09   0.00e+00 
 1.25941478353091e-09   0.00e+00 
 1.25992093052215e-09   0.00e+00 
 1.26042708744827e-09   0.00e+00 
 1.26093325430677e-09   0.00e+00 
 1.26143943109514e-09   0.00e+00 
 1.26194561781089e-09   0.00e+00 
 1.26245181445152e-09   0.00e+00 
 1.26295802101453e-09   0.00e+00 
 1.26346423749743e-09   0.00e+00 
 1.26397046389772e-09   0.00e+00 
 1.26447670021292e-09   0.00e+00 
 1.26498294644053e-09   0.00e+00 
 1.26548920257806e-09   0.00e+00 
 1.26599546862302e-09   0.00e+00 
 1.26650174457292e-09   0.00e+00 
 1.26700803042529e-09   0.00e+00 
 1.26751432617762e-09   0.00e+00 
 1.26802063182745e-09   0.00e+00 
 1.26852694737228e-09   0.00e+00 
 1.26903327280963e-09   0.00e+00 
 1.26953960813703e-09   0.00e+00 
 1.27004595335200e-09   0.00e+00 
 1.27055230845205e-09   0.00e+00 
 1.27105867343471e-09   0.00e+00 
 1.27156504829751e-09   0.00e+00 
 1.27207143303797e-09   0.00e+00 
 1.27257782765361e-09   0.00e+00 
 1.27308423214197e-09   0.00e+00 
 1.27359064650057e-09   0.00e+00 
 1.27409707072695e-09   0.00e+00 
 1.27460350481863e-09   0.00e+00 
 1.27510994877315e-09   0.00e+00 
 1.27561640258805e-09   0.00e+00 
 1.27612286626085e-09   0.00e+00 
 1.27662933978909e-09   0.00e+00 
 1.27713582317032e-09   0.00e+00 
 1.27764231640206e-09   0.00e+00 
 1.27814881948186e-09   0.00e+00 
 1.27865533240726e-09   0.00e+00 
 1.27916185517580e-09   0.00e+00 
 1.27966838778502e-09   0.00e+00 
 1.28017493023247e-09   0.00e+00 
 1.28068148251568e-09   0.00e+00 
 1.28118804463222e-09   0.00e+00 
 1.28169461657962e-09   0.00e+00 
 1.28220119835542e-09   0.00e+00 
 1.28270778995719e-09   0.00e+00 
 1.28321439138247e-09   0.00e+00 
 1.28372100262881e-09   0.00e+00 
 1.28422762369377e-09   0.00e+00 
 1.28473425457488e-09   0.00e+00 
 1.28524089526972e-09   0.00e+00 
 1.28574754577583e-09   0.00e+00 
 1.28625420609077e-09   0.00e+00 
 1.28676087621209e-09   0.00e+00 
 1.28726755613736e-09   0.00e+00 
 1.28777424586413e-09   0.00e+00 
 1.28828094538996e-09   0.00e+00 
 1.28878765471241e-09   0.00e+00 
 1.28929437382904e-09   0.00e+00 
 1.28980110273741e-09   0.00e+00 
 1.29030784143508e-09   0.00e+00 
 1.29081458991962e-09   0.00e+00 
 1.29132134818859e-09   0.00e+00 
 1.29182811623956e-09   0.00e+00 
 1.29233489407008e-09   0.00e+00 
 1.29284168167773e-09   0.00e+00 
 1.29334847906007e-09   0.00e+00 
 1.29385528621467e-09   0.00e+00 
 1.29436210313910e-09   0.00e+00 
 1.29486892983092e-09   0.00e+00 
 1.29537576628770e-09   0.00e+00 
 1.29588261250702e-09   0.00e+00 
 1.29638946848644e-09   0.00e+00 
 1.29689633422354e-09   0.00e+00 
 1.29740320971588e-09   0.00e+00 
 1.29791009496103e-09   0.00e+00 
 1.29841698995657e-09   0.00e+00 
 1.29892389470007e-09   0.00e+00 
 1.29943080918911e-09   0.00e+00 
 1.29993773342125e-09   0.00e+00 
 1.30044466739407e-09   0.00e+00 
 1.30095161110515e-09   0.00e+00 
 1.30145856455205e-09   0.00e+00 
 1.30196552773236e-09   0.00e+00 
 1.30247250064365e-09   0.00e+00 
 1.30297948328348e-09   0.00e+00 
 1.30348647564945e-09   0.00e+00 
 1.30399347773913e-09   0.00e+00 
 1.30450048955008e-09   0.00e+00 
 1.30500751107989e-09   0.00e+00 
 1.30551454232614e-09   0.00e+00 
 1.30602158328640e-09   0.00e+00 
 1.30652863395825e-09   0.00e+00 
 1.30703569433926e-09   0.00e+00 
 1.30754276442701e-09   0.00e+00 
 1.30804984421909e-09   0.00e+00 
 1.30855693371307e-09   0.00e+00 
 1.30906403290652e-09   0.00e+00 
 1.30957114179703e-09   0.00e+00 
 1.31007826038217e-09   0.00e+00 
 1.31058538865952e-09   0.00e+00 
 1.31109252662666e-09   0.00e+00 
 1.31159967428117e-09   0.00e+00 
 1.31210683162063e-09   0.00e+00 
 1.31261399864261e-09   0.00e+00 
 1.31312117534470e-09   0.00e+00 
 1.31362836172447e-09   0.00e+00 
 1.31413555777950e-09   0.00e+00 
 1.31464276350737e-09   0.00e+00 
 1.31514997890566e-09   0.00e+00 
 1.31565720397195e-09   0.00e+00 
 1.31616443870382e-09   0.00e+00 
 1.31667168309884e-09   0.00e+00 
 1.31717893715460e-09   0.00e+00 
 1.31768620086868e-09   0.00e+00 
 1.31819347423864e-09   0.00e+00 
 1.31870075726209e-09   0.00e+00 
 1.31920804993658e-09   0.00e+00 
 1.31971535225971e-09   0.00e+00 
 1.32022266422904e-09   0.00e+00 
 1.32072998584217e-09   0.00e+00 
 1.32123731709667e-09   0.00e+00 
 1.32174465799011e-09   0.00e+00 
 1.32225200852008e-09   0.00e+00 
 1.32275936868416e-09   0.00e+00 
 1.32326673847993e-09   0.00e+00 
 1.32377411790496e-09   0.00e+00 
 1.32428150695684e-09   0.00e+00 
 1.32478890563314e-09   0.00e+00 
 1.32529631393145e-09   0.00e+00 
 1.32580373184934e-09   0.00e+00 
 1.32631115938440e-09   0.00e+00 
 1.32681859653420e-09   0.00e+00 
 1.32732604329633e-09   0.00e+00 
 1.32783349966836e-09   0.00e+00 
 1.32834096564787e-09   0.00e+00 
 1.32884844123245e-09   0.00e+00 
 1.32935592641968e-09   0.00e+00 
 1.32986342120712e-09   0.00e+00 
 1.33037092559238e-09   0.00e+00 
 1.33087843957302e-09   0.00e+00 
 1.33138596314663e-09   0.00e+00 
 1.33189349631079e-09   0.00e+00 
 1.33240103906308e-09   0.00e+00 
 1.33290859140108e-09   0.00e+00 
 1.33341615332237e-09   0.00e+00 
 1.33392372482454e-09   0.00e+00 
 1.33443130590516e-09   0.00e+00 
 1.33493889656183e-09   0.00e+00 
 1.33544649679212e-09   0.00e+00 
 1.33595410659361e-09   0.00e+00 
 1.33646172596389e-09   0.00e+00 
 1.33696935490054e-09   0.00e+00 
 1.33747699340114e-09   0.00e+00 
 1.33798464146328e-09   0.00e+00 
 1.33849229908455e-09   0.00e+00 
 1.33899996626252e-09   0.00e+00 
 1.33950764299479e-09   0.00e+00 
 1.34001532927893e-09   0.00e+00 
 1.34052302511254e-09   0.00e+00 
 1.34103073049319e-09   0.00e+00 
 1.34153844541849e-09   0.00e+00 
 1.34204616988600e-09   0.00e+00 
 1.34255390389332e-09   0.00e+00 
 1.34306164743804e-09   0.00e+00 
 1.34356940051775e-09   0.00e+00 
 1.34407716313002e-09   0.00e+00 
 1.34458493527246e-09   0.00e+00 
 1.34509271694266e-09   0.00e+00 
 1.34560050813819e-09   0.00e+00 
 1.34610830885665e-09   0.00e+00 
 1.34661611909564e-09   0.00e+00 
 1.34712393885274e-09   0.00e+00 
 1.34763176812555e-09   0.00e+00 
 1.34813960691165e-09   0.00e+00 
 1.34864745520865e-09   0.00e+00 
 1.34915531301412e-09   0.00e+00 
 1.34966318032568e-09   0.00e+00 
 1.35017105714091e-09   0.00e+00 
 1.35067894345741e-09   0.00e+00 
 1.35118683927277e-09   0.00e+00 
 1.35169474458459e-09   0.00e+00 
 1.35220265939047e-09   0.00e+00 
 1.35271058368800e-09   0.00e+00 
 1.35321851747478e-09   0.00e+00 
 1.35372646074841e-09   0.00e+00 
 1.35423441350650e-09   0.00e+00 
 1.35474237574663e-09   0.00e+00 
 1.35525034746642e-09   0.00e+00 
 1.35575832866346e-09   0.00e+00 
 1.35626631933535e-09   0.00e+00 
 1.35677431947970e-09   0.00e+00 
 1.35728232909411e-09   0.00e+00 
 1.35779034817618e-09   0.00e+00 
 1.35829837672352e-09   0.00e+00 
 1.35880641473374e-09   0.00e+00 
 1.35931446220444e-09   0.00e+00 
 1.35982251913322e-09   0.00e+00 
 1.36033058551771e-09   0.00e+00 
 1.36083866135549e-09   0.00e+00 
 1.36134674664419e-09   0.00e+00 
 1.36185484138141e-09   0.00e+00 
 1.36236294556476e-09   0.00e+00 
 1.36287105919185e-09   0.00e+00 
 1.36337918226031e-09   0.00e+00 
 1.36388731476773e-09   0.00e+00 
 1.36439545671173e-09   0.00e+00 
 1.36490360808993e-09   0.00e+00 
 1.36541176889995e-09   0.00e+00 
 1.36591993913939e-09   0.00e+00 
 1.36642811880587e-09   0.00e+00 
 1.36693630789702e-09   0.00e+00 
 1.36744450641045e-09   0.00e+00 
 1.36795271434377e-09   0.00e+00 
 1.36846093169462e-09   0.00e+00 
 1.36896915846061e-09   0.00e+00 
 1.36947739463935e-09   0.00e+00 
 1.36998564022848e-09   0.00e+00 
 1.37049389522562e-09   0.00e+00 
 1.37100215962839e-09   0.00e+00 
 1.37151043343442e-09   0.00e+00 
 1.37201871664132e-09   0.00e+00 
 1.37252700924674e-09   0.00e+00 
 1.37303531124829e-09   0.00e+00 
 1.37354362264360e-09   0.00e+00 
 1.37405194343030e-09   0.00e+00 
 1.37456027360603e-09   0.00e+00 
 1.37506861316841e-09   0.00e+00 
 1.37557696211507e-09   0.00e+00 
 1.37608532044365e-09   0.00e+00 
 1.37659368815178e-09   0.00e+00 
 1.37710206523709e-09   0.00e+00 
 1.37761045169722e-09   0.00e+00 
 1.37811884752981e-09   0.00e+00 
 1.37862725273249e-09   0.00e+00 
 1.37913566730289e-09   0.00e+00 
 1.37964409123867e-09   0.00e+00 
 1.38015252453744e-09   0.00e+00 
 1.38066096719687e-09   0.00e+00 
 1.38116941921458e-09   0.00e+00 
 1.38167788058822e-09   0.00e+00 
 1.38218635131543e-09   0.00e+00 
 1.38269483139386e-09   0.00e+00 
 1.38320332082115e-09   0.00e+00 
 1.38371181959494e-09   0.00e+00 
 1.38422032771288e-09   0.00e+00 
 1.38472884517262e-09   0.00e+00 
 1.38523737197180e-09   0.00e+00 
 1.38574590810807e-09   0.00e+00 
 1.38625445357909e-09   0.00e+00 
 1.38676300838250e-09   0.00e+00 
 1.38727157251596e-09   0.00e+00 
 1.38778014597711e-09   0.00e+00 
 1.38828872876361e-09   0.00e+00 
 1.38879732087311e-09   0.00e+00 
 1.38930592230326e-09   0.00e+00 
 1.38981453305173e-09   0.00e+00 
 1.39032315311616e-09   0.00e+00 
 1.39083178249422e-09   0.00e+00 
 1.39134042118355e-09   0.00e+00 
 1.39184906918183e-09   0.00e+00 
 1.39235772648669e-09   0.00e+00 
 1.39286639309582e-09   0.00e+00 
 1.39337506900686e-09   0.00e+00 
 1.39388375421748e-09   0.00e+00 
 1.39439244872534e-09   0.00e+00 
 1.39490115252810e-09   0.00e+00 
 1.39540986562342e-09   0.00e+00 
 1.39591858800897e-09   0.00e+00 
 1.39642731968242e-09   0.00e+00 
 1.39693606064142e-09   0.00e+00 
 1.39744481088364e-09   0.00e+00 
 1.39795357040676e-09   0.00e+00 
 1.39846233920842e-09   0.00e+00 
 1.39897111728632e-09   0.00e+00 
 1.39947990463810e-09   0.00e+00 
 1.39998870126144e-09   0.00e+00 
 1.40049750715401e-09   0.00e+00 
 1.40100632231348e-09   0.00e+00 
 1.40151514673752e-09   0.00e+00 
 1.40202398042380e-09   0.00e+00 
 1.40253282336999e-09   0.00e+00 
 1.40304167557376e-09   0.00e+00 
 1.40355053703278e-09   0.00e+00 
 1.40405940774474e-09   0.00e+00 
 1.40456828770729e-09   0.00e+00 
 1.40507717691812e-09   0.00e+00 
 1.40558607537489e-09   0.00e+00 
 1.40609498307529e-09   0.00e+00 
 1.40660390001698e-09   0.00e+00 
 1.40711282619764e-09   0.00e+00 
 1.40762176161495e-09   0.00e+00 
 1.40813070626659e-09   0.00e+00 
 1.40863966015022e-09   0.00e+00 
 1.40914862326352e-09   0.00e+00 
 1.40965759560418e-09   0.00e+00 
 1.41016657716986e-09   0.00e+00 
 1.41067556795825e-09   0.00e+00 
 1.41118456796702e-09   0.00e+00 
 1.41169357719385e-09   0.00e+00 
 1.41220259563642e-09   0.00e+00 
 1.41271162329241e-09   0.00e+00 
 1.41322066015949e-09   0.00e+00 
 1.41372970623534e-09   0.00e+00 
 1.41423876151764e-09   0.00e+00 
 1.41474782600408e-09   0.00e+00 
 1.41525689969232e-09   0.00e+00 
 1.41576598258005e-09   0.00e+00 
 1.41627507466494e-09   0.00e+00 
 1.41678417594469e-09   0.00e+00 
 1.41729328641696e-09   0.00e+00 
 1.41780240607943e-09   0.00e+00 
 1.41831153492979e-09   0.00e+00 
 1.41882067296571e-09   0.00e+00 
 1.41932982018488e-09   0.00e+00 
 1.41983897658497e-09   0.00e+00 
 1.42034814216366e-09   0.00e+00 
 1.42085731691864e-09   0.00e+00 
 1.42136650084758e-09   0.00e+00 
 1.42187569394816e-09   0.00e+00 
 1.42238489621807e-09   0.00e+00 
 1.42289410765498e-09   0.00e+00 
 1.42340332825657e-09   0.00e+00 
 1.42391255802053e-09   0.00e+00 
 1.42442179694453e-09   0.00e+00 
 1.42493104502625e-09   0.00e+00 
 1.42544030226338e-09   0.00e+00 
 1.42594956865358e-09   0.00e+00 
 1.42645884419456e-09   0.00e+00 
 1.42696812888397e-09   0.00e+00 
 1.42747742271951e-09   0.00e+00 
 1.42798672569886e-09   0.00e+00 
 1.42849603781968e-09   0.00e+00 
 1.42900535907968e-09   0.00e+00 
 1.42951468947651e-09   0.00e+00 
 1.43002402900787e-09   0.00e+00 
 1.43053337767143e-09   0.00e+00 
 1.43104273546488e-09   0.00e+00 
 1.43155210238589e-09   0.00e+00 
 1.43206147843214e-09   0.00e+00 
 1.43257086360132e-09   0.00e+00 
 1.43308025789110e-09   0.00e+00 
 1.43358966129916e-09   0.00e+00 
 1.43409907382319e-09   0.00e+00 
 1.43460849546087e-09   0.00e+00 
 1.43511792620987e-09   0.00e+00 
 1.43562736606787e-09   0.00e+00 
 1.43613681503256e-09   0.00e+00 
 1.43664627310161e-09   0.00e+00 
 1.43715574027272e-09   0.00e+00 
 1.43766521654354e-09   0.00e+00 
 1.43817470191178e-09   0.00e+00 
 1.43868419637510e-09   0.00e+00 
 1.43919369993119e-09   0.00e+00 
 1.43970321257773e-09   0.00e+00 
 1.44021273431240e-09   0.00e+00 
 1.44072226513289e-09   0.00e+00 
 1.44123180503686e-09   0.00e+00 
 1.44174135402201e-09   0.00e+00 
 1.44225091208602e-09   0.00e+00 
 1.44276047922656e-09   0.00e+00 
 1.44327005544132e-09   0.00e+00 
 1.44377964072798e-09   0.00e+00 
 1.44428923508423e-09   0.00e+00 
 1.44479883850774e-09   0.00e+00 
 1.44530845099619e-09   0.00e+00 
 1.44581807254728e-09   0.00e+00 
 1.44632770315869e-09   0.00e+00 
 1.44683734282809e-09   0.00e+00 
 1.44734699155317e-09   0.00e+00 
 1.44785664933161e-09   0.00e+00 
 1.44836631616111e-09   0.00e+00 
 1.44887599203933e-09   0.00e+00 
 1.44938567696398e-09   0.00e+00 
 1.44989537093272e-09   0.00e+00 
 1.45040507394325e-09   0.00e+00 
 1.45091478599326e-09   0.00e+00 
 1.45142450708042e-09   0.00e+00 
 1.45193423720243e-09   0.00e+00 
 1.45244397635697e-09   0.00e+00 
 1.45295372454172e-09   0.00e+00 
 1.45346348175438e-09   0.00e+00 
 1.45397324799264e-09   0.00e+00 
 1.45448302325417e-09   0.00e+00 
 1.45499280753668e-09   0.00e+00 
 1.45550260083784e-09   0.00e+00 
 1.45601240315534e-09   0.00e+00 
 1.45652221448689e-09   0.00e+00 
 1.45703203483016e-09   0.00e+00 
 1.45754186418285e-09   0.00e+00 
 1.45805170254264e-09   0.00e+00 
 1.45856154990724e-09   0.00e+00 
 1.45907140627433e-09   0.00e+00 
 1.45958127164160e-09   0.00e+00 
 1.46009114600674e-09   0.00e+00 
 1.46060102936746e-09   0.00e+00 
 1.46111092172144e-09   0.00e+00 
 1.46162082306638e-09   0.00e+00 
 1.46213073339997e-09   0.00e+00 
 1.46264065271991e-09   0.00e+00 
 1.46315058102389e-09   0.00e+00 
 1.46366051830962e-09   0.00e+00 
 1.46417046457478e-09   0.00e+00 
 1.46468041981707e-09   0.00e+00 
 1.46519038403420e-09   0.00e+00 
 1.46570035722387e-09   0.00e+00 
 1.46621033938376e-09   0.00e+00 
 1.46672033051158e-09   0.00e+00 
 1.46723033060504e-09   0.00e+00 
 1.46774033966182e-09   0.00e+00 
 1.46825035767965e-09   0.00e+00 
 1.46876038465620e-09   0.00e+00 
 1.46927042058920e-09   0.00e+00 
 1.46978046547634e-09   0.00e+00 
 1.47029051931533e-09   0.00e+00 
 1.47080058210387e-09   0.00e+00 
 1.47131065383966e-09   0.00e+00 
 1.47182073452042e-09   0.00e+00 
 1.47233082414385e-09   0.00e+00 
 1.47284092270766e-09   0.00e+00 
 1.47335103020955e-09   0.00e+00 
 1.47386114664723e-09   0.00e+00 
 1.47437127201842e-09   0.00e+00 
 1.47488140632082e-09   0.00e+00 
 1.47539154955214e-09   0.00e+00 
 1.47590170171010e-09   0.00e+00 
 1.47641186279241e-09   0.00e+00 
 1.47692203279678e-09   0.00e+00 
 1.47743221172092e-09   0.00e+00 
 1.47794239956255e-09   0.00e+00 
 1.47845259631938e-09   0.00e+00 
 1.47896280198913e-09   0.00e+00 
 1.47947301656951e-09   0.00e+00 
 1.47998324005825e-09   0.00e+00 
 1.48049347245306e-09   0.00e+00 
 1.48100371375165e-09   0.00e+00 
 1.48151396395175e-09   0.00e+00 
 1.48202422305108e-09   0.00e+00 
 1.48253449104736e-09   0.00e+00 
 1.48304476793830e-09   0.00e+00 
 1.48355505372164e-09   0.00e+00 
 1.48406534839510e-09   0.00e+00 
 1.48457565195639e-09   0.00e+00 
 1.48508596440324e-09   0.00e+00 
 1.48559628573339e-09   0.00e+00 
 1.48610661594455e-09   0.00e+00 
 1.48661695503445e-09   0.00e+00 
 1.48712730300082e-09   0.00e+00 
 1.48763765984138e-09   0.00e+00 
 1.48814802555388e-09   0.00e+00 
 1.48865840013603e-09   0.00e+00 
 1.48916878358557e-09   0.00e+00 
 1.48967917590023e-09   0.00e+00 
 1.49018957707773e-09   0.00e+00 
 1.49069998711583e-09   0.00e+00 
 1.49121040601224e-09   0.00e+00 
 1.49172083376471e-09   0.00e+00 
 1.49223127037096e-09   0.00e+00 
 1.49274171582874e-09   0.00e+00 
 1.49325217013578e-09   0.00e+00 
 1.49376263328982e-09   0.00e+00 
 1.49427310528860e-09   0.00e+00 
 1.49478358612986e-09   0.00e+00 
 1.49529407581133e-09   0.00e+00 
 1.49580457433077e-09   0.00e+00 
 1.49631508168590e-09   0.00e+00 
 1.49682559787448e-09   0.00e+00 
 1.49733612289425e-09   0.00e+00 
 1.49784665674294e-09   0.00e+00 
 1.49835719941832e-09   0.00e+00 
 1.49886775091811e-09   0.00e+00 
 1.49937831124007e-09   0.00e+00 
 1.49988888038194e-09   0.00e+00 
 1.50039945834148e-09   0.00e+00 
 1.50091004511643e-09   0.00e+00 
 1.50142064070453e-09   0.00e+00 
 1.50193124510355e-09   0.00e+00 
 1.50244185831123e-09   0.00e+00 
 1.50295248032533e-09   0.00e+00 
 1.50346311114358e-09   0.00e+00 
 1.50397375076376e-09   0.00e+00 
 1.50448439918361e-09   0.00e+00 
 1.50499505640088e-09   0.00e+00 
 1.50550572241333e-09   0.00e+00 
 1.50601639721872e-09   0.00e+00 
 1.50652708081480e-09   0.00e+00 
 1.50703777319933e-09   0.00e+00 
 1.50754847437007e-09   0.00e+00 
 1.50805918432478e-09   0.00e+00 
 1.50856990306120e-09   0.00e+00 
 1.50908063057712e-09   0.00e+00 
 1.50959136687027e-09   0.00e+00 
 1.51010211193843e-09   0.00e+00 
 1.51061286577935e-09   0.00e+00 
 1.51112362839081e-09   0.00e+00 
 1.51163439977055e-09   0.00e+00 
 1.51214517991634e-09   0.00e+00 
 1.51265596882595e-09   0.00e+00 
 1.51316676649714e-09   0.00e+00 
 1.51367757292767e-09   0.00e+00 
 1.51418838811532e-09   0.00e+00 
 1.51469921205783e-09   0.00e+00 
 1.51521004475299e-09   0.00e+00 
 1.51572088619855e-09   0.00e+00 
 1.51623173639229e-09   0.00e+00 
 1.51674259533197e-09   0.00e+00 
 1.51725346301536e-09   0.00e+00 
 1.51776433944022e-09   0.00e+00 
 1.51827522460433e-09   0.00e+00 
 1.51878611850545e-09   0.00e+00 
 1.51929702114135e-09   0.00e+00 
 1.51980793250981e-09   0.00e+00 
 1.52031885260859e-09   0.00e+00 
 1.52082978143546e-09   0.00e+00 
 1.52134071898820e-09   0.00e+00 
 1.52185166526457e-09   0.00e+00 
 1.52236262026235e-09   0.00e+00 
 1.52287358397930e-09   0.00e+00 
 1.52338455641320e-09   0.00e+00 
 1.52389553756182e-09   0.00e+00 
 1.52440652742294e-09   0.00e+00 
 1.52491752599432e-09   0.00e+00 
 1.52542853327375e-09   0.00e+00 
 1.52593954925898e-09   0.00e+00 
 1.52645057394780e-09   0.00e+00 
 1.52696160733798e-09   0.00e+00 
 1.52747264942730e-09   0.00e+00 
 1.52798370021352e-09   0.00e+00 
 1.52849475969442e-09   0.00e+00 
 1.52900582786778e-09   0.00e+00 
 1.52951690473136e-09   0.00e+00 
 1.53002799028296e-09   0.00e+00 
 1.53053908452033e-09   0.00e+00 
 1.53105018744126e-09   0.00e+00 
 1.53156129904352e-09   0.00e+00 
 1.53207241932488e-09   0.00e+00 
 1.53258354828313e-09   0.00e+00 
 1.53309468591604e-09   0.00e+00 
 1.53360583222137e-09   0.00e+00 
 1.53411698719692e-09   0.00e+00 
 1.53462815084045e-09   0.00e+00 
 1.53513932314975e-09   0.00e+00 
 1.53565050412258e-09   0.00e+00 
 1.53616169375673e-09   0.00e+00 
 1.53667289204997e-09   0.00e+00 
 1.53718409900008e-09   0.00e+00 
 1.53769531460483e-09   0.00e+00 
 1.53820653886201e-09   0.00e+00 
 1.53871777176939e-09   0.00e+00 
 1.53922901332474e-09   0.00e+00 
 1.53974026352585e-09   0.00e+00 
 1.54025152237049e-09   0.00e+00 
 1.54076278985644e-09   0.00e+00 
 1.54127406598148e-09   0.00e+00 
 1.54178535074338e-09   0.00e+00 
 1.54229664413993e-09   0.00e+00 
 1.54280794616891e-09   0.00e+00 
 1.54331925682808e-09   0.00e+00 
 1.54383057611523e-09   0.00e+00 
 1.54434190402815e-09   0.00e+00 
 1.54485324056459e-09   0.00e+00 
 1.54536458572236e-09   0.00e+00 
 1.54587593949922e-09   0.00e+00 
 1.54638730189296e-09   0.00e+00 
 1.54689867290135e-09   0.00e+00 
 1.54741005252218e-09   0.00e+00 
 1.54792144075322e-09   0.00e+00 
 1.54843283759225e-09   0.00e+00 
 1.54894424303707e-09   0.00e+00 
 1.54945565708543e-09   0.00e+00 
 1.54996707973514e-09   0.00e+00 
 1.55047851098396e-09   0.00e+00 
 1.55098995082968e-09   0.00e+00 
 1.55150139927008e-09   0.00e+00 
 1.55201285630294e-09   0.00e+00 
 1.55252432192605e-09   0.00e+00 
 1.55303579613718e-09   0.00e+00 
 1.55354727893413e-09   0.00e+00 
 1.55405877031466e-09   0.00e+00 
 1.55457027027657e-09   0.00e+00 
 1.55508177881764e-09   0.00e+00 
 1.55559329593565e-09   0.00e+00 
 1.55610482162838e-09   0.00e+00 
 1.55661635589363e-09   0.00e+00 
 1.55712789872917e-09   0.00e+00 
 1.55763945013279e-09   0.00e+00 
 1.55815101010227e-09   0.00e+00 
 1.55866257863540e-09   0.00e+00 
 1.55917415572998e-09   0.00e+00 
 1.55968574138377e-09   0.00e+00 
 1.56019733559457e-09   0.00e+00 
 1.56070893836017e-09   0.00e+00 
 1.56122054967835e-09   0.00e+00 
 1.56173216954691e-09   0.00e+00 
 1.56224379796362e-09   0.00e+00 
 1.56275543492629e-09   0.00e+00 
 1.56326708043269e-09   0.00e+00 
 1.56377873448062e-09   0.00e+00 
 1.56429039706786e-09   0.00e+00 
 1.56480206819222e-09   0.00e+00 
 1.56531374785147e-09   0.00e+00 
 1.56582543604341e-09   0.00e+00 
 1.56633713276584e-09   0.00e+00 
 1.56684883801653e-09   0.00e+00 
 1.56736055179330e-09   0.00e+00 
 1.56787227409392e-09   0.00e+00 
 1.56838400491620e-09   0.00e+00 
 1.56889574425792e-09   0.00e+00 
 1.56940749211689e-09   0.00e+00 
 1.56991924849089e-09   0.00e+00 
 1.57043101337773e-09   0.00e+00 
 1.57094278677519e-09   0.00e+00 
 1.57145456868109e-09   0.00e+00 
 1.57196635909320e-09   0.00e+00 
 1.57247815800934e-09   0.00e+00 
 1.57298996542730e-09   0.00e+00 
 1.57350178134487e-09   0.00e+00 
 1.57401360575987e-09   0.00e+00 
 1.57452543867008e-09   0.00e+00 
 1.57503728007331e-09   0.00e+00 
 1.57554912996736e-09   0.00e+00 
 1.57606098835004e-09   0.00e+00 
 1.57657285521914e-09   0.00e+00 
 1.57708473057246e-09   0.00e+00 
 1.57759661440782e-09   0.00e+00 
 1.57810850672302e-09   0.00e+00 
 1.57862040751585e-09   0.00e+00 
 1.57913231678413e-09   0.00e+00 
 1.57964423452567e-09   0.00e+00 
 1.58015616073826e-09   0.00e+00 
 1.58066809541972e-09   0.00e+00 
 1.58118003856786e-09   0.00e+00 
 1.58169199018047e-09   0.00e+00 
 1.58220395025538e-09   0.00e+00 
 1.58271591879039e-09   0.00e+00 
 1.58322789578332e-09   0.00e+00 
 1.58373988123197e-09   0.00e+00 
 1.58425187513416e-09   0.00e+00 
 1.58476387748769e-09   0.00e+00 
 1.58527588829039e-09   0.00e+00 
 1.58578790754007e-09   0.00e+00 
 1.58629993523453e-09   0.00e+00 
 1.58681197137160e-09   0.00e+00 
 1.58732401594910e-09   0.00e+00 
 1.58783606896484e-09   0.00e+00 
 1.58834813041663e-09   0.00e+00 
 1.58886020030230e-09   0.00e+00 
 1.58937227861966e-09   0.00e+00 
 1.58988436536654e-09   0.00e+00 
 1.59039646054076e-09   0.00e+00 
 1.59090856414013e-09   0.00e+00 
 1.59142067616248e-09   0.00e+00 
 1.59193279660563e-09   0.00e+00 
 1.59244492546740e-09   0.00e+00 
 1.59295706274562e-09   0.00e+00 
 1.59346920843812e-09   0.00e+00 
 1.59398136254272e-09   0.00e+00 
 1.59449352505725e-09   0.00e+00 
 1.59500569597953e-09   0.00e+00 
 1.59551787530739e-09   0.00e+00 
 1.59603006303866e-09   0.00e+00 
 1.59654225917118e-09   0.00e+00 
 1.59705446370277e-09   0.00e+00 
 1.59756667663127e-09   0.00e+00 
 1.59807889795450e-09   0.00e+00 
 1.59859112767031e-09   0.00e+00 
 1.59910336577652e-09   0.00e+00 
 1.59961561227097e-09   0.00e+00 
 1.60012786715149e-09   0.00e+00 
 1.60064013041593e-09   0.00e+00 
 1.60115240206212e-09   0.00e+00 
 1.60166468208791e-09   0.00e+00 
 1.60217697049112e-09   0.00e+00 
 1.60268926726960e-09   0.00e+00 
 1.60320157242120e-09   0.00e+00 
 1.60371388594375e-09   0.00e+00 
 1.60422620783510e-09   0.00e+00 
 1.60473853809310e-09   0.00e+00 
 1.60525087671558e-09   0.00e+00 
 1.60576322370040e-09   0.00e+00 
 1.60627557904541e-09   0.00e+00 
 1.60678794274845e-09   0.00e+00 
 1.60730031480737e-09   0.00e+00 
 1.60781269522003e-09   0.00e+00 
 1.60832508398427e-09   0.00e+00 
 1.60883748109795e-09   0.00e+00 
 1.60934988655893e-09   0.00e+00 
 1.60986230036505e-09   0.00e+00 
 1.61037472251418e-09   0.00e+00 
 1.61088715300418e-09   0.00e+00 
 1.61139959183289e-09   0.00e+00 
 1.61191203899819e-09   0.00e+00 
 1.61242449449793e-09   0.00e+00 
 1.61293695832997e-09   0.00e+00 
 1.61344943049219e-09   0.00e+00 
 1.61396191098243e-09   0.00e+00 
 1.61447439979858e-09   0.00e+00 
 1.61498689693850e-09   0.00e+00 
 1.61549940240005e-09   0.00e+00 
 1.61601191618111e-09   0.00e+00 
 1.61652443827955e-09   0.00e+00 
 1.61703696869323e-09   0.00e+00 
 1.61754950742004e-09   0.00e+00 
 1.61806205445785e-09   0.00e+00 
 1.61857460980454e-09   0.00e+00 
 1.61908717345798e-09   0.00e+00 
 1.61959974541605e-09   0.00e+00 
 1.62011232567663e-09   0.00e+00 
 1.62062491423762e-09   0.00e+00 
 1.62113751109688e-09   0.00e+00 
 1.62165011625230e-09   0.00e+00 
 1.62216272970178e-09   0.00e+00 
 1.62267535144320e-09   0.00e+00 
 1.62318798147445e-09   0.00e+00 
 1.62370061979341e-09   0.00e+00 
 1.62421326639799e-09   0.00e+00 
 1.62472592128608e-09   0.00e+00 
 1.62523858445557e-09   0.00e+00 
 1.62575125590435e-09   0.00e+00 
 1.62626393563034e-09   0.00e+00 
 1.62677662363142e-09   0.00e+00 
 1.62728931990550e-09   0.00e+00 
 1.62780202445049e-09   0.00e+00 
 1.62831473726429e-09   0.00e+00 
 1.62882745834480e-09   0.00e+00 
 1.62934018768994e-09   0.00e+00 
 1.62985292529761e-09   0.00e+00 
 1.63036567116573e-09   0.00e+00 
 1.63087842529220e-09   0.00e+00 
 1.63139118767495e-09   0.00e+00 
 1.63190395831189e-09   0.00e+00 
 1.63241673720095e-09   0.00e+00 
 1.63292952434003e-09   0.00e+00 
 1.63344231972706e-09   0.00e+00 
 1.63395512335997e-09   0.00e+00 
 1.63446793523668e-09   0.00e+00 
 1.63498075535512e-09   0.00e+00 
 1.63549358371321e-09   0.00e+00 
 1.63600642030889e-09   0.00e+00 
 1.63651926514009e-09   0.00e+00 
 1.63703211820475e-09   0.00e+00 
 1.63754497950080e-09   0.00e+00 
 1.63805784902617e-09   0.00e+00 
 1.63857072677882e-09   0.00e+00 
 1.63908361275667e-09   0.00e+00 
 1.63959650695768e-09   0.00e+00 
 1.64010940937979e-09   0.00e+00 
 1.64062232002094e-09   0.00e+00 
 1.64113523887908e-09   0.00e+00 
 1.64164816595217e-09   0.00e+00 
 1.64216110123816e-09   0.00e+00 
 1.64267404473500e-09   0.00e+00 
 1.64318699644065e-09   0.00e+00 
 1.64369995635306e-09   0.00e+00 
 1.64421292447020e-09   0.00e+00 
 1.64472590079003e-09   0.00e+00 
 1.64523888531052e-09   0.00e+00 
 1.64575187802962e-09   0.00e+00 
 1.64626487894530e-09   0.00e+00 
 1.64677788805555e-09   0.00e+00 
 1.64729090535832e-09   0.00e+00 
 1.64780393085158e-09   0.00e+00 
 1.64831696453333e-09   0.00e+00 
 1.64883000640153e-09   0.00e+00 
 1.64934305645416e-09   0.00e+00 
 1.64985611468920e-09   0.00e+00 
 1.65036918110463e-09   0.00e+00 
 1.65088225569845e-09   0.00e+00 
 1.65139533846864e-09   0.00e+00 
 1.65190842941318e-09   0.00e+00 
 1.65242152853006e-09   0.00e+00 
 1.65293463581729e-09   0.00e+00 
 1.65344775127285e-09   0.00e+00 
 1.65396087489474e-09   0.00e+00 
 1.65447400668095e-09   0.00e+00 
 1.65498714662950e-09   0.00e+00 
 1.65550029473837e-09   0.00e+00 
 1.65601345100558e-09   0.00e+00 
 1.65652661542912e-09   0.00e+00 
 1.65703978800702e-09   0.00e+00 
 1.65755296873727e-09   0.00e+00 
 1.65806615761789e-09   0.00e+00 
 1.65857935464690e-09   0.00e+00 
 1.65909255982230e-09   0.00e+00 
 1.65960577314211e-09   0.00e+00 
 1.66011899460437e-09   0.00e+00 
 1.66063222420707e-09   0.00e+00 
 1.66114546194826e-09   0.00e+00 
 1.66165870782595e-09   0.00e+00 
 1.66217196183817e-09   0.00e+00 
 1.66268522398295e-09   0.00e+00 
 1.66319849425832e-09   0.00e+00 
 1.66371177266231e-09   0.00e+00 
 1.66422505919296e-09   0.00e+00 
 1.66473835384830e-09   0.00e+00 
 1.66525165662637e-09   0.00e+00 
 1.66576496752521e-09   0.00e+00 
 1.66627828654287e-09   0.00e+00 
 1.66679161367738e-09   0.00e+00 
 1.66730494892679e-09   0.00e+00 
 1.66781829228915e-09   0.00e+00 
 1.66833164376251e-09   0.00e+00 
 1.66884500334492e-09   0.00e+00 
 1.66935837103443e-09   0.00e+00 
 1.66987174682909e-09   0.00e+00 
 1.67038513072697e-09   0.00e+00 
 1.67089852272611e-09   0.00e+00 
 1.67141192282459e-09   0.00e+00 
 1.67192533102045e-09   0.00e+00 
 1.67243874731177e-09   0.00e+00 
 1.67295217169661e-09   0.00e+00 
 1.67346560417304e-09   0.00e+00 
 1.67397904473912e-09   0.00e+00 
 1.67449249339293e-09   0.00e+00 
 1.67500595013253e-09   0.00e+00 
 1.67551941495600e-09   0.00e+00 
 1.67603288786142e-09   0.00e+00 
 1.67654636884685e-09   0.00e+00 
 1.67705985791039e-09   0.00e+00 
 1.67757335505011e-09   0.00e+00 
 1.67808686026410e-09   0.00e+00 
 1.67860037355042e-09   0.00e+00 
 1.67911389490718e-09   0.00e+00 
 1.67962742433246e-09   0.00e+00 
 1.68014096182434e-09   0.00e+00 
 1.68065450738091e-09   0.00e+00 
 1.68116806100027e-09   0.00e+00 
 1.68168162268051e-09   0.00e+00 
 1.68219519241972e-09   0.00e+00 
 1.68270877021600e-09   0.00e+00 
 1.68322235606744e-09   0.00e+00 
 1.68373594997215e-09   0.00e+00 
 1.68424955192821e-09   0.00e+00 
 1.68476316193375e-09   0.00e+00 
 1.68527677998685e-09   0.00e+00 
 1.68579040608562e-09   0.00e+00 
 1.68630404022817e-09   0.00e+00 
 1.68681768241259e-09   0.00e+00 
 1.68733133263702e-09   0.00e+00 
 1.68784499089954e-09   0.00e+00 
 1.68835865719827e-09   0.00e+00 
 1.68887233153132e-09   0.00e+00 
 1.68938601389681e-09   0.00e+00 
 1.68989970429285e-09   0.00e+00 
 1.69041340271756e-09   0.00e+00 
 1.69092710916905e-09   0.00e+00 
 1.69144082364544e-09   0.00e+00 
 1.69195454614485e-09   0.00e+00 
 1.69246827666540e-09   0.00e+00 
 1.69298201520521e-09   0.00e+00 
 1.69349576176240e-09   0.00e+00 
 1.69400951633510e-09   0.00e+00 
 1.69452327892143e-09   0.00e+00 
 1.69503704951952e-09   0.00e+00 
 1.69555082812749e-09   0.00e+00 
 1.69606461474347e-09   0.00e+00 
 1.69657840936560e-09   0.00e+00 
 1.69709221199198e-09   0.00e+00 
 1.69760602262077e-09   0.00e+00 
 1.69811984125009e-09   0.00e+00 
 1.69863366787807e-09   0.00e+00 
 1.69914750250285e-09   0.00e+00 
 1.69966134512256e-09   0.00e+00 
 1.70017519573533e-09   0.00e+00 
 1.70068905433930e-09   0.00e+00 
 1.70120292093261e-09   0.00e+00 
 1.70171679551339e-09   0.00e+00 
 1.70223067807978e-09   0.00e+00 
 1.70274456862993e-09   0.00e+00 
 1.70325846716196e-09   0.00e+00 
 1.70377237367402e-09   0.00e+00 
 1.70428628816426e-09   0.00e+00 
 1.70480021063081e-09   0.00e+00 
 1.70531414107181e-09   0.00e+00 
 1.70582807948541e-09   0.00e+00 
 1.70634202586975e-09   0.00e+00 
 1.70685598022298e-09   0.00e+00 
 1.70736994254323e-09   0.00e+00 
 1.70788391282867e-09   0.00e+00 
 1.70839789107742e-09   0.00e+00 
 1.70891187728765e-09   0.00e+00 
 1.70942587145748e-09   0.00e+00 
 1.70993987358509e-09   0.00e+00 
 1.71045388366860e-09   0.00e+00 
 1.71096790170618e-09   0.00e+00 
 1.71148192769596e-09   0.00e+00 
 1.71199596163611e-09   0.00e+00 
 1.71251000352476e-09   0.00e+00 
 1.71302405336007e-09   0.00e+00 
 1.71353811114020e-09   0.00e+00 
 1.71405217686329e-09   0.00e+00 
 1.71456625052749e-09   0.00e+00 
 1.71508033213096e-09   0.00e+00 
 1.71559442167186e-09   0.00e+00 
 1.71610851914833e-09   0.00e+00 
 1.71662262455852e-09   0.00e+00 
 1.71713673790060e-09   0.00e+00 
 1.71765085917271e-09   0.00e+00 
 1.71816498837302e-09   0.00e+00 
 1.71867912549968e-09   0.00e+00 
 1.71919327055083e-09   0.00e+00 
 1.71970742352465e-09   0.00e+00 
 1.72022158441928e-09   0.00e+00 
 1.72073575323289e-09   0.00e+00 
 1.72124992996362e-09   0.00e+00 
 1.72176411460965e-09   0.00e+00 
 1.72227830716911e-09   0.00e+00 
 1.72279250764018e-09   0.00e+00 
 1.72330671602101e-09   0.00e+00 
 1.72382093230977e-09   0.00e+00 
 1.72433515650460e-09   0.00e+00 
 1.72484938860367e-09   0.00e+00 
 1.72536362860514e-09   0.00e+00 
 1.72587787650718e-09   0.00e+00 
 1.72639213230793e-09   0.00e+00 
 1.72690639600556e-09   0.00e+00 
 1.72742066759823e-09   0.00e+00 
 1.72793494708411e-09   0.00e+00 
 1.72844923446135e-09   0.00e+00 
 1.72896352972812e-09   0.00e+00 
 1.72947783288258e-09   0.00e+00 
 1.72999214392289e-09   0.00e+00 
 1.73050646284721e-09   0.00e+00 
 1.73102078965371e-09   0.00e+00 
 1.73153512434055e-09   0.00e+00 
 1.73204946690590e-09   0.00e+00 
 1.73256381734792e-09   0.00e+00 
 1.73307817566477e-09   0.00e+00 
 1.73359254185462e-09   0.00e+00 
 1.73410691591563e-09   0.00e+00 
 1.73462129784597e-09   0.00e+00 
 1.73513568764381e-09   0.00e+00 
 1.73565008530731e-09   0.00e+00 
 1.73616449083463e-09   0.00e+00 
 1.73667890422394e-09   0.00e+00 
 1.73719332547342e-09   0.00e+00 
 1.73770775458122e-09   0.00e+00 
 1.73822219154551e-09   0.00e+00 
 1.73873663636447e-09   0.00e+00 
 1.73925108903625e-09   0.00e+00 
 1.73976554955904e-09   0.00e+00 
 1.74028001793099e-09   0.00e+00 
 1.74079449415027e-09   0.00e+00 
 1.74130897821506e-09   0.00e+00 
 1.74182347012352e-09   0.00e+00 
 1.74233796987383e-09   0.00e+00 
 1.74285247746415e-09   0.00e+00 
 1.74336699289266e-09   0.00e+00 
 1.74388151615752e-09   0.00e+00 
 1.74439604725691e-09   0.00e+00 
 1.74491058618899e-09   0.00e+00 
 1.74542513295194e-09   0.00e+00 
 1.74593968754394e-09   0.00e+00 
 1.74645424996315e-09   0.00e+00 
 1.74696882020774e-09   0.00e+00 
 1.74748339827590e-09   0.00e+00 
 1.74799798416578e-09   0.00e+00 
 1.74851257787558e-09   0.00e+00 
 1.74902717940345e-09   0.00e+00 
 1.74954178874758e-09   0.00e+00 
 1.75005640590613e-09   0.00e+00 
 1.75057103087729e-09   0.00e+00 
 1.75108566365923e-09   0.00e+00 
 1.75160030425012e-09   0.00e+00 
 1.75211495264815e-09   0.00e+00 
 1.75262960885148e-09   0.00e+00 
 1.75314427285829e-09   0.00e+00 
 1.75365894466677e-09   0.00e+00 
 1.75417362427508e-09   0.00e+00 
 1.75468831168140e-09   0.00e+00 
 1.75520300688392e-09   0.00e+00 
 1.75571770988081e-09   0.00e+00 
 1.75623242067025e-09   0.00e+00 
 1.75674713925042e-09   0.00e+00 
 1.75726186561949e-09   0.00e+00 
 1.75777659977566e-09   0.00e+00 
 1.75829134171709e-09   0.00e+00 
 1.75880609144196e-09   0.00e+00 
 1.75932084894847e-09   0.00e+00 
 1.75983561423478e-09   0.00e+00 
 1.76035038729909e-09   0.00e+00 
 1.76086516813957e-09   0.00e+00 
 1.76137995675440e-09   0.00e+00 
 1.76189475314176e-09   0.00e+00 
 1.76240955729985e-09   0.00e+00 
 1.76292436922684e-09   0.00e+00 
 1.76343918892091e-09   0.00e+00 
 1.76395401638026e-09   0.00e+00 
 1.76446885160305e-09   0.00e+00 
 1.76498369458749e-09   0.00e+00 
 1.76549854533175e-09   0.00e+00 
 1.76601340383401e-09   0.00e+00 
 1.76652827009247e-09   0.00e+00 
 1.76704314410531e-09   0.00e+00 
 1.76755802587072e-09   0.00e+00 
 1.76807291538688e-09   0.00e+00 
 1.76858781265197e-09   0.00e+00 
 1.76910271766420e-09   0.00e+00 
 1.76961763042174e-09   0.00e+00 
 1.77013255092278e-09   0.00e+00 
 1.77064747916552e-09   0.00e+00 
 1.77116241514814e-09   0.00e+00 
 1.77167735886882e-09   0.00e+00 
 1.77219231032577e-09   0.00e+00 
 1.77270726951717e-09   0.00e+00 
 1.77322223644121e-09   0.00e+00 
 1.77373721109609e-09   0.00e+00 
 1.77425219347999e-09   0.00e+00 
 1.77476718359110e-09   0.00e+00 
 1.77528218142762e-09   0.00e+00 
 1.77579718698774e-09   0.00e+00 
 1.77631220026966e-09   0.00e+00 
 1.77682722127157e-09   0.00e+00 
 1.77734224999166e-09   0.00e+00 
 1.77785728642812e-09   0.00e+00 
 1.77837233057916e-09   0.00e+00 
 1.77888738244297e-09   0.00e+00 
 1.77940244201774e-09   0.00e+00 
 1.77991750930167e-09   0.00e+00 
 1.78043258429296e-09   0.00e+00 
 1.78094766698980e-09   0.00e+00 
 1.78146275739039e-09   0.00e+00 
 1.78197785549294e-09   0.00e+00 
 1.78249296129564e-09   0.00e+00 
 1.78300807479668e-09   0.00e+00 
 1.78352319599428e-09   0.00e+00 
 1.78403832488663e-09   0.00e+00 
 1.78455346147193e-09   0.00e+00 
 1.78506860574838e-09   0.00e+00 
 1.78558375771419e-09   0.00e+00 
 1.78609891736756e-09   0.00e+00 
 1.78661408470669e-09   0.00e+00 
 1.78712925972979e-09   0.00e+00 
 1.78764444243506e-09   0.00e+00 
 1.78815963282071e-09   0.00e+00 
 1.78867483088493e-09   0.00e+00 
 1.78919003662595e-09   0.00e+00 
 1.78970525004196e-09   0.00e+00 
 1.79022047113118e-09   0.00e+00 
 1.79073569989181e-09   0.00e+00 
 1.79125093632206e-09   0.00e+00 
 1.79176618042015e-09   0.00e+00 
 1.79228143218427e-09   0.00e+00 
 1.79279669161265e-09   0.00e+00 
 1.79331195870350e-09   0.00e+00 
 1.79382723345502e-09   0.00e+00 
 1.79434251586543e-09   0.00e+00 
 1.79485780593295e-09   0.00e+00 
 1.79537310365579e-09   0.00e+00 
 1.79588840903217e-09   0.00e+00 
 1.79640372206030e-09   0.00e+00 
 1.79691904273840e-09   0.00e+00 
 1.79743437106468e-09   0.00e+00 
 1.79794970703737e-09   0.00e+00 
 1.79846505065469e-09   0.00e+00 
 1.79898040191486e-09   0.00e+00 
 1.79949576081609e-09   0.00e+00 
 1.80001112735661e-09   0.00e+00 
 1.80052650153464e-09   0.00e+00 
 1.80104188334841e-09   0.00e+00 
 1.80155727279615e-09   0.00e+00 
 1.80207266987607e-09   0.00e+00 
 1.80258807458640e-09   0.00e+00 
 1.80310348692537e-09   0.00e+00 
 1.80361890689121e-09   0.00e+00 
 1.80413433448215e-09   0.00e+00 
 1.80464976969642e-09   0.00e+00 
 1.80516521253225e-09   0.00e+00 
 1.80568066298787e-09   0.00e+00 
 1.80619612106151e-09   0.00e+00 
 1.80671158675142e-09   0.00e+00 
 1.80722706005581e-09   0.00e+00 
 1.80774254097294e-09   0.00e+00 
 1.80825802950103e-09   0.00e+00 
 1.80877352563832e-09   0.00e+00 
 1.80928902938306e-09   0.00e+00 
 1.80980454073349e-09   0.00e+00 
 1.81032005968783e-09   0.00e+00 
 1.81083558624435e-09   0.00e+00 
 1.81135112040127e-09   0.00e+00 
 1.81186666215685e-09   0.00e+00 
 1.81238221150932e-09   0.00e+00 
 1.81289776845694e-09   0.00e+00 
 1.81341333299796e-09   0.00e+00 
 1.81392890513062e-09   0.00e+00 
 1.81444448485316e-09   0.00e+00 
 1.81496007216385e-09   0.00e+00 
 1.81547566706094e-09   0.00e+00 
 1.81599126954267e-09   0.00e+00 
 1.81650687960730e-09   0.00e+00 
 1.81702249725309e-09   0.00e+00 
 1.81753812247829e-09   0.00e+00 
 1.81805375528116e-09   0.00e+00 
 1.81856939565996e-09   0.00e+00 
 1.81908504361295e-09   0.00e+00 
 1.81960069913838e-09   0.00e+00 
 1.82011636223453e-09   0.00e+00 
 1.82063203289966e-09   0.00e+00 
 1.82114771113203e-09   0.00e+00 
 1.82166339692990e-09   0.00e+00 
 1.82217909029154e-09   0.00e+00 
 1.82269479121523e-09   0.00e+00 
 1.82321049969922e-09   0.00e+00 
 1.82372621574180e-09   0.00e+00 
 1.82424193934123e-09   0.00e+00 
 1.82475767049578e-09   0.00e+00 
 1.82527340920374e-09   0.00e+00 
 1.82578915546336e-09   0.00e+00 
 1.82630490927294e-09   0.00e+00 
 1.82682067063075e-09   0.00e+00 
 1.82733643953507e-09   0.00e+00 
 1.82785221598418e-09   0.00e+00 
 1.82836799997636e-09   0.00e+00 
 1.82888379150989e-09   0.00e+00 
 1.82939959058305e-09   0.00e+00 
 1.82991539719414e-09   0.00e+00 
 1.83043121134144e-09   0.00e+00 
 1.83094703302324e-09   0.00e+00 
 1.83146286223782e-09   0.00e+00 
 1.83197869898348e-09   0.00e+00 
 1.83249454325850e-09   0.00e+00 
 1.83301039506119e-09   0.00e+00 
 1.83352625438982e-09   0.00e+00 
 1.83404212124271e-09   0.00e+00 
 1.83455799561815e-09   0.00e+00 
 1.83507387751442e-09   0.00e+00 
 1.83558976692984e-09   0.00e+00 
 1.83610566386271e-09   0.00e+00 
 1.83662156831132e-09   0.00e+00 
 1.83713748027397e-09   0.00e+00 
 1.83765339974898e-09   0.00e+00 
 1.83816932673464e-09   0.00e+00 
 1.83868526122926e-09   0.00e+00 
 1.83920120323116e-09   0.00e+00 
 1.83971715273863e-09   0.00e+00 
 1.84023310974999e-09   0.00e+00 
 1.84074907426356e-09   0.00e+00 
 1.84126504627764e-09   0.00e+00 
 1.84178102579054e-09   0.00e+00 
 1.84229701280059e-09   0.00e+00 
 1.84281300730610e-09   0.00e+00 
 1.84332900930539e-09   0.00e+00 
 1.84384501879677e-09   0.00e+00 
 1.84436103577857e-09   0.00e+00 
 1.84487706024910e-09   0.00e+00 
 1.84539309220669e-09   0.00e+00 
 1.84590913164967e-09   0.00e+00 
 1.84642517857635e-09   0.00e+00 
 1.84694123298507e-09   0.00e+00 
 1.84745729487415e-09   0.00e+00 
 1.84797336424192e-09   0.00e+00 
 1.84848944108670e-09   0.00e+00 
 1.84900552540684e-09   0.00e+00 
 1.84952161720066e-09   0.00e+00 
 1.85003771646649e-09   0.00e+00 
 1.85055382320267e-09   0.00e+00 
 1.85106993740754e-09   0.00e+00 
 1.85158605907943e-09   0.00e+00 
 1.85210218821668e-09   0.00e+00 
 1.85261832481762e-09   0.00e+00 
 1.85313446888060e-09   0.00e+00 
 1.85365062040396e-09   0.00e+00 
 1.85416677938604e-09   0.00e+00 
 1.85468294582518e-09   0.00e+00 
 1.85519911971973e-09   0.00e+00 
 1.85571530106803e-09   0.00e+00 
 1.85623148986843e-09   0.00e+00 
 1.85674768611928e-09   0.00e+00 
 1.85726388981892e-09   0.00e+00 
 1.85778010096571e-09   0.00e+00 
 1.85829631955798e-09   0.00e+00 
 1.85881254559411e-09   0.00e+00 
 1.85932877907243e-09   0.00e+00 
 1.85984501999131e-09   0.00e+00 
 1.86036126834909e-09   0.00e+00 
 1.86087752414413e-09   0.00e+00 
 1.86139378737479e-09   0.00e+00 
 1.86191005803942e-09   0.00e+00 
 1.86242633613638e-09   0.00e+00 
 1.86294262166404e-09   0.00e+00 
 1.86345891462074e-09   0.00e+00 
 1.86397521500486e-09   0.00e+00 
 1.86449152281475e-09   0.00e+00 
 1.86500783804878e-09   0.00e+00 
 1.86552416070530e-09   0.00e+00 
 1.86604049078269e-09   0.00e+00 
 1.86655682827931e-09   0.00e+00 
 1.86707317319352e-09   0.00e+00 
 1.86758952552368e-09   0.00e+00 
 1.86810588526818e-09   0.00e+00 
 1.86862225242537e-09   0.00e+00 
 1.86913862699362e-09   0.00e+00 
 1.86965500897130e-09   0.00e+00 
 1.87017139835679e-09   0.00e+00 
 1.87068779514845e-09   0.00e+00 
 1.87120419934465e-09   0.00e+00 
 1.87172061094377e-09   0.00e+00 
 1.87223702994418e-09   0.00e+00 
 1.87275345634425e-09   0.00e+00 
 1.87326989014236e-09   0.00e+00 
 1.87378633133687e-09   0.00e+00 
 1.87430277992618e-09   0.00e+00 
 1.87481923590864e-09   0.00e+00 
 1.87533569928265e-09   0.00e+00 
 1.87585217004656e-09   0.00e+00 
 1.87636864819877e-09   0.00e+00 
 1.87688513373765e-09   0.00e+00 
 1.87740162666157e-09   0.00e+00 
 1.87791812696893e-09   0.00e+00 
 1.87843463465808e-09   0.00e+00 
 1.87895114972742e-09   0.00e+00 
 1.87946767217533e-09   0.00e+00 
 1.87998420200019e-09   0.00e+00 
 1.88050073920037e-09   0.00e+00 
 1.88101728377425e-09   0.00e+00 
 1.88153383572023e-09   0.00e+00 
 1.88205039503668e-09   0.00e+00 
 1.88256696172198e-09   0.00e+00 
 1.88308353577452e-09   0.00e+00 
 1.88360011719268e-09   0.00e+00 
 1.88411670597484e-09   0.00e+00 
 1.88463330211939e-09   0.00e+00 
 1.88514990562471e-09   0.00e+00 
 1.88566651648919e-09   0.00e+00 
 1.88618313471120e-09   0.00e+00 
 1.88669976028915e-09   0.00e+00 
 1.88721639322140e-09   0.00e+00 
 1.88773303350634e-09   0.00e+00 
 1.88824968114237e-09   0.00e+00 
 1.88876633612786e-09   0.00e+00 
 1.88928299846121e-09   0.00e+00 
 1.88979966814079e-09   0.00e+00 
 1.89031634516500e-09   0.00e+00 
 1.89083302953222e-09   0.00e+00 
 1.89134972124084e-09   0.00e+00 
 1.89186642028925e-09   0.00e+00 
 1.89238312667583e-09   0.00e+00 
 1.89289984039896e-09   0.00e+00 
 1.89341656145705e-09   0.00e+00 
 1.89393328984847e-09   0.00e+00 
 1.89445002557161e-09   0.00e+00 
 1.89496676862486e-09   0.00e+00 
 1.89548351900661e-09   0.00e+00 
 1.89600027671525e-09   0.00e+00 
 1.89651704174916e-09   0.00e+00 
 1.89703381410673e-09   0.00e+00 
 1.89755059378636e-09   0.00e+00 
 1.89806738078642e-09   0.00e+00 
 1.89858417510531e-09   0.00e+00 
 1.89910097674141e-09   0.00e+00 
 1.89961778569312e-09   0.00e+00 
 1.90013460195882e-09   0.00e+00 
 1.90065142553691e-09   0.00e+00 
 1.90116825642576e-09   0.00e+00 
 1.90168509462377e-09   0.00e+00 
 1.90220194012934e-09   0.00e+00 
 1.90271879294084e-09   0.00e+00 
 1.90323565305666e-09   0.00e+00 
 1.90375252047520e-09   0.00e+00 
 1.90426939519485e-09   0.00e+00 
 1.90478627721399e-09   0.00e+00 
 1.90530316653101e-09   0.00e+00 
 1.90582006314430e-09   0.00e+00 
 1.90633696705226e-09   0.00e+00 
 1.90685387825326e-09   0.00e+00 
 1.90737079674570e-09   0.00e+00 
 1.90788772252798e-09   0.00e+00 
 1.90840465559847e-09   0.00e+00 
 1.90892159595557e-09   0.00e+00 
 1.90943854359766e-09   0.00e+00 
 1.90995549852314e-09   0.00e+00 
 1.91047246073040e-09   0.00e+00 
 1.91098943021783e-09   0.00e+00 
 1.91150640698381e-09   0.00e+00 
 1.91202339102673e-09   0.00e+00 
 1.91254038234499e-09   0.00e+00 
 1.91305738093697e-09   0.00e+00 
 1.91357438680106e-09   0.00e+00 
 1.91409139993566e-09   0.00e+00 
 1.91460842033915e-09   0.00e+00 
 1.91512544800992e-09   0.00e+00 
 1.91564248294636e-09   0.00e+00 
 1.91615952514687e-09   0.00e+00 
 1.91667657460983e-09   0.00e+00 
 1.91719363133363e-09   0.00e+00 
 1.91771069531666e-09   0.00e+00 
 1.91822776655731e-09   0.00e+00 
 1.91874484505398e-09   0.00e+00 
 1.91926193080504e-09   0.00e+00 
 1.91977902380890e-09   0.00e+00 
 1.92029612406393e-09   0.00e+00 
 1.92081323156854e-09   0.00e+00 
 1.92133034632112e-09   0.00e+00 
 1.92184746832004e-09   0.00e+00 
 1.92236459756370e-09   0.00e+00 
 1.92288173405050e-09   0.00e+00 
 1.92339887777882e-09   0.00e+00 
 1.92391602874706e-09   0.00e+00 
 1.92443318695360e-09   0.00e+00 
 1.92495035239683e-09   0.00e+00 
 1.92546752507515e-09   0.00e+00 
 1.92598470498694e-09   0.00e+00 
 1.92650189213060e-09   0.00e+00 
 1.92701908650452e-09   0.00e+00 
 1.92753628810708e-09   0.00e+00 
 1.92805349693668e-09   0.00e+00 
 1.92857071299171e-09   0.00e+00 
 1.92908793627057e-09   0.00e+00 
 1.92960516677163e-09   0.00e+00 
 1.93012240449329e-09   0.00e+00 
 1.93063964943396e-09   0.00e+00 
 1.93115690159200e-09   0.00e+00 
 1.93167416096582e-09   0.00e+00 
 1.93219142755381e-09   0.00e+00 
 1.93270870135436e-09   0.00e+00 
 1.93322598236586e-09   0.00e+00 
 1.93374327058670e-09   0.00e+00 
 1.93426056601528e-09   0.00e+00 
 1.93477786864998e-09   0.00e+00 
 1.93529517848921e-09   0.00e+00 
 1.93581249553134e-09   0.00e+00 
 1.93632981977477e-09   0.00e+00 
 1.93684715121790e-09   0.00e+00 
 1.93736448985912e-09   0.00e+00 
 1.93788183569681e-09   0.00e+00 
 1.93839918872938e-09   0.00e+00 
 1.93891654895521e-09   0.00e+00 
 1.93943391637269e-09   0.00e+00 
 1.93995129098023e-09   0.00e+00 
 1.94046867277621e-09   0.00e+00 
 1.94098606175902e-09   0.00e+00 
 1.94150345792706e-09   0.00e+00 
 1.94202086127873e-09   0.00e+00 
 1.94253827181241e-09   0.00e+00 
 1.94305568952649e-09   0.00e+00 
 1.94357311441938e-09   0.00e+00 
 1.94409054648946e-09   0.00e+00 
 1.94460798573514e-09   0.00e+00 
 1.94512543215479e-09   0.00e+00 
 1.94564288574683e-09   0.00e+00 
 1.94616034650963e-09   0.00e+00 
 1.94667781444160e-09   0.00e+00 
 1.94719528954113e-09   0.00e+00 
 1.94771277180661e-09   0.00e+00 
 1.94823026123644e-09   0.00e+00 
 1.94874775782901e-09   0.00e+00 
 1.94926526158272e-09   0.00e+00 
 1.94978277249596e-09   0.00e+00 
 1.95030029056714e-09   0.00e+00 
 1.95081781579463e-09   0.00e+00 
 1.95133534817684e-09   0.00e+00 
 1.95185288771217e-09   0.00e+00 
 1.95237043439900e-09   0.00e+00 
 1.95288798823575e-09   0.00e+00 
 1.95340554922079e-09   0.00e+00 
 1.95392311735253e-09   0.00e+00 
 1.95444069262935e-09   0.00e+00 
 1.95495827504967e-09   0.00e+00 
 1.95547586461188e-09   0.00e+00 
 1.95599346131436e-09   0.00e+00 
 1.95651106515553e-09   0.00e+00 
 1.95702867613377e-09   0.00e+00 
 1.95754629424748e-09   0.00e+00 
 1.95806391949506e-09   0.00e+00 
 1.95858155187491e-09   0.00e+00 
 1.95909919138542e-09   0.00e+00 
 1.95961683802498e-09   0.00e+00 
 1.96013449179201e-09   0.00e+00 
 1.96065215268489e-09   0.00e+00 
 1.96116982070203e-09   0.00e+00 
 1.96168749584182e-09   0.00e+00 
 1.96220517810266e-09   0.00e+00 
 1.96272286748294e-09   0.00e+00 
 1.96324056398107e-09   0.00e+00 
 1.96375826759544e-09   0.00e+00 
 1.96427597832446e-09   0.00e+00 
 1.96479369616651e-09   0.00e+00 
 1.96531142112001e-09   0.00e+00 
 1.96582915318334e-09   0.00e+00 
 1.96634689235491e-09   0.00e+00 
 1.96686463863312e-09   0.00e+00 
 1.96738239201636e-09   0.00e+00 
 1.96790015250303e-09   0.00e+00 
 1.96841792009154e-09   0.00e+00 
 1.96893569478028e-09   0.00e+00 
 1.96945347656765e-09   0.00e+00 
 1.96997126545205e-09   0.00e+00 
 1.97048906143189e-09   0.00e+00 
 1.97100686450555e-09   0.00e+00 
 1.97152467467144e-09   0.00e+00 
 1.97204249192797e-09   0.00e+00 
 1.97256031627352e-09   0.00e+00 
 1.97307814770650e-09   0.00e+00 
 1.97359598622530e-09   0.00e+00 
 1.97411383182834e-09   0.00e+00 
 1.97463168451401e-09   0.00e+00 
 1.97514954428070e-09   0.00e+00 
 1.97566741112682e-09   0.00e+00 
 1.97618528505077e-09   0.00e+00 
 1.97670316605094e-09   0.00e+00 
 1.97722105412574e-09   0.00e+00 
 1.97773894927357e-09   0.00e+00 
 1.97825685149283e-09   0.00e+00 
 1.97877476078191e-09   0.00e+00 
 1.97929267713922e-09   0.00e+00 
 1.97981060056316e-09   0.00e+00 
 1.98032853105212e-09   0.00e+00 
 1.98084646860451e-09   0.00e+00 
 1.98136441321872e-09   0.00e+00 
 1.98188236489316e-09   0.00e+00 
 1.98240032362622e-09   0.00e+00 
 1.98291828941630e-09   0.00e+00 
 1.98343626226181e-09   0.00e+00 
 1.98395424216114e-09   0.00e+00 
 1.98447222911269e-09   0.00e+00 
 1.98499022311486e-09   0.00e+00 
 1.98550822416605e-09   0.00e+00 
 1.98602623226466e-09   0.00e+00 
 1.98654424740908e-09   0.00e+00 
 1.98706226959772e-09   0.00e+00 
 1.98758029882897e-09   0.00e+00 
 1.98809833510124e-09   0.00e+00 
 1.98861637841291e-09   0.00e+00 
 1.98913442876239e-09   0.00e+00 
 1.98965248614807e-09   0.00e+00 
 1.99017055056836e-09   0.00e+00 
 1.99068862202165e-09   0.00e+00 
 1.99120670050633e-09   0.00e+00 
 1.99172478602081e-09   0.00e+00 
 1.99224287856348e-09   0.00e+00 
 1.99276097813274e-09   0.00e+00 
 1.99327908472699e-09   0.00e+00 
 1.99379719834461e-09   0.00e+00 
 1.99431531898401e-09   0.00e+00 
 1.99483344664358e-09   0.00e+00 
 1.99535158132172e-09   0.00e+00 
 1.99586972301683e-09   0.00e+00 
 1.99638787172729e-09   0.00e+00 
 1.99690602745151e-09   0.00e+00 
 1.99742419018788e-09   0.00e+00 
 1.99794235993479e-09   0.00e+00 
 1.99846053669063e-09   0.00e+00 
 1.99897872045381e-09   0.00e+00 
 1.99949691122271e-09   0.00e+00 
 2.00001510899573e-09   0.00e+00 
 2.00053331377126e-09   0.00e+00 
 2.00105152554770e-09   0.00e+00 
 2.00156974432343e-09   0.00e+00 
 2.00208797009685e-09   0.00e+00 
 2.00260620286636e-09   0.00e+00 
 2.00312444263033e-09   0.00e+00 
 2.00364268938717e-09   0.00e+00 
 2.00416094313527e-09   0.00e+00 
 2.00467920387302e-09   0.00e+00 
 2.00519747159880e-09   0.00e+00 
 2.00571574631102e-09   0.00e+00 
 2.00623402800805e-09   0.00e+00 
 2.00675231668829e-09   0.00e+00 
 2.00727061235014e-09   0.00e+00 
 2.00778891499197e-09   0.00e+00 
 2.00830722461217e-09   0.00e+00 
 2.00882554120915e-09   0.00e+00 
 2.00934386478128e-09   0.00e+00 
 2.00986219532695e-09   0.00e+00 
 2.01038053284455e-09   0.00e+00 
 2.01089887733248e-09   0.00e+00 
 2.01141722878911e-09   0.00e+00 
 2.01193558721284e-09   0.00e+00 
 2.01245395260204e-09   0.00e+00 
 2.01297232495512e-09   0.00e+00 
 2.01349070427045e-09   0.00e+00 
 2.01400909054643e-09   0.00e+00 
 2.01452748378143e-09   0.00e+00 
 2.01504588397384e-09   0.00e+00 
 2.01556429112205e-09   0.00e+00 
 2.01608270522445e-09   0.00e+00 
 2.01660112627942e-09   0.00e+00 
 2.01711955428534e-09   0.00e+00 
 2.01763798924060e-09   0.00e+00 
 2.01815643114358e-09   0.00e+00 
 2.01867487999267e-09   0.00e+00 
 2.01919333578625e-09   0.00e+00 
 2.01971179852271e-09   0.00e+00 
 2.02023026820042e-09   0.00e+00 
 2.02074874481778e-09   0.00e+00 
 2.02126722837316e-09   0.00e+00 
 2.02178571886495e-09   0.00e+00 
 2.02230421629153e-09   0.00e+00 
 2.02282272065128e-09   0.00e+00 
 2.02334123194259e-09   0.00e+00 
 2.02385975016384e-09   0.00e+00 
 2.02437827531340e-09   0.00e+00 
 2.02489680738967e-09   0.00e+00 
 2.02541534639102e-09   0.00e+00 
 2.02593389231583e-09   0.00e+00 
 2.02645244516249e-09   0.00e+00 
 2.02697100492938e-09   0.00e+00 
 2.02748957161488e-09   0.00e+00 
 2.02800814521737e-09   0.00e+00 
 2.02852672573522e-09   0.00e+00 
 2.02904531316683e-09   0.00e+00 
 2.02956390751057e-09   0.00e+00 
 2.03008250876481e-09   0.00e+00 
 2.03060111692796e-09   0.00e+00 
 2.03111973199837e-09   0.00e+00 
 2.03163835397443e-09   0.00e+00 
 2.03215698285453e-09   0.00e+00 
 2.03267561863703e-09   0.00e+00 
 2.03319426132033e-09   0.00e+00 
 2.03371291090280e-09   0.00e+00 
 2.03423156738282e-09   0.00e+00 
 2.03475023075877e-09   0.00e+00 
 2.03526890102903e-09   0.00e+00 
 2.03578757819198e-09   0.00e+00 
 2.03630626224600e-09   0.00e+00 
 2.03682495318947e-09   0.00e+00 
 2.03734365102076e-09   0.00e+00 
 2.03786235573826e-09   0.00e+00 
 2.03838106734034e-09   0.00e+00 
 2.03889978582539e-09   0.00e+00 
 2.03941851119178e-09   0.00e+00 
 2.03993724343789e-09   0.00e+00 
 2.04045598256211e-09   0.00e+00 
 2.04097472856280e-09   0.00e+00 
 2.04149348143836e-09   0.00e+00 
 2.04201224118715e-09   0.00e+00 
 2.04253100780756e-09   0.00e+00 
 2.04304978129797e-09   0.00e+00 
 2.04356856165676e-09   0.00e+00 
 2.04408734888229e-09   0.00e+00 
 2.04460614297297e-09   0.00e+00 
 2.04512494392715e-09   0.00e+00 
 2.04564375174323e-09   0.00e+00 
 2.04616256641958e-09   0.00e+00 
 2.04668138795458e-09   0.00e+00 
 2.04720021634661e-09   0.00e+00 
 2.04771905159404e-09   0.00e+00 
 2.04823789369527e-09   0.00e+00 
 2.04875674264867e-09   0.00e+00 
 2.04927559845261e-09   0.00e+00 
 2.04979446110548e-09   0.00e+00 
 2.05031333060565e-09   0.00e+00 
 2.05083220695151e-09   0.00e+00 
 2.05135109014144e-09   0.00e+00 
 2.05186998017381e-09   0.00e+00 
 2.05238887704701e-09   0.00e+00 
 2.05290778075942e-09   0.00e+00 
 2.05342669130941e-09   0.00e+00 
 2.05394560869537e-09   0.00e+00 
 2.05446453291568e-09   0.00e+00 
 2.05498346396871e-09   0.00e+00 
 2.05550240185285e-09   0.00e+00 
 2.05602134656649e-09   0.00e+00 
 2.05654029810799e-09   0.00e+00 
 2.05705925647574e-09   0.00e+00 
 2.05757822166813e-09   0.00e+00 
 2.05809719368353e-09   0.00e+00 
 2.05861617252033e-09   0.00e+00 
 2.05913515817691e-09   0.00e+00 
 2.05965415065165e-09   0.00e+00 
 2.06017314994292e-09   0.00e+00 
 2.06069215604913e-09   0.00e+00 
 2.06121116896864e-09   0.00e+00 
 2.06173018869984e-09   0.00e+00 
 2.06224921524112e-09   0.00e+00 
 2.06276824859085e-09   0.00e+00 
 2.06328728874742e-09   0.00e+00 
 2.06380633570921e-09   0.00e+00 
 2.06432538947461e-09   0.00e+00 
 2.06484445004201e-09   0.00e+00 
 2.06536351740978e-09   0.00e+00 
 2.06588259157631e-09   0.00e+00 
 2.06640167253999e-09   0.00e+00 
 2.06692076029920e-09   0.00e+00 
 2.06743985485232e-09   0.00e+00 
 2.06795895619775e-09   0.00e+00 
 2.06847806433386e-09   0.00e+00 
 2.06899717925906e-09   0.00e+00 
 2.06951630097171e-09   0.00e+00 
 2.07003542947022e-09   0.00e+00 
 2.07055456475296e-09   0.00e+00 
 2.07107370681832e-09   0.00e+00 
 2.07159285566470e-09   0.00e+00 
 2.07211201129048e-09   0.00e+00 
 2.07263117369405e-09   0.00e+00 
 2.07315034287380e-09   0.00e+00 
 2.07366951882813e-09   0.00e+00 
 2.07418870155541e-09   0.00e+00 
 2.07470789105403e-09   0.00e+00 
 2.07522708732241e-09   0.00e+00 
 2.07574629035891e-09   0.00e+00 
 2.07626550016194e-09   0.00e+00 
 2.07678471672988e-09   0.00e+00 
 2.07730394006114e-09   0.00e+00 
 2.07782317015409e-09   0.00e+00 
 2.07834240700715e-09   0.00e+00 
 2.07886165061869e-09   0.00e+00 
 2.07938090098712e-09   0.00e+00 
 2.07990015811083e-09   0.00e+00 
 2.08041942198822e-09   0.00e+00 
 2.08093869261768e-09   0.00e+00 
 2.08145796999761e-09   0.00e+00 
 2.08197725412640e-09   0.00e+00 
 2.08249654500246e-09   0.00e+00 
 2.08301584262419e-09   0.00e+00 
 2.08353514698997e-09   0.00e+00 
 2.08405445809822e-09   0.00e+00 
 2.08457377594733e-09   0.00e+00 
 2.08509310053570e-09   0.00e+00 
 2.08561243186174e-09   0.00e+00 
 2.08613176992385e-09   0.00e+00 
 2.08665111472042e-09   0.00e+00 
 2.08717046624987e-09   0.00e+00 
 2.08768982451059e-09   0.00e+00 
 2.08820918950100e-09   0.00e+00 
 2.08872856121950e-09   0.00e+00 
 2.08924793966449e-09   0.00e+00 
 2.08976732483438e-09   0.00e+00 
 2.09028671672758e-09   0.00e+00 
 2.09080611534250e-09   0.00e+00 
 2.09132552067755e-09   0.00e+00 
 2.09184493273113e-09   0.00e+00 
 2.09236435150166e-09   0.00e+00 
 2.09288377698755e-09   0.00e+00 
 2.09340320918721e-09   0.00e+00 
 2.09392264809905e-09   0.00e+00 
 2.09444209372149e-09   0.00e+00 
 2.09496154605295e-09   0.00e+00 
 2.09548100509183e-09   0.00e+00 
 2.09600047083656e-09   0.00e+00 
 2.09651994328555e-09   0.00e+00 
 2.09703942243722e-09   0.00e+00 
 2.09755890828999e-09   0.00e+00 
 2.09807840084228e-09   0.00e+00 
 2.09859790009251e-09   0.00e+00 
 2.09911740603911e-09   0.00e+00 
 2.09963691868048e-09   0.00e+00 
 2.10015643801507e-09   0.00e+00 
 2.10067596404129e-09   0.00e+00 
 2.10119549675756e-09   0.00e+00 
 2.10171503616232e-09   0.00e+00 
 2.10223458225399e-09   0.00e+00 
 2.10275413503100e-09   0.00e+00 
 2.10327369449179e-09   0.00e+00 
 2.10379326063477e-09   0.00e+00 
 2.10431283345838e-09   0.00e+00 
 2.10483241296105e-09   0.00e+00 
 2.10535199914122e-09   0.00e+00 
 2.10587159199732e-09   0.00e+00 
 2.10639119152778e-09   0.00e+00 
 2.10691079773105e-09   0.00e+00 
 2.10743041060555e-09   0.00e+00 
 2.10795003014974e-09   0.00e+00 
 2.10846965636203e-09   0.00e+00 
 2.10898928924089e-09   0.00e+00 
 2.10950892878475e-09   0.00e+00 
 2.11002857499205e-09   0.00e+00 
 2.11054822786123e-09   0.00e+00 
 2.11106788739075e-09   0.00e+00 
 2.11158755357904e-09   0.00e+00 
 2.11210722642455e-09   0.00e+00 
 2.11262690592573e-09   0.00e+00 
 2.11314659208104e-09   0.00e+00 
 2.11366628488892e-09   0.00e+00 
 2.11418598434782e-09   0.00e+00 
 2.11470569045619e-09   0.00e+00 
 2.11522540321249e-09   0.00e+00 
 2.11574512261518e-09   0.00e+00 
 2.11626484866271e-09   0.00e+00 
 2.11678458135353e-09   0.00e+00 
 2.11730432068611e-09   0.00e+00 
 2.11782406665891e-09   0.00e+00 
 2.11834381927038e-09   0.00e+00 
 2.11886357851899e-09   0.00e+00 
 2.11938334440320e-09   0.00e+00 
 2.11990311692147e-09   0.00e+00 
 2.12042289607228e-09   0.00e+00 
 2.12094268185408e-09   0.00e+00 
 2.12146247426535e-09   0.00e+00 
 2.12198227330455e-09   0.00e+00 
 2.12250207897015e-09   0.00e+00 
 2.12302189126063e-09   0.00e+00 
 2.12354171017446e-09   0.00e+00 
 2.12406153571011e-09   0.00e+00 
 2.12458136786606e-09   0.00e+00 
 2.12510120664078e-09   0.00e+00 
 2.12562105203275e-09   0.00e+00 
 2.12614090404045e-09   0.00e+00 
 2.12666076266235e-09   0.00e+00 
 2.12718062789695e-09   0.00e+00 
 2.12770049974273e-09   0.00e+00 
 2.12822037819815e-09   0.00e+00 
 2.12874026326172e-09   0.00e+00 
 2.12926015493192e-09   0.00e+00 
 2.12978005320722e-09   0.00e+00 
 2.13029995808614e-09   0.00e+00 
 2.13081986956714e-09   0.00e+00 
 2.13133978764873e-09   0.00e+00 
 2.13185971232939e-09   0.00e+00 
 2.13237964360762e-09   0.00e+00 
 2.13289958148191e-09   0.00e+00 
 2.13341952595077e-09   0.00e+00 
 2.13393947701268e-09   0.00e+00 
 2.13445943466614e-09   0.00e+00 
 2.13497939890966e-09   0.00e+00 
 2.13549936974173e-09   0.00e+00 
 2.13601934716086e-09   0.00e+00 
 2.13653933116555e-09   0.00e+00 
 2.13705932175430e-09   0.00e+00 
 2.13757931892563e-09   0.00e+00 
 2.13809932267803e-09   0.00e+00 
 2.13861933301001e-09   0.00e+00 
 2.13913934992009e-09   0.00e+00 
 2.13965937340677e-09   0.00e+00 
 2.14017940346857e-09   0.00e+00 
 2.14069944010399e-09   0.00e+00 
 2.14121948331156e-09   0.00e+00 
 2.14173953308979e-09   0.00e+00 
 2.14225958943719e-09   0.00e+00 
 2.14277965235229e-09   0.00e+00 
 2.14329972183359e-09   0.00e+00 
 2.14381979787963e-09   0.00e+00 
 2.14433988048892e-09   0.00e+00 
 2.14485996965998e-09   0.00e+00 
 2.14538006539134e-09   0.00e+00 
 2.14590016768152e-09   0.00e+00 
 2.14642027652905e-09   0.00e+00 
 2.14694039193246e-09   0.00e+00 
 2.14746051389026e-09   0.00e+00 
 2.14798064240100e-09   0.00e+00 
 2.14850077746321e-09   0.00e+00 
 2.14902091907540e-09   0.00e+00 
 2.14954106723613e-09   0.00e+00 
 2.15006122194391e-09   0.00e+00 
 2.15058138319728e-09   0.00e+00 
 2.15110155099479e-09   0.00e+00 
 2.15162172533496e-09   0.00e+00 
 2.15214190621634e-09   0.00e+00 
 2.15266209363746e-09   0.00e+00 
 2.15318228759686e-09   0.00e+00 
 2.15370248809309e-09   0.00e+00 
 2.15422269512469e-09   0.00e+00 
 2.15474290869019e-09   0.00e+00 
 2.15526312878815e-09   0.00e+00 
 2.15578335541711e-09   0.00e+00 
 2.15630358857561e-09   0.00e+00 
 2.15682382826221e-09   0.00e+00 
 2.15734407447544e-09   0.00e+00 
 2.15786432721387e-09   0.00e+00 
 2.15838458647603e-09   0.00e+00 
 2.15890485226048e-09   0.00e+00 
 2.15942512456578e-09   0.00e+00 
 2.15994540339046e-09   0.00e+00 
 2.16046568873310e-09   0.00e+00 
 2.16098598059224e-09   0.00e+00 
 2.16150627896644e-09   0.00e+00 
 2.16202658385425e-09   0.00e+00 
 2.16254689525424e-09   0.00e+00 
 2.16306721316495e-09   0.00e+00 
 2.16358753758495e-09   0.00e+00 
 2.16410786851280e-09   0.00e+00 
 2.16462820594706e-09   0.00e+00 
 2.16514854988629e-09   0.00e+00 
 2.16566890032906e-09   0.00e+00 
 2.16618925727392e-09   0.00e+00 
 2.16670962071944e-09   0.00e+00 
 2.16722999066418e-09   0.00e+00 
 2.16775036710671e-09   0.00e+00 
 2.16827075004560e-09   0.00e+00 
 2.16879113947941e-09   0.00e+00 
 2.16931153540672e-09   0.00e+00 
 2.16983193782608e-09   0.00e+00 
 2.17035234673607e-09   0.00e+00 
 2.17087276213525e-09   0.00e+00 
 2.17139318402221e-09   0.00e+00 
 2.17191361239550e-09   0.00e+00 
 2.17243404725371e-09   0.00e+00 
 2.17295448859539e-09   0.00e+00 
 2.17347493641914e-09   0.00e+00 
 2.17399539072351e-09   0.00e+00 
 2.17451585150709e-09   0.00e+00 
 2.17503631876845e-09   0.00e+00 
 2.17555679250617e-09   0.00e+00 
 2.17607727271881e-09   0.00e+00 
 2.17659775940497e-09   0.00e+00 
 2.17711825256321e-09   0.00e+00 
 2.17763875219212e-09   0.00e+00 
 2.17815925829026e-09   0.00e+00 
 2.17867977085623e-09   0.00e+00 
 2.17920028988861e-09   0.00e+00 
 2.17972081538596e-09   0.00e+00 
 2.18024134734688e-09   0.00e+00 
 2.18076188576994e-09   0.00e+00 
 2.18128243065373e-09   0.00e+00 
 2.18180298199682e-09   0.00e+00 
 2.18232353979781e-09   0.00e+00 
 2.18284410405527e-09   0.00e+00 
 2.18336467476779e-09   0.00e+00 
 2.18388525193396e-09   0.00e+00 
 2.18440583555235e-09   0.00e+00 
 2.18492642562156e-09   0.00e+00 
 2.18544702214016e-09   0.00e+00 
 2.18596762510675e-09   0.00e+00 
 2.18648823451991e-09   0.00e+00 
 2.18700885037823e-09   0.00e+00 
 2.18752947268030e-09   0.00e+00 
 2.18805010142471e-09   0.00e+00 
 2.18857073661004e-09   0.00e+00 
 2.18909137823488e-09   0.00e+00 
 2.18961202629782e-09   0.00e+00 
 2.19013268079745e-09   0.00e+00 
 2.19065334173236e-09   0.00e+00 
 2.19117400910115e-09   0.00e+00 
 2.19169468290240e-09   0.00e+00 
 2.19221536313471e-09   0.00e+00 
 2.19273604979666e-09   0.00e+00 
 2.19325674288685e-09   0.00e+00 
 2.19377744240388e-09   0.00e+00 
 2.19429814834632e-09   0.00e+00 
 2.19481886071279e-09   0.00e+00 
 2.19533957950187e-09   0.00e+00 
 2.19586030471215e-09   0.00e+00 
 2.19638103634223e-09   0.00e+00 
 2.19690177439071e-09   0.00e+00 
 2.19742251885617e-09   0.00e+00 
 2.19794326973722e-09   0.00e+00 
 2.19846402703246e-09   0.00e+00 
 2.19898479074047e-09   0.00e+00 
 2.19950556085985e-09   0.00e+00 
 2.20002633738921e-09   0.00e+00 
 2.20054712032714e-09   0.00e+00 
 2.20106790967223e-09   0.00e+00 
 2.20158870542309e-09   0.00e+00 
 2.20210950757831e-09   0.00e+00 
 2.20263031613649e-09   0.00e+00 
 2.20315113109623e-09   0.00e+00 
 2.20367195245613e-09   0.00e+00 
 2.20419278021479e-09   0.00e+00 
 2.20471361437082e-09   0.00e+00 
 2.20523445492280e-09   0.00e+00 
 2.20575530186934e-09   0.00e+00 
 2.20627615520905e-09   0.00e+00 
 2.20679701494052e-09   0.00e+00 
 2.20731788106235e-09   0.00e+00 
 2.20783875357316e-09   0.00e+00 
 2.20835963247153e-09   0.00e+00 
 2.20888051775608e-09   0.00e+00 
 2.20940140942540e-09   0.00e+00 
 2.20992230747810e-09   0.00e+00 
 2.21044321191279e-09   0.00e+00 
 2.21096412272806e-09   0.00e+00 
 2.21148503992253e-09   0.00e+00 
 2.21200596349479e-09   0.00e+00 
 2.21252689344345e-09   0.00e+00 
 2.21304782976712e-09   0.00e+00 
 2.21356877246440e-09   0.00e+00 
 2.21408972153390e-09   0.00e+00 
 2.21461067697423e-09   0.00e+00 
 2.21513163878399e-09   0.00e+00 
 2.21565260696179e-09   0.00e+00 
 2.21617358150623e-09   0.00e+00 
 2.21669456241593e-09   0.00e+00 
 2.21721554968949e-09   0.00e+00 
 2.21773654332552e-09   0.00e+00 
 2.21825754332263e-09   0.00e+00 
 2.21877854967943e-09   0.00e+00 
 2.21929956239453e-09   0.00e+00 
 2.21982058146653e-09   0.00e+00 
 2.22034160689405e-09   0.00e+00 
 2.22086263867570e-09   0.00e+00 
 2.22138367681009e-09   0.00e+00 
 2.22190472129582e-09   0.00e+00 
 2.22242577213152e-09   0.00e+00 
 2.22294682931579e-09   0.00e+00 
 2.22346789284724e-09   0.00e+00 
 2.22398896272449e-09   0.00e+00 
 2.22451003894615e-09   0.00e+00 
 2.22503112151083e-09   0.00e+00 
 2.22555221041714e-09   0.00e+00 
 2.22607330566370e-09   0.00e+00 
 2.22659440724913e-09   0.00e+00 
 2.22711551517203e-09   0.00e+00 
 2.22763662943102e-09   0.00e+00 
 2.22815775002472e-09   0.00e+00 
 2.22867887695174e-09   0.00e+00 
 2.22920001021070e-09   0.00e+00 
 2.22972114980021e-09   0.00e+00 
 2.23024229571889e-09   0.00e+00 
 2.23076344796536e-09   0.00e+00 
 2.23128460653822e-09   0.00e+00 
 2.23180577143611e-09   0.00e+00 
 2.23232694265763e-09   0.00e+00 
 2.23284812020141e-09   0.00e+00 
 2.23336930406607e-09   0.00e+00 
 2.23389049425021e-09   0.00e+00 
 2.23441169075247e-09   0.00e+00 
 2.23493289357145e-09   0.00e+00 
 2.23545410270578e-09   0.00e+00 
 2.23597531815409e-09   0.00e+00 
 2.23649653991498e-09   0.00e+00 
 2.23701776798708e-09   0.00e+00 
 2.23753900236901e-09   0.00e+00 
 2.23806024305939e-09   0.00e+00 
 2.23858149005685e-09   0.00e+00 
 2.23910274336000e-09   0.00e+00 
 2.23962400296747e-09   0.00e+00 
 2.24014526887788e-09   0.00e+00 
 2.24066654108984e-09   0.00e+00 
 2.24118781960200e-09   0.00e+00 
 2.24170910441296e-09   0.00e+00 
 2.24223039552136e-09   0.00e+00 
 2.24275169292581e-09   0.00e+00 
 2.24327299662495e-09   0.00e+00 
 2.24379430661739e-09   0.00e+00 
 2.24431562290176e-09   0.00e+00 
 2.24483694547669e-09   0.00e+00 
 2.24535827434080e-09   0.00e+00 
 2.24587960949272e-09   0.00e+00 
 2.24640095093107e-09   0.00e+00 
 2.24692229865449e-09   0.00e+00 
 2.24744365266159e-09   0.00e+00 
 2.24796501295101e-09   0.00e+00 
 2.24848637952138e-09   0.00e+00 
 2.24900775237132e-09   0.00e+00 
 2.24952913149945e-09   0.00e+00 
 2.25005051690442e-09   0.00e+00 
 2.25057190858484e-09   0.00e+00 
 2.25109330653936e-09   0.00e+00 
 2.25161471076658e-09   0.00e+00 
 2.25213612126516e-09   0.00e+00 
 2.25265753803371e-09   0.00e+00 
 2.25317896107087e-09   0.00e+00 
 2.25370039037527e-09   0.00e+00 
 2.25422182594554e-09   0.00e+00 
 2.25474326778031e-09   0.00e+00 
 2.25526471587821e-09   0.00e+00 
 2.25578617023788e-09   0.00e+00 
 2.25630763085795e-09   0.00e+00 
 2.25682909773705e-09   0.00e+00 
 2.25735057087381e-09   0.00e+00 
 2.25787205026687e-09   0.00e+00 
 2.25839353591485e-09   0.00e+00 
 2.25891502781640e-09   0.00e+00 
 2.25943652597015e-09   0.00e+00 
 2.25995803037473e-09   0.00e+00 
 2.26047954102878e-09   0.00e+00 
 2.26100105793093e-09   0.00e+00 
 2.26152258107982e-09   0.00e+00 
 2.26204411047407e-09   0.00e+00 
 2.26256564611234e-09   0.00e+00 
 2.26308718799325e-09   0.00e+00 
 2.26360873611544e-09   0.00e+00 
 2.26413029047755e-09   0.00e+00 
 2.26465185107821e-09   0.00e+00 
 2.26517341791606e-09   0.00e+00 
 2.26569499098974e-09   0.00e+00 
 2.26621657029788e-09   0.00e+00 
 2.26673815583913e-09   0.00e+00 
 2.26725974761211e-09   0.00e+00 
 2.26778134561548e-09   0.00e+00 
 2.26830294984786e-09   0.00e+00 
 2.26882456030789e-09   0.00e+00 
 2.26934617699422e-09   0.00e+00 
 2.26986779990547e-09   0.00e+00 
 2.27038942904030e-09   0.00e+00 
 2.27091106439734e-09   0.00e+00 
 2.27143270597523e-09   0.00e+00 
 2.27195435377260e-09   0.00e+00 
 2.27247600778811e-09   0.00e+00 
 2.27299766802038e-09   0.00e+00 
 2.27351933446806e-09   0.00e+00 
 2.27404100712979e-09   0.00e+00 
 2.27456268600421e-09   0.00e+00 
 2.27508437108995e-09   0.00e+00 
 2.27560606238566e-09   0.00e+00 
 2.27612775988999e-09   0.00e+00 
 2.27664946360156e-09   0.00e+00 
 2.27717117351903e-09   0.00e+00 
 2.27769288964102e-09   0.00e+00 
 2.27821461196619e-09   0.00e+00 
 2.27873634049318e-09   0.00e+00 
 2.27925807522061e-09   0.00e+00 
 2.27977981614715e-09   0.00e+00 
 2.28030156327142e-09   0.00e+00 
 2.28082331659208e-09   0.00e+00 
 2.28134507610775e-09   0.00e+00 
 2.28186684181709e-09   0.00e+00 
 2.28238861371873e-09   0.00e+00 
 2.28291039181132e-09   0.00e+00 
 2.28343217609349e-09   0.00e+00 
 2.28395396656390e-09   0.00e+00 
 2.28447576322117e-09   0.00e+00 
 2.28499756606396e-09   0.00e+00 
 2.28551937509091e-09   0.00e+00 
 2.28604119030065e-09   0.00e+00 
 2.28656301169183e-09   0.00e+00 
 2.28708483926309e-09   0.00e+00 
 2.28760667301308e-09   0.00e+00 
 2.28812851294043e-09   0.00e+00 
 2.28865035904378e-09   0.00e+00 
 2.28917221132179e-09   0.00e+00 
 2.28969406977309e-09   0.00e+00 
 2.29021593439632e-09   0.00e+00 
 2.29073780519012e-09   0.00e+00 
 2.29125968215314e-09   0.00e+00 
 2.29178156528402e-09   0.00e+00 
 2.29230345458140e-09   0.00e+00 
 2.29282535004393e-09   0.00e+00 
 2.29334725167024e-09   0.00e+00 
 2.29386915945897e-09   0.00e+00 
 2.29439107340877e-09   0.00e+00 
 2.29491299351829e-09   0.00e+00 
 2.29543491978615e-09   0.00e+00 
 2.29595685221101e-09   0.00e+00 
 2.29647879079151e-09   0.00e+00 
 2.29700073552628e-09   0.00e+00 
 2.29752268641397e-09   0.00e+00 
 2.29804464345322e-09   0.00e+00 
 2.29856660664267e-09   0.00e+00 
 2.29908857598097e-09   0.00e+00 
 2.29961055146675e-09   0.00e+00 
 2.30013253309866e-09   0.00e+00 
 2.30065452087533e-09   0.00e+00 
 2.30117651479542e-09   0.00e+00 
 2.30169851485755e-09   0.00e+00 
 2.30222052106038e-09   0.00e+00 
 2.30274253340254e-09   0.00e+00 
 2.30326455188267e-09   0.00e+00 
 2.30378657649942e-09   0.00e+00 
 2.30430860725142e-09   0.00e+00 
 2.30483064413732e-09   0.00e+00 
 2.30535268715576e-09   0.00e+00 
 2.30587473630537e-09   0.00e+00 
 2.30639679158481e-09   0.00e+00 
 2.30691885299271e-09   0.00e+00 
 2.30744092052771e-09   0.00e+00 
 2.30796299418845e-09   0.00e+00 
 2.30848507397357e-09   0.00e+00 
 2.30900715988172e-09   0.00e+00 
 2.30952925191153e-09   0.00e+00 
 2.31005135006165e-09   0.00e+00 
 2.31057345433071e-09   0.00e+00 
 2.31109556471735e-09   0.00e+00 
 2.31161768122023e-09   0.00e+00 
 2.31213980383797e-09   0.00e+00 
 2.31266193256921e-09   0.00e+00 
 2.31318406741261e-09   0.00e+00 
 2.31370620836679e-09   0.00e+00 
 2.31422835543040e-09   0.00e+00 
 2.31475050860208e-09   0.00e+00 
 2.31527266788047e-09   0.00e+00 
 2.31579483326421e-09   0.00e+00 
 2.31631700475194e-09   0.00e+00 
 2.31683918234229e-09   0.00e+00 
 2.31736136603392e-09   0.00e+00 
 2.31788355582546e-09   0.00e+00 
 2.31840575171555e-09   0.00e+00 
 2.31892795370283e-09   0.00e+00 
 2.31945016178594e-09   0.00e+00 
 2.31997237596353e-09   0.00e+00 
 2.32049459623422e-09   0.00e+00 
 2.32101682259667e-09   0.00e+00 
 2.32153905504951e-09   0.00e+00 
 2.32206129359139e-09   0.00e+00 
 2.32258353822094e-09   0.00e+00 
 2.32310578893680e-09   0.00e+00 
 2.32362804573762e-09   0.00e+00 
 2.32415030862203e-09   0.00e+00 
 2.32467257758867e-09   0.00e+00 
 2.32519485263620e-09   0.00e+00 
 2.32571713376324e-09   0.00e+00 
 2.32623942096843e-09   0.00e+00 
 2.32676171425043e-09   0.00e+00 
 2.32728401360786e-09   0.00e+00 
 2.32780631903937e-09   0.00e+00 
 2.32832863054360e-09   0.00e+00 
 2.32885094811920e-09   0.00e+00 
 2.32937327176479e-09   0.00e+00 
 2.32989560147903e-09   0.00e+00 
 2.33041793726056e-09   0.00e+00 
 2.33094027910801e-09   0.00e+00 
 2.33146262702002e-09   0.00e+00 
 2.33198498099524e-09   0.00e+00 
 2.33250734103232e-09   0.00e+00 
 2.33302970712988e-09   0.00e+00 
 2.33355207928657e-09   0.00e+00 
 2.33407445750104e-09   0.00e+00 
 2.33459684177193e-09   0.00e+00 
 2.33511923209787e-09   0.00e+00 
 2.33564162847752e-09   0.00e+00 
 2.33616403090950e-09   0.00e+00 
 2.33668643939247e-09   0.00e+00 
 2.33720885392507e-09   0.00e+00 
 2.33773127450593e-09   0.00e+00 
 2.33825370113371e-09   0.00e+00 
 2.33877613380704e-09   0.00e+00 
 2.33929857252457e-09   0.00e+00 
 2.33982101728493e-09   0.00e+00 
 2.34034346808678e-09   0.00e+00 
 2.34086592492876e-09   0.00e+00 
 2.34138838780950e-09   0.00e+00 
 2.34191085672766e-09   0.00e+00 
 2.34243333168187e-09   0.00e+00 
 2.34295581267079e-09   0.00e+00 
 2.34347829969304e-09   0.00e+00 
 2.34400079274729e-09   0.00e+00 
 2.34452329183217e-09   0.00e+00 
 2.34504579694633e-09   0.00e+00 
 2.34556830808840e-09   0.00e+00 
 2.34609082525704e-09   0.00e+00 
 2.34661334845090e-09   0.00e+00 
 2.34713587766861e-09   0.00e+00 
 2.34765841290882e-09   0.00e+00 
 2.34818095417018e-09   0.00e+00 
 2.34870350145133e-09   0.00e+00 
 2.34922605475092e-09   0.00e+00 
 2.34974861406760e-09   0.00e+00 
 2.35027117940000e-09   0.00e+00 
 2.35079375074679e-09   0.00e+00 
 2.35131632810660e-09   0.00e+00 
 2.35183891147807e-09   0.00e+00 
 2.35236150085987e-09   0.00e+00 
 2.35288409625064e-09   0.00e+00 
 2.35340669764902e-09   0.00e+00 
 2.35392930505366e-09   0.00e+00 
 2.35445191846321e-09   0.00e+00 
 2.35497453787631e-09   0.00e+00 
 2.35549716329163e-09   0.00e+00 
 2.35601979470780e-09   0.00e+00 
 2.35654243212347e-09   0.00e+00 
 2.35706507553730e-09   0.00e+00 
 2.35758772494794e-09   0.00e+00 
 2.35811038035402e-09   0.00e+00 
 2.35863304175422e-09   0.00e+00 
 2.35915570914717e-09   0.00e+00 
 2.35967838253152e-09   0.00e+00 
 2.36020106190593e-09   0.00e+00 
 2.36072374726905e-09   0.00e+00 
 2.36124643861953e-09   0.00e+00 
 2.36176913595602e-09   0.00e+00 
 2.36229183927718e-09   0.00e+00 
 2.36281454858166e-09   0.00e+00 
 2.36333726386810e-09   0.00e+00 
 2.36385998513518e-09   0.00e+00 
 2.36438271238153e-09   0.00e+00 
 2.36490544560582e-09   0.00e+00 
 2.36542818480669e-09   0.00e+00 
 2.36595092998281e-09   0.00e+00 
 2.36647368113282e-09   0.00e+00 
 2.36699643825539e-09   0.00e+00 
 2.36751920134917e-09   0.00e+00 
 2.36804197041282e-09   0.00e+00 
 2.36856474544498e-09   0.00e+00 
 2.36908752644434e-09   0.00e+00 
 2.36961031340953e-09   0.00e+00 
 2.37013310633922e-09   0.00e+00 
 2.37065590523206e-09   0.00e+00 
 2.37117871008672e-09   0.00e+00 
 2.37170152090186e-09   0.00e+00 
 2.37222433767613e-09   0.00e+00 
 2.37274716040820e-09   0.00e+00 
 2.37326998909672e-09   0.00e+00 
 2.37379282374037e-09   0.00e+00 
 2.37431566433779e-09   0.00e+00 
 2.37483851088766e-09   0.00e+00 
 2.37536136338863e-09   0.00e+00 
 2.37588422183938e-09   0.00e+00 
 2.37640708623856e-09   0.00e+00 
 2.37692995658484e-09   0.00e+00 
 2.37745283287688e-09   0.00e+00 
 2.37797571511335e-09   0.00e+00 
 2.37849860329292e-09   0.00e+00 
 2.37902149741426e-09   0.00e+00 
 2.37954439747602e-09   0.00e+00 
 2.38006730347688e-09   0.00e+00 
 2.38059021541551e-09   0.00e+00 
 2.38111313329058e-09   0.00e+00 
 2.38163605710076e-09   0.00e+00 
 2.38215898684471e-09   0.00e+00 
 2.38268192252111e-09   0.00e+00 
 2.38320486412864e-09   0.00e+00 
 2.38372781166595e-09   0.00e+00 
 2.38425076513174e-09   0.00e+00 
 2.38477372452466e-09   0.00e+00 
 2.38529668984340e-09   0.00e+00 
 2.38581966108662e-09   0.00e+00 
 2.38634263825302e-09   0.00e+00 
 2.38686562134125e-09   0.00e+00 
 2.38738861035000e-09   0.00e+00 
 2.38791160527795e-09   0.00e+00 
 2.38843460612378e-09   0.00e+00 
 2.38895761288616e-09   0.00e+00 
 2.38948062556378e-09   0.00e+00 
 2.39000364415531e-09   0.00e+00 
 2.39052666865944e-09   0.00e+00 
 2.39104969907485e-09   0.00e+00 
 2.39157273540023e-09   0.00e+00 
 2.39209577763425e-09   0.00e+00 
 2.39261882577560e-09   0.00e+00 
 2.39314187982297e-09   0.00e+00 
 2.39366493977504e-09   0.00e+00 
 2.39418800563050e-09   0.00e+00 
 2.39471107738805e-09   0.00e+00 
 2.39523415504636e-09   0.00e+00 
 2.39575723860412e-09   0.00e+00 
 2.39628032806003e-09   0.00e+00 
 2.39680342341279e-09   0.00e+00 
 2.39732652466107e-09   0.00e+00 
 2.39784963180357e-09   0.00e+00 
 2.39837274483899e-09   0.00e+00 
 2.39889586376602e-09   0.00e+00 
 2.39941898858336e-09   0.00e+00 
 2.39994211928971e-09   0.00e+00 
 2.40046525588375e-09   0.00e+00 
 2.40098839836419e-09   0.00e+00 
 2.40151154672973e-09   0.00e+00 
 2.40203470097907e-09   0.00e+00 
 2.40255786111090e-09   0.00e+00 
 2.40308102712394e-09   0.00e+00 
 2.40360419901688e-09   0.00e+00 
 2.40412737678842e-09   0.00e+00 
 2.40465056043728e-09   0.00e+00 
 2.40517374996215e-09   0.00e+00 
 2.40569694536175e-09   0.00e+00 
 2.40622014663478e-09   0.00e+00 
 2.40674335377994e-09   0.00e+00 
 2.40726656679596e-09   0.00e+00 
 2.40778978568153e-09   0.00e+00 
 2.40831301043537e-09   0.00e+00 
 2.40883624105619e-09   0.00e+00 
 2.40935947754271e-09   0.00e+00 
 2.40988271989363e-09   0.00e+00 
 2.41040596810768e-09   0.00e+00 
 2.41092922218357e-09   0.00e+00 
 2.41145248212002e-09   0.00e+00 
 2.41197574791574e-09   0.00e+00 
 2.41249901956946e-09   0.00e+00 
 2.41302229707989e-09   0.00e+00 
 2.41354558044575e-09   0.00e+00 
 2.41406886966578e-09   0.00e+00 
 2.41459216473868e-09   0.00e+00 
 2.41511546566320e-09   0.00e+00 
 2.41563877243804e-09   0.00e+00 
 2.41616208506193e-09   0.00e+00 
 2.41668540353362e-09   0.00e+00 
 2.41720872785181e-09   0.00e+00 
 2.41773205801525e-09   0.00e+00 
 2.41825539402265e-09   0.00e+00 
 2.41877873587276e-09   0.00e+00 
 2.41930208356431e-09   0.00e+00 
 2.41982543709603e-09   0.00e+00 
 2.42034879646665e-09   0.00e+00 
 2.42087216167491e-09   0.00e+00 
 2.42139553271954e-09   0.00e+00 
 2.42191890959929e-09   0.00e+00 
 2.42244229231290e-09   0.00e+00 
 2.42296568085909e-09   0.00e+00 
 2.42348907523662e-09   0.00e+00 
 2.42401247544422e-09   0.00e+00 
 2.42453588148065e-09   0.00e+00 
 2.42505929334463e-09   0.00e+00 
 2.42558271103492e-09   0.00e+00 
 2.42610613455026e-09   0.00e+00 
 2.42662956388941e-09   0.00e+00 
 2.42715299905110e-09   0.00e+00 
 2.42767644003409e-09   0.00e+00 
 2.42819988683713e-09   0.00e+00 
 2.42872333945897e-09   0.00e+00 
 2.42924679789837e-09   0.00e+00 
 2.42977026215407e-09   0.00e+00 
 2.43029373222482e-09   0.00e+00 
 2.43081720810940e-09   0.00e+00 
 2.43134068980655e-09   0.00e+00 
 2.43186417731503e-09   0.00e+00 
 2.43238767063360e-09   0.00e+00 
 2.43291116976101e-09   0.00e+00 
 2.43343467469604e-09   0.00e+00 
 2.43395818543744e-09   0.00e+00 
 2.43448170198398e-09   0.00e+00 
 2.43500522433442e-09   0.00e+00 
 2.43552875248752e-09   0.00e+00 
 2.43605228644205e-09   0.00e+00 
 2.43657582619678e-09   0.00e+00 
 2.43709937175047e-09   0.00e+00 
 2.43762292310190e-09   0.00e+00 
 2.43814648024983e-09   0.00e+00 
 2.43867004319304e-09   0.00e+00 
 2.43919361193030e-09   0.00e+00 
 2.43971718646038e-09   0.00e+00 
 2.44024076678206e-09   0.00e+00 
 2.44076435289411e-09   0.00e+00 
 2.44128794479530e-09   0.00e+00 
 2.44181154248442e-09   0.00e+00 
 2.44233514596024e-09   0.00e+00 
 2.44285875522155e-09   0.00e+00 
 2.44338237026712e-09   0.00e+00 
 2.44390599109573e-09   0.00e+00 
 2.44442961770616e-09   0.00e+00 
 2.44495325009721e-09   0.00e+00 
 2.44547688826764e-09   0.00e+00 
 2.44600053221626e-09   0.00e+00 
 2.44652418194183e-09   0.00e+00 
 2.44704783744316e-09   0.00e+00 
 2.44757149871903e-09   0.00e+00 
 2.44809516576822e-09   0.00e+00 
 2.44861883858952e-09   0.00e+00 
 2.44914251718174e-09   0.00e+00 
 2.44966620154365e-09   0.00e+00 
 2.45018989167405e-09   0.00e+00 
 2.45071358757173e-09   0.00e+00 
 2.45123728923550e-09   0.00e+00 
 2.45176099666413e-09   0.00e+00 
 2.45228470985643e-09   0.00e+00 
 2.45280842881120e-09   0.00e+00 
 2.45333215352723e-09   0.00e+00 
 2.45385588400331e-09   0.00e+00 
 2.45437962023826e-09   0.00e+00 
 2.45490336223087e-09   0.00e+00 
 2.45542710997994e-09   0.00e+00 
 2.45595086348427e-09   0.00e+00 
 2.45647462274266e-09   0.00e+00 
 2.45699838775392e-09   0.00e+00 
 2.45752215851686e-09   0.00e+00 
 2.45804593503027e-09   0.00e+00 
 2.45856971729296e-09   0.00e+00 
 2.45909350530374e-09   0.00e+00 
 2.45961729906141e-09   0.00e+00 
 2.46014109856479e-09   0.00e+00 
 2.46066490381268e-09   0.00e+00 
 2.46118871480389e-09   0.00e+00 
 2.46171253153723e-09   0.00e+00 
 2.46223635401151e-09   0.00e+00 
 2.46276018222555e-09   0.00e+00 
 2.46328401617815e-09   0.00e+00 
 2.46380785586813e-09   0.00e+00 
 2.46433170129430e-09   0.00e+00 
 2.46485555245548e-09   0.00e+00 
 2.46537940935048e-09   0.00e+00 
 2.46590327197811e-09   0.00e+00 
 2.46642714033720e-09   0.00e+00 
 2.46695101442656e-09   0.00e+00 
 2.46747489424500e-09   0.00e+00 
 2.46799877979135e-09   0.00e+00 
 2.46852267106442e-09   0.00e+00 
 2.46904656806304e-09   0.00e+00 
 2.46957047078602e-09   0.00e+00 
 2.47009437923219e-09   0.00e+00 
 2.47061829340035e-09   0.00e+00 
 2.47114221328935e-09   0.00e+00 
 2.47166613889800e-09   0.00e+00 
 2.47219007022511e-09   0.00e+00 
 2.47271400726953e-09   0.00e+00 
 2.47323795003006e-09   0.00e+00 
 2.47376189850554e-09   0.00e+00 
 2.47428585269479e-09   0.00e+00 
 2.47480981259663e-09   0.00e+00 
 2.47533377820990e-09   0.00e+00 
 2.47585774953341e-09   0.00e+00 
 2.47638172656600e-09   0.00e+00 
 2.47690570930650e-09   0.00e+00 
 2.47742969775372e-09   0.00e+00 
 2.47795369190651e-09   0.00e+00 
 2.47847769176369e-09   0.00e+00 
 2.47900169732409e-09   0.00e+00 
 2.47952570858654e-09   0.00e+00 
 2.48004972554987e-09   0.00e+00 
 2.48057374821291e-09   0.00e+00 
 2.48109777657450e-09   0.00e+00 
 2.48162181063347e-09   0.00e+00 
 2.48214585038864e-09   0.00e+00 
 2.48266989583886e-09   0.00e+00 
 2.48319394698296e-09   0.00e+00 
 2.48371800381977e-09   0.00e+00 
 2.48424206634812e-09   0.00e+00 
 2.48476613456685e-09   0.00e+00 
 2.48529020847481e-09   0.00e+00 
 2.48581428807081e-09   0.00e+00 
 2.48633837335370e-09   0.00e+00 
 2.48686246432232e-09   0.00e+00 
 2.48738656097550e-09   0.00e+00 
 2.48791066331208e-09   0.00e+00 
 2.48843477133089e-09   0.00e+00 
 2.48895888503079e-09   0.00e+00 
 2.48948300441060e-09   0.00e+00 
 2.49000712946917e-09   0.00e+00 
 2.49053126020533e-09   0.00e+00 
 2.49105539661792e-09   0.00e+00 
 2.49157953870579e-09   0.00e+00 
 2.49210368646778e-09   0.00e+00 
 2.49262783990273e-09   0.00e+00 
 2.49315199900947e-09   0.00e+00 
 2.49367616378686e-09   0.00e+00 
 2.49420033423373e-09   0.00e+00 
 2.49472451034893e-09   0.00e+00 
 2.49524869213130e-09   0.00e+00 
 2.49577287957968e-09   0.00e+00 
 2.49629707269292e-09   0.00e+00 
 2.49682127146987e-09   0.00e+00 
 2.49734547590936e-09   0.00e+00 
 2.49786968601024e-09   0.00e+00 
 2.49839390177136e-09   0.00e+00 
 2.49891812319157e-09   0.00e+00 
 2.49944235026970e-09   0.00e+00 
 2.49996658300461e-09   0.00e+00 
 2.50049082139515e-09   0.00e+00 
 2.50101506544016e-09   0.00e+00 
 2.50153931513848e-09   0.00e+00 
 2.50206357048897e-09   0.00e+00 
 2.50258783149048e-09   0.00e+00 
 2.50311209814185e-09   0.00e+00 
 2.50363637044194e-09   0.00e+00 
 2.50416064838959e-09   0.00e+00 
 2.50468493198365e-09   0.00e+00 
 2.50520922122298e-09   0.00e+00 
 2.50573351610642e-09   0.00e+00 
 2.50625781663282e-09   0.00e+00 
 2.50678212280104e-09   0.00e+00 
 2.50730643460993e-09   0.00e+00 
 2.50783075205833e-09   0.00e+00 
 2.50835507514512e-09   0.00e+00 
 2.50887940386912e-09   0.00e+00 
 2.50940373822921e-09   0.00e+00 
 2.50992807822422e-09   0.00e+00 
 2.51045242385302e-09   0.00e+00 
 2.51097677511446e-09   0.00e+00 
 2.51150113200739e-09   0.00e+00 
 2.51202549453067e-09   0.00e+00 
 2.51254986268315e-09   0.00e+00 
 2.51307423646370e-09   0.00e+00 
 2.51359861587116e-09   0.00e+00 
 2.51412300090438e-09   0.00e+00 
 2.51464739156224e-09   0.00e+00 
 2.51517178784358e-09   0.00e+00 
 2.51569618974726e-09   0.00e+00 
 2.51622059727214e-09   0.00e+00 
 2.51674501041708e-09   0.00e+00 
 2.51726942918093e-09   0.00e+00 
 2.51779385356255e-09   0.00e+00 
 2.51831828356081e-09   0.00e+00 
 2.51884271917456e-09   0.00e+00 
 2.51936716040266e-09   0.00e+00 
 2.51989160724397e-09   0.00e+00 
 2.52041605969735e-09   0.00e+00 
 2.52094051776166e-09   0.00e+00 
 2.52146498143577e-09   0.00e+00 
 2.52198945071852e-09   0.00e+00 
 2.52251392560880e-09   0.00e+00 
 2.52303840610545e-09   0.00e+00 
 2.52356289220734e-09   0.00e+00 
 2.52408738391333e-09   0.00e+00 
 2.52461188122228e-09   0.00e+00 
 2.52513638413307e-09   0.00e+00 
 2.52566089264454e-09   0.00e+00 
 2.52618540675557e-09   0.00e+00 
 2.52670992646502e-09   0.00e+00 
 2.52723445177175e-09   0.00e+00 
 2.52775898267463e-09   0.00e+00 
 2.52828351917253e-09   0.00e+00 
 2.52880806126430e-09   0.00e+00 
 2.52933260894882e-09   0.00e+00 
 2.52985716222495e-09   0.00e+00 
 2.53038172109156e-09   0.00e+00 
 2.53090628554751e-09   0.00e+00 
 2.53143085559168e-09   0.00e+00 
 2.53195543122292e-09   0.00e+00 
 2.53248001244011e-09   0.00e+00 
 2.53300459924212e-09   0.00e+00 
 2.53352919162781e-09   0.00e+00 
 2.53405378959605e-09   0.00e+00 
 2.53457839314571e-09   0.00e+00 
 2.53510300227567e-09   0.00e+00 
 2.53562761698478e-09   0.00e+00 
 2.53615223727193e-09   0.00e+00 
 2.53667686313597e-09   0.00e+00 
 2.53720149457579e-09   0.00e+00 
 2.53772613159025e-09   0.00e+00 
 2.53825077417823e-09   0.00e+00 
 2.53877542233859e-09   0.00e+00 
 2.53930007607021e-09   0.00e+00 
 2.53982473537196e-09   0.00e+00 
 2.54034940024271e-09   0.00e+00 
 2.54087407068133e-09   0.00e+00 
 2.54139874668671e-09   0.00e+00 
 2.54192342825771e-09   0.00e+00 
 2.54244811539320e-09   0.00e+00 
 2.54297280809206e-09   0.00e+00 
 2.54349750635317e-09   0.00e+00 
 2.54402221017540e-09   0.00e+00 
 2.54454691955763e-09   0.00e+00 
 2.54507163449872e-09   0.00e+00 
 2.54559635499756e-09   0.00e+00 
 2.54612108105302e-09   0.00e+00 
 2.54664581266398e-09   0.00e+00 
 2.54717054982931e-09   0.00e+00 
 2.54769529254790e-09   0.00e+00 
 2.54822004081861e-09   0.00e+00 
 2.54874479464033e-09   0.00e+00 
 2.54926955401193e-09   0.00e+00 
 2.54979431893230e-09   0.00e+00 
 2.55031908940030e-09   0.00e+00 
 2.55084386541482e-09   0.00e+00 
 2.55136864697474e-09   0.00e+00 
 2.55189343407894e-09   0.00e+00 
 2.55241822672629e-09   0.00e+00 
 2.55294302491567e-09   0.00e+00 
 2.55346782864598e-09   0.00e+00 
 2.55399263791607e-09   0.00e+00 
 2.55451745272485e-09   0.00e+00 
 2.55504227307118e-09   0.00e+00 
 2.55556709895394e-09   0.00e+00 
 2.55609193037203e-09   0.00e+00 
 2.55661676732432e-09   0.00e+00 
 2.55714160980968e-09   0.00e+00 
 2.55766645782701e-09   0.00e+00 
 2.55819131137519e-09   0.00e+00 
 2.55871617045309e-09   0.00e+00 
 2.55924103505961e-09   0.00e+00 
 2.55976590519361e-09   0.00e+00 
 2.56029078085400e-09   0.00e+00 
 2.56081566203964e-09   0.00e+00 
 2.56134054874942e-09   0.00e+00 
 2.56186544098224e-09   0.00e+00 
 2.56239033873696e-09   0.00e+00 
 2.56291524201247e-09   0.00e+00 
 2.56344015080766e-09   0.00e+00 
 2.56396506512142e-09   0.00e+00 
 2.56448998495262e-09   0.00e+00 
 2.56501491030016e-09   0.00e+00 
 2.56553984116291e-09   0.00e+00 
 2.56606477753977e-09   0.00e+00 
 2.56658971942961e-09   0.00e+00 
 2.56711466683132e-09   0.00e+00 
 2.56763961974380e-09   0.00e+00 
 2.56816457816591e-09   0.00e+00 
 2.56868954209656e-09   0.00e+00 
 2.56921451153462e-09   0.00e+00 
 2.56973948647898e-09   0.00e+00 
 2.57026446692854e-09   0.00e+00 
 2.57078945288216e-09   0.00e+00 
 2.57131444433875e-09   0.00e+00 
 2.57183944129719e-09   0.00e+00 
 2.57236444375636e-09   0.00e+00 
 2.57288945171515e-09   0.00e+00 
 2.57341446517245e-09   0.00e+00 
 2.57393948412714e-09   0.00e+00 
 2.57446450857812e-09   0.00e+00 
 2.57498953852427e-09   0.00e+00 
 2.57551457396448e-09   0.00e+00 
 2.57603961489762e-09   0.00e+00 
 2.57656466132261e-09   0.00e+00 
 2.57708971323831e-09   0.00e+00 
 2.57761477064362e-09   0.00e+00 
 2.57813983353742e-09   0.00e+00 
 2.57866490191861e-09   0.00e+00 
 2.57918997578606e-09   0.00e+00 
 2.57971505513868e-09   0.00e+00 
 2.58024013997534e-09   0.00e+00 
 2.58076523029494e-09   0.00e+00 
 2.58129032609636e-09   0.00e+00 
 2.58181542737849e-09   0.00e+00 
 2.58234053414022e-09   0.00e+00 
 2.58286564638044e-09   0.00e+00 
 2.58339076409803e-09   0.00e+00 
 2.58391588729189e-09   0.00e+00 
 2.58444101596090e-09   0.00e+00 
 2.58496615010395e-09   0.00e+00 
 2.58549128971993e-09   0.00e+00 
 2.58601643480772e-09   0.00e+00 
 2.58654158536622e-09   0.00e+00 
 2.58706674139431e-09   0.00e+00 
 2.58759190289089e-09   0.00e+00 
 2.58811706985483e-09   0.00e+00 
 2.58864224228504e-09   0.00e+00 
 2.58916742018039e-09   0.00e+00 
 2.58969260353977e-09   0.00e+00 
 2.59021779236208e-09   0.00e+00 
 2.59074298664620e-09   0.00e+00 
 2.59126818639103e-09   0.00e+00 
 2.59179339159544e-09   0.00e+00 
 2.59231860225833e-09   0.00e+00 
 2.59284381837858e-09   0.00e+00 
 2.59336903995508e-09   0.00e+00 
 2.59389426698673e-09   0.00e+00 
 2.59441949947241e-09   0.00e+00 
 2.59494473741101e-09   0.00e+00 
 2.59546998080142e-09   0.00e+00 
 2.59599522964252e-09   0.00e+00 
 2.59652048393320e-09   0.00e+00 
 2.59704574367235e-09   0.00e+00 
 2.59757100885887e-09   0.00e+00 
 2.59809627949163e-09   0.00e+00 
 2.59862155556953e-09   0.00e+00 
 2.59914683709145e-09   0.00e+00 
 2.59967212405629e-09   0.00e+00 
 2.60019741646292e-09   0.00e+00 
 2.60072271431025e-09   0.00e+00 
 2.60124801759715e-09   0.00e+00 
 2.60177332632251e-09   0.00e+00 
 2.60229864048523e-09   0.00e+00 
 2.60282396008418e-09   0.00e+00 
 2.60334928511827e-09   0.00e+00 
 2.60387461558637e-09   0.00e+00 
 2.60439995148738e-09   0.00e+00 
 2.60492529282018e-09   0.00e+00 
 2.60545063958366e-09   0.00e+00 
 2.60597599177670e-09   0.00e+00 
 2.60650134939820e-09   0.00e+00 
 2.60702671244705e-09   0.00e+00 
 2.60755208092212e-09   0.00e+00 
 2.60807745482232e-09   0.00e+00 
 2.60860283414652e-09   0.00e+00 
 2.60912821889362e-09   0.00e+00 
 2.60965360906250e-09   0.00e+00 
 2.61017900465205e-09   0.00e+00 
 2.61070440566116e-09   0.00e+00 
 2.61122981208871e-09   0.00e+00 
 2.61175522393360e-09   0.00e+00 
 2.61228064119471e-09   0.00e+00 
 2.61280606387092e-09   0.00e+00 
 2.61333149196114e-09   0.00e+00 
 2.61385692546424e-09   0.00e+00 
 2.61438236437911e-09   0.00e+00 
 2.61490780870465e-09   0.00e+00 
 2.61543325843973e-09   0.00e+00 
 2.61595871358325e-09   0.00e+00 
 2.61648417413409e-09   0.00e+00 
 2.61700964009114e-09   0.00e+00 
 2.61753511145329e-09   0.00e+00 
 2.61806058821943e-09   0.00e+00 
 2.61858607038844e-09   0.00e+00 
 2.61911155795922e-09   0.00e+00 
 2.61963705093065e-09   0.00e+00 
 2.62016254930161e-09   0.00e+00 
 2.62068805307101e-09   0.00e+00 
 2.62121356223772e-09   0.00e+00 
 2.62173907680063e-09   0.00e+00 
 2.62226459675863e-09   0.00e+00 
 2.62279012211061e-09   0.00e+00 
 2.62331565285546e-09   0.00e+00 
 2.62384118899207e-09   0.00e+00 
 2.62436673051931e-09   0.00e+00 
 2.62489227743609e-09   0.00e+00 
 2.62541782974129e-09   0.00e+00 
 2.62594338743380e-09   0.00e+00 
 2.62646895051251e-09   0.00e+00 
 2.62699451897630e-09   0.00e+00 
 2.62752009282407e-09   0.00e+00 
 2.62804567205470e-09   0.00e+00 
 2.62857125666708e-09   0.00e+00 
 2.62909684666010e-09   0.00e+00 
 2.62962244203265e-09   0.00e+00 
 2.63014804278362e-09   0.00e+00 
 2.63067364891190e-09   0.00e+00 
 2.63119926041637e-09   0.00e+00 
 2.63172487729593e-09   0.00e+00 
 2.63225049954946e-09   0.00e+00 
 2.63277612717586e-09   0.00e+00 
 2.63330176017401e-09   0.00e+00 
 2.63382739854280e-09   0.00e+00 
 2.63435304228113e-09   0.00e+00 
 2.63487869138787e-09   0.00e+00 
 2.63540434586193e-09   0.00e+00 
 2.63593000570219e-09   0.00e+00 
 2.63645567090754e-09   0.00e+00 
 2.63698134147688e-09   0.00e+00 
 2.63750701740908e-09   0.00e+00 
 2.63803269870305e-09   0.00e+00 
 2.63855838535767e-09   0.00e+00 
 2.63908407737183e-09   0.00e+00 
 2.63960977474442e-09   0.00e+00 
 2.64013547747434e-09   0.00e+00 
 2.64066118556048e-09   0.00e+00 
 2.64118689900172e-09   0.00e+00 
 2.64171261779695e-09   0.00e+00 
 2.64223834194508e-09   0.00e+00 
 2.64276407144498e-09   0.00e+00 
 2.64328980629556e-09   0.00e+00 
 2.64381554649569e-09   0.00e+00 
 2.64434129204429e-09   0.00e+00 
 2.64486704294022e-09   0.00e+00 
 2.64539279918240e-09   0.00e+00 
 2.64591856076970e-09   0.00e+00 
 2.64644432770103e-09   0.00e+00 
 2.64697009997528e-09   0.00e+00 
 2.64749587759133e-09   0.00e+00 
 2.64802166054808e-09   0.00e+00 
 2.64854744884442e-09   0.00e+00 
 2.64907324247926e-09   0.00e+00 
 2.64959904145147e-09   0.00e+00 
 2.65012484575995e-09   0.00e+00 
 2.65065065540360e-09   0.00e+00 
 2.65117647038131e-09   0.00e+00 
 2.65170229069197e-09   0.00e+00 
 2.65222811633448e-09   0.00e+00 
 2.65275394730774e-09   0.00e+00 
 2.65327978361063e-09   0.00e+00 
 2.65380562524205e-09   0.00e+00 
 2.65433147220090e-09   0.00e+00 
 2.65485732448606e-09   0.00e+00 
 2.65538318209645e-09   0.00e+00 
 2.65590904503094e-09   0.00e+00 
 2.65643491328844e-09   0.00e+00 
 2.65696078686784e-09   0.00e+00 
 2.65748666576804e-09   0.00e+00 
 2.65801254998793e-09   0.00e+00 
 2.65853843952641e-09   0.00e+00 
 2.65906433438238e-09   0.00e+00 
 2.65959023455473e-09   0.00e+00 
 2.66011614004236e-09   0.00e+00 
 2.66064205084416e-09   0.00e+00 
 2.66116796695904e-09   0.00e+00 
 2.66169388838588e-09   0.00e+00 
 2.66221981512359e-09   0.00e+00 
 2.66274574717107e-09   0.00e+00 
 2.66327168452721e-09   0.00e+00 
 2.66379762719091e-09   0.00e+00 
 2.66432357516107e-09   0.00e+00 
 2.66484952843659e-09   0.00e+00 
 2.66537548701636e-09   0.00e+00 
 2.66590145089928e-09   0.00e+00 
 2.66642742008426e-09   0.00e+00 
 2.66695339457019e-09   0.00e+00 
 2.66747937435597e-09   0.00e+00 
 2.66800535944050e-09   0.00e+00 
 2.66853134982268e-09   0.00e+00 
 2.66905734550141e-09   0.00e+00 
 2.66958334647559e-09   0.00e+00 
 2.67010935274412e-09   0.00e+00 
 2.67063536430590e-09   0.00e+00 
 2.67116138115982e-09   0.00e+00 
 2.67168740330480e-09   0.00e+00 
 2.67221343073973e-09   0.00e+00 
 2.67273946346351e-09   0.00e+00 
 2.67326550147505e-09   0.00e+00 
 2.67379154477324e-09   0.00e+00 
 2.67431759335698e-09   0.00e+00 
 2.67484364722519e-09   0.00e+00 
 2.67536970637675e-09   0.00e+00 
 2.67589577081058e-09   0.00e+00 
 2.67642184052557e-09   0.00e+00 
 2.67694791552062e-09   0.00e+00 
 2.67747399579464e-09   0.00e+00 
 2.67800008134654e-09   0.00e+00 
 2.67852617217520e-09   0.00e+00 
 2.67905226827954e-09   0.00e+00 
 2.67957836965846e-09   0.00e+00 
 2.68010447631087e-09   0.00e+00 
 2.68063058823565e-09   0.00e+00 
 2.68115670543173e-09   0.00e+00 
 2.68168282789800e-09   0.00e+00 
 2.68220895563337e-09   0.00e+00 
 2.68273508863673e-09   0.00e+00 
 2.68326122690700e-09   0.00e+00 
 2.68378737044308e-09   0.00e+00 
 2.68431351924387e-09   0.00e+00 
 2.68483967330827e-09   0.00e+00 
 2.68536583263520e-09   0.00e+00 
 2.68589199722355e-09   0.00e+00 
 2.68641816707223e-09   0.00e+00 
 2.68694434218014e-09   0.00e+00 
 2.68747052254620e-09   0.00e+00 
 2.68799670816930e-09   0.00e+00 
 2.68852289904835e-09   0.00e+00 
 2.68904909518225e-09   0.00e+00 
 2.68957529656991e-09   0.00e+00 
 2.69010150321024e-09   0.00e+00 
 2.69062771510214e-09   0.00e+00 
 2.69115393224452e-09   0.00e+00 
 2.69168015463628e-09   0.00e+00 
 2.69220638227633e-09   0.00e+00 
 2.69273261516357e-09   0.00e+00 
 2.69325885329692e-09   0.00e+00 
 2.69378509667527e-09   0.00e+00 
 2.69431134529753e-09   0.00e+00 
 2.69483759916261e-09   0.00e+00 
 2.69536385826941e-09   0.00e+00 
 2.69589012261685e-09   0.00e+00 
 2.69641639220382e-09   0.00e+00 
 2.69694266702924e-09   0.00e+00 
 2.69746894709201e-09   0.00e+00 
 2.69799523239104e-09   0.00e+00 
 2.69852152292523e-09   0.00e+00 
 2.69904781869349e-09   0.00e+00 
 2.69957411969473e-09   0.00e+00 
 2.70010042592786e-09   0.00e+00 
 2.70062673739178e-09   0.00e+00 
 2.70115305408540e-09   0.00e+00 
 2.70167937600762e-09   0.00e+00 
 2.70220570315736e-09   0.00e+00 
 2.70273203553352e-09   0.00e+00 
 2.70325837313501e-09   0.00e+00 
 2.70378471596074e-09   0.00e+00 
 2.70431106400961e-09   0.00e+00 
 2.70483741728053e-09   0.00e+00 
 2.70536377577241e-09   0.00e+00 
 2.70589013948415e-09   0.00e+00 
 2.70641650841467e-09   0.00e+00 
 2.70694288256288e-09   0.00e+00 
 2.70746926192767e-09   0.00e+00 
 2.70799564650796e-09   0.00e+00 
 2.70852203630266e-09   0.00e+00 
 2.70904843131067e-09   0.00e+00 
 2.70957483153091e-09   0.00e+00 
 2.71010123696227e-09   0.00e+00 
 2.71062764760368e-09   0.00e+00 
 2.71115406345403e-09   0.00e+00 
 2.71168048451224e-09   0.00e+00 
 2.71220691077721e-09   0.00e+00 
 2.71273334224785e-09   0.00e+00 
 2.71325977892308e-09   0.00e+00 
 2.71378622080179e-09   0.00e+00 
 2.71431266788291e-09   0.00e+00 
 2.71483912016533e-09   0.00e+00 
 2.71536557764797e-09   0.00e+00 
 2.71589204032973e-09   0.00e+00 
 2.71641850820953e-09   0.00e+00 
 2.71694498128628e-09   0.00e+00 
 2.71747145955887e-09   0.00e+00 
 2.71799794302623e-09   0.00e+00 
 2.71852443168726e-09   0.00e+00 
 2.71905092554087e-09   0.00e+00 
 2.71957742458597e-09   0.00e+00 
 2.72010392882147e-09   0.00e+00 
 2.72063043824628e-09   0.00e+00 
 2.72115695285930e-09   0.00e+00 
 2.72168347265946e-09   0.00e+00 
 2.72220999764566e-09   0.00e+00 
 2.72273652781681e-09   0.00e+00 
 2.72326306317181e-09   0.00e+00 
 2.72378960370959e-09   0.00e+00 
 2.72431614942905e-09   0.00e+00 
 2.72484270032909e-09   0.00e+00 
 2.72536925640864e-09   0.00e+00 
 2.72589581766660e-09   0.00e+00 
 2.72642238410188e-09   0.00e+00 
 2.72694895571339e-09   0.00e+00 
 2.72747553250004e-09   0.00e+00 
 2.72800211446076e-09   0.00e+00 
 2.72852870159444e-09   0.00e+00 
 2.72905529389999e-09   0.00e+00 
 2.72958189137633e-09   0.00e+00 
 2.73010849402238e-09   0.00e+00 
 2.73063510183704e-09   0.00e+00 
 2.73116171481922e-09   0.00e+00 
 2.73168833296783e-09   0.00e+00 
 2.73221495628180e-09   0.00e+00 
 2.73274158476002e-09   0.00e+00 
 2.73326821840141e-09   0.00e+00 
 2.73379485720489e-09   0.00e+00 
 2.73432150116937e-09   0.00e+00 
 2.73484815029376e-09   0.00e+00 
 2.73537480457697e-09   0.00e+00 
 2.73590146401791e-09   0.00e+00 
 2.73642812861551e-09   0.00e+00 
 2.73695479836866e-09   0.00e+00 
 2.73748147327629e-09   0.00e+00 
 2.73800815333732e-09   0.00e+00 
 2.73853483855064e-09   0.00e+00 
 2.73906152891518e-09   0.00e+00 
 2.73958822442985e-09   0.00e+00 
 2.74011492509357e-09   0.00e+00 
 2.74064163090525e-09   0.00e+00 
 2.74116834186380e-09   0.00e+00 
 2.74169505796814e-09   0.00e+00 
 2.74222177921719e-09   0.00e+00 
 2.74274850560986e-09   0.00e+00 
 2.74327523714505e-09   0.00e+00 
 2.74380197382170e-09   0.00e+00 
 2.74432871563872e-09   0.00e+00 
 2.74485546259502e-09   0.00e+00 
 2.74538221468951e-09   0.00e+00 
 2.74590897192112e-09   0.00e+00 
 2.74643573428876e-09   0.00e+00 
 2.74696250179135e-09   0.00e+00 
 2.74748927442780e-09   0.00e+00 
 2.74801605219703e-09   0.00e+00 
 2.74854283509796e-09   0.00e+00 
 2.74906962312951e-09   0.00e+00 
 2.74959641629059e-09   0.00e+00 
 2.75012321458012e-09   0.00e+00 
 2.75065001799702e-09   0.00e+00 
 2.75117682654021e-09   0.00e+00 
 2.75170364020861e-09   0.00e+00 
 2.75223045900113e-09   0.00e+00 
 2.75275728291670e-09   0.00e+00 
 2.75328411195423e-09   0.00e+00 
 2.75381094611264e-09   0.00e+00 
 2.75433778539086e-09   0.00e+00 
 2.75486462978780e-09   0.00e+00 
 2.75539147930238e-09   0.00e+00 
 2.75591833393353e-09   0.00e+00 
 2.75644519368016e-09   0.00e+00 
 2.75697205854119e-09   0.00e+00 
 2.75749892851556e-09   0.00e+00 
 2.75802580360216e-09   0.00e+00 
 2.75855268379994e-09   0.00e+00 
 2.75907956910781e-09   0.00e+00 
 2.75960645952470e-09   0.00e+00 
 2.76013335504952e-09   0.00e+00 
 2.76066025568120e-09   0.00e+00 
 2.76118716141866e-09   0.00e+00 
 2.76171407226083e-09   0.00e+00 
 2.76224098820662e-09   0.00e+00 
 2.76276790925497e-09   0.00e+00 
 2.76329483540479e-09   0.00e+00 
 2.76382176665501e-09   0.00e+00 
 2.76434870300457e-09   0.00e+00 
 2.76487564445237e-09   0.00e+00 
 2.76540259099734e-09   0.00e+00 
 2.76592954263842e-09   0.00e+00 
 2.76645649937452e-09   0.00e+00 
 2.76698346120458e-09   0.00e+00 
 2.76751042812752e-09   0.00e+00 
 2.76803740014226e-09   0.00e+00 
 2.76856437724773e-09   0.00e+00 
 2.76909135944286e-09   0.00e+00 
 2.76961834672658e-09   0.00e+00 
 2.77014533909782e-09   0.00e+00 
 2.77067233655550e-09   0.00e+00 
 2.77119933909855e-09   0.00e+00 
 2.77172634672590e-09   0.00e+00 
 2.77225335943647e-09   0.00e+00 
 2.77278037722921e-09   0.00e+00 
 2.77330740010304e-09   0.00e+00 
 2.77383442805688e-09   0.00e+00 
 2.77436146108967e-09   0.00e+00 
 2.77488849920033e-09   0.00e+00 
 2.77541554238781e-09   0.00e+00 
 2.77594259065102e-09   0.00e+00 
 2.77646964398891e-09   0.00e+00 
 2.77699670240040e-09   0.00e+00 
 2.77752376588442e-09   0.00e+00 
 2.77805083443991e-09   0.00e+00 
 2.77857790806580e-09   0.00e+00 
 2.77910498676102e-09   0.00e+00 
 2.77963207052450e-09   0.00e+00 
 2.78015915935519e-09   0.00e+00 
 2.78068625325201e-09   0.00e+00 
 2.78121335221389e-09   0.00e+00 
 2.78174045623977e-09   0.00e+00 
 2.78226756532859e-09   0.00e+00 
 2.78279467947928e-09   0.00e+00 
 2.78332179869077e-09   0.00e+00 
 2.78384892296200e-09   0.00e+00 
 2.78437605229191e-09   0.00e+00 
 2.78490318667944e-09   0.00e+00 
 2.78543032612351e-09   0.00e+00 
 2.78595747062306e-09   0.00e+00 
 2.78648462017704e-09   0.00e+00 
 2.78701177478438e-09   0.00e+00 
 2.78753893444402e-09   0.00e+00 
 2.78806609915489e-09   0.00e+00 
 2.78859326891594e-09   0.00e+00 
 2.78912044372609e-09   0.00e+00 
 2.78964762358430e-09   0.00e+00 
 2.79017480848949e-09   0.00e+00 
 2.79070199844062e-09   0.00e+00 
 2.79122919343661e-09   0.00e+00 
 2.79175639347641e-09   0.00e+00 
 2.79228359855895e-09   0.00e+00 
 2.79281080868319e-09   0.00e+00 
 2.79333802384805e-09   0.00e+00 
 2.79386524405248e-09   0.00e+00 
 2.79439246929542e-09   0.00e+00 
 2.79491969957582e-09   0.00e+00 
 2.79544693489261e-09   0.00e+00 
 2.79597417524473e-09   0.00e+00 
 2.79650142063113e-09   0.00e+00 
 2.79702867105075e-09   0.00e+00 
 2.79755592650253e-09   0.00e+00 
 2.79808318698542e-09   0.00e+00 
 2.79861045249835e-09   0.00e+00 
 2.79913772304028e-09   0.00e+00 
 2.79966499861015e-09   0.00e+00 
 2.80019227920689e-09   0.00e+00 
 2.80071956482946e-09   0.00e+00 
 2.80124685547679e-09   0.00e+00 
 2.80177415114784e-09   0.00e+00 
 2.80230145184155e-09   0.00e+00 
 2.80282875755685e-09   0.00e+00 
 2.80335606829271e-09   0.00e+00 
 2.80388338404806e-09   0.00e+00 
 2.80441070482185e-09   0.00e+00 
 2.80493803061302e-09   0.00e+00 
 2.80546536142053e-09   0.00e+00 
 2.80599269724331e-09   0.00e+00 
 2.80652003808032e-09   0.00e+00 
 2.80704738393050e-09   0.00e+00 
 2.80757473479280e-09   0.00e+00 
 2.80810209066616e-09   0.00e+00 
 2.80862945154954e-09   0.00e+00 
 2.80915681744188e-09   0.00e+00 
 2.80968418834212e-09   0.00e+00 
 2.81021156424923e-09   0.00e+00 
 2.81073894516214e-09   0.00e+00 
 2.81126633107981e-09   0.00e+00 
 2.81179372200118e-09   0.00e+00 
 2.81232111792520e-09   0.00e+00 
 2.81284851885082e-09   0.00e+00 
 2.81337592477700e-09   0.00e+00 
 2.81390333570267e-09   0.00e+00 
 2.81443075162679e-09   0.00e+00 
 2.81495817254832e-09   0.00e+00 
 2.81548559846619e-09   0.00e+00 
 2.81601302937937e-09   0.00e+00 
 2.81654046528680e-09   0.00e+00 
 2.81706790618743e-09   0.00e+00 
 2.81759535208021e-09   0.00e+00 
 2.81812280296410e-09   0.00e+00 
 2.81865025883804e-09   0.00e+00 
 2.81917771970099e-09   0.00e+00 
 2.81970518555191e-09   0.00e+00 
 2.82023265638973e-09   0.00e+00 
 2.82076013221341e-09   0.00e+00 
 2.82128761302191e-09   0.00e+00 
 2.82181509881418e-09   0.00e+00 
 2.82234258958917e-09   0.00e+00 
 2.82287008534584e-09   0.00e+00 
 2.82339758608313e-09   0.00e+00 
 2.82392509180000e-09   0.00e+00 
 2.82445260249541e-09   0.00e+00 
 2.82498011816830e-09   0.00e+00 
 2.82550763881764e-09   0.00e+00 
 2.82603516444237e-09   0.00e+00 
 2.82656269504145e-09   0.00e+00 
 2.82709023061383e-09   0.00e+00 
 2.82761777115848e-09   0.00e+00 
 2.82814531667434e-09   0.00e+00 
 2.82867286716037e-09   0.00e+00 
 2.82920042261552e-09   0.00e+00 
 2.82972798303875e-09   0.00e+00 
 2.83025554842902e-09   0.00e+00 
 2.83078311878528e-09   0.00e+00 
 2.83131069410649e-09   0.00e+00 
 2.83183827439160e-09   0.00e+00 
 2.83236585963957e-09   0.00e+00 
 2.83289344984936e-09   0.00e+00 
 2.83342104501992e-09   0.00e+00 
 2.83394864515022e-09   0.00e+00 
 2.83447625023920e-09   0.00e+00 
 2.83500386028582e-09   0.00e+00 
 2.83553147528906e-09   0.00e+00 
 2.83605909524785e-09   0.00e+00 
 2.83658672016116e-09   0.00e+00 
 2.83711435002795e-09   0.00e+00 
 2.83764198484718e-09   0.00e+00 
 2.83816962461780e-09   0.00e+00 
 2.83869726933878e-09   0.00e+00 
 2.83922491900907e-09   0.00e+00 
 2.83975257362763e-09   0.00e+00 
 2.84028023319343e-09   0.00e+00 
 2.84080789770541e-09   0.00e+00 
 2.84133556716256e-09   0.00e+00 
 2.84186324156381e-09   0.00e+00 
 2.84239092090814e-09   0.00e+00 
 2.84291860519450e-09   0.00e+00 
 2.84344629442186e-09   0.00e+00 
 2.84397398858918e-09   0.00e+00 
 2.84450168769541e-09   0.00e+00 
 2.84502939173952e-09   0.00e+00 
 2.84555710072048e-09   0.00e+00 
 2.84608481463724e-09   0.00e+00 
 2.84661253348877e-09   0.00e+00 
 2.84714025727403e-09   0.00e+00 
 2.84766798599197e-09   0.00e+00 
 2.84819571964158e-09   0.00e+00 
 2.84872345822181e-09   0.00e+00 
 2.84925120173161e-09   0.00e+00 
 2.84977895016997e-09   0.00e+00 
 2.85030670353584e-09   0.00e+00 
 2.85083446182818e-09   0.00e+00 
 2.85136222504596e-09   0.00e+00 
 2.85188999318815e-09   0.00e+00 
 2.85241776625371e-09   0.00e+00 
 2.85294554424161e-09   0.00e+00 
 2.85347332715081e-09   0.00e+00 
 2.85400111498027e-09   0.00e+00 
 2.85452890772898e-09   0.00e+00 
 2.85505670539588e-09   0.00e+00 
 2.85558450797995e-09   0.00e+00 
 2.85611231548016e-09   0.00e+00 
 2.85664012789547e-09   0.00e+00 
 2.85716794522485e-09   0.00e+00 
 2.85769576746727e-09   0.00e+00 
 2.85822359462170e-09   0.00e+00 
 2.85875142668710e-09   0.00e+00 
 2.85927926366245e-09   0.00e+00 
 2.85980710554671e-09   0.00e+00 
 2.86033495233885e-09   0.00e+00 
 2.86086280403785e-09   0.00e+00 
 2.86139066064267e-09   0.00e+00 
 2.86191852215229e-09   0.00e+00 
 2.86244638856567e-09   0.00e+00 
 2.86297425988179e-09   0.00e+00 
 2.86350213609961e-09   0.00e+00 
 2.86403001721811e-09   0.00e+00 
 2.86455790323627e-09   0.00e+00 
 2.86508579415304e-09   0.00e+00 
 2.86561368996741e-09   0.00e+00 
 2.86614159067835e-09   0.00e+00 
 2.86666949628483e-09   0.00e+00 
 2.86719740678583e-09   0.00e+00 
 2.86772532218031e-09   0.00e+00 
 2.86825324246726e-09   0.00e+00 
 2.86878116764564e-09   0.00e+00 
 2.86930909771444e-09   0.00e+00 
 2.86983703267263e-09   0.00e+00 
 2.87036497251918e-09   0.00e+00 
 2.87089291725307e-09   0.00e+00 
 2.87142086687327e-09   0.00e+00 
 2.87194882137877e-09   0.00e+00 
 2.87247678076854e-09   0.00e+00 
 2.87300474504155e-09   0.00e+00 
 2.87353271419679e-09   0.00e+00 
 2.87406068823323e-09   0.00e+00 
 2.87458866714985e-09   0.00e+00 
 2.87511665094564e-09   0.00e+00 
 2.87564463961956e-09   0.00e+00 
 2.87617263317060e-09   0.00e+00 
 2.87670063159774e-09   0.00e+00 
 2.87722863489996e-09   0.00e+00 
 2.87775664307623e-09   0.00e+00 
 2.87828465612555e-09   0.00e+00 
 2.87881267404689e-09   0.00e+00 
 2.87934069683924e-09   0.00e+00 
 2.87986872450157e-09   0.00e+00 
 2.88039675703287e-09   0.00e+00 
 2.88092479443212e-09   0.00e+00 
 2.88145283669831e-09   0.00e+00 
 2.88198088383042e-09   0.00e+00 
 2.88250893582744e-09   0.00e+00 
 2.88303699268834e-09   0.00e+00 
 2.88356505441212e-09   0.00e+00 
 2.88409312099775e-09   0.00e+00 
 2.88462119244424e-09   0.00e+00 
 2.88514926875055e-09   0.00e+00 
 2.88567734991569e-09   0.00e+00 
 2.88620543593863e-09   0.00e+00 
 2.88673352681837e-09   0.00e+00 
 2.88726162255389e-09   0.00e+00 
 2.88778972314418e-09   0.00e+00 
 2.88831782858823e-09   0.00e+00 
 2.88884593888504e-09   0.00e+00 
 2.88937405403358e-09   0.00e+00 
 2.88990217403286e-09   0.00e+00 
 2.89043029888186e-09   0.00e+00 
 2.89095842857958e-09   0.00e+00 
 2.89148656312500e-09   0.00e+00 
 2.89201470251713e-09   0.00e+00 
 2.89254284675494e-09   0.00e+00 
 2.89307099583744e-09   0.00e+00 
 2.89359914976362e-09   0.00e+00 
 2.89412730853248e-09   0.00e+00 
 2.89465547214301e-09   0.00e+00 
 2.89518364059421e-09   0.00e+00 
 2.89571181388506e-09   0.00e+00 
 2.89623999201458e-09   0.00e+00 
 2.89676817498175e-09   0.00e+00 
 2.89729636278558e-09   0.00e+00 
 2.89782455542507e-09   0.00e+00 
 2.89835275289920e-09   0.00e+00 
 2.89888095520699e-09   0.00e+00 
 2.89940916234743e-09   0.00e+00 
 2.89993737431952e-09   0.00e+00 
 2.90046559112227e-09   0.00e+00 
 2.90099381275467e-09   0.00e+00 
 2.90152203921574e-09   0.00e+00 
 2.90205027050446e-09   0.00e+00 
 2.90257850661985e-09   0.00e+00 
 2.90310674756091e-09   0.00e+00 
 2.90363499332664e-09   0.00e+00 
 2.90416324391606e-09   0.00e+00 
 2.90469149932816e-09   0.00e+00 
 2.90521975956195e-09   0.00e+00 
 2.90574802461645e-09   0.00e+00 
 2.90627629449065e-09   0.00e+00 
 2.90680456918358e-09   0.00e+00 
 2.90733284869423e-09   0.00e+00 
 2.90786113302161e-09   0.00e+00 
 2.90838942216475e-09   0.00e+00 
 2.90891771612264e-09   0.00e+00 
 2.90944601489431e-09   0.00e+00 
 2.90997431847875e-09   0.00e+00 
 2.91050262687500e-09   0.00e+00 
 2.91103094008206e-09   0.00e+00 
 2.91155925809894e-09   0.00e+00 
 2.91208758092466e-09   0.00e+00 
 2.91261590855825e-09   0.00e+00 
 2.91314424099870e-09   0.00e+00 
 2.91367257824505e-09   0.00e+00 
 2.91420092029631e-09   0.00e+00 
 2.91472926715149e-09   0.00e+00 
 2.91525761880963e-09   0.00e+00 
 2.91578597526974e-09   0.00e+00 
 2.91631433653083e-09   0.00e+00 
 2.91684270259194e-09   0.00e+00 
 2.91737107345209e-09   0.00e+00 
 2.91789944911029e-09   0.00e+00 
 2.91842782956558e-09   0.00e+00 
 2.91895621481697e-09   0.00e+00 
 2.91948460486350e-09   0.00e+00 
 2.92001299970419e-09   0.00e+00 
 2.92054139933806e-09   0.00e+00 
 2.92106980376415e-09   0.00e+00 
 2.92159821298149e-09   0.00e+00 
 2.92212662698909e-09   0.00e+00 
 2.92265504578601e-09   0.00e+00 
 2.92318346937126e-09   0.00e+00 
 2.92371189774387e-09   0.00e+00 
 2.92424033090289e-09   0.00e+00 
 2.92476876884734e-09   0.00e+00 
 2.92529721157626e-09   0.00e+00 
 2.92582565908868e-09   0.00e+00 
 2.92635411138365e-09   0.00e+00 
 2.92688256846019e-09   0.00e+00 
 2.92741103031734e-09   0.00e+00 
 2.92793949695415e-09   0.00e+00 
 2.92846796836965e-09   0.00e+00 
 2.92899644456288e-09   0.00e+00 
 2.92952492553289e-09   0.00e+00 
 2.93005341127871e-09   0.00e+00 
 2.93058190179939e-09   0.00e+00 
 2.93111039709398e-09   0.00e+00 
 2.93163889716151e-09   0.00e+00 
 2.93216740200103e-09   0.00e+00 
 2.93269591161159e-09   0.00e+00 
 2.93322442599224e-09   0.00e+00 
 2.93375294514202e-09   0.00e+00 
 2.93428146905999e-09   0.00e+00 
 2.93480999774518e-09   0.00e+00 
 2.93533853119666e-09   0.00e+00 
 2.93586706941348e-09   0.00e+00 
 2.93639561239468e-09   0.00e+00 
 2.93692416013932e-09   0.00e+00 
 2.93745271264646e-09   0.00e+00 
 2.93798126991515e-09   0.00e+00 
 2.93850983194444e-09   0.00e+00 
 2.93903839873340e-09   0.00e+00 
 2.93956697028107e-09   0.00e+00 
 2.94009554658653e-09   0.00e+00 
 2.94062412764882e-09   0.00e+00 
 2.94115271346701e-09   0.00e+00 
 2.94168130404017e-09   0.00e+00 
 2.94220989936734e-09   0.00e+00 
 2.94273849944761e-09   0.00e+00 
 2.94326710428002e-09   0.00e+00 
 2.94379571386365e-09   0.00e+00 
 2.94432432819757e-09   0.00e+00 
 2.94485294728083e-09   0.00e+00 
 2.94538157111251e-09   0.00e+00 
 2.94591019969167e-09   0.00e+00 
 2.94643883301739e-09   0.00e+00 
 2.94696747108873e-09   0.00e+00 
 2.94749611390477e-09   0.00e+00 
 2.94802476146458e-09   0.00e+00 
 2.94855341376724e-09   0.00e+00 
 2.94908207081181e-09   0.00e+00 
 2.94961073259738e-09   0.00e+00 
 2.95013939912301e-09   0.00e+00 
 2.95066807038779e-09   0.00e+00 
 2.95119674639080e-09   0.00e+00 
 2.95172542713111e-09   0.00e+00 
 2.95225411260780e-09   0.00e+00 
 2.95278280281996e-09   0.00e+00 
 2.95331149776666e-09   0.00e+00 
 2.95384019744699e-09   0.00e+00 
 2.95436890186003e-09   0.00e+00 
 2.95489761100487e-09   0.00e+00 
 2.95542632488060e-09   0.00e+00 
 2.95595504348629e-09   0.00e+00 
 2.95648376682104e-09   0.00e+00 
 2.95701249488393e-09   0.00e+00 
 2.95754122767405e-09   0.00e+00 
 2.95806996519050e-09   0.00e+00 
 2.95859870743237e-09   0.00e+00 
 2.95912745439874e-09   0.00e+00 
 2.95965620608871e-09   0.00e+00 
 2.96018496250137e-09   0.00e+00 
 2.96071372363582e-09   0.00e+00 
 2.96124248949116e-09   0.00e+00 
 2.96177126006647e-09   0.00e+00 
 2.96230003536086e-09   0.00e+00 
 2.96282881537343e-09   0.00e+00 
 2.96335760010328e-09   0.00e+00 
 2.96388638954950e-09   0.00e+00 
 2.96441518371119e-09   0.00e+00 
 2.96494398258746e-09   0.00e+00 
 2.96547278617741e-09   0.00e+00 
 2.96600159448015e-09   0.00e+00 
 2.96653040749477e-09   0.00e+00 
 2.96705922522039e-09   0.00e+00 
 2.96758804765611e-09   0.00e+00 
 2.96811687480104e-09   0.00e+00 
 2.96864570665428e-09   0.00e+00 
 2.96917454321495e-09   0.00e+00 
 2.96970338448215e-09   0.00e+00 
 2.97023223045500e-09   0.00e+00 
 2.97076108113260e-09   0.00e+00 
 2.97128993651407e-09   0.00e+00 
 2.97181879659853e-09   0.00e+00 
 2.97234766138507e-09   0.00e+00 
 2.97287653087283e-09   0.00e+00 
 2.97340540506092e-09   0.00e+00 
 2.97393428394844e-09   0.00e+00 
 2.97446316753453e-09   0.00e+00 
 2.97499205581830e-09   0.00e+00 
 2.97552094879886e-09   0.00e+00 
 2.97604984647534e-09   0.00e+00 
 2.97657874884686e-09   0.00e+00 
 2.97710765591253e-09   0.00e+00 
 2.97763656767149e-09   0.00e+00 
 2.97816548412285e-09   0.00e+00 
 2.97869440526574e-09   0.00e+00 
 2.97922333109928e-09   0.00e+00 
 2.97975226162259e-09   0.00e+00 
 2.98028119683481e-09   0.00e+00 
 2.98081013673506e-09   0.00e+00 
 2.98133908132247e-09   0.00e+00 
 2.98186803059616e-09   0.00e+00 
 2.98239698455527e-09   0.00e+00 
 2.98292594319892e-09   0.00e+00 
 2.98345490652625e-09   0.00e+00 
 2.98398387453639e-09   0.00e+00 
 2.98451284722847e-09   0.00e+00 
 2.98504182460161e-09   0.00e+00 
 2.98557080665496e-09   0.00e+00 
 2.98609979338765e-09   0.00e+00 
 2.98662878479882e-09   0.00e+00 
 2.98715778088760e-09   0.00e+00 
 2.98768678165312e-09   0.00e+00 
 2.98821578709452e-09   0.00e+00 
 2.98874479721095e-09   0.00e+00 
 2.98927381200153e-09   0.00e+00 
 2.98980283146542e-09   0.00e+00 
 2.99033185560174e-09   0.00e+00 
 2.99086088440964e-09   0.00e+00 
 2.99138991788826e-09   0.00e+00 
 2.99191895603674e-09   0.00e+00 
 2.99244799885423e-09   0.00e+00 
 2.99297704633986e-09   0.00e+00 
 2.99350609849278e-09   0.00e+00 
 2.99403515531213e-09   0.00e+00 
 2.99456421679707e-09   0.00e+00 
 2.99509328294673e-09   0.00e+00 
 2.99562235376027e-09   0.00e+00 
 2.99615142923682e-09   0.00e+00 
 2.99668050937553e-09   0.00e+00 
 2.99720959417556e-09   0.00e+00 
 2.99773868363606e-09   0.00e+00 
 2.99826777775616e-09   0.00e+00 
 2.99879687653503e-09   0.00e+00 
 2.99932597997181e-09   0.00e+00 
 2.99985508806565e-09   0.00e+00 
 3.00038420081571e-09   0.00e+00 
 3.00091331822113e-09   0.00e+00 
 3.00144244028107e-09   0.00e+00 
 3.00197156699469e-09   0.00e+00 
 3.00250069836113e-09   0.00e+00 
 3.00302983437956e-09   0.00e+00 
 3.00355897504912e-09   0.00e+00 
 3.00408812036897e-09   0.00e+00 
 3.00461727033827e-09   0.00e+00 
 3.00514642495618e-09   0.00e+00 
 3.00567558422185e-09   0.00e+00 
 3.00620474813444e-09   0.00e+00 
 3.00673391669310e-09   0.00e+00 
 3.00726308989700e-09   0.00e+00 
 3.00779226774530e-09   0.00e+00 
 3.00832145023716e-09   0.00e+00 
 3.00885063737173e-09   0.00e+00 
 3.00937982914818e-09   0.00e+00 
 3.00990902556567e-09   0.00e+00 
 3.01043822662336e-09   0.00e+00 
 3.01096743232041e-09   0.00e+00 
 3.01149664265599e-09   0.00e+00 
 3.01202585762926e-09   0.00e+00 
 3.01255507723938e-09   0.00e+00 
 3.01308430148553e-09   0.00e+00 
 3.01361353036685e-09   0.00e+00 
 3.01414276388252e-09   0.00e+00 
 3.01467200203171e-09   0.00e+00 
 3.01520124481358e-09   0.00e+00 
 3.01573049222730e-09   0.00e+00 
 3.01625974427203e-09   0.00e+00 
 3.01678900094694e-09   0.00e+00 
 3.01731826225121e-09   0.00e+00 
 3.01784752818400e-09   0.00e+00 
 3.01837679874447e-09   0.00e+00 
 3.01890607393181e-09   0.00e+00 
 3.01943535374517e-09   0.00e+00 
 3.01996463818374e-09   0.00e+00 
 3.02049392724667e-09   0.00e+00 
 3.02102322093315e-09   0.00e+00 
 3.02155251924234e-09   0.00e+00 
 3.02208182217342e-09   0.00e+00 
 3.02261112972555e-09   0.00e+00 
 3.02314044189792e-09   0.00e+00 
 3.02366975868970e-09   0.00e+00 
 3.02419908010006e-09   0.00e+00 
 3.02472840612818e-09   0.00e+00 
 3.02525773677322e-09   0.00e+00 
 3.02578707203437e-09   0.00e+00 
 3.02631641191081e-09   0.00e+00 
 3.02684575640170e-09   0.00e+00 
 3.02737510550623e-09   0.00e+00 
 3.02790445922357e-09   0.00e+00 
 3.02843381755291e-09   0.00e+00 
 3.02896318049341e-09   0.00e+00 
 3.02949254804426e-09   0.00e+00 
 3.03002192020464e-09   0.00e+00 
 3.03055129697372e-09   0.00e+00 
 3.03108067835068e-09   0.00e+00 
 3.03161006433472e-09   0.00e+00 
 3.03213945492500e-09   0.00e+00 
 3.03266885012070e-09   0.00e+00 
 3.03319824992102e-09   0.00e+00 
 3.03372765432512e-09   0.00e+00 
 3.03425706333220e-09   0.00e+00 
 3.03478647694144e-09   0.00e+00 
 3.03531589515201e-09   0.00e+00 
 3.03584531796310e-09   0.00e+00 
 3.03637474537391e-09   0.00e+00 
 3.03690417738360e-09   0.00e+00 
 3.03743361399137e-09   0.00e+00 
 3.03796305519640e-09   0.00e+00 
 3.03849250099787e-09   0.00e+00 
 3.03902195139498e-09   0.00e+00 
 3.03955140638690e-09   0.00e+00 
 3.04008086597283e-09   0.00e+00 
 3.04061033015196e-09   0.00e+00 
 3.04113979892346e-09   0.00e+00 
 3.04166927228652e-09   0.00e+00 
 3.04219875024035e-09   0.00e+00 
 3.04272823278412e-09   0.00e+00 
 3.04325771991702e-09   0.00e+00 
 3.04378721163824e-09   0.00e+00 
 3.04431670794698e-09   0.00e+00 
 3.04484620884242e-09   0.00e+00 
 3.04537571432375e-09   0.00e+00 
 3.04590522439017e-09   0.00e+00 
 3.04643473904086e-09   0.00e+00 
 3.04696425827502e-09   0.00e+00 
 3.04749378209184e-09   0.00e+00 
 3.04802331049051e-09   0.00e+00 
 3.04855284347023e-09   0.00e+00 
 3.04908238103019e-09   0.00e+00 
 3.04961192316957e-09   0.00e+00 
 3.05014146988759e-09   0.00e+00 
 3.05067102118342e-09   0.00e+00 
 3.05120057705627e-09   0.00e+00 
 3.05173013750533e-09   0.00e+00 
 3.05225970252979e-09   0.00e+00 
 3.05278927212886e-09   0.00e+00 
 3.05331884630172e-09   0.00e+00 
 3.05384842504758e-09   0.00e+00 
 3.05437800836563e-09   0.00e+00 
 3.05490759625507e-09   0.00e+00 
 3.05543718871509e-09   0.00e+00 
 3.05596678574490e-09   0.00e+00 
 3.05649638734370e-09   0.00e+00 
 3.05702599351067e-09   0.00e+00 
 3.05755560424502e-09   0.00e+00 
 3.05808521954596e-09   0.00e+00 
 3.05861483941267e-09   0.00e+00 
 3.05914446384436e-09   0.00e+00 
 3.05967409284024e-09   0.00e+00 
 3.06020372639949e-09   0.00e+00 
 3.06073336452133e-09   0.00e+00 
 3.06126300720496e-09   0.00e+00 
 3.06179265444957e-09   0.00e+00 
 3.06232230625436e-09   0.00e+00 
 3.06285196261855e-09   0.00e+00 
 3.06338162354134e-09   0.00e+00 
 3.06391128902192e-09   0.00e+00 
 3.06444095905950e-09   0.00e+00 
 3.06497063365329e-09   0.00e+00 
 3.06550031280248e-09   0.00e+00 
 3.06602999650630e-09   0.00e+00 
 3.06655968476393e-09   0.00e+00 
 3.06708937757458e-09   0.00e+00 
 3.06761907493747e-09   0.00e+00 
 3.06814877685179e-09   0.00e+00 
 3.06867848331676e-09   0.00e+00 
 3.06920819433157e-09   0.00e+00 
 3.06973790989544e-09   0.00e+00 
 3.07026763000758e-09   0.00e+00 
 3.07079735466718e-09   0.00e+00 
 3.07132708387346e-09   0.00e+00 
 3.07185681762564e-09   0.00e+00 
 3.07238655592290e-09   0.00e+00 
 3.07291629876447e-09   0.00e+00 
 3.07344604614956e-09   0.00e+00 
 3.07397579807737e-09   0.00e+00 
 3.07450555454711e-09   0.00e+00 
 3.07503531555799e-09   0.00e+00 
 3.07556508110923e-09   0.00e+00 
 3.07609485120003e-09   0.00e+00 
 3.07662462582961e-09   0.00e+00 
 3.07715440499717e-09   0.00e+00 
 3.07768418870193e-09   0.00e+00 
 3.07821397694310e-09   0.00e+00 
 3.07874376971989e-09   0.00e+00 
 3.07927356703152e-09   0.00e+00 
 3.07980336887719e-09   0.00e+00 
 3.08033317525612e-09   0.00e+00 
 3.08086298616752e-09   0.00e+00 
 3.08139280161061e-09   0.00e+00 
 3.08192262158460e-09   0.00e+00 
 3.08245244608870e-09   0.00e+00 
 3.08298227512213e-09   0.00e+00 
 3.08351210868410e-09   0.00e+00 
 3.08404194677383e-09   0.00e+00 
 3.08457178939054e-09   0.00e+00 
 3.08510163653342e-09   0.00e+00 
 3.08563148820172e-09   0.00e+00 
 3.08616134439463e-09   0.00e+00 
 3.08669120511137e-09   0.00e+00 
 3.08722107035116e-09   0.00e+00 
 3.08775094011322e-09   0.00e+00 
 3.08828081439677e-09   0.00e+00 
 3.08881069320101e-09   0.00e+00 
 3.08934057652517e-09   0.00e+00 
 3.08987046436847e-09   0.00e+00 
 3.09040035673012e-09   0.00e+00 
 3.09093025360933e-09   0.00e+00 
 3.09146015500534e-09   0.00e+00 
 3.09199006091735e-09   0.00e+00 
 3.09251997134458e-09   0.00e+00 
 3.09304988628625e-09   0.00e+00 
 3.09357980574159e-09   0.00e+00 
 3.09410972970980e-09   0.00e+00 
 3.09463965819011e-09   0.00e+00 
 3.09516959118174e-09   0.00e+00 
 3.09569952868391e-09   0.00e+00 
 3.09622947069583e-09   0.00e+00 
 3.09675941721673e-09   0.00e+00 
 3.09728936824583e-09   0.00e+00 
 3.09781932378234e-09   0.00e+00 
 3.09834928382549e-09   0.00e+00 
 3.09887924837449e-09   0.00e+00 
 3.09940921742857e-09   0.00e+00 
 3.09993919098695e-09   0.00e+00 
 3.10046916904884e-09   0.00e+00 
 3.10099915161348e-09   0.00e+00 
 3.10152913868007e-09   0.00e+00 
 3.10205913024785e-09   0.00e+00 
 3.10258912631603e-09   0.00e+00 
 3.10311912688383e-09   0.00e+00 
 3.10364913195048e-09   0.00e+00 
 3.10417914151519e-09   0.00e+00 
 3.10470915557720e-09   0.00e+00 
 3.10523917413571e-09   0.00e+00 
 3.10576919718996e-09   0.00e+00 
 3.10629922473916e-09   0.00e+00 
 3.10682925678254e-09   0.00e+00 
 3.10735929331932e-09   0.00e+00 
 3.10788933434872e-09   0.00e+00 
 3.10841937986997e-09   0.00e+00 
 3.10894942988228e-09   0.00e+00 
 3.10947948438489e-09   0.00e+00 
 3.11000954337700e-09   0.00e+00 
 3.11053960685785e-09   0.00e+00 
 3.11106967482666e-09   0.00e+00 
 3.11159974728265e-09   0.00e+00 
 3.11212982422505e-09   0.00e+00 
 3.11265990565307e-09   0.00e+00 
 3.11318999156595e-09   0.00e+00 
 3.11372008196290e-09   0.00e+00 
 3.11425017684314e-09   0.00e+00 
 3.11478027620591e-09   0.00e+00 
 3.11531038005043e-09   0.00e+00 
 3.11584048837591e-09   0.00e+00 
 3.11637060118159e-09   0.00e+00 
 3.11690071846668e-09   0.00e+00 
 3.11743084023041e-09   0.00e+00 
 3.11796096647200e-09   0.00e+00 
 3.11849109719069e-09   0.00e+00 
 3.11902123238568e-09   0.00e+00 
 3.11955137205621e-09   0.00e+00 
 3.12008151620150e-09   0.00e+00 
 3.12061166482077e-09   0.00e+00 
 3.12114181791326e-09   0.00e+00 
 3.12167197547817e-09   0.00e+00 
 3.12220213751475e-09   0.00e+00 
 3.12273230402220e-09   0.00e+00 
 3.12326247499976e-09   0.00e+00 
 3.12379265044664e-09   0.00e+00 
 3.12432283036209e-09   0.00e+00 
 3.12485301474531e-09   0.00e+00 
 3.12538320359553e-09   0.00e+00 
 3.12591339691199e-09   0.00e+00 
 3.12644359469389e-09   0.00e+00 
 3.12697379694048e-09   0.00e+00 
 3.12750400365096e-09   0.00e+00 
 3.12803421482457e-09   0.00e+00 
 3.12856443046054e-09   0.00e+00 
 3.12909465055808e-09   0.00e+00 
 3.12962487511642e-09   0.00e+00 
 3.13015510413479e-09   0.00e+00 
 3.13068533761241e-09   0.00e+00 
 3.13121557554851e-09   0.00e+00 
 3.13174581794230e-09   0.00e+00 
 3.13227606479302e-09   0.00e+00 
 3.13280631609990e-09   0.00e+00 
 3.13333657186215e-09   0.00e+00 
 3.13386683207900e-09   0.00e+00 
 3.13439709674968e-09   0.00e+00 
 3.13492736587341e-09   0.00e+00 
 3.13545763944942e-09   0.00e+00 
 3.13598791747693e-09   0.00e+00 
 3.13651819995517e-09   0.00e+00 
 3.13704848688336e-09   0.00e+00 
 3.13757877826073e-09   0.00e+00 
 3.13810907408650e-09   0.00e+00 
 3.13863937435990e-09   0.00e+00 
 3.13916967908016e-09   0.00e+00 
 3.13969998824649e-09   0.00e+00 
 3.14023030185814e-09   0.00e+00 
 3.14076061991431e-09   0.00e+00 
 3.14129094241425e-09   0.00e+00 
 3.14182126935717e-09   0.00e+00 
 3.14235160074229e-09   0.00e+00 
 3.14288193656885e-09   0.00e+00 
 3.14341227683607e-09   0.00e+00 
 3.14394262154317e-09   0.00e+00 
 3.14447297068939e-09   0.00e+00 
 3.14500332427395e-09   0.00e+00 
 3.14553368229607e-09   0.00e+00 
 3.14606404475498e-09   0.00e+00 
 3.14659441164991e-09   0.00e+00 
 3.14712478298008e-09   0.00e+00 
 3.14765515874472e-09   0.00e+00 
 3.14818553894305e-09   0.00e+00 
 3.14871592357431e-09   0.00e+00 
 3.14924631263771e-09   0.00e+00 
 3.14977670613249e-09   0.00e+00 
 3.15030710405787e-09   0.00e+00 
 3.15083750641307e-09   0.00e+00 
 3.15136791319733e-09   0.00e+00 
 3.15189832440987e-09   0.00e+00 
 3.15242874004992e-09   0.00e+00 
 3.15295916011670e-09   0.00e+00 
 3.15348958460944e-09   0.00e+00 
 3.15402001352737e-09   0.00e+00 
 3.15455044686971e-09   0.00e+00 
 3.15508088463569e-09   0.00e+00 
 3.15561132682455e-09   0.00e+00 
 3.15614177343549e-09   0.00e+00 
 3.15667222446777e-09   0.00e+00 
 3.15720267992059e-09   0.00e+00 
 3.15773313979319e-09   0.00e+00 
 3.15826360408480e-09   0.00e+00 
 3.15879407279463e-09   0.00e+00 
 3.15932454592193e-09   0.00e+00 
 3.15985502346591e-09   0.00e+00 
 3.16038550542582e-09   0.00e+00 
 3.16091599180086e-09   0.00e+00 
 3.16144648259027e-09   0.00e+00 
 3.16197697779329e-09   0.00e+00 
 3.16250747740913e-09   0.00e+00 
 3.16303798143703e-09   0.00e+00 
 3.16356848987620e-09   0.00e+00 
 3.16409900272590e-09   0.00e+00 
 3.16462951998533e-09   0.00e+00 
 3.16516004165373e-09   0.00e+00 
 3.16569056773032e-09   0.00e+00 
 3.16622109821435e-09   0.00e+00 
 3.16675163310502e-09   0.00e+00 
 3.16728217240158e-09   0.00e+00 
 3.16781271610326e-09   0.00e+00 
 3.16834326420927e-09   0.00e+00 
 3.16887381671886e-09   0.00e+00 
 3.16940437363124e-09   0.00e+00 
 3.16993493494565e-09   0.00e+00 
 3.17046550066132e-09   0.00e+00 
 3.17099607077748e-09   0.00e+00 
 3.17152664529336e-09   0.00e+00 
 3.17205722420818e-09   0.00e+00 
 3.17258780752118e-09   0.00e+00 
 3.17311839523159e-09   0.00e+00 
 3.17364898733863e-09   0.00e+00 
 3.17417958384154e-09   0.00e+00 
 3.17471018473955e-09   0.00e+00 
 3.17524079003189e-09   0.00e+00 
 3.17577139971778e-09   0.00e+00 
 3.17630201379647e-09   0.00e+00 
 3.17683263226717e-09   0.00e+00 
 3.17736325512912e-09   0.00e+00 
 3.17789388238155e-09   0.00e+00 
 3.17842451402370e-09   0.00e+00 
 3.17895515005478e-09   0.00e+00 
 3.17948579047404e-09   0.00e+00 
 3.18001643528071e-09   0.00e+00 
 3.18054708447402e-09   0.00e+00 
 3.18107773805319e-09   0.00e+00 
 3.18160839601746e-09   0.00e+00 
 3.18213905836607e-09   0.00e+00 
 3.18266972509824e-09   0.00e+00 
 3.18320039621320e-09   0.00e+00 
 3.18373107171019e-09   0.00e+00 
 3.18426175158845e-09   0.00e+00 
 3.18479243584719e-09   0.00e+00 
 3.18532312448567e-09   0.00e+00 
 3.18585381750309e-09   0.00e+00 
 3.18638451489871e-09   0.00e+00 
 3.18691521667176e-09   0.00e+00 
 3.18744592282145e-09   0.00e+00 
 3.18797663334704e-09   0.00e+00 
 3.18850734824775e-09   0.00e+00 
 3.18903806752282e-09   0.00e+00 
 3.18956879117148e-09   0.00e+00 
 3.19009951919296e-09   0.00e+00 
 3.19063025158649e-09   0.00e+00 
 3.19116098835132e-09   0.00e+00 
 3.19169172948667e-09   0.00e+00 
 3.19222247499177e-09   0.00e+00 
 3.19275322486587e-09   0.00e+00 
 3.19328397910820e-09   0.00e+00 
 3.19381473771798e-09   0.00e+00 
 3.19434550069446e-09   0.00e+00 
 3.19487626803687e-09   0.00e+00 
 3.19540703974445e-09   0.00e+00 
 3.19593781581642e-09   0.00e+00 
 3.19646859625203e-09   0.00e+00 
 3.19699938105051e-09   0.00e+00 
 3.19753017021108e-09   0.00e+00 
 3.19806096373300e-09   0.00e+00 
 3.19859176161549e-09   0.00e+00 
 3.19912256385779e-09   0.00e+00 
 3.19965337045914e-09   0.00e+00 
 3.20018418141876e-09   0.00e+00 
 3.20071499673590e-09   0.00e+00 
 3.20124581640979e-09   0.00e+00 
 3.20177664043967e-09   0.00e+00 
 3.20230746882478e-09   0.00e+00 
 3.20283830156434e-09   0.00e+00 
 3.20336913865760e-09   0.00e+00 
 3.20389998010378e-09   0.00e+00 
 3.20443082590214e-09   0.00e+00 
 3.20496167605190e-09   0.00e+00 
 3.20549253055230e-09   0.00e+00 
 3.20602338940258e-09   0.00e+00 
 3.20655425260197e-09   0.00e+00 
 3.20708512014971e-09   0.00e+00 
 3.20761599204504e-09   0.00e+00 
 3.20814686828719e-09   0.00e+00 
 3.20867774887541e-09   0.00e+00 
 3.20920863380892e-09   0.00e+00 
 3.20973952308696e-09   0.00e+00 
 3.21027041670878e-09   0.00e+00 
 3.21080131467361e-09   0.00e+00 
 3.21133221698068e-09   0.00e+00 
 3.21186312362924e-09   0.00e+00 
 3.21239403461851e-09   0.00e+00 
 3.21292494994775e-09   0.00e+00 
 3.21345586961618e-09   0.00e+00 
 3.21398679362304e-09   0.00e+00 
 3.21451772196758e-09   0.00e+00 
 3.21504865464902e-09   0.00e+00 
 3.21557959166661e-09   0.00e+00 
 3.21611053301959e-09   0.00e+00 
 3.21664147870718e-09   0.00e+00 
 3.21717242872864e-09   0.00e+00 
 3.21770338308319e-09   0.00e+00 
 3.21823434177008e-09   0.00e+00 
 3.21876530478854e-09   0.00e+00 
 3.21929627213782e-09   0.00e+00 
 3.21982724381714e-09   0.00e+00 
 3.22035821982575e-09   0.00e+00 
 3.22088920016289e-09   0.00e+00 
 3.22142018482779e-09   0.00e+00 
 3.22195117381969e-09   0.00e+00 
 3.22248216713784e-09   0.00e+00 
 3.22301316478146e-09   0.00e+00 
 3.22354416674980e-09   0.00e+00 
 3.22407517304209e-09   0.00e+00 
 3.22460618365758e-09   0.00e+00 
 3.22513719859551e-09   0.00e+00 
 3.22566821785510e-09   0.00e+00 
 3.22619924143560e-09   0.00e+00 
 3.22673026933626e-09   0.00e+00 
 3.22726130155629e-09   0.00e+00 
 3.22779233809496e-09   0.00e+00 
 3.22832337895149e-09   0.00e+00 
 3.22885442412512e-09   0.00e+00 
 3.22938547361509e-09   0.00e+00 
 3.22991652742064e-09   0.00e+00 
 3.23044758554101e-09   0.00e+00 
 3.23097864797544e-09   0.00e+00 
 3.23150971472316e-09   0.00e+00 
 3.23204078578342e-09   0.00e+00 
 3.23257186115545e-09   0.00e+00 
 3.23310294083849e-09   0.00e+00 
 3.23363402483179e-09   0.00e+00 
 3.23416511313458e-09   0.00e+00 
 3.23469620574609e-09   0.00e+00 
 3.23522730266558e-09   0.00e+00 
 3.23575840389227e-09   0.00e+00 
 3.23628950942541e-09   0.00e+00 
 3.23682061926423e-09   0.00e+00 
 3.23735173340797e-09   0.00e+00 
 3.23788285185588e-09   0.00e+00 
 3.23841397460719e-09   0.00e+00 
 3.23894510166115e-09   0.00e+00 
 3.23947623301698e-09   0.00e+00 
 3.24000736867393e-09   0.00e+00 
 3.24053850863124e-09   0.00e+00 
 3.24106965288815e-09   0.00e+00 
 3.24160080144390e-09   0.00e+00 
 3.24213195429772e-09   0.00e+00 
 3.24266311144886e-09   0.00e+00 
 3.24319427289655e-09   0.00e+00 
 3.24372543864004e-09   0.00e+00 
 3.24425660867856e-09   0.00e+00 
 3.24478778301135e-09   0.00e+00 
 3.24531896163765e-09   0.00e+00 
 3.24585014455671e-09   0.00e+00 
 3.24638133176776e-09   0.00e+00 
 3.24691252327003e-09   0.00e+00 
 3.24744371906278e-09   0.00e+00 
 3.24797491914524e-09   0.00e+00 
 3.24850612351664e-09   0.00e+00 
 3.24903733217624e-09   0.00e+00 
 3.24956854512326e-09   0.00e+00 
 3.25009976235695e-09   0.00e+00 
 3.25063098387655e-09   0.00e+00 
 3.25116220968129e-09   0.00e+00 
 3.25169343977042e-09   0.00e+00 
 3.25222467414318e-09   0.00e+00 
 3.25275591279881e-09   0.00e+00 
 3.25328715573654e-09   0.00e+00 
 3.25381840295562e-09   0.00e+00 
 3.25434965445529e-09   0.00e+00 
 3.25488091023478e-09   0.00e+00 
 3.25541217029334e-09   0.00e+00 
 3.25594343463021e-09   0.00e+00 
 3.25647470324463e-09   0.00e+00 
 3.25700597613583e-09   0.00e+00 
 3.25753725330306e-09   0.00e+00 
 3.25806853474556e-09   0.00e+00 
 3.25859982046256e-09   0.00e+00 
 3.25913111045332e-09   0.00e+00 
 3.25966240471707e-09   0.00e+00 
 3.26019370325304e-09   0.00e+00 
 3.26072500606049e-09   0.00e+00 
 3.26125631313865e-09   0.00e+00 
 3.26178762448676e-09   0.00e+00 
 3.26231894010407e-09   0.00e+00 
 3.26285025998981e-09   0.00e+00 
 3.26338158414322e-09   0.00e+00 
 3.26391291256355e-09   0.00e+00 
 3.26444424525004e-09   0.00e+00 
 3.26497558220193e-09   0.00e+00 
 3.26550692341846e-09   0.00e+00 
 3.26603826889887e-09   0.00e+00 
 3.26656961864240e-09   0.00e+00 
 3.26710097264830e-09   0.00e+00 
 3.26763233091580e-09   0.00e+00 
 3.26816369344415e-09   0.00e+00 
 3.26869506023259e-09   0.00e+00 
 3.26922643128037e-09   0.00e+00 
 3.26975780658671e-09   0.00e+00 
 3.27028918615088e-09   0.00e+00 
 3.27082056997210e-09   0.00e+00 
 3.27135195804962e-09   0.00e+00 
 3.27188335038268e-09   0.00e+00 
 3.27241474697053e-09   0.00e+00 
 3.27294614781241e-09   0.00e+00 
 3.27347755290755e-09   0.00e+00 
 3.27400896225521e-09   0.00e+00 
 3.27454037585463e-09   0.00e+00 
 3.27507179370504e-09   0.00e+00 
 3.27560321580570e-09   0.00e+00 
 3.27613464215584e-09   0.00e+00 
 3.27666607275471e-09   0.00e+00 
 3.27719750760155e-09   0.00e+00 
 3.27772894669561e-09   0.00e+00 
 3.27826039003612e-09   0.00e+00 
 3.27879183762234e-09   0.00e+00 
 3.27932328945351e-09   0.00e+00 
 3.27985474552887e-09   0.00e+00 
 3.28038620584766e-09   0.00e+00 
 3.28091767040913e-09   0.00e+00 
 3.28144913921253e-09   0.00e+00 
 3.28198061225710e-09   0.00e+00 
 3.28251208954207e-09   0.00e+00 
 3.28304357106671e-09   0.00e+00 
 3.28357505683025e-09   0.00e+00 
 3.28410654683194e-09   0.00e+00 
 3.28463804107102e-09   0.00e+00 
 3.28516953954674e-09   0.00e+00 
 3.28570104225834e-09   0.00e+00 
 3.28623254920507e-09   0.00e+00 
 3.28676406038618e-09   0.00e+00 
 3.28729557580091e-09   0.00e+00 
 3.28782709544850e-09   0.00e+00 
 3.28835861932822e-09   0.00e+00 
 3.28889014743929e-09   0.00e+00 
 3.28942167978096e-09   0.00e+00 
 3.28995321635249e-09   0.00e+00 
 3.29048475715312e-09   0.00e+00 
 3.29101630218210e-09   0.00e+00 
 3.29154785143867e-09   0.00e+00 
 3.29207940492208e-09   0.00e+00 
 3.29261096263158e-09   0.00e+00 
 3.29314252456642e-09   0.00e+00 
 3.29367409072584e-09   0.00e+00 
 3.29420566110909e-09   0.00e+00 
 3.29473723571543e-09   0.00e+00 
 3.29526881454409e-09   0.00e+00 
 3.29580039759433e-09   0.00e+00 
 3.29633198486539e-09   0.00e+00 
 3.29686357635653e-09   0.00e+00 
 3.29739517206699e-09   0.00e+00 
 3.29792677199602e-09   0.00e+00 
 3.29845837614288e-09   0.00e+00 
 3.29898998450680e-09   0.00e+00 
 3.29952159708704e-09   0.00e+00 
 3.30005321388286e-09   0.00e+00 
 3.30058483489349e-09   0.00e+00 
 3.30111646011819e-09   0.00e+00 
 3.30164808955621e-09   0.00e+00 
 3.30217972320680e-09   0.00e+00 
 3.30271136106921e-09   0.00e+00 
 3.30324300314269e-09   0.00e+00 
 3.30377464942650e-09   0.00e+00 
 3.30430629991988e-09   0.00e+00 
 3.30483795462208e-09   0.00e+00 
 3.30536961353235e-09   0.00e+00 
 3.30590127664996e-09   0.00e+00 
 3.30643294397414e-09   0.00e+00 
 3.30696461550415e-09   0.00e+00 
 3.30749629123925e-09   0.00e+00 
 3.30802797117868e-09   0.00e+00 
 3.30855965532169e-09   0.00e+00 
 3.30909134366755e-09   0.00e+00 
 3.30962303621549e-09   0.00e+00 
 3.31015473296479e-09   0.00e+00 
 3.31068643391468e-09   0.00e+00 
 3.31121813906442e-09   0.00e+00 
 3.31174984841326e-09   0.00e+00 
 3.31228156196047e-09   0.00e+00 
 3.31281327970528e-09   0.00e+00 
 3.31334500164696e-09   0.00e+00 
 3.31387672778476e-09   0.00e+00 
 3.31440845811793e-09   0.00e+00 
 3.31494019264573e-09   0.00e+00 
 3.31547193136740e-09   0.00e+00 
 3.31600367428222e-09   0.00e+00 
 3.31653542138943e-09   0.00e+00 
 3.31706717268828e-09   0.00e+00 
 3.31759892817803e-09   0.00e+00 
 3.31813068785794e-09   0.00e+00 
 3.31866245172726e-09   0.00e+00 
 3.31919421978525e-09   0.00e+00 
 3.31972599203116e-09   0.00e+00 
 3.32025776846425e-09   0.00e+00 
 3.32078954908377e-09   0.00e+00 
 3.32132133388898e-09   0.00e+00 
 3.32185312287914e-09   0.00e+00 
 3.32238491605350e-09   0.00e+00 
 3.32291671341132e-09   0.00e+00 
 3.32344851495186e-09   0.00e+00 
 3.32398032067436e-09   0.00e+00 
 3.32451213057810e-09   0.00e+00 
 3.32504394466232e-09   0.00e+00 
 3.32557576292628e-09   0.00e+00 
 3.32610758536925e-09   0.00e+00 
 3.32663941199047e-09   0.00e+00 
 3.32717124278921e-09   0.00e+00 
 3.32770307776472e-09   0.00e+00 
 3.32823491691627e-09   0.00e+00 
 3.32876676024310e-09   0.00e+00 
 3.32929860774448e-09   0.00e+00 
 3.32983045941966e-09   0.00e+00 
 3.33036231526791e-09   0.00e+00 
 3.33089417528848e-09   0.00e+00 
 3.33142603948062e-09   0.00e+00 
 3.33195790784361e-09   0.00e+00 
 3.33248978037670e-09   0.00e+00 
 3.33302165707914e-09   0.00e+00 
 3.33355353795020e-09   0.00e+00 
 3.33408542298913e-09   0.00e+00 
 3.33461731219519e-09   0.00e+00 
 3.33514920556765e-09   0.00e+00 
 3.33568110310576e-09   0.00e+00 
 3.33621300480878e-09   0.00e+00 
 3.33674491067598e-09   0.00e+00 
 3.33727682070660e-09   0.00e+00 
 3.33780873489992e-09   0.00e+00 
 3.33834065325519e-09   0.00e+00 
 3.33887257577167e-09   0.00e+00 
 3.33940450244862e-09   0.00e+00 
 3.33993643328531e-09   0.00e+00 
 3.34046836828098e-09   0.00e+00 
 3.34100030743491e-09   0.00e+00 
 3.34153225074635e-09   0.00e+00 
 3.34206419821457e-09   0.00e+00 
 3.34259614983882e-09   0.00e+00 
 3.34312810561837e-09   0.00e+00 
 3.34366006555248e-09   0.00e+00 
 3.34419202964040e-09   0.00e+00 
 3.34472399788140e-09   0.00e+00 
 3.34525597027475e-09   0.00e+00 
 3.34578794681969e-09   0.00e+00 
 3.34631992751550e-09   0.00e+00 
 3.34685191236144e-09   0.00e+00 
 3.34738390135676e-09   0.00e+00 
 3.34791589450073e-09   0.00e+00 
 3.34844789179261e-09   0.00e+00 
 3.34897989323166e-09   0.00e+00 
 3.34951189881715e-09   0.00e+00 
 3.35004390854833e-09   0.00e+00 
 3.35057592242448e-09   0.00e+00 
 3.35110794044484e-09   0.00e+00 
 3.35163996260869e-09   0.00e+00 
 3.35217198891529e-09   0.00e+00 
 3.35270401936389e-09   0.00e+00 
 3.35323605395377e-09   0.00e+00 
 3.35376809268418e-09   0.00e+00 
 3.35430013555439e-09   0.00e+00 
 3.35483218256366e-09   0.00e+00 
 3.35536423371126e-09   0.00e+00 
 3.35589628899644e-09   0.00e+00 
 3.35642834841848e-09   0.00e+00 
 3.35696041197662e-09   0.00e+00 
 3.35749247967015e-09   0.00e+00 
 3.35802455149832e-09   0.00e+00 
 3.35855662746039e-09   0.00e+00 
 3.35908870755563e-09   0.00e+00 
 3.35962079178331e-09   0.00e+00 
 3.36015288014268e-09   0.00e+00 
 3.36068497263301e-09   0.00e+00 
 3.36121706925357e-09   0.00e+00 
 3.36174917000362e-09   0.00e+00 
 3.36228127488242e-09   0.00e+00 
 3.36281338388925e-09   0.00e+00 
 3.36334549702336e-09   0.00e+00 
 3.36387761428401e-09   0.00e+00 
 3.36440973567048e-09   0.00e+00 
 3.36494186118203e-09   0.00e+00 
 3.36547399081792e-09   0.00e+00 
 3.36600612457742e-09   0.00e+00 
 3.36653826245980e-09   0.00e+00 
 3.36707040446431e-09   0.00e+00 
 3.36760255059023e-09   0.00e+00 
 3.36813470083682e-09   0.00e+00 
 3.36866685520335e-09   0.00e+00 
 3.36919901368909e-09   0.00e+00 
 3.36973117629329e-09   0.00e+00 
 3.37026334301523e-09   0.00e+00 
 3.37079551385417e-09   0.00e+00 
 3.37132768880937e-09   0.00e+00 
 3.37185986788011e-09   0.00e+00 
 3.37239205106565e-09   0.00e+00 
 3.37292423836527e-09   0.00e+00 
 3.37345642977821e-09   0.00e+00 
 3.37398862530376e-09   0.00e+00 
 3.37452082494118e-09   0.00e+00 
 3.37505302868973e-09   0.00e+00 
 3.37558523654869e-09   0.00e+00 
 3.37611744851733e-09   0.00e+00 
 3.37664966459490e-09   0.00e+00 
 3.37718188478068e-09   0.00e+00 
 3.37771410907393e-09   0.00e+00 
 3.37824633747393e-09   0.00e+00 
 3.37877856997994e-09   0.00e+00 
 3.37931080659123e-09   0.00e+00 
 3.37984304730707e-09   0.00e+00 
 3.38037529212673e-09   0.00e+00 
 3.38090754104947e-09   0.00e+00 
 3.38143979407457e-09   0.00e+00 
 3.38197205120129e-09   0.00e+00 
 3.38250431242891e-09   0.00e+00 
 3.38303657775669e-09   0.00e+00 
 3.38356884718391e-09   0.00e+00 
 3.38410112070983e-09   0.00e+00 
 3.38463339833372e-09   0.00e+00 
 3.38516568005485e-09   0.00e+00 
 3.38569796587250e-09   0.00e+00 
 3.38623025578594e-09   0.00e+00 
 3.38676254979442e-09   0.00e+00 
 3.38729484789723e-09   0.00e+00 
 3.38782715009364e-09   0.00e+00 
 3.38835945638292e-09   0.00e+00 
 3.38889176676433e-09   0.00e+00 
 3.38942408123716e-09   0.00e+00 
 3.38995639980066e-09   0.00e+00 
 3.39048872245412e-09   0.00e+00 
 3.39102104919681e-09   0.00e+00 
 3.39155338002799e-09   0.00e+00 
 3.39208571494694e-09   0.00e+00 
 3.39261805395293e-09   0.00e+00 
 3.39315039704524e-09   0.00e+00 
 3.39368274422314e-09   0.00e+00 
 3.39421509548590e-09   0.00e+00 
 3.39474745083279e-09   0.00e+00 
 3.39527981026309e-09   0.00e+00 
 3.39581217377607e-09   0.00e+00 
 3.39634454137101e-09   0.00e+00 
 3.39687691304717e-09   0.00e+00 
 3.39740928880384e-09   0.00e+00 
 3.39794166864028e-09   0.00e+00 
 3.39847405255578e-09   0.00e+00 
 3.39900644054960e-09   0.00e+00 
 3.39953883262103e-09   0.00e+00 
 3.40007122876933e-09   0.00e+00 
 3.40060362899379e-09   0.00e+00 
 3.40113603329367e-09   0.00e+00 
 3.40166844166826e-09   0.00e+00 
 3.40220085411682e-09   0.00e+00 
 3.40273327063865e-09   0.00e+00 
 3.40326569123300e-09   0.00e+00 
 3.40379811589916e-09   0.00e+00 
 3.40433054463641e-09   0.00e+00 
 3.40486297744402e-09   0.00e+00 
 3.40539541432127e-09   0.00e+00 
 3.40592785526743e-09   0.00e+00 
 3.40646030028179e-09   0.00e+00 
 3.40699274936363e-09   0.00e+00 
 3.40752520251221e-09   0.00e+00 
 3.40805765972682e-09   0.00e+00 
 3.40859012100674e-09   0.00e+00 
 3.40912258635125e-09   0.00e+00 
 3.40965505575962e-09   0.00e+00 
 3.41018752923113e-09   0.00e+00 
 3.41072000676507e-09   0.00e+00 
 3.41125248836071e-09   0.00e+00 
 3.41178497401733e-09   0.00e+00 
 3.41231746373422e-09   0.00e+00 
 3.41284995751064e-09   0.00e+00 
 3.41338245534589e-09   0.00e+00 
 3.41391495723925e-09   0.00e+00 
 3.41444746318999e-09   0.00e+00 
 3.41497997319739e-09   0.00e+00 
 3.41551248726074e-09   0.00e+00 
 3.41604500537933e-09   0.00e+00 
 3.41657752755242e-09   0.00e+00 
 3.41711005377930e-09   0.00e+00 
 3.41764258405925e-09   0.00e+00 
 3.41817511839157e-09   0.00e+00 
 3.41870765677552e-09   0.00e+00 
 3.41924019921039e-09   0.00e+00 
 3.41977274569547e-09   0.00e+00 
 3.42030529623004e-09   0.00e+00 
 3.42083785081338e-09   0.00e+00 
 3.42137040944478e-09   0.00e+00 
 3.42190297212351e-09   0.00e+00 
 3.42243553884887e-09   0.00e+00 
 3.42296810962014e-09   0.00e+00 
 3.42350068443659e-09   0.00e+00 
 3.42403326329753e-09   0.00e+00 
 3.42456584620223e-09   0.00e+00 
 3.42509843314998e-09   0.00e+00 
 3.42563102414006e-09   0.00e+00 
 3.42616361917176e-09   0.00e+00 
 3.42669621824436e-09   0.00e+00 
 3.42722882135715e-09   0.00e+00 
 3.42776142850942e-09   0.00e+00 
 3.42829403970045e-09   0.00e+00 
 3.42882665492954e-09   0.00e+00 
 3.42935927419596e-09   0.00e+00 
 3.42989189749900e-09   0.00e+00 
 3.43042452483796e-09   0.00e+00 
 3.43095715621211e-09   0.00e+00 
 3.43148979162075e-09   0.00e+00 
 3.43202243106317e-09   0.00e+00 
 3.43255507453865e-09   0.00e+00 
 3.43308772204647e-09   0.00e+00 
 3.43362037358594e-09   0.00e+00 
 3.43415302915634e-09   0.00e+00 
 3.43468568875696e-09   0.00e+00 
 3.43521835238708e-09   0.00e+00 
 3.43575102004599e-09   0.00e+00 
 3.43628369173300e-09   0.00e+00 
 3.43681636744737e-09   0.00e+00 
 3.43734904718841e-09   0.00e+00 
 3.43788173095541e-09   0.00e+00 
 3.43841441874765e-09   0.00e+00 
 3.43894711056443e-09   0.00e+00 
 3.43947980640503e-09   0.00e+00 
 3.44001250626875e-09   0.00e+00 
 3.44054521015488e-09   0.00e+00 
 3.44107791806271e-09   0.00e+00 
 3.44161062999153e-09   0.00e+00 
 3.44214334594064e-09   0.00e+00 
 3.44267606590931e-09   0.00e+00 
 3.44320878989686e-09   0.00e+00 
 3.44374151790256e-09   0.00e+00 
 3.44427424992571e-09   0.00e+00 
 3.44480698596561e-09   0.00e+00 
 3.44533972602154e-09   0.00e+00 
 3.44587247009280e-09   0.00e+00 
 3.44640521817868e-09   0.00e+00 
 3.44693797027848e-09   0.00e+00 
 3.44747072639148e-09   0.00e+00 
 3.44800348651699e-09   0.00e+00 
 3.44853625065429e-09   0.00e+00 
 3.44906901880268e-09   0.00e+00 
 3.44960179096146e-09   0.00e+00 
 3.45013456712991e-09   0.00e+00 
 3.45066734730734e-09   0.00e+00 
 3.45120013149303e-09   0.00e+00 
 3.45173291968628e-09   0.00e+00 
 3.45226571188638e-09   0.00e+00 
 3.45279850809264e-09   0.00e+00 
 3.45333130830435e-09   0.00e+00 
 3.45386411252079e-09   0.00e+00 
 3.45439692074127e-09   0.00e+00 
 3.45492973296509e-09   0.00e+00 
 3.45546254919153e-09   0.00e+00 
 3.45599536941990e-09   0.00e+00 
 3.45652819364948e-09   0.00e+00 
 3.45706102187959e-09   0.00e+00 
 3.45759385410950e-09   0.00e+00 
 3.45812669033852e-09   0.00e+00 
 3.45865953056595e-09   0.00e+00 
 3.45919237479109e-09   0.00e+00 
 3.45972522301322e-09   0.00e+00 
 3.46025807523165e-09   0.00e+00 
 3.46079093144567e-09   0.00e+00 
 3.46132379165458e-09   0.00e+00 
 3.46185665585769e-09   0.00e+00 
 3.46238952405428e-09   0.00e+00 
 3.46292239624365e-09   0.00e+00 
 3.46345527242511e-09   0.00e+00 
 3.46398815259794e-09   0.00e+00 
 3.46452103676146e-09   0.00e+00 
 3.46505392491495e-09   0.00e+00 
 3.46558681705772e-09   0.00e+00 
 3.46611971318906e-09   0.00e+00 
 3.46665261330828e-09   0.00e+00 
 3.46718551741467e-09   0.00e+00 
 3.46771842550753e-09   0.00e+00 
 3.46825133758616e-09   0.00e+00 
 3.46878425364987e-09   0.00e+00 
 3.46931717369794e-09   0.00e+00 
 3.46985009772969e-09   0.00e+00 
 3.47038302574440e-09   0.00e+00 
 3.47091595774138e-09   0.00e+00 
 3.47144889371994e-09   0.00e+00 
 3.47198183367936e-09   0.00e+00 
 3.47251477761896e-09   0.00e+00 
 3.47304772553802e-09   0.00e+00 
 3.47358067743586e-09   0.00e+00 
 3.47411363331177e-09   0.00e+00 
 3.47464659316506e-09   0.00e+00 
 3.47517955699502e-09   0.00e+00 
 3.47571252480096e-09   0.00e+00 
 3.47624549658218e-09   0.00e+00 
 3.47677847233797e-09   0.00e+00 
 3.47731145206765e-09   0.00e+00 
 3.47784443577051e-09   0.00e+00 
 3.47837742344586e-09   0.00e+00 
 3.47891041509300e-09   0.00e+00 
 3.47944341071123e-09   0.00e+00 
 3.47997641029985e-09   0.00e+00 
 3.48050941385817e-09   0.00e+00 
 3.48104242138548e-09   0.00e+00 
 3.48157543288110e-09   0.00e+00 
 3.48210844834432e-09   0.00e+00 
 3.48264146777446e-09   0.00e+00 
 3.48317449117080e-09   0.00e+00 
 3.48370751853266e-09   0.00e+00 
 3.48424054985934e-09   0.00e+00 
 3.48477358515014e-09   0.00e+00 
 3.48530662440437e-09   0.00e+00 
 3.48583966762134e-09   0.00e+00 
 3.48637271480034e-09   0.00e+00 
 3.48690576594068e-09   0.00e+00 
 3.48743882104166e-09   0.00e+00 
 3.48797188010260e-09   0.00e+00 
 3.48850494312279e-09   0.00e+00 
 3.48903801010155e-09   0.00e+00 
 3.48957108103817e-09   0.00e+00 
 3.49010415593197e-09   0.00e+00 
 3.49063723478224e-09   0.00e+00 
 3.49117031758830e-09   0.00e+00 
 3.49170340434945e-09   0.00e+00 
 3.49223649506499e-09   0.00e+00 
 3.49276958973424e-09   0.00e+00 
 3.49330268835650e-09   0.00e+00 
 3.49383579093108e-09   0.00e+00 
 3.49436889745728e-09   0.00e+00 
 3.49490200793441e-09   0.00e+00 
 3.49543512236178e-09   0.00e+00 
 3.49596824073870e-09   0.00e+00 
 3.49650136306447e-09   0.00e+00 
 3.49703448933840e-09   0.00e+00 
 3.49756761955981e-09   0.00e+00 
 3.49810075372799e-09   0.00e+00 
 3.49863389184226e-09   0.00e+00 
 3.49916703390192e-09   0.00e+00 
 3.49970017990629e-09   0.00e+00 
 3.50023332985468e-09   0.00e+00 
 3.50076648374639e-09   0.00e+00 
 3.50129964158073e-09   0.00e+00 
 3.50183280335701e-09   0.00e+00 
 3.50236596907455e-09   0.00e+00 
 3.50289913873264e-09   0.00e+00 
 3.50343231233061e-09   0.00e+00 
 3.50396548986777e-09   0.00e+00 
 3.50449867134341e-09   0.00e+00 
 3.50503185675687e-09   0.00e+00 
 3.50556504610743e-09   0.00e+00 
 3.50609823939443e-09   0.00e+00 
 3.50663143661716e-09   0.00e+00 
 3.50716463777495e-09   0.00e+00 
 3.50769784286709e-09   0.00e+00 
 3.50823105189292e-09   0.00e+00 
 3.50876426485172e-09   0.00e+00 
 3.50929748174283e-09   0.00e+00 
 3.50983070256555e-09   0.00e+00 
 3.51036392731919e-09   0.00e+00 
 3.51089715600308e-09   0.00e+00 
 3.51143038861651e-09   0.00e+00 
 3.51196362515881e-09   0.00e+00 
 3.51249686562929e-09   0.00e+00 
 3.51303011002727e-09   0.00e+00 
 3.51356335835205e-09   0.00e+00 
 3.51409661060295e-09   0.00e+00 
 3.51462986677929e-09   0.00e+00 
 3.51516312688038e-09   0.00e+00 
 3.51569639090554e-09   0.00e+00 
 3.51622965885408e-09   0.00e+00 
 3.51676293072532e-09   0.00e+00 
 3.51729620651858e-09   0.00e+00 
 3.51782948623316e-09   0.00e+00 
 3.51836276986839e-09   0.00e+00 
 3.51889605742358e-09   0.00e+00 
 3.51942934889806e-09   0.00e+00 
 3.51996264429113e-09   0.00e+00 
 3.52049594360211e-09   0.00e+00 
 3.52102924683033e-09   0.00e+00 
 3.52156255397509e-09   0.00e+00 
 3.52209586503573e-09   0.00e+00 
 3.52262918001155e-09   0.00e+00 
 3.52316249890187e-09   0.00e+00 
 3.52369582170601e-09   0.00e+00 
 3.52422914842330e-09   0.00e+00 
 3.52476247905305e-09   0.00e+00 
 3.52529581359457e-09   0.00e+00 
 3.52582915204720e-09   0.00e+00 
 3.52636249441025e-09   0.00e+00 
 3.52689584068303e-09   0.00e+00 
 3.52742919086488e-09   0.00e+00 
 3.52796254495511e-09   0.00e+00 
 3.52849590295304e-09   0.00e+00 
 3.52902926485799e-09   0.00e+00 
 3.52956263066928e-09   0.00e+00 
 3.53009600038624e-09   0.00e+00 
 3.53062937400819e-09   0.00e+00 
 3.53116275153445e-09   0.00e+00 
 3.53169613296433e-09   0.00e+00 
 3.53222951829717e-09   0.00e+00 
 3.53276290753229e-09   0.00e+00 
 3.53329630066901e-09   0.00e+00 
 3.53382969770665e-09   0.00e+00 
 3.53436309864453e-09   0.00e+00 
 3.53489650348199e-09   0.00e+00 
 3.53542991221834e-09   0.00e+00 
 3.53596332485291e-09   0.00e+00 
 3.53649674138502e-09   0.00e+00 
 3.53703016181399e-09   0.00e+00 
 3.53756358613916e-09   0.00e+00 
 3.53809701435985e-09   0.00e+00 
 3.53863044647538e-09   0.00e+00 
 3.53916388248507e-09   0.00e+00 
 3.53969732238826e-09   0.00e+00 
 3.54023076618427e-09   0.00e+00 
 3.54076421387243e-09   0.00e+00 
 3.54129766545205e-09   0.00e+00 
 3.54183112092248e-09   0.00e+00 
 3.54236458028303e-09   0.00e+00 
 3.54289804353304e-09   0.00e+00 
 3.54343151067183e-09   0.00e+00 
 3.54396498169872e-09   0.00e+00 
 3.54449845661306e-09   0.00e+00 
 3.54503193541415e-09   0.00e+00 
 3.54556541810134e-09   0.00e+00 
 3.54609890467395e-09   0.00e+00 
 3.54663239513132e-09   0.00e+00 
 3.54716588947276e-09   0.00e+00 
 3.54769938769761e-09   0.00e+00 
 3.54823288980519e-09   0.00e+00 
 3.54876639579485e-09   0.00e+00 
 3.54929990566590e-09   0.00e+00 
 3.54983341941768e-09   0.00e+00 
 3.55036693704951e-09   0.00e+00 
 3.55090045856074e-09   0.00e+00 
 3.55143398395068e-09   0.00e+00 
 3.55196751321868e-09   0.00e+00 
 3.55250104636405e-09   0.00e+00 
 3.55303458338614e-09   0.00e+00 
 3.55356812428427e-09   0.00e+00 
 3.55410166905777e-09   0.00e+00 
 3.55463521770599e-09   0.00e+00 
 3.55516877022825e-09   0.00e+00 
 3.55570232662387e-09   0.00e+00 
 3.55623588689221e-09   0.00e+00 
 3.55676945103258e-09   0.00e+00 
 3.55730301904432e-09   0.00e+00 
 3.55783659092676e-09   0.00e+00 
 3.55837016667924e-09   0.00e+00 
 3.55890374630110e-09   0.00e+00 
 3.55943732979166e-09   0.00e+00 
 3.55997091715025e-09   0.00e+00 
 3.56050450837622e-09   0.00e+00 
 3.56103810346890e-09   0.00e+00 
 3.56157170242762e-09   0.00e+00 
 3.56210530525171e-09   0.00e+00 
 3.56263891194052e-09   0.00e+00 
 3.56317252249338e-09   0.00e+00 
 3.56370613690961e-09   0.00e+00 
 3.56423975518857e-09   0.00e+00 
 3.56477337732957e-09   0.00e+00 
 3.56530700333197e-09   0.00e+00 
 3.56584063319509e-09   0.00e+00 
 3.56637426691827e-09   0.00e+00 
 3.56690790450085e-09   0.00e+00 
 3.56744154594216e-09   0.00e+00 
 3.56797519124154e-09   0.00e+00 
 3.56850884039833e-09   0.00e+00 
 3.56904249341187e-09   0.00e+00 
 3.56957615028149e-09   0.00e+00 
 3.57010981100653e-09   0.00e+00 
 3.57064347558632e-09   0.00e+00 
 3.57117714402021e-09   0.00e+00 
 3.57171081630754e-09   0.00e+00 
 3.57224449244763e-09   0.00e+00 
 3.57277817243983e-09   0.00e+00 
 3.57331185628349e-09   0.00e+00 
 3.57384554397792e-09   0.00e+00 
 3.57437923552249e-09   0.00e+00 
 3.57491293091651e-09   0.00e+00 
 3.57544663015934e-09   0.00e+00 
 3.57598033325032e-09   0.00e+00 
 3.57651404018878e-09   0.00e+00 
 3.57704775097405e-09   0.00e+00 
 3.57758146560549e-09   0.00e+00 
 3.57811518408243e-09   0.00e+00 
 3.57864890640421e-09   0.00e+00 
 3.57918263257018e-09   0.00e+00 
 3.57971636257966e-09   0.00e+00 
 3.58025009643201e-09   0.00e+00 
 3.58078383412656e-09   0.00e+00 
 3.58131757566266e-09   0.00e+00 
 3.58185132103964e-09   0.00e+00 
 3.58238507025685e-09   0.00e+00 
 3.58291882331363e-09   0.00e+00 
 3.58345258020931e-09   0.00e+00 
 3.58398634094325e-09   0.00e+00 
 3.58452010551479e-09   0.00e+00 
 3.58505387392325e-09   0.00e+00 
 3.58558764616800e-09   0.00e+00 
 3.58612142224837e-09   0.00e+00 
 3.58665520216370e-09   0.00e+00 
 3.58718898591333e-09   0.00e+00 
 3.58772277349662e-09   0.00e+00 
 3.58825656491289e-09   0.00e+00 
 3.58879036016150e-09   0.00e+00 
 3.58932415924179e-09   0.00e+00 
 3.58985796215309e-09   0.00e+00 
 3.59039176889477e-09   0.00e+00 
 3.59092557946615e-09   0.00e+00 
 3.59145939386658e-09   0.00e+00 
 3.59199321209542e-09   0.00e+00 
 3.59252703415199e-09   0.00e+00 
 3.59306086003565e-09   0.00e+00 
 3.59359468974574e-09   0.00e+00 
 3.59412852328161e-09   0.00e+00 
 3.59466236064259e-09   0.00e+00 
 3.59519620182804e-09   0.00e+00 
 3.59573004683731e-09   0.00e+00 
 3.59626389566973e-09   0.00e+00 
 3.59679774832465e-09   0.00e+00 
 3.59733160480142e-09   0.00e+00 
 3.59786546509938e-09   0.00e+00 
 3.59839932921788e-09   0.00e+00 
 3.59893319715627e-09   0.00e+00 
 3.59946706891389e-09   0.00e+00 
 3.60000094449009e-09   0.00e+00 
 3.60053482388422e-09   0.00e+00 
 3.60106870709562e-09   0.00e+00 
 3.60160259412364e-09   0.00e+00 
 3.60213648496763e-09   0.00e+00 
 3.60267037962693e-09   0.00e+00 
 3.60320427810090e-09   0.00e+00 
 3.60373818038888e-09   0.00e+00 
 3.60427208649021e-09   0.00e+00 
 3.60480599640426e-09   0.00e+00 
 3.60533991013036e-09   0.00e+00 
 3.60587382766786e-09   0.00e+00 
 3.60640774901612e-09   0.00e+00 
 3.60694167417448e-09   0.00e+00 
 3.60747560314230e-09   0.00e+00 
 3.60800953591891e-09   0.00e+00 
 3.60854347250367e-09   0.00e+00 
 3.60907741289594e-09   0.00e+00 
 3.60961135709505e-09   0.00e+00 
 3.61014530510037e-09   0.00e+00 
 3.61067925691123e-09   0.00e+00 
 3.61121321252700e-09   0.00e+00 
 3.61174717194701e-09   0.00e+00 
 3.61228113517063e-09   0.00e+00 
 3.61281510219720e-09   0.00e+00 
 3.61334907302608e-09   0.00e+00 
 3.61388304765661e-09   0.00e+00 
 3.61441702608816e-09   0.00e+00 
 3.61495100832005e-09   0.00e+00 
 3.61548499435167e-09   0.00e+00 
 3.61601898418234e-09   0.00e+00 
 3.61655297781144e-09   0.00e+00 
 3.61708697523830e-09   0.00e+00 
 3.61762097646228e-09   0.00e+00 
 3.61815498148274e-09   0.00e+00 
 3.61868899029902e-09   0.00e+00 
 3.61922300291049e-09   0.00e+00 
 3.61975701931650e-09   0.00e+00 
 3.62029103951639e-09   0.00e+00 
 3.62082506350952e-09   0.00e+00 
 3.62135909129525e-09   0.00e+00 
 3.62189312287294e-09   0.00e+00 
 3.62242715824193e-09   0.00e+00 
 3.62296119740158e-09   0.00e+00 
 3.62349524035125e-09   0.00e+00 
 3.62402928709029e-09   0.00e+00 
 3.62456333761806e-09   0.00e+00 
 3.62509739193391e-09   0.00e+00 
 3.62563145003720e-09   0.00e+00 
 3.62616551192729e-09   0.00e+00 
 3.62669957760353e-09   0.00e+00 
 3.62723364706528e-09   0.00e+00 
 3.62776772031189e-09   0.00e+00 
 3.62830179734273e-09   0.00e+00 
 3.62883587815714e-09   0.00e+00 
 3.62936996275449e-09   0.00e+00 
 3.62990405113414e-09   0.00e+00 
 3.63043814329545e-09   0.00e+00 
 3.63097223923776e-09   0.00e+00 
 3.63150633896044e-09   0.00e+00 
 3.63204044246286e-09   0.00e+00 
 3.63257454974436e-09   0.00e+00 
 3.63310866080430e-09   0.00e+00 
 3.63364277564206e-09   0.00e+00 
 3.63417689425698e-09   0.00e+00 
 3.63471101664842e-09   0.00e+00 
 3.63524514281575e-09   0.00e+00 
 3.63577927275833e-09   0.00e+00 
 3.63631340647551e-09   0.00e+00 
 3.63684754396666e-09   0.00e+00 
 3.63738168523114e-09   0.00e+00 
 3.63791583026831e-09   0.00e+00 
 3.63844997907753e-09   0.00e+00 
 3.63898413165816e-09   0.00e+00 
 3.63951828800956e-09   0.00e+00 
 3.64005244813111e-09   0.00e+00 
 3.64058661202215e-09   0.00e+00 
 3.64112077968205e-09   0.00e+00 
 3.64165495111018e-09   0.00e+00 
 3.64218912630590e-09   0.00e+00 
 3.64272330526857e-09   0.00e+00 
 3.64325748799755e-09   0.00e+00 
 3.64379167449221e-09   0.00e+00 
 3.64432586475192e-09   0.00e+00 
 3.64486005877603e-09   0.00e+00 
 3.64539425656391e-09   0.00e+00 
 3.64592845811493e-09   0.00e+00 
 3.64646266342846e-09   0.00e+00 
 3.64699687250385e-09   0.00e+00 
 3.64753108534047e-09   0.00e+00 
 3.64806530193769e-09   0.00e+00 
 3.64859952229487e-09   0.00e+00 
 3.64913374641139e-09   0.00e+00 
 3.64966797428660e-09   0.00e+00 
 3.65020220591987e-09   0.00e+00 
 3.65073644131057e-09   0.00e+00 
 3.65127068045808e-09   0.00e+00 
 3.65180492336174e-09   0.00e+00 
 3.65233917002094e-09   0.00e+00 
 3.65287342043504e-09   0.00e+00 
 3.65340767460341e-09   0.00e+00 
 3.65394193252542e-09   0.00e+00 
 3.65447619420043e-09   0.00e+00 
 3.65501045962781e-09   0.00e+00 
 3.65554472880694e-09   0.00e+00 
 3.65607900173718e-09   0.00e+00 
 3.65661327841791e-09   0.00e+00 
 3.65714755884848e-09   0.00e+00 
 3.65768184302828e-09   0.00e+00 
 3.65821613095667e-09   0.00e+00 
 3.65875042263302e-09   0.00e+00 
 3.65928471805670e-09   0.00e+00 
 3.65981901722709e-09   0.00e+00 
 3.66035332014355e-09   0.00e+00 
 3.66088762680546e-09   0.00e+00 
 3.66142193721219e-09   0.00e+00 
 3.66195625136311e-09   0.00e+00 
 3.66249056925758e-09   0.00e+00 
 3.66302489089499e-09   0.00e+00 
 3.66355921627471e-09   0.00e+00 
 3.66409354539611e-09   0.00e+00 
 3.66462787825855e-09   0.00e+00 
 3.66516221486143e-09   0.00e+00 
 3.66569655520410e-09   0.00e+00 
 3.66623089928594e-09   0.00e+00 
 3.66676524710632e-09   0.00e+00 
 3.66729959866463e-09   0.00e+00 
 3.66783395396023e-09   0.00e+00 
 3.66836831299249e-09   0.00e+00 
 3.66890267576080e-09   0.00e+00 
 3.66943704226452e-09   0.00e+00 
 3.66997141250304e-09   0.00e+00 
 3.67050578647572e-09   0.00e+00 
 3.67104016418194e-09   0.00e+00 
 3.67157454562109e-09   0.00e+00 
 3.67210893079252e-09   0.00e+00 
 3.67264331969562e-09   0.00e+00 
 3.67317771232977e-09   0.00e+00 
 3.67371210869434e-09   0.00e+00 
 3.67424650878871e-09   0.00e+00 
 3.67478091261226e-09   0.00e+00 
 3.67531532016435e-09   0.00e+00 
 3.67584973144438e-09   0.00e+00 
 3.67638414645171e-09   0.00e+00 
 3.67691856518572e-09   0.00e+00 
 3.67745298764580e-09   0.00e+00 
 3.67798741383131e-09   0.00e+00 
 3.67852184374164e-09   0.00e+00 
 3.67905627737617e-09   0.00e+00 
 3.67959071473427e-09   0.00e+00 
 3.68012515581533e-09   0.00e+00 
 3.68065960061871e-09   0.00e+00 
 3.68119404914381e-09   0.00e+00 
 3.68172850139000e-09   0.00e+00 
 3.68226295735665e-09   0.00e+00 
 3.68279741704315e-09   0.00e+00 
 3.68333188044889e-09   0.00e+00 
 3.68386634757323e-09   0.00e+00 
 3.68440081841555e-09   0.00e+00 
 3.68493529297525e-09   0.00e+00 
 3.68546977125169e-09   0.00e+00 
 3.68600425324427e-09   0.00e+00 
 3.68653873895235e-09   0.00e+00 
 3.68707322837532e-09   0.00e+00 
 3.68760772151257e-09   0.00e+00 
 3.68814221836347e-09   0.00e+00 
 3.68867671892740e-09   0.00e+00 
 3.68921122320375e-09   0.00e+00 
 3.68974573119190e-09   0.00e+00 
 3.69028024289122e-09   0.00e+00 
 3.69081475830111e-09   0.00e+00 
 3.69134927742094e-09   0.00e+00 
 3.69188380025010e-09   0.00e+00 
 3.69241832678797e-09   0.00e+00 
 3.69295285703393e-09   0.00e+00 
 3.69348739098737e-09   0.00e+00 
 3.69402192864766e-09   0.00e+00 
 3.69455647001419e-09   0.00e+00 
 3.69509101508635e-09   0.00e+00 
 3.69562556386351e-09   0.00e+00 
 3.69616011634507e-09   0.00e+00 
 3.69669467253040e-09   0.00e+00 
 3.69722923241889e-09   0.00e+00 
 3.69776379600993e-09   0.00e+00 
 3.69829836330290e-09   0.00e+00 
 3.69883293429717e-09   0.00e+00 
 3.69936750899214e-09   0.00e+00 
 3.69990208738720e-09   0.00e+00 
 3.70043666948172e-09   0.00e+00 
 3.70097125527510e-09   0.00e+00 
 3.70150584476671e-09   0.00e+00 
 3.70204043795595e-09   0.00e+00 
 3.70257503484220e-09   0.00e+00 
 3.70310963542483e-09   0.00e+00 
 3.70364423970326e-09   0.00e+00 
 3.70417884767684e-09   0.00e+00 
 3.70471345934499e-09   0.00e+00 
 3.70524807470707e-09   0.00e+00 
 3.70578269376247e-09   0.00e+00 
 3.70631731651059e-09   0.00e+00 
 3.70685194295081e-09   0.00e+00 
 3.70738657308252e-09   0.00e+00 
 3.70792120690510e-09   0.00e+00 
 3.70845584441795e-09   0.00e+00 
 3.70899048562044e-09   0.00e+00 
 3.70952513051197e-09   0.00e+00 
 3.71005977909192e-09   0.00e+00 
 3.71059443135969e-09   0.00e+00 
 3.71112908731466e-09   0.00e+00 
 3.71166374695622e-09   0.00e+00 
 3.71219841028376e-09   0.00e+00 
 3.71273307729666e-09   0.00e+00 
 3.71326774799432e-09   0.00e+00 
 3.71380242237613e-09   0.00e+00 
 3.71433710044147e-09   0.00e+00 
 3.71487178218973e-09   0.00e+00 
 3.71540646762031e-09   0.00e+00 
 3.71594115673259e-09   0.00e+00 
 3.71647584952597e-09   0.00e+00 
 3.71701054599983e-09   0.00e+00 
 3.71754524615356e-09   0.00e+00 
 3.71807994998655e-09   0.00e+00 
 3.71861465749820e-09   0.00e+00 
 3.71914936868790e-09   0.00e+00 
 3.71968408355503e-09   0.00e+00 
 3.72021880209899e-09   0.00e+00 
 3.72075352431917e-09   0.00e+00 
 3.72128825021496e-09   0.00e+00 
 3.72182297978575e-09   0.00e+00 
 3.72235771303093e-09   0.00e+00 
 3.72289244994990e-09   0.00e+00 
 3.72342719054205e-09   0.00e+00 
 3.72396193480677e-09   0.00e+00 
 3.72449668274345e-09   0.00e+00 
 3.72503143435149e-09   0.00e+00 
 3.72556618963027e-09   0.00e+00 
 3.72610094857920e-09   0.00e+00 
 3.72663571119767e-09   0.00e+00 
 3.72717047748506e-09   0.00e+00 
 3.72770524744077e-09   0.00e+00 
 3.72824002106420e-09   0.00e+00 
 3.72877479835474e-09   0.00e+00 
 3.72930957931179e-09   0.00e+00 
 3.72984436393473e-09   0.00e+00 
 3.73037915222297e-09   0.00e+00 
 3.73091394417590e-09   0.00e+00 
 3.73144873979292e-09   0.00e+00 
 3.73198353907340e-09   0.00e+00 
 3.73251834201677e-09   0.00e+00 
 3.73305314862240e-09   0.00e+00 
 3.73358795888970e-09   0.00e+00 
 3.73412277281807e-09   0.00e+00 
 3.73465759040688e-09   0.00e+00 
 3.73519241165556e-09   0.00e+00 
 3.73572723656348e-09   0.00e+00 
 3.73626206513005e-09   0.00e+00 
 3.73679689735467e-09   0.00e+00 
 3.73733173323673e-09   0.00e+00 
 3.73786657277562e-09   0.00e+00 
 3.73840141597076e-09   0.00e+00 
 3.73893626282153e-09   0.00e+00 
 3.73947111332733e-09   0.00e+00 
 3.74000596748756e-09   0.00e+00 
 3.74054082530162e-09   0.00e+00 
 3.74107568676891e-09   0.00e+00 
 3.74161055188883e-09   0.00e+00 
 3.74214542066077e-09   0.00e+00 
 3.74268029308414e-09   0.00e+00 
 3.74321516915833e-09   0.00e+00 
 3.74375004888275e-09   0.00e+00 
 3.74428493225679e-09   0.00e+00 
 3.74481981927986e-09   0.00e+00 
 3.74535470995135e-09   0.00e+00 
 3.74588960427067e-09   0.00e+00 
 3.74642450223721e-09   0.00e+00 
 3.74695940385038e-09   0.00e+00 
 3.74749430910959e-09   0.00e+00 
 3.74802921801422e-09   0.00e+00 
 3.74856413056368e-09   0.00e+00 
 3.74909904675737e-09   0.00e+00 
 3.74963396659470e-09   0.00e+00 
 3.75016889007507e-09   0.00e+00 
 3.75070381719788e-09   0.00e+00 
 3.75123874796253e-09   0.00e+00 
 3.75177368236843e-09   0.00e+00 
 3.75230862041498e-09   0.00e+00 
 3.75284356210158e-09   0.00e+00 
 3.75337850742764e-09   0.00e+00 
 3.75391345639256e-09   0.00e+00 
 3.75444840899574e-09   0.00e+00 
 3.75498336523660e-09   0.00e+00 
 3.75551832511452e-09   0.00e+00 
 3.75605328862893e-09   0.00e+00 
 3.75658825577922e-09   0.00e+00 
 3.75712322656480e-09   0.00e+00 
 3.75765820098507e-09   0.00e+00 
 3.75819317903944e-09   0.00e+00 
 3.75872816072732e-09   0.00e+00 
 3.75926314604811e-09   0.00e+00 
 3.75979813500122e-09   0.00e+00 
 3.76033312758606e-09   0.00e+00 
 3.76086812380202e-09   0.00e+00 
 3.76140312364853e-09   0.00e+00 
 3.76193812712498e-09   0.00e+00 
 3.76247313423078e-09   0.00e+00 
 3.76300814496535e-09   0.00e+00 
 3.76354315932809e-09   0.00e+00 
 3.76407817731841e-09   0.00e+00 
 3.76461319893571e-09   0.00e+00 
 3.76514822417941e-09   0.00e+00 
 3.76568325304891e-09   0.00e+00 
 3.76621828554362e-09   0.00e+00 
 3.76675332166296e-09   0.00e+00 
 3.76728836140633e-09   0.00e+00 
 3.76782340477313e-09   0.00e+00 
 3.76835845176280e-09   0.00e+00 
 3.76889350237472e-09   0.00e+00 
 3.76942855660831e-09   0.00e+00 
 3.76996361446299e-09   0.00e+00 
 3.77049867593817e-09   0.00e+00 
 3.77103374103325e-09   0.00e+00 
 3.77156880974764e-09   0.00e+00 
 3.77210388208077e-09   0.00e+00 
 3.77263895803203e-09   0.00e+00 
 3.77317403760084e-09   0.00e+00 
 3.77370912078662e-09   0.00e+00 
 3.77424420758878e-09   0.00e+00 
 3.77477929800672e-09   0.00e+00 
 3.77531439203987e-09   0.00e+00 
 3.77584948968763e-09   0.00e+00 
 3.77638459094942e-09   0.00e+00 
 3.77691969582465e-09   0.00e+00 
 3.77745480431274e-09   0.00e+00 
 3.77798991641309e-09   0.00e+00 
 3.77852503212513e-09   0.00e+00 
 3.77906015144827e-09   0.00e+00 
 3.77959527438192e-09   0.00e+00 
 3.78013040092550e-09   0.00e+00 
 3.78066553107841e-09   0.00e+00 
 3.78120066484009e-09   0.00e+00 
 3.78173580220993e-09   0.00e+00 
 3.78227094318737e-09   0.00e+00 
 3.78280608777181e-09   0.00e+00 
 3.78334123596267e-09   0.00e+00 
 3.78387638775937e-09   0.00e+00 
 3.78441154316131e-09   0.00e+00 
 3.78494670216793e-09   0.00e+00 
 3.78548186477864e-09   0.00e+00 
 3.78601703099284e-09   0.00e+00 
 3.78655220080997e-09   0.00e+00 
 3.78708737422943e-09   0.00e+00 
 3.78762255125065e-09   0.00e+00 
 3.78815773187304e-09   0.00e+00 
 3.78869291609602e-09   0.00e+00 
 3.78922810391901e-09   0.00e+00 
 3.78976329534142e-09   0.00e+00 
 3.79029849036268e-09   0.00e+00 
 3.79083368898220e-09   0.00e+00 
 3.79136889119941e-09   0.00e+00 
 3.79190409701372e-09   0.00e+00 
 3.79243930642454e-09   0.00e+00 
 3.79297451943131e-09   0.00e+00 
 3.79350973603344e-09   0.00e+00 
 3.79404495623035e-09   0.00e+00 
 3.79458018002146e-09   0.00e+00 
 3.79511540740618e-09   0.00e+00 
 3.79565063838395e-09   0.00e+00 
 3.79618587295417e-09   0.00e+00 
 3.79672111111628e-09   0.00e+00 
 3.79725635286969e-09   0.00e+00 
 3.79779159821382e-09   0.00e+00 
 3.79832684714810e-09   0.00e+00 
 3.79886209967194e-09   0.00e+00 
 3.79939735578476e-09   0.00e+00 
 3.79993261548600e-09   0.00e+00 
 3.80046787877506e-09   0.00e+00 
 3.80100314565137e-09   0.00e+00 
 3.80153841611436e-09   0.00e+00 
 3.80207369016345e-09   0.00e+00 
 3.80260896779805e-09   0.00e+00 
 3.80314424901760e-09   0.00e+00 
 3.80367953382150e-09   0.00e+00 
 3.80421482220920e-09   0.00e+00 
 3.80475011418010e-09   0.00e+00 
 3.80528540973365e-09   0.00e+00 
 3.80582070886924e-09   0.00e+00 
 3.80635601158632e-09   0.00e+00 
 3.80689131788430e-09   0.00e+00 
 3.80742662776261e-09   0.00e+00 
 3.80796194122067e-09   0.00e+00 
 3.80849725825791e-09   0.00e+00 
 3.80903257887375e-09   0.00e+00 
 3.80956790306762e-09   0.00e+00 
 3.81010323083893e-09   0.00e+00 
 3.81063856218712e-09   0.00e+00 
 3.81117389711161e-09   0.00e+00 
 3.81170923561182e-09   0.00e+00 
 3.81224457768719e-09   0.00e+00 
 3.81277992333713e-09   0.00e+00 
 3.81331527256107e-09   0.00e+00 
 3.81385062535844e-09   0.00e+00 
 3.81438598172866e-09   0.00e+00 
 3.81492134167116e-09   0.00e+00 
 3.81545670518537e-09   0.00e+00 
 3.81599207227070e-09   0.00e+00 
 3.81652744292660e-09   0.00e+00 
 3.81706281715248e-09   0.00e+00 
 3.81759819494778e-09   0.00e+00 
 3.81813357631191e-09   0.00e+00 
 3.81866896124431e-09   0.00e+00 
 3.81920434974440e-09   0.00e+00 
 3.81973974181162e-09   0.00e+00 
 3.82027513744538e-09   0.00e+00 
 3.82081053664512e-09   0.00e+00 
 3.82134593941026e-09   0.00e+00 
 3.82188134574024e-09   0.00e+00 
 3.82241675563447e-09   0.00e+00 
 3.82295216909240e-09   0.00e+00 
 3.82348758611344e-09   0.00e+00 
 3.82402300669703e-09   0.00e+00 
 3.82455843084260e-09   0.00e+00 
 3.82509385854956e-09   0.00e+00 
 3.82562928981737e-09   0.00e+00 
 3.82616472464543e-09   0.00e+00 
 3.82670016303319e-09   0.00e+00 
 3.82723560498007e-09   0.00e+00 
 3.82777105048550e-09   0.00e+00 
 3.82830649954891e-09   0.00e+00 
 3.82884195216973e-09   0.00e+00 
 3.82937740834740e-09   0.00e+00 
 3.82991286808133e-09   0.00e+00 
 3.83044833137097e-09   0.00e+00 
 3.83098379821575e-09   0.00e+00 
 3.83151926861509e-09   0.00e+00 
 3.83205474256842e-09   0.00e+00 
 3.83259022007518e-09   0.00e+00 
 3.83312570113480e-09   0.00e+00 
 3.83366118574671e-09   0.00e+00 
 3.83419667391034e-09   0.00e+00 
 3.83473216562513e-09   0.00e+00 
 3.83526766089050e-09   0.00e+00 
 3.83580315970588e-09   0.00e+00 
 3.83633866207072e-09   0.00e+00 
 3.83687416798444e-09   0.00e+00 
 3.83740967744648e-09   0.00e+00 
 3.83794519045626e-09   0.00e+00 
 3.83848070701323e-09   0.00e+00 
 3.83901622711681e-09   0.00e+00 
 3.83955175076644e-09   0.00e+00 
 3.84008727796155e-09   0.00e+00 
 3.84062280870157e-09   0.00e+00 
 3.84115834298595e-09   0.00e+00 
 3.84169388081410e-09   0.00e+00 
 3.84222942218548e-09   0.00e+00 
 3.84276496709951e-09   0.00e+00 
 3.84330051555562e-09   0.00e+00 
 3.84383606755326e-09   0.00e+00 
 3.84437162309185e-09   0.00e+00 
 3.84490718217083e-09   0.00e+00 
 3.84544274478964e-09   0.00e+00 
 3.84597831094772e-09   0.00e+00 
 3.84651388064449e-09   0.00e+00 
 3.84704945387939e-09   0.00e+00 
 3.84758503065186e-09   0.00e+00 
 3.84812061096134e-09   0.00e+00 
 3.84865619480727e-09   0.00e+00 
 3.84919178218907e-09   0.00e+00 
 3.84972737310619e-09   0.00e+00 
 3.85026296755806e-09   0.00e+00 
 3.85079856554412e-09   0.00e+00 
 3.85133416706381e-09   0.00e+00 
 3.85186977211656e-09   0.00e+00 
 3.85240538070181e-09   0.00e+00 
 3.85294099281901e-09   0.00e+00 
 3.85347660846758e-09   0.00e+00 
 3.85401222764697e-09   0.00e+00 
 3.85454785035662e-09   0.00e+00 
 3.85508347659596e-09   0.00e+00 
 3.85561910636444e-09   0.00e+00 
 3.85615473966148e-09   0.00e+00 
 3.85669037648654e-09   0.00e+00 
 3.85722601683905e-09   0.00e+00 
 3.85776166071845e-09   0.00e+00 
 3.85829730812418e-09   0.00e+00 
 3.85883295905568e-09   0.00e+00 
 3.85936861351239e-09   0.00e+00 
 3.85990427149376e-09   0.00e+00 
 3.86043993299921e-09   0.00e+00 
 3.86097559802820e-09   0.00e+00 
 3.86151126658016e-09   0.00e+00 
 3.86204693865454e-09   0.00e+00 
 3.86258261425077e-09   0.00e+00 
 3.86311829336831e-09   0.00e+00 
 3.86365397600658e-09   0.00e+00 
 3.86418966216503e-09   0.00e+00 
 3.86472535184311e-09   0.00e+00 
 3.86526104504026e-09   0.00e+00 
 3.86579674175592e-09   0.00e+00 
 3.86633244198953e-09   0.00e+00 
 3.86686814574053e-09   0.00e+00 
 3.86740385300838e-09   0.00e+00 
 3.86793956379251e-09   0.00e+00 
 3.86847527809236e-09   0.00e+00 
 3.86901099590739e-09   0.00e+00 
 3.86954671723703e-09   0.00e+00 
 3.87008244208073e-09   0.00e+00 
 3.87061817043793e-09   0.00e+00 
 3.87115390230809e-09   0.00e+00 
 3.87168963769063e-09   0.00e+00 
 3.87222537658501e-09   0.00e+00 
 3.87276111899068e-09   0.00e+00 
 3.87329686490708e-09   0.00e+00 
 3.87383261433366e-09   0.00e+00 
 3.87436836726985e-09   0.00e+00 
 3.87490412371512e-09   0.00e+00 
 3.87543988366890e-09   0.00e+00 
 3.87597564713064e-09   0.00e+00 
 3.87651141409979e-09   0.00e+00 
 3.87704718457580e-09   0.00e+00 
 3.87758295855811e-09   0.00e+00 
 3.87811873604617e-09   0.00e+00 
 3.87865451703943e-09   0.00e+00 
 3.87919030153733e-09   0.00e+00 
 3.87972608953933e-09   0.00e+00 
 3.88026188104487e-09   0.00e+00 
 3.88079767605341e-09   0.00e+00 
 3.88133347456438e-09   0.00e+00 
 3.88186927657724e-09   0.00e+00 
 3.88240508209145e-09   0.00e+00 
 3.88294089110644e-09   0.00e+00 
 3.88347670362167e-09   0.00e+00 
 3.88401251963658e-09   0.00e+00 
 3.88454833915064e-09   0.00e+00 
 3.88508416216328e-09   0.00e+00 
 3.88561998867396e-09   0.00e+00 
 3.88615581868213e-09   0.00e+00 
 3.88669165218724e-09   0.00e+00 
 3.88722748918875e-09   0.00e+00 
 3.88776332968609e-09   0.00e+00 
 3.88829917367873e-09   0.00e+00 
 3.88883502116612e-09   0.00e+00 
 3.88937087214770e-09   0.00e+00 
 3.88990672662293e-09   0.00e+00 
 3.89044258459127e-09   0.00e+00 
 3.89097844605216e-09   0.00e+00 
 3.89151431100506e-09   0.00e+00 
 3.89205017944942e-09   0.00e+00 
 3.89258605138469e-09   0.00e+00 
 3.89312192681033e-09   0.00e+00 
 3.89365780572579e-09   0.00e+00 
 3.89419368813053e-09   0.00e+00 
 3.89472957402400e-09   0.00e+00 
 3.89526546340564e-09   0.00e+00 
 3.89580135627493e-09   0.00e+00 
 3.89633725263130e-09   0.00e+00 
 3.89687315247422e-09   0.00e+00 
 3.89740905580314e-09   0.00e+00 
 3.89794496261752e-09   0.00e+00 
 3.89848087291681e-09   0.00e+00 
 3.89901678670046e-09   0.00e+00 
 3.89955270396794e-09   0.00e+00 
 3.90008862471870e-09   0.00e+00 
 3.90062454895219e-09   0.00e+00 
 3.90116047666787e-09   0.00e+00 
 3.90169640786520e-09   0.00e+00 
 3.90223234254363e-09   0.00e+00 
 3.90276828070262e-09   0.00e+00 
 3.90330422234162e-09   0.00e+00 
 3.90384016746010e-09   0.00e+00 
 3.90437611605751e-09   0.00e+00 
 3.90491206813331e-09   0.00e+00 
 3.90544802368696e-09   0.00e+00 
 3.90598398271791e-09   0.00e+00 
 3.90651994522562e-09   0.00e+00 
 3.90705591120955e-09   0.00e+00 
 3.90759188066916e-09   0.00e+00 
 3.90812785360391e-09   0.00e+00 
 3.90866383001325e-09   0.00e+00 
 3.90919980989664e-09   0.00e+00 
 3.90973579325355e-09   0.00e+00 
 3.91027178008344e-09   0.00e+00 
 3.91080777038575e-09   0.00e+00 
 3.91134376415995e-09   0.00e+00 
 3.91187976140551e-09   0.00e+00 
 3.91241576212187e-09   0.00e+00 
 3.91295176630851e-09   0.00e+00 
 3.91348777396487e-09   0.00e+00 
 3.91402378509043e-09   0.00e+00 
 3.91455979968464e-09   0.00e+00 
 3.91509581774696e-09   0.00e+00 
 3.91563183927685e-09   0.00e+00 
 3.91616786427377e-09   0.00e+00 
 3.91670389273719e-09   0.00e+00 
 3.91723992466657e-09   0.00e+00 
 3.91777596006136e-09   0.00e+00 
 3.91831199892103e-09   0.00e+00 
 3.91884804124505e-09   0.00e+00 
 3.91938408703286e-09   0.00e+00 
 3.91992013628394e-09   0.00e+00 
 3.92045618899774e-09   0.00e+00 
 3.92099224517374e-09   0.00e+00 
 3.92152830481138e-09   0.00e+00 
 3.92206436791014e-09   0.00e+00 
 3.92260043446947e-09   0.00e+00 
 3.92313650448885e-09   0.00e+00 
 3.92367257796772e-09   0.00e+00 
 3.92420865490556e-09   0.00e+00 
 3.92474473530183e-09   0.00e+00 
 3.92528081915599e-09   0.00e+00 
 3.92581690646751e-09   0.00e+00 
 3.92635299723584e-09   0.00e+00 
 3.92688909146046e-09   0.00e+00 
 3.92742518914083e-09   0.00e+00 
 3.92796129027641e-09   0.00e+00 
 3.92849739486666e-09   0.00e+00 
 3.92903350291105e-09   0.00e+00 
 3.92956961440905e-09   0.00e+00 
 3.93010572936012e-09   0.00e+00 
 3.93064184776373e-09   0.00e+00 
 3.93117796961934e-09   0.00e+00 
 3.93171409492641e-09   0.00e+00 
 3.93225022368441e-09   0.00e+00 
 3.93278635589280e-09   0.00e+00 
 3.93332249155106e-09   0.00e+00 
 3.93385863065865e-09   0.00e+00 
 3.93439477321502e-09   0.00e+00 
 3.93493091921966e-09   0.00e+00 
 3.93546706867202e-09   0.00e+00 
 3.93600322157158e-09   0.00e+00 
 3.93653937791779e-09   0.00e+00 
 3.93707553771012e-09   0.00e+00 
 3.93761170094805e-09   0.00e+00 
 3.93814786763104e-09   0.00e+00 
 3.93868403775855e-09   0.00e+00 
 3.93922021133006e-09   0.00e+00 
 3.93975638834502e-09   0.00e+00 
 3.94029256880292e-09   0.00e+00 
 3.94082875270321e-09   0.00e+00 
 3.94136494004536e-09   0.00e+00 
 3.94190113082884e-09   0.00e+00 
 3.94243732505312e-09   0.00e+00 
 3.94297352271768e-09   0.00e+00 
 3.94350972382196e-09   0.00e+00 
 3.94404592836545e-09   0.00e+00 
 3.94458213634762e-09   0.00e+00 
 3.94511834776792e-09   0.00e+00 
 3.94565456262583e-09   0.00e+00 
 3.94619078092083e-09   0.00e+00 
 3.94672700265237e-09   0.00e+00 
 3.94726322781994e-09   0.00e+00 
 3.94779945642299e-09   0.00e+00 
 3.94833568846100e-09   0.00e+00 
 3.94887192393343e-09   0.00e+00 
 3.94940816283977e-09   0.00e+00 
 3.94994440517947e-09   0.00e+00 
 3.95048065095201e-09   0.00e+00 
 3.95101690015686e-09   0.00e+00 
 3.95155315279348e-09   0.00e+00 
 3.95208940886136e-09   0.00e+00 
 3.95262566835996e-09   0.00e+00 
 3.95316193128875e-09   0.00e+00 
 3.95369819764721e-09   0.00e+00 
 3.95423446743480e-09   0.00e+00 
 3.95477074065099e-09   0.00e+00 
 3.95530701729526e-09   0.00e+00 
 3.95584329736708e-09   0.00e+00 
 3.95637958086592e-09   0.00e+00 
 3.95691586779126e-09   0.00e+00 
 3.95745215814256e-09   0.00e+00 
 3.95798845191930e-09   0.00e+00 
 3.95852474912095e-09   0.00e+00 
 3.95906104974699e-09   0.00e+00 
 3.95959735379689e-09   0.00e+00 
 3.96013366127011e-09   0.00e+00 
 3.96066997216614e-09   0.00e+00 
 3.96120628648445e-09   0.00e+00 
 3.96174260422451e-09   0.00e+00 
 3.96227892538579e-09   0.00e+00 
 3.96281524996777e-09   0.00e+00 
 3.96335157796992e-09   0.00e+00 
 3.96388790939172e-09   0.00e+00 
 3.96442424423264e-09   0.00e+00 
 3.96496058249216e-09   0.00e+00 
 3.96549692416975e-09   0.00e+00 
 3.96603326926489e-09   0.00e+00 
 3.96656961777705e-09   0.00e+00 
 3.96710596970570e-09   0.00e+00 
 3.96764232505033e-09   0.00e+00 
 3.96817868381040e-09   0.00e+00 
 3.96871504598540e-09   0.00e+00 
 3.96925141157480e-09   0.00e+00 
 3.96978778057808e-09   0.00e+00 
 3.97032415299471e-09   0.00e+00 
 3.97086052882417e-09   0.00e+00 
 3.97139690806593e-09   0.00e+00 
 3.97193329071948e-09   0.00e+00 
 3.97246967678429e-09   0.00e+00 
 3.97300606625983e-09   0.00e+00 
 3.97354245914560e-09   0.00e+00 
 3.97407885544105e-09   0.00e+00 
 3.97461525514568e-09   0.00e+00 
 3.97515165825895e-09   0.00e+00 
 3.97568806478035e-09   0.00e+00 
 3.97622447470936e-09   0.00e+00 
 3.97676088804545e-09   0.00e+00 
 3.97729730478811e-09   0.00e+00 
 3.97783372493681e-09   0.00e+00 
 3.97837014849103e-09   0.00e+00 
 3.97890657545025e-09   0.00e+00 
 3.97944300581395e-09   0.00e+00 
 3.97997943958161e-09   0.00e+00 
 3.98051587675271e-09   0.00e+00 
 3.98105231732674e-09   0.00e+00 
 3.98158876130316e-09   0.00e+00 
 3.98212520868146e-09   0.00e+00 
 3.98266165946113e-09   0.00e+00 
 3.98319811364164e-09   0.00e+00 
 3.98373457122247e-09   0.00e+00 
 3.98427103220311e-09   0.00e+00 
 3.98480749658304e-09   0.00e+00 
 3.98534396436173e-09   0.00e+00 
 3.98588043553868e-09   0.00e+00 
 3.98641691011335e-09   0.00e+00 
 3.98695338808525e-09   0.00e+00 
 3.98748986945384e-09   0.00e+00 
 3.98802635421861e-09   0.00e+00 
 3.98856284237905e-09   0.00e+00 
 3.98909933393463e-09   0.00e+00 
 3.98963582888484e-09   0.00e+00 
 3.99017232722916e-09   0.00e+00 
 3.99070882896708e-09   0.00e+00 
 3.99124533409808e-09   0.00e+00 
 3.99178184262165e-09   0.00e+00 
 3.99231835453726e-09   0.00e+00 
 3.99285486984441e-09   0.00e+00 
 3.99339138854257e-09   0.00e+00 
 3.99392791063124e-09   0.00e+00 
 3.99446443610989e-09   0.00e+00 
 3.99500096497802e-09   0.00e+00 
 3.99553749723511e-09   0.00e+00 
 3.99607403288064e-09   0.00e+00 
 3.99661057191411e-09   0.00e+00 
 3.99714711433499e-09   0.00e+00 
 3.99768366014277e-09   0.00e+00 
 3.99822020933694e-09   0.00e+00 
 3.99875676191698e-09   0.00e+00 
 3.99929331788239e-09   0.00e+00 
 3.99982987723264e-09   0.00e+00 
 4.00036643996723e-09   0.00e+00 
 4.00090300608565e-09   0.00e+00 
 4.00143957558738e-09   0.00e+00 
 4.00197614847190e-09   0.00e+00 
 4.00251272473872e-09   0.00e+00 
 4.00304930438731e-09   0.00e+00 
 4.00358588741716e-09   0.00e+00 
 4.00412247382776e-09   0.00e+00 
 4.00465906361860e-09   0.00e+00 
 4.00519565678918e-09   0.00e+00 
 4.00573225333897e-09   0.00e+00 
 4.00626885326747e-09   0.00e+00 
 4.00680545657417e-09   0.00e+00 
 4.00734206325856e-09   0.00e+00 
 4.00787867332012e-09   0.00e+00 
 4.00841528675835e-09   0.00e+00 
 4.00895190357273e-09   0.00e+00 
 4.00948852376277e-09   0.00e+00 
 4.01002514732794e-09   0.00e+00 
 4.01056177426774e-09   0.00e+00 
 4.01109840458167e-09   0.00e+00 
 4.01163503826920e-09   0.00e+00 
 4.01217167532983e-09   0.00e+00 
 4.01270831576306e-09   0.00e+00 
 4.01324495956838e-09   0.00e+00 
 4.01378160674527e-09   0.00e+00 
 4.01431825729323e-09   0.00e+00 
 4.01485491121175e-09   0.00e+00 
 4.01539156850033e-09   0.00e+00 
 4.01592822915844e-09   0.00e+00 
 4.01646489318560e-09   0.00e+00 
 4.01700156058129e-09   0.00e+00 
 4.01753823134501e-09   0.00e+00 
 4.01807490547624e-09   0.00e+00 
 4.01861158297449e-09   0.00e+00 
 4.01914826383924e-09   0.00e+00 
 4.01968494806999e-09   0.00e+00 
 4.02022163566623e-09   0.00e+00 
 4.02075832662745e-09   0.00e+00 
 4.02129502095316e-09   0.00e+00 
 4.02183171864284e-09   0.00e+00 
 4.02236841969600e-09   0.00e+00 
 4.02290512411211e-09   0.00e+00 
 4.02344183189068e-09   0.00e+00 
 4.02397854303121e-09   0.00e+00 
 4.02451525753318e-09   0.00e+00 
 4.02505197539610e-09   0.00e+00 
 4.02558869661946e-09   0.00e+00 
 4.02612542120276e-09   0.00e+00 
 4.02666214914548e-09   0.00e+00 
 4.02719888044713e-09   0.00e+00 
 4.02773561510720e-09   0.00e+00 
 4.02827235312520e-09   0.00e+00 
 4.02880909450060e-09   0.00e+00 
 4.02934583923292e-09   0.00e+00 
 4.02988258732165e-09   0.00e+00 
 4.03041933876629e-09   0.00e+00 
 4.03095609356632e-09   0.00e+00 
 4.03149285172126e-09   0.00e+00 
 4.03202961323059e-09   0.00e+00 
 4.03256637809382e-09   0.00e+00 
 4.03310314631043e-09   0.00e+00 
 4.03363991787994e-09   0.00e+00 
 4.03417669280183e-09   0.00e+00 
 4.03471347107561e-09   0.00e+00 
 4.03525025270077e-09   0.00e+00 
 4.03578703767681e-09   0.00e+00 
 4.03632382600324e-09   0.00e+00 
 4.03686061767954e-09   0.00e+00 
 4.03739741270521e-09   0.00e+00 
 4.03793421107977e-09   0.00e+00 
 4.03847101280270e-09   0.00e+00 
 4.03900781787349e-09   0.00e+00 
 4.03954462629167e-09   0.00e+00 
 4.04008143805671e-09   0.00e+00 
 4.04061825316813e-09   0.00e+00 
 4.04115507162542e-09   0.00e+00 
 4.04169189342808e-09   0.00e+00 
 4.04222871857561e-09   0.00e+00 
 4.04276554706751e-09   0.00e+00 
 4.04330237890329e-09   0.00e+00 
 4.04383921408243e-09   0.00e+00 
 4.04437605260444e-09   0.00e+00 
 4.04491289446883e-09   0.00e+00 
 4.04544973967509e-09   0.00e+00 
 4.04598658822273e-09   0.00e+00 
 4.04652344011124e-09   0.00e+00 
 4.04706029534012e-09   0.00e+00 
 4.04759715390888e-09   0.00e+00 
 4.04813401581702e-09   0.00e+00 
 4.04867088106404e-09   0.00e+00 
 4.04920774964945e-09   0.00e+00 
 4.04974462157273e-09   0.00e+00 
 4.05028149683340e-09   0.00e+00 
 4.05081837543096e-09   0.00e+00 
 4.05135525736491e-09   0.00e+00 
 4.05189214263475e-09   0.00e+00 
 4.05242903123999e-09   0.00e+00 
 4.05296592318012e-09   0.00e+00 
 4.05350281845465e-09   0.00e+00 
 4.05403971706308e-09   0.00e+00 
 4.05457661900492e-09   0.00e+00 
 4.05511352427966e-09   0.00e+00 
 4.05565043288682e-09   0.00e+00 
 4.05618734482589e-09   0.00e+00 
 4.05672426009638e-09   0.00e+00 
 4.05726117869779e-09   0.00e+00 
 4.05779810062963e-09   0.00e+00 
 4.05833502589140e-09   0.00e+00 
 4.05887195448260e-09   0.00e+00 
 4.05940888640274e-09   0.00e+00 
 4.05994582165132e-09   0.00e+00 
 4.06048276022785e-09   0.00e+00 
 4.06101970213183e-09   0.00e+00 
 4.06155664736276e-09   0.00e+00 
 4.06209359592016e-09   0.00e+00 
 4.06263054780352e-09   0.00e+00 
 4.06316750301235e-09   0.00e+00 
 4.06370446154615e-09   0.00e+00 
 4.06424142340444e-09   0.00e+00 
 4.06477838858671e-09   0.00e+00 
 4.06531535709248e-09   0.00e+00 
 4.06585232892124e-09   0.00e+00 
 4.06638930407251e-09   0.00e+00 
 4.06692628254579e-09   0.00e+00 
 4.06746326434059e-09   0.00e+00 
 4.06800024945640e-09   0.00e+00 
 4.06853723789275e-09   0.00e+00 
 4.06907422964913e-09   0.00e+00 
 4.06961122472506e-09   0.00e+00 
 4.07014822312004e-09   0.00e+00 
 4.07068522483357e-09   0.00e+00 
 4.07122222986517e-09   0.00e+00 
 4.07175923821433e-09   0.00e+00 
 4.07229624988058e-09   0.00e+00 
 4.07283326486341e-09   0.00e+00 
 4.07337028316234e-09   0.00e+00 
 4.07390730477687e-09   0.00e+00 
 4.07444432970651e-09   0.00e+00 
 4.07498135795077e-09   0.00e+00 
 4.07551838950916e-09   0.00e+00 
 4.07605542438118e-09   0.00e+00 
 4.07659246256634e-09   0.00e+00 
 4.07712950406417e-09   0.00e+00 
 4.07766654887415e-09   0.00e+00 
 4.07820359699580e-09   0.00e+00 
 4.07874064842864e-09   0.00e+00 
 4.07927770317216e-09   0.00e+00 
 4.07981476122589e-09   0.00e+00 
 4.08035182258932e-09   0.00e+00 
 4.08088888726198e-09   0.00e+00 
 4.08142595524337e-09   0.00e+00 
 4.08196302653299e-09   0.00e+00 
 4.08250010113037e-09   0.00e+00 
 4.08303717903501e-09   0.00e+00 
 4.08357426024642e-09   0.00e+00 
 4.08411134476411e-09   0.00e+00 
 4.08464843258760e-09   0.00e+00 
 4.08518552371639e-09   0.00e+00 
 4.08572261815000e-09   0.00e+00 
 4.08625971588793e-09   0.00e+00 
 4.08679681692971e-09   0.00e+00 
 4.08733392127484e-09   0.00e+00 
 4.08787102892283e-09   0.00e+00 
 4.08840813987320e-09   0.00e+00 
 4.08894525412546e-09   0.00e+00 
 4.08948237167912e-09   0.00e+00 
 4.09001949253370e-09   0.00e+00 
 4.09055661668870e-09   0.00e+00 
 4.09109374414364e-09   0.00e+00 
 4.09163087489803e-09   0.00e+00 
 4.09216800895140e-09   0.00e+00 
 4.09270514630324e-09   0.00e+00 
 4.09324228695308e-09   0.00e+00 
 4.09377943090042e-09   0.00e+00 
 4.09431657814479e-09   0.00e+00 
 4.09485372868569e-09   0.00e+00 
 4.09539088252265e-09   0.00e+00 
 4.09592803965517e-09   0.00e+00 
 4.09646520008277e-09   0.00e+00 
 4.09700236380497e-09   0.00e+00 
 4.09753953082128e-09   0.00e+00 
 4.09807670113122e-09   0.00e+00 
 4.09861387473430e-09   0.00e+00 
 4.09915105163003e-09   0.00e+00 
 4.09968823181794e-09   0.00e+00 
 4.10022541529754e-09   0.00e+00 
 4.10076260206834e-09   0.00e+00 
 4.10129979212987e-09   0.00e+00 
 4.10183698548163e-09   0.00e+00 
 4.10237418212316e-09   0.00e+00 
 4.10291138205395e-09   0.00e+00 
 4.10344858527353e-09   0.00e+00 
 4.10398579178143e-09   0.00e+00 
 4.10452300157714e-09   0.00e+00 
 4.10506021466020e-09   0.00e+00 
 4.10559743103012e-09   0.00e+00 
 4.10613465068642e-09   0.00e+00 
 4.10667187362862e-09   0.00e+00 
 4.10720909985623e-09   0.00e+00 
 4.10774632936877e-09   0.00e+00 
 4.10828356216577e-09   0.00e+00 
 4.10882079824674e-09   0.00e+00 
 4.10935803761120e-09   0.00e+00 
 4.10989528025867e-09   0.00e+00 
 4.11043252618866e-09   0.00e+00 
 4.11096977540071e-09   0.00e+00 
 4.11150702789433e-09   0.00e+00 
 4.11204428366904e-09   0.00e+00 
 4.11258154272436e-09   0.00e+00 
 4.11311880505980e-09   0.00e+00 
 4.11365607067490e-09   0.00e+00 
 4.11419333956917e-09   0.00e+00 
 4.11473061174213e-09   0.00e+00 
 4.11526788719331e-09   0.00e+00 
 4.11580516592222e-09   0.00e+00 
 4.11634244792839e-09   0.00e+00 
 4.11687973321133e-09   0.00e+00 
 4.11741702177058e-09   0.00e+00 
 4.11795431360564e-09   0.00e+00 
 4.11849160871605e-09   0.00e+00 
 4.11902890710133e-09   0.00e+00 
 4.11956620876099e-09   0.00e+00 
 4.12010351369457e-09   0.00e+00 
 4.12064082190159e-09   0.00e+00 
 4.12117813338156e-09   0.00e+00 
 4.12171544813401e-09   0.00e+00 
 4.12225276615846e-09   0.00e+00 
 4.12279008745445e-09   0.00e+00 
 4.12332741202148e-09   0.00e+00 
 4.12386473985909e-09   0.00e+00 
 4.12440207096681e-09   0.00e+00 
 4.12493940534414e-09   0.00e+00 
 4.12547674299063e-09   0.00e+00 
 4.12601408390578e-09   0.00e+00 
 4.12655142808914e-09   0.00e+00 
 4.12708877554022e-09   0.00e+00 
 4.12762612625855e-09   0.00e+00 
 4.12816348024365e-09   0.00e+00 
 4.12870083749505e-09   0.00e+00 
 4.12923819801228e-09   0.00e+00 
 4.12977556179485e-09   0.00e+00 
 4.13031292884230e-09   0.00e+00 
 4.13085029915416e-09   0.00e+00 
 4.13138767272994e-09   0.00e+00 
 4.13192504956918e-09   0.00e+00 
 4.13246242967139e-09   0.00e+00 
 4.13299981303612e-09   0.00e+00 
 4.13353719966289e-09   0.00e+00 
 4.13407458955122e-09   0.00e+00 
 4.13461198270063e-09   0.00e+00 
 4.13514937911066e-09   0.00e+00 
 4.13568677878084e-09   0.00e+00 
 4.13622418171069e-09   0.00e+00 
 4.13676158789973e-09   0.00e+00 
 4.13729899734751e-09   0.00e+00 
 4.13783641005354e-09   0.00e+00 
 4.13837382601736e-09   0.00e+00 
 4.13891124523849e-09   0.00e+00 
 4.13944866771646e-09   0.00e+00 
 4.13998609345080e-09   0.00e+00 
 4.14052352244104e-09   0.00e+00 
 4.14106095468670e-09   0.00e+00 
 4.14159839018733e-09   0.00e+00 
 4.14213582894244e-09   0.00e+00 
 4.14267327095156e-09   0.00e+00 
 4.14321071621423e-09   0.00e+00 
 4.14374816472998e-09   0.00e+00 
 4.14428561649833e-09   0.00e+00 
 4.14482307151882e-09   0.00e+00 
 4.14536052979097e-09   0.00e+00 
 4.14589799131431e-09   0.00e+00 
 4.14643545608838e-09   0.00e+00 
 4.14697292411271e-09   0.00e+00 
 4.14751039538682e-09   0.00e+00 
 4.14804786991025e-09   0.00e+00 
 4.14858534768253e-09   0.00e+00 
 4.14912282870319e-09   0.00e+00 
 4.14966031297176e-09   0.00e+00 
 4.15019780048777e-09   0.00e+00 
 4.15073529125076e-09   0.00e+00 
 4.15127278526025e-09   0.00e+00 
 4.15181028251578e-09   0.00e+00 
 4.15234778301688e-09   0.00e+00 
 4.15288528676307e-09   0.00e+00 
 4.15342279375390e-09   0.00e+00 
 4.15396030398890e-09   0.00e+00 
 4.15449781746759e-09   0.00e+00 
 4.15503533418952e-09   0.00e+00 
 4.15557285415420e-09   0.00e+00 
 4.15611037736118e-09   0.00e+00 
 4.15664790380999e-09   0.00e+00 
 4.15718543350016e-09   0.00e+00 
 4.15772296643123e-09   0.00e+00 
 4.15826050260273e-09   0.00e+00 
 4.15879804201418e-09   0.00e+00 
 4.15933558466513e-09   0.00e+00 
 4.15987313055511e-09   0.00e+00 
 4.16041067968365e-09   0.00e+00 
 4.16094823205029e-09   0.00e+00 
 4.16148578765455e-09   0.00e+00 
 4.16202334649598e-09   0.00e+00 
 4.16256090857411e-09   0.00e+00 
 4.16309847388848e-09   0.00e+00 
 4.16363604243861e-09   0.00e+00 
 4.16417361422404e-09   0.00e+00 
 4.16471118924431e-09   0.00e+00 
 4.16524876749895e-09   0.00e+00 
 4.16578634898749e-09   0.00e+00 
 4.16632393370948e-09   0.00e+00 
 4.16686152166445e-09   0.00e+00 
 4.16739911285193e-09   0.00e+00 
 4.16793670727145e-09   0.00e+00 
 4.16847430492256e-09   0.00e+00 
 4.16901190580479e-09   0.00e+00 
 4.16954950991767e-09   0.00e+00 
 4.17008711726075e-09   0.00e+00 
 4.17062472783355e-09   0.00e+00 
 4.17116234163561e-09   0.00e+00 
 4.17169995866648e-09   0.00e+00 
 4.17223757892567e-09   0.00e+00 
 4.17277520241275e-09   0.00e+00 
 4.17331282912723e-09   0.00e+00 
 4.17385045906865e-09   0.00e+00 
 4.17438809223656e-09   0.00e+00 
 4.17492572863049e-09   0.00e+00 
 4.17546336824998e-09   0.00e+00 
 4.17600101109456e-09   0.00e+00 
 4.17653865716378e-09   0.00e+00 
 4.17707630645716e-09   0.00e+00 
 4.17761395897425e-09   0.00e+00 
 4.17815161471459e-09   0.00e+00 
 4.17868927367771e-09   0.00e+00 
 4.17922693586315e-09   0.00e+00 
 4.17976460127046e-09   0.00e+00 
 4.18030226989915e-09   0.00e+00 
 4.18083994174879e-09   0.00e+00 
 4.18137761681890e-09   0.00e+00 
 4.18191529510902e-09   0.00e+00 
 4.18245297661870e-09   0.00e+00 
 4.18299066134746e-09   0.00e+00 
 4.18352834929486e-09   0.00e+00 
 4.18406604046043e-09   0.00e+00 
 4.18460373484370e-09   0.00e+00 
 4.18514143244423e-09   0.00e+00 
 4.18567913326154e-09   0.00e+00 
 4.18621683729518e-09   0.00e+00 
 4.18675454454469e-09   0.00e+00 
 4.18729225500960e-09   0.00e+00 
 4.18782996868947e-09   0.00e+00 
 4.18836768558382e-09   0.00e+00 
 4.18890540569220e-09   0.00e+00 
 4.18944312901415e-09   0.00e+00 
 4.18998085554921e-09   0.00e+00 
 4.19051858529692e-09   0.00e+00 
 4.19105631825682e-09   0.00e+00 
 4.19159405442846e-09   0.00e+00 
 4.19213179381137e-09   0.00e+00 
 4.19266953640509e-09   0.00e+00 
 4.19320728220918e-09   0.00e+00 
 4.19374503122316e-09   0.00e+00 
 4.19428278344658e-09   0.00e+00 
 4.19482053887898e-09   0.00e+00 
 4.19535829751991e-09   0.00e+00 
 4.19589605936891e-09   0.00e+00 
 4.19643382442551e-09   0.00e+00 
 4.19697159268927e-09   0.00e+00 
 4.19750936415972e-09   0.00e+00 
 4.19804713883641e-09   0.00e+00 
 4.19858491671888e-09   0.00e+00 
 4.19912269780667e-09   0.00e+00 
 4.19966048209933e-09   0.00e+00 
 4.20019826959639e-09   0.00e+00 
 4.20073606029742e-09   0.00e+00 
 4.20127385420193e-09   0.00e+00 
 4.20181165130949e-09   0.00e+00 
 4.20234945161964e-09   0.00e+00 
 4.20288725513192e-09   0.00e+00 
 4.20342506184587e-09   0.00e+00 
 4.20396287176103e-09   0.00e+00 
 4.20450068487696e-09   0.00e+00 
 4.20503850119320e-09   0.00e+00 
 4.20557632070929e-09   0.00e+00 
 4.20611414342478e-09   0.00e+00 
 4.20665196933921e-09   0.00e+00 
 4.20718979845213e-09   0.00e+00 
 4.20772763076309e-09   0.00e+00 
 4.20826546627162e-09   0.00e+00 
 4.20880330497728e-09   0.00e+00 
 4.20934114687961e-09   0.00e+00 
 4.20987899197816e-09   0.00e+00 
 4.21041684027247e-09   0.00e+00 
 4.21095469176210e-09   0.00e+00 
 4.21149254644658e-09   0.00e+00 
 4.21203040432547e-09   0.00e+00 
 4.21256826539830e-09   0.00e+00 
 4.21310612966464e-09   0.00e+00 
 4.21364399712403e-09   0.00e+00 
 4.21418186777600e-09   0.00e+00 
 4.21471974162012e-09   0.00e+00 
 4.21525761865592e-09   0.00e+00 
 4.21579549888297e-09   0.00e+00 
 4.21633338230079e-09   0.00e+00 
 4.21687126890895e-09   0.00e+00 
 4.21740915870699e-09   0.00e+00 
 4.21794705169447e-09   0.00e+00 
 4.21848494787092e-09   0.00e+00 
 4.21902284723590e-09   0.00e+00 
 4.21956074978896e-09   0.00e+00 
 4.22009865552965e-09   0.00e+00 
 4.22063656445752e-09   0.00e+00 
 4.22117447657210e-09   0.00e+00 
 4.22171239187297e-09   0.00e+00 
 4.22225031035966e-09   0.00e+00 
 4.22278823203172e-09   0.00e+00 
 4.22332615688872e-09   0.00e+00 
 4.22386408493019e-09   0.00e+00 
 4.22440201615569e-09   0.00e+00 
 4.22493995056476e-09   0.00e+00 
 4.22547788815697e-09   0.00e+00 
 4.22601582893185e-09   0.00e+00 
 4.22655377288897e-09   0.00e+00 
 4.22709172002787e-09   0.00e+00 
 4.22762967034811e-09   0.00e+00 
 4.22816762384923e-09   0.00e+00 
 4.22870558053079e-09   0.00e+00 
 4.22924354039235e-09   0.00e+00 
 4.22978150343344e-09   0.00e+00 
 4.23031946965363e-09   0.00e+00 
 4.23085743905247e-09   0.00e+00 
 4.23139541162951e-09   0.00e+00 
 4.23193338738431e-09   0.00e+00 
 4.23247136631641e-09   0.00e+00 
 4.23300934842538e-09   0.00e+00 
 4.23354733371076e-09   0.00e+00 
 4.23408532217210e-09   0.00e+00 
 4.23462331380897e-09   0.00e+00 
 4.23516130862091e-09   0.00e+00 
 4.23569930660749e-09   0.00e+00 
 4.23623730776824e-09   0.00e+00 
 4.23677531210274e-09   0.00e+00 
 4.23731331961053e-09   0.00e+00 
 4.23785133029117e-09   0.00e+00 
 4.23838934414421e-09   0.00e+00 
 4.23892736116921e-09   0.00e+00 
 4.23946538136572e-09   0.00e+00 
 4.24000340473330e-09   0.00e+00 
 4.24054143127150e-09   0.00e+00 
 4.24107946097988e-09   0.00e+00 
 4.24161749385800e-09   0.00e+00 
 4.24215552990541e-09   0.00e+00 
 4.24269356912167e-09   0.00e+00 
 4.24323161150633e-09   0.00e+00 
 4.24376965705896e-09   0.00e+00 
 4.24430770577909e-09   0.00e+00 
 4.24484575766631e-09   0.00e+00 
 4.24538381272015e-09   0.00e+00 
 4.24592187094018e-09   0.00e+00 
 4.24645993232596e-09   0.00e+00 
 4.24699799687704e-09   0.00e+00 
 4.24753606459297e-09   0.00e+00 
 4.24807413547333e-09   0.00e+00 
 4.24861220951766e-09   0.00e+00 
 4.24915028672553e-09   0.00e+00 
 4.24968836709648e-09   0.00e+00 
 4.25022645063008e-09   0.00e+00 
 4.25076453732589e-09   0.00e+00 
 4.25130262718347e-09   0.00e+00 
 4.25184072020237e-09   0.00e+00 
 4.25237881638215e-09   0.00e+00 
 4.25291691572238e-09   0.00e+00 
 4.25345501822261e-09   0.00e+00 
 4.25399312388239e-09   0.00e+00 
 4.25453123270130e-09   0.00e+00 
 4.25506934467889e-09   0.00e+00 
 4.25560745981471e-09   0.00e+00 
 4.25614557810833e-09   0.00e+00 
 4.25668369955931e-09   0.00e+00 
 4.25722182416720e-09   0.00e+00 
 4.25775995193157e-09   0.00e+00 
 4.25829808285198e-09   0.00e+00 
 4.25883621692798e-09   0.00e+00 
 4.25937435415914e-09   0.00e+00 
 4.25991249454502e-09   0.00e+00 
 4.26045063808518e-09   0.00e+00 
 4.26098878477918e-09   0.00e+00 
 4.26152693462657e-09   0.00e+00 
 4.26206508762692e-09   0.00e+00 
 4.26260324377980e-09   0.00e+00 
 4.26314140308476e-09   0.00e+00 
 4.26367956554135e-09   0.00e+00 
 4.26421773114916e-09   0.00e+00 
 4.26475589990773e-09   0.00e+00 
 4.26529407181662e-09   0.00e+00 
 4.26583224687540e-09   0.00e+00 
 4.26637042508363e-09   0.00e+00 
 4.26690860644088e-09   0.00e+00 
 4.26744679094669e-09   0.00e+00 
 4.26798497860064e-09   0.00e+00 
 4.26852316940228e-09   0.00e+00 
 4.26906136335119e-09   0.00e+00 
 4.26959956044691e-09   0.00e+00 
 4.27013776068901e-09   0.00e+00 
 4.27067596407706e-09   0.00e+00 
 4.27121417061062e-09   0.00e+00 
 4.27175238028924e-09   0.00e+00 
 4.27229059311249e-09   0.00e+00 
 4.27282880907994e-09   0.00e+00 
 4.27336702819114e-09   0.00e+00 
 4.27390525044565e-09   0.00e+00 
 4.27444347584305e-09   0.00e+00 
 4.27498170438289e-09   0.00e+00 
 4.27551993606473e-09   0.00e+00 
 4.27605817088815e-09   0.00e+00 
 4.27659640885269e-09   0.00e+00 
 4.27713464995792e-09   0.00e+00 
 4.27767289420341e-09   0.00e+00 
 4.27821114158872e-09   0.00e+00 
 4.27874939211342e-09   0.00e+00 
 4.27928764577705e-09   0.00e+00 
 4.27982590257919e-09   0.00e+00 
 4.28036416251940e-09   0.00e+00 
 4.28090242559724e-09   0.00e+00 
 4.28144069181228e-09   0.00e+00 
 4.28197896116408e-09   0.00e+00 
 4.28251723365219e-09   0.00e+00 
 4.28305550927619e-09   0.00e+00 
 4.28359378803564e-09   0.00e+00 
 4.28413206993010e-09   0.00e+00 
 4.28467035495913e-09   0.00e+00 
 4.28520864312229e-09   0.00e+00 
 4.28574693441916e-09   0.00e+00 
 4.28628522884928e-09   0.00e+00 
 4.28682352641223e-09   0.00e+00 
 4.28736182710756e-09   0.00e+00 
 4.28790013093485e-09   0.00e+00 
 4.28843843789365e-09   0.00e+00 
 4.28897674798352e-09   0.00e+00 
 4.28951506120403e-09   0.00e+00 
 4.29005337755474e-09   0.00e+00 
 4.29059169703522e-09   0.00e+00 
 4.29113001964502e-09   0.00e+00 
 4.29166834538371e-09   0.00e+00 
 4.29220667425085e-09   0.00e+00 
 4.29274500624601e-09   0.00e+00 
 4.29328334136874e-09   0.00e+00 
 4.29382167961861e-09   0.00e+00 
 4.29436002099519e-09   0.00e+00 
 4.29489836549803e-09   0.00e+00 
 4.29543671312669e-09   0.00e+00 
 4.29597506388075e-09   0.00e+00 
 4.29651341775975e-09   0.00e+00 
 4.29705177476327e-09   0.00e+00 
 4.29759013489087e-09   0.00e+00 
 4.29812849814210e-09   0.00e+00 
 4.29866686451653e-09   0.00e+00 
 4.29920523401372e-09   0.00e+00 
 4.29974360663323e-09   0.00e+00 
 4.30028198237463e-09   0.00e+00 
 4.30082036123748e-09   0.00e+00 
 4.30135874322133e-09   0.00e+00 
 4.30189712832575e-09   0.00e+00 
 4.30243551655031e-09   0.00e+00 
 4.30297390789455e-09   0.00e+00 
 4.30351230235805e-09   0.00e+00 
 4.30405069994037e-09   0.00e+00 
 4.30458910064106e-09   0.00e+00 
 4.30512750445969e-09   0.00e+00 
 4.30566591139581e-09   0.00e+00 
 4.30620432144899e-09   0.00e+00 
 4.30674273461880e-09   0.00e+00 
 4.30728115090478e-09   0.00e+00 
 4.30781957030650e-09   0.00e+00 
 4.30835799282353e-09   0.00e+00 
 4.30889641845541e-09   0.00e+00 
 4.30943484720172e-09   0.00e+00 
 4.30997327906200e-09   0.00e+00 
 4.31051171403583e-09   0.00e+00 
 4.31105015212276e-09   0.00e+00 
 4.31158859332235e-09   0.00e+00 
 4.31212703763416e-09   0.00e+00 
 4.31266548505775e-09   0.00e+00 
 4.31320393559267e-09   0.00e+00 
 4.31374238923850e-09   0.00e+00 
 4.31428084599478e-09   0.00e+00 
 4.31481930586108e-09   0.00e+00 
 4.31535776883695e-09   0.00e+00 
 4.31589623492196e-09   0.00e+00 
 4.31643470411565e-09   0.00e+00 
 4.31697317641760e-09   0.00e+00 
 4.31751165182736e-09   0.00e+00 
 4.31805013034448e-09   0.00e+00 
 4.31858861196853e-09   0.00e+00 
 4.31912709669906e-09   0.00e+00 
 4.31966558453563e-09   0.00e+00 
 4.32020407547780e-09   0.00e+00 
 4.32074256952513e-09   0.00e+00 
 4.32128106667716e-09   0.00e+00 
 4.32181956693347e-09   0.00e+00 
 4.32235807029360e-09   0.00e+00 
 4.32289657675712e-09   0.00e+00 
 4.32343508632358e-09   0.00e+00 
 4.32397359899253e-09   0.00e+00 
 4.32451211476354e-09   0.00e+00 
 4.32505063363615e-09   0.00e+00 
 4.32558915560994e-09   0.00e+00 
 4.32612768068444e-09   0.00e+00 
 4.32666620885922e-09   0.00e+00 
 4.32720474013383e-09   0.00e+00 
 4.32774327450783e-09   0.00e+00 
 4.32828181198078e-09   0.00e+00 
 4.32882035255222e-09   0.00e+00 
 4.32935889622171e-09   0.00e+00 
 4.32989744298882e-09   0.00e+00 
 4.33043599285308e-09   0.00e+00 
 4.33097454581407e-09   0.00e+00 
 4.33151310187133e-09   0.00e+00 
 4.33205166102441e-09   0.00e+00 
 4.33259022327288e-09   0.00e+00 
 4.33312878861628e-09   0.00e+00 
 4.33366735705416e-09   0.00e+00 
 4.33420592858609e-09   0.00e+00 
 4.33474450321161e-09   0.00e+00 
 4.33528308093029e-09   0.00e+00 
 4.33582166174166e-09   0.00e+00 
 4.33636024564529e-09   0.00e+00 
 4.33689883264072e-09   0.00e+00 
 4.33743742272751e-09   0.00e+00 
 4.33797601590522e-09   0.00e+00 
 4.33851461217338e-09   0.00e+00 
 4.33905321153157e-09   0.00e+00 
 4.33959181397932e-09   0.00e+00 
 4.34013041951619e-09   0.00e+00 
 4.34066902814174e-09   0.00e+00 
 4.34120763985551e-09   0.00e+00 
 4.34174625465705e-09   0.00e+00 
 4.34228487254591e-09   0.00e+00 
 4.34282349352166e-09   0.00e+00 
 4.34336211758382e-09   0.00e+00 
 4.34390074473197e-09   0.00e+00 
 4.34443937496565e-09   0.00e+00 
 4.34497800828441e-09   0.00e+00 
 4.34551664468779e-09   0.00e+00 
 4.34605528417535e-09   0.00e+00 
 4.34659392674664e-09   0.00e+00 
 4.34713257240121e-09   0.00e+00 
 4.34767122113861e-09   0.00e+00 
 4.34820987295839e-09   0.00e+00 
 4.34874852786009e-09   0.00e+00 
 4.34928718584327e-09   0.00e+00 
 4.34982584690747e-09   0.00e+00 
 4.35036451105225e-09   0.00e+00 
 4.35090317827715e-09   0.00e+00 
 4.35144184858172e-09   0.00e+00 
 4.35198052196551e-09   0.00e+00 
 4.35251919842806e-09   0.00e+00 
 4.35305787796893e-09   0.00e+00 
 4.35359656058766e-09   0.00e+00 
 4.35413524628381e-09   0.00e+00 
 4.35467393505691e-09   0.00e+00 
 4.35521262690652e-09   0.00e+00 
 4.35575132183218e-09   0.00e+00 
 4.35629001983345e-09   0.00e+00 
 4.35682872090986e-09   0.00e+00 
 4.35736742506096e-09   0.00e+00 
 4.35790613228630e-09   0.00e+00 
 4.35844484258544e-09   0.00e+00 
 4.35898355595790e-09   0.00e+00 
 4.35952227240325e-09   0.00e+00 
 4.36006099192102e-09   0.00e+00 
 4.36059971451076e-09   0.00e+00 
 4.36113844017203e-09   0.00e+00 
 4.36167716890436e-09   0.00e+00 
 4.36221590070729e-09   0.00e+00 
 4.36275463558038e-09   0.00e+00 
 4.36329337352318e-09   0.00e+00 
 4.36383211453521e-09   0.00e+00 
 4.36437085861604e-09   0.00e+00 
 4.36490960576521e-09   0.00e+00 
 4.36544835598225e-09   0.00e+00 
 4.36598710926672e-09   0.00e+00 
 4.36652586561816e-09   0.00e+00 
 4.36706462503612e-09   0.00e+00 
 4.36760338752013e-09   0.00e+00 
 4.36814215306975e-09   0.00e+00 
 4.36868092168451e-09   0.00e+00 
 4.36921969336396e-09   0.00e+00 
 4.36975846810765e-09   0.00e+00 
 4.37029724591512e-09   0.00e+00 
 4.37083602678591e-09   0.00e+00 
 4.37137481071957e-09   0.00e+00 
 4.37191359771564e-09   0.00e+00 
 4.37245238777366e-09   0.00e+00 
 4.37299118089317e-09   0.00e+00 
 4.37352997707373e-09   0.00e+00 
 4.37406877631486e-09   0.00e+00 
 4.37460757861612e-09   0.00e+00 
 4.37514638397705e-09   0.00e+00 
 4.37568519239719e-09   0.00e+00 
 4.37622400387608e-09   0.00e+00 
 4.37676281841327e-09   0.00e+00 
 4.37730163600829e-09   0.00e+00 
 4.37784045666069e-09   0.00e+00 
 4.37837928037002e-09   0.00e+00 
 4.37891810713581e-09   0.00e+00 
 4.37945693695761e-09   0.00e+00 
 4.37999576983495e-09   0.00e+00 
 4.38053460576739e-09   0.00e+00 
 4.38107344475446e-09   0.00e+00 
 4.38161228679569e-09   0.00e+00 
 4.38215113189065e-09   0.00e+00 
 4.38268998003886e-09   0.00e+00 
 4.38322883123987e-09   0.00e+00 
 4.38376768549321e-09   0.00e+00 
 4.38430654279843e-09   0.00e+00 
 4.38484540315508e-09   0.00e+00 
 4.38538426656269e-09   0.00e+00 
 4.38592313302080e-09   0.00e+00 
 4.38646200252895e-09   0.00e+00 
 4.38700087508669e-09   0.00e+00 
 4.38753975069355e-09   0.00e+00 
 4.38807862934908e-09   0.00e+00 
 4.38861751105281e-09   0.00e+00 
 4.38915639580429e-09   0.00e+00 
 4.38969528360306e-09   0.00e+00 
 4.39023417444865e-09   0.00e+00 
 4.39077306834061e-09   0.00e+00 
 4.39131196527848e-09   0.00e+00 
 4.39185086526179e-09   0.00e+00 
 4.39238976829009e-09   0.00e+00 
 4.39292867436292e-09   0.00e+00 
 4.39346758347982e-09   0.00e+00 
 4.39400649564032e-09   0.00e+00 
 4.39454541084397e-09   0.00e+00 
 4.39508432909031e-09   0.00e+00 
 4.39562325037887e-09   0.00e+00 
 4.39616217470920e-09   0.00e+00 
 4.39670110208083e-09   0.00e+00 
 4.39724003249331e-09   0.00e+00 
 4.39777896594617e-09   0.00e+00 
 4.39831790243895e-09   0.00e+00 
 4.39885684197119e-09   0.00e+00 
 4.39939578454244e-09   0.00e+00 
 4.39993473015222e-09   0.00e+00 
 4.40047367880009e-09   0.00e+00 
 4.40101263048557e-09   0.00e+00 
 4.40155158520821e-09   0.00e+00 
 4.40209054296754e-09   0.00e+00 
 4.40262950376312e-09   0.00e+00 
 4.40316846759446e-09   0.00e+00 
 4.40370743446111e-09   0.00e+00 
 4.40424640436262e-09   0.00e+00 
 4.40478537729851e-09   0.00e+00 
 4.40532435326833e-09   0.00e+00 
 4.40586333227162e-09   0.00e+00 
 4.40640231430792e-09   0.00e+00 
 4.40694129937675e-09   0.00e+00 
 4.40748028747767e-09   0.00e+00 
 4.40801927861021e-09   0.00e+00 
 4.40855827277391e-09   0.00e+00 
 4.40909726996830e-09   0.00e+00 
 4.40963627019292e-09   0.00e+00 
 4.41017527344732e-09   0.00e+00 
 4.41071427973103e-09   0.00e+00 
 4.41125328904358e-09   0.00e+00 
 4.41179230138453e-09   0.00e+00 
 4.41233131675339e-09   0.00e+00 
 4.41287033514972e-09   0.00e+00 
 4.41340935657305e-09   0.00e+00 
 4.41394838102292e-09   0.00e+00 
 4.41448740849886e-09   0.00e+00 
 4.41502643900041e-09   0.00e+00 
 4.41556547252712e-09   0.00e+00 
 4.41610450907851e-09   0.00e+00 
 4.41664354865413e-09   0.00e+00 
 4.41718259125351e-09   0.00e+00 
 4.41772163687620e-09   0.00e+00 
 4.41826068552172e-09   0.00e+00 
 4.41879973718962e-09   0.00e+00 
 4.41933879187943e-09   0.00e+00 
 4.41987784959070e-09   0.00e+00 
 4.42041691032295e-09   0.00e+00 
 4.42095597407572e-09   0.00e+00 
 4.42149504084856e-09   0.00e+00 
 4.42203411064100e-09   0.00e+00 
 4.42257318345258e-09   0.00e+00 
 4.42311225928283e-09   0.00e+00 
 4.42365133813129e-09   0.00e+00 
 4.42419041999750e-09   0.00e+00 
 4.42472950488100e-09   0.00e+00 
 4.42526859278132e-09   0.00e+00 
 4.42580768369799e-09   0.00e+00 
 4.42634677763057e-09   0.00e+00 
 4.42688587457858e-09   0.00e+00 
 4.42742497454156e-09   0.00e+00 
 4.42796407751905e-09   0.00e+00 
 4.42850318351058e-09   0.00e+00 
 4.42904229251570e-09   0.00e+00 
 4.42958140453393e-09   0.00e+00 
 4.43012051956482e-09   0.00e+00 
 4.43065963760791e-09   0.00e+00 
 4.43119875866272e-09   0.00e+00 
 4.43173788272880e-09   0.00e+00 
 4.43227700980568e-09   0.00e+00 
 4.43281613989290e-09   0.00e+00 
 4.43335527299000e-09   0.00e+00 
 4.43389440909651e-09   0.00e+00 
 4.43443354821197e-09   0.00e+00 
 4.43497269033592e-09   0.00e+00 
 4.43551183546789e-09   0.00e+00 
 4.43605098360743e-09   0.00e+00 
 4.43659013475406e-09   0.00e+00 
 4.43712928890732e-09   0.00e+00 
 4.43766844606675e-09   0.00e+00 
 4.43820760623189e-09   0.00e+00 
 4.43874676940228e-09   0.00e+00 
 4.43928593557745e-09   0.00e+00 
 4.43982510475694e-09   0.00e+00 
 4.44036427694028e-09   0.00e+00 
 4.44090345212701e-09   0.00e+00 
 4.44144263031667e-09   0.00e+00 
 4.44198181150879e-09   0.00e+00 
 4.44252099570292e-09   0.00e+00 
 4.44306018289859e-09   0.00e+00 
 4.44359937309533e-09   0.00e+00 
 4.44413856629269e-09   0.00e+00 
 4.44467776249019e-09   0.00e+00 
 4.44521696168738e-09   0.00e+00 
 4.44575616388379e-09   0.00e+00 
 4.44629536907896e-09   0.00e+00 
 4.44683457727242e-09   0.00e+00 
 4.44737378846372e-09   0.00e+00 
 4.44791300265239e-09   0.00e+00 
 4.44845221983797e-09   0.00e+00 
 4.44899144001999e-09   0.00e+00 
 4.44953066319800e-09   0.00e+00 
 4.45006988937152e-09   0.00e+00 
 4.45060911854009e-09   0.00e+00 
 4.45114835070326e-09   0.00e+00 
 4.45168758586056e-09   0.00e+00 
 4.45222682401153e-09   0.00e+00 
 4.45276606515569e-09   0.00e+00 
 4.45330530929260e-09   0.00e+00 
 4.45384455642179e-09   0.00e+00 
 4.45438380654279e-09   0.00e+00 
 4.45492305965515e-09   0.00e+00 
 4.45546231575839e-09   0.00e+00 
 4.45600157485207e-09   0.00e+00 
 4.45654083693570e-09   0.00e+00 
 4.45708010200885e-09   0.00e+00 
 4.45761937007103e-09   0.00e+00 
 4.45815864112178e-09   0.00e+00 
 4.45869791516066e-09   0.00e+00 
 4.45923719218718e-09   0.00e+00 
 4.45977647220090e-09   0.00e+00 
 4.46031575520135e-09   0.00e+00 
 4.46085504118806e-09   0.00e+00 
 4.46139433016057e-09   0.00e+00 
 4.46193362211843e-09   0.00e+00 
 4.46247291706116e-09   0.00e+00 
 4.46301221498832e-09   0.00e+00 
 4.46355151589944e-09   0.00e+00 
 4.46409081979404e-09   0.00e+00 
 4.46463012667168e-09   0.00e+00 
 4.46516943653189e-09   0.00e+00 
 4.46570874937421e-09   0.00e+00 
 4.46624806519818e-09   0.00e+00 
 4.46678738400333e-09   0.00e+00 
 4.46732670578921e-09   0.00e+00 
 4.46786603055536e-09   0.00e+00 
 4.46840535830130e-09   0.00e+00 
 4.46894468902659e-09   0.00e+00 
 4.46948402273076e-09   0.00e+00 
 4.47002335941335e-09   0.00e+00 
 4.47056269907389e-09   0.00e+00 
 4.47110204171194e-09   0.00e+00 
 4.47164138732702e-09   0.00e+00 
 4.47218073591868e-09   0.00e+00 
 4.47272008748646e-09   0.00e+00 
 4.47325944202989e-09   0.00e+00 
 4.47379879954852e-09   0.00e+00 
 4.47433816004188e-09   0.00e+00 
 4.47487752350952e-09   0.00e+00 
 4.47541688995097e-09   0.00e+00 
 4.47595625936578e-09   0.00e+00 
 4.47649563175348e-09   0.00e+00 
 4.47703500711362e-09   0.00e+00 
 4.47757438544573e-09   0.00e+00 
 4.47811376674936e-09   0.00e+00 
 4.47865315102405e-09   0.00e+00 
 4.47919253826934e-09   0.00e+00 
 4.47973192848476e-09   0.00e+00 
 4.48027132166986e-09   0.00e+00 
 4.48081071782419e-09   0.00e+00 
 4.48135011694728e-09   0.00e+00 
 4.48188951903866e-09   0.00e+00 
 4.48242892409790e-09   0.00e+00 
 4.48296833212451e-09   0.00e+00 
 4.48350774311806e-09   0.00e+00 
 4.48404715707808e-09   0.00e+00 
 4.48458657400410e-09   0.00e+00 
 4.48512599389568e-09   0.00e+00 
 4.48566541675236e-09   0.00e+00 
 4.48620484257367e-09   0.00e+00 
 4.48674427135916e-09   0.00e+00 
 4.48728370310838e-09   0.00e+00 
 4.48782313782086e-09   0.00e+00 
 4.48836257549615e-09   0.00e+00 
 4.48890201613379e-09   0.00e+00 
 4.48944145973332e-09   0.00e+00 
 4.48998090629429e-09   0.00e+00 
 4.49052035581625e-09   0.00e+00 
 4.49105980829872e-09   0.00e+00 
 4.49159926374127e-09   0.00e+00 
 4.49213872214343e-09   0.00e+00 
 4.49267818350474e-09   0.00e+00 
 4.49321764782475e-09   0.00e+00 
 4.49375711510301e-09   0.00e+00 
 4.49429658533905e-09   0.00e+00 
 4.49483605853243e-09   0.00e+00 
 4.49537553468268e-09   0.00e+00 
 4.49591501378936e-09   0.00e+00 
 4.49645449585200e-09   0.00e+00 
 4.49699398087015e-09   0.00e+00 
 4.49753346884337e-09   0.00e+00 
 4.49807295977119e-09   0.00e+00 
 4.49861245365315e-09   0.00e+00 
 4.49915195048881e-09   0.00e+00 
 4.49969145027771e-09   0.00e+00 
 4.50023095301940e-09   0.00e+00 
 4.50077045871342e-09   0.00e+00 
 4.50130996735932e-09   0.00e+00 
 4.50184947895665e-09   0.00e+00 
 4.50238899350495e-09   0.00e+00 
 4.50292851100377e-09   0.00e+00 
 4.50346803145266e-09   0.00e+00 
 4.50400755485115e-09   0.00e+00 
 4.50454708119881e-09   0.00e+00 
 4.50508661049518e-09   0.00e+00 
 4.50562614273981e-09   0.00e+00 
 4.50616567793224e-09   0.00e+00 
 4.50670521607202e-09   0.00e+00 
 4.50724475715871e-09   0.00e+00 
 4.50778430119184e-09   0.00e+00 
 4.50832384817097e-09   0.00e+00 
 4.50886339809565e-09   0.00e+00 
 4.50940295096543e-09   0.00e+00 
 4.50994250677985e-09   0.00e+00 
 4.51048206553846e-09   0.00e+00 
 4.51102162724082e-09   0.00e+00 
 4.51156119188647e-09   0.00e+00 
 4.51210075947496e-09   0.00e+00 
 4.51264033000585e-09   0.00e+00 
 4.51317990347868e-09   0.00e+00 
 4.51371947989300e-09   0.00e+00 
 4.51425905924837e-09   0.00e+00 
 4.51479864154433e-09   0.00e+00 
 4.51533822678044e-09   0.00e+00 
 4.51587781495625e-09   0.00e+00 
 4.51641740607130e-09   0.00e+00 
 4.51695700012515e-09   0.00e+00 
 4.51749659711736e-09   0.00e+00 
 4.51803619704746e-09   0.00e+00 
 4.51857579991502e-09   0.00e+00 
 4.51911540571959e-09   0.00e+00 
 4.51965501446072e-09   0.00e+00 
 4.52019462613796e-09   0.00e+00 
 4.52073424075086e-09   0.00e+00 
 4.52127385829898e-09   0.00e+00 
 4.52181347878187e-09   0.00e+00 
 4.52235310219908e-09   0.00e+00 
 4.52289272855017e-09   0.00e+00 
 4.52343235783469e-09   0.00e+00 
 4.52397199005220e-09   0.00e+00 
 4.52451162520224e-09   0.00e+00 
 4.52505126328437e-09   0.00e+00 
 4.52559090429815e-09   0.00e+00 
 4.52613054824313e-09   0.00e+00 
 4.52667019511887e-09   0.00e+00 
 4.52720984492492e-09   0.00e+00 
 4.52774949766083e-09   0.00e+00 
 4.52828915332616e-09   0.00e+00 
 4.52882881192047e-09   0.00e+00 
 4.52936847344331e-09   0.00e+00 
 4.52990813789424e-09   0.00e+00 
 4.53044780527281e-09   0.00e+00 
 4.53098747557858e-09   0.00e+00 
 4.53152714881110e-09   0.00e+00 
 4.53206682496994e-09   0.00e+00 
 4.53260650405465e-09   0.00e+00 
 4.53314618606478e-09   0.00e+00 
 4.53368587099989e-09   0.00e+00 
 4.53422555885954e-09   0.00e+00 
 4.53476524964330e-09   0.00e+00 
 4.53530494335070e-09   0.00e+00 
 4.53584463998132e-09   0.00e+00 
 4.53638433953471e-09   0.00e+00 
 4.53692404201043e-09   0.00e+00 
 4.53746374740803e-09   0.00e+00 
 4.53800345572708e-09   0.00e+00 
 4.53854316696712e-09   0.00e+00 
 4.53908288112774e-09   0.00e+00 
 4.53962259820847e-09   0.00e+00 
 4.54016231820889e-09   0.00e+00 
 4.54070204112854e-09   0.00e+00 
 4.54124176696699e-09   0.00e+00 
 4.54178149572381e-09   0.00e+00 
 4.54232122739854e-09   0.00e+00 
 4.54286096199075e-09   0.00e+00 
 4.54340069950000e-09   0.00e+00 
 4.54394043992584e-09   0.00e+00 
 4.54448018326785e-09   0.00e+00 
 4.54501992952558e-09   0.00e+00 
 4.54555967869859e-09   0.00e+00 
 4.54609943078645e-09   0.00e+00 
 4.54663918578870e-09   0.00e+00 
 4.54717894370493e-09   0.00e+00 
 4.54771870453468e-09   0.00e+00 
 4.54825846827752e-09   0.00e+00 
 4.54879823493302e-09   0.00e+00 
 4.54933800450072e-09   0.00e+00 
 4.54987777698020e-09   0.00e+00 
 4.55041755237103e-09   0.00e+00 
 4.55095733067275e-09   0.00e+00 
 4.55149711188494e-09   0.00e+00 
 4.55203689600715e-09   0.00e+00 
 4.55257668303895e-09   0.00e+00 
 4.55311647297991e-09   0.00e+00 
 4.55365626582959e-09   0.00e+00 
 4.55419606158754e-09   0.00e+00 
 4.55473586025334e-09   0.00e+00 
 4.55527566182656e-09   0.00e+00 
 4.55581546630674e-09   0.00e+00 
 4.55635527369347e-09   0.00e+00 
 4.55689508398630e-09   0.00e+00 
 4.55743489718480e-09   0.00e+00 
 4.55797471328852e-09   0.00e+00 
 4.55851453229705e-09   0.00e+00 
 4.55905435420995e-09   0.00e+00 
 4.55959417902677e-09   0.00e+00 
 4.56013400674709e-09   0.00e+00 
 4.56067383737047e-09   0.00e+00 
 4.56121367089648e-09   0.00e+00 
 4.56175350732468e-09   0.00e+00 
 4.56229334665465e-09   0.00e+00 
 4.56283318888594e-09   0.00e+00 
 4.56337303401813e-09   0.00e+00 
 4.56391288205078e-09   0.00e+00 
 4.56445273298345e-09   0.00e+00 
 4.56499258681573e-09   0.00e+00 
 4.56553244354717e-09   0.00e+00 
 4.56607230317734e-09   0.00e+00 
 4.56661216570581e-09   0.00e+00 
 4.56715203113215e-09   0.00e+00 
 4.56769189945593e-09   0.00e+00 
 4.56823177067671e-09   0.00e+00 
 4.56877164479407e-09   0.00e+00 
 4.56931152180757e-09   0.00e+00 
 4.56985140171678e-09   0.00e+00 
 4.57039128452128e-09   0.00e+00 
 4.57093117022063e-09   0.00e+00 
 4.57147105881440e-09   0.00e+00 
 4.57201095030216e-09   0.00e+00 
 4.57255084468348e-09   0.00e+00 
 4.57309074195793e-09   0.00e+00 
 4.57363064212509e-09   0.00e+00 
 4.57417054518452e-09   0.00e+00 
 4.57471045113580e-09   0.00e+00 
 4.57525035997849e-09   0.00e+00 
 4.57579027171217e-09   0.00e+00 
 4.57633018633640e-09   0.00e+00 
 4.57687010385077e-09   0.00e+00 
 4.57741002425483e-09   0.00e+00 
 4.57794994754818e-09   0.00e+00 
 4.57848987373036e-09   0.00e+00 
 4.57902980280097e-09   0.00e+00 
 4.57956973475957e-09   0.00e+00 
 4.58010966960573e-09   0.00e+00 
 4.58064960733903e-09   0.00e+00 
 4.58118954795904e-09   0.00e+00 
 4.58172949146534e-09   0.00e+00 
 4.58226943785750e-09   0.00e+00 
 4.58280938713508e-09   0.00e+00 
 4.58334933929768e-09   0.00e+00 
 4.58388929434485e-09   0.00e+00 
 4.58442925227618e-09   0.00e+00 
 4.58496921309124e-09   0.00e+00 
 4.58550917678961e-09   0.00e+00 
 4.58604914337085e-09   0.00e+00 
 4.58658911283455e-09   0.00e+00 
 4.58712908518029e-09   0.00e+00 
 4.58766906040763e-09   0.00e+00 
 4.58820903851615e-09   0.00e+00 
 4.58874901950543e-09   0.00e+00 
 4.58928900337505e-09   0.00e+00 
 4.58982899012458e-09   0.00e+00 
 4.59036897975360e-09   0.00e+00 
 4.59090897226168e-09   0.00e+00 
 4.59144896764841e-09   0.00e+00 
 4.59198896591336e-09   0.00e+00 
 4.59252896705611e-09   0.00e+00 
 4.59306897107624e-09   0.00e+00 
 4.59360897797332e-09   0.00e+00 
 4.59414898774694e-09   0.00e+00 
 4.59468900039667e-09   0.00e+00 
 4.59522901592208e-09   0.00e+00 
 4.59576903432277e-09   0.00e+00 
 4.59630905559831e-09   0.00e+00 
 4.59684907974827e-09   0.00e+00 
 4.59738910677224e-09   0.00e+00 
 4.59792913666981e-09   0.00e+00 
 4.59846916944054e-09   0.00e+00 
 4.59900920508402e-09   0.00e+00 
 4.59954924359982e-09   0.00e+00 
 4.60008928498754e-09   0.00e+00 
 4.60062932924676e-09   0.00e+00 
 4.60116937637704e-09   0.00e+00 
 4.60170942637798e-09   0.00e+00 
 4.60224947924915e-09   0.00e+00 
 4.60278953499014e-09   0.00e+00 
 4.60332959360054e-09   0.00e+00 
 4.60386965507991e-09   0.00e+00 
 4.60440971942785e-09   0.00e+00 
 4.60494978664394e-09   0.00e+00 
 4.60548985672775e-09   0.00e+00 
 4.60602992967889e-09   0.00e+00 
 4.60657000549692e-09   0.00e+00 
 4.60711008418143e-09   0.00e+00 
 4.60765016573200e-09   0.00e+00 
 4.60819025014823e-09   0.00e+00 
 4.60873033742969e-09   0.00e+00 
 4.60927042757597e-09   0.00e+00 
 4.60981052058666e-09   0.00e+00 
 4.61035061646133e-09   0.00e+00 
 4.61089071519958e-09   0.00e+00 
 4.61143081680099e-09   0.00e+00 
 4.61197092126515e-09   0.00e+00 
 4.61251102859164e-09   0.00e+00 
 4.61305113878004e-09   0.00e+00 
 4.61359125182996e-09   0.00e+00 
 4.61413136774096e-09   0.00e+00 
 4.61467148651265e-09   0.00e+00 
 4.61521160814460e-09   0.00e+00 
 4.61575173263640e-09   0.00e+00 
 4.61629185998765e-09   0.00e+00 
 4.61683199019793e-09   0.00e+00 
 4.61737212326682e-09   0.00e+00 
 4.61791225919392e-09   0.00e+00 
 4.61845239797882e-09   0.00e+00 
 4.61899253962110e-09   0.00e+00 
 4.61953268412036e-09   0.00e+00 
 4.62007283147617e-09   0.00e+00 
 4.62061298168814e-09   0.00e+00 
 4.62115313475586e-09   0.00e+00 
 4.62169329067891e-09   0.00e+00 
 4.62223344945688e-09   0.00e+00 
 4.62277361108936e-09   0.00e+00 
 4.62331377557595e-09   0.00e+00 
 4.62385394291623e-09   0.00e+00 
 4.62439411310980e-09   0.00e+00 
 4.62493428615625e-09   0.00e+00 
 4.62547446205517e-09   0.00e+00 
 4.62601464080615e-09   0.00e+00 
 4.62655482240878e-09   0.00e+00 
 4.62709500686267e-09   0.00e+00 
 4.62763519416739e-09   0.00e+00 
 4.62817538432255e-09   0.00e+00 
 4.62871557732773e-09   0.00e+00 
 4.62925577318253e-09   0.00e+00 
 4.62979597188655e-09   0.00e+00 
 4.63033617343937e-09   0.00e+00 
 4.63087637784060e-09   0.00e+00 
 4.63141658508982e-09   0.00e+00 
 4.63195679518663e-09   0.00e+00 
 4.63249700813063e-09   0.00e+00 
 4.63303722392140e-09   0.00e+00 
 4.63357744255855e-09   0.00e+00 
 4.63411766404167e-09   0.00e+00 
 4.63465788837036e-09   0.00e+00 
 4.63519811554421e-09   0.00e+00 
 4.63573834556282e-09   0.00e+00 
 4.63627857842579e-09   0.00e+00 
 4.63681881413271e-09   0.00e+00 
 4.63735905268317e-09   0.00e+00 
 4.63789929407679e-09   0.00e+00 
 4.63843953831314e-09   0.00e+00 
 4.63897978539184e-09   0.00e+00 
 4.63952003531248e-09   0.00e+00 
 4.64006028807465e-09   0.00e+00 
 4.64060054367795e-09   0.00e+00 
 4.64114080212200e-09   0.00e+00 
 4.64168106340637e-09   0.00e+00 
 4.64222132753067e-09   0.00e+00 
 4.64276159449451e-09   0.00e+00 
 4.64330186429747e-09   0.00e+00 
 4.64384213693916e-09   0.00e+00 
 4.64438241241918e-09   0.00e+00 
 4.64492269073713e-09   0.00e+00 
 4.64546297189261e-09   0.00e+00 
 4.64600325588521e-09   0.00e+00 
 4.64654354271455e-09   0.00e+00 
 4.64708383238022e-09   0.00e+00 
 4.64762412488182e-09   0.00e+00 
 4.64816442021895e-09   0.00e+00 
 4.64870471839121e-09   0.00e+00 
 4.64924501939822e-09   0.00e+00 
 4.64978532323956e-09   0.00e+00 
 4.65032562991483e-09   0.00e+00 
 4.65086593942366e-09   0.00e+00 
 4.65140625176562e-09   0.00e+00 
 4.65194656694034e-09   0.00e+00 
 4.65248688494740e-09   0.00e+00 
 4.65302720578641e-09   0.00e+00 
 4.65356752945698e-09   0.00e+00 
 4.65410785595871e-09   0.00e+00 
 4.65464818529121e-09   0.00e+00 
 4.65518851745407e-09   0.00e+00 
 4.65572885244690e-09   0.00e+00 
 4.65626919026930e-09   0.00e+00 
 4.65680953092089e-09   0.00e+00 
 4.65734987440125e-09   0.00e+00 
 4.65789022071001e-09   0.00e+00 
 4.65843056984676e-09   0.00e+00 
 4.65897092181111e-09   0.00e+00 
 4.65951127660266e-09   0.00e+00 
 4.66005163422103e-09   0.00e+00 
 4.66059199466580e-09   0.00e+00 
 4.66113235793660e-09   0.00e+00 
 4.66167272403302e-09   0.00e+00 
 4.66221309295468e-09   0.00e+00 
 4.66275346470117e-09   0.00e+00 
 4.66329383927211e-09   0.00e+00 
 4.66383421666711e-09   0.00e+00 
 4.66437459688576e-09   0.00e+00 
 4.66491497992767e-09   0.00e+00 
 4.66545536579246e-09   0.00e+00 
 4.66599575447973e-09   0.00e+00 
 4.66653614598908e-09   0.00e+00 
 4.66707654032013e-09   0.00e+00 
 4.66761693747248e-09   0.00e+00 
 4.66815733744574e-09   0.00e+00 
 4.66869774023952e-09   0.00e+00 
 4.66923814585343e-09   0.00e+00 
 4.66977855428707e-09   0.00e+00 
 4.67031896554005e-09   0.00e+00 
 4.67085937961199e-09   0.00e+00 
 4.67139979650248e-09   0.00e+00 
 4.67194021621114e-09   0.00e+00 
 4.67248063873759e-09   0.00e+00 
 4.67302106408141e-09   0.00e+00 
 4.67356149224223e-09   0.00e+00 
 4.67410192321966e-09   0.00e+00 
 4.67464235701330e-09   0.00e+00 
 4.67518279362277e-09   0.00e+00 
 4.67572323304767e-09   0.00e+00 
 4.67626367528761e-09   0.00e+00 
 4.67680412034221e-09   0.00e+00 
 4.67734456821106e-09   0.00e+00 
 4.67788501889380e-09   0.00e+00 
 4.67842547239001e-09   0.00e+00 
 4.67896592869932e-09   0.00e+00 
 4.67950638782134e-09   0.00e+00 
 4.68004684975566e-09   0.00e+00 
 4.68058731450192e-09   0.00e+00 
 4.68112778205971e-09   0.00e+00 
 4.68166825242865e-09   0.00e+00 
 4.68220872560835e-09   0.00e+00 
 4.68274920159841e-09   0.00e+00 
 4.68328968039845e-09   0.00e+00 
 4.68383016200809e-09   0.00e+00 
 4.68437064642692e-09   0.00e+00 
 4.68491113365457e-09   0.00e+00 
 4.68545162369064e-09   0.00e+00 
 4.68599211653476e-09   0.00e+00 
 4.68653261218651e-09   0.00e+00 
 4.68707311064553e-09   0.00e+00 
 4.68761361191142e-09   0.00e+00 
 4.68815411598380e-09   0.00e+00 
 4.68869462286226e-09   0.00e+00 
 4.68923513254644e-09   0.00e+00 
 4.68977564503593e-09   0.00e+00 
 4.69031616033035e-09   0.00e+00 
 4.69085667842931e-09   0.00e+00 
 4.69139719933243e-09   0.00e+00 
 4.69193772303931e-09   0.00e+00 
 4.69247824954958e-09   0.00e+00 
 4.69301877886283e-09   0.00e+00 
 4.69355931097869e-09   0.00e+00 
 4.69409984589676e-09   0.00e+00 
 4.69464038361666e-09   0.00e+00 
 4.69518092413800e-09   0.00e+00 
 4.69572146746040e-09   0.00e+00 
 4.69626201358346e-09   0.00e+00 
 4.69680256250679e-09   0.00e+00 
 4.69734311423002e-09   0.00e+00 
 4.69788366875274e-09   0.00e+00 
 4.69842422607459e-09   0.00e+00 
 4.69896478619516e-09   0.00e+00 
 4.69950534911407e-09   0.00e+00 
 4.70004591483093e-09   0.00e+00 
 4.70058648334536e-09   0.00e+00 
 4.70112705465697e-09   0.00e+00 
 4.70166762876537e-09   0.00e+00 
 4.70220820567017e-09   0.00e+00 
 4.70274878537099e-09   0.00e+00 
 4.70328936786744e-09   0.00e+00 
 4.70382995315913e-09   0.00e+00 
 4.70437054124567e-09   0.00e+00 
 4.70491113212668e-09   0.00e+00 
 4.70545172580177e-09   0.00e+00 
 4.70599232227056e-09   0.00e+00 
 4.70653292153265e-09   0.00e+00 
 4.70707352358765e-09   0.00e+00 
 4.70761412843519e-09   0.00e+00 
 4.70815473607487e-09   0.00e+00 
 4.70869534650630e-09   0.00e+00 
 4.70923595972911e-09   0.00e+00 
 4.70977657574290e-09   0.00e+00 
 4.71031719454728e-09   0.00e+00 
 4.71085781614187e-09   0.00e+00 
 4.71139844052627e-09   0.00e+00 
 4.71193906770011e-09   0.00e+00 
 4.71247969766300e-09   0.00e+00 
 4.71302033041454e-09   0.00e+00 
 4.71356096595435e-09   0.00e+00 
 4.71410160428204e-09   0.00e+00 
 4.71464224539723e-09   0.00e+00 
 4.71518288929952e-09   0.00e+00 
 4.71572353598853e-09   0.00e+00 
 4.71626418546388e-09   0.00e+00 
 4.71680483772517e-09   0.00e+00 
 4.71734549277201e-09   0.00e+00 
 4.71788615060403e-09   0.00e+00 
 4.71842681122083e-09   0.00e+00 
 4.71896747462202e-09   0.00e+00 
 4.71950814080721e-09   0.00e+00 
 4.72004880977602e-09   0.00e+00 
 4.72058948152807e-09   0.00e+00 
 4.72113015606296e-09   0.00e+00 
 4.72167083338030e-09   0.00e+00 
 4.72221151347971e-09   0.00e+00 
 4.72275219636080e-09   0.00e+00 
 4.72329288202317e-09   0.00e+00 
 4.72383357046645e-09   0.00e+00 
 4.72437426169025e-09   0.00e+00 
 4.72491495569416e-09   0.00e+00 
 4.72545565247782e-09   0.00e+00 
 4.72599635204083e-09   0.00e+00 
 4.72653705438280e-09   0.00e+00 
 4.72707775950334e-09   0.00e+00 
 4.72761846740206e-09   0.00e+00 
 4.72815917807858e-09   0.00e+00 
 4.72869989153251e-09   0.00e+00 
 4.72924060776346e-09   0.00e+00 
 4.72978132677104e-09   0.00e+00 
 4.73032204855486e-09   0.00e+00 
 4.73086277311453e-09   0.00e+00 
 4.73140350044967e-09   0.00e+00 
 4.73194423055988e-09   0.00e+00 
 4.73248496344478e-09   0.00e+00 
 4.73302569910398e-09   0.00e+00 
 4.73356643753708e-09   0.00e+00 
 4.73410717874370e-09   0.00e+00 
 4.73464792272346e-09   0.00e+00 
 4.73518866947596e-09   0.00e+00 
 4.73572941900081e-09   0.00e+00 
 4.73627017129762e-09   0.00e+00 
 4.73681092636601e-09   0.00e+00 
 4.73735168420558e-09   0.00e+00 
 4.73789244481595e-09   0.00e+00 
 4.73843320819672e-09   0.00e+00 
 4.73897397434751e-09   0.00e+00 
 4.73951474326793e-09   0.00e+00 
 4.74005551495758e-09   0.00e+00 
 4.74059628941608e-09   0.00e+00 
 4.74113706664304e-09   0.00e+00 
 4.74167784663807e-09   0.00e+00 
 4.74221862940078e-09   0.00e+00 
 4.74275941493077e-09   0.00e+00 
 4.74330020322766e-09   0.00e+00 
 4.74384099429106e-09   0.00e+00 
 4.74438178812058e-09   0.00e+00 
 4.74492258471583e-09   0.00e+00 
 4.74546338407642e-09   0.00e+00 
 4.74600418620196e-09   0.00e+00 
 4.74654499109205e-09   0.00e+00 
 4.74708579874631e-09   0.00e+00 
 4.74762660916435e-09   0.00e+00 
 4.74816742234577e-09   0.00e+00 
 4.74870823829019e-09   0.00e+00 
 4.74924905699722e-09   0.00e+00 
 4.74978987846646e-09   0.00e+00 
 4.75033070269753e-09   0.00e+00 
 4.75087152969003e-09   0.00e+00 
 4.75141235944358e-09   0.00e+00 
 4.75195319195778e-09   0.00e+00 
 4.75249402723224e-09   0.00e+00 
 4.75303486526657e-09   0.00e+00 
 4.75357570606039e-09   0.00e+00 
 4.75411654961329e-09   0.00e+00 
 4.75465739592489e-09   0.00e+00 
 4.75519824499480e-09   0.00e+00 
 4.75573909682262e-09   0.00e+00 
 4.75627995140797e-09   0.00e+00 
 4.75682080875046e-09   0.00e+00 
 4.75736166884968e-09   0.00e+00 
 4.75790253170526e-09   0.00e+00 
 4.75844339731680e-09   0.00e+00 
 4.75898426568391e-09   0.00e+00 
 4.75952513680620e-09   0.00e+00 
 4.76006601068327e-09   0.00e+00 
 4.76060688731474e-09   0.00e+00 
 4.76114776670021e-09   0.00e+00 
 4.76168864883929e-09   0.00e+00 
 4.76222953373159e-09   0.00e+00 
 4.76277042137672e-09   0.00e+00 
 4.76331131177429e-09   0.00e+00 
 4.76385220492391e-09   0.00e+00 
 4.76439310082517e-09   0.00e+00 
 4.76493399947771e-09   0.00e+00 
 4.76547490088111e-09   0.00e+00 
 4.76601580503498e-09   0.00e+00 
 4.76655671193895e-09   0.00e+00 
 4.76709762159261e-09   0.00e+00 
 4.76763853399557e-09   0.00e+00 
 4.76817944914744e-09   0.00e+00 
 4.76872036704783e-09   0.00e+00 
 4.76926128769635e-09   0.00e+00 
 4.76980221109260e-09   0.00e+00 
 4.77034313723620e-09   0.00e+00 
 4.77088406612674e-09   0.00e+00 
 4.77142499776384e-09   0.00e+00 
 4.77196593214711e-09   0.00e+00 
 4.77250686927616e-09   0.00e+00 
 4.77304780915058e-09   0.00e+00 
 4.77358875176999e-09   0.00e+00 
 4.77412969713400e-09   0.00e+00 
 4.77467064524222e-09   0.00e+00 
 4.77521159609425e-09   0.00e+00 
 4.77575254968970e-09   0.00e+00 
 4.77629350602818e-09   0.00e+00 
 4.77683446510929e-09   0.00e+00 
 4.77737542693265e-09   0.00e+00 
 4.77791639149785e-09   0.00e+00 
 4.77845735880452e-09   0.00e+00 
 4.77899832885225e-09   0.00e+00 
 4.77953930164065e-09   0.00e+00 
 4.78008027716934e-09   0.00e+00 
 4.78062125543791e-09   0.00e+00 
 4.78116223644598e-09   0.00e+00 
 4.78170322019315e-09   0.00e+00 
 4.78224420667904e-09   0.00e+00 
 4.78278519590324e-09   0.00e+00 
 4.78332618786537e-09   0.00e+00 
 4.78386718256503e-09   0.00e+00 
 4.78440818000184e-09   0.00e+00 
 4.78494918017539e-09   0.00e+00 
 4.78549018308529e-09   0.00e+00 
 4.78603118873116e-09   0.00e+00 
 4.78657219711260e-09   0.00e+00 
 4.78711320822921e-09   0.00e+00 
 4.78765422208061e-09   0.00e+00 
 4.78819523866640e-09   0.00e+00 
 4.78873625798620e-09   0.00e+00 
 4.78927728003960e-09   0.00e+00 
 4.78981830482621e-09   0.00e+00 
 4.79035933234564e-09   0.00e+00 
 4.79090036259750e-09   0.00e+00 
 4.79144139558140e-09   0.00e+00 
 4.79198243129695e-09   0.00e+00 
 4.79252346974374e-09   0.00e+00 
 4.79306451092139e-09   0.00e+00 
 4.79360555482950e-09   0.00e+00 
 4.79414660146769e-09   0.00e+00 
 4.79468765083555e-09   0.00e+00 
 4.79522870293270e-09   0.00e+00 
 4.79576975775875e-09   0.00e+00 
 4.79631081531330e-09   0.00e+00 
 4.79685187559595e-09   0.00e+00 
 4.79739293860633e-09   0.00e+00 
 4.79793400434403e-09   0.00e+00 
 4.79847507280866e-09   0.00e+00 
 4.79901614399982e-09   0.00e+00 
 4.79955721791713e-09   0.00e+00 
 4.80009829456019e-09   0.00e+00 
 4.80063937392861e-09   0.00e+00 
 4.80118045602200e-09   0.00e+00 
 4.80172154083996e-09   0.00e+00 
 4.80226262838211e-09   0.00e+00 
 4.80280371864804e-09   0.00e+00 
 4.80334481163736e-09   0.00e+00 
 4.80388590734970e-09   0.00e+00 
 4.80442700578464e-09   0.00e+00 
 4.80496810694179e-09   0.00e+00 
 4.80550921082078e-09   0.00e+00 
 4.80605031742120e-09   0.00e+00 
 4.80659142674265e-09   0.00e+00 
 4.80713253878476e-09   0.00e+00 
 4.80767365354711e-09   0.00e+00 
 4.80821477102933e-09   0.00e+00 
 4.80875589123102e-09   0.00e+00 
 4.80929701415179e-09   0.00e+00 
 4.80983813979123e-09   0.00e+00 
 4.81037926814897e-09   0.00e+00 
 4.81092039922461e-09   0.00e+00 
 4.81146153301776e-09   0.00e+00 
 4.81200266952801e-09   0.00e+00 
 4.81254380875499e-09   0.00e+00 
 4.81308495069830e-09   0.00e+00 
 4.81362609535754e-09   0.00e+00 
 4.81416724273233e-09   0.00e+00 
 4.81470839282226e-09   0.00e+00 
 4.81524954562696e-09   0.00e+00 
 4.81579070114602e-09   0.00e+00 
 4.81633185937905e-09   0.00e+00 
 4.81687302032567e-09   0.00e+00 
 4.81741418398547e-09   0.00e+00 
 4.81795535035807e-09   0.00e+00 
 4.81849651944307e-09   0.00e+00 
 4.81903769124008e-09   0.00e+00 
 4.81957886574872e-09   0.00e+00 
 4.82012004296857e-09   0.00e+00 
 4.82066122289927e-09   0.00e+00 
 4.82120240554040e-09   0.00e+00 
 4.82174359089158e-09   0.00e+00 
 4.82228477895242e-09   0.00e+00 
 4.82282596972253e-09   0.00e+00 
 4.82336716320151e-09   0.00e+00 
 4.82390835938897e-09   0.00e+00 
 4.82444955828451e-09   0.00e+00 
 4.82499075988775e-09   0.00e+00 
 4.82553196419830e-09   0.00e+00 
 4.82607317121576e-09   0.00e+00 
 4.82661438093974e-09   0.00e+00 
 4.82715559336984e-09   0.00e+00 
 4.82769680850568e-09   0.00e+00 
 4.82823802634686e-09   0.00e+00 
 4.82877924689300e-09   0.00e+00 
 4.82932047014369e-09   0.00e+00 
 4.82986169609855e-09   0.00e+00 
 4.83040292475719e-09   0.00e+00 
 4.83094415611922e-09   0.00e+00 
 4.83148539018423e-09   0.00e+00 
 4.83202662695184e-09   0.00e+00 
 4.83256786642167e-09   0.00e+00 
 4.83310910859331e-09   0.00e+00 
 4.83365035346637e-09   0.00e+00 
 4.83419160104047e-09   0.00e+00 
 4.83473285131521e-09   0.00e+00 
 4.83527410429020e-09   0.00e+00 
 4.83581535996505e-09   0.00e+00 
 4.83635661833936e-09   0.00e+00 
 4.83689787941276e-09   0.00e+00 
 4.83743914318483e-09   0.00e+00 
 4.83798040965520e-09   0.00e+00 
 4.83852167882347e-09   0.00e+00 
 4.83906295068925e-09   0.00e+00 
 4.83960422525215e-09   0.00e+00 
 4.84014550251177e-09   0.00e+00 
 4.84068678246773e-09   0.00e+00 
 4.84122806511964e-09   0.00e+00 
 4.84176935046711e-09   0.00e+00 
 4.84231063850973e-09   0.00e+00 
 4.84285192924713e-09   0.00e+00 
 4.84339322267891e-09   0.00e+00 
 4.84393451880467e-09   0.00e+00 
 4.84447581762404e-09   0.00e+00 
 4.84501711913662e-09   0.00e+00 
 4.84555842334201e-09   0.00e+00 
 4.84609973023983e-09   0.00e+00 
 4.84664103982969e-09   0.00e+00 
 4.84718235211120e-09   0.00e+00 
 4.84772366708396e-09   0.00e+00 
 4.84826498474759e-09   0.00e+00 
 4.84880630510169e-09   0.00e+00 
 4.84934762814588e-09   0.00e+00 
 4.84988895387976e-09   0.00e+00 
 4.85043028230294e-09   0.00e+00 
 4.85097161341504e-09   0.00e+00 
 4.85151294721567e-09   0.00e+00 
 4.85205428370442e-09   0.00e+00 
 4.85259562288093e-09   0.00e+00 
 4.85313696474478e-09   0.00e+00 
 4.85367830929560e-09   0.00e+00 
 4.85421965653300e-09   0.00e+00 
 4.85476100645658e-09   0.00e+00 
 4.85530235906596e-09   0.00e+00 
 4.85584371436074e-09   0.00e+00 
 4.85638507234054e-09   0.00e+00 
 4.85692643300496e-09   0.00e+00 
 4.85746779635363e-09   0.00e+00 
 4.85800916238614e-09   0.00e+00 
 4.85855053110212e-09   0.00e+00 
 4.85909190250116e-09   0.00e+00 
 4.85963327658289e-09   0.00e+00 
 4.86017465334691e-09   0.00e+00 
 4.86071603279284e-09   0.00e+00 
 4.86125741492028e-09   0.00e+00 
 4.86179879972885e-09   0.00e+00 
 4.86234018721815e-09   0.00e+00 
 4.86288157738781e-09   0.00e+00 
 4.86342297023743e-09   0.00e+00 
 4.86396436576663e-09   0.00e+00 
 4.86450576397501e-09   0.00e+00 
 4.86504716486219e-09   0.00e+00 
 4.86558856842777e-09   0.00e+00 
 4.86612997467138e-09   0.00e+00 
 4.86667138359263e-09   0.00e+00 
 4.86721279519112e-09   0.00e+00 
 4.86775420946647e-09   0.00e+00 
 4.86829562641829e-09   0.00e+00 
 4.86883704604620e-09   0.00e+00 
 4.86937846834980e-09   0.00e+00 
 4.86991989332871e-09   0.00e+00 
 4.87046132098255e-09   0.00e+00 
 4.87100275131092e-09   0.00e+00 
 4.87154418431345e-09   0.00e+00 
 4.87208561998973e-09   0.00e+00 
 4.87262705833939e-09   0.00e+00 
 4.87316849936205e-09   0.00e+00 
 4.87370994305730e-09   0.00e+00 
 4.87425138942477e-09   0.00e+00 
 4.87479283846407e-09   0.00e+00 
 4.87533429017482e-09   0.00e+00 
 4.87587574455663e-09   0.00e+00 
 4.87641720160911e-09   0.00e+00 
 4.87695866133188e-09   0.00e+00 
 4.87750012372456e-09   0.00e+00 
 4.87804158878675e-09   0.00e+00 
 4.87858305651807e-09   0.00e+00 
 4.87912452691814e-09   0.00e+00 
 4.87966599998657e-09   0.00e+00 
 4.88020747572298e-09   0.00e+00 
 4.88074895412699e-09   0.00e+00 
 4.88129043519820e-09   0.00e+00 
 4.88183191893623e-09   0.00e+00 
 4.88237340534070e-09   0.00e+00 
 4.88291489441122e-09   0.00e+00 
 4.88345638614742e-09   0.00e+00 
 4.88399788054891e-09   0.00e+00 
 4.88453937761529e-09   0.00e+00 
 4.88508087734620e-09   0.00e+00 
 4.88562237974124e-09   0.00e+00 
 4.88616388480004e-09   0.00e+00 
 4.88670539252221e-09   0.00e+00 
 4.88724690290736e-09   0.00e+00 
 4.88778841595511e-09   0.00e+00 
 4.88832993166509e-09   0.00e+00 
 4.88887145003690e-09   0.00e+00 
 4.88941297107017e-09   0.00e+00 
 4.88995449476452e-09   0.00e+00 
 4.89049602111955e-09   0.00e+00 
 4.89103755013489e-09   0.00e+00 
 4.89157908181016e-09   0.00e+00 
 4.89212061614498e-09   0.00e+00 
 4.89266215313896e-09   0.00e+00 
 4.89320369279172e-09   0.00e+00 
 4.89374523510288e-09   0.00e+00 
 4.89428678007206e-09   0.00e+00 
 4.89482832769889e-09   0.00e+00 
 4.89536987798297e-09   0.00e+00 
 4.89591143092392e-09   0.00e+00 
 4.89645298652138e-09   0.00e+00 
 4.89699454477495e-09   0.00e+00 
 4.89753610568425e-09   0.00e+00 
 4.89807766924891e-09   0.00e+00 
 4.89861923546855e-09   0.00e+00 
 4.89916080434279e-09   0.00e+00 
 4.89970237587125e-09   0.00e+00 
 4.90024395005354e-09   0.00e+00 
 4.90078552688929e-09   0.00e+00 
 4.90132710637812e-09   0.00e+00 
 4.90186868851964e-09   0.00e+00 
 4.90241027331349e-09   0.00e+00 
 4.90295186075929e-09   0.00e+00 
 4.90349345085665e-09   0.00e+00 
 4.90403504360519e-09   0.00e+00 
 4.90457663900455e-09   0.00e+00 
 4.90511823705434e-09   0.00e+00 
 4.90565983775417e-09   0.00e+00 
 4.90620144110369e-09   0.00e+00 
 4.90674304710250e-09   0.00e+00 
 4.90728465575023e-09   0.00e+00 
 4.90782626704651e-09   0.00e+00 
 4.90836788099095e-09   0.00e+00 
 4.90890949758318e-09   0.00e+00 
 4.90945111682282e-09   0.00e+00 
 4.90999273870951e-09   0.00e+00 
 4.91053436324285e-09   0.00e+00 
 4.91107599042248e-09   0.00e+00 
 4.91161762024801e-09   0.00e+00 
 4.91215925271908e-09   0.00e+00 
 4.91270088783531e-09   0.00e+00 
 4.91324252559632e-09   0.00e+00 
 4.91378416600173e-09   0.00e+00 
 4.91432580905118e-09   0.00e+00 
 4.91486745474429e-09   0.00e+00 
 4.91540910308067e-09   0.00e+00 
 4.91595075405997e-09   0.00e+00 
 4.91649240768180e-09   0.00e+00 
 4.91703406394579e-09   0.00e+00 
 4.91757572285156e-09   0.00e+00 
 4.91811738439874e-09   0.00e+00 
 4.91865904858696e-09   0.00e+00 
 4.91920071541585e-09   0.00e+00 
 4.91974238488502e-09   0.00e+00 
 4.92028405699412e-09   0.00e+00 
 4.92082573174276e-09   0.00e+00 
 4.92136740913057e-09   0.00e+00 
 4.92190908915718e-09   0.00e+00 
 4.92245077182222e-09   0.00e+00 
 4.92299245712531e-09   0.00e+00 
 4.92353414506609e-09   0.00e+00 
 4.92407583564417e-09   0.00e+00 
 4.92461752885920e-09   0.00e+00 
 4.92515922471079e-09   0.00e+00 
 4.92570092319858e-09   0.00e+00 
 4.92624262432219e-09   0.00e+00 
 4.92678432808126e-09   0.00e+00 
 4.92732603447541e-09   0.00e+00 
 4.92786774350428e-09   0.00e+00 
 4.92840945516748e-09   0.00e+00 
 4.92895116946466e-09   0.00e+00 
 4.92949288639543e-09   0.00e+00 
 4.93003460595944e-09   0.00e+00 
 4.93057632815631e-09   0.00e+00 
 4.93111805298567e-09   0.00e+00 
 4.93165978044715e-09   0.00e+00 
 4.93220151054039e-09   0.00e+00 
 4.93274324326501e-09   0.00e+00 
 4.93328497862064e-09   0.00e+00 
 4.93382671660692e-09   0.00e+00 
 4.93436845722348e-09   0.00e+00 
 4.93491020046995e-09   0.00e+00 
 4.93545194634596e-09   0.00e+00 
 4.93599369485114e-09   0.00e+00 
 4.93653544598512e-09   0.00e+00 
 4.93707719974754e-09   0.00e+00 
 4.93761895613803e-09   0.00e+00 
 4.93816071515622e-09   0.00e+00 
 4.93870247680175e-09   0.00e+00 
 4.93924424107424e-09   0.00e+00 
 4.93978600797333e-09   0.00e+00 
 4.94032777749866e-09   0.00e+00 
 4.94086954964985e-09   0.00e+00 
 4.94141132442655e-09   0.00e+00 
 4.94195310182838e-09   0.00e+00 
 4.94249488185498e-09   0.00e+00 
 4.94303666450599e-09   0.00e+00 
 4.94357844978103e-09   0.00e+00 
 4.94412023767974e-09   0.00e+00 
 4.94466202820176e-09   0.00e+00 
 4.94520382134672e-09   0.00e+00 
 4.94574561711426e-09   0.00e+00 
 4.94628741550400e-09   0.00e+00 
 4.94682921651560e-09   0.00e+00 
 4.94737102014868e-09   0.00e+00 
 4.94791282640287e-09   0.00e+00 
 4.94845463527782e-09   0.00e+00 
 4.94899644677316e-09   0.00e+00 
 4.94953826088853e-09   0.00e+00 
 4.95008007762356e-09   0.00e+00 
 4.95062189697789e-09   0.00e+00 
 4.95116371895115e-09   0.00e+00 
 4.95170554354299e-09   0.00e+00 
 4.95224737075304e-09   0.00e+00 
 4.95278920058094e-09   0.00e+00 
 4.95333103302632e-09   0.00e+00 
 4.95387286808882e-09   0.00e+00 
 4.95441470576809e-09   0.00e+00 
 4.95495654606375e-09   0.00e+00 
 4.95549838897545e-09   0.00e+00 
 4.95604023450282e-09   0.00e+00 
 4.95658208264551e-09   0.00e+00 
 4.95712393340315e-09   0.00e+00 
 4.95766578677539e-09   0.00e+00 
 4.95820764276185e-09   0.00e+00 
 4.95874950136218e-09   0.00e+00 
 4.95929136257602e-09   0.00e+00 
 4.95983322640301e-09   0.00e+00 
 4.96037509284279e-09   0.00e+00 
 4.96091696189500e-09   0.00e+00 
 4.96145883355927e-09   0.00e+00 
 4.96200070783526e-09   0.00e+00 
 4.96254258472259e-09   0.00e+00 
 4.96308446422091e-09   0.00e+00 
 4.96362634632986e-09   0.00e+00 
 4.96416823104909e-09   0.00e+00 
 4.96471011837823e-09   0.00e+00 
 4.96525200831692e-09   0.00e+00 
 4.96579390086481e-09   0.00e+00 
 4.96633579602153e-09   0.00e+00 
 4.96687769378674e-09   0.00e+00 
 4.96741959416007e-09   0.00e+00 
 4.96796149714116e-09   0.00e+00 
 4.96850340272966e-09   0.00e+00 
 4.96904531092521e-09   0.00e+00 
 4.96958722172744e-09   0.00e+00 
 4.97012913513602e-09   0.00e+00 
 4.97067105115057e-09   0.00e+00 
 4.97121296977075e-09   0.00e+00 
 4.97175489099619e-09   0.00e+00 
 4.97229681482653e-09   0.00e+00 
 4.97283874126144e-09   0.00e+00 
 4.97338067030053e-09   0.00e+00 
 4.97392260194347e-09   0.00e+00 
 4.97446453618990e-09   0.00e+00 
 4.97500647303946e-09   0.00e+00 
 4.97554841249180e-09   0.00e+00 
 4.97609035454655e-09   0.00e+00 
 4.97663229920337e-09   0.00e+00 
 4.97717424646191e-09   0.00e+00 
 4.97771619632179e-09   0.00e+00 
 4.97825814878269e-09   0.00e+00 
 4.97880010384423e-09   0.00e+00 
 4.97934206150607e-09   0.00e+00 
 4.97988402176785e-09   0.00e+00 
 4.98042598462922e-09   0.00e+00 
 4.98096795008982e-09   0.00e+00 
 4.98150991814931e-09   0.00e+00 
 4.98205188880732e-09   0.00e+00 
 4.98259386206352e-09   0.00e+00 
 4.98313583791754e-09   0.00e+00 
 4.98367781636903e-09   0.00e+00 
 4.98421979741764e-09   0.00e+00 
 4.98476178106302e-09   0.00e+00 
 4.98530376730482e-09   0.00e+00 
 4.98584575614268e-09   0.00e+00 
 4.98638774757625e-09   0.00e+00 
 4.98692974160519e-09   0.00e+00 
 4.98747173822915e-09   0.00e+00 
 4.98801373744776e-09   0.00e+00 
 4.98855573926069e-09   0.00e+00 
 4.98909774366758e-09   0.00e+00 
 4.98963975066808e-09   0.00e+00 
 4.99018176026184e-09   0.00e+00 
 4.99072377244851e-09   0.00e+00 
 4.99126578722775e-09   0.00e+00 
 4.99180780459920e-09   0.00e+00 
 4.99234982456251e-09   0.00e+00 
 4.99289184711734e-09   0.00e+00 
 4.99343387226334e-09   0.00e+00 
 4.99397590000015e-09   0.00e+00 
 4.99451793032744e-09   0.00e+00 
 4.99505996324485e-09   0.00e+00 
 4.99560199875203e-09   0.00e+00 
 4.99614403684864e-09   0.00e+00 
 4.99668607753433e-09   0.00e+00 
 4.99722812080876e-09   0.00e+00 
 4.99777016667157e-09   0.00e+00 
 4.99831221512242e-09   0.00e+00 
 4.99885426616096e-09   0.00e+00 
 4.99939631978685e-09   0.00e+00 
 4.99993837599974e-09   0.00e+00 
 5.00048043479928e-09   0.00e+00 
 5.00102249618513e-09   0.00e+00 
 5.00156456015695e-09   0.00e+00 
 5.00210662671438e-09   0.00e+00 
 5.00264869585709e-09   0.00e+00 
 5.00319076758473e-09   0.00e+00 
 5.00373284189695e-09   0.00e+00 
 5.00427491879341e-09   0.00e+00 
 5.00481699827376e-09   0.00e+00 
 5.00535908033767e-09   0.00e+00 
 5.00590116498478e-09   0.00e+00 
 5.00644325221476e-09   0.00e+00 
 5.00698534202726e-09   0.00e+00 
 5.00752743442193e-09   0.00e+00 
 5.00806952939844e-09   0.00e+00 
 5.00861162695645e-09   0.00e+00 
 5.00915372709560e-09   0.00e+00 
 5.00969582981555e-09   0.00e+00 
 5.01023793511598e-09   0.00e+00 
 5.01078004299653e-09   0.00e+00 
 5.01132215345686e-09   0.00e+00 
 5.01186426649663e-09   0.00e+00 
 5.01240638211550e-09   0.00e+00 
 5.01294850031313e-09   0.00e+00 
 5.01349062108918e-09   0.00e+00 
 5.01403274444331e-09   0.00e+00 
 5.01457487037517e-09   0.00e+00 
 5.01511699888443e-09   0.00e+00 
 5.01565912997075e-09   0.00e+00 
 5.01620126363378e-09   0.00e+00 
 5.01674339987320e-09   0.00e+00 
 5.01728553868865e-09   0.00e+00 
 5.01782768007980e-09   0.00e+00 
 5.01836982404632e-09   0.00e+00 
 5.01891197058785e-09   0.00e+00 
 5.01945411970408e-09   0.00e+00 
 5.01999627139464e-09   0.00e+00 
 5.02053842565922e-09   0.00e+00 
 5.02108058249747e-09   0.00e+00 
 5.02162274190905e-09   0.00e+00 
 5.02216490389363e-09   0.00e+00 
 5.02270706845086e-09   0.00e+00 
 5.02324923558042e-09   0.00e+00 
 5.02379140528197e-09   0.00e+00 
 5.02433357755516e-09   0.00e+00 
 5.02487575239967e-09   0.00e+00 
 5.02541792981515e-09   0.00e+00 
 5.02596010980128e-09   0.00e+00 
 5.02650229235771e-09   0.00e+00 
 5.02704447748411e-09   0.00e+00 
 5.02758666518015e-09   0.00e+00 
 5.02812885544549e-09   0.00e+00 
 5.02867104827980e-09   0.00e+00 
 5.02921324368273e-09   0.00e+00 
 5.02975544165397e-09   0.00e+00 
 5.03029764219317e-09   0.00e+00 
 5.03083984529999e-09   0.00e+00 
 5.03138205097412e-09   0.00e+00 
 5.03192425921521e-09   0.00e+00 
 5.03246647002293e-09   0.00e+00 
 5.03300868339694e-09   0.00e+00 
 5.03355089933692e-09   0.00e+00 
 5.03409311784253e-09   0.00e+00 
 5.03463533891343e-09   0.00e+00 
 5.03517756254931e-09   0.00e+00 
 5.03571978874982e-09   0.00e+00 
 5.03626201751463e-09   0.00e+00 
 5.03680424884342e-09   0.00e+00 
 5.03734648273584e-09   0.00e+00 
 5.03788871919157e-09   0.00e+00 
 5.03843095821028e-09   0.00e+00 
 5.03897319979164e-09   0.00e+00 
 5.03951544393532e-09   0.00e+00 
 5.04005769064099e-09   0.00e+00 
 5.04059993990831e-09   0.00e+00 
 5.04114219173696e-09   0.00e+00 
 5.04168444612661e-09   0.00e+00 
 5.04222670307692e-09   0.00e+00 
 5.04276896258758e-09   0.00e+00 
 5.04331122465824e-09   0.00e+00 
 5.04385348928858e-09   0.00e+00 
 5.04439575647828e-09   0.00e+00 
 5.04493802622700e-09   0.00e+00 
 5.04548029853441e-09   0.00e+00 
 5.04602257340019e-09   0.00e+00 
 5.04656485082401e-09   0.00e+00 
 5.04710713080554e-09   0.00e+00 
 5.04764941334445e-09   0.00e+00 
 5.04819169844043e-09   0.00e+00 
 5.04873398609313e-09   0.00e+00 
 5.04927627630223e-09   0.00e+00 
 5.04981856906741e-09   0.00e+00 
 5.05036086438833e-09   0.00e+00 
 5.05090316226468e-09   0.00e+00 
 5.05144546269613e-09   0.00e+00 
 5.05198776568234e-09   0.00e+00 
 5.05253007122300e-09   0.00e+00 
 5.05307237931778e-09   0.00e+00 
 5.05361468996634e-09   0.00e+00 
 5.05415700316838e-09   0.00e+00 
 5.05469931892356e-09   0.00e+00 
 5.05524163723156e-09   0.00e+00 
 5.05578395809204e-09   0.00e+00 
 5.05632628150470e-09   0.00e+00 
 5.05686860746920e-09   0.00e+00 
 5.05741093598521e-09   0.00e+00 
 5.05795326705242e-09   0.00e+00 
 5.05849560067050e-09   0.00e+00 
 5.05903793683913e-09   0.00e+00 
 5.05958027555798e-09   0.00e+00 
 5.06012261682673e-09   0.00e+00 
 5.06066496064506e-09   0.00e+00 
 5.06120730701264e-09   0.00e+00 
 5.06174965592914e-09   0.00e+00 
 5.06229200739426e-09   0.00e+00 
 5.06283436140765e-09   0.00e+00 
 5.06337671796901e-09   0.00e+00 
 5.06391907707801e-09   0.00e+00 
 5.06446143873433e-09   0.00e+00 
 5.06500380293763e-09   0.00e+00 
 5.06554616968761e-09   0.00e+00 
 5.06608853898394e-09   0.00e+00 
 5.06663091082630e-09   0.00e+00 
 5.06717328521436e-09   0.00e+00 
 5.06771566214781e-09   0.00e+00 
 5.06825804162632e-09   0.00e+00 
 5.06880042364958e-09   0.00e+00 
 5.06934280821726e-09   0.00e+00 
 5.06988519532904e-09   0.00e+00 
 5.07042758498459e-09   0.00e+00 
 5.07096997718361e-09   0.00e+00 
 5.07151237192576e-09   0.00e+00 
 5.07205476921073e-09   0.00e+00 
 5.07259716903820e-09   0.00e+00 
 5.07313957140784e-09   0.00e+00 
 5.07368197631934e-09   0.00e+00 
 5.07422438377238e-09   0.00e+00 
 5.07476679376664e-09   0.00e+00 
 5.07530920630180e-09   0.00e+00 
 5.07585162137753e-09   0.00e+00 
 5.07639403899352e-09   0.00e+00 
 5.07693645914945e-09   0.00e+00 
 5.07747888184499e-09   0.00e+00 
 5.07802130707984e-09   0.00e+00 
 5.07856373485367e-09   0.00e+00 
 5.07910616516616e-09   0.00e+00 
 5.07964859801699e-09   0.00e+00 
 5.08019103340585e-09   0.00e+00 
 5.08073347133241e-09   0.00e+00 
 5.08127591179636e-09   0.00e+00 
 5.08181835479738e-09   0.00e+00 
 5.08236080033514e-09   0.00e+00 
 5.08290324840934e-09   0.00e+00 
 5.08344569901965e-09   0.00e+00 
 5.08398815216575e-09   0.00e+00 
 5.08453060784734e-09   0.00e+00 
 5.08507306606408e-09   0.00e+00 
 5.08561552681566e-09   0.00e+00 
 5.08615799010176e-09   0.00e+00 
 5.08670045592206e-09   0.00e+00 
 5.08724292427626e-09   0.00e+00 
 5.08778539516402e-09   0.00e+00 
 5.08832786858503e-09   0.00e+00 
 5.08887034453898e-09   0.00e+00 
 5.08941282302554e-09   0.00e+00 
 5.08995530404440e-09   0.00e+00 
 5.09049778759524e-09   0.00e+00 
 5.09104027367775e-09   0.00e+00 
 5.09158276229160e-09   0.00e+00 
 5.09212525343648e-09   0.00e+00 
 5.09266774711208e-09   0.00e+00 
 5.09321024331807e-09   0.00e+00 
 5.09375274205414e-09   0.00e+00 
 5.09429524331997e-09   0.00e+00 
 5.09483774711524e-09   0.00e+00 
 5.09538025343964e-09   0.00e+00 
 5.09592276229285e-09   0.00e+00 
 5.09646527367455e-09   0.00e+00 
 5.09700778758444e-09   0.00e+00 
 5.09755030402217e-09   0.00e+00 
 5.09809282298746e-09   0.00e+00 
 5.09863534447997e-09   0.00e+00 
 5.09917786849938e-09   0.00e+00 
 5.09972039504540e-09   0.00e+00 
 5.10026292411768e-09   0.00e+00 
 5.10080545571593e-09   0.00e+00 
 5.10134798983982e-09   0.00e+00 
 5.10189052648904e-09   0.00e+00 
 5.10243306566326e-09   0.00e+00 
 5.10297560736219e-09   0.00e+00 
 5.10351815158548e-09   0.00e+00 
 5.10406069833284e-09   0.00e+00 
 5.10460324760394e-09   0.00e+00 
 5.10514579939847e-09   0.00e+00 
 5.10568835371612e-09   0.00e+00 
 5.10623091055656e-09   0.00e+00 
 5.10677346991947e-09   0.00e+00 
 5.10731603180455e-09   0.00e+00 
 5.10785859621147e-09   0.00e+00 
 5.10840116313993e-09   0.00e+00 
 5.10894373258959e-09   0.00e+00 
 5.10948630456016e-09   0.00e+00 
 5.11002887905130e-09   0.00e+00 
 5.11057145606271e-09   0.00e+00 
 5.11111403559407e-09   0.00e+00 
 5.11165661764506e-09   0.00e+00 
 5.11219920221536e-09   0.00e+00 
 5.11274178930466e-09   0.00e+00 
 5.11328437891265e-09   0.00e+00 
 5.11382697103900e-09   0.00e+00 
 5.11436956568341e-09   0.00e+00 
 5.11491216284554e-09   0.00e+00 
 5.11545476252509e-09   0.00e+00 
 5.11599736472175e-09   0.00e+00 
 5.11653996943519e-09   0.00e+00 
 5.11708257666510e-09   0.00e+00 
 5.11762518641116e-09   0.00e+00 
 5.11816779867305e-09   0.00e+00 
 5.11871041345047e-09   0.00e+00 
 5.11925303074308e-09   0.00e+00 
 5.11979565055059e-09   0.00e+00 
 5.12033827287266e-09   0.00e+00 
 5.12088089770899e-09   0.00e+00 
 5.12142352505925e-09   0.00e+00 
 5.12196615492313e-09   0.00e+00 
 5.12250878730032e-09   0.00e+00 
 5.12305142219050e-09   0.00e+00 
 5.12359405959335e-09   0.00e+00 
 5.12413669950855e-09   0.00e+00 
 5.12467934193579e-09   0.00e+00 
 5.12522198687475e-09   0.00e+00 
 5.12576463432512e-09   0.00e+00 
 5.12630728428657e-09   0.00e+00 
 5.12684993675879e-09   0.00e+00 
 5.12739259174147e-09   0.00e+00 
 5.12793524923429e-09   0.00e+00 
 5.12847790923693e-09   0.00e+00 
 5.12902057174907e-09   0.00e+00 
 5.12956323677040e-09   0.00e+00 
 5.13010590430060e-09   0.00e+00 
 5.13064857433936e-09   0.00e+00 
 5.13119124688635e-09   0.00e+00 
 5.13173392194126e-09   0.00e+00 
 5.13227659950378e-09   0.00e+00 
 5.13281927957359e-09   0.00e+00 
 5.13336196215036e-09   0.00e+00 
 5.13390464723378e-09   0.00e+00 
 5.13444733482354e-09   0.00e+00 
 5.13499002491932e-09   0.00e+00 
 5.13553271752080e-09   0.00e+00 
 5.13607541262767e-09   0.00e+00 
 5.13661811023960e-09   0.00e+00 
 5.13716081035628e-09   0.00e+00 
 5.13770351297739e-09   0.00e+00 
 5.13824621810262e-09   0.00e+00 
 5.13878892573165e-09   0.00e+00 
 5.13933163586416e-09   0.00e+00 
 5.13987434849983e-09   0.00e+00 
 5.14041706363835e-09   0.00e+00 
 5.14095978127939e-09   0.00e+00 
 5.14150250142265e-09   0.00e+00 
 5.14204522406780e-09   0.00e+00 
 5.14258794921453e-09   0.00e+00 
 5.14313067686252e-09   0.00e+00 
 5.14367340701145e-09   0.00e+00 
 5.14421613966101e-09   0.00e+00 
 5.14475887481087e-09   0.00e+00 
 5.14530161246072e-09   0.00e+00 
 5.14584435261024e-09   0.00e+00 
 5.14638709525911e-09   0.00e+00 
 5.14692984040702e-09   0.00e+00 
 5.14747258805365e-09   0.00e+00 
 5.14801533819868e-09   0.00e+00 
 5.14855809084179e-09   0.00e+00 
 5.14910084598266e-09   0.00e+00 
 5.14964360362099e-09   0.00e+00 
 5.15018636375644e-09   0.00e+00 
 5.15072912638870e-09   0.00e+00 
 5.15127189151746e-09   0.00e+00 
 5.15181465914239e-09   0.00e+00 
 5.15235742926318e-09   0.00e+00 
 5.15290020187951e-09   0.00e+00 
 5.15344297699106e-09   0.00e+00 
 5.15398575459751e-09   0.00e+00 
 5.15452853469855e-09   0.00e+00 
 5.15507131729386e-09   0.00e+00 
 5.15561410238311e-09   0.00e+00 
 5.15615688996600e-09   0.00e+00 
 5.15669968004220e-09   0.00e+00 
 5.15724247261139e-09   0.00e+00 
 5.15778526767326e-09   0.00e+00 
 5.15832806522748e-09   0.00e+00 
 5.15887086527375e-09   0.00e+00 
 5.15941366781174e-09   0.00e+00 
 5.15995647284113e-09   0.00e+00 
 5.16049928036160e-09   0.00e+00 
 5.16104209037285e-09   0.00e+00 
 5.16158490287453e-09   0.00e+00 
 5.16212771786636e-09   0.00e+00 
 5.16267053534799e-09   0.00e+00 
 5.16321335531911e-09   0.00e+00 
 5.16375617777941e-09   0.00e+00 
 5.16429900272856e-09   0.00e+00 
 5.16484183016625e-09   0.00e+00 
 5.16538466009215e-09   0.00e+00 
 5.16592749250596e-09   0.00e+00 
 5.16647032740735e-09   0.00e+00 
 5.16701316479600e-09   0.00e+00 
 5.16755600467160e-09   0.00e+00 
 5.16809884703382e-09   0.00e+00 
 5.16864169188235e-09   0.00e+00 
 5.16918453921687e-09   0.00e+00 
 5.16972738903706e-09   0.00e+00 
 5.17027024134260e-09   0.00e+00 
 5.17081309613317e-09   0.00e+00 
 5.17135595340846e-09   0.00e+00 
 5.17189881316814e-09   0.00e+00 
 5.17244167541190e-09   0.00e+00 
 5.17298454013941e-09   0.00e+00 
 5.17352740735036e-09   0.00e+00 
 5.17407027704444e-09   0.00e+00 
 5.17461314922132e-09   0.00e+00 
 5.17515602388067e-09   0.00e+00 
 5.17569890102220e-09   0.00e+00 
 5.17624178064556e-09   0.00e+00 
 5.17678466275046e-09   0.00e+00 
 5.17732754733656e-09   0.00e+00 
 5.17787043440355e-09   0.00e+00 
 5.17841332395110e-09   0.00e+00 
 5.17895621597891e-09   0.00e+00 
 5.17949911048665e-09   0.00e+00 
 5.18004200747401e-09   0.00e+00 
 5.18058490694066e-09   0.00e+00 
 5.18112780888628e-09   0.00e+00 
 5.18167071331056e-09   0.00e+00 
 5.18221362021318e-09   0.00e+00 
 5.18275652959382e-09   0.00e+00 
 5.18329944145215e-09   0.00e+00 
 5.18384235578787e-09   0.00e+00 
 5.18438527260065e-09   0.00e+00 
 5.18492819189017e-09   0.00e+00 
 5.18547111365612e-09   0.00e+00 
 5.18601403789817e-09   0.00e+00 
 5.18655696461601e-09   0.00e+00 
 5.18709989380932e-09   0.00e+00 
 5.18764282547777e-09   0.00e+00 
 5.18818575962105e-09   0.00e+00 
 5.18872869623885e-09   0.00e+00 
 5.18927163533083e-09   0.00e+00 
 5.18981457689669e-09   0.00e+00 
 5.19035752093610e-09   0.00e+00 
 5.19090046744875e-09   0.00e+00 
 5.19144341643431e-09   0.00e+00 
 5.19198636789247e-09   0.00e+00 
 5.19252932182291e-09   0.00e+00 
 5.19307227822530e-09   0.00e+00 
 5.19361523709934e-09   0.00e+00 
 5.19415819844470e-09   0.00e+00 
 5.19470116226106e-09   0.00e+00 
 5.19524412854811e-09   0.00e+00 
 5.19578709730552e-09   0.00e+00 
 5.19633006853297e-09   0.00e+00 
 5.19687304223015e-09   0.00e+00 
 5.19741601839674e-09   0.00e+00 
 5.19795899703242e-09   0.00e+00 
 5.19850197813686e-09   0.00e+00 
 5.19904496170976e-09   0.00e+00 
 5.19958794775079e-09   0.00e+00 
 5.20013093625964e-09   0.00e+00 
 5.20067392723598e-09   0.00e+00 
 5.20121692067949e-09   0.00e+00 
 5.20175991658986e-09   0.00e+00 
 5.20230291496677e-09   0.00e+00 
 5.20284591580989e-09   0.00e+00 
 5.20338891911892e-09   0.00e+00 
 5.20393192489352e-09   0.00e+00 
 5.20447493313339e-09   0.00e+00 
 5.20501794383821e-09   0.00e+00 
 5.20556095700764e-09   0.00e+00 
 5.20610397264138e-09   0.00e+00 
 5.20664699073911e-09   0.00e+00 
 5.20719001130051e-09   0.00e+00 
 5.20773303432526e-09   0.00e+00 
 5.20827605981304e-09   0.00e+00 
 5.20881908776353e-09   0.00e+00 
 5.20936211817641e-09   0.00e+00 
 5.20990515105137e-09   0.00e+00 
 5.21044818638808e-09   0.00e+00 
 5.21099122418623e-09   0.00e+00 
 5.21153426444549e-09   0.00e+00 
 5.21207730716556e-09   0.00e+00 
 5.21262035234610e-09   0.00e+00 
 5.21316339998681e-09   0.00e+00 
 5.21370645008736e-09   0.00e+00 
 5.21424950264744e-09   0.00e+00 
 5.21479255766672e-09   0.00e+00 
 5.21533561514489e-09   0.00e+00 
 5.21587867508162e-09   0.00e+00 
 5.21642173747661e-09   0.00e+00 
 5.21696480232953e-09   0.00e+00 
 5.21750786964006e-09   0.00e+00 
 5.21805093940788e-09   0.00e+00 
 5.21859401163268e-09   0.00e+00 
 5.21913708631413e-09   0.00e+00 
 5.21968016345193e-09   0.00e+00 
 5.22022324304574e-09   0.00e+00 
 5.22076632509526e-09   0.00e+00 
 5.22130940960016e-09   0.00e+00 
 5.22185249656012e-09   0.00e+00 
 5.22239558597483e-09   0.00e+00 
 5.22293867784397e-09   0.00e+00 
 5.22348177216722e-09   0.00e+00 
 5.22402486894425e-09   0.00e+00 
 5.22456796817476e-09   0.00e+00 
 5.22511106985842e-09   0.00e+00 
 5.22565417399492e-09   0.00e+00 
 5.22619728058394e-09   0.00e+00 
 5.22674038962515e-09   0.00e+00 
 5.22728350111825e-09   0.00e+00 
 5.22782661506291e-09   0.00e+00 
 5.22836973145881e-09   0.00e+00 
 5.22891285030564e-09   0.00e+00 
 5.22945597160308e-09   0.00e+00 
 5.22999909535081e-09   0.00e+00 
 5.23054222154851e-09   0.00e+00 
 5.23108535019586e-09   0.00e+00 
 5.23162848129255e-09   0.00e+00 
 5.23217161483826e-09   0.00e+00 
 5.23271475083266e-09   0.00e+00 
 5.23325788927545e-09   0.00e+00 
 5.23380103016630e-09   0.00e+00 
 5.23434417350490e-09   0.00e+00 
 5.23488731929093e-09   0.00e+00 
 5.23543046752406e-09   0.00e+00 
 5.23597361820399e-09   0.00e+00 
 5.23651677133039e-09   0.00e+00 
 5.23705992690295e-09   0.00e+00 
 5.23760308492135e-09   0.00e+00 
 5.23814624538527e-09   0.00e+00 
 5.23868940829440e-09   0.00e+00 
 5.23923257364841e-09   0.00e+00 
 5.23977574144698e-09   0.00e+00 
 5.24031891168981e-09   0.00e+00 
 5.24086208437658e-09   0.00e+00 
 5.24140525950695e-09   0.00e+00 
 5.24194843708063e-09   0.00e+00 
 5.24249161709729e-09   0.00e+00 
 5.24303479955661e-09   0.00e+00 
 5.24357798445828e-09   0.00e+00 
 5.24412117180197e-09   0.00e+00 
 5.24466436158738e-09   0.00e+00 
 5.24520755381419e-09   0.00e+00 
 5.24575074848207e-09   0.00e+00 
 5.24629394559071e-09   0.00e+00 
 5.24683714513980e-09   0.00e+00 
 5.24738034712901e-09   0.00e+00 
 5.24792355155803e-09   0.00e+00 
 5.24846675842655e-09   0.00e+00 
 5.24900996773425e-09   0.00e+00 
 5.24955317948080e-09   0.00e+00 
 5.25009639366589e-09   0.00e+00 
 5.25063961028921e-09   0.00e+00 
 5.25118282935044e-09   0.00e+00 
 5.25172605084926e-09   0.00e+00 
 5.25226927478536e-09   0.00e+00 
 5.25281250115842e-09   0.00e+00 
 5.25335572996812e-09   0.00e+00 
 5.25389896121415e-09   0.00e+00 
 5.25444219489619e-09   0.00e+00 
 5.25498543101393e-09   0.00e+00 
 5.25552866956704e-09   0.00e+00 
 5.25607191055521e-09   0.00e+00 
 5.25661515397813e-09   0.00e+00 
 5.25715839983548e-09   0.00e+00 
 5.25770164812695e-09   0.00e+00 
 5.25824489885221e-09   0.00e+00 
 5.25878815201096e-09   0.00e+00 
 5.25933140760287e-09   0.00e+00 
 5.25987466562764e-09   0.00e+00 
 5.26041792608494e-09   0.00e+00 
 5.26096118897446e-09   0.00e+00 
 5.26150445429589e-09   0.00e+00 
 5.26204772204890e-09   0.00e+00 
 5.26259099223319e-09   0.00e+00 
 5.26313426484844e-09   0.00e+00 
 5.26367753989434e-09   0.00e+00 
 5.26422081737056e-09   0.00e+00 
 5.26476409727680e-09   0.00e+00 
 5.26530737961273e-09   0.00e+00 
 5.26585066437805e-09   0.00e+00 
 5.26639395157244e-09   0.00e+00 
 5.26693724119559e-09   0.00e+00 
 5.26748053324718e-09   0.00e+00 
 5.26802382772689e-09   0.00e+00 
 5.26856712463441e-09   0.00e+00 
 5.26911042396943e-09   0.00e+00 
 5.26965372573163e-09   0.00e+00 
 5.27019702992070e-09   0.00e+00 
 5.27074033653633e-09   0.00e+00 
 5.27128364557819e-09   0.00e+00 
 5.27182695704599e-09   0.00e+00 
 5.27237027093940e-09   0.00e+00 
 5.27291358725810e-09   0.00e+00 
 5.27345690600180e-09   0.00e+00 
 5.27400022717016e-09   0.00e+00 
 5.27454355076289e-09   0.00e+00 
 5.27508687677966e-09   0.00e+00 
 5.27563020522016e-09   0.00e+00 
 5.27617353608408e-09   0.00e+00 
 5.27671686937111e-09   0.00e+00 
 5.27726020508093e-09   0.00e+00 
 5.27780354321323e-09   0.00e+00 
 5.27834688376770e-09   0.00e+00 
 5.27889022674402e-09   0.00e+00 
 5.27943357214189e-09   0.00e+00 
 5.27997691996099e-09   0.00e+00 
 5.28052027020101e-09   0.00e+00 
 5.28106362286163e-09   0.00e+00 
 5.28160697794255e-09   0.00e+00 
 5.28215033544344e-09   0.00e+00 
 5.28269369536401e-09   0.00e+00 
 5.28323705770393e-09   0.00e+00 
 5.28378042246290e-09   0.00e+00 
 5.28432378964061e-09   0.00e+00 
 5.28486715923674e-09   0.00e+00 
 5.28541053125099e-09   0.00e+00 
 5.28595390568303e-09   0.00e+00 
 5.28649728253257e-09   0.00e+00 
 5.28704066179928e-09   0.00e+00 
 5.28758404348286e-09   0.00e+00 
 5.28812742758300e-09   0.00e+00 
 5.28867081409938e-09   0.00e+00 
 5.28921420303170e-09   0.00e+00 
 5.28975759437965e-09   0.00e+00 
 5.29030098814291e-09   0.00e+00 
 5.29084438432118e-09   0.00e+00 
 5.29138778291414e-09   0.00e+00 
 5.29193118392149e-09   0.00e+00 
 5.29247458734291e-09   0.00e+00 
 5.29301799317810e-09   0.00e+00 
 5.29356140142675e-09   0.00e+00 
 5.29410481208854e-09   0.00e+00 
 5.29464822516317e-09   0.00e+00 
 5.29519164065033e-09   0.00e+00 
 5.29573505854970e-09   0.00e+00 
 5.29627847886099e-09   0.00e+00 
 5.29682190158388e-09   0.00e+00 
 5.29736532671806e-09   0.00e+00 
 5.29790875426323e-09   0.00e+00 
 5.29845218421908e-09   0.00e+00 
 5.29899561658529e-09   0.00e+00 
 5.29953905136156e-09   0.00e+00 
 5.30008248854758e-09   0.00e+00 
 5.30062592814305e-09   0.00e+00 
 5.30116937014765e-09   0.00e+00 
 5.30171281456108e-09   0.00e+00 
 5.30225626138303e-09   0.00e+00 
 5.30279971061320e-09   0.00e+00 
 5.30334316225127e-09   0.00e+00 
 5.30388661629694e-09   0.00e+00 
 5.30443007274991e-09   0.00e+00 
 5.30497353160986e-09   0.00e+00 
 5.30551699287648e-09   0.00e+00 
 5.30606045654948e-09   0.00e+00 
 5.30660392262855e-09   0.00e+00 
 5.30714739111337e-09   0.00e+00 
 5.30769086200365e-09   0.00e+00 
 5.30823433529907e-09   0.00e+00 
 5.30877781099934e-09   0.00e+00 
 5.30932128910414e-09   0.00e+00 
 5.30986476961317e-09   0.00e+00 
 5.31040825252613e-09   0.00e+00 
 5.31095173784271e-09   0.00e+00 
 5.31149522556259e-09   0.00e+00 
 5.31203871568549e-09   0.00e+00 
 5.31258220821109e-09   0.00e+00 
 5.31312570313909e-09   0.00e+00 
 5.31366920046918e-09   0.00e+00 
 5.31421270020106e-09   0.00e+00 
 5.31475620233443e-09   0.00e+00 
 5.31529970686898e-09   0.00e+00 
 5.31584321380441e-09   0.00e+00 
 5.31638672314041e-09   0.00e+00 
 5.31693023487667e-09   0.00e+00 
 5.31747374901291e-09   0.00e+00 
 5.31801726554880e-09   0.00e+00 
 5.31856078448405e-09   0.00e+00 
 5.31910430581836e-09   0.00e+00 
 5.31964782955142e-09   0.00e+00 
 5.32019135568293e-09   0.00e+00 
 5.32073488421258e-09   0.00e+00 
 5.32127841514007e-09   0.00e+00 
 5.32182194846511e-09   0.00e+00 
 5.32236548418738e-09   0.00e+00 
 5.32290902230660e-09   0.00e+00 
 5.32345256282244e-09   0.00e+00 
 5.32399610573461e-09   0.00e+00 
 5.32453965104281e-09   0.00e+00 
 5.32508319874674e-09   0.00e+00 
 5.32562674884609e-09   0.00e+00 
 5.32617030134057e-09   0.00e+00 
 5.32671385622987e-09   0.00e+00 
 5.32725741351369e-09   0.00e+00 
 5.32780097319172e-09   0.00e+00 
 5.32834453526368e-09   0.00e+00 
 5.32888809972926e-09   0.00e+00 
 5.32943166658815e-09   0.00e+00 
 5.32997523584006e-09   0.00e+00 
 5.33051880748468e-09   0.00e+00 
 5.33106238152172e-09   0.00e+00 
 5.33160595795087e-09   0.00e+00 
 5.33214953677184e-09   0.00e+00 
 5.33269311798432e-09   0.00e+00 
 5.33323670158802e-09   0.00e+00 
 5.33378028758262e-09   0.00e+00 
 5.33432387596785e-09   0.00e+00 
 5.33486746674339e-09   0.00e+00 
 5.33541105990895e-09   0.00e+00 
 5.33595465546423e-09   0.00e+00 
 5.33649825340892e-09   0.00e+00 
 5.33704185374273e-09   0.00e+00 
 5.33758545646536e-09   0.00e+00 
 5.33812906157651e-09   0.00e+00 
 5.33867266907588e-09   0.00e+00 
 5.33921627896318e-09   0.00e+00 
 5.33975989123809e-09   0.00e+00 
 5.34030350590034e-09   0.00e+00 
 5.34084712294961e-09   0.00e+00 
 5.34139074238561e-09   0.00e+00 
 5.34193436420805e-09   0.00e+00 
 5.34247798841662e-09   0.00e+00 
 5.34302161501102e-09   0.00e+00 
 5.34356524399097e-09   0.00e+00 
 5.34410887535615e-09   0.00e+00 
 5.34465250910628e-09   0.00e+00 
 5.34519614524105e-09   0.00e+00 
 5.34573978376017e-09   0.00e+00 
 5.34628342466333e-09   0.00e+00 
 5.34682706795026e-09   0.00e+00 
 5.34737071362065e-09   0.00e+00 
 5.34791436167419e-09   0.00e+00 
 5.34845801211059e-09   0.00e+00 
 5.34900166492957e-09   0.00e+00 
 5.34954532013081e-09   0.00e+00 
 5.35008897771403e-09   0.00e+00 
 5.35063263767892e-09   0.00e+00 
 5.35117630002520e-09   0.00e+00 
 5.35171996475255e-09   0.00e+00 
 5.35226363186070e-09   0.00e+00 
 5.35280730134934e-09   0.00e+00 
 5.35335097321818e-09   0.00e+00 
 5.35389464746691e-09   0.00e+00 
 5.35443832409525e-09   0.00e+00 
 5.35498200310291e-09   0.00e+00 
 5.35552568448957e-09   0.00e+00 
 5.35606936825495e-09   0.00e+00 
 5.35661305439875e-09   0.00e+00 
 5.35715674292068e-09   0.00e+00 
 5.35770043382044e-09   0.00e+00 
 5.35824412709774e-09   0.00e+00 
 5.35878782275228e-09   0.00e+00 
 5.35933152078377e-09   0.00e+00 
 5.35987522119191e-09   0.00e+00 
 5.36041892397640e-09   0.00e+00 
 5.36096262913696e-09   0.00e+00 
 5.36150633667329e-09   0.00e+00 
 5.36205004658508e-09   0.00e+00 
 5.36259375887206e-09   0.00e+00 
 5.36313747353392e-09   0.00e+00 
 5.36368119057036e-09   0.00e+00 
 5.36422490998110e-09   0.00e+00 
 5.36476863176584e-09   0.00e+00 
 5.36531235592428e-09   0.00e+00 
 5.36585608245614e-09   0.00e+00 
 5.36639981136111e-09   0.00e+00 
 5.36694354263890e-09   0.00e+00 
 5.36748727628923e-09   0.00e+00 
 5.36803101231179e-09   0.00e+00 
 5.36857475070628e-09   0.00e+00 
 5.36911849147243e-09   0.00e+00 
 5.36966223460993e-09   0.00e+00 
 5.37020598011849e-09   0.00e+00 
 5.37074972799781e-09   0.00e+00 
 5.37129347824760e-09   0.00e+00 
 5.37183723086758e-09   0.00e+00 
 5.37238098585743e-09   0.00e+00 
 5.37292474321688e-09   0.00e+00 
 5.37346850294562e-09   0.00e+00 
 5.37401226504337e-09   0.00e+00 
 5.37455602950983e-09   0.00e+00 
 5.37509979634470e-09   0.00e+00 
 5.37564356554770e-09   0.00e+00 
 5.37618733711853e-09   0.00e+00 
 5.37673111105689e-09   0.00e+00 
 5.37727488736249e-09   0.00e+00 
 5.37781866603505e-09   0.00e+00 
 5.37836244707426e-09   0.00e+00 
 5.37890623047984e-09   0.00e+00 
 5.37945001625149e-09   0.00e+00 
 5.37999380438891e-09   0.00e+00 
 5.38053759489182e-09   0.00e+00 
 5.38108138775992e-09   0.00e+00 
 5.38162518299292e-09   0.00e+00 
 5.38216898059052e-09   0.00e+00 
 5.38271278055244e-09   0.00e+00 
 5.38325658287837e-09   0.00e+00 
 5.38380038756803e-09   0.00e+00 
 5.38434419462112e-09   0.00e+00 
 5.38488800403735e-09   0.00e+00 
 5.38543181581643e-09   0.00e+00 
 5.38597562995806e-09   0.00e+00 
 5.38651944646196e-09   0.00e+00 
 5.38706326532782e-09   0.00e+00 
 5.38760708655536e-09   0.00e+00 
 5.38815091014428e-09   0.00e+00 
 5.38869473609429e-09   0.00e+00 
 5.38923856440510e-09   0.00e+00 
 5.38978239507641e-09   0.00e+00 
 5.39032622810794e-09   0.00e+00 
 5.39087006349938e-09   0.00e+00 
 5.39141390125044e-09   0.00e+00 
 5.39195774136084e-09   0.00e+00 
 5.39250158383028e-09   0.00e+00 
 5.39304542865847e-09   0.00e+00 
 5.39358927584512e-09   0.00e+00 
 5.39413312538992e-09   0.00e+00 
 5.39467697729259e-09   0.00e+00 
 5.39522083155284e-09   0.00e+00 
 5.39576468817037e-09   0.00e+00 
 5.39630854714490e-09   0.00e+00 
 5.39685240847612e-09   0.00e+00 
 5.39739627216375e-09   0.00e+00 
 5.39794013820748e-09   0.00e+00 
 5.39848400660704e-09   0.00e+00 
 5.39902787736213e-09   0.00e+00 
 5.39957175047245e-09   0.00e+00 
 5.40011562593771e-09   0.00e+00 
 5.40065950375762e-09   0.00e+00 
 5.40120338393188e-09   0.00e+00 
 5.40174726646021e-09   0.00e+00 
 5.40229115134230e-09   0.00e+00 
 5.40283503857788e-09   0.00e+00 
 5.40337892816664e-09   0.00e+00 
 5.40392282010829e-09   0.00e+00 
 5.40446671440253e-09   0.00e+00 
 5.40501061104909e-09   0.00e+00 
 5.40555451004765e-09   0.00e+00 
 5.40609841139794e-09   0.00e+00 
 5.40664231509965e-09   0.00e+00 
 5.40718622115250e-09   0.00e+00 
 5.40773012955619e-09   0.00e+00 
 5.40827404031042e-09   0.00e+00 
 5.40881795341492e-09   0.00e+00 
 5.40936186886937e-09   0.00e+00 
 5.40990578667349e-09   0.00e+00 
 5.41044970682699e-09   0.00e+00 
 5.41099362932957e-09   0.00e+00 
 5.41153755418095e-09   0.00e+00 
 5.41208148138082e-09   0.00e+00 
 5.41262541092889e-09   0.00e+00 
 5.41316934282488e-09   0.00e+00 
 5.41371327706848e-09   0.00e+00 
 5.41425721365941e-09   0.00e+00 
 5.41480115259737e-09   0.00e+00 
 5.41534509388207e-09   0.00e+00 
 5.41588903751322e-09   0.00e+00 
 5.41643298349051e-09   0.00e+00 
 5.41697693181367e-09   0.00e+00 
 5.41752088248240e-09   0.00e+00 
 5.41806483549639e-09   0.00e+00 
 5.41860879085537e-09   0.00e+00 
 5.41915274855904e-09   0.00e+00 
 5.41969670860709e-09   0.00e+00 
 5.42024067099925e-09   0.00e+00 
 5.42078463573521e-09   0.00e+00 
 5.42132860281469e-09   0.00e+00 
 5.42187257223739e-09   0.00e+00 
 5.42241654400301e-09   0.00e+00 
 5.42296051811127e-09   0.00e+00 
 5.42350449456187e-09   0.00e+00 
 5.42404847335451e-09   0.00e+00 
 5.42459245448891e-09   0.00e+00 
 5.42513643796478e-09   0.00e+00 
 5.42568042378181e-09   0.00e+00 
 5.42622441193971e-09   0.00e+00 
 5.42676840243819e-09   0.00e+00 
 5.42731239527695e-09   0.00e+00 
 5.42785639045572e-09   0.00e+00 
 5.42840038797418e-09   0.00e+00 
 5.42894438783205e-09   0.00e+00 
 5.42948839002903e-09   0.00e+00 
 5.43003239456483e-09   0.00e+00 
 5.43057640143915e-09   0.00e+00 
 5.43112041065171e-09   0.00e+00 
 5.43166442220220e-09   0.00e+00 
 5.43220843609034e-09   0.00e+00 
 5.43275245231584e-09   0.00e+00 
 5.43329647087839e-09   0.00e+00 
 5.43384049177770e-09   0.00e+00 
 5.43438451501349e-09   0.00e+00 
 5.43492854058545e-09   0.00e+00 
 5.43547256849330e-09   0.00e+00 
 5.43601659873674e-09   0.00e+00 
 5.43656063131547e-09   0.00e+00 
 5.43710466622921e-09   0.00e+00 
 5.43764870347765e-09   0.00e+00 
 5.43819274306051e-09   0.00e+00 
 5.43873678497749e-09   0.00e+00 
 5.43928082922830e-09   0.00e+00 
 5.43982487581265e-09   0.00e+00 
 5.44036892473024e-09   0.00e+00 
 5.44091297598077e-09   0.00e+00 
 5.44145702956395e-09   0.00e+00 
 5.44200108547950e-09   0.00e+00 
 5.44254514372711e-09   0.00e+00 
 5.44308920430649e-09   0.00e+00 
 5.44363326721735e-09   0.00e+00 
 5.44417733245940e-09   0.00e+00 
 5.44472140003234e-09   0.00e+00 
 5.44526546993587e-09   0.00e+00 
 5.44580954216971e-09   0.00e+00 
 5.44635361673355e-09   0.00e+00 
 5.44689769362712e-09   0.00e+00 
 5.44744177285010e-09   0.00e+00 
 5.44798585440222e-09   0.00e+00 
 5.44852993828316e-09   0.00e+00 
 5.44907402449265e-09   0.00e+00 
 5.44961811303039e-09   0.00e+00 
 5.45016220389608e-09   0.00e+00 
 5.45070629708943e-09   0.00e+00 
 5.45125039261015e-09   0.00e+00 
 5.45179449045793e-09   0.00e+00 
 5.45233859063250e-09   0.00e+00 
 5.45288269313355e-09   0.00e+00 
 5.45342679796079e-09   0.00e+00 
 5.45397090511393e-09   0.00e+00 
 5.45451501459268e-09   0.00e+00 
 5.45505912639673e-09   0.00e+00 
 5.45560324052580e-09   0.00e+00 
 5.45614735697959e-09   0.00e+00 
 5.45669147575780e-09   0.00e+00 
 5.45723559686016e-09   0.00e+00 
 5.45777972028635e-09   0.00e+00 
 5.45832384603609e-09   0.00e+00 
 5.45886797410909e-09   0.00e+00 
 5.45941210450505e-09   0.00e+00 
 5.45995623722367e-09   0.00e+00 
 5.46050037226466e-09   0.00e+00 
 5.46104450962774e-09   0.00e+00 
 5.46158864931260e-09   0.00e+00 
 5.46213279131895e-09   0.00e+00 
 5.46267693564650e-09   0.00e+00 
 5.46322108229495e-09   0.00e+00 
 5.46376523126401e-09   0.00e+00 
 5.46430938255339e-09   0.00e+00 
 5.46485353616279e-09   0.00e+00 
 5.46539769209193e-09   0.00e+00 
 5.46594185034050e-09   0.00e+00 
 5.46648601090821e-09   0.00e+00 
 5.46703017379478e-09   0.00e+00 
 5.46757433899989e-09   0.00e+00 
 5.46811850652327e-09   0.00e+00 
 5.46866267636462e-09   0.00e+00 
 5.46920684852365e-09   0.00e+00 
 5.46975102300005e-09   0.00e+00 
 5.47029519979354e-09   0.00e+00 
 5.47083937890383e-09   0.00e+00 
 5.47138356033062e-09   0.00e+00 
 5.47192774407362e-09   0.00e+00 
 5.47247193013253e-09   0.00e+00 
 5.47301611850706e-09   0.00e+00 
 5.47356030919692e-09   0.00e+00 
 5.47410450220181e-09   0.00e+00 
 5.47464869752144e-09   0.00e+00 
 5.47519289515552e-09   0.00e+00 
 5.47573709510376e-09   0.00e+00 
 5.47628129736585e-09   0.00e+00 
 5.47682550194152e-09   0.00e+00 
 5.47736970883045e-09   0.00e+00 
 5.47791391803237e-09   0.00e+00 
 5.47845812954697e-09   0.00e+00 
 5.47900234337397e-09   0.00e+00 
 5.47954655951307e-09   0.00e+00 
 5.48009077796397e-09   0.00e+00 
 5.48063499872640e-09   0.00e+00 
 5.48117922180004e-09   0.00e+00 
 5.48172344718460e-09   0.00e+00 
 5.48226767487981e-09   0.00e+00 
 5.48281190488536e-09   0.00e+00 
 5.48335613720095e-09   0.00e+00 
 5.48390037182630e-09   0.00e+00 
 5.48444460876111e-09   0.00e+00 
 5.48498884800509e-09   0.00e+00 
 5.48553308955795e-09   0.00e+00 
 5.48607733341939e-09   0.00e+00 
 5.48662157958911e-09   0.00e+00 
 5.48716582806684e-09   0.00e+00 
 5.48771007885227e-09   0.00e+00 
 5.48825433194511e-09   0.00e+00 
 5.48879858734507e-09   0.00e+00 
 5.48934284505186e-09   0.00e+00 
 5.48988710506517e-09   0.00e+00 
 5.49043136738473e-09   0.00e+00 
 5.49097563201023e-09   0.00e+00 
 5.49151989894138e-09   0.00e+00 
 5.49206416817789e-09   0.00e+00 
 5.49260843971947e-09   0.00e+00 
 5.49315271356583e-09   0.00e+00 
 5.49369698971666e-09   0.00e+00 
 5.49424126817169e-09   0.00e+00 
 5.49478554893061e-09   0.00e+00 
 5.49532983199314e-09   0.00e+00 
 5.49587411735897e-09   0.00e+00 
 5.49641840502782e-09   0.00e+00 
 5.49696269499940e-09   0.00e+00 
 5.49750698727341e-09   0.00e+00 
 5.49805128184956e-09   0.00e+00 
 5.49859557872755e-09   0.00e+00 
 5.49913987790710e-09   0.00e+00 
 5.49968417938791e-09   0.00e+00 
 5.50022848316968e-09   0.00e+00 
 5.50077278925214e-09   0.00e+00 
 5.50131709763497e-09   0.00e+00 
 5.50186140831790e-09   0.00e+00 
 5.50240572130062e-09   0.00e+00 
 5.50295003658285e-09   0.00e+00 
 5.50349435416429e-09   0.00e+00 
 5.50403867404465e-09   0.00e+00 
 5.50458299622363e-09   0.00e+00 
 5.50512732070095e-09   0.00e+00 
 5.50567164747631e-09   0.00e+00 
 5.50621597654942e-09   0.00e+00 
 5.50676030791999e-09   0.00e+00 
 5.50730464158771e-09   0.00e+00 
 5.50784897755231e-09   0.00e+00 
 5.50839331581349e-09   0.00e+00 
 5.50893765637095e-09   0.00e+00 
 5.50948199922441e-09   0.00e+00 
 5.51002634437356e-09   0.00e+00 
 5.51057069181813e-09   0.00e+00 
 5.51111504155780e-09   0.00e+00 
 5.51165939359230e-09   0.00e+00 
 5.51220374792133e-09   0.00e+00 
 5.51274810454460e-09   0.00e+00 
 5.51329246346181e-09   0.00e+00 
 5.51383682467267e-09   0.00e+00 
 5.51438118817689e-09   0.00e+00 
 5.51492555397418e-09   0.00e+00 
 5.51546992206424e-09   0.00e+00 
 5.51601429244678e-09   0.00e+00 
 5.51655866512151e-09   0.00e+00 
 5.51710304008814e-09   0.00e+00 
 5.51764741734636e-09   0.00e+00 
 5.51819179689590e-09   0.00e+00 
 5.51873617873645e-09   0.00e+00 
 5.51928056286773e-09   0.00e+00 
 5.51982494928944e-09   0.00e+00 
 5.52036933800129e-09   0.00e+00 
 5.52091372900299e-09   0.00e+00 
 5.52145812229424e-09   0.00e+00 
 5.52200251787475e-09   0.00e+00 
 5.52254691574423e-09   0.00e+00 
 5.52309131590238e-09   0.00e+00 
 5.52363571834892e-09   0.00e+00 
 5.52418012308355e-09   0.00e+00 
 5.52472453010597e-09   0.00e+00 
 5.52526893941590e-09   0.00e+00 
 5.52581335101304e-09   0.00e+00 
 5.52635776489709e-09   0.00e+00 
 5.52690218106777e-09   0.00e+00 
 5.52744659952478e-09   0.00e+00 
 5.52799102026783e-09   0.00e+00 
 5.52853544329663e-09   0.00e+00 
 5.52907986861088e-09   0.00e+00 
 5.52962429621029e-09   0.00e+00 
 5.53016872609456e-09   0.00e+00 
 5.53071315826341e-09   0.00e+00 
 5.53125759271654e-09   0.00e+00 
 5.53180202945366e-09   0.00e+00 
 5.53234646847447e-09   0.00e+00 
 5.53289090977868e-09   0.00e+00 
 5.53343535336600e-09   0.00e+00 
 5.53397979923613e-09   0.00e+00 
 5.53452424738878e-09   0.00e+00 
 5.53506869782366e-09   0.00e+00 
 5.53561315054048e-09   0.00e+00 
 5.53615760553893e-09   0.00e+00 
 5.53670206281873e-09   0.00e+00 
 5.53724652237959e-09   0.00e+00 
 5.53779098422121e-09   0.00e+00 
 5.53833544834329e-09   0.00e+00 
 5.53887991474554e-09   0.00e+00 
 5.53942438342768e-09   0.00e+00 
 5.53996885438940e-09   0.00e+00 
 5.54051332763041e-09   0.00e+00 
 5.54105780315042e-09   0.00e+00 
 5.54160228094913e-09   0.00e+00 
 5.54214676102626e-09   0.00e+00 
 5.54269124338150e-09   0.00e+00 
 5.54323572801456e-09   0.00e+00 
 5.54378021492515e-09   0.00e+00 
 5.54432470411298e-09   0.00e+00 
 5.54486919557775e-09   0.00e+00 
 5.54541368931916e-09   0.00e+00 
 5.54595818533692e-09   0.00e+00 
 5.54650268363075e-09   0.00e+00 
 5.54704718420033e-09   0.00e+00 
 5.54759168704539e-09   0.00e+00 
 5.54813619216562e-09   0.00e+00 
 5.54868069956073e-09   0.00e+00 
 5.54922520923043e-09   0.00e+00 
 5.54976972117442e-09   0.00e+00 
 5.55031423539241e-09   0.00e+00 
 5.55085875188410e-09   0.00e+00 
 5.55140327064919e-09   0.00e+00 
 5.55194779168740e-09   0.00e+00 
 5.55249231499843e-09   0.00e+00 
 5.55303684058199e-09   0.00e+00 
 5.55358136843777e-09   0.00e+00 
 5.55412589856549e-09   0.00e+00 
 5.55467043096484e-09   0.00e+00 
 5.55521496563554e-09   0.00e+00 
 5.55575950257729e-09   0.00e+00 
 5.55630404178979e-09   0.00e+00 
 5.55684858327276e-09   0.00e+00 
 5.55739312702588e-09   0.00e+00 
 5.55793767304887e-09   0.00e+00 
 5.55848222134144e-09   0.00e+00 
 5.55902677190329e-09   0.00e+00 
 5.55957132473412e-09   0.00e+00 
 5.56011587983363e-09   0.00e+00 
 5.56066043720154e-09   0.00e+00 
 5.56120499683754e-09   0.00e+00 
 5.56174955874134e-09   0.00e+00 
 5.56229412291264e-09   0.00e+00 
 5.56283868935115e-09   0.00e+00 
 5.56338325805658e-09   0.00e+00 
 5.56392782902862e-09   0.00e+00 
 5.56447240226698e-09   0.00e+00 
 5.56501697777137e-09   0.00e+00 
 5.56556155554148e-09   0.00e+00 
 5.56610613557703e-09   0.00e+00 
 5.56665071787772e-09   0.00e+00 
 5.56719530244324e-09   0.00e+00 
 5.56773988927331e-09   0.00e+00 
 5.56828447836763e-09   0.00e+00 
 5.56882906972590e-09   0.00e+00 
 5.56937366334782e-09   0.00e+00 
 5.56991825923310e-09   0.00e+00 
 5.57046285738145e-09   0.00e+00 
 5.57100745779255e-09   0.00e+00 
 5.57155206046613e-09   0.00e+00 
 5.57209666540188e-09   0.00e+00 
 5.57264127259950e-09   0.00e+00 
 5.57318588205870e-09   0.00e+00 
 5.57373049377919e-09   0.00e+00 
 5.57427510776065e-09   0.00e+00 
 5.57481972400281e-09   0.00e+00 
 5.57536434250535e-09   0.00e+00 
 5.57590896326798e-09   0.00e+00 
 5.57645358629041e-09   0.00e+00 
 5.57699821157234e-09   0.00e+00 
 5.57754283911347e-09   0.00e+00 
 5.57808746891351e-09   0.00e+00 
 5.57863210097215e-09   0.00e+00 
 5.57917673528910e-09   0.00e+00 
 5.57972137186406e-09   0.00e+00 
 5.58026601069673e-09   0.00e+00 
 5.58081065178682e-09   0.00e+00 
 5.58135529513403e-09   0.00e+00 
 5.58189994073806e-09   0.00e+00 
 5.58244458859861e-09   0.00e+00 
 5.58298923871538e-09   0.00e+00 
 5.58353389108809e-09   0.00e+00 
 5.58407854571642e-09   0.00e+00 
 5.58462320260009e-09   0.00e+00 
 5.58516786173878e-09   0.00e+00 
 5.58571252313221e-09   0.00e+00 
 5.58625718678008e-09   0.00e+00 
 5.58680185268208e-09   0.00e+00 
 5.58734652083793e-09   0.00e+00 
 5.58789119124732e-09   0.00e+00 
 5.58843586390995e-09   0.00e+00 
 5.58898053882553e-09   0.00e+00 
 5.58952521599375e-09   0.00e+00 
 5.59006989541433e-09   0.00e+00 
 5.59061457708695e-09   0.00e+00 
 5.59115926101132e-09   0.00e+00 
 5.59170394718714e-09   0.00e+00 
 5.59224863561413e-09   0.00e+00 
 5.59279332629196e-09   0.00e+00 
 5.59333801922035e-09   0.00e+00 
 5.59388271439900e-09   0.00e+00 
 5.59442741182761e-09   0.00e+00 
 5.59497211150587e-09   0.00e+00 
 5.59551681343350e-09   0.00e+00 
 5.59606151761019e-09   0.00e+00 
 5.59660622403564e-09   0.00e+00 
 5.59715093270956e-09   0.00e+00 
 5.59769564363163e-09   0.00e+00 
 5.59824035680158e-09   0.00e+00 
 5.59878507221909e-09   0.00e+00 
 5.59932978988387e-09   0.00e+00 
 5.59987450979561e-09   0.00e+00 
 5.60041923195402e-09   0.00e+00 
 5.60096395635881e-09   0.00e+00 
 5.60150868300966e-09   0.00e+00 
 5.60205341190628e-09   0.00e+00 
 5.60259814304838e-09   0.00e+00 
 5.60314287643564e-09   0.00e+00 
 5.60368761206778e-09   0.00e+00 
 5.60423234994448e-09   0.00e+00 
 5.60477709006547e-09   0.00e+00 
 5.60532183243042e-09   0.00e+00 
 5.60586657703905e-09   0.00e+00 
 5.60641132389105e-09   0.00e+00 
 5.60695607298613e-09   0.00e+00 
 5.60750082432398e-09   0.00e+00 
 5.60804557790430e-09   0.00e+00 
 5.60859033372680e-09   0.00e+00 
 5.60913509179117e-09   0.00e+00 
 5.60967985209712e-09   0.00e+00 
 5.61022461464435e-09   0.00e+00 
 5.61076937943255e-09   0.00e+00 
 5.61131414646143e-09   0.00e+00 
 5.61185891573068e-09   0.00e+00 
 5.61240368724001e-09   0.00e+00 
 5.61294846098911e-09   0.00e+00 
 5.61349323697769e-09   0.00e+00 
 5.61403801520545e-09   0.00e+00 
 5.61458279567208e-09   0.00e+00 
 5.61512757837728e-09   0.00e+00 
 5.61567236332077e-09   0.00e+00 
 5.61621715050222e-09   0.00e+00 
 5.61676193992136e-09   0.00e+00 
 5.61730673157786e-09   0.00e+00 
 5.61785152547145e-09   0.00e+00 
 5.61839632160180e-09   0.00e+00 
 5.61894111996864e-09   0.00e+00 
 5.61948592057165e-09   0.00e+00 
 5.62003072341053e-09   0.00e+00 
 5.62057552848499e-09   0.00e+00 
 5.62112033579472e-09   0.00e+00 
 5.62166514533942e-09   0.00e+00 
 5.62220995711880e-09   0.00e+00 
 5.62275477113255e-09   0.00e+00 
 5.62329958738038e-09   0.00e+00 
 5.62384440586198e-09   0.00e+00 
 5.62438922657705e-09   0.00e+00 
 5.62493404952529e-09   0.00e+00 
 5.62547887470641e-09   0.00e+00 
 5.62602370212009e-09   0.00e+00 
 5.62656853176606e-09   0.00e+00 
 5.62711336364399e-09   0.00e+00 
 5.62765819775359e-09   0.00e+00 
 5.62820303409456e-09   0.00e+00 
 5.62874787266660e-09   0.00e+00 
 5.62929271346942e-09   0.00e+00 
 5.62983755650270e-09   0.00e+00 
 5.63038240176615e-09   0.00e+00 
 5.63092724925947e-09   0.00e+00 
 5.63147209898236e-09   0.00e+00 
 5.63201695093452e-09   0.00e+00 
 5.63256180511565e-09   0.00e+00 
 5.63310666152544e-09   0.00e+00 
 5.63365152016361e-09   0.00e+00 
 5.63419638102984e-09   0.00e+00 
 5.63474124412383e-09   0.00e+00 
 5.63528610944530e-09   0.00e+00 
 5.63583097699393e-09   0.00e+00 
 5.63637584676942e-09   0.00e+00 
 5.63692071877148e-09   0.00e+00 
 5.63746559299981e-09   0.00e+00 
 5.63801046945411e-09   0.00e+00 
 5.63855534813406e-09   0.00e+00 
 5.63910022903939e-09   0.00e+00 
 5.63964511216978e-09   0.00e+00 
 5.64018999752493e-09   0.00e+00 
 5.64073488510455e-09   0.00e+00 
 5.64127977490833e-09   0.00e+00 
 5.64182466693598e-09   0.00e+00 
 5.64236956118718e-09   0.00e+00 
 5.64291445766166e-09   0.00e+00 
 5.64345935635910e-09   0.00e+00 
 5.64400425727919e-09   0.00e+00 
 5.64454916042166e-09   0.00e+00 
 5.64509406578618e-09   0.00e+00 
 5.64563897337247e-09   0.00e+00 
 5.64618388318022e-09   0.00e+00 
 5.64672879520914e-09   0.00e+00 
 5.64727370945892e-09   0.00e+00 
 5.64781862592926e-09   0.00e+00 
 5.64836354461986e-09   0.00e+00 
 5.64890846553043e-09   0.00e+00 
 5.64945338866066e-09   0.00e+00 
 5.64999831401025e-09   0.00e+00 
 5.65054324157891e-09   0.00e+00 
 5.65108817136633e-09   0.00e+00 
 5.65163310337221e-09   0.00e+00 
 5.65217803759625e-09   0.00e+00 
 5.65272297403816e-09   0.00e+00 
 5.65326791269763e-09   0.00e+00 
 5.65381285357437e-09   0.00e+00 
 5.65435779666807e-09   0.00e+00 
 5.65490274197843e-09   0.00e+00 
 5.65544768950516e-09   0.00e+00 
 5.65599263924796e-09   0.00e+00 
 5.65653759120651e-09   0.00e+00 
 5.65708254538054e-09   0.00e+00 
 5.65762750176973e-09   0.00e+00 
 5.65817246037379e-09   0.00e+00 
 5.65871742119241e-09   0.00e+00 
 5.65926238422530e-09   0.00e+00 
 5.65980734947216e-09   0.00e+00 
 5.66035231693268e-09   0.00e+00 
 5.66089728660658e-09   0.00e+00 
 5.66144225849354e-09   0.00e+00 
 5.66198723259328e-09   0.00e+00 
 5.66253220890548e-09   0.00e+00 
 5.66307718742986e-09   0.00e+00 
 5.66362216816611e-09   0.00e+00 
 5.66416715111394e-09   0.00e+00 
 5.66471213627303e-09   0.00e+00 
 5.66525712364310e-09   0.00e+00 
 5.66580211322385e-09   0.00e+00 
 5.66634710501497e-09   0.00e+00 
 5.66689209901617e-09   0.00e+00 
 5.66743709522715e-09   0.00e+00 
 5.66798209364760e-09   0.00e+00 
 5.66852709427724e-09   0.00e+00 
 5.66907209711576e-09   0.00e+00 
 5.66961710216286e-09   0.00e+00 
 5.67016210941824e-09   0.00e+00 
 5.67070711888161e-09   0.00e+00 
 5.67125213055266e-09   0.00e+00 
 5.67179714443110e-09   0.00e+00 
 5.67234216051663e-09   0.00e+00 
 5.67288717880895e-09   0.00e+00 
 5.67343219930777e-09   0.00e+00 
 5.67397722201277e-09   0.00e+00 
 5.67452224692367e-09   0.00e+00 
 5.67506727404017e-09   0.00e+00 
 5.67561230336196e-09   0.00e+00 
 5.67615733488875e-09   0.00e+00 
 5.67670236862025e-09   0.00e+00 
 5.67724740455614e-09   0.00e+00 
 5.67779244269614e-09   0.00e+00 
 5.67833748303995e-09   0.00e+00 
 5.67888252558727e-09   0.00e+00 
 5.67942757033780e-09   0.00e+00 
 5.67997261729124e-09   0.00e+00 
 5.68051766644729e-09   0.00e+00 
 5.68106271780566e-09   0.00e+00 
 5.68160777136605e-09   0.00e+00 
 5.68215282712816e-09   0.00e+00 
 5.68269788509169e-09   0.00e+00 
 5.68324294525635e-09   0.00e+00 
 5.68378800762184e-09   0.00e+00 
 5.68433307218786e-09   0.00e+00 
 5.68487813895411e-09   0.00e+00 
 5.68542320792030e-09   0.00e+00 
 5.68596827908613e-09   0.00e+00 
 5.68651335245129e-09   0.00e+00 
 5.68705842801551e-09   0.00e+00 
 5.68760350577846e-09   0.00e+00 
 5.68814858573987e-09   0.00e+00 
 5.68869366789944e-09   0.00e+00 
 5.68923875225686e-09   0.00e+00 
 5.68978383881183e-09   0.00e+00 
 5.69032892756407e-09   0.00e+00 
 5.69087401851328e-09   0.00e+00 
 5.69141911165915e-09   0.00e+00 
 5.69196420700140e-09   0.00e+00 
 5.69250930453973e-09   0.00e+00 
 5.69305440427383e-09   0.00e+00 
 5.69359950620342e-09   0.00e+00 
 5.69414461032819e-09   0.00e+00 
 5.69468971664786e-09   0.00e+00 
 5.69523482516212e-09   0.00e+00 
 5.69577993587068e-09   0.00e+00 
 5.69632504877324e-09   0.00e+00 
 5.69687016386950e-09   0.00e+00 
 5.69741528115918e-09   0.00e+00 
 5.69796040064197e-09   0.00e+00 
 5.69850552231759e-09   0.00e+00 
 5.69905064618573e-09   0.00e+00 
 5.69959577224609e-09   0.00e+00 
 5.70014090049839e-09   0.00e+00 
 5.70068603094233e-09   0.00e+00 
 5.70123116357760e-09   0.00e+00 
 5.70177629840393e-09   0.00e+00 
 5.70232143542101e-09   0.00e+00 
 5.70286657462855e-09   0.00e+00 
 5.70341171602625e-09   0.00e+00 
 5.70395685961381e-09   0.00e+00 
 5.70450200539095e-09   0.00e+00 
 5.70504715335737e-09   0.00e+00 
 5.70559230351277e-09   0.00e+00 
 5.70613745585687e-09   0.00e+00 
 5.70668261038936e-09   0.00e+00 
 5.70722776710995e-09   0.00e+00 
 5.70777292601834e-09   0.00e+00 
 5.70831808711426e-09   0.00e+00 
 5.70886325039739e-09   0.00e+00 
 5.70940841586744e-09   0.00e+00 
 5.70995358352413e-09   0.00e+00 
 5.71049875336716e-09   0.00e+00 
 5.71104392539623e-09   0.00e+00 
 5.71158909961105e-09   0.00e+00 
 5.71213427601133e-09   0.00e+00 
 5.71267945459677e-09   0.00e+00 
 5.71322463536709e-09   0.00e+00 
 5.71376981832199e-09   0.00e+00 
 5.71431500346117e-09   0.00e+00 
 5.71486019078435e-09   0.00e+00 
 5.71540538029123e-09   0.00e+00 
 5.71595057198151e-09   0.00e+00 
 5.71649576585491e-09   0.00e+00 
 5.71704096191114e-09   0.00e+00 
 5.71758616014990e-09   0.00e+00 
 5.71813136057090e-09   0.00e+00 
 5.71867656317384e-09   0.00e+00 
 5.71922176795844e-09   0.00e+00 
 5.71976697492441e-09   0.00e+00 
 5.72031218407144e-09   0.00e+00 
 5.72085739539926e-09   0.00e+00 
 5.72140260890757e-09   0.00e+00 
 5.72194782459608e-09   0.00e+00 
 5.72249304246449e-09   0.00e+00 
 5.72303826251252e-09   0.00e+00 
 5.72358348473988e-09   0.00e+00 
 5.72412870914628e-09   0.00e+00 
 5.72467393573141e-09   0.00e+00 
 5.72521916449500e-09   0.00e+00 
 5.72576439543676e-09   0.00e+00 
 5.72630962855639e-09   0.00e+00 
 5.72685486385360e-09   0.00e+00 
 5.72740010132811e-09   0.00e+00 
 5.72794534097962e-09   0.00e+00 
 5.72849058280784e-09   0.00e+00 
 5.72903582681249e-09   0.00e+00 
 5.72958107299327e-09   0.00e+00 
 5.73012632134990e-09   0.00e+00 
 5.73067157188209e-09   0.00e+00 
 5.73121682458954e-09   0.00e+00 
 5.73176207947198e-09   0.00e+00 
 5.73230733652910e-09   0.00e+00 
 5.73285259576063e-09   0.00e+00 
 5.73339785716627e-09   0.00e+00 
 5.73394312074573e-09   0.00e+00 
 5.73448838649873e-09   0.00e+00 
 5.73503365442498e-09   0.00e+00 
 5.73557892452420e-09   0.00e+00 
 5.73612419679608e-09   0.00e+00 
 5.73666947124035e-09   0.00e+00 
 5.73721474785672e-09   0.00e+00 
 5.73776002664490e-09   0.00e+00 
 5.73830530760461e-09   0.00e+00 
 5.73885059073555e-09   0.00e+00 
 5.73939587603744e-09   0.00e+00 
 5.73994116351000e-09   0.00e+00 
 5.74048645315293e-09   0.00e+00 
 5.74103174496596e-09   0.00e+00 
 5.74157703894878e-09   0.00e+00 
 5.74212233510113e-09   0.00e+00 
 5.74266763342271e-09   0.00e+00 
 5.74321293391323e-09   0.00e+00 
 5.74375823657241e-09   0.00e+00 
 5.74430354139997e-09   0.00e+00 
 5.74484884839563e-09   0.00e+00 
 5.74539415755908e-09   0.00e+00 
 5.74593946889006e-09   0.00e+00 
 5.74648478238827e-09   0.00e+00 
 5.74703009805342e-09   0.00e+00 
 5.74757541588525e-09   0.00e+00 
 5.74812073588345e-09   0.00e+00 
 5.74866605804776e-09   0.00e+00 
 5.74921138237787e-09   0.00e+00 
 5.74975670887352e-09   0.00e+00 
 5.75030203753441e-09   0.00e+00 
 5.75084736836026e-09   0.00e+00 
 5.75139270135080e-09   0.00e+00 
 5.75193803650572e-09   0.00e+00 
 5.75248337382476e-09   0.00e+00 
 5.75302871330762e-09   0.00e+00 
 5.75357405495403e-09   0.00e+00 
 5.75411939876371e-09   0.00e+00 
 5.75466474473636e-09   0.00e+00 
 5.75521009287172e-09   0.00e+00 
 5.75575544316948e-09   0.00e+00 
 5.75630079562939e-09   0.00e+00 
 5.75684615025114e-09   0.00e+00 
 5.75739150703447e-09   0.00e+00 
 5.75793686597908e-09   0.00e+00 
 5.75848222708470e-09   0.00e+00 
 5.75902759035104e-09   0.00e+00 
 5.75957295577783e-09   0.00e+00 
 5.76011832336479e-09   0.00e+00 
 5.76066369311163e-09   0.00e+00 
 5.76120906501807e-09   0.00e+00 
 5.76175443908383e-09   0.00e+00 
 5.76229981530864e-09   0.00e+00 
 5.76284519369221e-09   0.00e+00 
 5.76339057423425e-09   0.00e+00 
 5.76393595693450e-09   0.00e+00 
 5.76448134179268e-09   0.00e+00 
 5.76502672880850e-09   0.00e+00 
 5.76557211798168e-09   0.00e+00 
 5.76611750931195e-09   0.00e+00 
 5.76666290279902e-09   0.00e+00 
 5.76720829844262e-09   0.00e+00 
 5.76775369624246e-09   0.00e+00 
 5.76829909619828e-09   0.00e+00 
 5.76884449830979e-09   0.00e+00 
 5.76938990257671e-09   0.00e+00 
 5.76993530899876e-09   0.00e+00 
 5.77048071757567e-09   0.00e+00 
 5.77102612830717e-09   0.00e+00 
 5.77157154119296e-09   0.00e+00 
 5.77211695623278e-09   0.00e+00 
 5.77266237342635e-09   0.00e+00 
 5.77320779277338e-09   0.00e+00 
 5.77375321427361e-09   0.00e+00 
 5.77429863792676e-09   0.00e+00 
 5.77484406373254e-09   0.00e+00 
 5.77538949169069e-09   0.00e+00 
 5.77593492180093e-09   0.00e+00 
 5.77648035406298e-09   0.00e+00 
 5.77702578847656e-09   0.00e+00 
 5.77757122504141e-09   0.00e+00 
 5.77811666375723e-09   0.00e+00 
 5.77866210462377e-09   0.00e+00 
 5.77920754764074e-09   0.00e+00 
 5.77975299280786e-09   0.00e+00 
 5.78029844012487e-09   0.00e+00 
 5.78084388959149e-09   0.00e+00 
 5.78138934120744e-09   0.00e+00 
 5.78193479497245e-09   0.00e+00 
 5.78248025088624e-09   0.00e+00 
 5.78302570894854e-09   0.00e+00 
 5.78357116915908e-09   0.00e+00 
 5.78411663151758e-09   0.00e+00 
 5.78466209602377e-09   0.00e+00 
 5.78520756267738e-09   0.00e+00 
 5.78575303147812e-09   0.00e+00 
 5.78629850242573e-09   0.00e+00 
 5.78684397551994e-09   0.00e+00 
 5.78738945076047e-09   0.00e+00 
 5.78793492814704e-09   0.00e+00 
 5.78848040767939e-09   0.00e+00 
 5.78902588935725e-09   0.00e+00 
 5.78957137318033e-09   0.00e+00 
 5.79011685914837e-09   0.00e+00 
 5.79066234726110e-09   0.00e+00 
 5.79120783751824e-09   0.00e+00 
 5.79175332991952e-09   0.00e+00 
 5.79229882446468e-09   0.00e+00 
 5.79284432115343e-09   0.00e+00 
 5.79338981998550e-09   0.00e+00 
 5.79393532096063e-09   0.00e+00 
 5.79448082407855e-09   0.00e+00 
 5.79502632933898e-09   0.00e+00 
 5.79557183674166e-09   0.00e+00 
 5.79611734628630e-09   0.00e+00 
 5.79666285797264e-09   0.00e+00 
 5.79720837180042e-09   0.00e+00 
 5.79775388776935e-09   0.00e+00 
 5.79829940587917e-09   0.00e+00 
 5.79884492612962e-09   0.00e+00 
 5.79939044852041e-09   0.00e+00 
 5.79993597305128e-09   0.00e+00 
 5.80048149972195e-09   0.00e+00 
 5.80102702853217e-09   0.00e+00 
 5.80157255948166e-09   0.00e+00 
 5.80211809257015e-09   0.00e+00 
 5.80266362779737e-09   0.00e+00 
 5.80320916516305e-09   0.00e+00 
 5.80375470466692e-09   0.00e+00 
 5.80430024630872e-09   0.00e+00 
 5.80484579008818e-09   0.00e+00 
 5.80539133600502e-09   0.00e+00 
 5.80593688405898e-09   0.00e+00 
 5.80648243424978e-09   0.00e+00 
 5.80702798657718e-09   0.00e+00 
 5.80757354104088e-09   0.00e+00 
 5.80811909764063e-09   0.00e+00 
 5.80866465637615e-09   0.00e+00 
 5.80921021724719e-09   0.00e+00 
 5.80975578025347e-09   0.00e+00 
 5.81030134539471e-09   0.00e+00 
 5.81084691267067e-09   0.00e+00 
 5.81139248208107e-09   0.00e+00 
 5.81193805362563e-09   0.00e+00 
 5.81248362730410e-09   0.00e+00 
 5.81302920311620e-09   0.00e+00 
 5.81357478106168e-09   0.00e+00 
 5.81412036114025e-09   0.00e+00 
 5.81466594335167e-09   0.00e+00 
 5.81521152769565e-09   0.00e+00 
 5.81575711417193e-09   0.00e+00 
 5.81630270278026e-09   0.00e+00 
 5.81684829352035e-09   0.00e+00 
 5.81739388639194e-09   0.00e+00 
 5.81793948139477e-09   0.00e+00 
 5.81848507852857e-09   0.00e+00 
 5.81903067779308e-09   0.00e+00 
 5.81957627918802e-09   0.00e+00 
 5.82012188271315e-09   0.00e+00 
 5.82066748836817e-09   0.00e+00 
 5.82121309615284e-09   0.00e+00 
 5.82175870606688e-09   0.00e+00 
 5.82230431811004e-09   0.00e+00 
 5.82284993228204e-09   0.00e+00 
 5.82339554858262e-09   0.00e+00 
 5.82394116701151e-09   0.00e+00 
 5.82448678756846e-09   0.00e+00 
 5.82503241025318e-09   0.00e+00 
 5.82557803506543e-09   0.00e+00 
 5.82612366200493e-09   0.00e+00 
 5.82666929107142e-09   0.00e+00 
 5.82721492226463e-09   0.00e+00 
 5.82776055558430e-09   0.00e+00 
 5.82830619103017e-09   0.00e+00 
 5.82885182860197e-09   0.00e+00 
 5.82939746829944e-09   0.00e+00 
 5.82994311012230e-09   0.00e+00 
 5.83048875407031e-09   0.00e+00 
 5.83103440014319e-09   0.00e+00 
 5.83158004834068e-09   0.00e+00 
 5.83212569866251e-09   0.00e+00 
 5.83267135110843e-09   0.00e+00 
 5.83321700567816e-09   0.00e+00 
 5.83376266237145e-09   0.00e+00 
 5.83430832118802e-09   0.00e+00 
 5.83485398212762e-09   0.00e+00 
 5.83539964518998e-09   0.00e+00 
 5.83594531037484e-09   0.00e+00 
 5.83649097768194e-09   0.00e+00 
 5.83703664711101e-09   0.00e+00 
 5.83758231866178e-09   0.00e+00 
 5.83812799233400e-09   0.00e+00 
 5.83867366812740e-09   0.00e+00 
 5.83921934604172e-09   0.00e+00 
 5.83976502607670e-09   0.00e+00 
 5.84031070823206e-09   0.00e+00 
 5.84085639250755e-09   0.00e+00 
 5.84140207890292e-09   0.00e+00 
 5.84194776741788e-09   0.00e+00 
 5.84249345805218e-09   0.00e+00 
 5.84303915080557e-09   0.00e+00 
 5.84358484567776e-09   0.00e+00 
 5.84413054266851e-09   0.00e+00 
 5.84467624177755e-09   0.00e+00 
 5.84522194300461e-09   0.00e+00 
 5.84576764634943e-09   0.00e+00 
 5.84631335181176e-09   0.00e+00 
 5.84685905939133e-09   0.00e+00 
 5.84740476908787e-09   0.00e+00 
 5.84795048090113e-09   0.00e+00 
 5.84849619483084e-09   0.00e+00 
 5.84904191087674e-09   0.00e+00 
 5.84958762903857e-09   0.00e+00 
 5.85013334931607e-09   0.00e+00 
 5.85067907170896e-09   0.00e+00 
 5.85122479621700e-09   0.00e+00 
 5.85177052283992e-09   0.00e+00 
 5.85231625157746e-09   0.00e+00 
 5.85286198242935e-09   0.00e+00 
 5.85340771539534e-09   0.00e+00 
 5.85395345047516e-09   0.00e+00 
 5.85449918766855e-09   0.00e+00 
 5.85504492697525e-09   0.00e+00 
 5.85559066839499e-09   0.00e+00 
 5.85613641192752e-09   0.00e+00 
 5.85668215757258e-09   0.00e+00 
 5.85722790532990e-09   0.00e+00 
 5.85777365519921e-09   0.00e+00 
 5.85831940718027e-09   0.00e+00 
 5.85886516127281e-09   0.00e+00 
 5.85941091747657e-09   0.00e+00 
 5.85995667579128e-09   0.00e+00 
 5.86050243621668e-09   0.00e+00 
 5.86104819875251e-09   0.00e+00 
 5.86159396339852e-09   0.00e+00 
 5.86213973015445e-09   0.00e+00 
 5.86268549902002e-09   0.00e+00 
 5.86323126999498e-09   0.00e+00 
 5.86377704307907e-09   0.00e+00 
 5.86432281827203e-09   0.00e+00 
 5.86486859557359e-09   0.00e+00 
 5.86541437498349e-09   0.00e+00 
 5.86596015650149e-09   0.00e+00 
 5.86650594012730e-09   0.00e+00 
 5.86705172586068e-09   0.00e+00 
 5.86759751370136e-09   0.00e+00 
 5.86814330364909e-09   0.00e+00 
 5.86868909570360e-09   0.00e+00 
 5.86923488986463e-09   0.00e+00 
 5.86978068613191e-09   0.00e+00 
 5.87032648450520e-09   0.00e+00 
 5.87087228498423e-09   0.00e+00 
 5.87141808756874e-09   0.00e+00 
 5.87196389225846e-09   0.00e+00 
 5.87250969905315e-09   0.00e+00 
 5.87305550795253e-09   0.00e+00 
 5.87360131895635e-09   0.00e+00 
 5.87414713206435e-09   0.00e+00 
 5.87469294727626e-09   0.00e+00 
 5.87523876459184e-09   0.00e+00 
 5.87578458401081e-09   0.00e+00 
 5.87633040553292e-09   0.00e+00 
 5.87687622915791e-09   0.00e+00 
 5.87742205488552e-09   0.00e+00 
 5.87796788271548e-09   0.00e+00 
 5.87851371264755e-09   0.00e+00 
 5.87905954468145e-09   0.00e+00 
 5.87960537881692e-09   0.00e+00 
 5.88015121505372e-09   0.00e+00 
 5.88069705339158e-09   0.00e+00 
 5.88124289383024e-09   0.00e+00 
 5.88178873636944e-09   0.00e+00 
 5.88233458100892e-09   0.00e+00 
 5.88288042774843e-09   0.00e+00 
 5.88342627658769e-09   0.00e+00 
 5.88397212752646e-09   0.00e+00 
 5.88451798056446e-09   0.00e+00 
 5.88506383570146e-09   0.00e+00 
 5.88560969293718e-09   0.00e+00 
 5.88615555227136e-09   0.00e+00 
 5.88670141370375e-09   0.00e+00 
 5.88724727723409e-09   0.00e+00 
 5.88779314286211e-09   0.00e+00 
 5.88833901058757e-09   0.00e+00 
 5.88888488041019e-09   0.00e+00 
 5.88943075232973e-09   0.00e+00 
 5.88997662634591e-09   0.00e+00 
 5.89052250245849e-09   0.00e+00 
 5.89106838066721e-09   0.00e+00 
 5.89161426097180e-09   0.00e+00 
 5.89216014337201e-09   0.00e+00 
 5.89270602786758e-09   0.00e+00 
 5.89325191445825e-09   0.00e+00 
 5.89379780314376e-09   0.00e+00 
 5.89434369392385e-09   0.00e+00 
 5.89488958679827e-09   0.00e+00 
 5.89543548176675e-09   0.00e+00 
 5.89598137882904e-09   0.00e+00 
 5.89652727798488e-09   0.00e+00 
 5.89707317923402e-09   0.00e+00 
 5.89761908257618e-09   0.00e+00 
 5.89816498801112e-09   0.00e+00 
 5.89871089553857e-09   0.00e+00 
 5.89925680515829e-09   0.00e+00 
 5.89980271687000e-09   0.00e+00 
 5.90034863067346e-09   0.00e+00 
 5.90089454656840e-09   0.00e+00 
 5.90144046455457e-09   0.00e+00 
 5.90198638463170e-09   0.00e+00 
 5.90253230679955e-09   0.00e+00 
 5.90307823105785e-09   0.00e+00 
 5.90362415740635e-09   0.00e+00 
 5.90417008584478e-09   0.00e+00 
 5.90471601637290e-09   0.00e+00 
 5.90526194899044e-09   0.00e+00 
 5.90580788369714e-09   0.00e+00 
 5.90635382049275e-09   0.00e+00 
 5.90689975937702e-09   0.00e+00 
 5.90744570034967e-09   0.00e+00 
 5.90799164341047e-09   0.00e+00 
 5.90853758855914e-09   0.00e+00 
 5.90908353579543e-09   0.00e+00 
 5.90962948511909e-09   0.00e+00 
 5.91017543652986e-09   0.00e+00 
 5.91072139002747e-09   0.00e+00 
 5.91126734561168e-09   0.00e+00 
 5.91181330328223e-09   0.00e+00 
 5.91235926303886e-09   0.00e+00 
 5.91290522488131e-09   0.00e+00 
 5.91345118880932e-09   0.00e+00 
 5.91399715482265e-09   0.00e+00 
 5.91454312292103e-09   0.00e+00 
 5.91508909310420e-09   0.00e+00 
 5.91563506537192e-09   0.00e+00 
 5.91618103972392e-09   0.00e+00 
 5.91672701615995e-09   0.00e+00 
 5.91727299467974e-09   0.00e+00 
 5.91781897528305e-09   0.00e+00 
 5.91836495796963e-09   0.00e+00 
 5.91891094273920e-09   0.00e+00 
 5.91945692959152e-09   0.00e+00 
 5.92000291852633e-09   0.00e+00 
 5.92054890954337e-09   0.00e+00 
 5.92109490264239e-09   0.00e+00 
 5.92164089782313e-09   0.00e+00 
 5.92218689508534e-09   0.00e+00 
 5.92273289442876e-09   0.00e+00 
 5.92327889585313e-09   0.00e+00 
 5.92382489935821e-09   0.00e+00 
 5.92437090494372e-09   0.00e+00 
 5.92491691260943e-09   0.00e+00 
 5.92546292235506e-09   0.00e+00 
 5.92600893418038e-09   0.00e+00 
 5.92655494808511e-09   0.00e+00 
 5.92710096406901e-09   0.00e+00 
 5.92764698213182e-09   0.00e+00 
 5.92819300227329e-09   0.00e+00 
 5.92873902449315e-09   0.00e+00 
 5.92928504879116e-09   0.00e+00 
 5.92983107516706e-09   0.00e+00 
 5.93037710362059e-09   0.00e+00 
 5.93092313415151e-09   0.00e+00 
 5.93146916675955e-09   0.00e+00 
 5.93201520144446e-09   0.00e+00 
 5.93256123820598e-09   0.00e+00 
 5.93310727704387e-09   0.00e+00 
 5.93365331795786e-09   0.00e+00 
 5.93419936094770e-09   0.00e+00 
 5.93474540601314e-09   0.00e+00 
 5.93529145315392e-09   0.00e+00 
 5.93583750236978e-09   0.00e+00 
 5.93638355366048e-09   0.00e+00 
 5.93692960702576e-09   0.00e+00 
 5.93747566246537e-09   0.00e+00 
 5.93802171997904e-09   0.00e+00 
 5.93856777956653e-09   0.00e+00 
 5.93911384122758e-09   0.00e+00 
 5.93965990496193e-09   0.00e+00 
 5.94020597076934e-09   0.00e+00 
 5.94075203864955e-09   0.00e+00 
 5.94129810860230e-09   0.00e+00 
 5.94184418062734e-09   0.00e+00 
 5.94239025472443e-09   0.00e+00 
 5.94293633089329e-09   0.00e+00 
 5.94348240913368e-09   0.00e+00 
 5.94402848944535e-09   0.00e+00 
 5.94457457182805e-09   0.00e+00 
 5.94512065628151e-09   0.00e+00 
 5.94566674280549e-09   0.00e+00 
 5.94621283139972e-09   0.00e+00 
 5.94675892206397e-09   0.00e+00 
 5.94730501479797e-09   0.00e+00 
 5.94785110960147e-09   0.00e+00 
 5.94839720647421e-09   0.00e+00 
 5.94894330541595e-09   0.00e+00 
 5.94948940642644e-09   0.00e+00 
 5.95003550950541e-09   0.00e+00 
 5.95058161465261e-09   0.00e+00 
 5.95112772186779e-09   0.00e+00 
 5.95167383115070e-09   0.00e+00 
 5.95221994250109e-09   0.00e+00 
 5.95276605591870e-09   0.00e+00 
 5.95331217140328e-09   0.00e+00 
 5.95385828895457e-09   0.00e+00 
 5.95440440857233e-09   0.00e+00 
 5.95495053025630e-09   0.00e+00 
 5.95549665400622e-09   0.00e+00 
 5.95604277982185e-09   0.00e+00 
 5.95658890770293e-09   0.00e+00 
 5.95713503764921e-09   0.00e+00 
 5.95768116966044e-09   0.00e+00 
 5.95822730373636e-09   0.00e+00 
 5.95877343987672e-09   0.00e+00 
 5.95931957808127e-09   0.00e+00 
 5.95986571834976e-09   0.00e+00 
 5.96041186068193e-09   0.00e+00 
 5.96095800507753e-09   0.00e+00 
 5.96150415153631e-09   0.00e+00 
 5.96205030005802e-09   0.00e+00 
 5.96259645064239e-09   0.00e+00 
 5.96314260328920e-09   0.00e+00 
 5.96368875799817e-09   0.00e+00 
 5.96423491476905e-09   0.00e+00 
 5.96478107360161e-09   0.00e+00 
 5.96532723449557e-09   0.00e+00 
 5.96587339745069e-09   0.00e+00 
 5.96641956246673e-09   0.00e+00 
 5.96696572954341e-09   0.00e+00 
 5.96751189868051e-09   0.00e+00 
 5.96805806987775e-09   0.00e+00 
 5.96860424313489e-09   0.00e+00 
 5.96915041845168e-09   0.00e+00 
 5.96969659582786e-09   0.00e+00 
 5.97024277526319e-09   0.00e+00 
 5.97078895675741e-09   0.00e+00 
 5.97133514031027e-09   0.00e+00 
 5.97188132592152e-09   0.00e+00 
 5.97242751359090e-09   0.00e+00 
 5.97297370331817e-09   0.00e+00 
 5.97351989510307e-09   0.00e+00 
 5.97406608894535e-09   0.00e+00 
 5.97461228484475e-09   0.00e+00 
 5.97515848280103e-09   0.00e+00 
 5.97570468281394e-09   0.00e+00 
 5.97625088488322e-09   0.00e+00 
 5.97679708900863e-09   0.00e+00 
 5.97734329518990e-09   0.00e+00 
 5.97788950342678e-09   0.00e+00 
 5.97843571371904e-09   0.00e+00 
 5.97898192606641e-09   0.00e+00 
 5.97952814046864e-09   0.00e+00 
 5.98007435692548e-09   0.00e+00 
 5.98062057543668e-09   0.00e+00 
 5.98116679600198e-09   0.00e+00 
 5.98171301862114e-09   0.00e+00 
 5.98225924329391e-09   0.00e+00 
 5.98280547002002e-09   0.00e+00 
 5.98335169879924e-09   0.00e+00 
 5.98389792963131e-09   0.00e+00 
 5.98444416251597e-09   0.00e+00 
 5.98499039745298e-09   0.00e+00 
 5.98553663444209e-09   0.00e+00 
 5.98608287348303e-09   0.00e+00 
 5.98662911457557e-09   0.00e+00 
 5.98717535771944e-09   0.00e+00 
 5.98772160291440e-09   0.00e+00 
 5.98826785016020e-09   0.00e+00 
 5.98881409945658e-09   0.00e+00 
 5.98936035080330e-09   0.00e+00 
 5.98990660420009e-09   0.00e+00 
 5.99045285964672e-09   0.00e+00 
 5.99099911714292e-09   0.00e+00 
 5.99154537668845e-09   0.00e+00 
 5.99209163828305e-09   0.00e+00 
 5.99263790192648e-09   0.00e+00 
 5.99318416761847e-09   0.00e+00 
 5.99373043535879e-09   0.00e+00 
 5.99427670514717e-09   0.00e+00 
 5.99482297698337e-09   0.00e+00 
 5.99536925086713e-09   0.00e+00 
 5.99591552679821e-09   0.00e+00 
 5.99646180477635e-09   0.00e+00 
 5.99700808480129e-09   0.00e+00 
 5.99755436687280e-09   0.00e+00 
 5.99810065099061e-09   0.00e+00 
 5.99864693715448e-09   0.00e+00 
 5.99919322536415e-09   0.00e+00 
 5.99973951561937e-09   0.00e+00 
 6.00028580791989e-09   0.00e+00 
 6.00083210226545e-09   0.00e+00 
 6.00137839865582e-09   0.00e+00 
 6.00192469709072e-09   0.00e+00 
 6.00247099756992e-09   0.00e+00 
 6.00301730009316e-09   0.00e+00 
 6.00356360466019e-09   0.00e+00 
 6.00410991127076e-09   0.00e+00 
 6.00465621992461e-09   0.00e+00 
 6.00520253062149e-09   0.00e+00 
 6.00574884336116e-09   0.00e+00 
 6.00629515814335e-09   0.00e+00 
 6.00684147496782e-09   0.00e+00 
 6.00738779383432e-09   0.00e+00 
 6.00793411474260e-09   0.00e+00 
 6.00848043769239e-09   0.00e+00 
 6.00902676268346e-09   0.00e+00 
 6.00957308971554e-09   0.00e+00 
 6.01011941878839e-09   0.00e+00 
 6.01066574990176e-09   0.00e+00 
 6.01121208305538e-09   0.00e+00 
 6.01175841824902e-09   0.00e+00 
 6.01230475548242e-09   0.00e+00 
 6.01285109475532e-09   0.00e+00 
 6.01339743606748e-09   0.00e+00 
 6.01394377941864e-09   0.00e+00 
 6.01449012480854e-09   0.00e+00 
 6.01503647223695e-09   0.00e+00 
 6.01558282170360e-09   0.00e+00 
 6.01612917320825e-09   0.00e+00 
 6.01667552675064e-09   0.00e+00 
 6.01722188233052e-09   0.00e+00 
 6.01776823994764e-09   0.00e+00 
 6.01831459960175e-09   0.00e+00 
 6.01886096129258e-09   0.00e+00 
 6.01940732501990e-09   0.00e+00 
 6.01995369078345e-09   0.00e+00 
 6.02050005858297e-09   0.00e+00 
 6.02104642841822e-09   0.00e+00 
 6.02159280028894e-09   0.00e+00 
 6.02213917419488e-09   0.00e+00 
 6.02268555013578e-09   0.00e+00 
 6.02323192811140e-09   0.00e+00 
 6.02377830812149e-09   0.00e+00 
 6.02432469016578e-09   0.00e+00 
 6.02487107424403e-09   0.00e+00 
 6.02541746035599e-09   0.00e+00 
 6.02596384850140e-09   0.00e+00 
 6.02651023868001e-09   0.00e+00 
 6.02705663089157e-09   0.00e+00 
 6.02760302513583e-09   0.00e+00 
 6.02814942141253e-09   0.00e+00 
 6.02869581972142e-09   0.00e+00 
 6.02924222006225e-09   0.00e+00 
 6.02978862243476e-09   0.00e+00 
 6.03033502683871e-09   0.00e+00 
 6.03088143327384e-09   0.00e+00 
 6.03142784173989e-09   0.00e+00 
 6.03197425223663e-09   0.00e+00 
 6.03252066476378e-09   0.00e+00 
 6.03306707932111e-09   0.00e+00 
 6.03361349590836e-09   0.00e+00 
 6.03415991452527e-09   0.00e+00 
 6.03470633517159e-09   0.00e+00 
 6.03525275784707e-09   0.00e+00 
 6.03579918255146e-09   0.00e+00 
 6.03634560928451e-09   0.00e+00 
 6.03689203804595e-09   0.00e+00 
 6.03743846883555e-09   0.00e+00 
 6.03798490165304e-09   0.00e+00 
 6.03853133649817e-09   0.00e+00 
 6.03907777337070e-09   0.00e+00 
 6.03962421227036e-09   0.00e+00 
 6.04017065319691e-09   0.00e+00 
 6.04071709615009e-09   0.00e+00 
 6.04126354112965e-09   0.00e+00 
 6.04180998813534e-09   0.00e+00 
 6.04235643716691e-09   0.00e+00 
 6.04290288822409e-09   0.00e+00 
 6.04344934130665e-09   0.00e+00 
 6.04399579641432e-09   0.00e+00 
 6.04454225354685e-09   0.00e+00 
 6.04508871270400e-09   0.00e+00 
 6.04563517388550e-09   0.00e+00 
 6.04618163709111e-09   0.00e+00 
 6.04672810232056e-09   0.00e+00 
 6.04727456957362e-09   0.00e+00 
 6.04782103885002e-09   0.00e+00 
 6.04836751014952e-09   0.00e+00 
 6.04891398347185e-09   0.00e+00 
 6.04946045881678e-09   0.00e+00 
 6.05000693618404e-09   0.00e+00 
 6.05055341557338e-09   0.00e+00 
 6.05109989698454e-09   0.00e+00 
 6.05164638041729e-09   0.00e+00 
 6.05219286587135e-09   0.00e+00 
 6.05273935334649e-09   0.00e+00 
 6.05328584284245e-09   0.00e+00 
 6.05383233435896e-09   0.00e+00 
 6.05437882789579e-09   0.00e+00 
 6.05492532345268e-09   0.00e+00 
 6.05547182102938e-09   0.00e+00 
 6.05601832062562e-09   0.00e+00 
 6.05656482224117e-09   0.00e+00 
 6.05711132587576e-09   0.00e+00 
 6.05765783152915e-09   0.00e+00 
 6.05820433920108e-09   0.00e+00 
 6.05875084889129e-09   0.00e+00 
 6.05929736059954e-09   0.00e+00 
 6.05984387432558e-09   0.00e+00 
 6.06039039006914e-09   0.00e+00 
 6.06093690782998e-09   0.00e+00 
 6.06148342760784e-09   0.00e+00 
 6.06202994940248e-09   0.00e+00 
 6.06257647321364e-09   0.00e+00 
 6.06312299904106e-09   0.00e+00 
 6.06366952688449e-09   0.00e+00 
 6.06421605674368e-09   0.00e+00 
 6.06476258861838e-09   0.00e+00 
 6.06530912250833e-09   0.00e+00 
 6.06585565841328e-09   0.00e+00 
 6.06640219633299e-09   0.00e+00 
 6.06694873626719e-09   0.00e+00 
 6.06749527821563e-09   0.00e+00 
 6.06804182217806e-09   0.00e+00 
 6.06858836815423e-09   0.00e+00 
 6.06913491614389e-09   0.00e+00 
 6.06968146614677e-09   0.00e+00 
 6.07022801816264e-09   0.00e+00 
 6.07077457219123e-09   0.00e+00 
 6.07132112823229e-09   0.00e+00 
 6.07186768628558e-09   0.00e+00 
 6.07241424635084e-09   0.00e+00 
 6.07296080842781e-09   0.00e+00 
 6.07350737251624e-09   0.00e+00 
 6.07405393861589e-09   0.00e+00 
 6.07460050672649e-09   0.00e+00 
 6.07514707684780e-09   0.00e+00 
 6.07569364897956e-09   0.00e+00 
 6.07624022312153e-09   0.00e+00 
 6.07678679927344e-09   0.00e+00 
 6.07733337743504e-09   0.00e+00 
 6.07787995760609e-09   0.00e+00 
 6.07842653978633e-09   0.00e+00 
 6.07897312397552e-09   0.00e+00 
 6.07951971017338e-09   0.00e+00 
 6.08006629837968e-09   0.00e+00 
 6.08061288859416e-09   0.00e+00 
 6.08115948081657e-09   0.00e+00 
 6.08170607504666e-09   0.00e+00 
 6.08225267128417e-09   0.00e+00 
 6.08279926952885e-09   0.00e+00 
 6.08334586978045e-09   0.00e+00 
 6.08389247203872e-09   0.00e+00 
 6.08443907630340e-09   0.00e+00 
 6.08498568257425e-09   0.00e+00 
 6.08553229085100e-09   0.00e+00 
 6.08607890113342e-09   0.00e+00 
 6.08662551342124e-09   0.00e+00 
 6.08717212771422e-09   0.00e+00 
 6.08771874401209e-09   0.00e+00 
 6.08826536231462e-09   0.00e+00 
 6.08881198262155e-09   0.00e+00 
 6.08935860493262e-09   0.00e+00 
 6.08990522924758e-09   0.00e+00 
 6.09045185556619e-09   0.00e+00 
 6.09099848388819e-09   0.00e+00 
 6.09154511421333e-09   0.00e+00 
 6.09209174654135e-09   0.00e+00 
 6.09263838087201e-09   0.00e+00 
 6.09318501720505e-09   0.00e+00 
 6.09373165554022e-09   0.00e+00 
 6.09427829587728e-09   0.00e+00 
 6.09482493821596e-09   0.00e+00 
 6.09537158255602e-09   0.00e+00 
 6.09591822889720e-09   0.00e+00 
 6.09646487723925e-09   0.00e+00 
 6.09701152758193e-09   0.00e+00 
 6.09755817992498e-09   0.00e+00 
 6.09810483426814e-09   0.00e+00 
 6.09865149061117e-09   0.00e+00 
 6.09919814895382e-09   0.00e+00 
 6.09974480929583e-09   0.00e+00 
 6.10029147163696e-09   0.00e+00 
 6.10083813597695e-09   0.00e+00 
 6.10138480231554e-09   0.00e+00 
 6.10193147065250e-09   0.00e+00 
 6.10247814098756e-09   0.00e+00 
 6.10302481332048e-09   0.00e+00 
 6.10357148765101e-09   0.00e+00 
 6.10411816397889e-09   0.00e+00 
 6.10466484230388e-09   0.00e+00 
 6.10521152262571e-09   0.00e+00 
 6.10575820494415e-09   0.00e+00 
 6.10630488925894e-09   0.00e+00 
 6.10685157556982e-09   0.00e+00 
 6.10739826387656e-09   0.00e+00 
 6.10794495417889e-09   0.00e+00 
 6.10849164647657e-09   0.00e+00 
 6.10903834076935e-09   0.00e+00 
 6.10958503705697e-09   0.00e+00 
 6.11013173533919e-09   0.00e+00 
 6.11067843561575e-09   0.00e+00 
 6.11122513788640e-09   0.00e+00 
 6.11177184215090e-09   0.00e+00 
 6.11231854840900e-09   0.00e+00 
 6.11286525666043e-09   0.00e+00 
 6.11341196690496e-09   0.00e+00 
 6.11395867914233e-09   0.00e+00 
 6.11450539337229e-09   0.00e+00 
 6.11505210959459e-09   0.00e+00 
 6.11559882780898e-09   0.00e+00 
 6.11614554801522e-09   0.00e+00 
 6.11669227021305e-09   0.00e+00 
 6.11723899440221e-09   0.00e+00 
 6.11778572058247e-09   0.00e+00 
 6.11833244875357e-09   0.00e+00 
 6.11887917891526e-09   0.00e+00 
 6.11942591106729e-09   0.00e+00 
 6.11997264520941e-09   0.00e+00 
 6.12051938134138e-09   0.00e+00 
 6.12106611946294e-09   0.00e+00 
 6.12161285957384e-09   0.00e+00 
 6.12215960167383e-09   0.00e+00 
 6.12270634576267e-09   0.00e+00 
 6.12325309184010e-09   0.00e+00 
 6.12379983990588e-09   0.00e+00 
 6.12434658995975e-09   0.00e+00 
 6.12489334200147e-09   0.00e+00 
 6.12544009603078e-09   0.00e+00 
 6.12598685204744e-09   0.00e+00 
 6.12653361005120e-09   0.00e+00 
 6.12708037004181e-09   0.00e+00 
 6.12762713201902e-09   0.00e+00 
 6.12817389598259e-09   0.00e+00 
 6.12872066193225e-09   0.00e+00 
 6.12926742986777e-09   0.00e+00 
 6.12981419978890e-09   0.00e+00 
 6.13036097169538e-09   0.00e+00 
 6.13090774558698e-09   0.00e+00 
 6.13145452146343e-09   0.00e+00 
 6.13200129932449e-09   0.00e+00 
 6.13254807916991e-09   0.00e+00 
 6.13309486099946e-09   0.00e+00 
 6.13364164481286e-09   0.00e+00 
 6.13418843060989e-09   0.00e+00 
 6.13473521839028e-09   0.00e+00 
 6.13528200815380e-09   0.00e+00 
 6.13582879990019e-09   0.00e+00 
 6.13637559362920e-09   0.00e+00 
 6.13692238934060e-09   0.00e+00 
 6.13746918703413e-09   0.00e+00 
 6.13801598670953e-09   0.00e+00 
 6.13856278836658e-09   0.00e+00 
 6.13910959200500e-09   0.00e+00 
 6.13965639762457e-09   0.00e+00 
 6.14020320522504e-09   0.00e+00 
 6.14075001480614e-09   0.00e+00 
 6.14129682636765e-09   0.00e+00 
 6.14184363990931e-09   0.00e+00 
 6.14239045543087e-09   0.00e+00 
 6.14293727293209e-09   0.00e+00 
 6.14348409241272e-09   0.00e+00 
 6.14403091387251e-09   0.00e+00 
 6.14457773731122e-09   0.00e+00 
 6.14512456272860e-09   0.00e+00 
 6.14567139012440e-09   0.00e+00 
 6.14621821949838e-09   0.00e+00 
 6.14676505085029e-09   0.00e+00 
 6.14731188417988e-09   0.00e+00 
 6.14785871948691e-09   0.00e+00 
 6.14840555677113e-09   0.00e+00 
 6.14895239603230e-09   0.00e+00 
 6.14949923727017e-09   0.00e+00 
 6.15004608048449e-09   0.00e+00 
 6.15059292567502e-09   0.00e+00 
 6.15113977284151e-09   0.00e+00 
 6.15168662198371e-09   0.00e+00 
 6.15223347310139e-09   0.00e+00 
 6.15278032619429e-09   0.00e+00 
 6.15332718126218e-09   0.00e+00 
 6.15387403830480e-09   0.00e+00 
 6.15442089732190e-09   0.00e+00 
 6.15496775831326e-09   0.00e+00 
 6.15551462127861e-09   0.00e+00 
 6.15606148621771e-09   0.00e+00 
 6.15660835313033e-09   0.00e+00 
 6.15715522201621e-09   0.00e+00 
 6.15770209287512e-09   0.00e+00 
 6.15824896570680e-09   0.00e+00 
 6.15879584051101e-09   0.00e+00 
 6.15934271728751e-09   0.00e+00 
 6.15988959603605e-09   0.00e+00 
 6.16043647675639e-09   0.00e+00 
 6.16098335944829e-09   0.00e+00 
 6.16153024411150e-09   0.00e+00 
 6.16207713074578e-09   0.00e+00 
 6.16262401935089e-09   0.00e+00 
 6.16317090992657e-09   0.00e+00 
 6.16371780247259e-09   0.00e+00 
 6.16426469698871e-09   0.00e+00 
 6.16481159347467e-09   0.00e+00 
 6.16535849193024e-09   0.00e+00 
 6.16590539235518e-09   0.00e+00 
 6.16645229474924e-09   0.00e+00 
 6.16699919911218e-09   0.00e+00 
 6.16754610544376e-09   0.00e+00 
 6.16809301374373e-09   0.00e+00 
 6.16863992401186e-09   0.00e+00 
 6.16918683624789e-09   0.00e+00 
 6.16973375045159e-09   0.00e+00 
 6.17028066662271e-09   0.00e+00 
 6.17082758476102e-09   0.00e+00 
 6.17137450486627e-09   0.00e+00 
 6.17192142693822e-09   0.00e+00 
 6.17246835097663e-09   0.00e+00 
 6.17301527698125e-09   0.00e+00 
 6.17356220495185e-09   0.00e+00 
 6.17410913488819e-09   0.00e+00 
 6.17465606679002e-09   0.00e+00 
 6.17520300065710e-09   0.00e+00 
 6.17574993648919e-09   0.00e+00 
 6.17629687428605e-09   0.00e+00 
 6.17684381404744e-09   0.00e+00 
 6.17739075577312e-09   0.00e+00 
 6.17793769946285e-09   0.00e+00 
 6.17848464511639e-09   0.00e+00 
 6.17903159273350e-09   0.00e+00 
 6.17957854231394e-09   0.00e+00 
 6.18012549385747e-09   0.00e+00 
 6.18067244736384e-09   0.00e+00 
 6.18121940283283e-09   0.00e+00 
 6.18176636026419e-09   0.00e+00 
 6.18231331965767e-09   0.00e+00 
 6.18286028101305e-09   0.00e+00 
 6.18340724433009e-09   0.00e+00 
 6.18395420960854e-09   0.00e+00 
 6.18450117684816e-09   0.00e+00 
 6.18504814604872e-09   0.00e+00 
 6.18559511720997e-09   0.00e+00 
 6.18614209033169e-09   0.00e+00 
 6.18668906541363e-09   0.00e+00 
 6.18723604245555e-09   0.00e+00 
 6.18778302145722e-09   0.00e+00 
 6.18833000241840e-09   0.00e+00 
 6.18887698533884e-09   0.00e+00 
 6.18942397021832e-09   0.00e+00 
 6.18997095705659e-09   0.00e+00 
 6.19051794585342e-09   0.00e+00 
 6.19106493660857e-09   0.00e+00 
 6.19161192932181e-09   0.00e+00 
 6.19215892399289e-09   0.00e+00 
 6.19270592062158e-09   0.00e+00 
 6.19325291920764e-09   0.00e+00 
 6.19379991975084e-09   0.00e+00 
 6.19434692225095e-09   0.00e+00 
 6.19489392670772e-09   0.00e+00 
 6.19544093312091e-09   0.00e+00 
 6.19598794149030e-09   0.00e+00 
 6.19653495181565e-09   0.00e+00 
 6.19708196409672e-09   0.00e+00 
 6.19762897833328e-09   0.00e+00 
 6.19817599452508e-09   0.00e+00 
 6.19872301267190e-09   0.00e+00 
 6.19927003277351e-09   0.00e+00 
 6.19981705482966e-09   0.00e+00 
 6.20036407884012e-09   0.00e+00 
 6.20091110480466e-09   0.00e+00 
 6.20145813272304e-09   0.00e+00 
 6.20200516259502e-09   0.00e+00 
 6.20255219442039e-09   0.00e+00 
 6.20309922819889e-09   0.00e+00 
 6.20364626393029e-09   0.00e+00 
 6.20419330161437e-09   0.00e+00 
 6.20474034125089e-09   0.00e+00 
 6.20528738283962e-09   0.00e+00 
 6.20583442638032e-09   0.00e+00 
 6.20638147187275e-09   0.00e+00 
 6.20692851931670e-09   0.00e+00 
 6.20747556871192e-09   0.00e+00 
 6.20802262005817e-09   0.00e+00 
 6.20856967335524e-09   0.00e+00 
 6.20911672860289e-09   0.00e+00 
 6.20966378580088e-09   0.00e+00 
 6.21021084494898e-09   0.00e+00 
 6.21075790604696e-09   0.00e+00 
 6.21130496909458e-09   0.00e+00 
 6.21185203409163e-09   0.00e+00 
 6.21239910103786e-09   0.00e+00 
 6.21294616993305e-09   0.00e+00 
 6.21349324077696e-09   0.00e+00 
 6.21404031356936e-09   0.00e+00 
 6.21458738831002e-09   0.00e+00 
 6.21513446499871e-09   0.00e+00 
 6.21568154363521e-09   0.00e+00 
 6.21622862421927e-09   0.00e+00 
 6.21677570675067e-09   0.00e+00 
 6.21732279122918e-09   0.00e+00 
 6.21786987765457e-09   0.00e+00 
 6.21841696602661e-09   0.00e+00 
 6.21896405634507e-09   0.00e+00 
 6.21951114860972e-09   0.00e+00 
 6.22005824282034e-09   0.00e+00 
 6.22060533897668e-09   0.00e+00 
 6.22115243707853e-09   0.00e+00 
 6.22169953712565e-09   0.00e+00 
 6.22224663911781e-09   0.00e+00 
 6.22279374305479e-09   0.00e+00 
 6.22334084893636e-09   0.00e+00 
 6.22388795676229e-09   0.00e+00 
 6.22443506653235e-09   0.00e+00 
 6.22498217824632e-09   0.00e+00 
 6.22552929190396e-09   0.00e+00 
 6.22607640750504e-09   0.00e+00 
 6.22662352504935e-09   0.00e+00 
 6.22717064453665e-09   0.00e+00 
 6.22771776596672e-09   0.00e+00 
 6.22826488933932e-09   0.00e+00 
 6.22881201465424e-09   0.00e+00 
 6.22935914191124e-09   0.00e+00 
 6.22990627111009e-09   0.00e+00 
 6.23045340225058e-09   0.00e+00 
 6.23100053533247e-09   0.00e+00 
 6.23154767035554e-09   0.00e+00 
 6.23209480731957e-09   0.00e+00 
 6.23264194622431e-09   0.00e+00 
 6.23318908706956e-09   0.00e+00 
 6.23373622985509e-09   0.00e+00 
 6.23428337458066e-09   0.00e+00 
 6.23483052124605e-09   0.00e+00 
 6.23537766985104e-09   0.00e+00 
 6.23592482039541e-09   0.00e+00 
 6.23647197287892e-09   0.00e+00 
 6.23701912730136e-09   0.00e+00 
 6.23756628366249e-09   0.00e+00 
 6.23811344196210e-09   0.00e+00 
 6.23866060219995e-09   0.00e+00 
 6.23920776437583e-09   0.00e+00 
 6.23975492848951e-09   0.00e+00 
 6.24030209454076e-09   0.00e+00 
 6.24084926252937e-09   0.00e+00 
 6.24139643245510e-09   0.00e+00 
 6.24194360431773e-09   0.00e+00 
 6.24249077811705e-09   0.00e+00 
 6.24303795385283e-09   0.00e+00 
 6.24358513152484e-09   0.00e+00 
 6.24413231113286e-09   0.00e+00 
 6.24467949267666e-09   0.00e+00 
 6.24522667615603e-09   0.00e+00 
 6.24577386157074e-09   0.00e+00 
 6.24632104892057e-09   0.00e+00 
 6.24686823820530e-09   0.00e+00 
 6.24741542942470e-09   0.00e+00 
 6.24796262257855e-09   0.00e+00 
 6.24850981766663e-09   0.00e+00 
 6.24905701468871e-09   0.00e+00 
 6.24960421364459e-09   0.00e+00 
 6.25015141453402e-09   0.00e+00 
 6.25069861735680e-09   0.00e+00 
 6.25124582211270e-09   0.00e+00 
 6.25179302880150e-09   0.00e+00 
 6.25234023742297e-09   0.00e+00 
 6.25288744797689e-09   0.00e+00 
 6.25343466046306e-09   0.00e+00 
 6.25398187488123e-09   0.00e+00 
 6.25452909123119e-09   0.00e+00 
 6.25507630951273e-09   0.00e+00 
 6.25562352972562e-09   0.00e+00 
 6.25617075186964e-09   0.00e+00 
 6.25671797594457e-09   0.00e+00 
 6.25726520195019e-09   0.00e+00 
 6.25781242988628e-09   0.00e+00 
 6.25835965975262e-09   0.00e+00 
 6.25890689154899e-09   0.00e+00 
 6.25945412527516e-09   0.00e+00 
 6.26000136093093e-09   0.00e+00 
 6.26054859851607e-09   0.00e+00 
 6.26109583803035e-09   0.00e+00 
 6.26164307947357e-09   0.00e+00 
 6.26219032284549e-09   0.00e+00 
 6.26273756814591e-09   0.00e+00 
 6.26328481537460e-09   0.00e+00 
 6.26383206453135e-09   0.00e+00 
 6.26437931561593e-09   0.00e+00 
 6.26492656862812e-09   0.00e+00 
 6.26547382356771e-09   0.00e+00 
 6.26602108043448e-09   0.00e+00 
 6.26656833922820e-09   0.00e+00 
 6.26711559994867e-09   0.00e+00 
 6.26766286259566e-09   0.00e+00 
 6.26821012716896e-09   0.00e+00 
 6.26875739366834e-09   0.00e+00 
 6.26930466209358e-09   0.00e+00 
 6.26985193244448e-09   0.00e+00 
 6.27039920472081e-09   0.00e+00 
 6.27094647892235e-09   0.00e+00 
 6.27149375504889e-09   0.00e+00 
 6.27204103310020e-09   0.00e+00 
 6.27258831307608e-09   0.00e+00 
 6.27313559497630e-09   0.00e+00 
 6.27368287880064e-09   0.00e+00 
 6.27423016454889e-09   0.00e+00 
 6.27477745222084e-09   0.00e+00 
 6.27532474181625e-09   0.00e+00 
 6.27587203333493e-09   0.00e+00 
 6.27641932677664e-09   0.00e+00 
 6.27696662214118e-09   0.00e+00 
 6.27751391942832e-09   0.00e+00 
 6.27806121863785e-09   0.00e+00 
 6.27860851976956e-09   0.00e+00 
 6.27915582282322e-09   0.00e+00 
 6.27970312779861e-09   0.00e+00 
 6.28025043469554e-09   0.00e+00 
 6.28079774351376e-09   0.00e+00 
 6.28134505425308e-09   0.00e+00 
 6.28189236691328e-09   0.00e+00 
 6.28243968149413e-09   0.00e+00 
 6.28298699799542e-09   0.00e+00 
 6.28353431641694e-09   0.00e+00 
 6.28408163675847e-09   0.00e+00 
 6.28462895901980e-09   0.00e+00 
 6.28517628320070e-09   0.00e+00 
 6.28572360930096e-09   0.00e+00 
 6.28627093732037e-09   0.00e+00 
 6.28681826725871e-09   0.00e+00 
 6.28736559911577e-09   0.00e+00 
 6.28791293289133e-09   0.00e+00 
 6.28846026858517e-09   0.00e+00 
 6.28900760619709e-09   0.00e+00 
 6.28955494572686e-09   0.00e+00 
 6.29010228717427e-09   0.00e+00 
 6.29064963053910e-09   0.00e+00 
 6.29119697582114e-09   0.00e+00 
 6.29174432302018e-09   0.00e+00 
 6.29229167213599e-09   0.00e+00 
 6.29283902316838e-09   0.00e+00 
 6.29338637611711e-09   0.00e+00 
 6.29393373098197e-09   0.00e+00 
 6.29448108776276e-09   0.00e+00 
 6.29502844645926e-09   0.00e+00 
 6.29557580707124e-09   0.00e+00 
 6.29612316959851e-09   0.00e+00 
 6.29667053404083e-09   0.00e+00 
 6.29721790039801e-09   0.00e+00 
 6.29776526866982e-09   0.00e+00 
 6.29831263885605e-09   0.00e+00 
 6.29886001095648e-09   0.00e+00 
 6.29940738497091e-09   0.00e+00 
 6.29995476089912e-09   0.00e+00 
 6.30050213874088e-09   0.00e+00 
 6.30104951849600e-09   0.00e+00 
 6.30159690016426e-09   0.00e+00 
 6.30214428374544e-09   0.00e+00 
 6.30269166923932e-09   0.00e+00 
 6.30323905664571e-09   0.00e+00 
 6.30378644596437e-09   0.00e+00 
 6.30433383719510e-09   0.00e+00 
 6.30488123033769e-09   0.00e+00 
 6.30542862539191e-09   0.00e+00 
 6.30597602235757e-09   0.00e+00 
 6.30652342123444e-09   0.00e+00 
 6.30707082202231e-09   0.00e+00 
 6.30761822472097e-09   0.00e+00 
 6.30816562933020e-09   0.00e+00 
 6.30871303584980e-09   0.00e+00 
 6.30926044427954e-09   0.00e+00 
 6.30980785461923e-09   0.00e+00 
 6.31035526686863e-09   0.00e+00 
 6.31090268102754e-09   0.00e+00 
 6.31145009709576e-09   0.00e+00 
 6.31199751507305e-09   0.00e+00 
 6.31254493495922e-09   0.00e+00 
 6.31309235675405e-09   0.00e+00 
 6.31363978045732e-09   0.00e+00 
 6.31418720606882e-09   0.00e+00 
 6.31473463358835e-09   0.00e+00 
 6.31528206301569e-09   0.00e+00 
 6.31582949435062e-09   0.00e+00 
 6.31637692759293e-09   0.00e+00 
 6.31692436274243e-09   0.00e+00 
 6.31747179979888e-09   0.00e+00 
 6.31801923876207e-09   0.00e+00 
 6.31856667963180e-09   0.00e+00 
 6.31911412240786e-09   0.00e+00 
 6.31966156709002e-09   0.00e+00 
 6.32020901367809e-09   0.00e+00 
 6.32075646217184e-09   0.00e+00 
 6.32130391257106e-09   0.00e+00 
 6.32185136487556e-09   0.00e+00 
 6.32239881908510e-09   0.00e+00 
 6.32294627519948e-09   0.00e+00 
 6.32349373321850e-09   0.00e+00 
 6.32404119314192e-09   0.00e+00 
 6.32458865496956e-09   0.00e+00 
 6.32513611870119e-09   0.00e+00 
 6.32568358433660e-09   0.00e+00 
 6.32623105187558e-09   0.00e+00 
 6.32677852131792e-09   0.00e+00 
 6.32732599266341e-09   0.00e+00 
 6.32787346591184e-09   0.00e+00 
 6.32842094106299e-09   0.00e+00 
 6.32896841811665e-09   0.00e+00 
 6.32951589707262e-09   0.00e+00 
 6.33006337793068e-09   0.00e+00 
 6.33061086069063e-09   0.00e+00 
 6.33115834535224e-09   0.00e+00 
 6.33170583191532e-09   0.00e+00 
 6.33225332037964e-09   0.00e+00 
 6.33280081074500e-09   0.00e+00 
 6.33334830301119e-09   0.00e+00 
 6.33389579717799e-09   0.00e+00 
 6.33444329324520e-09   0.00e+00 
 6.33499079121261e-09   0.00e+00 
 6.33553829108000e-09   0.00e+00 
 6.33608579284717e-09   0.00e+00 
 6.33663329651390e-09   0.00e+00 
 6.33718080207998e-09   0.00e+00 
 6.33772830954520e-09   0.00e+00 
 6.33827581890936e-09   0.00e+00 
 6.33882333017225e-09   0.00e+00 
 6.33937084333364e-09   0.00e+00 
 6.33991835839334e-09   0.00e+00 
 6.34046587535114e-09   0.00e+00 
 6.34101339420681e-09   0.00e+00 
 6.34156091496016e-09   0.00e+00 
 6.34210843761097e-09   0.00e+00 
 6.34265596215903e-09   0.00e+00 
 6.34320348860414e-09   0.00e+00 
 6.34375101694607e-09   0.00e+00 
 6.34429854718464e-09   0.00e+00 
 6.34484607931961e-09   0.00e+00 
 6.34539361335080e-09   0.00e+00 
 6.34594114927797e-09   0.00e+00 
 6.34648868710094e-09   0.00e+00 
 6.34703622681947e-09   0.00e+00 
 6.34758376843338e-09   0.00e+00 
 6.34813131194244e-09   0.00e+00 
 6.34867885734646e-09   0.00e+00 
 6.34922640464521e-09   0.00e+00 
 6.34977395383849e-09   0.00e+00 
 6.35032150492609e-09   0.00e+00 
 6.35086905790781e-09   0.00e+00 
 6.35141661278343e-09   0.00e+00 
 6.35196416955274e-09   0.00e+00 
 6.35251172821553e-09   0.00e+00 
 6.35305928877160e-09   0.00e+00 
 6.35360685122074e-09   0.00e+00 
 6.35415441556275e-09   0.00e+00 
 6.35470198179740e-09   0.00e+00 
 6.35524954992449e-09   0.00e+00 
 6.35579711994382e-09   0.00e+00 
 6.35634469185517e-09   0.00e+00 
 6.35689226565834e-09   0.00e+00 
 6.35743984135312e-09   0.00e+00 
 6.35798741893929e-09   0.00e+00 
 6.35853499841666e-09   0.00e+00 
 6.35908257978501e-09   0.00e+00 
 6.35963016304414e-09   0.00e+00 
 6.36017774819383e-09   0.00e+00 
 6.36072533523389e-09   0.00e+00 
 6.36127292416409e-09   0.00e+00 
 6.36182051498424e-09   0.00e+00 
 6.36236810769413e-09   0.00e+00 
 6.36291570229354e-09   0.00e+00 
 6.36346329878227e-09   0.00e+00 
 6.36401089716012e-09   0.00e+00 
 6.36455849742687e-09   0.00e+00 
 6.36510609958232e-09   0.00e+00 
 6.36565370362625e-09   0.00e+00 
 6.36620130955848e-09   0.00e+00 
 6.36674891737877e-09   0.00e+00 
 6.36729652708693e-09   0.00e+00 
 6.36784413868276e-09   0.00e+00 
 6.36839175216603e-09   0.00e+00 
 6.36893936753656e-09   0.00e+00 
 6.36948698479412e-09   0.00e+00 
 6.37003460393852e-09   0.00e+00 
 6.37058222496953e-09   0.00e+00 
 6.37112984788697e-09   0.00e+00 
 6.37167747269062e-09   0.00e+00 
 6.37222509938028e-09   0.00e+00 
 6.37277272795572e-09   0.00e+00 
 6.37332035841677e-09   0.00e+00 
 6.37386799076319e-09   0.00e+00 
 6.37441562499480e-09   0.00e+00 
 6.37496326111137e-09   0.00e+00 
 6.37551089911271e-09   0.00e+00 
 6.37605853899861e-09   0.00e+00 
 6.37660618076886e-09   0.00e+00 
 6.37715382442325e-09   0.00e+00 
 6.37770146996158e-09   0.00e+00 
 6.37824911738365e-09   0.00e+00 
 6.37879676668924e-09   0.00e+00 
 6.37934441787816e-09   0.00e+00 
 6.37989207095019e-09   0.00e+00 
 6.38043972590513e-09   0.00e+00 
 6.38098738274277e-09   0.00e+00 
 6.38153504146291e-09   0.00e+00 
 6.38208270206533e-09   0.00e+00 
 6.38263036454985e-09   0.00e+00 
 6.38317802891624e-09   0.00e+00 
 6.38372569516431e-09   0.00e+00 
 6.38427336329385e-09   0.00e+00 
 6.38482103330464e-09   0.00e+00 
 6.38536870519650e-09   0.00e+00 
 6.38591637896921e-09   0.00e+00 
 6.38646405462257e-09   0.00e+00 
 6.38701173215636e-09   0.00e+00 
 6.38755941157039e-09   0.00e+00 
 6.38810709286445e-09   0.00e+00 
 6.38865477603834e-09   0.00e+00 
 6.38920246109185e-09   0.00e+00 
 6.38975014802477e-09   0.00e+00 
 6.39029783683690e-09   0.00e+00 
 6.39084552752804e-09   0.00e+00 
 6.39139322009797e-09   0.00e+00 
 6.39194091454651e-09   0.00e+00 
 6.39248861087343e-09   0.00e+00 
 6.39303630907854e-09   0.00e+00 
 6.39358400916162e-09   0.00e+00 
 6.39413171112249e-09   0.00e+00 
 6.39467941496092e-09   0.00e+00 
 6.39522712067673e-09   0.00e+00 
 6.39577482826969e-09   0.00e+00 
 6.39632253773962e-09   0.00e+00 
 6.39687024908629e-09   0.00e+00 
 6.39741796230952e-09   0.00e+00 
 6.39796567740909e-09   0.00e+00 
 6.39851339438479e-09   0.00e+00 
 6.39906111323644e-09   0.00e+00 
 6.39960883396381e-09   0.00e+00 
 6.40015655656672e-09   0.00e+00 
 6.40070428104494e-09   0.00e+00 
 6.40125200739829e-09   0.00e+00 
 6.40179973562654e-09   0.00e+00 
 6.40234746572952e-09   0.00e+00 
 6.40289519770699e-09   0.00e+00 
 6.40344293155878e-09   0.00e+00 
 6.40399066728465e-09   0.00e+00 
 6.40453840488443e-09   0.00e+00 
 6.40508614435790e-09   0.00e+00 
 6.40563388570485e-09   0.00e+00 
 6.40618162892509e-09   0.00e+00 
 6.40672937401840e-09   0.00e+00 
 6.40727712098460e-09   0.00e+00 
 6.40782486982346e-09   0.00e+00 
 6.40837262053479e-09   0.00e+00 
 6.40892037311839e-09   0.00e+00 
 6.40946812757405e-09   0.00e+00 
 6.41001588390158e-09   0.00e+00 
 6.41056364210075e-09   0.00e+00 
 6.41111140217138e-09   0.00e+00 
 6.41165916411325e-09   0.00e+00 
 6.41220692792617e-09   0.00e+00 
 6.41275469360993e-09   0.00e+00 
 6.41330246116433e-09   0.00e+00 
 6.41385023058916e-09   0.00e+00 
 6.41439800188423e-09   0.00e+00 
 6.41494577504932e-09   0.00e+00 
 6.41549355008424e-09   0.00e+00 
 6.41604132698878e-09   0.00e+00 
 6.41658910576273e-09   0.00e+00 
 6.41713688640591e-09   0.00e+00 
 6.41768466891809e-09   0.00e+00 
 6.41823245329909e-09   0.00e+00 
 6.41878023954869e-09   0.00e+00 
 6.41932802766669e-09   0.00e+00 
 6.41987581765290e-09   0.00e+00 
 6.42042360950711e-09   0.00e+00 
 6.42097140322910e-09   0.00e+00 
 6.42151919881869e-09   0.00e+00 
 6.42206699627567e-09   0.00e+00 
 6.42261479559984e-09   0.00e+00 
 6.42316259679098e-09   0.00e+00 
 6.42371039984891e-09   0.00e+00 
 6.42425820477342e-09   0.00e+00 
 6.42480601156429e-09   0.00e+00 
 6.42535382022135e-09   0.00e+00 
 6.42590163074437e-09   0.00e+00 
 6.42644944313315e-09   0.00e+00 
 6.42699725738750e-09   0.00e+00 
 6.42754507350721e-09   0.00e+00 
 6.42809289149209e-09   0.00e+00 
 6.42864071134191e-09   0.00e+00 
 6.42918853305649e-09   0.00e+00 
 6.42973635663562e-09   0.00e+00 
 6.43028418207909e-09   0.00e+00 
 6.43083200938671e-09   0.00e+00 
 6.43137983855828e-09   0.00e+00 
 6.43192766959358e-09   0.00e+00 
 6.43247550249242e-09   0.00e+00 
 6.43302333725460e-09   0.00e+00 
 6.43357117387990e-09   0.00e+00 
 6.43411901236814e-09   0.00e+00 
 6.43466685271911e-09   0.00e+00 
 6.43521469493260e-09   0.00e+00 
 6.43576253900841e-09   0.00e+00 
 6.43631038494634e-09   0.00e+00 
 6.43685823274619e-09   0.00e+00 
 6.43740608240775e-09   0.00e+00 
 6.43795393393082e-09   0.00e+00 
 6.43850178731521e-09   0.00e+00 
 6.43904964256070e-09   0.00e+00 
 6.43959749966710e-09   0.00e+00 
 6.44014535863420e-09   0.00e+00 
 6.44069321946179e-09   0.00e+00 
 6.44124108214969e-09   0.00e+00 
 6.44178894669768e-09   0.00e+00 
 6.44233681310556e-09   0.00e+00 
 6.44288468137313e-09   0.00e+00 
 6.44343255150019e-09   0.00e+00 
 6.44398042348654e-09   0.00e+00 
 6.44452829733197e-09   0.00e+00 
 6.44507617303628e-09   0.00e+00 
 6.44562405059927e-09   0.00e+00 
 6.44617193002073e-09   0.00e+00 
 6.44671981130046e-09   0.00e+00 
 6.44726769443827e-09   0.00e+00 
 6.44781557943394e-09   0.00e+00 
 6.44836346628728e-09   0.00e+00 
 6.44891135499808e-09   0.00e+00 
 6.44945924556614e-09   0.00e+00 
 6.45000713799126e-09   0.00e+00 
 6.45055503227324e-09   0.00e+00 
 6.45110292841187e-09   0.00e+00 
 6.45165082640695e-09   0.00e+00 
 6.45219872625827e-09   0.00e+00 
 6.45274662796565e-09   0.00e+00 
 6.45329453152887e-09   0.00e+00 
 6.45384243694773e-09   0.00e+00 
 6.45439034422202e-09   0.00e+00 
 6.45493825335155e-09   0.00e+00 
 6.45548616433612e-09   0.00e+00 
 6.45603407717552e-09   0.00e+00 
 6.45658199186955e-09   0.00e+00 
 6.45712990841800e-09   0.00e+00 
 6.45767782682067e-09   0.00e+00 
 6.45822574707737e-09   0.00e+00 
 6.45877366918788e-09   0.00e+00 
 6.45932159315201e-09   0.00e+00 
 6.45986951896955e-09   0.00e+00 
 6.46041744664030e-09   0.00e+00 
 6.46096537616407e-09   0.00e+00 
 6.46151330754063e-09   0.00e+00 
 6.46206124076981e-09   0.00e+00 
 6.46260917585138e-09   0.00e+00 
 6.46315711278515e-09   0.00e+00 
 6.46370505157091e-09   0.00e+00 
 6.46425299220847e-09   0.00e+00 
 6.46480093469761e-09   0.00e+00 
 6.46534887903815e-09   0.00e+00 
 6.46589682522986e-09   0.00e+00 
 6.46644477327257e-09   0.00e+00 
 6.46699272316605e-09   0.00e+00 
 6.46754067491010e-09   0.00e+00 
 6.46808862850453e-09   0.00e+00 
 6.46863658394913e-09   0.00e+00 
 6.46918454124370e-09   0.00e+00 
 6.46973250038804e-09   0.00e+00 
 6.47028046138194e-09   0.00e+00 
 6.47082842422520e-09   0.00e+00 
 6.47137638891761e-09   0.00e+00 
 6.47192435545898e-09   0.00e+00 
 6.47247232384911e-09   0.00e+00 
 6.47302029408778e-09   0.00e+00 
 6.47356826617480e-09   0.00e+00 
 6.47411624010997e-09   0.00e+00 
 6.47466421589307e-09   0.00e+00 
 6.47521219352392e-09   0.00e+00 
 6.47576017300229e-09   0.00e+00 
 6.47630815432801e-09   0.00e+00 
 6.47685613750085e-09   0.00e+00 
 6.47740412252061e-09   0.00e+00 
 6.47795210938711e-09   0.00e+00 
 6.47850009810012e-09   0.00e+00 
 6.47904808865945e-09   0.00e+00 
 6.47959608106490e-09   0.00e+00 
 6.48014407531626e-09   0.00e+00 
 6.48069207141333e-09   0.00e+00 
 6.48124006935591e-09   0.00e+00 
 6.48178806914379e-09   0.00e+00 
 6.48233607077677e-09   0.00e+00 
 6.48288407425465e-09   0.00e+00 
 6.48343207957722e-09   0.00e+00 
 6.48398008674429e-09   0.00e+00 
 6.48452809575564e-09   0.00e+00 
 6.48507610661109e-09   0.00e+00 
 6.48562411931041e-09   0.00e+00 
 6.48617213385342e-09   0.00e+00 
 6.48672015023990e-09   0.00e+00 
 6.48726816846966e-09   0.00e+00 
 6.48781618854249e-09   0.00e+00 
 6.48836421045819e-09   0.00e+00 
 6.48891223421655e-09   0.00e+00 
 6.48946025981737e-09   0.00e+00 
 6.49000828726046e-09   0.00e+00 
 6.49055631654560e-09   0.00e+00 
 6.49110434767259e-09   0.00e+00 
 6.49165238064123e-09   0.00e+00 
 6.49220041545133e-09   0.00e+00 
 6.49274845210266e-09   0.00e+00 
 6.49329649059504e-09   0.00e+00 
 6.49384453092825e-09   0.00e+00 
 6.49439257310210e-09   0.00e+00 
 6.49494061711638e-09   0.00e+00 
 6.49548866297089e-09   0.00e+00 
 6.49603671066543e-09   0.00e+00 
 6.49658476019979e-09   0.00e+00 
 6.49713281157377e-09   0.00e+00 
 6.49768086478717e-09   0.00e+00 
 6.49822891983977e-09   0.00e+00 
 6.49877697673139e-09   0.00e+00 
 6.49932503546182e-09   0.00e+00 
 6.49987309603085e-09   0.00e+00 
 6.50042115843828e-09   0.00e+00 
 6.50096922268391e-09   0.00e+00 
 6.50151728876754e-09   0.00e+00 
 6.50206535668896e-09   0.00e+00 
 6.50261342644796e-09   0.00e+00 
 6.50316149804435e-09   0.00e+00 
 6.50370957147793e-09   0.00e+00 
 6.50425764674848e-09   0.00e+00 
 6.50480572385581e-09   0.00e+00 
 6.50535380279972e-09   0.00e+00 
 6.50590188357999e-09   0.00e+00 
 6.50644996619643e-09   0.00e+00 
 6.50699805064884e-09   0.00e+00 
 6.50754613693701e-09   0.00e+00 
 6.50809422506074e-09   0.00e+00 
 6.50864231501982e-09   0.00e+00 
 6.50919040681405e-09   0.00e+00 
 6.50973850044323e-09   0.00e+00 
 6.51028659590716e-09   0.00e+00 
 6.51083469320563e-09   0.00e+00 
 6.51138279233844e-09   0.00e+00 
 6.51193089330539e-09   0.00e+00 
 6.51247899610628e-09   0.00e+00 
 6.51302710074089e-09   0.00e+00 
 6.51357520720903e-09   0.00e+00 
 6.51412331551050e-09   0.00e+00 
 6.51467142564508e-09   0.00e+00 
 6.51521953761259e-09   0.00e+00 
 6.51576765141281e-09   0.00e+00 
 6.51631576704555e-09   0.00e+00 
 6.51686388451059e-09   0.00e+00 
 6.51741200380774e-09   0.00e+00 
 6.51796012493680e-09   0.00e+00 
 6.51850824789756e-09   0.00e+00 
 6.51905637268981e-09   0.00e+00 
 6.51960449931336e-09   0.00e+00 
 6.52015262776801e-09   0.00e+00 
 6.52070075805354e-09   0.00e+00 
 6.52124889016976e-09   0.00e+00 
 6.52179702411646e-09   0.00e+00 
 6.52234515989344e-09   0.00e+00 
 6.52289329750050e-09   0.00e+00 
 6.52344143693744e-09   0.00e+00 
 6.52398957820405e-09   0.00e+00 
 6.52453772130014e-09   0.00e+00 
 6.52508586622548e-09   0.00e+00 
 6.52563401297989e-09   0.00e+00 
 6.52618216156316e-09   0.00e+00 
 6.52673031197509e-09   0.00e+00 
 6.52727846421548e-09   0.00e+00 
 6.52782661828412e-09   0.00e+00 
 6.52837477418081e-09   0.00e+00 
 6.52892293190535e-09   0.00e+00 
 6.52947109145753e-09   0.00e+00 
 6.53001925283715e-09   0.00e+00 
 6.53056741604402e-09   0.00e+00 
 6.53111558107792e-09   0.00e+00 
 6.53166374793865e-09   0.00e+00 
 6.53221191662602e-09   0.00e+00 
 6.53276008713982e-09   0.00e+00 
 6.53330825947984e-09   0.00e+00 
 6.53385643364589e-09   0.00e+00 
 6.53440460963776e-09   0.00e+00 
 6.53495278745524e-09   0.00e+00 
 6.53550096709814e-09   0.00e+00 
 6.53604914856626e-09   0.00e+00 
 6.53659733185939e-09   0.00e+00 
 6.53714551697733e-09   0.00e+00 
 6.53769370391987e-09   0.00e+00 
 6.53824189268682e-09   0.00e+00 
 6.53879008327796e-09   0.00e+00 
 6.53933827569311e-09   0.00e+00 
 6.53988646993206e-09   0.00e+00 
 6.54043466599460e-09   0.00e+00 
 6.54098286388053e-09   0.00e+00 
 6.54153106358965e-09   0.00e+00 
 6.54207926512176e-09   0.00e+00 
 6.54262746847666e-09   0.00e+00 
 6.54317567365414e-09   0.00e+00 
 6.54372388065399e-09   0.00e+00 
 6.54427208947603e-09   0.00e+00 
 6.54482030012004e-09   0.00e+00 
 6.54536851258583e-09   0.00e+00 
 6.54591672687319e-09   0.00e+00 
 6.54646494298191e-09   0.00e+00 
 6.54701316091181e-09   0.00e+00 
 6.54756138066267e-09   0.00e+00 
 6.54810960223430e-09   0.00e+00 
 6.54865782562649e-09   0.00e+00 
 6.54920605083903e-09   0.00e+00 
 6.54975427787173e-09   0.00e+00 
 6.55030250672439e-09   0.00e+00 
 6.55085073739680e-09   0.00e+00 
 6.55139896988877e-09   0.00e+00 
 6.55194720420008e-09   0.00e+00 
 6.55249544033053e-09   0.00e+00 
 6.55304367827994e-09   0.00e+00 
 6.55359191804809e-09   0.00e+00 
 6.55414015963477e-09   0.00e+00 
 6.55468840303980e-09   0.00e+00 
 6.55523664826297e-09   0.00e+00 
 6.55578489530407e-09   0.00e+00 
 6.55633314416290e-09   0.00e+00 
 6.55688139483927e-09   0.00e+00 
 6.55742964733297e-09   0.00e+00 
 6.55797790164380e-09   0.00e+00 
 6.55852615777155e-09   0.00e+00 
 6.55907441571603e-09   0.00e+00 
 6.55962267547704e-09   0.00e+00 
 6.56017093705436e-09   0.00e+00 
 6.56071920044781e-09   0.00e+00 
 6.56126746565717e-09   0.00e+00 
 6.56181573268225e-09   0.00e+00 
 6.56236400152285e-09   0.00e+00 
 6.56291227217876e-09   0.00e+00 
 6.56346054464978e-09   0.00e+00 
 6.56400881893572e-09   0.00e+00 
 6.56455709503636e-09   0.00e+00 
 6.56510537295151e-09   0.00e+00 
 6.56565365268096e-09   0.00e+00 
 6.56620193422452e-09   0.00e+00 
 6.56675021758198e-09   0.00e+00 
 6.56729850275315e-09   0.00e+00 
 6.56784678973781e-09   0.00e+00 
 6.56839507853577e-09   0.00e+00 
 6.56894336914683e-09   0.00e+00 
 6.56949166157079e-09   0.00e+00 
 6.57003995580743e-09   0.00e+00 
 6.57058825185657e-09   0.00e+00 
 6.57113654971801e-09   0.00e+00 
 6.57168484939153e-09   0.00e+00 
 6.57223315087694e-09   0.00e+00 
 6.57278145417404e-09   0.00e+00 
 6.57332975928262e-09   0.00e+00 
 6.57387806620249e-09   0.00e+00 
 6.57442637493344e-09   0.00e+00 
 6.57497468547528e-09   0.00e+00 
 6.57552299782779e-09   0.00e+00 
 6.57607131199079e-09   0.00e+00 
 6.57661962796406e-09   0.00e+00 
 6.57716794574741e-09   0.00e+00 
 6.57771626534063e-09   0.00e+00 
 6.57826458674353e-09   0.00e+00 
 6.57881290995591e-09   0.00e+00 
 6.57936123497755e-09   0.00e+00 
 6.57990956180827e-09   0.00e+00 
 6.58045789044785e-09   0.00e+00 
 6.58100622089611e-09   0.00e+00 
 6.58155455315283e-09   0.00e+00 
 6.58210288721781e-09   0.00e+00 
 6.58265122309086e-09   0.00e+00 
 6.58319956077178e-09   0.00e+00 
 6.58374790026036e-09   0.00e+00 
 6.58429624155639e-09   0.00e+00 
 6.58484458465969e-09   0.00e+00 
 6.58539292957005e-09   0.00e+00 
 6.58594127628726e-09   0.00e+00 
 6.58648962481113e-09   0.00e+00 
 6.58703797514146e-09   0.00e+00 
 6.58758632727804e-09   0.00e+00 
 6.58813468122068e-09   0.00e+00 
 6.58868303696917e-09   0.00e+00 
 6.58923139452331e-09   0.00e+00 
 6.58977975388290e-09   0.00e+00 
 6.59032811504773e-09   0.00e+00 
 6.59087647801762e-09   0.00e+00 
 6.59142484279235e-09   0.00e+00 
 6.59197320937173e-09   0.00e+00 
 6.59252157775555e-09   0.00e+00 
 6.59306994794361e-09   0.00e+00 
 6.59361831993572e-09   0.00e+00 
 6.59416669373166e-09   0.00e+00 
 6.59471506933125e-09   0.00e+00 
 6.59526344673428e-09   0.00e+00 
 6.59581182594054e-09   0.00e+00 
 6.59636020694984e-09   0.00e+00 
 6.59690858976197e-09   0.00e+00 
 6.59745697437675e-09   0.00e+00 
 6.59800536079395e-09   0.00e+00 
 6.59855374901338e-09   0.00e+00 
 6.59910213903485e-09   0.00e+00 
 6.59965053085815e-09   0.00e+00 
 6.60019892448307e-09   0.00e+00 
 6.60074731990942e-09   0.00e+00 
 6.60129571713700e-09   0.00e+00 
 6.60184411616560e-09   0.00e+00 
 6.60239251699503e-09   0.00e+00 
 6.60294091962508e-09   0.00e+00 
 6.60348932405555e-09   0.00e+00 
 6.60403773028624e-09   0.00e+00 
 6.60458613831695e-09   0.00e+00 
 6.60513454814748e-09   0.00e+00 
 6.60568295977762e-09   0.00e+00 
 6.60623137320718e-09   0.00e+00 
 6.60677978843596e-09   0.00e+00 
 6.60732820546375e-09   0.00e+00 
 6.60787662429035e-09   0.00e+00 
 6.60842504491556e-09   0.00e+00 
 6.60897346733918e-09   0.00e+00 
 6.60952189156100e-09   0.00e+00 
 6.61007031758084e-09   0.00e+00 
 6.61061874539848e-09   0.00e+00 
 6.61116717501373e-09   0.00e+00 
 6.61171560642637e-09   0.00e+00 
 6.61226403963622e-09   0.00e+00 
 6.61281247464307e-09   0.00e+00 
 6.61336091144672e-09   0.00e+00 
 6.61390935004697e-09   0.00e+00 
 6.61445779044361e-09   0.00e+00 
 6.61500623263645e-09   0.00e+00 
 6.61555467662528e-09   0.00e+00 
 6.61610312240991e-09   0.00e+00 
 6.61665156999012e-09   0.00e+00 
 6.61720001936572e-09   0.00e+00 
 6.61774847053652e-09   0.00e+00 
 6.61829692350230e-09   0.00e+00 
 6.61884537826286e-09   0.00e+00 
 6.61939383481800e-09   0.00e+00 
 6.61994229316753e-09   0.00e+00 
 6.62049075331125e-09   0.00e+00 
 6.62103921524894e-09   0.00e+00 
 6.62158767898040e-09   0.00e+00 
 6.62213614450545e-09   0.00e+00 
 6.62268461182386e-09   0.00e+00 
 6.62323308093545e-09   0.00e+00 
 6.62378155184002e-09   0.00e+00 
 6.62433002453735e-09   0.00e+00 
 6.62487849902725e-09   0.00e+00 
 6.62542697530952e-09   0.00e+00 
 6.62597545338395e-09   0.00e+00 
 6.62652393325035e-09   0.00e+00 
 6.62707241490851e-09   0.00e+00 
 6.62762089835822e-09   0.00e+00 
 6.62816938359930e-09   0.00e+00 
 6.62871787063154e-09   0.00e+00 
 6.62926635945472e-09   0.00e+00 
 6.62981485006867e-09   0.00e+00 
 6.63036334247316e-09   0.00e+00 
 6.63091183666800e-09   0.00e+00 
 6.63146033265300e-09   0.00e+00 
 6.63200883042794e-09   0.00e+00 
 6.63255732999262e-09   0.00e+00 
 6.63310583134685e-09   0.00e+00 
 6.63365433449042e-09   0.00e+00 
 6.63420283942313e-09   0.00e+00 
 6.63475134614477e-09   0.00e+00 
 6.63529985465515e-09   0.00e+00 
 6.63584836495407e-09   0.00e+00 
 6.63639687704132e-09   0.00e+00 
 6.63694539091669e-09   0.00e+00 
 6.63749390658000e-09   0.00e+00 
 6.63804242403103e-09   0.00e+00 
 6.63859094326959e-09   0.00e+00 
 6.63913946429546e-09   0.00e+00 
 6.63968798710846e-09   0.00e+00 
 6.64023651170838e-09   0.00e+00 
 6.64078503809501e-09   0.00e+00 
 6.64133356626816e-09   0.00e+00 
 6.64188209622762e-09   0.00e+00 
 6.64243062797319e-09   0.00e+00 
 6.64297916150467e-09   0.00e+00 
 6.64352769682186e-09   0.00e+00 
 6.64407623392455e-09   0.00e+00 
 6.64462477281255e-09   0.00e+00 
 6.64517331348564e-09   0.00e+00 
 6.64572185594364e-09   0.00e+00 
 6.64627040018632e-09   0.00e+00 
 6.64681894621351e-09   0.00e+00 
 6.64736749402498e-09   0.00e+00 
 6.64791604362055e-09   0.00e+00 
 6.64846459500000e-09   0.00e+00 
 6.64901314816314e-09   0.00e+00 
 6.64956170310976e-09   0.00e+00 
 6.65011025983967e-09   0.00e+00 
 6.65065881835265e-09   0.00e+00 
 6.65120737864851e-09   0.00e+00 
 6.65175594072705e-09   0.00e+00 
 6.65230450458806e-09   0.00e+00 
 6.65285307023134e-09   0.00e+00 
 6.65340163765669e-09   0.00e+00 
 6.65395020686390e-09   0.00e+00 
 6.65449877785278e-09   0.00e+00 
 6.65504735062312e-09   0.00e+00 
 6.65559592517472e-09   0.00e+00 
 6.65614450150738e-09   0.00e+00 
 6.65669307962090e-09   0.00e+00 
 6.65724165951506e-09   0.00e+00 
 6.65779024118968e-09   0.00e+00 
 6.65833882464455e-09   0.00e+00 
 6.65888740987946e-09   0.00e+00 
 6.65943599689422e-09   0.00e+00 
 6.65998458568862e-09   0.00e+00 
 6.66053317626246e-09   0.00e+00 
 6.66108176861554e-09   0.00e+00 
 6.66163036274765e-09   0.00e+00 
 6.66217895865859e-09   0.00e+00 
 6.66272755634817e-09   0.00e+00 
 6.66327615581618e-09   0.00e+00 
 6.66382475706241e-09   0.00e+00 
 6.66437336008666e-09   0.00e+00 
 6.66492196488874e-09   0.00e+00 
 6.66547057146843e-09   0.00e+00 
 6.66601917982554e-09   0.00e+00 
 6.66656778995987e-09   0.00e+00 
 6.66711640187121e-09   0.00e+00 
 6.66766501555936e-09   0.00e+00 
 6.66821363102412e-09   0.00e+00 
 6.66876224826528e-09   0.00e+00 
 6.66931086728265e-09   0.00e+00 
 6.66985948807602e-09   0.00e+00 
 6.67040811064519e-09   0.00e+00 
 6.67095673498996e-09   0.00e+00 
 6.67150536111012e-09   0.00e+00 
 6.67205398900547e-09   0.00e+00 
 6.67260261867582e-09   0.00e+00 
 6.67315125012095e-09   0.00e+00 
 6.67369988334067e-09   0.00e+00 
 6.67424851833477e-09   0.00e+00 
 6.67479715510305e-09   0.00e+00 
 6.67534579364531e-09   0.00e+00 
 6.67589443396135e-09   0.00e+00 
 6.67644307605096e-09   0.00e+00 
 6.67699171991394e-09   0.00e+00 
 6.67754036555010e-09   0.00e+00 
 6.67808901295922e-09   0.00e+00 
 6.67863766214111e-09   0.00e+00 
 6.67918631309557e-09   0.00e+00 
 6.67973496582239e-09   0.00e+00 
 6.68028362032136e-09   0.00e+00 
 6.68083227659230e-09   0.00e+00 
 6.68138093463499e-09   0.00e+00 
 6.68192959444923e-09   0.00e+00 
 6.68247825603482e-09   0.00e+00 
 6.68302691939157e-09   0.00e+00 
 6.68357558451926e-09   0.00e+00 
 6.68412425141770e-09   0.00e+00 
 6.68467292008668e-09   0.00e+00 
 6.68522159052600e-09   0.00e+00 
 6.68577026273546e-09   0.00e+00 
 6.68631893671485e-09   0.00e+00 
 6.68686761246399e-09   0.00e+00 
 6.68741628998265e-09   0.00e+00 
 6.68796496927065e-09   0.00e+00 
 6.68851365032777e-09   0.00e+00 
 6.68906233315383e-09   0.00e+00 
 6.68961101774860e-09   0.00e+00 
 6.69015970411190e-09   0.00e+00 
 6.69070839224353e-09   0.00e+00 
 6.69125708214327e-09   0.00e+00 
 6.69180577381093e-09   0.00e+00 
 6.69235446724631e-09   0.00e+00 
 6.69290316244920e-09   0.00e+00 
 6.69345185941941e-09   0.00e+00 
 6.69400055815672e-09   0.00e+00 
 6.69454925866094e-09   0.00e+00 
 6.69509796093187e-09   0.00e+00 
 6.69564666496931e-09   0.00e+00 
 6.69619537077305e-09   0.00e+00 
 6.69674407834289e-09   0.00e+00 
 6.69729278767864e-09   0.00e+00 
 6.69784149878008e-09   0.00e+00 
 6.69839021164702e-09   0.00e+00 
 6.69893892627926e-09   0.00e+00 
 6.69948764267658e-09   0.00e+00 
 6.70003636083881e-09   0.00e+00 
 6.70058508076572e-09   0.00e+00 
 6.70113380245712e-09   0.00e+00 
 6.70168252591281e-09   0.00e+00 
 6.70223125113259e-09   0.00e+00 
 6.70277997811625e-09   0.00e+00 
 6.70332870686360e-09   0.00e+00 
 6.70387743737442e-09   0.00e+00 
 6.70442616964853e-09   0.00e+00 
 6.70497490368572e-09   0.00e+00 
 6.70552363948578e-09   0.00e+00 
 6.70607237704853e-09   0.00e+00 
 6.70662111637374e-09   0.00e+00 
 6.70716985746123e-09   0.00e+00 
 6.70771860031080e-09   0.00e+00 
 6.70826734492223e-09   0.00e+00 
 6.70881609129534e-09   0.00e+00 
 6.70936483942992e-09   0.00e+00 
 6.70991358932576e-09   0.00e+00 
 6.71046234098267e-09   0.00e+00 
 6.71101109440044e-09   0.00e+00 
 6.71155984957888e-09   0.00e+00 
 6.71210860651779e-09   0.00e+00 
 6.71265736521695e-09   0.00e+00 
 6.71320612567618e-09   0.00e+00 
 6.71375488789527e-09   0.00e+00 
 6.71430365187402e-09   0.00e+00 
 6.71485241761223e-09   0.00e+00 
 6.71540118510969e-09   0.00e+00 
 6.71594995436621e-09   0.00e+00 
 6.71649872538159e-09   0.00e+00 
 6.71704749815562e-09   0.00e+00 
 6.71759627268810e-09   0.00e+00 
 6.71814504897884e-09   0.00e+00 
 6.71869382702763e-09   0.00e+00 
 6.71924260683428e-09   0.00e+00 
 6.71979138839857e-09   0.00e+00 
 6.72034017172032e-09   0.00e+00 
 6.72088895679931e-09   0.00e+00 
 6.72143774363535e-09   0.00e+00 
 6.72198653222824e-09   0.00e+00 
 6.72253532257778e-09   0.00e+00 
 6.72308411468376e-09   0.00e+00 
 6.72363290854600e-09   0.00e+00 
 6.72418170416427e-09   0.00e+00 
 6.72473050153839e-09   0.00e+00 
 6.72527930066816e-09   0.00e+00 
 6.72582810155338e-09   0.00e+00 
 6.72637690419383e-09   0.00e+00 
 6.72692570858933e-09   0.00e+00 
 6.72747451473968e-09   0.00e+00 
 6.72802332264466e-09   0.00e+00 
 6.72857213230409e-09   0.00e+00 
 6.72912094371776e-09   0.00e+00 
 6.72966975688548e-09   0.00e+00 
 6.73021857180703e-09   0.00e+00 
 6.73076738848222e-09   0.00e+00 
 6.73131620691086e-09   0.00e+00 
 6.73186502709274e-09   0.00e+00 
 6.73241384902765e-09   0.00e+00 
 6.73296267271541e-09   0.00e+00 
 6.73351149815581e-09   0.00e+00 
 6.73406032534865e-09   0.00e+00 
 6.73460915429373e-09   0.00e+00 
 6.73515798499084e-09   0.00e+00 
 6.73570681743980e-09   0.00e+00 
 6.73625565164040e-09   0.00e+00 
 6.73680448759243e-09   0.00e+00 
 6.73735332529571e-09   0.00e+00 
 6.73790216475003e-09   0.00e+00 
 6.73845100595519e-09   0.00e+00 
 6.73899984891098e-09   0.00e+00 
 6.73954869361722e-09   0.00e+00 
 6.74009754007370e-09   0.00e+00 
 6.74064638828021e-09   0.00e+00 
 6.74119523823657e-09   0.00e+00 
 6.74174408994257e-09   0.00e+00 
 6.74229294339800e-09   0.00e+00 
 6.74284179860268e-09   0.00e+00 
 6.74339065555640e-09   0.00e+00 
 6.74393951425896e-09   0.00e+00 
 6.74448837471016e-09   0.00e+00 
 6.74503723690981e-09   0.00e+00 
 6.74558610085770e-09   0.00e+00 
 6.74613496655363e-09   0.00e+00 
 6.74668383399740e-09   0.00e+00 
 6.74723270318881e-09   0.00e+00 
 6.74778157412767e-09   0.00e+00 
 6.74833044681377e-09   0.00e+00 
 6.74887932124692e-09   0.00e+00 
 6.74942819742691e-09   0.00e+00 
 6.74997707535354e-09   0.00e+00 
 6.75052595502662e-09   0.00e+00 
 6.75107483644595e-09   0.00e+00 
 6.75162371961132e-09   0.00e+00 
 6.75217260452254e-09   0.00e+00 
 6.75272149117940e-09   0.00e+00 
 6.75327037958172e-09   0.00e+00 
 6.75381926972928e-09   0.00e+00 
 6.75436816162189e-09   0.00e+00 
 6.75491705525935e-09   0.00e+00 
 6.75546595064145e-09   0.00e+00 
 6.75601484776801e-09   0.00e+00 
 6.75656374663882e-09   0.00e+00 
 6.75711264725368e-09   0.00e+00 
 6.75766154961240e-09   0.00e+00 
 6.75821045371476e-09   0.00e+00 
 6.75875935956058e-09   0.00e+00 
 6.75930826714965e-09   0.00e+00 
 6.75985717648178e-09   0.00e+00 
 6.76040608755676e-09   0.00e+00 
 6.76095500037439e-09   0.00e+00 
 6.76150391493449e-09   0.00e+00 
 6.76205283123684e-09   0.00e+00 
 6.76260174928124e-09   0.00e+00 
 6.76315066906751e-09   0.00e+00 
 6.76369959059544e-09   0.00e+00 
 6.76424851386482e-09   0.00e+00 
 6.76479743887547e-09   0.00e+00 
 6.76534636562717e-09   0.00e+00 
 6.76589529411974e-09   0.00e+00 
 6.76644422435297e-09   0.00e+00 
 6.76699315632667e-09   0.00e+00 
 6.76754209004062e-09   0.00e+00 
 6.76809102549465e-09   0.00e+00 
 6.76863996268854e-09   0.00e+00 
 6.76918890162210e-09   0.00e+00 
 6.76973784229512e-09   0.00e+00 
 6.77028678470741e-09   0.00e+00 
 6.77083572885877e-09   0.00e+00 
 6.77138467474900e-09   0.00e+00 
 6.77193362237790e-09   0.00e+00 
 6.77248257174527e-09   0.00e+00 
 6.77303152285091e-09   0.00e+00 
 6.77358047569463e-09   0.00e+00 
 6.77412943027621e-09   0.00e+00 
 6.77467838659548e-09   0.00e+00 
 6.77522734465221e-09   0.00e+00 
 6.77577630444623e-09   0.00e+00 
 6.77632526597732e-09   0.00e+00 
 6.77687422924528e-09   0.00e+00 
 6.77742319424993e-09   0.00e+00 
 6.77797216099105e-09   0.00e+00 
 6.77852112946846e-09   0.00e+00 
 6.77907009968194e-09   0.00e+00 
 6.77961907163131e-09   0.00e+00 
 6.78016804531636e-09   0.00e+00 
 6.78071702073689e-09   0.00e+00 
 6.78126599789271e-09   0.00e+00 
 6.78181497678361e-09   0.00e+00 
 6.78236395740940e-09   0.00e+00 
 6.78291293976987e-09   0.00e+00 
 6.78346192386483e-09   0.00e+00 
 6.78401090969408e-09   0.00e+00 
 6.78455989725742e-09   0.00e+00 
 6.78510888655465e-09   0.00e+00 
 6.78565787758557e-09   0.00e+00 
 6.78620687034998e-09   0.00e+00 
 6.78675586484768e-09   0.00e+00 
 6.78730486107848e-09   0.00e+00 
 6.78785385904217e-09   0.00e+00 
 6.78840285873856e-09   0.00e+00 
 6.78895186016744e-09   0.00e+00 
 6.78950086332862e-09   0.00e+00 
 6.79004986822190e-09   0.00e+00 
 6.79059887484707e-09   0.00e+00 
 6.79114788320395e-09   0.00e+00 
 6.79169689329232e-09   0.00e+00 
 6.79224590511200e-09   0.00e+00 
 6.79279491866277e-09   0.00e+00 
 6.79334393394445e-09   0.00e+00 
 6.79389295095684e-09   0.00e+00 
 6.79444196969972e-09   0.00e+00 
 6.79499099017291e-09   0.00e+00 
 6.79554001237621e-09   0.00e+00 
 6.79608903630941e-09   0.00e+00 
 6.79663806197233e-09   0.00e+00 
 6.79718708936475e-09   0.00e+00 
 6.79773611848648e-09   0.00e+00 
 6.79828514933732e-09   0.00e+00 
 6.79883418191707e-09   0.00e+00 
 6.79938321622554e-09   0.00e+00 
 6.79993225226251e-09   0.00e+00 
 6.80048129002781e-09   0.00e+00 
 6.80103032952121e-09   0.00e+00 
 6.80157937074253e-09   0.00e+00 
 6.80212841369157e-09   0.00e+00 
 6.80267745836812e-09   0.00e+00 
 6.80322650477199e-09   0.00e+00 
 6.80377555290298e-09   0.00e+00 
 6.80432460276089e-09   0.00e+00 
 6.80487365434552e-09   0.00e+00 
 6.80542270765667e-09   0.00e+00 
 6.80597176269414e-09   0.00e+00 
 6.80652081945774e-09   0.00e+00 
 6.80706987794726e-09   0.00e+00 
 6.80761893816251e-09   0.00e+00 
 6.80816800010328e-09   0.00e+00 
 6.80871706376938e-09   0.00e+00 
 6.80926612916060e-09   0.00e+00 
 6.80981519627676e-09   0.00e+00 
 6.81036426511764e-09   0.00e+00 
 6.81091333568305e-09   0.00e+00 
 6.81146240797280e-09   0.00e+00 
 6.81201148198667e-09   0.00e+00 
 6.81256055772448e-09   0.00e+00 
 6.81310963518602e-09   0.00e+00 
 6.81365871437109e-09   0.00e+00 
 6.81420779527950e-09   0.00e+00 
 6.81475687791105e-09   0.00e+00 
 6.81530596226554e-09   0.00e+00 
 6.81585504834276e-09   0.00e+00 
 6.81640413614252e-09   0.00e+00 
 6.81695322566463e-09   0.00e+00 
 6.81750231690887e-09   0.00e+00 
 6.81805140987506e-09   0.00e+00 
 6.81860050456299e-09   0.00e+00 
 6.81914960097246e-09   0.00e+00 
 6.81969869910328e-09   0.00e+00 
 6.82024779895524e-09   0.00e+00 
 6.82079690052815e-09   0.00e+00 
 6.82134600382181e-09   0.00e+00 
 6.82189510883602e-09   0.00e+00 
 6.82244421557057e-09   0.00e+00 
 6.82299332402528e-09   0.00e+00 
 6.82354243419994e-09   0.00e+00 
 6.82409154609435e-09   0.00e+00 
 6.82464065970831e-09   0.00e+00 
 6.82518977504164e-09   0.00e+00 
 6.82573889209411e-09   0.00e+00 
 6.82628801086555e-09   0.00e+00 
 6.82683713135574e-09   0.00e+00 
 6.82738625356449e-09   0.00e+00 
 6.82793537749161e-09   0.00e+00 
 6.82848450313688e-09   0.00e+00 
 6.82903363050012e-09   0.00e+00 
 6.82958275958112e-09   0.00e+00 
 6.83013189037969e-09   0.00e+00 
 6.83068102289562e-09   0.00e+00 
 6.83123015712872e-09   0.00e+00 
 6.83177929307879e-09   0.00e+00 
 6.83232843074562e-09   0.00e+00 
 6.83287757012903e-09   0.00e+00 
 6.83342671122881e-09   0.00e+00 
 6.83397585404477e-09   0.00e+00 
 6.83452499857670e-09   0.00e+00 
 6.83507414482440e-09   0.00e+00 
 6.83562329278769e-09   0.00e+00 
 6.83617244246635e-09   0.00e+00 
 6.83672159386019e-09   0.00e+00 
 6.83727074696901e-09   0.00e+00 
 6.83781990179262e-09   0.00e+00 
 6.83836905833081e-09   0.00e+00 
 6.83891821658339e-09   0.00e+00 
 6.83946737655015e-09   0.00e+00 
 6.84001653823090e-09   0.00e+00 
 6.84056570162544e-09   0.00e+00 
 6.84111486673358e-09   0.00e+00 
 6.84166403355510e-09   0.00e+00 
 6.84221320208982e-09   0.00e+00 
 6.84276237233754e-09   0.00e+00 
 6.84331154429805e-09   0.00e+00 
 6.84386071797117e-09   0.00e+00 
 6.84440989335668e-09   0.00e+00 
 6.84495907045440e-09   0.00e+00 
 6.84550824926411e-09   0.00e+00 
 6.84605742978564e-09   0.00e+00 
 6.84660661201877e-09   0.00e+00 
 6.84715579596331e-09   0.00e+00 
 6.84770498161907e-09   0.00e+00 
 6.84825416898583e-09   0.00e+00 
 6.84880335806341e-09   0.00e+00 
 6.84935254885161e-09   0.00e+00 
 6.84990174135023e-09   0.00e+00 
 6.85045093555906e-09   0.00e+00 
 6.85100013147792e-09   0.00e+00 
 6.85154932910660e-09   0.00e+00 
 6.85209852844490e-09   0.00e+00 
 6.85264772949264e-09   0.00e+00 
 6.85319693224960e-09   0.00e+00 
 6.85374613671559e-09   0.00e+00 
 6.85429534289042e-09   0.00e+00 
 6.85484455077388e-09   0.00e+00 
 6.85539376036579e-09   0.00e+00 
 6.85594297166593e-09   0.00e+00 
 6.85649218467411e-09   0.00e+00 
 6.85704139939014e-09   0.00e+00 
 6.85759061581382e-09   0.00e+00 
 6.85813983394494e-09   0.00e+00 
 6.85868905378332e-09   0.00e+00 
 6.85923827532875e-09   0.00e+00 
 6.85978749858104e-09   0.00e+00 
 6.86033672353998e-09   0.00e+00 
 6.86088595020539e-09   0.00e+00 
 6.86143517857705e-09   0.00e+00 
 6.86198440865478e-09   0.00e+00 
 6.86253364043838e-09   0.00e+00 
 6.86308287392765e-09   0.00e+00 
 6.86363210912239e-09   0.00e+00 
 6.86418134602241e-09   0.00e+00 
 6.86473058462751e-09   0.00e+00 
 6.86527982493749e-09   0.00e+00 
 6.86582906695215e-09   0.00e+00 
 6.86637831067130e-09   0.00e+00 
 6.86692755609474e-09   0.00e+00 
 6.86747680322227e-09   0.00e+00 
 6.86802605205370e-09   0.00e+00 
 6.86857530258883e-09   0.00e+00 
 6.86912455482745e-09   0.00e+00 
 6.86967380876938e-09   0.00e+00 
 6.87022306441442e-09   0.00e+00 
 6.87077232176236e-09   0.00e+00 
 6.87132158081302e-09   0.00e+00 
 6.87187084156620e-09   0.00e+00 
 6.87242010402169e-09   0.00e+00 
 6.87296936817931e-09   0.00e+00 
 6.87351863403885e-09   0.00e+00 
 6.87406790160012e-09   0.00e+00 
 6.87461717086292e-09   0.00e+00 
 6.87516644182706e-09   0.00e+00 
 6.87571571449234e-09   0.00e+00 
 6.87626498885856e-09   0.00e+00 
 6.87681426492552e-09   0.00e+00 
 6.87736354269304e-09   0.00e+00 
 6.87791282216090e-09   0.00e+00 
 6.87846210332893e-09   0.00e+00 
 6.87901138619691e-09   0.00e+00 
 6.87956067076466e-09   0.00e+00 
 6.88010995703197e-09   0.00e+00 
 6.88065924499866e-09   0.00e+00 
 6.88120853466452e-09   0.00e+00 
 6.88175782602937e-09   0.00e+00 
 6.88230711909299e-09   0.00e+00 
 6.88285641385520e-09   0.00e+00 
 6.88340571031581e-09   0.00e+00 
 6.88395500847461e-09   0.00e+00 
 6.88450430833140e-09   0.00e+00 
 6.88505360988600e-09   0.00e+00 
 6.88560291313821e-09   0.00e+00 
 6.88615221808783e-09   0.00e+00 
 6.88670152473467e-09   0.00e+00 
 6.88725083307852e-09   0.00e+00 
 6.88780014311920e-09   0.00e+00 
 6.88834945485651e-09   0.00e+00 
 6.88889876829026e-09   0.00e+00 
 6.88944808342024e-09   0.00e+00 
 6.88999740024626e-09   0.00e+00 
 6.89054671876814e-09   0.00e+00 
 6.89109603898566e-09   0.00e+00 
 6.89164536089864e-09   0.00e+00 
 6.89219468450689e-09   0.00e+00 
 6.89274400981020e-09   0.00e+00 
 6.89329333680837e-09   0.00e+00 
 6.89384266550123e-09   0.00e+00 
 6.89439199588857e-09   0.00e+00 
 6.89494132797020e-09   0.00e+00 
 6.89549066174592e-09   0.00e+00 
 6.89603999721553e-09   0.00e+00 
 6.89658933437885e-09   0.00e+00 
 6.89713867323567e-09   0.00e+00 
 6.89768801378581e-09   0.00e+00 
 6.89823735602906e-09   0.00e+00 
 6.89878669996524e-09   0.00e+00 
 6.89933604559414e-09   0.00e+00 
 6.89988539291558e-09   0.00e+00 
 6.90043474192937e-09   0.00e+00 
 6.90098409263529e-09   0.00e+00 
 6.90153344503317e-09   0.00e+00 
 6.90208279912281e-09   0.00e+00 
 6.90263215490401e-09   0.00e+00 
 6.90318151237658e-09   0.00e+00 
 6.90373087154033e-09   0.00e+00 
 6.90428023239506e-09   0.00e+00 
 6.90482959494057e-09   0.00e+00 
 6.90537895917668e-09   0.00e+00 
 6.90592832510319e-09   0.00e+00 
 6.90647769271991e-09   0.00e+00 
 6.90702706202663e-09   0.00e+00 
 6.90757643302318e-09   0.00e+00 
 6.90812580570936e-09   0.00e+00 
 6.90867518008496e-09   0.00e+00 
 6.90922455614981e-09   0.00e+00 
 6.90977393390370e-09   0.00e+00 
 6.91032331334644e-09   0.00e+00 
 6.91087269447784e-09   0.00e+00 
 6.91142207729771e-09   0.00e+00 
 6.91197146180585e-09   0.00e+00 
 6.91252084800207e-09   0.00e+00 
 6.91307023588618e-09   0.00e+00 
 6.91361962545799e-09   0.00e+00 
 6.91416901671730e-09   0.00e+00 
 6.91471840966391e-09   0.00e+00 
 6.91526780429764e-09   0.00e+00 
 6.91581720061830e-09   0.00e+00 
 6.91636659862569e-09   0.00e+00 
 6.91691599831962e-09   0.00e+00 
 6.91746539969990e-09   0.00e+00 
 6.91801480276633e-09   0.00e+00 
 6.91856420751872e-09   0.00e+00 
 6.91911361395688e-09   0.00e+00 
 6.91966302208063e-09   0.00e+00 
 6.92021243188976e-09   0.00e+00 
 6.92076184338408e-09   0.00e+00 
 6.92131125656341e-09   0.00e+00 
 6.92186067142755e-09   0.00e+00 
 6.92241008797631e-09   0.00e+00 
 6.92295950620950e-09   0.00e+00 
 6.92350892612693e-09   0.00e+00 
 6.92405834772841e-09   0.00e+00 
 6.92460777101374e-09   0.00e+00 
 6.92515719598273e-09   0.00e+00 
 6.92570662263519e-09   0.00e+00 
 6.92625605097094e-09   0.00e+00 
 6.92680548098977e-09   0.00e+00 
 6.92735491269151e-09   0.00e+00 
 6.92790434607596e-09   0.00e+00 
 6.92845378114292e-09   0.00e+00 
 6.92900321789222e-09   0.00e+00 
 6.92955265632364e-09   0.00e+00 
 6.93010209643702e-09   0.00e+00 
 6.93065153823215e-09   0.00e+00 
 6.93120098170886e-09   0.00e+00 
 6.93175042686693e-09   0.00e+00 
 6.93229987370619e-09   0.00e+00 
 6.93284932222646e-09   0.00e+00 
 6.93339877242752e-09   0.00e+00 
 6.93394822430920e-09   0.00e+00 
 6.93449767787131e-09   0.00e+00 
 6.93504713311366e-09   0.00e+00 
 6.93559659003606e-09   0.00e+00 
 6.93614604863831e-09   0.00e+00 
 6.93669550892024e-09   0.00e+00 
 6.93724497088164e-09   0.00e+00 
 6.93779443452234e-09   0.00e+00 
 6.93834389984214e-09   0.00e+00 
 6.93889336684085e-09   0.00e+00 
 6.93944283551829e-09   0.00e+00 
 6.93999230587426e-09   0.00e+00 
 6.94054177790858e-09   0.00e+00 
 6.94109125162106e-09   0.00e+00 
 6.94164072701151e-09   0.00e+00 
 6.94219020407974e-09   0.00e+00 
 6.94273968282556e-09   0.00e+00 
 6.94328916324879e-09   0.00e+00 
 6.94383864534924e-09   0.00e+00 
 6.94438812912672e-09   0.00e+00 
 6.94493761458105e-09   0.00e+00 
 6.94548710171202e-09   0.00e+00 
 6.94603659051947e-09   0.00e+00 
 6.94658608100320e-09   0.00e+00 
 6.94713557316301e-09   0.00e+00 
 6.94768506699874e-09   0.00e+00 
 6.94823456251018e-09   0.00e+00 
 6.94878405969715e-09   0.00e+00 
 6.94933355855946e-09   0.00e+00 
 6.94988305909694e-09   0.00e+00 
 6.95043256130938e-09   0.00e+00 
 6.95098206519661e-09   0.00e+00 
 6.95153157075844e-09   0.00e+00 
 6.95208107799468e-09   0.00e+00 
 6.95263058690514e-09   0.00e+00 
 6.95318009748964e-09   0.00e+00 
 6.95372960974800e-09   0.00e+00 
 6.95427912368002e-09   0.00e+00 
 6.95482863928553e-09   0.00e+00 
 6.95537815656433e-09   0.00e+00 
 6.95592767551624e-09   0.00e+00 
 6.95647719614108e-09   0.00e+00 
 6.95702671843865e-09   0.00e+00 
 6.95757624240878e-09   0.00e+00 
 6.95812576805128e-09   0.00e+00 
 6.95867529536597e-09   0.00e+00 
 6.95922482435265e-09   0.00e+00 
 6.95977435501115e-09   0.00e+00 
 6.96032388734128e-09   0.00e+00 
 6.96087342134286e-09   0.00e+00 
 6.96142295701569e-09   0.00e+00 
 6.96197249435961e-09   0.00e+00 
 6.96252203337441e-09   0.00e+00 
 6.96307157405993e-09   0.00e+00 
 6.96362111641597e-09   0.00e+00 
 6.96417066044236e-09   0.00e+00 
 6.96472020613890e-09   0.00e+00 
 6.96526975350542e-09   0.00e+00 
 6.96581930254173e-09   0.00e+00 
 6.96636885324764e-09   0.00e+00 
 6.96691840562299e-09   0.00e+00 
 6.96746795966757e-09   0.00e+00 
 6.96801751538121e-09   0.00e+00 
 6.96856707276373e-09   0.00e+00 
 6.96911663181495e-09   0.00e+00 
 6.96966619253467e-09   0.00e+00 
 6.97021575492273e-09   0.00e+00 
 6.97076531897893e-09   0.00e+00 
 6.97131488470310e-09   0.00e+00 
 6.97186445209505e-09   0.00e+00 
 6.97241402115460e-09   0.00e+00 
 6.97296359188157e-09   0.00e+00 
 6.97351316427578e-09   0.00e+00 
 6.97406273833704e-09   0.00e+00 
 6.97461231406518e-09   0.00e+00 
 6.97516189146002e-09   0.00e+00 
 6.97571147052136e-09   0.00e+00 
 6.97626105124904e-09   0.00e+00 
 6.97681063364288e-09   0.00e+00 
 6.97736021770268e-09   0.00e+00 
 6.97790980342827e-09   0.00e+00 
 6.97845939081948e-09   0.00e+00 
 6.97900897987611e-09   0.00e+00 
 6.97955857059800e-09   0.00e+00 
 6.98010816298495e-09   0.00e+00 
 6.98065775703680e-09   0.00e+00 
 6.98120735275335e-09   0.00e+00 
 6.98175695013444e-09   0.00e+00 
 6.98230654917988e-09   0.00e+00 
 6.98285614988949e-09   0.00e+00 
 6.98340575226309e-09   0.00e+00 
 6.98395535630051e-09   0.00e+00 
 6.98450496200156e-09   0.00e+00 
 6.98505456936607e-09   0.00e+00 
 6.98560417839386e-09   0.00e+00 
 6.98615378908474e-09   0.00e+00 
 6.98670340143855e-09   0.00e+00 
 6.98725301545511e-09   0.00e+00 
 6.98780263113422e-09   0.00e+00 
 6.98835224847573e-09   0.00e+00 
 6.98890186747944e-09   0.00e+00 
 6.98945148814519e-09   0.00e+00 
 6.99000111047279e-09   0.00e+00 
 6.99055073446207e-09   0.00e+00 
 6.99110036011284e-09   0.00e+00 
 6.99164998742494e-09   0.00e+00 
 6.99219961639819e-09   0.00e+00 
 6.99274924703241e-09   0.00e+00 
 6.99329887932742e-09   0.00e+00 
 6.99384851328304e-09   0.00e+00 
 6.99439814889911e-09   0.00e+00 
 6.99494778617544e-09   0.00e+00 
 6.99549742511185e-09   0.00e+00 
 6.99604706570818e-09   0.00e+00 
 6.99659670796424e-09   0.00e+00 
 6.99714635187987e-09   0.00e+00 
 6.99769599745487e-09   0.00e+00 
 6.99824564468909e-09   0.00e+00 
 6.99879529358234e-09   0.00e+00 
 6.99934494413445e-09   0.00e+00 
 6.99989459634524e-09   0.00e+00 
 7.00044425021454e-09   0.00e+00 
 7.00099390574217e-09   0.00e+00 
 7.00154356292797e-09   0.00e+00 
 7.00209322177175e-09   0.00e+00 
 7.00264288227335e-09   0.00e+00 
 7.00319254443258e-09   0.00e+00 
 7.00374220824927e-09   0.00e+00 
 7.00429187372325e-09   0.00e+00 
 7.00484154085435e-09   0.00e+00 
 7.00539120964239e-09   0.00e+00 
 7.00594088008720e-09   0.00e+00 
 7.00649055218860e-09   0.00e+00 
 7.00704022594642e-09   0.00e+00 
 7.00758990136050e-09   0.00e+00 
 7.00813957843065e-09   0.00e+00 
 7.00868925715670e-09   0.00e+00 
 7.00923893753849e-09   0.00e+00 
 7.00978861957583e-09   0.00e+00 
 7.01033830326856e-09   0.00e+00 
 7.01088798861651e-09   0.00e+00 
 7.01143767561949e-09   0.00e+00 
 7.01198736427735e-09   0.00e+00 
 7.01253705458990e-09   0.00e+00 
 7.01308674655698e-09   0.00e+00 
 7.01363644017841e-09   0.00e+00 
 7.01418613545403e-09   0.00e+00 
 7.01473583238366e-09   0.00e+00 
 7.01528553096713e-09   0.00e+00 
 7.01583523120427e-09   0.00e+00 
 7.01638493309492e-09   0.00e+00 
 7.01693463663889e-09   0.00e+00 
 7.01748434183601e-09   0.00e+00 
 7.01803404868613e-09   0.00e+00 
 7.01858375718906e-09   0.00e+00 
 7.01913346734464e-09   0.00e+00 
 7.01968317915270e-09   0.00e+00 
 7.02023289261306e-09   0.00e+00 
 7.02078260772557e-09   0.00e+00 
 7.02133232449004e-09   0.00e+00 
 7.02188204290631e-09   0.00e+00 
 7.02243176297420e-09   0.00e+00 
 7.02298148469356e-09   0.00e+00 
 7.02353120806420e-09   0.00e+00 
 7.02408093308597e-09   0.00e+00 
 7.02463065975869e-09   0.00e+00 
 7.02518038808220e-09   0.00e+00 
 7.02573011805632e-09   0.00e+00 
 7.02627984968088e-09   0.00e+00 
 7.02682958295573e-09   0.00e+00 
 7.02737931788068e-09   0.00e+00 
 7.02792905445558e-09   0.00e+00 
 7.02847879268024e-09   0.00e+00 
 7.02902853255452e-09   0.00e+00 
 7.02957827407824e-09   0.00e+00 
 7.03012801725122e-09   0.00e+00 
 7.03067776207331e-09   0.00e+00 
 7.03122750854434e-09   0.00e+00 
 7.03177725666413e-09   0.00e+00 
 7.03232700643252e-09   0.00e+00 
 7.03287675784935e-09   0.00e+00 
 7.03342651091445e-09   0.00e+00 
 7.03397626562765e-09   0.00e+00 
 7.03452602198878e-09   0.00e+00 
 7.03507577999768e-09   0.00e+00 
 7.03562553965418e-09   0.00e+00 
 7.03617530095812e-09   0.00e+00 
 7.03672506390932e-09   0.00e+00 
 7.03727482850763e-09   0.00e+00 
 7.03782459475288e-09   0.00e+00 
 7.03837436264489e-09   0.00e+00 
 7.03892413218351e-09   0.00e+00 
 7.03947390336857e-09   0.00e+00 
 7.04002367619991e-09   0.00e+00 
 7.04057345067735e-09   0.00e+00 
 7.04112322680074e-09   0.00e+00 
 7.04167300456991e-09   0.00e+00 
 7.04222278398469e-09   0.00e+00 
 7.04277256504492e-09   0.00e+00 
 7.04332234775044e-09   0.00e+00 
 7.04387213210107e-09   0.00e+00 
 7.04442191809666e-09   0.00e+00 
 7.04497170573704e-09   0.00e+00 
 7.04552149502204e-09   0.00e+00 
 7.04607128595151e-09   0.00e+00 
 7.04662107852527e-09   0.00e+00 
 7.04717087274317e-09   0.00e+00 
 7.04772066860504e-09   0.00e+00 
 7.04827046611071e-09   0.00e+00 
 7.04882026526003e-09   0.00e+00 
 7.04937006605283e-09   0.00e+00 
 7.04991986848894e-09   0.00e+00 
 7.05046967256820e-09   0.00e+00 
 7.05101947829045e-09   0.00e+00 
 7.05156928565553e-09   0.00e+00 
 7.05211909466327e-09   0.00e+00 
 7.05266890531351e-09   0.00e+00 
 7.05321871760608e-09   0.00e+00 
 7.05376853154083e-09   0.00e+00 
 7.05431834711759e-09   0.00e+00 
 7.05486816433620e-09   0.00e+00 
 7.05541798319650e-09   0.00e+00 
 7.05596780369832e-09   0.00e+00 
 7.05651762584150e-09   0.00e+00 
 7.05706744962588e-09   0.00e+00 
 7.05761727505130e-09   0.00e+00 
 7.05816710211759e-09   0.00e+00 
 7.05871693082460e-09   0.00e+00 
 7.05926676117216e-09   0.00e+00 
 7.05981659316011e-09   0.00e+00 
 7.06036642678830e-09   0.00e+00 
 7.06091626205654e-09   0.00e+00 
 7.06146609896470e-09   0.00e+00 
 7.06201593751260e-09   0.00e+00 
 7.06256577770008e-09   0.00e+00 
 7.06311561952698e-09   0.00e+00 
 7.06366546299315e-09   0.00e+00 
 7.06421530809841e-09   0.00e+00 
 7.06476515484262e-09   0.00e+00 
 7.06531500322561e-09   0.00e+00 
 7.06586485324721e-09   0.00e+00 
 7.06641470490727e-09   0.00e+00 
 7.06696455820563e-09   0.00e+00 
 7.06751441314213e-09   0.00e+00 
 7.06806426971661e-09   0.00e+00 
 7.06861412792890e-09   0.00e+00 
 7.06916398777885e-09   0.00e+00 
 7.06971384926630e-09   0.00e+00 
 7.07026371239108e-09   0.00e+00 
 7.07081357715304e-09   0.00e+00 
 7.07136344355202e-09   0.00e+00 
 7.07191331158786e-09   0.00e+00 
 7.07246318126039e-09   0.00e+00 
 7.07301305256947e-09   0.00e+00 
 7.07356292551492e-09   0.00e+00 
 7.07411280009660e-09   0.00e+00 
 7.07466267631433e-09   0.00e+00 
 7.07521255416797e-09   0.00e+00 
 7.07576243365735e-09   0.00e+00 
 7.07631231478232e-09   0.00e+00 
 7.07686219754271e-09   0.00e+00 
 7.07741208193837e-09   0.00e+00 
 7.07796196796913e-09   0.00e+00 
 7.07851185563485e-09   0.00e+00 
 7.07906174493535e-09   0.00e+00 
 7.07961163587049e-09   0.00e+00 
 7.08016152844011e-09   0.00e+00 
 7.08071142264404e-09   0.00e+00 
 7.08126131848212e-09   0.00e+00 
 7.08181121595421e-09   0.00e+00 
 7.08236111506014e-09   0.00e+00 
 7.08291101579975e-09   0.00e+00 
 7.08346091817289e-09   0.00e+00 
 7.08401082217939e-09   0.00e+00 
 7.08456072781911e-09   0.00e+00 
 7.08511063509188e-09   0.00e+00 
 7.08566054399754e-09   0.00e+00 
 7.08621045453594e-09   0.00e+00 
 7.08676036670692e-09   0.00e+00 
 7.08731028051033e-09   0.00e+00 
 7.08786019594600e-09   0.00e+00 
 7.08841011301378e-09   0.00e+00 
 7.08896003171351e-09   0.00e+00 
 7.08950995204504e-09   0.00e+00 
 7.09005987400820e-09   0.00e+00 
 7.09060979760285e-09   0.00e+00 
 7.09115972282881e-09   0.00e+00 
 7.09170964968595e-09   0.00e+00 
 7.09225957817410e-09   0.00e+00 
 7.09280950829311e-09   0.00e+00 
 7.09335944004281e-09   0.00e+00 
 7.09390937342305e-09   0.00e+00 
 7.09445930843368e-09   0.00e+00 
 7.09500924507454e-09   0.00e+00 
 7.09555918334547e-09   0.00e+00 
 7.09610912324632e-09   0.00e+00 
 7.09665906477693e-09   0.00e+00 
 7.09720900793714e-09   0.00e+00 
 7.09775895272681e-09   0.00e+00 
 7.09830889914577e-09   0.00e+00 
 7.09885884719387e-09   0.00e+00 
 7.09940879687094e-09   0.00e+00 
 7.09995874817685e-09   0.00e+00 
 7.10050870111143e-09   0.00e+00 
 7.10105865567452e-09   0.00e+00 
 7.10160861186598e-09   0.00e+00 
 7.10215856968564e-09   0.00e+00 
 7.10270852913335e-09   0.00e+00 
 7.10325849020896e-09   0.00e+00 
 7.10380845291230e-09   0.00e+00 
 7.10435841724324e-09   0.00e+00 
 7.10490838320160e-09   0.00e+00 
 7.10545835078724e-09   0.00e+00 
 7.10600832000000e-09   0.00e+00 
 7.10655829083973e-09   0.00e+00 
 7.10710826330627e-09   0.00e+00 
 7.10765823739947e-09   0.00e+00 
 7.10820821311917e-09   0.00e+00 
 7.10875819046522e-09   0.00e+00 
 7.10930816943747e-09   0.00e+00 
 7.10985815003575e-09   0.00e+00 
 7.11040813225992e-09   0.00e+00 
 7.11095811610983e-09   0.00e+00 
 7.11150810158531e-09   0.00e+00 
 7.11205808868622e-09   0.00e+00 
 7.11260807741239e-09   0.00e+00 
 7.11315806776369e-09   0.00e+00 
 7.11370805973995e-09   0.00e+00 
 7.11425805334102e-09   0.00e+00 
 7.11480804856674e-09   0.00e+00 
 7.11535804541696e-09   0.00e+00 
 7.11590804389154e-09   0.00e+00 
 7.11645804399031e-09   0.00e+00 
 7.11700804571313e-09   0.00e+00 
 7.11755804905983e-09   0.00e+00 
 7.11810805403028e-09   0.00e+00 
 7.11865806062430e-09   0.00e+00 
 7.11920806884176e-09   0.00e+00 
 7.11975807868249e-09   0.00e+00 
 7.12030809014635e-09   0.00e+00 
 7.12085810323319e-09   0.00e+00 
 7.12140811794284e-09   0.00e+00 
 7.12195813427516e-09   0.00e+00 
 7.12250815222999e-09   0.00e+00 
 7.12305817180718e-09   0.00e+00 
 7.12360819300659e-09   0.00e+00 
 7.12415821582806e-09   0.00e+00 
 7.12470824027143e-09   0.00e+00 
 7.12525826633655e-09   0.00e+00 
 7.12580829402327e-09   0.00e+00 
 7.12635832333145e-09   0.00e+00 
 7.12690835426092e-09   0.00e+00 
 7.12745838681153e-09   0.00e+00 
 7.12800842098314e-09   0.00e+00 
 7.12855845677559e-09   0.00e+00 
 7.12910849418873e-09   0.00e+00 
 7.12965853322241e-09   0.00e+00 
 7.13020857387648e-09   0.00e+00 
 7.13075861615079e-09   0.00e+00 
 7.13130866004518e-09   0.00e+00 
 7.13185870555950e-09   0.00e+00 
 7.13240875269361e-09   0.00e+00 
 7.13295880144735e-09   0.00e+00 
 7.13350885182056e-09   0.00e+00 
 7.13405890381311e-09   0.00e+00 
 7.13460895742484e-09   0.00e+00 
 7.13515901265559e-09   0.00e+00 
 7.13570906950522e-09   0.00e+00 
 7.13625912797357e-09   0.00e+00 
 7.13680918806050e-09   0.00e+00 
 7.13735924976586e-09   0.00e+00 
 7.13790931308949e-09   0.00e+00 
 7.13845937803125e-09   0.00e+00 
 7.13900944459097e-09   0.00e+00 
 7.13955951276852e-09   0.00e+00 
 7.14010958256375e-09   0.00e+00 
 7.14065965397650e-09   0.00e+00 
 7.14120972700662e-09   0.00e+00 
 7.14175980165397e-09   0.00e+00 
 7.14230987791839e-09   0.00e+00 
 7.14285995579973e-09   0.00e+00 
 7.14341003529785e-09   0.00e+00 
 7.14396011641259e-09   0.00e+00 
 7.14451019914381e-09   0.00e+00 
 7.14506028349135e-09   0.00e+00 
 7.14561036945506e-09   0.00e+00 
 7.14616045703480e-09   0.00e+00 
 7.14671054623042e-09   0.00e+00 
 7.14726063704177e-09   0.00e+00 
 7.14781072946869e-09   0.00e+00 
 7.14836082351105e-09   0.00e+00 
 7.14891091916868e-09   0.00e+00 
 7.14946101644145e-09   0.00e+00 
 7.15001111532920e-09   0.00e+00 
 7.15056121583178e-09   0.00e+00 
 7.15111131794905e-09   0.00e+00 
 7.15166142168086e-09   0.00e+00 
 7.15221152702705e-09   0.00e+00 
 7.15276163398748e-09   0.00e+00 
 7.15331174256200e-09   0.00e+00 
 7.15386185275047e-09   0.00e+00 
 7.15441196455273e-09   0.00e+00 
 7.15496207796863e-09   0.00e+00 
 7.15551219299804e-09   0.00e+00 
 7.15606230964079e-09   0.00e+00 
 7.15661242789674e-09   0.00e+00 
 7.15716254776575e-09   0.00e+00 
 7.15771266924766e-09   0.00e+00 
 7.15826279234233e-09   0.00e+00 
 7.15881291704961e-09   0.00e+00 
 7.15936304336935e-09   0.00e+00 
 7.15991317130141e-09   0.00e+00 
 7.16046330084563e-09   0.00e+00 
 7.16101343200187e-09   0.00e+00 
 7.16156356476999e-09   0.00e+00 
 7.16211369914982e-09   0.00e+00 
 7.16266383514124e-09   0.00e+00 
 7.16321397274409e-09   0.00e+00 
 7.16376411195822e-09   0.00e+00 
 7.16431425278348e-09   0.00e+00 
 7.16486439521974e-09   0.00e+00 
 7.16541453926683e-09   0.00e+00 
 7.16596468492463e-09   0.00e+00 
 7.16651483219297e-09   0.00e+00 
 7.16706498107171e-09   0.00e+00 
 7.16761513156070e-09   0.00e+00 
 7.16816528365980e-09   0.00e+00 
 7.16871543736887e-09   0.00e+00 
 7.16926559268775e-09   0.00e+00 
 7.16981574961630e-09   0.00e+00 
 7.17036590815437e-09   0.00e+00 
 7.17091606830181e-09   0.00e+00 
 7.17146623005849e-09   0.00e+00 
 7.17201639342425e-09   0.00e+00 
 7.17256655839894e-09   0.00e+00 
 7.17311672498243e-09   0.00e+00 
 7.17366689317456e-09   0.00e+00 
 7.17421706297519e-09   0.00e+00 
 7.17476723438417e-09   0.00e+00 
 7.17531740740136e-09   0.00e+00 
 7.17586758202662e-09   0.00e+00 
 7.17641775825978e-09   0.00e+00 
 7.17696793610072e-09   0.00e+00 
 7.17751811554929e-09   0.00e+00 
 7.17806829660533e-09   0.00e+00 
 7.17861847926870e-09   0.00e+00 
 7.17916866353927e-09   0.00e+00 
 7.17971884941687e-09   0.00e+00 
 7.18026903690138e-09   0.00e+00 
 7.18081922599263e-09   0.00e+00 
 7.18136941669050e-09   0.00e+00 
 7.18191960899482e-09   0.00e+00 
 7.18246980290546e-09   0.00e+00 
 7.18301999842227e-09   0.00e+00 
 7.18357019554511e-09   0.00e+00 
 7.18412039427384e-09   0.00e+00 
 7.18467059460830e-09   0.00e+00 
 7.18522079654835e-09   0.00e+00 
 7.18577100009385e-09   0.00e+00 
 7.18632120524465e-09   0.00e+00 
 7.18687141200061e-09   0.00e+00 
 7.18742162036158e-09   0.00e+00 
 7.18797183032742e-09   0.00e+00 
 7.18852204189799e-09   0.00e+00 
 7.18907225507314e-09   0.00e+00 
 7.18962246985272e-09   0.00e+00 
 7.19017268623660e-09   0.00e+00 
 7.19072290422462e-09   0.00e+00 
 7.19127312381665e-09   0.00e+00 
 7.19182334501253e-09   0.00e+00 
 7.19237356781213e-09   0.00e+00 
 7.19292379221530e-09   0.00e+00 
 7.19347401822189e-09   0.00e+00 
 7.19402424583177e-09   0.00e+00 
 7.19457447504479e-09   0.00e+00 
 7.19512470586080e-09   0.00e+00 
 7.19567493827966e-09   0.00e+00 
 7.19622517230123e-09   0.00e+00 
 7.19677540792536e-09   0.00e+00 
 7.19732564515191e-09   0.00e+00 
 7.19787588398074e-09   0.00e+00 
 7.19842612441170e-09   0.00e+00 
 7.19897636644465e-09   0.00e+00 
 7.19952661007944e-09   0.00e+00 
 7.20007685531594e-09   0.00e+00 
 7.20062710215399e-09   0.00e+00 
 7.20117735059345e-09   0.00e+00 
 7.20172760063419e-09   0.00e+00 
 7.20227785227606e-09   0.00e+00 
 7.20282810551891e-09   0.00e+00 
 7.20337836036260e-09   0.00e+00 
 7.20392861680699e-09   0.00e+00 
 7.20447887485194e-09   0.00e+00 
 7.20502913449730e-09   0.00e+00 
 7.20557939574292e-09   0.00e+00 
 7.20612965858867e-09   0.00e+00 
 7.20667992303441e-09   0.00e+00 
 7.20723018907998e-09   0.00e+00 
 7.20778045672525e-09   0.00e+00 
 7.20833072597007e-09   0.00e+00 
 7.20888099681431e-09   0.00e+00 
 7.20943126925781e-09   0.00e+00 
 7.20998154330044e-09   0.00e+00 
 7.21053181894205e-09   0.00e+00 
 7.21108209618250e-09   0.00e+00 
 7.21163237502165e-09   0.00e+00 
 7.21218265545934e-09   0.00e+00 
 7.21273293749546e-09   0.00e+00 
 7.21328322112984e-09   0.00e+00 
 7.21383350636235e-09   0.00e+00 
 7.21438379319284e-09   0.00e+00 
 7.21493408162117e-09   0.00e+00 
 7.21548437164720e-09   0.00e+00 
 7.21603466327079e-09   0.00e+00 
 7.21658495649179e-09   0.00e+00 
 7.21713525131007e-09   0.00e+00 
 7.21768554772547e-09   0.00e+00 
 7.21823584573786e-09   0.00e+00 
 7.21878614534709e-09   0.00e+00 
 7.21933644655303e-09   0.00e+00 
 7.21988674935552e-09   0.00e+00 
 7.22043705375443e-09   0.00e+00 
 7.22098735974962e-09   0.00e+00 
 7.22153766734094e-09   0.00e+00 
 7.22208797652825e-09   0.00e+00 
 7.22263828731141e-09   0.00e+00 
 7.22318859969028e-09   0.00e+00 
 7.22373891366471e-09   0.00e+00 
 7.22428922923456e-09   0.00e+00 
 7.22483954639969e-09   0.00e+00 
 7.22538986515996e-09   0.00e+00 
 7.22594018551523e-09   0.00e+00 
 7.22649050746535e-09   0.00e+00 
 7.22704083101019e-09   0.00e+00 
 7.22759115614959e-09   0.00e+00 
 7.22814148288342e-09   0.00e+00 
 7.22869181121154e-09   0.00e+00 
 7.22924214113380e-09   0.00e+00 
 7.22979247265006e-09   0.00e+00 
 7.23034280576019e-09   0.00e+00 
 7.23089314046403e-09   0.00e+00 
 7.23144347676146e-09   0.00e+00 
 7.23199381465231e-09   0.00e+00 
 7.23254415413646e-09   0.00e+00 
 7.23309449521376e-09   0.00e+00 
 7.23364483788407e-09   0.00e+00 
 7.23419518214725e-09   0.00e+00 
 7.23474552800316e-09   0.00e+00 
 7.23529587545165e-09   0.00e+00 
 7.23584622449258e-09   0.00e+00 
 7.23639657512581e-09   0.00e+00 
 7.23694692735121e-09   0.00e+00 
 7.23749728116862e-09   0.00e+00 
 7.23804763657791e-09   0.00e+00 
 7.23859799357893e-09   0.00e+00 
 7.23914835217154e-09   0.00e+00 
 7.23969871235561e-09   0.00e+00 
 7.24024907413099e-09   0.00e+00 
 7.24079943749753e-09   0.00e+00 
 7.24134980245511e-09   0.00e+00 
 7.24190016900357e-09   0.00e+00 
 7.24245053714277e-09   0.00e+00 
 7.24300090687257e-09   0.00e+00 
 7.24355127819284e-09   0.00e+00 
 7.24410165110343e-09   0.00e+00 
 7.24465202560419e-09   0.00e+00 
 7.24520240169499e-09   0.00e+00 
 7.24575277937568e-09   0.00e+00 
 7.24630315864613e-09   0.00e+00 
 7.24685353950619e-09   0.00e+00 
 7.24740392195572e-09   0.00e+00 
 7.24795430599458e-09   0.00e+00 
 7.24850469162263e-09   0.00e+00 
 7.24905507883972e-09   0.00e+00 
 7.24960546764571e-09   0.00e+00 
 7.25015585804048e-09   0.00e+00 
 7.25070625002386e-09   0.00e+00 
 7.25125664359573e-09   0.00e+00 
 7.25180703875594e-09   0.00e+00 
 7.25235743550434e-09   0.00e+00 
 7.25290783384081e-09   0.00e+00 
 7.25345823376519e-09   0.00e+00 
 7.25400863527734e-09   0.00e+00 
 7.25455903837713e-09   0.00e+00 
 7.25510944306441e-09   0.00e+00 
 7.25565984933904e-09   0.00e+00 
 7.25621025720088e-09   0.00e+00 
 7.25676066664978e-09   0.00e+00 
 7.25731107768562e-09   0.00e+00 
 7.25786149030824e-09   0.00e+00 
 7.25841190451751e-09   0.00e+00 
 7.25896232031328e-09   0.00e+00 
 7.25951273769541e-09   0.00e+00 
 7.26006315666376e-09   0.00e+00 
 7.26061357721820e-09   0.00e+00 
 7.26116399935857e-09   0.00e+00 
 7.26171442308474e-09   0.00e+00 
 7.26226484839657e-09   0.00e+00 
 7.26281527529392e-09   0.00e+00 
 7.26336570377663e-09   0.00e+00 
 7.26391613384458e-09   0.00e+00 
 7.26446656549763e-09   0.00e+00 
 7.26501699873563e-09   0.00e+00 
 7.26556743355843e-09   0.00e+00 
 7.26611786996591e-09   0.00e+00 
 7.26666830795791e-09   0.00e+00 
 7.26721874753430e-09   0.00e+00 
 7.26776918869493e-09   0.00e+00 
 7.26831963143967e-09   0.00e+00 
 7.26887007576837e-09   0.00e+00 
 7.26942052168090e-09   0.00e+00 
 7.26997096917711e-09   0.00e+00 
 7.27052141825686e-09   0.00e+00 
 7.27107186892001e-09   0.00e+00 
 7.27162232116641e-09   0.00e+00 
 7.27217277499594e-09   0.00e+00 
 7.27272323040844e-09   0.00e+00 
 7.27327368740378e-09   0.00e+00 
 7.27382414598182e-09   0.00e+00 
 7.27437460614240e-09   0.00e+00 
 7.27492506788540e-09   0.00e+00 
 7.27547553121068e-09   0.00e+00 
 7.27602599611808e-09   0.00e+00 
 7.27657646260748e-09   0.00e+00 
 7.27712693067873e-09   0.00e+00 
 7.27767740033168e-09   0.00e+00 
 7.27822787156621e-09   0.00e+00 
 7.27877834438216e-09   0.00e+00 
 7.27932881877940e-09   0.00e+00 
 7.27987929475778e-09   0.00e+00 
 7.28042977231717e-09   0.00e+00 
 7.28098025145742e-09   0.00e+00 
 7.28153073217840e-09   0.00e+00 
 7.28208121447995e-09   0.00e+00 
 7.28263169836195e-09   0.00e+00 
 7.28318218382425e-09   0.00e+00 
 7.28373267086671e-09   0.00e+00 
 7.28428315948920e-09   0.00e+00 
 7.28483364969156e-09   0.00e+00 
 7.28538414147365e-09   0.00e+00 
 7.28593463483535e-09   0.00e+00 
 7.28648512977650e-09   0.00e+00 
 7.28703562629697e-09   0.00e+00 
 7.28758612439662e-09   0.00e+00 
 7.28813662407530e-09   0.00e+00 
 7.28868712533287e-09   0.00e+00 
 7.28923762816920e-09   0.00e+00 
 7.28978813258414e-09   0.00e+00 
 7.29033863857755e-09   0.00e+00 
 7.29088914614930e-09   0.00e+00 
 7.29143965529923e-09   0.00e+00 
 7.29199016602722e-09   0.00e+00 
 7.29254067833312e-09   0.00e+00 
 7.29309119221678e-09   0.00e+00 
 7.29364170767808e-09   0.00e+00 
 7.29419222471687e-09   0.00e+00 
 7.29474274333300e-09   0.00e+00 
 7.29529326352635e-09   0.00e+00 
 7.29584378529676e-09   0.00e+00 
 7.29639430864409e-09   0.00e+00 
 7.29694483356822e-09   0.00e+00 
 7.29749536006899e-09   0.00e+00 
 7.29804588814626e-09   0.00e+00 
 7.29859641779991e-09   0.00e+00 
 7.29914694902978e-09   0.00e+00 
 7.29969748183573e-09   0.00e+00 
 7.30024801621763e-09   0.00e+00 
 7.30079855217533e-09   0.00e+00 
 7.30134908970870e-09   0.00e+00 
 7.30189962881759e-09   0.00e+00 
 7.30245016950186e-09   0.00e+00 
 7.30300071176138e-09   0.00e+00 
 7.30355125559600e-09   0.00e+00 
 7.30410180100558e-09   0.00e+00 
 7.30465234798999e-09   0.00e+00 
 7.30520289654908e-09   0.00e+00 
 7.30575344668271e-09   0.00e+00 
 7.30630399839075e-09   0.00e+00 
 7.30685455167304e-09   0.00e+00 
 7.30740510652946e-09   0.00e+00 
 7.30795566295987e-09   0.00e+00 
 7.30850622096411e-09   0.00e+00 
 7.30905678054206e-09   0.00e+00 
 7.30960734169356e-09   0.00e+00 
 7.31015790441849e-09   0.00e+00 
 7.31070846871671e-09   0.00e+00 
 7.31125903458806e-09   0.00e+00 
 7.31180960203242e-09   0.00e+00 
 7.31236017104964e-09   0.00e+00 
 7.31291074163958e-09   0.00e+00 
 7.31346131380211e-09   0.00e+00 
 7.31401188753707e-09   0.00e+00 
 7.31456246284435e-09   0.00e+00 
 7.31511303972378e-09   0.00e+00 
 7.31566361817523e-09   0.00e+00 
 7.31621419819857e-09   0.00e+00 
 7.31676477979366e-09   0.00e+00 
 7.31731536296035e-09   0.00e+00 
 7.31786594769850e-09   0.00e+00 
 7.31841653400798e-09   0.00e+00 
 7.31896712188864e-09   0.00e+00 
 7.31951771134034e-09   0.00e+00 
 7.32006830236296e-09   0.00e+00 
 7.32061889495633e-09   0.00e+00 
 7.32116948912034e-09   0.00e+00 
 7.32172008485483e-09   0.00e+00 
 7.32227068215967e-09   0.00e+00 
 7.32282128103471e-09   0.00e+00 
 7.32337188147982e-09   0.00e+00 
 7.32392248349487e-09   0.00e+00 
 7.32447308707970e-09   0.00e+00 
 7.32502369223418e-09   0.00e+00 
 7.32557429895817e-09   0.00e+00 
 7.32612490725153e-09   0.00e+00 
 7.32667551711412e-09   0.00e+00 
 7.32722612854581e-09   0.00e+00 
 7.32777674154644e-09   0.00e+00 
 7.32832735611589e-09   0.00e+00 
 7.32887797225401e-09   0.00e+00 
 7.32942858996067e-09   0.00e+00 
 7.32997920923573e-09   0.00e+00 
 7.33052983007903e-09   0.00e+00 
 7.33108045249046e-09   0.00e+00 
 7.33163107646986e-09   0.00e+00 
 7.33218170201710e-09   0.00e+00 
 7.33273232913204e-09   0.00e+00 
 7.33328295781454e-09   0.00e+00 
 7.33383358806446e-09   0.00e+00 
 7.33438421988166e-09   0.00e+00 
 7.33493485326601e-09   0.00e+00 
 7.33548548821735e-09   0.00e+00 
 7.33603612473556e-09   0.00e+00 
 7.33658676282050e-09   0.00e+00 
 7.33713740247202e-09   0.00e+00 
 7.33768804368999e-09   0.00e+00 
 7.33823868647426e-09   0.00e+00 
 7.33878933082470e-09   0.00e+00 
 7.33933997674118e-09   0.00e+00 
 7.33989062422354e-09   0.00e+00 
 7.34044127327166e-09   0.00e+00 
 7.34099192388539e-09   0.00e+00 
 7.34154257606459e-09   0.00e+00 
 7.34209322980913e-09   0.00e+00 
 7.34264388511886e-09   0.00e+00 
 7.34319454199366e-09   0.00e+00 
 7.34374520043337e-09   0.00e+00 
 7.34429586043786e-09   0.00e+00 
 7.34484652200699e-09   0.00e+00 
 7.34539718514062e-09   0.00e+00 
 7.34594784983862e-09   0.00e+00 
 7.34649851610084e-09   0.00e+00 
 7.34704918392714e-09   0.00e+00 
 7.34759985331740e-09   0.00e+00 
 7.34815052427145e-09   0.00e+00 
 7.34870119678918e-09   0.00e+00 
 7.34925187087045e-09   0.00e+00 
 7.34980254651510e-09   0.00e+00 
 7.35035322372301e-09   0.00e+00 
 7.35090390249403e-09   0.00e+00 
 7.35145458282803e-09   0.00e+00 
 7.35200526472487e-09   0.00e+00 
 7.35255594818440e-09   0.00e+00 
 7.35310663320650e-09   0.00e+00 
 7.35365731979101e-09   0.00e+00 
 7.35420800793782e-09   0.00e+00 
 7.35475869764676e-09   0.00e+00 
 7.35530938891771e-09   0.00e+00 
 7.35586008175053e-09   0.00e+00 
 7.35641077614508e-09   0.00e+00 
 7.35696147210122e-09   0.00e+00 
 7.35751216961881e-09   0.00e+00 
 7.35806286869772e-09   0.00e+00 
 7.35861356933780e-09   0.00e+00 
 7.35916427153891e-09   0.00e+00 
 7.35971497530093e-09   0.00e+00 
 7.36026568062370e-09   0.00e+00 
 7.36081638750710e-09   0.00e+00 
 7.36136709595098e-09   0.00e+00 
 7.36191780595520e-09   0.00e+00 
 7.36246851751964e-09   0.00e+00 
 7.36301923064413e-09   0.00e+00 
 7.36356994532856e-09   0.00e+00 
 7.36412066157278e-09   0.00e+00 
 7.36467137937665e-09   0.00e+00 
 7.36522209874004e-09   0.00e+00 
 7.36577281966280e-09   0.00e+00 
 7.36632354214480e-09   0.00e+00 
 7.36687426618590e-09   0.00e+00 
 7.36742499178596e-09   0.00e+00 
 7.36797571894484e-09   0.00e+00 
 7.36852644766241e-09   0.00e+00 
 7.36907717793852e-09   0.00e+00 
 7.36962790977304e-09   0.00e+00 
 7.37017864316583e-09   0.00e+00 
 7.37072937811675e-09   0.00e+00 
 7.37128011462566e-09   0.00e+00 
 7.37183085269243e-09   0.00e+00 
 7.37238159231692e-09   0.00e+00 
 7.37293233349898e-09   0.00e+00 
 7.37348307623848e-09   0.00e+00 
 7.37403382053529e-09   0.00e+00 
 7.37458456638926e-09   0.00e+00 
 7.37513531380025e-09   0.00e+00 
 7.37568606276812e-09   0.00e+00 
 7.37623681329275e-09   0.00e+00 
 7.37678756537399e-09   0.00e+00 
 7.37733831901170e-09   0.00e+00 
 7.37788907420574e-09   0.00e+00 
 7.37843983095598e-09   0.00e+00 
 7.37899058926227e-09   0.00e+00 
 7.37954134912449e-09   0.00e+00 
 7.38009211054248e-09   0.00e+00 
 7.38064287351612e-09   0.00e+00 
 7.38119363804526e-09   0.00e+00 
 7.38174440412977e-09   0.00e+00 
 7.38229517176950e-09   0.00e+00 
 7.38284594096433e-09   0.00e+00 
 7.38339671171410e-09   0.00e+00 
 7.38394748401869e-09   0.00e+00 
 7.38449825787796e-09   0.00e+00 
 7.38504903329176e-09   0.00e+00 
 7.38559981025995e-09   0.00e+00 
 7.38615058878241e-09   0.00e+00 
 7.38670136885899e-09   0.00e+00 
 7.38725215048956e-09   0.00e+00 
 7.38780293367396e-09   0.00e+00 
 7.38835371841208e-09   0.00e+00 
 7.38890450470376e-09   0.00e+00 
 7.38945529254888e-09   0.00e+00 
 7.39000608194728e-09   0.00e+00 
 7.39055687289884e-09   0.00e+00 
 7.39110766540342e-09   0.00e+00 
 7.39165845946087e-09   0.00e+00 
 7.39220925507106e-09   0.00e+00 
 7.39276005223386e-09   0.00e+00 
 7.39331085094911e-09   0.00e+00 
 7.39386165121669e-09   0.00e+00 
 7.39441245303646e-09   0.00e+00 
 7.39496325640827e-09   0.00e+00 
 7.39551406133199e-09   0.00e+00 
 7.39606486780749e-09   0.00e+00 
 7.39661567583461e-09   0.00e+00 
 7.39716648541323e-09   0.00e+00 
 7.39771729654321e-09   0.00e+00 
 7.39826810922440e-09   0.00e+00 
 7.39881892345667e-09   0.00e+00 
 7.39936973923988e-09   0.00e+00 
 7.39992055657390e-09   0.00e+00 
 7.40047137545858e-09   0.00e+00 
 7.40102219589378e-09   0.00e+00 
 7.40157301787937e-09   0.00e+00 
 7.40212384141521e-09   0.00e+00 
 7.40267466650117e-09   0.00e+00 
 7.40322549313709e-09   0.00e+00 
 7.40377632132284e-09   0.00e+00 
 7.40432715105829e-09   0.00e+00 
 7.40487798234330e-09   0.00e+00 
 7.40542881517773e-09   0.00e+00 
 7.40597964956144e-09   0.00e+00 
 7.40653048549428e-09   0.00e+00 
 7.40708132297613e-09   0.00e+00 
 7.40763216200685e-09   0.00e+00 
 7.40818300258629e-09   0.00e+00 
 7.40873384471432e-09   0.00e+00 
 7.40928468839080e-09   0.00e+00 
 7.40983553361559e-09   0.00e+00 
 7.41038638038854e-09   0.00e+00 
 7.41093722870954e-09   0.00e+00 
 7.41148807857843e-09   0.00e+00 
 7.41203892999507e-09   0.00e+00 
 7.41258978295933e-09   0.00e+00 
 7.41314063747107e-09   0.00e+00 
 7.41369149353015e-09   0.00e+00 
 7.41424235113644e-09   0.00e+00 
 7.41479321028979e-09   0.00e+00 
 7.41534407099006e-09   0.00e+00 
 7.41589493323712e-09   0.00e+00 
 7.41644579703082e-09   0.00e+00 
 7.41699666237104e-09   0.00e+00 
 7.41754752925762e-09   0.00e+00 
 7.41809839769044e-09   0.00e+00 
 7.41864926766935e-09   0.00e+00 
 7.41920013919421e-09   0.00e+00 
 7.41975101226489e-09   0.00e+00 
 7.42030188688125e-09   0.00e+00 
 7.42085276304314e-09   0.00e+00 
 7.42140364075044e-09   0.00e+00 
 7.42195452000300e-09   0.00e+00 
 7.42250540080068e-09   0.00e+00 
 7.42305628314334e-09   0.00e+00 
 7.42360716703085e-09   0.00e+00 
 7.42415805246306e-09   0.00e+00 
 7.42470893943984e-09   0.00e+00 
 7.42525982796105e-09   0.00e+00 
 7.42581071802655e-09   0.00e+00 
 7.42636160963620e-09   0.00e+00 
 7.42691250278986e-09   0.00e+00 
 7.42746339748740e-09   0.00e+00 
 7.42801429372867e-09   0.00e+00 
 7.42856519151354e-09   0.00e+00 
 7.42911609084186e-09   0.00e+00 
 7.42966699171351e-09   0.00e+00 
 7.43021789412833e-09   0.00e+00 
 7.43076879808619e-09   0.00e+00 
 7.43131970358696e-09   0.00e+00 
 7.43187061063049e-09   0.00e+00 
 7.43242151921664e-09   0.00e+00 
 7.43297242934528e-09   0.00e+00 
 7.43352334101626e-09   0.00e+00 
 7.43407425422945e-09   0.00e+00 
 7.43462516898471e-09   0.00e+00 
 7.43517608528190e-09   0.00e+00 
 7.43572700312088e-09   0.00e+00 
 7.43627792250152e-09   0.00e+00 
 7.43682884342366e-09   0.00e+00 
 7.43737976588719e-09   0.00e+00 
 7.43793068989194e-09   0.00e+00 
 7.43848161543779e-09   0.00e+00 
 7.43903254252460e-09   0.00e+00 
 7.43958347115223e-09   0.00e+00 
 7.44013440132054e-09   0.00e+00 
 7.44068533302939e-09   0.00e+00 
 7.44123626627864e-09   0.00e+00 
 7.44178720106816e-09   0.00e+00 
 7.44233813739780e-09   0.00e+00 
 7.44288907526742e-09   0.00e+00 
 7.44344001467689e-09   0.00e+00 
 7.44399095562607e-09   0.00e+00 
 7.44454189811482e-09   0.00e+00 
 7.44509284214299e-09   0.00e+00 
 7.44564378771046e-09   0.00e+00 
 7.44619473481708e-09   0.00e+00 
 7.44674568346271e-09   0.00e+00 
 7.44729663364721e-09   0.00e+00 
 7.44784758537045e-09   0.00e+00 
 7.44839853863228e-09   0.00e+00 
 7.44894949343258e-09   0.00e+00 
 7.44950044977118e-09   0.00e+00 
 7.45005140764797e-09   0.00e+00 
 7.45060236706280e-09   0.00e+00 
 7.45115332801552e-09   0.00e+00 
 7.45170429050601e-09   0.00e+00 
 7.45225525453412e-09   0.00e+00 
 7.45280622009972e-09   0.00e+00 
 7.45335718720265e-09   0.00e+00 
 7.45390815584280e-09   0.00e+00 
 7.45445912602001e-09   0.00e+00 
 7.45501009773416e-09   0.00e+00 
 7.45556107098509e-09   0.00e+00 
 7.45611204577267e-09   0.00e+00 
 7.45666302209676e-09   0.00e+00 
 7.45721399995723e-09   0.00e+00 
 7.45776497935393e-09   0.00e+00 
 7.45831596028672e-09   0.00e+00 
 7.45886694275546e-09   0.00e+00 
 7.45941792676003e-09   0.00e+00 
 7.45996891230027e-09   0.00e+00 
 7.46051989937605e-09   0.00e+00 
 7.46107088798723e-09   0.00e+00 
 7.46162187813367e-09   0.00e+00 
 7.46217286981523e-09   0.00e+00 
 7.46272386303177e-09   0.00e+00 
 7.46327485778316e-09   0.00e+00 
 7.46382585406925e-09   0.00e+00 
 7.46437685188991e-09   0.00e+00 
 7.46492785124499e-09   0.00e+00 
 7.46547885213437e-09   0.00e+00 
 7.46602985455789e-09   0.00e+00 
 7.46658085851541e-09   0.00e+00 
 7.46713186400681e-09   0.00e+00 
 7.46768287103195e-09   0.00e+00 
 7.46823387959068e-09   0.00e+00 
 7.46878488968286e-09   0.00e+00 
 7.46933590130836e-09   0.00e+00 
 7.46988691446704e-09   0.00e+00 
 7.47043792915876e-09   0.00e+00 
 7.47098894538337e-09   0.00e+00 
 7.47153996314075e-09   0.00e+00 
 7.47209098243075e-09   0.00e+00 
 7.47264200325323e-09   0.00e+00 
 7.47319302560805e-09   0.00e+00 
 7.47374404949509e-09   0.00e+00 
 7.47429507491418e-09   0.00e+00 
 7.47484610186520e-09   0.00e+00 
 7.47539713034802e-09   0.00e+00 
 7.47594816036248e-09   0.00e+00 
 7.47649919190846e-09   0.00e+00 
 7.47705022498581e-09   0.00e+00 
 7.47760125959439e-09   0.00e+00 
 7.47815229573406e-09   0.00e+00 
 7.47870333340469e-09   0.00e+00 
 7.47925437260614e-09   0.00e+00 
 7.47980541333827e-09   0.00e+00 
 7.48035645560094e-09   0.00e+00 
 7.48090749939401e-09   0.00e+00 
 7.48145854471735e-09   0.00e+00 
 7.48200959157081e-09   0.00e+00 
 7.48256063995425e-09   0.00e+00 
 7.48311168986754e-09   0.00e+00 
 7.48366274131053e-09   0.00e+00 
 7.48421379428310e-09   0.00e+00 
 7.48476484878510e-09   0.00e+00 
 7.48531590481639e-09   0.00e+00 
 7.48586696237684e-09   0.00e+00 
 7.48641802146630e-09   0.00e+00 
 7.48696908208464e-09   0.00e+00 
 7.48752014423172e-09   0.00e+00 
 7.48807120790740e-09   0.00e+00 
 7.48862227311153e-09   0.00e+00 
 7.48917333984400e-09   0.00e+00 
 7.48972440810464e-09   0.00e+00 
 7.49027547789333e-09   0.00e+00 
 7.49082654920993e-09   0.00e+00 
 7.49137762205429e-09   0.00e+00 
 7.49192869642629e-09   0.00e+00 
 7.49247977232578e-09   0.00e+00 
 7.49303084975262e-09   0.00e+00 
 7.49358192870668e-09   0.00e+00 
 7.49413300918781e-09   0.00e+00 
 7.49468409119588e-09   0.00e+00 
 7.49523517473075e-09   0.00e+00 
 7.49578625979228e-09   0.00e+00 
 7.49633734638034e-09   0.00e+00 
 7.49688843449478e-09   0.00e+00 
 7.49743952413547e-09   0.00e+00 
 7.49799061530226e-09   0.00e+00 
 7.49854170799503e-09   0.00e+00 
 7.49909280221362e-09   0.00e+00 
 7.49964389795791e-09   0.00e+00 
 7.50019499522776e-09   0.00e+00 
 7.50074609402301e-09   0.00e+00 
 7.50129719434355e-09   0.00e+00 
 7.50184829618923e-09   0.00e+00 
 7.50239939955991e-09   0.00e+00 
 7.50295050445546e-09   0.00e+00 
 7.50350161087574e-09   0.00e+00 
 7.50405271882059e-09   0.00e+00 
 7.50460382828990e-09   0.00e+00 
 7.50515493928352e-09   0.00e+00 
 7.50570605180131e-09   0.00e+00 
 7.50625716584315e-09   0.00e+00 
 7.50680828140887e-09   0.00e+00 
 7.50735939849836e-09   0.00e+00 
 7.50791051711146e-09   0.00e+00 
 7.50846163724805e-09   0.00e+00 
 7.50901275890798e-09   0.00e+00 
 7.50956388209111e-09   0.00e+00 
 7.51011500679731e-09   0.00e+00 
 7.51066613302645e-09   0.00e+00 
 7.51121726077838e-09   0.00e+00 
 7.51176839005296e-09   0.00e+00 
 7.51231952085006e-09   0.00e+00 
 7.51287065316953e-09   0.00e+00 
 7.51342178701125e-09   0.00e+00 
 7.51397292237508e-09   0.00e+00 
 7.51452405926086e-09   0.00e+00 
 7.51507519766847e-09   0.00e+00 
 7.51562633759777e-09   0.00e+00 
 7.51617747904862e-09   0.00e+00 
 7.51672862202088e-09   0.00e+00 
 7.51727976651442e-09   0.00e+00 
 7.51783091252910e-09   0.00e+00 
 7.51838206006477e-09   0.00e+00 
 7.51893320912131e-09   0.00e+00 
 7.51948435969857e-09   0.00e+00 
 7.52003551179642e-09   0.00e+00 
 7.52058666541472e-09   0.00e+00 
 7.52113782055332e-09   0.00e+00 
 7.52168897721210e-09   0.00e+00 
 7.52224013539091e-09   0.00e+00 
 7.52279129508961e-09   0.00e+00 
 7.52334245630808e-09   0.00e+00 
 7.52389361904617e-09   0.00e+00 
 7.52444478330374e-09   0.00e+00 
 7.52499594908066e-09   0.00e+00 
 7.52554711637679e-09   0.00e+00 
 7.52609828519198e-09   0.00e+00 
 7.52664945552611e-09   0.00e+00 
 7.52720062737904e-09   0.00e+00 
 7.52775180075062e-09   0.00e+00 
 7.52830297564072e-09   0.00e+00 
 7.52885415204920e-09   0.00e+00 
 7.52940532997593e-09   0.00e+00 
 7.52995650942076e-09   0.00e+00 
 7.53050769038357e-09   0.00e+00 
 7.53105887286420e-09   0.00e+00 
 7.53161005686252e-09   0.00e+00 
 7.53216124237840e-09   0.00e+00 
 7.53271242941170e-09   0.00e+00 
 7.53326361796228e-09   0.00e+00 
 7.53381480803001e-09   0.00e+00 
 7.53436599961473e-09   0.00e+00 
 7.53491719271633e-09   0.00e+00 
 7.53546838733466e-09   0.00e+00 
 7.53601958346957e-09   0.00e+00 
 7.53657078112095e-09   0.00e+00 
 7.53712198028864e-09   0.00e+00 
 7.53767318097251e-09   0.00e+00 
 7.53822438317242e-09   0.00e+00 
 7.53877558688824e-09   0.00e+00 
 7.53932679211982e-09   0.00e+00 
 7.53987799886703e-09   0.00e+00 
 7.54042920712973e-09   0.00e+00 
 7.54098041690778e-09   0.00e+00 
 7.54153162820106e-09   0.00e+00 
 7.54208284100941e-09   0.00e+00 
 7.54263405533271e-09   0.00e+00 
 7.54318527117081e-09   0.00e+00 
 7.54373648852357e-09   0.00e+00 
 7.54428770739087e-09   0.00e+00 
 7.54483892777255e-09   0.00e+00 
 7.54539014966849e-09   0.00e+00 
 7.54594137307854e-09   0.00e+00 
 7.54649259800258e-09   0.00e+00 
 7.54704382444045e-09   0.00e+00 
 7.54759505239203e-09   0.00e+00 
 7.54814628185717e-09   0.00e+00 
 7.54869751283575e-09   0.00e+00 
 7.54924874532761e-09   0.00e+00 
 7.54979997933262e-09   0.00e+00 
 7.55035121485066e-09   0.00e+00 
 7.55090245188156e-09   0.00e+00 
 7.55145369042521e-09   0.00e+00 
 7.55200493048147e-09   0.00e+00 
 7.55255617205019e-09   0.00e+00 
 7.55310741513123e-09   0.00e+00 
 7.55365865972447e-09   0.00e+00 
 7.55420990582976e-09   0.00e+00 
 7.55476115344697e-09   0.00e+00 
 7.55531240257596e-09   0.00e+00 
 7.55586365321658e-09   0.00e+00 
 7.55641490536871e-09   0.00e+00 
 7.55696615903220e-09   0.00e+00 
 7.55751741420692e-09   0.00e+00 
 7.55806867089273e-09   0.00e+00 
 7.55861992908949e-09   0.00e+00 
 7.55917118879707e-09   0.00e+00 
 7.55972245001533e-09   0.00e+00 
 7.56027371274413e-09   0.00e+00 
 7.56082497698333e-09   0.00e+00 
 7.56137624273279e-09   0.00e+00 
 7.56192750999238e-09   0.00e+00 
 7.56247877876196e-09   0.00e+00 
 7.56303004904139e-09   0.00e+00 
 7.56358132083054e-09   0.00e+00 
 7.56413259412926e-09   0.00e+00 
 7.56468386893741e-09   0.00e+00 
 7.56523514525488e-09   0.00e+00 
 7.56578642308151e-09   0.00e+00 
 7.56633770241716e-09   0.00e+00 
 7.56688898326171e-09   0.00e+00 
 7.56744026561500e-09   0.00e+00 
 7.56799154947691e-09   0.00e+00 
 7.56854283484730e-09   0.00e+00 
 7.56909412172602e-09   0.00e+00 
 7.56964541011295e-09   0.00e+00 
 7.57019670000794e-09   0.00e+00 
 7.57074799141085e-09   0.00e+00 
 7.57129928432155e-09   0.00e+00 
 7.57185057873990e-09   0.00e+00 
 7.57240187466577e-09   0.00e+00 
 7.57295317209901e-09   0.00e+00 
 7.57350447103948e-09   0.00e+00 
 7.57405577148706e-09   0.00e+00 
 7.57460707344160e-09   0.00e+00 
 7.57515837690297e-09   0.00e+00 
 7.57570968187102e-09   0.00e+00 
 7.57626098834562e-09   0.00e+00 
 7.57681229632663e-09   0.00e+00 
 7.57736360581391e-09   0.00e+00 
 7.57791491680733e-09   0.00e+00 
 7.57846622930675e-09   0.00e+00 
 7.57901754331203e-09   0.00e+00 
 7.57956885882303e-09   0.00e+00 
 7.58012017583962e-09   0.00e+00 
 7.58067149436165e-09   0.00e+00 
 7.58122281438900e-09   0.00e+00 
 7.58177413592152e-09   0.00e+00 
 7.58232545895907e-09   0.00e+00 
 7.58287678350152e-09   0.00e+00 
 7.58342810954872e-09   0.00e+00 
 7.58397943710056e-09   0.00e+00 
 7.58453076615687e-09   0.00e+00 
 7.58508209671753e-09   0.00e+00 
 7.58563342878239e-09   0.00e+00 
 7.58618476235133e-09   0.00e+00 
 7.58673609742420e-09   0.00e+00 
 7.58728743400086e-09   0.00e+00 
 7.58783877208119e-09   0.00e+00 
 7.58839011166502e-09   0.00e+00 
 7.58894145275225e-09   0.00e+00 
 7.58949279534272e-09   0.00e+00 
 7.59004413943629e-09   0.00e+00 
 7.59059548503283e-09   0.00e+00 
 7.59114683213220e-09   0.00e+00 
 7.59169818073426e-09   0.00e+00 
 7.59224953083888e-09   0.00e+00 
 7.59280088244592e-09   0.00e+00 
 7.59335223555524e-09   0.00e+00 
 7.59390359016670e-09   0.00e+00 
 7.59445494628016e-09   0.00e+00 
 7.59500630389548e-09   0.00e+00 
 7.59555766301254e-09   0.00e+00 
 7.59610902363119e-09   0.00e+00 
 7.59666038575129e-09   0.00e+00 
 7.59721174937270e-09   0.00e+00 
 7.59776311449529e-09   0.00e+00 
 7.59831448111892e-09   0.00e+00 
 7.59886584924346e-09   0.00e+00 
 7.59941721886875e-09   0.00e+00 
 7.59996858999467e-09   0.00e+00 
 7.60051996262109e-09   0.00e+00 
 7.60107133674784e-09   0.00e+00 
 7.60162271237482e-09   0.00e+00 
 7.60217408950186e-09   0.00e+00 
 7.60272546812884e-09   0.00e+00 
 7.60327684825563e-09   0.00e+00 
 7.60382822988207e-09   0.00e+00 
 7.60437961300803e-09   0.00e+00 
 7.60493099763339e-09   0.00e+00 
 7.60548238375799e-09   0.00e+00 
 7.60603377138169e-09   0.00e+00 
 7.60658516050438e-09   0.00e+00 
 7.60713655112589e-09   0.00e+00 
 7.60768794324611e-09   0.00e+00 
 7.60823933686488e-09   0.00e+00 
 7.60879073198207e-09   0.00e+00 
 7.60934212859755e-09   0.00e+00 
 7.60989352671117e-09   0.00e+00 
 7.61044492632280e-09   0.00e+00 
 7.61099632743230e-09   0.00e+00 
 7.61154773003953e-09   0.00e+00 
 7.61209913414436e-09   0.00e+00 
 7.61265053974664e-09   0.00e+00 
 7.61320194684623e-09   0.00e+00 
 7.61375335544301e-09   0.00e+00 
 7.61430476553684e-09   0.00e+00 
 7.61485617712757e-09   0.00e+00 
 7.61540759021506e-09   0.00e+00 
 7.61595900479919e-09   0.00e+00 
 7.61651042087981e-09   0.00e+00 
 7.61706183845678e-09   0.00e+00 
 7.61761325752997e-09   0.00e+00 
 7.61816467809924e-09   0.00e+00 
 7.61871610016445e-09   0.00e+00 
 7.61926752372546e-09   0.00e+00 
 7.61981894878214e-09   0.00e+00 
 7.62037037533434e-09   0.00e+00 
 7.62092180338194e-09   0.00e+00 
 7.62147323292479e-09   0.00e+00 
 7.62202466396276e-09   0.00e+00 
 7.62257609649570e-09   0.00e+00 
 7.62312753052348e-09   0.00e+00 
 7.62367896604597e-09   0.00e+00 
 7.62423040306302e-09   0.00e+00 
 7.62478184157449e-09   0.00e+00 
 7.62533328158026e-09   0.00e+00 
 7.62588472308017e-09   0.00e+00 
 7.62643616607410e-09   0.00e+00 
 7.62698761056190e-09   0.00e+00 
 7.62753905654345e-09   0.00e+00 
 7.62809050401859e-09   0.00e+00 
 7.62864195298719e-09   0.00e+00 
 7.62919340344913e-09   0.00e+00 
 7.62974485540425e-09   0.00e+00 
 7.63029630885243e-09   0.00e+00 
 7.63084776379351e-09   0.00e+00 
 7.63139922022737e-09   0.00e+00 
 7.63195067815387e-09   0.00e+00 
 7.63250213757287e-09   0.00e+00 
 7.63305359848423e-09   0.00e+00 
 7.63360506088782e-09   0.00e+00 
 7.63415652478350e-09   0.00e+00 
 7.63470799017113e-09   0.00e+00 
 7.63525945705057e-09   0.00e+00 
 7.63581092542169e-09   0.00e+00 
 7.63636239528435e-09   0.00e+00 
 7.63691386663840e-09   0.00e+00 
 7.63746533948372e-09   0.00e+00 
 7.63801681382017e-09   0.00e+00 
 7.63856828964761e-09   0.00e+00 
 7.63911976696590e-09   0.00e+00 
 7.63967124577490e-09   0.00e+00 
 7.64022272607448e-09   0.00e+00 
 7.64077420786450e-09   0.00e+00 
 7.64132569114482e-09   0.00e+00 
 7.64187717591531e-09   0.00e+00 
 7.64242866217583e-09   0.00e+00 
 7.64298014992623e-09   0.00e+00 
 7.64353163916638e-09   0.00e+00 
 7.64408312989615e-09   0.00e+00 
 7.64463462211541e-09   0.00e+00 
 7.64518611582400e-09   0.00e+00 
 7.64573761102180e-09   0.00e+00 
 7.64628910770866e-09   0.00e+00 
 7.64684060588446e-09   0.00e+00 
 7.64739210554905e-09   0.00e+00 
 7.64794360670229e-09   0.00e+00 
 7.64849510934405e-09   0.00e+00 
 7.64904661347420e-09   0.00e+00 
 7.64959811909259e-09   0.00e+00 
 7.65014962619909e-09   0.00e+00 
 7.65070113479355e-09   0.00e+00 
 7.65125264487585e-09   0.00e+00 
 7.65180415644585e-09   0.00e+00 
 7.65235566950341e-09   0.00e+00 
 7.65290718404839e-09   0.00e+00 
 7.65345870008066e-09   0.00e+00 
 7.65401021760008e-09   0.00e+00 
 7.65456173660650e-09   0.00e+00 
 7.65511325709981e-09   0.00e+00 
 7.65566477907985e-09   0.00e+00 
 7.65621630254649e-09   0.00e+00 
 7.65676782749960e-09   0.00e+00 
 7.65731935393903e-09   0.00e+00 
 7.65787088186466e-09   0.00e+00 
 7.65842241127634e-09   0.00e+00 
 7.65897394217393e-09   0.00e+00 
 7.65952547455731e-09   0.00e+00 
 7.66007700842633e-09   0.00e+00 
 7.66062854378086e-09   0.00e+00 
 7.66118008062076e-09   0.00e+00 
 7.66173161894590e-09   0.00e+00 
 7.66228315875613e-09   0.00e+00 
 7.66283470005132e-09   0.00e+00 
 7.66338624283133e-09   0.00e+00 
 7.66393778709604e-09   0.00e+00 
 7.66448933284529e-09   0.00e+00 
 7.66504088007896e-09   0.00e+00 
 7.66559242879691e-09   0.00e+00 
 7.66614397899900e-09   0.00e+00 
 7.66669553068509e-09   0.00e+00 
 7.66724708385505e-09   0.00e+00 
 7.66779863850875e-09   0.00e+00 
 7.66835019464604e-09   0.00e+00 
 7.66890175226679e-09   0.00e+00 
 7.66945331137087e-09   0.00e+00 
 7.67000487195813e-09   0.00e+00 
 7.67055643402844e-09   0.00e+00 
 7.67110799758166e-09   0.00e+00 
 7.67165956261766e-09   0.00e+00 
 7.67221112913630e-09   0.00e+00 
 7.67276269713744e-09   0.00e+00 
 7.67331426662095e-09   0.00e+00 
 7.67386583758670e-09   0.00e+00 
 7.67441741003454e-09   0.00e+00 
 7.67496898396435e-09   0.00e+00 
 7.67552055937597e-09   0.00e+00 
 7.67607213626929e-09   0.00e+00 
 7.67662371464416e-09   0.00e+00 
 7.67717529450044e-09   0.00e+00 
 7.67772687583801e-09   0.00e+00 
 7.67827845865672e-09   0.00e+00 
 7.67883004295643e-09   0.00e+00 
 7.67938162873702e-09   0.00e+00 
 7.67993321599834e-09   0.00e+00 
 7.68048480474026e-09   0.00e+00 
 7.68103639496264e-09   0.00e+00 
 7.68158798666535e-09   0.00e+00 
 7.68213957984825e-09   0.00e+00 
 7.68269117451121e-09   0.00e+00 
 7.68324277065409e-09   0.00e+00 
 7.68379436827675e-09   0.00e+00 
 7.68434596737905e-09   0.00e+00 
 7.68489756796088e-09   0.00e+00 
 7.68544917002207e-09   0.00e+00 
 7.68600077356251e-09   0.00e+00 
 7.68655237858206e-09   0.00e+00 
 7.68710398508057e-09   0.00e+00 
 7.68765559305791e-09   0.00e+00 
 7.68820720251395e-09   0.00e+00 
 7.68875881344855e-09   0.00e+00 
 7.68931042586157e-09   0.00e+00 
 7.68986203975289e-09   0.00e+00 
 7.69041365512236e-09   0.00e+00 
 7.69096527196986e-09   0.00e+00 
 7.69151689029523e-09   0.00e+00 
 7.69206851009836e-09   0.00e+00 
 7.69262013137909e-09   0.00e+00 
 7.69317175413731e-09   0.00e+00 
 7.69372337837286e-09   0.00e+00 
 7.69427500408562e-09   0.00e+00 
 7.69482663127545e-09   0.00e+00 
 7.69537825994221e-09   0.00e+00 
 7.69592989008576e-09   0.00e+00 
 7.69648152170599e-09   0.00e+00 
 7.69703315480274e-09   0.00e+00 
 7.69758478937588e-09   0.00e+00 
 7.69813642542528e-09   0.00e+00 
 7.69868806295080e-09   0.00e+00 
 7.69923970195230e-09   0.00e+00 
 7.69979134242966e-09   0.00e+00 
 7.70034298438273e-09   0.00e+00 
 7.70089462781138e-09   0.00e+00 
 7.70144627271547e-09   0.00e+00 
 7.70199791909487e-09   0.00e+00 
 7.70254956694945e-09   0.00e+00 
 7.70310121627907e-09   0.00e+00 
 7.70365286708359e-09   0.00e+00 
 7.70420451936287e-09   0.00e+00 
 7.70475617311679e-09   0.00e+00 
 7.70530782834520e-09   0.00e+00 
 7.70585948504797e-09   0.00e+00 
 7.70641114322497e-09   0.00e+00 
 7.70696280287606e-09   0.00e+00 
 7.70751446400111e-09   0.00e+00 
 7.70806612659998e-09   0.00e+00 
 7.70861779067254e-09   0.00e+00 
 7.70916945621864e-09   0.00e+00 
 7.70972112323816e-09   0.00e+00 
 7.71027279173096e-09   0.00e+00 
 7.71082446169691e-09   0.00e+00 
 7.71137613313586e-09   0.00e+00 
 7.71192780604769e-09   0.00e+00 
 7.71247948043226e-09   0.00e+00 
 7.71303115628943e-09   0.00e+00 
 7.71358283361907e-09   0.00e+00 
 7.71413451242105e-09   0.00e+00 
 7.71468619269522e-09   0.00e+00 
 7.71523787444146e-09   0.00e+00 
 7.71578955765962e-09   0.00e+00 
 7.71634124234958e-09   0.00e+00 
 7.71689292851119e-09   0.00e+00 
 7.71744461614433e-09   0.00e+00 
 7.71799630524886e-09   0.00e+00 
 7.71854799582464e-09   0.00e+00 
 7.71909968787154e-09   0.00e+00 
 7.71965138138942e-09   0.00e+00 
 7.72020307637815e-09   0.00e+00 
 7.72075477283760e-09   0.00e+00 
 7.72130647076762e-09   0.00e+00 
 7.72185817016808e-09   0.00e+00 
 7.72240987103885e-09   0.00e+00 
 7.72296157337979e-09   0.00e+00 
 7.72351327719077e-09   0.00e+00 
 7.72406498247166e-09   0.00e+00 
 7.72461668922232e-09   0.00e+00 
 7.72516839744261e-09   0.00e+00 
 7.72572010713239e-09   0.00e+00 
 7.72627181829154e-09   0.00e+00 
 7.72682353091992e-09   0.00e+00 
 7.72737524501738e-09   0.00e+00 
 7.72792696058382e-09   0.00e+00 
 7.72847867761907e-09   0.00e+00 
 7.72903039612301e-09   0.00e+00 
 7.72958211609551e-09   0.00e+00 
 7.73013383753643e-09   0.00e+00 
 7.73068556044562e-09   0.00e+00 
 7.73123728482298e-09   0.00e+00 
 7.73178901066834e-09   0.00e+00 
 7.73234073798158e-09   0.00e+00 
 7.73289246676257e-09   0.00e+00 
 7.73344419701117e-09   0.00e+00 
 7.73399592872724e-09   0.00e+00 
 7.73454766191065e-09   0.00e+00 
 7.73509939656127e-09   0.00e+00 
 7.73565113267895e-09   0.00e+00 
 7.73620287026358e-09   0.00e+00 
 7.73675460931500e-09   0.00e+00 
 7.73730634983309e-09   0.00e+00 
 7.73785809181771e-09   0.00e+00 
 7.73840983526872e-09   0.00e+00 
 7.73896158018600e-09   0.00e+00 
 7.73951332656940e-09   0.00e+00 
 7.74006507441880e-09   0.00e+00 
 7.74061682373405e-09   0.00e+00 
 7.74116857451503e-09   0.00e+00 
 7.74172032676159e-09   0.00e+00 
 7.74227208047360e-09   0.00e+00 
 7.74282383565093e-09   0.00e+00 
 7.74337559229345e-09   0.00e+00 
 7.74392735040101e-09   0.00e+00 
 7.74447910997349e-09   0.00e+00 
 7.74503087101075e-09   0.00e+00 
 7.74558263351265e-09   0.00e+00 
 7.74613439747906e-09   0.00e+00 
 7.74668616290984e-09   0.00e+00 
 7.74723792980486e-09   0.00e+00 
 7.74778969816399e-09   0.00e+00 
 7.74834146798709e-09   0.00e+00 
 7.74889323927402e-09   0.00e+00 
 7.74944501202466e-09   0.00e+00 
 7.74999678623886e-09   0.00e+00 
 7.75054856191649e-09   0.00e+00 
 7.75110033905742e-09   0.00e+00 
 7.75165211766152e-09   0.00e+00 
 7.75220389772863e-09   0.00e+00 
 7.75275567925864e-09   0.00e+00 
 7.75330746225141e-09   0.00e+00 
 7.75385924670681e-09   0.00e+00 
 7.75441103262469e-09   0.00e+00 
 7.75496282000493e-09   0.00e+00 
 7.75551460884738e-09   0.00e+00 
 7.75606639915192e-09   0.00e+00 
 7.75661819091840e-09   0.00e+00 
 7.75716998414671e-09   0.00e+00 
 7.75772177883670e-09   0.00e+00 
 7.75827357498823e-09   0.00e+00 
 7.75882537260117e-09   0.00e+00 
 7.75937717167539e-09   0.00e+00 
 7.75992897221074e-09   0.00e+00 
 7.76048077420711e-09   0.00e+00 
 7.76103257766436e-09   0.00e+00 
 7.76158438258234e-09   0.00e+00 
 7.76213618896092e-09   0.00e+00 
 7.76268799679998e-09   0.00e+00 
 7.76323980609937e-09   0.00e+00 
 7.76379161685896e-09   0.00e+00 
 7.76434342907861e-09   0.00e+00 
 7.76489524275820e-09   0.00e+00 
 7.76544705789758e-09   0.00e+00 
 7.76599887449662e-09   0.00e+00 
 7.76655069255519e-09   0.00e+00 
 7.76710251207316e-09   0.00e+00 
 7.76765433305038e-09   0.00e+00 
 7.76820615548673e-09   0.00e+00 
 7.76875797938206e-09   0.00e+00 
 7.76930980473625e-09   0.00e+00 
 7.76986163154916e-09   0.00e+00 
 7.77041345982065e-09   0.00e+00 
 7.77096528955060e-09   0.00e+00 
 7.77151712073887e-09   0.00e+00 
 7.77206895338531e-09   0.00e+00 
 7.77262078748981e-09   0.00e+00 
 7.77317262305222e-09   0.00e+00 
 7.77372446007241e-09   0.00e+00 
 7.77427629855025e-09   0.00e+00 
 7.77482813848559e-09   0.00e+00 
 7.77537997987831e-09   0.00e+00 
 7.77593182272827e-09   0.00e+00 
 7.77648366703534e-09   0.00e+00 
 7.77703551279938e-09   0.00e+00 
 7.77758736002027e-09   0.00e+00 
 7.77813920869786e-09   0.00e+00 
 7.77869105883201e-09   0.00e+00 
 7.77924291042261e-09   0.00e+00 
 7.77979476346951e-09   0.00e+00 
 7.78034661797257e-09   0.00e+00 
 7.78089847393167e-09   0.00e+00 
 7.78145033134666e-09   0.00e+00 
 7.78200219021742e-09   0.00e+00 
 7.78255405054381e-09   0.00e+00 
 7.78310591232570e-09   0.00e+00 
 7.78365777556295e-09   0.00e+00 
 7.78420964025542e-09   0.00e+00 
 7.78476150640299e-09   0.00e+00 
 7.78531337400552e-09   0.00e+00 
 7.78586524306287e-09   0.00e+00 
 7.78641711357492e-09   0.00e+00 
 7.78696898554153e-09   0.00e+00 
 7.78752085896255e-09   0.00e+00 
 7.78807273383787e-09   0.00e+00 
 7.78862461016734e-09   0.00e+00 
 7.78917648795083e-09   0.00e+00 
 7.78972836718821e-09   0.00e+00 
 7.79028024787934e-09   0.00e+00 
 7.79083213002409e-09   0.00e+00 
 7.79138401362233e-09   0.00e+00 
 7.79193589867392e-09   0.00e+00 
 7.79248778517872e-09   0.00e+00 
 7.79303967313661e-09   0.00e+00 
 7.79359156254744e-09   0.00e+00 
 7.79414345341109e-09   0.00e+00 
 7.79469534572743e-09   0.00e+00 
 7.79524723949631e-09   0.00e+00 
 7.79579913471760e-09   0.00e+00 
 7.79635103139118e-09   0.00e+00 
 7.79690292951689e-09   0.00e+00 
 7.79745482909463e-09   0.00e+00 
 7.79800673012424e-09   0.00e+00 
 7.79855863260560e-09   0.00e+00 
 7.79911053653856e-09   0.00e+00 
 7.79966244192301e-09   0.00e+00 
 7.80021434875879e-09   0.00e+00 
 7.80076625704579e-09   0.00e+00 
 7.80131816678386e-09   0.00e+00 
 7.80187007797288e-09   0.00e+00 
 7.80242199061270e-09   0.00e+00 
 7.80297390470320e-09   0.00e+00 
 7.80352582024425e-09   0.00e+00 
 7.80407773723570e-09   0.00e+00 
 7.80462965567742e-09   0.00e+00 
 7.80518157556929e-09   0.00e+00 
 7.80573349691117e-09   0.00e+00 
 7.80628541970292e-09   0.00e+00 
 7.80683734394440e-09   0.00e+00 
 7.80738926963550e-09   0.00e+00 
 7.80794119677607e-09   0.00e+00 
 7.80849312536599e-09   0.00e+00 
 7.80904505540511e-09   0.00e+00 
 7.80959698689330e-09   0.00e+00 
 7.81014891983043e-09   0.00e+00 
 7.81070085421637e-09   0.00e+00 
 7.81125279005099e-09   0.00e+00 
 7.81180472733415e-09   0.00e+00 
 7.81235666606571e-09   0.00e+00 
 7.81290860624555e-09   0.00e+00 
 7.81346054787353e-09   0.00e+00 
 7.81401249094952e-09   0.00e+00 
 7.81456443547338e-09   0.00e+00 
 7.81511638144499e-09   0.00e+00 
 7.81566832886420e-09   0.00e+00 
 7.81622027773089e-09   0.00e+00 
 7.81677222804492e-09   0.00e+00 
 7.81732417980616e-09   0.00e+00 
 7.81787613301448e-09   0.00e+00 
 7.81842808766974e-09   0.00e+00 
 7.81898004377182e-09   0.00e+00 
 7.81953200132058e-09   0.00e+00 
 7.82008396031587e-09   0.00e+00 
 7.82063592075758e-09   0.00e+00 
 7.82118788264557e-09   0.00e+00 
 7.82173984597971e-09   0.00e+00 
 7.82229181075986e-09   0.00e+00 
 7.82284377698589e-09   0.00e+00 
 7.82339574465767e-09   0.00e+00 
 7.82394771377507e-09   0.00e+00 
 7.82449968433795e-09   0.00e+00 
 7.82505165634619e-09   0.00e+00 
 7.82560362979963e-09   0.00e+00 
 7.82615560469816e-09   0.00e+00 
 7.82670758104165e-09   0.00e+00 
 7.82725955882995e-09   0.00e+00 
 7.82781153806294e-09   0.00e+00 
 7.82836351874049e-09   0.00e+00 
 7.82891550086246e-09   0.00e+00 
 7.82946748442872e-09   0.00e+00 
 7.83001946943914e-09   0.00e+00 
 7.83057145589359e-09   0.00e+00 
 7.83112344379192e-09   0.00e+00 
 7.83167543313402e-09   0.00e+00 
 7.83222742391975e-09   0.00e+00 
 7.83277941614897e-09   0.00e+00 
 7.83333140982155e-09   0.00e+00 
 7.83388340493737e-09   0.00e+00 
 7.83443540149629e-09   0.00e+00 
 7.83498739949817e-09   0.00e+00 
 7.83553939894289e-09   0.00e+00 
 7.83609139983032e-09   0.00e+00 
 7.83664340216031e-09   0.00e+00 
 7.83719540593274e-09   0.00e+00 
 7.83774741114749e-09   0.00e+00 
 7.83829941780440e-09   0.00e+00 
 7.83885142590335e-09   0.00e+00 
 7.83940343544422e-09   0.00e+00 
 7.83995544642686e-09   0.00e+00 
 7.84050745885116e-09   0.00e+00 
 7.84105947271696e-09   0.00e+00 
 7.84161148802416e-09   0.00e+00 
 7.84216350477260e-09   0.00e+00 
 7.84271552296216e-09   0.00e+00 
 7.84326754259271e-09   0.00e+00 
 7.84381956366412e-09   0.00e+00 
 7.84437158617626e-09   0.00e+00 
 7.84492361012898e-09   0.00e+00 
 7.84547563552217e-09   0.00e+00 
 7.84602766235568e-09   0.00e+00 
 7.84657969062939e-09   0.00e+00 
 7.84713172034317e-09   0.00e+00 
 7.84768375149689e-09   0.00e+00 
 7.84823578409040e-09   0.00e+00 
 7.84878781812359e-09   0.00e+00 
 7.84933985359632e-09   0.00e+00 
 7.84989189050845e-09   0.00e+00 
 7.85044392885986e-09   0.00e+00 
 7.85099596865042e-09   0.00e+00 
 7.85154800988000e-09   0.00e+00 
 7.85210005254845e-09   0.00e+00 
 7.85265209665566e-09   0.00e+00 
 7.85320414220149e-09   0.00e+00 
 7.85375618918581e-09   0.00e+00 
 7.85430823760849e-09   0.00e+00 
 7.85486028746939e-09   0.00e+00 
 7.85541233876839e-09   0.00e+00 
 7.85596439150535e-09   0.00e+00 
 7.85651644568014e-09   0.00e+00 
 7.85706850129264e-09   0.00e+00 
 7.85762055834271e-09   0.00e+00 
 7.85817261683022e-09   0.00e+00 
 7.85872467675503e-09   0.00e+00 
 7.85927673811702e-09   0.00e+00 
 7.85982880091606e-09   0.00e+00 
 7.86038086515201e-09   0.00e+00 
 7.86093293082475e-09   0.00e+00 
 7.86148499793414e-09   0.00e+00 
 7.86203706648005e-09   0.00e+00 
 7.86258913646235e-09   0.00e+00 
 7.86314120788091e-09   0.00e+00 
 7.86369328073561e-09   0.00e+00 
 7.86424535502630e-09   0.00e+00 
 7.86479743075286e-09   0.00e+00 
 7.86534950791515e-09   0.00e+00 
 7.86590158651306e-09   0.00e+00 
 7.86645366654644e-09   0.00e+00 
 7.86700574801516e-09   0.00e+00 
 7.86755783091910e-09   0.00e+00 
 7.86810991525813e-09   0.00e+00 
 7.86866200103210e-09   0.00e+00 
 7.86921408824090e-09   0.00e+00 
 7.86976617688439e-09   0.00e+00 
 7.87031826696243e-09   0.00e+00 
 7.87087035847491e-09   0.00e+00 
 7.87142245142169e-09   0.00e+00 
 7.87197454580263e-09   0.00e+00 
 7.87252664161762e-09   0.00e+00 
 7.87307873886651e-09   0.00e+00 
 7.87363083754918e-09   0.00e+00 
 7.87418293766549e-09   0.00e+00 
 7.87473503921533e-09   0.00e+00 
 7.87528714219855e-09   0.00e+00 
 7.87583924661502e-09   0.00e+00 
 7.87639135246462e-09   0.00e+00 
 7.87694345974722e-09   0.00e+00 
 7.87749556846268e-09   0.00e+00 
 7.87804767861087e-09   0.00e+00 
 7.87859979019166e-09   0.00e+00 
 7.87915190320493e-09   0.00e+00 
 7.87970401765054e-09   0.00e+00 
 7.88025613352836e-09   0.00e+00 
 7.88080825083827e-09   0.00e+00 
 7.88136036958013e-09   0.00e+00 
 7.88191248975381e-09   0.00e+00 
 7.88246461135918e-09   0.00e+00 
 7.88301673439611e-09   0.00e+00 
 7.88356885886448e-09   0.00e+00 
 7.88412098476414e-09   0.00e+00 
 7.88467311209498e-09   0.00e+00 
 7.88522524085686e-09   0.00e+00 
 7.88577737104964e-09   0.00e+00 
 7.88632950267321e-09   0.00e+00 
 7.88688163572743e-09   0.00e+00 
 7.88743377021217e-09   0.00e+00 
 7.88798590612729e-09   0.00e+00 
 7.88853804347268e-09   0.00e+00 
 7.88909018224820e-09   0.00e+00 
 7.88964232245372e-09   0.00e+00 
 7.89019446408910e-09   0.00e+00 
 7.89074660715423e-09   0.00e+00 
 7.89129875164897e-09   0.00e+00 
 7.89185089757319e-09   0.00e+00 
 7.89240304492675e-09   0.00e+00 
 7.89295519370954e-09   0.00e+00 
 7.89350734392142e-09   0.00e+00 
 7.89405949556226e-09   0.00e+00 
 7.89461164863193e-09   0.00e+00 
 7.89516380313030e-09   0.00e+00 
 7.89571595905724e-09   0.00e+00 
 7.89626811641262e-09   0.00e+00 
 7.89682027519631e-09   0.00e+00 
 7.89737243540818e-09   0.00e+00 
 7.89792459704810e-09   0.00e+00 
 7.89847676011595e-09   0.00e+00 
 7.89902892461159e-09   0.00e+00 
 7.89958109053489e-09   0.00e+00 
 7.90013325788572e-09   0.00e+00 
 7.90068542666396e-09   0.00e+00 
 7.90123759686946e-09   0.00e+00 
 7.90178976850211e-09   0.00e+00 
 7.90234194156177e-09   0.00e+00 
 7.90289411604832e-09   0.00e+00 
 7.90344629196162e-09   0.00e+00 
 7.90399846930154e-09   0.00e+00 
 7.90455064806796e-09   0.00e+00 
 7.90510282826074e-09   0.00e+00 
 7.90565500987976e-09   0.00e+00 
 7.90620719292489e-09   0.00e+00 
 7.90675937739599e-09   0.00e+00 
 7.90731156329293e-09   0.00e+00 
 7.90786375061560e-09   0.00e+00 
 7.90841593936385e-09   0.00e+00 
 7.90896812953754e-09   0.00e+00 
 7.90952032113658e-09   0.00e+00 
 7.91007251416081e-09   0.00e+00 
 7.91062470861012e-09   0.00e+00 
 7.91117690448436e-09   0.00e+00 
 7.91172910178341e-09   0.00e+00 
 7.91228130050714e-09   0.00e+00 
 7.91283350065542e-09   0.00e+00 
 7.91338570222813e-09   0.00e+00 
 7.91393790522513e-09   0.00e+00 
 7.91449010964628e-09   0.00e+00 
 7.91504231549147e-09   0.00e+00 
 7.91559452276057e-09   0.00e+00 
 7.91614673145344e-09   0.00e+00 
 7.91669894156996e-09   0.00e+00 
 7.91725115311000e-09   0.00e+00 
 7.91780336607341e-09   0.00e+00 
 7.91835558046009e-09   0.00e+00 
 7.91890779626989e-09   0.00e+00 
 7.91946001350269e-09   0.00e+00 
 7.92001223215836e-09   0.00e+00 
 7.92056445223677e-09   0.00e+00 
 7.92111667373779e-09   0.00e+00 
 7.92166889666129e-09   0.00e+00 
 7.92222112100714e-09   0.00e+00 
 7.92277334677521e-09   0.00e+00 
 7.92332557396538e-09   0.00e+00 
 7.92387780257751e-09   0.00e+00 
 7.92443003261148e-09   0.00e+00 
 7.92498226406715e-09   0.00e+00 
 7.92553449694440e-09   0.00e+00 
 7.92608673124310e-09   0.00e+00 
 7.92663896696311e-09   0.00e+00 
 7.92719120410432e-09   0.00e+00 
 7.92774344266658e-09   0.00e+00 
 7.92829568264977e-09   0.00e+00 
 7.92884792405376e-09   0.00e+00 
 7.92940016687843e-09   0.00e+00 
 7.92995241112364e-09   0.00e+00 
 7.93050465678927e-09   0.00e+00 
 7.93105690387518e-09   0.00e+00 
 7.93160915238125e-09   0.00e+00 
 7.93216140230735e-09   0.00e+00 
 7.93271365365334e-09   0.00e+00 
 7.93326590641910e-09   0.00e+00 
 7.93381816060450e-09   0.00e+00 
 7.93437041620942e-09   0.00e+00 
 7.93492267323371e-09   0.00e+00 
 7.93547493167727e-09   0.00e+00 
 7.93602719153994e-09   0.00e+00 
 7.93657945282161e-09   0.00e+00 
 7.93713171552214e-09   0.00e+00 
 7.93768397964141e-09   0.00e+00 
 7.93823624517930e-09   0.00e+00 
 7.93878851213566e-09   0.00e+00 
 7.93934078051037e-09   0.00e+00 
 7.93989305030332e-09   0.00e+00 
 7.94044532151435e-09   0.00e+00 
 7.94099759414335e-09   0.00e+00 
 7.94154986819018e-09   0.00e+00 
 7.94210214365472e-09   0.00e+00 
 7.94265442053684e-09   0.00e+00 
 7.94320669883641e-09   0.00e+00 
 7.94375897855331e-09   0.00e+00 
 7.94431125968739e-09   0.00e+00 
 7.94486354223854e-09   0.00e+00 
 7.94541582620662e-09   0.00e+00 
 7.94596811159152e-09   0.00e+00 
 7.94652039839309e-09   0.00e+00 
 7.94707268661121e-09   0.00e+00 
 7.94762497624575e-09   0.00e+00 
 7.94817726729658e-09   0.00e+00 
 7.94872955976358e-09   0.00e+00 
 7.94928185364662e-09   0.00e+00 
 7.94983414894556e-09   0.00e+00 
 7.95038644566028e-09   0.00e+00 
 7.95093874379065e-09   0.00e+00 
 7.95149104333653e-09   0.00e+00 
 7.95204334429782e-09   0.00e+00 
 7.95259564667437e-09   0.00e+00 
 7.95314795046606e-09   0.00e+00 
 7.95370025567276e-09   0.00e+00 
 7.95425256229433e-09   0.00e+00 
 7.95480487033066e-09   0.00e+00 
 7.95535717978161e-09   0.00e+00 
 7.95590949064706e-09   0.00e+00 
 7.95646180292688e-09   0.00e+00 
 7.95701411662092e-09   0.00e+00 
 7.95756643172909e-09   0.00e+00 
 7.95811874825124e-09   0.00e+00 
 7.95867106618724e-09   0.00e+00 
 7.95922338553697e-09   0.00e+00 
 7.95977570630030e-09   0.00e+00 
 7.96032802847710e-09   0.00e+00 
 7.96088035206724e-09   0.00e+00 
 7.96143267707059e-09   0.00e+00 
 7.96198500348703e-09   0.00e+00 
 7.96253733131643e-09   0.00e+00 
 7.96308966055866e-09   0.00e+00 
 7.96364199121359e-09   0.00e+00 
 7.96419432328110e-09   0.00e+00 
 7.96474665676106e-09   0.00e+00 
 7.96529899165333e-09   0.00e+00 
 7.96585132795779e-09   0.00e+00 
 7.96640366567432e-09   0.00e+00 
 7.96695600480278e-09   0.00e+00 
 7.96750834534305e-09   0.00e+00 
 7.96806068729500e-09   0.00e+00 
 7.96861303065850e-09   0.00e+00 
 7.96916537543343e-09   0.00e+00 
 7.96971772161965e-09   0.00e+00 
 7.97027006921704e-09   0.00e+00 
 7.97082241822548e-09   0.00e+00 
 7.97137476864483e-09   0.00e+00 
 7.97192712047496e-09   0.00e+00 
 7.97247947371576e-09   0.00e+00 
 7.97303182836708e-09   0.00e+00 
 7.97358418442881e-09   0.00e+00 
 7.97413654190082e-09   0.00e+00 
 7.97468890078298e-09   0.00e+00 
 7.97524126107516e-09   0.00e+00 
 7.97579362277723e-09   0.00e+00 
 7.97634598588906e-09   0.00e+00 
 7.97689835041055e-09   0.00e+00 
 7.97745071634154e-09   0.00e+00 
 7.97800308368192e-09   0.00e+00 
 7.97855545243155e-09   0.00e+00 
 7.97910782259032e-09   0.00e+00 
 7.97966019415809e-09   0.00e+00 
 7.98021256713474e-09   0.00e+00 
 7.98076494152014e-09   0.00e+00 
 7.98131731731416e-09   0.00e+00 
 7.98186969451668e-09   0.00e+00 
 7.98242207312756e-09   0.00e+00 
 7.98297445314669e-09   0.00e+00 
 7.98352683457393e-09   0.00e+00 
 7.98407921740916e-09   0.00e+00 
 7.98463160165225e-09   0.00e+00 
 7.98518398730307e-09   0.00e+00 
 7.98573637436151e-09   0.00e+00 
 7.98628876282742e-09   0.00e+00 
 7.98684115270069e-09   0.00e+00 
 7.98739354398118e-09   0.00e+00 
 7.98794593666877e-09   0.00e+00 
 7.98849833076333e-09   0.00e+00 
 7.98905072626474e-09   0.00e+00 
 7.98960312317288e-09   0.00e+00 
 7.99015552148760e-09   0.00e+00 
 7.99070792120880e-09   0.00e+00 
 7.99126032233633e-09   0.00e+00 
 7.99181272487008e-09   0.00e+00 
 7.99236512880992e-09   0.00e+00 
 7.99291753415572e-09   0.00e+00 
 7.99346994090735e-09   0.00e+00 
 7.99402234906469e-09   0.00e+00 
 7.99457475862762e-09   0.00e+00 
 7.99512716959599e-09   0.00e+00 
 7.99567958196970e-09   0.00e+00 
 7.99623199574861e-09   0.00e+00 
 7.99678441093260e-09   0.00e+00 
 7.99733682752153e-09   0.00e+00 
 7.99788924551530e-09   0.00e+00 
 7.99844166491376e-09   0.00e+00 
 7.99899408571680e-09   0.00e+00 
 7.99954650792428e-09   0.00e+00 
 8.00009893153608e-09   0.00e+00 
 8.00065135655208e-09   0.00e+00 
 8.00120378297215e-09   0.00e+00 
 8.00175621079615e-09   0.00e+00 
 8.00230864002398e-09   0.00e+00 
 8.00286107065549e-09   0.00e+00 
 8.00341350269057e-09   0.00e+00 
 8.00396593612909e-09   0.00e+00 
 8.00451837097093e-09   0.00e+00 
 8.00507080721595e-09   0.00e+00 
 8.00562324486402e-09   0.00e+00 
 8.00617568391505e-09   0.00e+00 
 8.00672812436887e-09   0.00e+00 
 8.00728056622539e-09   0.00e+00 
 8.00783300948446e-09   0.00e+00 
 8.00838545414597e-09   0.00e+00 
 8.00893790020979e-09   0.00e+00 
 8.00949034767578e-09   0.00e+00 
 8.01004279654383e-09   0.00e+00 
 8.01059524681382e-09   0.00e+00 
 8.01114769848561e-09   0.00e+00 
 8.01170015155908e-09   0.00e+00 
 8.01225260603411e-09   0.00e+00 
 8.01280506191057e-09   0.00e+00 
 8.01335751918833e-09   0.00e+00 
 8.01390997786727e-09   0.00e+00 
 8.01446243794727e-09   0.00e+00 
 8.01501489942820e-09   0.00e+00 
 8.01556736230993e-09   0.00e+00 
 8.01611982659234e-09   0.00e+00 
 8.01667229227530e-09   0.00e+00 
 8.01722475935869e-09   0.00e+00 
 8.01777722784240e-09   0.00e+00 
 8.01832969772627e-09   0.00e+00 
 8.01888216901020e-09   0.00e+00 
 8.01943464169406e-09   0.00e+00 
 8.01998711577772e-09   0.00e+00 
 8.02053959126106e-09   0.00e+00 
 8.02109206814396e-09   0.00e+00 
 8.02164454642628e-09   0.00e+00 
 8.02219702610791e-09   0.00e+00 
 8.02274950718872e-09   0.00e+00 
 8.02330198966858e-09   0.00e+00 
 8.02385447354736e-09   0.00e+00 
 8.02440695882496e-09   0.00e+00 
 8.02495944550124e-09   0.00e+00 
 8.02551193357608e-09   0.00e+00 
 8.02606442304934e-09   0.00e+00 
 8.02661691392091e-09   0.00e+00 
 8.02716940619067e-09   0.00e+00 
 8.02772189985848e-09   0.00e+00 
 8.02827439492423e-09   0.00e+00 
 8.02882689138778e-09   0.00e+00 
 8.02937938924902e-09   0.00e+00 
 8.02993188850782e-09   0.00e+00 
 8.03048438916406e-09   0.00e+00 
 8.03103689121760e-09   0.00e+00 
 8.03158939466833e-09   0.00e+00 
 8.03214189951613e-09   0.00e+00 
 8.03269440576086e-09   0.00e+00 
 8.03324691340241e-09   0.00e+00 
 8.03379942244065e-09   0.00e+00 
 8.03435193287546e-09   0.00e+00 
 8.03490444470670e-09   0.00e+00 
 8.03545695793426e-09   0.00e+00 
 8.03600947255801e-09   0.00e+00 
 8.03656198857784e-09   0.00e+00 
 8.03711450599360e-09   0.00e+00 
 8.03766702480519e-09   0.00e+00 
 8.03821954501248e-09   0.00e+00 
 8.03877206661534e-09   0.00e+00 
 8.03932458961364e-09   0.00e+00 
 8.03987711400727e-09   0.00e+00 
 8.04042963979610e-09   0.00e+00 
 8.04098216698001e-09   0.00e+00 
 8.04153469555887e-09   0.00e+00 
 8.04208722553256e-09   0.00e+00 
 8.04263975690095e-09   0.00e+00 
 8.04319228966393e-09   0.00e+00 
 8.04374482382136e-09   0.00e+00 
 8.04429735937312e-09   0.00e+00 
 8.04484989631910e-09   0.00e+00 
 8.04540243465916e-09   0.00e+00 
 8.04595497439318e-09   0.00e+00 
 8.04650751552104e-09   0.00e+00 
 8.04706005804261e-09   0.00e+00 
 8.04761260195778e-09   0.00e+00 
 8.04816514726642e-09   0.00e+00 
 8.04871769396840e-09   0.00e+00 
 8.04927024206360e-09   0.00e+00 
 8.04982279155190e-09   0.00e+00 
 8.05037534243317e-09   0.00e+00 
 8.05092789470729e-09   0.00e+00 
 8.05148044837414e-09   0.00e+00 
 8.05203300343359e-09   0.00e+00 
 8.05258555988552e-09   0.00e+00 
 8.05313811772981e-09   0.00e+00 
 8.05369067696633e-09   0.00e+00 
 8.05424323759496e-09   0.00e+00 
 8.05479579961558e-09   0.00e+00 
 8.05534836302805e-09   0.00e+00 
 8.05590092783226e-09   0.00e+00 
 8.05645349402809e-09   0.00e+00 
 8.05700606161541e-09   0.00e+00 
 8.05755863059411e-09   0.00e+00 
 8.05811120096404e-09   0.00e+00 
 8.05866377272510e-09   0.00e+00 
 8.05921634587716e-09   0.00e+00 
 8.05976892042010e-09   0.00e+00 
 8.06032149635379e-09   0.00e+00 
 8.06087407367810e-09   0.00e+00 
 8.06142665239293e-09   0.00e+00 
 8.06197923249813e-09   0.00e+00 
 8.06253181399361e-09   0.00e+00 
 8.06308439687921e-09   0.00e+00 
 8.06363698115483e-09   0.00e+00 
 8.06418956682034e-09   0.00e+00 
 8.06474215387562e-09   0.00e+00 
 8.06529474232055e-09   0.00e+00 
 8.06584733215500e-09   0.00e+00 
 8.06639992337884e-09   0.00e+00 
 8.06695251599197e-09   0.00e+00 
 8.06750510999425e-09   0.00e+00 
 8.06805770538556e-09   0.00e+00 
 8.06861030216578e-09   0.00e+00 
 8.06916290033478e-09   0.00e+00 
 8.06971549989244e-09   0.00e+00 
 8.07026810083864e-09   0.00e+00 
 8.07082070317326e-09   0.00e+00 
 8.07137330689617e-09   0.00e+00 
 8.07192591200725e-09   0.00e+00 
 8.07247851850638e-09   0.00e+00 
 8.07303112639344e-09   0.00e+00 
 8.07358373566829e-09   0.00e+00 
 8.07413634633082e-09   0.00e+00 
 8.07468895838091e-09   0.00e+00 
 8.07524157181844e-09   0.00e+00 
 8.07579418664327e-09   0.00e+00 
 8.07634680285530e-09   0.00e+00 
 8.07689942045439e-09   0.00e+00 
 8.07745203944042e-09   0.00e+00 
 8.07800465981328e-09   0.00e+00 
 8.07855728157283e-09   0.00e+00 
 8.07910990471896e-09   0.00e+00 
 8.07966252925154e-09   0.00e+00 
 8.08021515517045e-09   0.00e+00 
 8.08076778247557e-09   0.00e+00 
 8.08132041116678e-09   0.00e+00 
 8.08187304124394e-09   0.00e+00 
 8.08242567270695e-09   0.00e+00 
 8.08297830555567e-09   0.00e+00 
 8.08353093979000e-09   0.00e+00 
 8.08408357540979e-09   0.00e+00 
 8.08463621241493e-09   0.00e+00 
 8.08518885080531e-09   0.00e+00 
 8.08574149058079e-09   0.00e+00 
 8.08629413174125e-09   0.00e+00 
 8.08684677428657e-09   0.00e+00 
 8.08739941821663e-09   0.00e+00 
 8.08795206353131e-09   0.00e+00 
 8.08850471023048e-09   0.00e+00 
 8.08905735831401e-09   0.00e+00 
 8.08961000778181e-09   0.00e+00 
 8.09016265863372e-09   0.00e+00 
 8.09071531086965e-09   0.00e+00 
 8.09126796448945e-09   0.00e+00 
 8.09182061949302e-09   0.00e+00 
 8.09237327588022e-09   0.00e+00 
 8.09292593365095e-09   0.00e+00 
 8.09347859280507e-09   0.00e+00 
 8.09403125334246e-09   0.00e+00 
 8.09458391526300e-09   0.00e+00 
 8.09513657856658e-09   0.00e+00 
 8.09568924325305e-09   0.00e+00 
 8.09624190932231e-09   0.00e+00 
 8.09679457677423e-09   0.00e+00 
 8.09734724560869e-09   0.00e+00 
 8.09789991582557e-09   0.00e+00 
 8.09845258742474e-09   0.00e+00 
 8.09900526040609e-09   0.00e+00 
 8.09955793476949e-09   0.00e+00 
 8.10011061051483e-09   0.00e+00 
 8.10066328764197e-09   0.00e+00 
 8.10121596615079e-09   0.00e+00 
 8.10176864604118e-09   0.00e+00 
 8.10232132731301e-09   0.00e+00 
 8.10287400996616e-09   0.00e+00 
 8.10342669400052e-09   0.00e+00 
 8.10397937941595e-09   0.00e+00 
 8.10453206621234e-09   0.00e+00 
 8.10508475438956e-09   0.00e+00 
 8.10563744394749e-09   0.00e+00 
 8.10619013488601e-09   0.00e+00 
 8.10674282720499e-09   0.00e+00 
 8.10729552090433e-09   0.00e+00 
 8.10784821598390e-09   0.00e+00 
 8.10840091244356e-09   0.00e+00 
 8.10895361028321e-09   0.00e+00 
 8.10950630950273e-09   0.00e+00 
 8.11005901010198e-09   0.00e+00 
 8.11061171208084e-09   0.00e+00 
 8.11116441543921e-09   0.00e+00 
 8.11171712017695e-09   0.00e+00 
 8.11226982629394e-09   0.00e+00 
 8.11282253379006e-09   0.00e+00 
 8.11337524266520e-09   0.00e+00 
 8.11392795291922e-09   0.00e+00 
 8.11448066455201e-09   0.00e+00 
 8.11503337756345e-09   0.00e+00 
 8.11558609195341e-09   0.00e+00 
 8.11613880772177e-09   0.00e+00 
 8.11669152486842e-09   0.00e+00 
 8.11724424339322e-09   0.00e+00 
 8.11779696329608e-09   0.00e+00 
 8.11834968457684e-09   0.00e+00 
 8.11890240723542e-09   0.00e+00 
 8.11945513127166e-09   0.00e+00 
 8.12000785668546e-09   0.00e+00 
 8.12056058347669e-09   0.00e+00 
 8.12111331164524e-09   0.00e+00 
 8.12166604119097e-09   0.00e+00 
 8.12221877211378e-09   0.00e+00 
 8.12277150441354e-09   0.00e+00 
 8.12332423809013e-09   0.00e+00 
 8.12387697314343e-09   0.00e+00 
 8.12442970957331e-09   0.00e+00 
 8.12498244737966e-09   0.00e+00 
 8.12553518656236e-09   0.00e+00 
 8.12608792712128e-09   0.00e+00 
 8.12664066905631e-09   0.00e+00 
 8.12719341236731e-09   0.00e+00 
 8.12774615705418e-09   0.00e+00 
 8.12829890311679e-09   0.00e+00 
 8.12885165055503e-09   0.00e+00 
 8.12940439936876e-09   0.00e+00 
 8.12995714955787e-09   0.00e+00 
 8.13050990112224e-09   0.00e+00 
 8.13106265406175e-09   0.00e+00 
 8.13161540837627e-09   0.00e+00 
 8.13216816406569e-09   0.00e+00 
 8.13272092112989e-09   0.00e+00 
 8.13327367956875e-09   0.00e+00 
 8.13382643938214e-09   0.00e+00 
 8.13437920056995e-09   0.00e+00 
 8.13493196313205e-09   0.00e+00 
 8.13548472706832e-09   0.00e+00 
 8.13603749237865e-09   0.00e+00 
 8.13659025906291e-09   0.00e+00 
 8.13714302712099e-09   0.00e+00 
 8.13769579655276e-09   0.00e+00 
 8.13824856735811e-09   0.00e+00 
 8.13880133953690e-09   0.00e+00 
 8.13935411308903e-09   0.00e+00 
 8.13990688801437e-09   0.00e+00 
 8.14045966431281e-09   0.00e+00 
 8.14101244198421e-09   0.00e+00 
 8.14156522102846e-09   0.00e+00 
 8.14211800144545e-09   0.00e+00 
 8.14267078323505e-09   0.00e+00 
 8.14322356639715e-09   0.00e+00 
 8.14377635093161e-09   0.00e+00 
 8.14432913683833e-09   0.00e+00 
 8.14488192411718e-09   0.00e+00 
 8.14543471276804e-09   0.00e+00 
 8.14598750279079e-09   0.00e+00 
 8.14654029418532e-09   0.00e+00 
 8.14709308695150e-09   0.00e+00 
 8.14764588108921e-09   0.00e+00 
 8.14819867659834e-09   0.00e+00 
 8.14875147347876e-09   0.00e+00 
 8.14930427173036e-09   0.00e+00 
 8.14985707135301e-09   0.00e+00 
 8.15040987234660e-09   0.00e+00 
 8.15096267471100e-09   0.00e+00 
 8.15151547844610e-09   0.00e+00 
 8.15206828355177e-09   0.00e+00 
 8.15262109002790e-09   0.00e+00 
 8.15317389787437e-09   0.00e+00 
 8.15372670709106e-09   0.00e+00 
 8.15427951767785e-09   0.00e+00 
 8.15483232963462e-09   0.00e+00 
 8.15538514296125e-09   0.00e+00 
 8.15593795765762e-09   0.00e+00 
 8.15649077372362e-09   0.00e+00 
 8.15704359115911e-09   0.00e+00 
 8.15759640996399e-09   0.00e+00 
 8.15814923013813e-09   0.00e+00 
 8.15870205168142e-09   0.00e+00 
 8.15925487459374e-09   0.00e+00 
 8.15980769887497e-09   0.00e+00 
 8.16036052452498e-09   0.00e+00 
 8.16091335154367e-09   0.00e+00 
 8.16146617993091e-09   0.00e+00 
 8.16201900968657e-09   0.00e+00 
 8.16257184081055e-09   0.00e+00 
 8.16312467330273e-09   0.00e+00 
 8.16367750716298e-09   0.00e+00 
 8.16423034239119e-09   0.00e+00 
 8.16478317898724e-09   0.00e+00 
 8.16533601695100e-09   0.00e+00 
 8.16588885628237e-09   0.00e+00 
 8.16644169698121e-09   0.00e+00 
 8.16699453904743e-09   0.00e+00 
 8.16754738248089e-09   0.00e+00 
 8.16810022728147e-09   0.00e+00 
 8.16865307344907e-09   0.00e+00 
 8.16920592098355e-09   0.00e+00 
 8.16975876988480e-09   0.00e+00 
 8.17031162015271e-09   0.00e+00 
 8.17086447178715e-09   0.00e+00 
 8.17141732478801e-09   0.00e+00 
 8.17197017915517e-09   0.00e+00 
 8.17252303488851e-09   0.00e+00 
 8.17307589198791e-09   0.00e+00 
 8.17362875045325e-09   0.00e+00 
 8.17418161028442e-09   0.00e+00 
 8.17473447148129e-09   0.00e+00 
 8.17528733404375e-09   0.00e+00 
 8.17584019797169e-09   0.00e+00 
 8.17639306326498e-09   0.00e+00 
 8.17694592992351e-09   0.00e+00 
 8.17749879794714e-09   0.00e+00 
 8.17805166733578e-09   0.00e+00 
 8.17860453808930e-09   0.00e+00 
 8.17915741020759e-09   0.00e+00 
 8.17971028369052e-09   0.00e+00 
 8.18026315853798e-09   0.00e+00 
 8.18081603474985e-09   0.00e+00 
 8.18136891232601e-09   0.00e+00 
 8.18192179126635e-09   0.00e+00 
 8.18247467157074e-09   0.00e+00 
 8.18302755323908e-09   0.00e+00 
 8.18358043627124e-09   0.00e+00 
 8.18413332066710e-09   0.00e+00 
 8.18468620642654e-09   0.00e+00 
 8.18523909354946e-09   0.00e+00 
 8.18579198203573e-09   0.00e+00 
 8.18634487188524e-09   0.00e+00 
 8.18689776309786e-09   0.00e+00 
 8.18745065567348e-09   0.00e+00 
 8.18800354961198e-09   0.00e+00 
 8.18855644491325e-09   0.00e+00 
 8.18910934157717e-09   0.00e+00 
 8.18966223960362e-09   0.00e+00 
 8.19021513899248e-09   0.00e+00 
 8.19076803974363e-09   0.00e+00 
 8.19132094185697e-09   0.00e+00 
 8.19187384533237e-09   0.00e+00 
 8.19242675016970e-09   0.00e+00 
 8.19297965636887e-09   0.00e+00 
 8.19353256392976e-09   0.00e+00 
 8.19408547285223e-09   0.00e+00 
 8.19463838313618e-09   0.00e+00 
 8.19519129478150e-09   0.00e+00 
 8.19574420778805e-09   0.00e+00 
 8.19629712215572e-09   0.00e+00 
 8.19685003788442e-09   0.00e+00 
 8.19740295497400e-09   0.00e+00 
 8.19795587342436e-09   0.00e+00 
 8.19850879323537e-09   0.00e+00 
 8.19906171440693e-09   0.00e+00 
 8.19961463693892e-09   0.00e+00 
 8.20016756083121e-09   0.00e+00 
 8.20072048608369e-09   0.00e+00 
 8.20127341269626e-09   0.00e+00 
 8.20182634066878e-09   0.00e+00 
 8.20237927000114e-09   0.00e+00 
 8.20293220069323e-09   0.00e+00 
 8.20348513274493e-09   0.00e+00 
 8.20403806615612e-09   0.00e+00 
 8.20459100092669e-09   0.00e+00 
 8.20514393705652e-09   0.00e+00 
 8.20569687454549e-09   0.00e+00 
 8.20624981339349e-09   0.00e+00 
 8.20680275360040e-09   0.00e+00 
 8.20735569516610e-09   0.00e+00 
 8.20790863809048e-09   0.00e+00 
 8.20846158237342e-09   0.00e+00 
 8.20901452801480e-09   0.00e+00 
 8.20956747501452e-09   0.00e+00 
 8.21012042337245e-09   0.00e+00 
 8.21067337308848e-09   0.00e+00 
 8.21122632416249e-09   0.00e+00 
 8.21177927659437e-09   0.00e+00 
 8.21233223038399e-09   0.00e+00 
 8.21288518553124e-09   0.00e+00 
 8.21343814203601e-09   0.00e+00 
 8.21399109989818e-09   0.00e+00 
 8.21454405911763e-09   0.00e+00 
 8.21509701969425e-09   0.00e+00 
 8.21564998162793e-09   0.00e+00 
 8.21620294491854e-09   0.00e+00 
 8.21675590956597e-09   0.00e+00 
 8.21730887557011e-09   0.00e+00 
 8.21786184293084e-09   0.00e+00 
 8.21841481164804e-09   0.00e+00 
 8.21896778172160e-09   0.00e+00 
 8.21952075315140e-09   0.00e+00 
 8.22007372593733e-09   0.00e+00 
 8.22062670007926e-09   0.00e+00 
 8.22117967557709e-09   0.00e+00 
 8.22173265243070e-09   0.00e+00 
 8.22228563063997e-09   0.00e+00 
 8.22283861020479e-09   0.00e+00 
 8.22339159112504e-09   0.00e+00 
 8.22394457340060e-09   0.00e+00 
 8.22449755703137e-09   0.00e+00 
 8.22505054201722e-09   0.00e+00 
 8.22560352835804e-09   0.00e+00 
 8.22615651605372e-09   0.00e+00 
 8.22670950510413e-09   0.00e+00 
 8.22726249550917e-09   0.00e+00 
 8.22781548726871e-09   0.00e+00 
 8.22836848038264e-09   0.00e+00 
 8.22892147485085e-09   0.00e+00 
 8.22947447067323e-09   0.00e+00 
 8.23002746784964e-09   0.00e+00 
 8.23058046637999e-09   0.00e+00 
 8.23113346626415e-09   0.00e+00 
 8.23168646750201e-09   0.00e+00 
 8.23223947009345e-09   0.00e+00 
 8.23279247403836e-09   0.00e+00 
 8.23334547933663e-09   0.00e+00 
 8.23389848598814e-09   0.00e+00 
 8.23445149399276e-09   0.00e+00 
 8.23500450335040e-09   0.00e+00 
 8.23555751406093e-09   0.00e+00 
 8.23611052612424e-09   0.00e+00 
 8.23666353954021e-09   0.00e+00 
 8.23721655430873e-09   0.00e+00 
 8.23776957042969e-09   0.00e+00 
 8.23832258790296e-09   0.00e+00 
 8.23887560672843e-09   0.00e+00 
 8.23942862690599e-09   0.00e+00 
 8.23998164843552e-09   0.00e+00 
 8.24053467131691e-09   0.00e+00 
 8.24108769555004e-09   0.00e+00 
 8.24164072113480e-09   0.00e+00 
 8.24219374807107e-09   0.00e+00 
 8.24274677635874e-09   0.00e+00 
 8.24329980599770e-09   0.00e+00 
 8.24385283698782e-09   0.00e+00 
 8.24440586932899e-09   0.00e+00 
 8.24495890302110e-09   0.00e+00 
 8.24551193806404e-09   0.00e+00 
 8.24606497445767e-09   0.00e+00 
 8.24661801220191e-09   0.00e+00 
 8.24717105129663e-09   0.00e+00 
 8.24772409174171e-09   0.00e+00 
 8.24827713353704e-09   0.00e+00 
 8.24883017668250e-09   0.00e+00 
 8.24938322117799e-09   0.00e+00 
 8.24993626702338e-09   0.00e+00 
 8.25048931421856e-09   0.00e+00 
 8.25104236276341e-09   0.00e+00 
 8.25159541265783e-09   0.00e+00 
 8.25214846390170e-09   0.00e+00 
 8.25270151649490e-09   0.00e+00 
 8.25325457043732e-09   0.00e+00 
 8.25380762572883e-09   0.00e+00 
 8.25436068236934e-09   0.00e+00 
 8.25491374035873e-09   0.00e+00 
 8.25546679969687e-09   0.00e+00 
 8.25601986038365e-09   0.00e+00 
 8.25657292241897e-09   0.00e+00 
 8.25712598580271e-09   0.00e+00 
 8.25767905053475e-09   0.00e+00 
 8.25823211661497e-09   0.00e+00 
 8.25878518404327e-09   0.00e+00 
 8.25933825281952e-09   0.00e+00 
 8.25989132294363e-09   0.00e+00 
 8.26044439441546e-09   0.00e+00 
 8.26099746723491e-09   0.00e+00 
 8.26155054140186e-09   0.00e+00 
 8.26210361691620e-09   0.00e+00 
 8.26265669377781e-09   0.00e+00 
 8.26320977198659e-09   0.00e+00 
 8.26376285154241e-09   0.00e+00 
 8.26431593244516e-09   0.00e+00 
 8.26486901469473e-09   0.00e+00 
 8.26542209829100e-09   0.00e+00 
 8.26597518323386e-09   0.00e+00 
 8.26652826952319e-09   0.00e+00 
 8.26708135715889e-09   0.00e+00 
 8.26763444614083e-09   0.00e+00 
 8.26818753646890e-09   0.00e+00 
 8.26874062814300e-09   0.00e+00 
 8.26929372116299e-09   0.00e+00 
 8.26984681552878e-09   0.00e+00 
 8.27039991124025e-09   0.00e+00 
 8.27095300829728e-09   0.00e+00 
 8.27150610669976e-09   0.00e+00 
 8.27205920644758e-09   0.00e+00 
 8.27261230754061e-09   0.00e+00 
 8.27316540997875e-09   0.00e+00 
 8.27371851376189e-09   0.00e+00 
 8.27427161888991e-09   0.00e+00 
 8.27482472536269e-09   0.00e+00 
 8.27537783318013e-09   0.00e+00 
 8.27593094234211e-09   0.00e+00 
 8.27648405284851e-09   0.00e+00 
 8.27703716469922e-09   0.00e+00 
 8.27759027789413e-09   0.00e+00 
 8.27814339243313e-09   0.00e+00 
 8.27869650831610e-09   0.00e+00 
 8.27924962554292e-09   0.00e+00 
 8.27980274411349e-09   0.00e+00 
 8.28035586402768e-09   0.00e+00 
 8.28090898528540e-09   0.00e+00 
 8.28146210788653e-09   0.00e+00 
 8.28201523183093e-09   0.00e+00 
 8.28256835711852e-09   0.00e+00 
 8.28312148374917e-09   0.00e+00 
 8.28367461172277e-09   0.00e+00 
 8.28422774103920e-09   0.00e+00 
 8.28478087169836e-09   0.00e+00 
 8.28533400370013e-09   0.00e+00 
 8.28588713704439e-09   0.00e+00 
 8.28644027173104e-09   0.00e+00 
 8.28699340775996e-09   0.00e+00 
 8.28754654513104e-09   0.00e+00 
 8.28809968384416e-09   0.00e+00 
 8.28865282389921e-09   0.00e+00 
 8.28920596529608e-09   0.00e+00 
 8.28975910803465e-09   0.00e+00 
 8.29031225211481e-09   0.00e+00 
 8.29086539753646e-09   0.00e+00 
 8.29141854429947e-09   0.00e+00 
 8.29197169240374e-09   0.00e+00 
 8.29252484184914e-09   0.00e+00 
 8.29307799263557e-09   0.00e+00 
 8.29363114476291e-09   0.00e+00 
 8.29418429823106e-09   0.00e+00 
 8.29473745303989e-09   0.00e+00 
 8.29529060918930e-09   0.00e+00 
 8.29584376667917e-09   0.00e+00 
 8.29639692550939e-09   0.00e+00 
 8.29695008567985e-09   0.00e+00 
 8.29750324719044e-09   0.00e+00 
 8.29805641004104e-09   0.00e+00 
 8.29860957423153e-09   0.00e+00 
 8.29916273976181e-09   0.00e+00 
 8.29971590663176e-09   0.00e+00 
 8.30026907484128e-09   0.00e+00 
 8.30082224439023e-09   0.00e+00 
 8.30137541527854e-09   0.00e+00 
 8.30192858750606e-09   0.00e+00 
 8.30248176107270e-09   0.00e+00 
 8.30303493597834e-09   0.00e+00 
 8.30358811222286e-09   0.00e+00 
 8.30414128980617e-09   0.00e+00 
 8.30469446872813e-09   0.00e+00 
 8.30524764898864e-09   0.00e+00 
 8.30580083058759e-09   0.00e+00 
 8.30635401352486e-09   0.00e+00 
 8.30690719780035e-09   0.00e+00 
 8.30746038341394e-09   0.00e+00 
 8.30801357036552e-09   0.00e+00 
 8.30856675865497e-09   0.00e+00 
 8.30911994828220e-09   0.00e+00 
 8.30967313924707e-09   0.00e+00 
 8.31022633154948e-09   0.00e+00 
 8.31077952518933e-09   0.00e+00 
 8.31133272016649e-09   0.00e+00 
 8.31188591648085e-09   0.00e+00 
 8.31243911413231e-09   0.00e+00 
 8.31299231312075e-09   0.00e+00 
 8.31354551344606e-09   0.00e+00 
 8.31409871510812e-09   0.00e+00 
 8.31465191810683e-09   0.00e+00 
 8.31520512244208e-09   0.00e+00 
 8.31575832811374e-09   0.00e+00 
 8.31631153512172e-09   0.00e+00 
 8.31686474346591e-09   0.00e+00 
 8.31741795314617e-09   0.00e+00 
 8.31797116416242e-09   0.00e+00 
 8.31852437651452e-09   0.00e+00 
 8.31907759020239e-09   0.00e+00 
 8.31963080522589e-09   0.00e+00 
 8.32018402158493e-09   0.00e+00 
 8.32073723927938e-09   0.00e+00 
 8.32129045830914e-09   0.00e+00 
 8.32184367867410e-09   0.00e+00 
 8.32239690037414e-09   0.00e+00 
 8.32295012340916e-09   0.00e+00 
 8.32350334777904e-09   0.00e+00 
 8.32405657348367e-09   0.00e+00 
 8.32460980052294e-09   0.00e+00 
 8.32516302889674e-09   0.00e+00 
 8.32571625860496e-09   0.00e+00 
 8.32626948964748e-09   0.00e+00 
 8.32682272202420e-09   0.00e+00 
 8.32737595573500e-09   0.00e+00 
 8.32792919077978e-09   0.00e+00 
 8.32848242715842e-09   0.00e+00 
 8.32903566487082e-09   0.00e+00 
 8.32958890391685e-09   0.00e+00 
 8.33014214429642e-09   0.00e+00 
 8.33069538600941e-09   0.00e+00 
 8.33124862905570e-09   0.00e+00 
 8.33180187343519e-09   0.00e+00 
 8.33235511914777e-09   0.00e+00 
 8.33290836619333e-09   0.00e+00 
 8.33346161457175e-09   0.00e+00 
 8.33401486428293e-09   0.00e+00 
 8.33456811532676e-09   0.00e+00 
 8.33512136770311e-09   0.00e+00 
 8.33567462141190e-09   0.00e+00 
 8.33622787645299e-09   0.00e+00 
 8.33678113282629e-09   0.00e+00 
 8.33733439053169e-09   0.00e+00 
 8.33788764956906e-09   0.00e+00 
 8.33844090993831e-09   0.00e+00 
 8.33899417163932e-09   0.00e+00 
 8.33954743467198e-09   0.00e+00 
 8.34010069903618e-09   0.00e+00 
 8.34065396473181e-09   0.00e+00 
 8.34120723175876e-09   0.00e+00 
 8.34176050011693e-09   0.00e+00 
 8.34231376980619e-09   0.00e+00 
 8.34286704082645e-09   0.00e+00 
 8.34342031317759e-09   0.00e+00 
 8.34397358685950e-09   0.00e+00 
 8.34452686187207e-09   0.00e+00 
 8.34508013821519e-09   0.00e+00 
 8.34563341588875e-09   0.00e+00 
 8.34618669489264e-09   0.00e+00 
 8.34673997522676e-09   0.00e+00 
 8.34729325689099e-09   0.00e+00 
 8.34784653988521e-09   0.00e+00 
 8.34839982420933e-09   0.00e+00 
 8.34895310986324e-09   0.00e+00 
 8.34950639684682e-09   0.00e+00 
 8.35005968515996e-09   0.00e+00 
 8.35061297480255e-09   0.00e+00 
 8.35116626577449e-09   0.00e+00 
 8.35171955807566e-09   0.00e+00 
 8.35227285170596e-09   0.00e+00 
 8.35282614666527e-09   0.00e+00 
 8.35337944295349e-09   0.00e+00 
 8.35393274057051e-09   0.00e+00 
 8.35448603951622e-09   0.00e+00 
 8.35503933979050e-09   0.00e+00 
 8.35559264139325e-09   0.00e+00 
 8.35614594432437e-09   0.00e+00 
 8.35669924858373e-09   0.00e+00 
 8.35725255417123e-09   0.00e+00 
 8.35780586108677e-09   0.00e+00 
 8.35835916933023e-09   0.00e+00 
 8.35891247890150e-09   0.00e+00 
 8.35946578980048e-09   0.00e+00 
 8.36001910202705e-09   0.00e+00 
 8.36057241558110e-09   0.00e+00 
 8.36112573046254e-09   0.00e+00 
 8.36167904667124e-09   0.00e+00 
 8.36223236420711e-09   0.00e+00 
 8.36278568307002e-09   0.00e+00 
 8.36333900325988e-09   0.00e+00 
 8.36389232477657e-09   0.00e+00 
 8.36444564761999e-09   0.00e+00 
 8.36499897179002e-09   0.00e+00 
 8.36555229728656e-09   0.00e+00 
 8.36610562410949e-09   0.00e+00 
 8.36665895225872e-09   0.00e+00 
 8.36721228173411e-09   0.00e+00 
 8.36776561253559e-09   0.00e+00 
 8.36831894466303e-09   0.00e+00 
 8.36887227811632e-09   0.00e+00 
 8.36942561289536e-09   0.00e+00 
 8.36997894900004e-09   0.00e+00 
 8.37053228643025e-09   0.00e+00 
 8.37108562518588e-09   0.00e+00 
 8.37163896526682e-09   0.00e+00 
 8.37219230667296e-09   0.00e+00 
 8.37274564940420e-09   0.00e+00 
 8.37329899346043e-09   0.00e+00 
 8.37385233884154e-09   0.00e+00 
 8.37440568554742e-09   0.00e+00 
 8.37495903357795e-09   0.00e+00 
 8.37551238293304e-09   0.00e+00 
 8.37606573361258e-09   0.00e+00 
 8.37661908561646e-09   0.00e+00 
 8.37717243894456e-09   0.00e+00 
 8.37772579359679e-09   0.00e+00 
 8.37827914957302e-09   0.00e+00 
 8.37883250687317e-09   0.00e+00 
 8.37938586549710e-09   0.00e+00 
 8.37993922544473e-09   0.00e+00 
 8.38049258671595e-09   0.00e+00 
 8.38104594931063e-09   0.00e+00 
 8.38159931322867e-09   0.00e+00 
 8.38215267846998e-09   0.00e+00 
 8.38270604503443e-09   0.00e+00 
 8.38325941292192e-09   0.00e+00 
 8.38381278213235e-09   0.00e+00 
 8.38436615266560e-09   0.00e+00 
 8.38491952452157e-09   0.00e+00 
 8.38547289770014e-09   0.00e+00 
 8.38602627220122e-09   0.00e+00 
 8.38657964802469e-09   0.00e+00 
 8.38713302517045e-09   0.00e+00 
 8.38768640363839e-09   0.00e+00 
 8.38823978342840e-09   0.00e+00 
 8.38879316454038e-09   0.00e+00 
 8.38934654697420e-09   0.00e+00 
 8.38989993072978e-09   0.00e+00 
 8.39045331580699e-09   0.00e+00 
 8.39100670220574e-09   0.00e+00 
 8.39156008992591e-09   0.00e+00 
 8.39211347896741e-09   0.00e+00 
 8.39266686933011e-09   0.00e+00 
 8.39322026101391e-09   0.00e+00 
 8.39377365401871e-09   0.00e+00 
 8.39432704834440e-09   0.00e+00 
 8.39488044399087e-09   0.00e+00 
 8.39543384095801e-09   0.00e+00 
 8.39598723924572e-09   0.00e+00 
 8.39654063885388e-09   0.00e+00 
 8.39709403978240e-09   0.00e+00 
 8.39764744203116e-09   0.00e+00 
 8.39820084560006e-09   0.00e+00 
 8.39875425048899e-09   0.00e+00 
 8.39930765669784e-09   0.00e+00 
 8.39986106422650e-09   0.00e+00 
 8.40041447307487e-09   0.00e+00 
 8.40096788324285e-09   0.00e+00 
 8.40152129473031e-09   0.00e+00 
 8.40207470753716e-09   0.00e+00 
 8.40262812166328e-09   0.00e+00 
 8.40318153710858e-09   0.00e+00 
 8.40373495387295e-09   0.00e+00 
 8.40428837195627e-09   0.00e+00 
 8.40484179135844e-09   0.00e+00 
 8.40539521207935e-09   0.00e+00 
 8.40594863411891e-09   0.00e+00 
 8.40650205747699e-09   0.00e+00 
 8.40705548215349e-09   0.00e+00 
 8.40760890814831e-09   0.00e+00 
 8.40816233546133e-09   0.00e+00 
 8.40871576409246e-09   0.00e+00 
 8.40926919404159e-09   0.00e+00 
 8.40982262530860e-09   0.00e+00 
 8.41037605789340e-09   0.00e+00 
 8.41092949179587e-09   0.00e+00 
 8.41148292701590e-09   0.00e+00 
 8.41203636355340e-09   0.00e+00 
 8.41258980140825e-09   0.00e+00 
 8.41314324058035e-09   0.00e+00 
 8.41369668106959e-09   0.00e+00 
 8.41425012287587e-09   0.00e+00 
 8.41480356599907e-09   0.00e+00 
 8.41535701043909e-09   0.00e+00 
 8.41591045619583e-09   0.00e+00 
 8.41646390326917e-09   0.00e+00 
 8.41701735165902e-09   0.00e+00 
 8.41757080136526e-09   0.00e+00 
 8.41812425238778e-09   0.00e+00 
 8.41867770472649e-09   0.00e+00 
 8.41923115838128e-09   0.00e+00 
 8.41978461335204e-09   0.00e+00 
 8.42033806963865e-09   0.00e+00 
 8.42089152724102e-09   0.00e+00 
 8.42144498615904e-09   0.00e+00 
 8.42199844639261e-09   0.00e+00 
 8.42255190794161e-09   0.00e+00 
 8.42310537080593e-09   0.00e+00 
 8.42365883498549e-09   0.00e+00 
 8.42421230048016e-09   0.00e+00 
 8.42476576728984e-09   0.00e+00 
 8.42531923541442e-09   0.00e+00 
 8.42587270485380e-09   0.00e+00 
 8.42642617560788e-09   0.00e+00 
 8.42697964767653e-09   0.00e+00 
 8.42753312105967e-09   0.00e+00 
 8.42808659575719e-09   0.00e+00 
 8.42864007176897e-09   0.00e+00 
 8.42919354909492e-09   0.00e+00 
 8.42974702773491e-09   0.00e+00 
 8.43030050768886e-09   0.00e+00 
 8.43085398895665e-09   0.00e+00 
 8.43140747153818e-09   0.00e+00 
 8.43196095543334e-09   0.00e+00 
 8.43251444064202e-09   0.00e+00 
 8.43306792716412e-09   0.00e+00 
 8.43362141499953e-09   0.00e+00 
 8.43417490414816e-09   0.00e+00 
 8.43472839460988e-09   0.00e+00 
 8.43528188638459e-09   0.00e+00 
 8.43583537947219e-09   0.00e+00 
 8.43638887387258e-09   0.00e+00 
 8.43694236958565e-09   0.00e+00 
 8.43749586661129e-09   0.00e+00 
 8.43804936494939e-09   0.00e+00 
 8.43860286459986e-09   0.00e+00 
 8.43915636556258e-09   0.00e+00 
 8.43970986783745e-09   0.00e+00 
 8.44026337142436e-09   0.00e+00 
 8.44081687632320e-09   0.00e+00 
 8.44137038253388e-09   0.00e+00 
 8.44192389005628e-09   0.00e+00 
 8.44247739889031e-09   0.00e+00 
 8.44303090903585e-09   0.00e+00 
 8.44358442049280e-09   0.00e+00 
 8.44413793326106e-09   0.00e+00 
 8.44469144734051e-09   0.00e+00 
 8.44524496273105e-09   0.00e+00 
 8.44579847943257e-09   0.00e+00 
 8.44635199744498e-09   0.00e+00 
 8.44690551676817e-09   0.00e+00 
 8.44745903740203e-09   0.00e+00 
 8.44801255934646e-09   0.00e+00 
 8.44856608260134e-09   0.00e+00 
 8.44911960716658e-09   0.00e+00 
 8.44967313304207e-09   0.00e+00 
 8.45022666022770e-09   0.00e+00 
 8.45078018872337e-09   0.00e+00 
 8.45133371852898e-09   0.00e+00 
 8.45188724964441e-09   0.00e+00 
 8.45244078206956e-09   0.00e+00 
 8.45299431580434e-09   0.00e+00 
 8.45354785084863e-09   0.00e+00 
 8.45410138720232e-09   0.00e+00 
 8.45465492486532e-09   0.00e+00 
 8.45520846383752e-09   0.00e+00 
 8.45576200411881e-09   0.00e+00 
 8.45631554570909e-09   0.00e+00 
 8.45686908860824e-09   0.00e+00 
 8.45742263281618e-09   0.00e+00 
 8.45797617833279e-09   0.00e+00 
 8.45852972515797e-09   0.00e+00 
 8.45908327329161e-09   0.00e+00 
 8.45963682273360e-09   0.00e+00 
 8.46019037348385e-09   0.00e+00 
 8.46074392554225e-09   0.00e+00 
 8.46129747890869e-09   0.00e+00 
 8.46185103358308e-09   0.00e+00 
 8.46240458956530e-09   0.00e+00 
 8.46295814685524e-09   0.00e+00 
 8.46351170545281e-09   0.00e+00 
 8.46406526535791e-09   0.00e+00 
 8.46461882657042e-09   0.00e+00 
 8.46517238909023e-09   0.00e+00 
 8.46572595291726e-09   0.00e+00 
 8.46627951805139e-09   0.00e+00 
 8.46683308449251e-09   0.00e+00 
 8.46738665224053e-09   0.00e+00 
 8.46794022129534e-09   0.00e+00 
 8.46849379165683e-09   0.00e+00 
 8.46904736332490e-09   0.00e+00 
 8.46960093629945e-09   0.00e+00 
 8.47015451058037e-09   0.00e+00 
 8.47070808616756e-09   0.00e+00 
 8.47126166306091e-09   0.00e+00 
 8.47181524126032e-09   0.00e+00 
 8.47236882076568e-09   0.00e+00 
 8.47292240157690e-09   0.00e+00 
 8.47347598369386e-09   0.00e+00 
 8.47402956711646e-09   0.00e+00 
 8.47458315184460e-09   0.00e+00 
 8.47513673787817e-09   0.00e+00 
 8.47569032521708e-09   0.00e+00 
 8.47624391386121e-09   0.00e+00 
 8.47679750381046e-09   0.00e+00 
 8.47735109506473e-09   0.00e+00 
 8.47790468762392e-09   0.00e+00 
 8.47845828148791e-09   0.00e+00 
 8.47901187665661e-09   0.00e+00 
 8.47956547312992e-09   0.00e+00 
 8.48011907090772e-09   0.00e+00 
 8.48067266998992e-09   0.00e+00 
 8.48122627037640e-09   0.00e+00 
 8.48177987206708e-09   0.00e+00 
 8.48233347506184e-09   0.00e+00 
 8.48288707936059e-09   0.00e+00 
 8.48344068496321e-09   0.00e+00 
 8.48399429186960e-09   0.00e+00 
 8.48454790007966e-09   0.00e+00 
 8.48510150959329e-09   0.00e+00 
 8.48565512041038e-09   0.00e+00 
 8.48620873253083e-09   0.00e+00 
 8.48676234595454e-09   0.00e+00 
 8.48731596068140e-09   0.00e+00 
 8.48786957671130e-09   0.00e+00 
 8.48842319404415e-09   0.00e+00 
 8.48897681267985e-09   0.00e+00 
 8.48953043261829e-09   0.00e+00 
 8.49008405385936e-09   0.00e+00 
 8.49063767640297e-09   0.00e+00 
 8.49119130024901e-09   0.00e+00 
 8.49174492539738e-09   0.00e+00 
 8.49229855184797e-09   0.00e+00 
 8.49285217960068e-09   0.00e+00 
 8.49340580865541e-09   0.00e+00 
 8.49395943901205e-09   0.00e+00 
 8.49451307067051e-09   0.00e+00 
 8.49506670363068e-09   0.00e+00 
 8.49562033789245e-09   0.00e+00 
 8.49617397345573e-09   0.00e+00 
 8.49672761032040e-09   0.00e+00 
 8.49728124848638e-09   0.00e+00 
 8.49783488795355e-09   0.00e+00 
 8.49838852872181e-09   0.00e+00 
 8.49894217079107e-09   0.00e+00 
 8.49949581416120e-09   0.00e+00 
 8.50004945883213e-09   0.00e+00 
 8.50060310480373e-09   0.00e+00 
 8.50115675207592e-09   0.00e+00 
 8.50171040064858e-09   0.00e+00 
 8.50226405052162e-09   0.00e+00 
 8.50281770169493e-09   0.00e+00 
 8.50337135416841e-09   0.00e+00 
 8.50392500794196e-09   0.00e+00 
 8.50447866301547e-09   0.00e+00 
 8.50503231938884e-09   0.00e+00 
 8.50558597706197e-09   0.00e+00 
 8.50613963603476e-09   0.00e+00 
 8.50669329630711e-09   0.00e+00 
 8.50724695787892e-09   0.00e+00 
 8.50780062075007e-09   0.00e+00 
 8.50835428492048e-09   0.00e+00 
 8.50890795039003e-09   0.00e+00 
 8.50946161715863e-09   0.00e+00 
 8.51001528522617e-09   0.00e+00 
 8.51056895459255e-09   0.00e+00 
 8.51112262525767e-09   0.00e+00 
 8.51167629722143e-09   0.00e+00 
 8.51222997048372e-09   0.00e+00 
 8.51278364504445e-09   0.00e+00 
 8.51333732090351e-09   0.00e+00 
 8.51389099806080e-09   0.00e+00 
 8.51444467651622e-09   0.00e+00 
 8.51499835626966e-09   0.00e+00 
 8.51555203732103e-09   0.00e+00 
 8.51610571967022e-09   0.00e+00 
 8.51665940331714e-09   0.00e+00 
 8.51721308826167e-09   0.00e+00 
 8.51776677450373e-09   0.00e+00 
 8.51832046204319e-09   0.00e+00 
 8.51887415087998e-09   0.00e+00 
 8.51942784101398e-09   0.00e+00 
 8.51998153244509e-09   0.00e+00 
 8.52053522517321e-09   0.00e+00 
 8.52108891919824e-09   0.00e+00 
 8.52164261452008e-09   0.00e+00 
 8.52219631113862e-09   0.00e+00 
 8.52275000905378e-09   0.00e+00 
 8.52330370826543e-09   0.00e+00 
 8.52385740877349e-09   0.00e+00 
 8.52441111057785e-09   0.00e+00 
 8.52496481367841e-09   0.00e+00 
 8.52551851807507e-09   0.00e+00 
 8.52607222376773e-09   0.00e+00 
 8.52662593075628e-09   0.00e+00 
 8.52717963904064e-09   0.00e+00 
 8.52773334862068e-09   0.00e+00 
 8.52828705949632e-09   0.00e+00 
 8.52884077166746e-09   0.00e+00 
 8.52939448513398e-09   0.00e+00 
 8.52994819989580e-09   0.00e+00 
 8.53050191595280e-09   0.00e+00 
 8.53105563330489e-09   0.00e+00 
 8.53160935195197e-09   0.00e+00 
 8.53216307189395e-09   0.00e+00 
 8.53271679313070e-09   0.00e+00 
 8.53327051566215e-09   0.00e+00 
 8.53382423948817e-09   0.00e+00 
 8.53437796460868e-09   0.00e+00 
 8.53493169102358e-09   0.00e+00 
 8.53548541873275e-09   0.00e+00 
 8.53603914773611e-09   0.00e+00 
 8.53659287803355e-09   0.00e+00 
 8.53714660962497e-09   0.00e+00 
 8.53770034251027e-09   0.00e+00 
 8.53825407668936e-09   0.00e+00 
 8.53880781216212e-09   0.00e+00 
 8.53936154892845e-09   0.00e+00 
 8.53991528698827e-09   0.00e+00 
 8.54046902634146e-09   0.00e+00 
 8.54102276698793e-09   0.00e+00 
 8.54157650892758e-09   0.00e+00 
 8.54213025216030e-09   0.00e+00 
 8.54268399668600e-09   0.00e+00 
 8.54323774250457e-09   0.00e+00 
 8.54379148961592e-09   0.00e+00 
 8.54434523801994e-09   0.00e+00 
 8.54489898771654e-09   0.00e+00 
 8.54545273870561e-09   0.00e+00 
 8.54600649098706e-09   0.00e+00 
 8.54656024456077e-09   0.00e+00 
 8.54711399942666e-09   0.00e+00 
 8.54766775558462e-09   0.00e+00 
 8.54822151303456e-09   0.00e+00 
 8.54877527177636e-09   0.00e+00 
 8.54932903180995e-09   0.00e+00 
 8.54988279313519e-09   0.00e+00 
 8.55043655575202e-09   0.00e+00 
 8.55099031966031e-09   0.00e+00 
 8.55154408485998e-09   0.00e+00 
 8.55209785135091e-09   0.00e+00 
 8.55265161913302e-09   0.00e+00 
 8.55320538820619e-09   0.00e+00 
 8.55375915857034e-09   0.00e+00 
 8.55431293022536e-09   0.00e+00 
 8.55486670317115e-09   0.00e+00 
 8.55542047740760e-09   0.00e+00 
 8.55597425293463e-09   0.00e+00 
 8.55652802975214e-09   0.00e+00 
 8.55708180786000e-09   0.00e+00 
 8.55763558725814e-09   0.00e+00 
 8.55818936794645e-09   0.00e+00 
 8.55874314992483e-09   0.00e+00 
 8.55929693319318e-09   0.00e+00 
 8.55985071775140e-09   0.00e+00 
 8.56040450359940e-09   0.00e+00 
 8.56095829073706e-09   0.00e+00 
 8.56151207916429e-09   0.00e+00 
 8.56206586888099e-09   0.00e+00 
 8.56261965988706e-09   0.00e+00 
 8.56317345218240e-09   0.00e+00 
 8.56372724576692e-09   0.00e+00 
 8.56428104064051e-09   0.00e+00 
 8.56483483680306e-09   0.00e+00 
 8.56538863425449e-09   0.00e+00 
 8.56594243299468e-09   0.00e+00 
 8.56649623302354e-09   0.00e+00 
 8.56705003434098e-09   0.00e+00 
 8.56760383694689e-09   0.00e+00 
 8.56815764084117e-09   0.00e+00 
 8.56871144602372e-09   0.00e+00 
 8.56926525249444e-09   0.00e+00 
 8.56981906025323e-09   0.00e+00 
 8.57037286929999e-09   0.00e+00 
 8.57092667963463e-09   0.00e+00 
 8.57148049125703e-09   0.00e+00 
 8.57203430416710e-09   0.00e+00 
 8.57258811836475e-09   0.00e+00 
 8.57314193384987e-09   0.00e+00 
 8.57369575062236e-09   0.00e+00 
 8.57424956868212e-09   0.00e+00 
 8.57480338802905e-09   0.00e+00 
 8.57535720866306e-09   0.00e+00 
 8.57591103058404e-09   0.00e+00 
 8.57646485379189e-09   0.00e+00 
 8.57701867828651e-09   0.00e+00 
 8.57757250406780e-09   0.00e+00 
 8.57812633113567e-09   0.00e+00 
 8.57868015949001e-09   0.00e+00 
 8.57923398913072e-09   0.00e+00 
 8.57978782005770e-09   0.00e+00 
 8.58034165227085e-09   0.00e+00 
 8.58089548577007e-09   0.00e+00 
 8.58144932055527e-09   0.00e+00 
 8.58200315662634e-09   0.00e+00 
 8.58255699398318e-09   0.00e+00 
 8.58311083262569e-09   0.00e+00 
 8.58366467255377e-09   0.00e+00 
 8.58421851376733e-09   0.00e+00 
 8.58477235626625e-09   0.00e+00 
 8.58532620005045e-09   0.00e+00 
 8.58588004511982e-09   0.00e+00 
 8.58643389147426e-09   0.00e+00 
 8.58698773911366e-09   0.00e+00 
 8.58754158803794e-09   0.00e+00 
 8.58809543824699e-09   0.00e+00 
 8.58864928974070e-09   0.00e+00 
 8.58920314251899e-09   0.00e+00 
 8.58975699658175e-09   0.00e+00 
 8.59031085192887e-09   0.00e+00 
 8.59086470856027e-09   0.00e+00 
 8.59141856647583e-09   0.00e+00 
 8.59197242567546e-09   0.00e+00 
 8.59252628615906e-09   0.00e+00 
 8.59308014792652e-09   0.00e+00 
 8.59363401097776e-09   0.00e+00 
 8.59418787531266e-09   0.00e+00 
 8.59474174093112e-09   0.00e+00 
 8.59529560783305e-09   0.00e+00 
 8.59584947601834e-09   0.00e+00 
 8.59640334548690e-09   0.00e+00 
 8.59695721623863e-09   0.00e+00 
 8.59751108827341e-09   0.00e+00 
 8.59806496159116e-09   0.00e+00 
 8.59861883619178e-09   0.00e+00 
 8.59917271207515e-09   0.00e+00 
 8.59972658924118e-09   0.00e+00 
 8.60028046768977e-09   0.00e+00 
 8.60083434742082e-09   0.00e+00 
 8.60138822843424e-09   0.00e+00 
 8.60194211072991e-09   0.00e+00 
 8.60249599430773e-09   0.00e+00 
 8.60304987916762e-09   0.00e+00 
 8.60360376530946e-09   0.00e+00 
 8.60415765273315e-09   0.00e+00 
 8.60471154143860e-09   0.00e+00 
 8.60526543142570e-09   0.00e+00 
 8.60581932269435e-09   0.00e+00 
 8.60637321524445e-09   0.00e+00 
 8.60692710907590e-09   0.00e+00 
 8.60748100418860e-09   0.00e+00 
 8.60803490058245e-09   0.00e+00 
 8.60858879825734e-09   0.00e+00 
 8.60914269721318e-09   0.00e+00 
 8.60969659744986e-09   0.00e+00 
 8.61025049896729e-09   0.00e+00 
 8.61080440176536e-09   0.00e+00 
 8.61135830584397e-09   0.00e+00 
 8.61191221120302e-09   0.00e+00 
 8.61246611784240e-09   0.00e+00 
 8.61302002576202e-09   0.00e+00 
 8.61357393496178e-09   0.00e+00 
 8.61412784544157e-09   0.00e+00 
 8.61468175720129e-09   0.00e+00 
 8.61523567024084e-09   0.00e+00 
 8.61578958456012e-09   0.00e+00 
 8.61634350015903e-09   0.00e+00 
 8.61689741703746e-09   0.00e+00 
 8.61745133519532e-09   0.00e+00 
 8.61800525463249e-09   0.00e+00 
 8.61855917534888e-09   0.00e+00 
 8.61911309734439e-09   0.00e+00 
 8.61966702061892e-09   0.00e+00 
 8.62022094517237e-09   0.00e+00 
 8.62077487100463e-09   0.00e+00 
 8.62132879811560e-09   0.00e+00 
 8.62188272650518e-09   0.00e+00 
 8.62243665617326e-09   0.00e+00 
 8.62299058711974e-09   0.00e+00 
 8.62354451934454e-09   0.00e+00 
 8.62409845284753e-09   0.00e+00 
 8.62465238762861e-09   0.00e+00 
 8.62520632368770e-09   0.00e+00 
 8.62576026102468e-09   0.00e+00 
 8.62631419963944e-09   0.00e+00 
 8.62686813953190e-09   0.00e+00 
 8.62742208070194e-09   0.00e+00 
 8.62797602314946e-09   0.00e+00 
 8.62852996687437e-09   0.00e+00 
 8.62908391187655e-09   0.00e+00 
 8.62963785815591e-09   0.00e+00 
 8.63019180571234e-09   0.00e+00 
 8.63074575454575e-09   0.00e+00 
 8.63129970465602e-09   0.00e+00 
 8.63185365604305e-09   0.00e+00 
 8.63240760870675e-09   0.00e+00 
 8.63296156264701e-09   0.00e+00 
 8.63351551786372e-09   0.00e+00 
 8.63406947435679e-09   0.00e+00 
 8.63462343212611e-09   0.00e+00 
 8.63517739117157e-09   0.00e+00 
 8.63573135149308e-09   0.00e+00 
 8.63628531309053e-09   0.00e+00 
 8.63683927596382e-09   0.00e+00 
 8.63739324011284e-09   0.00e+00 
 8.63794720553749e-09   0.00e+00 
 8.63850117223767e-09   0.00e+00 
 8.63905514021328e-09   0.00e+00 
 8.63960910946420e-09   0.00e+00 
 8.64016307999035e-09   0.00e+00 
 8.64071705179161e-09   0.00e+00 
 8.64127102486788e-09   0.00e+00 
 8.64182499921905e-09   0.00e+00 
 8.64237897484503e-09   0.00e+00 
 8.64293295174571e-09   0.00e+00 
 8.64348692992099e-09   0.00e+00 
 8.64404090937075e-09   0.00e+00 
 8.64459489009490e-09   0.00e+00 
 8.64514887209334e-09   0.00e+00 
 8.64570285536596e-09   0.00e+00 
 8.64625683991265e-09   0.00e+00 
 8.64681082573332e-09   0.00e+00 
 8.64736481282786e-09   0.00e+00 
 8.64791880119615e-09   0.00e+00 
 8.64847279083811e-09   0.00e+00 
 8.64902678175362e-09   0.00e+00 
 8.64958077394259e-09   0.00e+00 
 8.65013476740489e-09   0.00e+00 
 8.65068876214045e-09   0.00e+00 
 8.65124275814914e-09   0.00e+00 
 8.65179675543086e-09   0.00e+00 
 8.65235075398552e-09   0.00e+00 
 8.65290475381299e-09   0.00e+00 
 8.65345875491319e-09   0.00e+00 
 8.65401275728600e-09   0.00e+00 
 8.65456676093132e-09   0.00e+00 
 8.65512076584904e-09   0.00e+00 
 8.65567477203907e-09   0.00e+00 
 8.65622877950129e-09   0.00e+00 
 8.65678278823560e-09   0.00e+00 
 8.65733679824190e-09   0.00e+00 
 8.65789080952008e-09   0.00e+00 
 8.65844482207003e-09   0.00e+00 
 8.65899883589165e-09   0.00e+00 
 8.65955285098484e-09   0.00e+00 
 8.66010686734949e-09   0.00e+00 
 8.66066088498549e-09   0.00e+00 
 8.66121490389275e-09   0.00e+00 
 8.66176892407114e-09   0.00e+00 
 8.66232294552058e-09   0.00e+00 
 8.66287696824094e-09   0.00e+00 
 8.66343099223214e-09   0.00e+00 
 8.66398501749405e-09   0.00e+00 
 8.66453904402657e-09   0.00e+00 
 8.66509307182962e-09   0.00e+00 
 8.66564710090307e-09   0.00e+00 
 8.66620113124681e-09   0.00e+00 
 8.66675516286075e-09   0.00e+00 
 8.66730919574478e-09   0.00e+00 
 8.66786322989879e-09   0.00e+00 
 8.66841726532267e-09   0.00e+00 
 8.66897130201632e-09   0.00e+00 
 8.66952533997964e-09   0.00e+00 
 8.67007937921251e-09   0.00e+00 
 8.67063341971484e-09   0.00e+00 
 8.67118746148650e-09   0.00e+00 
 8.67174150452741e-09   0.00e+00 
 8.67229554883745e-09   0.00e+00 
 8.67284959441651e-09   0.00e+00 
 8.67340364126449e-09   0.00e+00 
 8.67395768938128e-09   0.00e+00 
 8.67451173876678e-09   0.00e+00 
 8.67506578942089e-09   0.00e+00 
 8.67561984134348e-09   0.00e+00 
 8.67617389453447e-09   0.00e+00 
 8.67672794899373e-09   0.00e+00 
 8.67728200472116e-09   0.00e+00 
 8.67783606171666e-09   0.00e+00 
 8.67839011998013e-09   0.00e+00 
 8.67894417951143e-09   0.00e+00 
 8.67949824031049e-09   0.00e+00 
 8.68005230237719e-09   0.00e+00 
 8.68060636571141e-09   0.00e+00 
 8.68116043031306e-09   0.00e+00 
 8.68171449618203e-09   0.00e+00 
 8.68226856331821e-09   0.00e+00 
 8.68282263172149e-09   0.00e+00 
 8.68337670139177e-09   0.00e+00 
 8.68393077232893e-09   0.00e+00 
 8.68448484453288e-09   0.00e+00 
 8.68503891800349e-09   0.00e+00 
 8.68559299274067e-09   0.00e+00 
 8.68614706874431e-09   0.00e+00 
 8.68670114601431e-09   0.00e+00 
 8.68725522455054e-09   0.00e+00 
 8.68780930435291e-09   0.00e+00 
 8.68836338542131e-09   0.00e+00 
 8.68891746775563e-09   0.00e+00 
 8.68947155135577e-09   0.00e+00 
 8.69002563622160e-09   0.00e+00 
 8.69057972235303e-09   0.00e+00 
 8.69113380974995e-09   0.00e+00 
 8.69168789841225e-09   0.00e+00 
 8.69224198833983e-09   0.00e+00 
 8.69279607953256e-09   0.00e+00 
 8.69335017199036e-09   0.00e+00 
 8.69390426571310e-09   0.00e+00 
 8.69445836070068e-09   0.00e+00 
 8.69501245695299e-09   0.00e+00 
 8.69556655446993e-09   0.00e+00 
 8.69612065325138e-09   0.00e+00 
 8.69667475329724e-09   0.00e+00 
 8.69722885460740e-09   0.00e+00 
 8.69778295718175e-09   0.00e+00 
 8.69833706102017e-09   0.00e+00 
 8.69889116612258e-09   0.00e+00 
 8.69944527248884e-09   0.00e+00 
 8.69999938011886e-09   0.00e+00 
 8.70055348901253e-09   0.00e+00 
 8.70110759916974e-09   0.00e+00 
 8.70166171059037e-09   0.00e+00 
 8.70221582327433e-09   0.00e+00 
 8.70276993722150e-09   0.00e+00 
 8.70332405243177e-09   0.00e+00 
 8.70387816890503e-09   0.00e+00 
 8.70443228664118e-09   0.00e+00 
 8.70498640564010e-09   0.00e+00 
 8.70554052590168e-09   0.00e+00 
 8.70609464742583e-09   0.00e+00 
 8.70664877021243e-09   0.00e+00 
 8.70720289426136e-09   0.00e+00 
 8.70775701957253e-09   0.00e+00 
 8.70831114614581e-09   0.00e+00 
 8.70886527398111e-09   0.00e+00 
 8.70941940307831e-09   0.00e+00 
 8.70997353343731e-09   0.00e+00 
 8.71052766505798e-09   0.00e+00 
 8.71108179794023e-09   0.00e+00 
 8.71163593208394e-09   0.00e+00 
 8.71219006748901e-09   0.00e+00 
 8.71274420415533e-09   0.00e+00 
 8.71329834208277e-09   0.00e+00 
 8.71385248127125e-09   0.00e+00 
 8.71440662172063e-09   0.00e+00 
 8.71496076343083e-09   0.00e+00 
 8.71551490640171e-09   0.00e+00 
 8.71606905063319e-09   0.00e+00 
 8.71662319612514e-09   0.00e+00 
 8.71717734287746e-09   0.00e+00 
 8.71773149089003e-09   0.00e+00 
 8.71828564016275e-09   0.00e+00 
 8.71883979069551e-09   0.00e+00 
 8.71939394248819e-09   0.00e+00 
 8.71994809554070e-09   0.00e+00 
 8.72050224985290e-09   0.00e+00 
 8.72105640542470e-09   0.00e+00 
 8.72161056225599e-09   0.00e+00 
 8.72216472034664e-09   0.00e+00 
 8.72271887969657e-09   0.00e+00 
 8.72327304030565e-09   0.00e+00 
 8.72382720217377e-09   0.00e+00 
 8.72438136530082e-09   0.00e+00 
 8.72493552968670e-09   0.00e+00 
 8.72548969533129e-09   0.00e+00 
 8.72604386223448e-09   0.00e+00 
 8.72659803039616e-09   0.00e+00 
 8.72715219981623e-09   0.00e+00 
 8.72770637049456e-09   0.00e+00 
 8.72826054243106e-09   0.00e+00 
 8.72881471562560e-09   0.00e+00 
 8.72936889007808e-09   0.00e+00 
 8.72992306578839e-09   0.00e+00 
 8.73047724275641e-09   0.00e+00 
 8.73103142098203e-09   0.00e+00 
 8.73158560046515e-09   0.00e+00 
 8.73213978120565e-09   0.00e+00 
 8.73269396320342e-09   0.00e+00 
 8.73324814645835e-09   0.00e+00 
 8.73380233097033e-09   0.00e+00 
 8.73435651673925e-09   0.00e+00 
 8.73491070376500e-09   0.00e+00 
 8.73546489204746e-09   0.00e+00 
 8.73601908158653e-09   0.00e+00 
 8.73657327238208e-09   0.00e+00 
 8.73712746443403e-09   0.00e+00 
 8.73768165774224e-09   0.00e+00 
 8.73823585230660e-09   0.00e+00 
 8.73879004812702e-09   0.00e+00 
 8.73934424520338e-09   0.00e+00 
 8.73989844353555e-09   0.00e+00 
 8.74045264312344e-09   0.00e+00 
 8.74100684396693e-09   0.00e+00 
 8.74156104606590e-09   0.00e+00 
 8.74211524942026e-09   0.00e+00 
 8.74266945402988e-09   0.00e+00 
 8.74322365989466e-09   0.00e+00 
 8.74377786701447e-09   0.00e+00 
 8.74433207538922e-09   0.00e+00 
 8.74488628501879e-09   0.00e+00 
 8.74544049590306e-09   0.00e+00 
 8.74599470804193e-09   0.00e+00 
 8.74654892143528e-09   0.00e+00 
 8.74710313608300e-09   0.00e+00 
 8.74765735198497e-09   0.00e+00 
 8.74821156914110e-09   0.00e+00 
 8.74876578755125e-09   0.00e+00 
 8.74932000721532e-09   0.00e+00 
 8.74987422813321e-09   0.00e+00 
 8.75042845030480e-09   0.00e+00 
 8.75098267372997e-09   0.00e+00 
 8.75153689840861e-09   0.00e+00 
 8.75209112434062e-09   0.00e+00 
 8.75264535152587e-09   0.00e+00 
 8.75319957996425e-09   0.00e+00 
 8.75375380965566e-09   0.00e+00 
 8.75430804059998e-09   0.00e+00 
 8.75486227279709e-09   0.00e+00 
 8.75541650624690e-09   0.00e+00 
 8.75597074094927e-09   0.00e+00 
 8.75652497690410e-09   0.00e+00 
 8.75707921411128e-09   0.00e+00 
 8.75763345257070e-09   0.00e+00 
 8.75818769228224e-09   0.00e+00 
 8.75874193324578e-09   0.00e+00 
 8.75929617546122e-09   0.00e+00 
 8.75985041892844e-09   0.00e+00 
 8.76040466364734e-09   0.00e+00 
 8.76095890961778e-09   0.00e+00 
 8.76151315683968e-09   0.00e+00 
 8.76206740531291e-09   0.00e+00 
 8.76262165503735e-09   0.00e+00 
 8.76317590601290e-09   0.00e+00 
 8.76373015823943e-09   0.00e+00 
 8.76428441171685e-09   0.00e+00 
 8.76483866644504e-09   0.00e+00 
 8.76539292242387e-09   0.00e+00 
 8.76594717965324e-09   0.00e+00 
 8.76650143813304e-09   0.00e+00 
 8.76705569786315e-09   0.00e+00 
 8.76760995884345e-09   0.00e+00 
 8.76816422107385e-09   0.00e+00 
 8.76871848455422e-09   0.00e+00 
 8.76927274928444e-09   0.00e+00 
 8.76982701526441e-09   0.00e+00 
 8.77038128249400e-09   0.00e+00 
 8.77093555097312e-09   0.00e+00 
 8.77148982070164e-09   0.00e+00 
 8.77204409167945e-09   0.00e+00 
 8.77259836390644e-09   0.00e+00 
 8.77315263738248e-09   0.00e+00 
 8.77370691210748e-09   0.00e+00 
 8.77426118808132e-09   0.00e+00 
 8.77481546530387e-09   0.00e+00 
 8.77536974377503e-09   0.00e+00 
 8.77592402349469e-09   0.00e+00 
 8.77647830446272e-09   0.00e+00 
 8.77703258667902e-09   0.00e+00 
 8.77758687014347e-09   0.00e+00 
 8.77814115485595e-09   0.00e+00 
 8.77869544081637e-09   0.00e+00 
 8.77924972802459e-09   0.00e+00 
 8.77980401648051e-09   0.00e+00 
 8.78035830618401e-09   0.00e+00 
 8.78091259713498e-09   0.00e+00 
 8.78146688933329e-09   0.00e+00 
 8.78202118277885e-09   0.00e+00 
 8.78257547747153e-09   0.00e+00 
 8.78312977341122e-09   0.00e+00 
 8.78368407059780e-09   0.00e+00 
 8.78423836903118e-09   0.00e+00 
 8.78479266871121e-09   0.00e+00 
 8.78534696963779e-09   0.00e+00 
 8.78590127181082e-09   0.00e+00 
 8.78645557523016e-09   0.00e+00 
 8.78700987989571e-09   0.00e+00 
 8.78756418580737e-09   0.00e+00 
 8.78811849296500e-09   0.00e+00 
 8.78867280136849e-09   0.00e+00 
 8.78922711101773e-09   0.00e+00 
 8.78978142191261e-09   0.00e+00 
 8.79033573405301e-09   0.00e+00 
 8.79089004743882e-09   0.00e+00 
 8.79144436206991e-09   0.00e+00 
 8.79199867794619e-09   0.00e+00 
 8.79255299506752e-09   0.00e+00 
 8.79310731343380e-09   0.00e+00 
 8.79366163304492e-09   0.00e+00 
 8.79421595390075e-09   0.00e+00 
 8.79477027600118e-09   0.00e+00 
 8.79532459934610e-09   0.00e+00 
 8.79587892393539e-09   0.00e+00 
 8.79643324976893e-09   0.00e+00 
 8.79698757684661e-09   0.00e+00 
 8.79754190516833e-09   0.00e+00 
 8.79809623473396e-09   0.00e+00 
 8.79865056554338e-09   0.00e+00 
 8.79920489759648e-09   0.00e+00 
 8.79975923089316e-09   0.00e+00 
 8.80031356543328e-09   0.00e+00 
 8.80086790121673e-09   0.00e+00 
 8.80142223824341e-09   0.00e+00 
 8.80197657651320e-09   0.00e+00 
 8.80253091602597e-09   0.00e+00 
 8.80308525678162e-09   0.00e+00 
 8.80363959878003e-09   0.00e+00 
 8.80419394202108e-09   0.00e+00 
 8.80474828650466e-09   0.00e+00 
 8.80530263223065e-09   0.00e+00 
 8.80585697919894e-09   0.00e+00 
 8.80641132740941e-09   0.00e+00 
 8.80696567686195e-09   0.00e+00 
 8.80752002755644e-09   0.00e+00 
 8.80807437949276e-09   0.00e+00 
 8.80862873267081e-09   0.00e+00 
 8.80918308709045e-09   0.00e+00 
 8.80973744275159e-09   0.00e+00 
 8.81029179965410e-09   0.00e+00 
 8.81084615779786e-09   0.00e+00 
 8.81140051718277e-09   0.00e+00 
 8.81195487780871e-09   0.00e+00 
 8.81250923967555e-09   0.00e+00 
 8.81306360278318e-09   0.00e+00 
 8.81361796713150e-09   0.00e+00 
 8.81417233272038e-09   0.00e+00 
 8.81472669954970e-09   0.00e+00 
 8.81528106761936e-09   0.00e+00 
 8.81583543692923e-09   0.00e+00 
 8.81638980747920e-09   0.00e+00 
 8.81694417926916e-09   0.00e+00 
 8.81749855229898e-09   0.00e+00 
 8.81805292656856e-09   0.00e+00 
 8.81860730207777e-09   0.00e+00 
 8.81916167882651e-09   0.00e+00 
 8.81971605681464e-09   0.00e+00 
 8.82027043604206e-09   0.00e+00 
 8.82082481650866e-09   0.00e+00 
 8.82137919821431e-09   0.00e+00 
 8.82193358115891e-09   0.00e+00 
 8.82248796534232e-09   0.00e+00 
 8.82304235076445e-09   0.00e+00 
 8.82359673742516e-09   0.00e+00 
 8.82415112532435e-09   0.00e+00 
 8.82470551446190e-09   0.00e+00 
 8.82525990483770e-09   0.00e+00 
 8.82581429645162e-09   0.00e+00 
 8.82636868930356e-09   0.00e+00 
 8.82692308339339e-09   0.00e+00 
 8.82747747872100e-09   0.00e+00 
 8.82803187528627e-09   0.00e+00 
 8.82858627308908e-09   0.00e+00 
 8.82914067212933e-09   0.00e+00 
 8.82969507240689e-09   0.00e+00 
 8.83024947392166e-09   0.00e+00 
 8.83080387667350e-09   0.00e+00 
 8.83135828066231e-09   0.00e+00 
 8.83191268588797e-09   0.00e+00 
 8.83246709235036e-09   0.00e+00 
 8.83302150004937e-09   0.00e+00 
 8.83357590898488e-09   0.00e+00 
 8.83413031915678e-09   0.00e+00 
 8.83468473056494e-09   0.00e+00 
 8.83523914320925e-09   0.00e+00 
 8.83579355708960e-09   0.00e+00 
 8.83634797220587e-09   0.00e+00 
 8.83690238855794e-09   0.00e+00 
 8.83745680614570e-09   0.00e+00 
 8.83801122496904e-09   0.00e+00 
 8.83856564502782e-09   0.00e+00 
 8.83912006632194e-09   0.00e+00 
 8.83967448885128e-09   0.00e+00 
 8.84022891261573e-09   0.00e+00 
 8.84078333761517e-09   0.00e+00 
 8.84133776384947e-09   0.00e+00 
 8.84189219131853e-09   0.00e+00 
 8.84244662002224e-09   0.00e+00 
 8.84300104996047e-09   0.00e+00 
 8.84355548113310e-09   0.00e+00 
 8.84410991354002e-09   0.00e+00 
 8.84466434718111e-09   0.00e+00 
 8.84521878205627e-09   0.00e+00 
 8.84577321816537e-09   0.00e+00 
 8.84632765550829e-09   0.00e+00 
 8.84688209408492e-09   0.00e+00 
 8.84743653389514e-09   0.00e+00 
 8.84799097493883e-09   0.00e+00 
 8.84854541721589e-09   0.00e+00 
 8.84909986072619e-09   0.00e+00 
 8.84965430546962e-09   0.00e+00 
 8.85020875144606e-09   0.00e+00 
 8.85076319865539e-09   0.00e+00 
 8.85131764709750e-09   0.00e+00 
 8.85187209677227e-09   0.00e+00 
 8.85242654767959e-09   0.00e+00 
 8.85298099981933e-09   0.00e+00 
 8.85353545319139e-09   0.00e+00 
 8.85408990779563e-09   0.00e+00 
 8.85464436363196e-09   0.00e+00 
 8.85519882070026e-09   0.00e+00 
 8.85575327900040e-09   0.00e+00 
 8.85630773853227e-09   0.00e+00 
 8.85686219929575e-09   0.00e+00 
 8.85741666129073e-09   0.00e+00 
 8.85797112451710e-09   0.00e+00 
 8.85852558897473e-09   0.00e+00 
 8.85908005466351e-09   0.00e+00 
 8.85963452158332e-09   0.00e+00 
 8.86018898973404e-09   0.00e+00 
 8.86074345911556e-09   0.00e+00 
 8.86129792972778e-09   0.00e+00 
 8.86185240157055e-09   0.00e+00 
 8.86240687464378e-09   0.00e+00 
 8.86296134894734e-09   0.00e+00 
 8.86351582448113e-09   0.00e+00 
 8.86407030124501e-09   0.00e+00 
 8.86462477923888e-09   0.00e+00 
 8.86517925846262e-09   0.00e+00 
 8.86573373891611e-09   0.00e+00 
 8.86628822059924e-09   0.00e+00 
 8.86684270351189e-09   0.00e+00 
 8.86739718765395e-09   0.00e+00 
 8.86795167302529e-09   0.00e+00 
 8.86850615962581e-09   0.00e+00 
 8.86906064745538e-09   0.00e+00 
 8.86961513651390e-09   0.00e+00 
 8.87016962680123e-09   0.00e+00 
 8.87072411831728e-09   0.00e+00 
 8.87127861106191e-09   0.00e+00 
 8.87183310503503e-09   0.00e+00 
 8.87238760023650e-09   0.00e+00 
 8.87294209666621e-09   0.00e+00 
 8.87349659432405e-09   0.00e+00 
 8.87405109320990e-09   0.00e+00 
 8.87460559332365e-09   0.00e+00 
 8.87516009466518e-09   0.00e+00 
 8.87571459723438e-09   0.00e+00 
 8.87626910103112e-09   0.00e+00 
 8.87682360605529e-09   0.00e+00 
 8.87737811230677e-09   0.00e+00 
 8.87793261978546e-09   0.00e+00 
 8.87848712849123e-09   0.00e+00 
 8.87904163842396e-09   0.00e+00 
 8.87959614958355e-09   0.00e+00 
 8.88015066196987e-09   0.00e+00 
 8.88070517558282e-09   0.00e+00 
 8.88125969042226e-09   0.00e+00 
 8.88181420648809e-09   0.00e+00 
 8.88236872378020e-09   0.00e+00 
 8.88292324229846e-09   0.00e+00 
 8.88347776204277e-09   0.00e+00 
 8.88403228301299e-09   0.00e+00 
 8.88458680520903e-09   0.00e+00 
 8.88514132863076e-09   0.00e+00 
 8.88569585327807e-09   0.00e+00 
 8.88625037915084e-09   0.00e+00 
 8.88680490624895e-09   0.00e+00 
 8.88735943457230e-09   0.00e+00 
 8.88791396412075e-09   0.00e+00 
 8.88846849489421e-09   0.00e+00 
 8.88902302689256e-09   0.00e+00 
 8.88957756011566e-09   0.00e+00 
 8.89013209456343e-09   0.00e+00 
 8.89068663023572e-09   0.00e+00 
 8.89124116713244e-09   0.00e+00 
 8.89179570525347e-09   0.00e+00 
 8.89235024459868e-09   0.00e+00 
 8.89290478516797e-09   0.00e+00 
 8.89345932696122e-09   0.00e+00 
 8.89401386997831e-09   0.00e+00 
 8.89456841421912e-09   0.00e+00 
 8.89512295968356e-09   0.00e+00 
 8.89567750637148e-09   0.00e+00 
 8.89623205428279e-09   0.00e+00 
 8.89678660341737e-09   0.00e+00 
 8.89734115377509e-09   0.00e+00 
 8.89789570535586e-09   0.00e+00 
 8.89845025815954e-09   0.00e+00 
 8.89900481218602e-09   0.00e+00 
 8.89955936743520e-09   0.00e+00 
 8.90011392390695e-09   0.00e+00 
 8.90066848160116e-09   0.00e+00 
 8.90122304051772e-09   0.00e+00 
 8.90177760065650e-09   0.00e+00 
 8.90233216201740e-09   0.00e+00 
 8.90288672460030e-09   0.00e+00 
 8.90344128840508e-09   0.00e+00 
 8.90399585343162e-09   0.00e+00 
 8.90455041967983e-09   0.00e+00 
 8.90510498714956e-09   0.00e+00 
 8.90565955584072e-09   0.00e+00 
 8.90621412575319e-09   0.00e+00 
 8.90676869688686e-09   0.00e+00 
 8.90732326924160e-09   0.00e+00 
 8.90787784281730e-09   0.00e+00 
 8.90843241761385e-09   0.00e+00 
 8.90898699363114e-09   0.00e+00 
 8.90954157086904e-09   0.00e+00 
 8.91009614932745e-09   0.00e+00 
 8.91065072900625e-09   0.00e+00 
 8.91120530990532e-09   0.00e+00 
 8.91175989202455e-09   0.00e+00 
 8.91231447536382e-09   0.00e+00 
 8.91286905992302e-09   0.00e+00 
 8.91342364570204e-09   0.00e+00 
 8.91397823270076e-09   0.00e+00 
 8.91453282091906e-09   0.00e+00 
 8.91508741035684e-09   0.00e+00 
 8.91564200101397e-09   0.00e+00 
 8.91619659289034e-09   0.00e+00 
 8.91675118598584e-09   0.00e+00 
 8.91730578030036e-09   0.00e+00 
 8.91786037583377e-09   0.00e+00 
 8.91841497258596e-09   0.00e+00 
 8.91896957055682e-09   0.00e+00 
 8.91952416974624e-09   0.00e+00 
 8.92007877015409e-09   0.00e+00 
 8.92063337178028e-09   0.00e+00 
 8.92118797462467e-09   0.00e+00 
 8.92174257868715e-09   0.00e+00 
 8.92229718396763e-09   0.00e+00 
 8.92285179046596e-09   0.00e+00 
 8.92340639818205e-09   0.00e+00 
 8.92396100711579e-09   0.00e+00 
 8.92451561726705e-09   0.00e+00 
 8.92507022863572e-09   0.00e+00 
 8.92562484122168e-09   0.00e+00 
 8.92617945502482e-09   0.00e+00 
 8.92673407004503e-09   0.00e+00 
 8.92728868628220e-09   0.00e+00 
 8.92784330373620e-09   0.00e+00 
 8.92839792240693e-09   0.00e+00 
 8.92895254229428e-09   0.00e+00 
 8.92950716339812e-09   0.00e+00 
 8.93006178571835e-09   0.00e+00 
 8.93061640925485e-09   0.00e+00 
 8.93117103400750e-09   0.00e+00 
 8.93172565997619e-09   0.00e+00 
 8.93228028716081e-09   0.00e+00 
 8.93283491556125e-09   0.00e+00 
 8.93338954517738e-09   0.00e+00 
 8.93394417600909e-09   0.00e+00 
 8.93449880805629e-09   0.00e+00 
 8.93505344131884e-09   0.00e+00 
 8.93560807579663e-09   0.00e+00 
 8.93616271148956e-09   0.00e+00 
 8.93671734839750e-09   0.00e+00 
 8.93727198652035e-09   0.00e+00 
 8.93782662585799e-09   0.00e+00 
 8.93838126641030e-09   0.00e+00 
 8.93893590817717e-09   0.00e+00 
 8.93949055115849e-09   0.00e+00 
 8.94004519535414e-09   0.00e+00 
 8.94059984076402e-09   0.00e+00 
 8.94115448738801e-09   0.00e+00 
 8.94170913522599e-09   0.00e+00 
 8.94226378427785e-09   0.00e+00 
 8.94281843454348e-09   0.00e+00 
 8.94337308602276e-09   0.00e+00 
 8.94392773871559e-09   0.00e+00 
 8.94448239262184e-09   0.00e+00 
 8.94503704774141e-09   0.00e+00 
 8.94559170407417e-09   0.00e+00 
 8.94614636162003e-09   0.00e+00 
 8.94670102037886e-09   0.00e+00 
 8.94725568035055e-09   0.00e+00 
 8.94781034153498e-09   0.00e+00 
 8.94836500393205e-09   0.00e+00 
 8.94891966754164e-09   0.00e+00 
 8.94947433236364e-09   0.00e+00 
 8.95002899839794e-09   0.00e+00 
 8.95058366564441e-09   0.00e+00 
 8.95113833410295e-09   0.00e+00 
 8.95169300377345e-09   0.00e+00 
 8.95224767465579e-09   0.00e+00 
 8.95280234674986e-09   0.00e+00 
 8.95335702005554e-09   0.00e+00 
 8.95391169457273e-09   0.00e+00 
 8.95446637030131e-09   0.00e+00 
 8.95502104724117e-09   0.00e+00 
 8.95557572539220e-09   0.00e+00 
 8.95613040475427e-09   0.00e+00 
 8.95668508532729e-09   0.00e+00 
 8.95723976711113e-09   0.00e+00 
 8.95779445010568e-09   0.00e+00 
 8.95834913431084e-09   0.00e+00 
 8.95890381972648e-09   0.00e+00 
 8.95945850635249e-09   0.00e+00 
 8.96001319418877e-09   0.00e+00 
 8.96056788323520e-09   0.00e+00 
 8.96112257349167e-09   0.00e+00 
 8.96167726495806e-09   0.00e+00 
 8.96223195763426e-09   0.00e+00 
 8.96278665152017e-09   0.00e+00 
 8.96334134661566e-09   0.00e+00 
 8.96389604292063e-09   0.00e+00 
 8.96445074043496e-09   0.00e+00 
 8.96500543915854e-09   0.00e+00 
 8.96556013909125e-09   0.00e+00 
 8.96611484023299e-09   0.00e+00 
 8.96666954258364e-09   0.00e+00 
 8.96722424614310e-09   0.00e+00 
 8.96777895091124e-09   0.00e+00 
 8.96833365688797e-09   0.00e+00 
 8.96888836407315e-09   0.00e+00 
 8.96944307246669e-09   0.00e+00 
 8.96999778206847e-09   0.00e+00 
 8.97055249287837e-09   0.00e+00 
 8.97110720489630e-09   0.00e+00 
 8.97166191812212e-09   0.00e+00 
 8.97221663255574e-09   0.00e+00 
 8.97277134819704e-09   0.00e+00 
 8.97332606504590e-09   0.00e+00 
 8.97388078310222e-09   0.00e+00 
 8.97443550236588e-09   0.00e+00 
 8.97499022283678e-09   0.00e+00 
 8.97554494451480e-09   0.00e+00 
 8.97609966739982e-09   0.00e+00 
 8.97665439149174e-09   0.00e+00 
 8.97720911679044e-09   0.00e+00 
 8.97776384329582e-09   0.00e+00 
 8.97831857100776e-09   0.00e+00 
 8.97887329992615e-09   0.00e+00 
 8.97942803005088e-09   0.00e+00 
 8.97998276138184e-09   0.00e+00 
 8.98053749391891e-09   0.00e+00 
 8.98109222766198e-09   0.00e+00 
 8.98164696261094e-09   0.00e+00 
 8.98220169876569e-09   0.00e+00 
 8.98275643612611e-09   0.00e+00 
 8.98331117469208e-09   0.00e+00 
 8.98386591446350e-09   0.00e+00 
 8.98442065544025e-09   0.00e+00 
 8.98497539762223e-09   0.00e+00 
 8.98553014100933e-09   0.00e+00 
 8.98608488560142e-09   0.00e+00 
 8.98663963139841e-09   0.00e+00 
 8.98719437840017e-09   0.00e+00 
 8.98774912660660e-09   0.00e+00 
 8.98830387601759e-09   0.00e+00 
 8.98885862663302e-09   0.00e+00 
 8.98941337845279e-09   0.00e+00 
 8.98996813147678e-09   0.00e+00 
 8.99052288570489e-09   0.00e+00 
 8.99107764113700e-09   0.00e+00 
 8.99163239777300e-09   0.00e+00 
 8.99218715561278e-09   0.00e+00 
 8.99274191465623e-09   0.00e+00 
 8.99329667490324e-09   0.00e+00 
 8.99385143635371e-09   0.00e+00 
 8.99440619900750e-09   0.00e+00 
 8.99496096286453e-09   0.00e+00 
 8.99551572792468e-09   0.00e+00 
 8.99607049418782e-09   0.00e+00 
 8.99662526165387e-09   0.00e+00 
 8.99718003032269e-09   0.00e+00 
 8.99773480019420e-09   0.00e+00 
 8.99828957126827e-09   0.00e+00 
 8.99884434354479e-09   0.00e+00 
 8.99939911702366e-09   0.00e+00 
 8.99995389170476e-09   0.00e+00 
 9.00050866758798e-09   0.00e+00 
 9.00106344467322e-09   0.00e+00 
 9.00161822296036e-09   0.00e+00 
 9.00217300244929e-09   0.00e+00 
 9.00272778313990e-09   0.00e+00 
 9.00328256503209e-09   0.00e+00 
 9.00383734812574e-09   0.00e+00 
 9.00439213242074e-09   0.00e+00 
 9.00494691791698e-09   0.00e+00 
 9.00550170461436e-09   0.00e+00 
 9.00605649251276e-09   0.00e+00 
 9.00661128161208e-09   0.00e+00 
 9.00716607191219e-09   0.00e+00 
 9.00772086341300e-09   0.00e+00 
 9.00827565611440e-09   0.00e+00 
 9.00883045001627e-09   0.00e+00 
 9.00938524511851e-09   0.00e+00 
 9.00994004142100e-09   0.00e+00 
 9.01049483892364e-09   0.00e+00 
 9.01104963762631e-09   0.00e+00 
 9.01160443752891e-09   0.00e+00 
 9.01215923863132e-09   0.00e+00 
 9.01271404093345e-09   0.00e+00 
 9.01326884443518e-09   0.00e+00 
 9.01382364913639e-09   0.00e+00 
 9.01437845503699e-09   0.00e+00 
 9.01493326213686e-09   0.00e+00 
 9.01548807043589e-09   0.00e+00 
 9.01604287993398e-09   0.00e+00 
 9.01659769063100e-09   0.00e+00 
 9.01715250252687e-09   0.00e+00 
 9.01770731562146e-09   0.00e+00 
 9.01826212991467e-09   0.00e+00 
 9.01881694540638e-09   0.00e+00 
 9.01937176209650e-09   0.00e+00 
 9.01992657998491e-09   0.00e+00 
 9.02048139907151e-09   0.00e+00 
 9.02103621935617e-09   0.00e+00 
 9.02159104083881e-09   0.00e+00 
 9.02214586351929e-09   0.00e+00 
 9.02270068739753e-09   0.00e+00 
 9.02325551247341e-09   0.00e+00 
 9.02381033874682e-09   0.00e+00 
 9.02436516621765e-09   0.00e+00 
 9.02491999488580e-09   0.00e+00 
 9.02547482475116e-09   0.00e+00 
 9.02602965581361e-09   0.00e+00 
 9.02658448807305e-09   0.00e+00 
 9.02713932152938e-09   0.00e+00 
 9.02769415618248e-09   0.00e+00 
 9.02824899203225e-09   0.00e+00 
 9.02880382907857e-09   0.00e+00 
 9.02935866732134e-09   0.00e+00 
 9.02991350676046e-09   0.00e+00 
 9.03046834739582e-09   0.00e+00 
 9.03102318922729e-09   0.00e+00 
 9.03157803225479e-09   0.00e+00 
 9.03213287647820e-09   0.00e+00 
 9.03268772189741e-09   0.00e+00 
 9.03324256851232e-09   0.00e+00 
 9.03379741632282e-09   0.00e+00 
 9.03435226532880e-09   0.00e+00 
 9.03490711553016e-09   0.00e+00 
 9.03546196692678e-09   0.00e+00 
 9.03601681951856e-09   0.00e+00 
 9.03657167330539e-09   0.00e+00 
 9.03712652828717e-09   0.00e+00 
 9.03768138446379e-09   0.00e+00 
 9.03823624183513e-09   0.00e+00 
 9.03879110040110e-09   0.00e+00 
 9.03934596016159e-09   0.00e+00 
 9.03990082111648e-09   0.00e+00 
 9.04045568326568e-09   0.00e+00 
 9.04101054660907e-09   0.00e+00 
 9.04156541114656e-09   0.00e+00 
 9.04212027687802e-09   0.00e+00 
 9.04267514380337e-09   0.00e+00 
 9.04323001192247e-09   0.00e+00 
 9.04378488123525e-09   0.00e+00 
 9.04433975174158e-09   0.00e+00 
 9.04489462344135e-09   0.00e+00 
 9.04544949633447e-09   0.00e+00 
 9.04600437042083e-09   0.00e+00 
 9.04655924570031e-09   0.00e+00 
 9.04711412217282e-09   0.00e+00 
 9.04766899983825e-09   0.00e+00 
 9.04822387869649e-09   0.00e+00 
 9.04877875874743e-09   0.00e+00 
 9.04933363999097e-09   0.00e+00 
 9.04988852242701e-09   0.00e+00 
 9.05044340605543e-09   0.00e+00 
 9.05099829087613e-09   0.00e+00 
 9.05155317688901e-09   0.00e+00 
 9.05210806409396e-09   0.00e+00 
 9.05266295249087e-09   0.00e+00 
 9.05321784207964e-09   0.00e+00 
 9.05377273286016e-09   0.00e+00 
 9.05432762483233e-09   0.00e+00 
 9.05488251799604e-09   0.00e+00 
 9.05543741235119e-09   0.00e+00 
 9.05599230789767e-09   0.00e+00 
 9.05654720463537e-09   0.00e+00 
 9.05710210256419e-09   0.00e+00 
 9.05765700168403e-09   0.00e+00 
 9.05821190199477e-09   0.00e+00 
 9.05876680349632e-09   0.00e+00 
 9.05932170618857e-09   0.00e+00 
 9.05987661007141e-09   0.00e+00 
 9.06043151514473e-09   0.00e+00 
 9.06098642140845e-09   0.00e+00 
 9.06154132886244e-09   0.00e+00 
 9.06209623750661e-09   0.00e+00 
 9.06265114734085e-09   0.00e+00 
 9.06320605836505e-09   0.00e+00 
 9.06376097057911e-09   0.00e+00 
 9.06431588398293e-09   0.00e+00 
 9.06487079857639e-09   0.00e+00 
 9.06542571435941e-09   0.00e+00 
 9.06598063133186e-09   0.00e+00 
 9.06653554949366e-09   0.00e+00 
 9.06709046884468e-09   0.00e+00 
 9.06764538938483e-09   0.00e+00 
 9.06820031111401e-09   0.00e+00 
 9.06875523403211e-09   0.00e+00 
 9.06931015813903e-09   0.00e+00 
 9.06986508343465e-09   0.00e+00 
 9.07042000991889e-09   0.00e+00 
 9.07097493759162e-09   0.00e+00 
 9.07152986645276e-09   0.00e+00 
 9.07208479650220e-09   0.00e+00 
 9.07263972773982e-09   0.00e+00 
 9.07319466016553e-09   0.00e+00 
 9.07374959377923e-09   0.00e+00 
 9.07430452858080e-09   0.00e+00 
 9.07485946457016e-09   0.00e+00 
 9.07541440174719e-09   0.00e+00 
 9.07596934011179e-09   0.00e+00 
 9.07652427966386e-09   0.00e+00 
 9.07707922040329e-09   0.00e+00 
 9.07763416232998e-09   0.00e+00 
 9.07818910544382e-09   0.00e+00 
 9.07874404974472e-09   0.00e+00 
 9.07929899523257e-09   0.00e+00 
 9.07985394190727e-09   0.00e+00 
 9.08040888976871e-09   0.00e+00 
 9.08096383881680e-09   0.00e+00 
 9.08151878905142e-09   0.00e+00 
 9.08207374047248e-09   0.00e+00 
 9.08262869307986e-09   0.00e+00 
 9.08318364687348e-09   0.00e+00 
 9.08373860185323e-09   0.00e+00 
 9.08429355801899e-09   0.00e+00 
 9.08484851537068e-09   0.00e+00 
 9.08540347390819e-09   0.00e+00 
 9.08595843363141e-09   0.00e+00 
 9.08651339454025e-09   0.00e+00 
 9.08706835663459e-09   0.00e+00 
 9.08762331991435e-09   0.00e+00 
 9.08817828437941e-09   0.00e+00 
 9.08873325002968e-09   0.00e+00 
 9.08928821686505e-09   0.00e+00 
 9.08984318488542e-09   0.00e+00 
 9.09039815409069e-09   0.00e+00 
 9.09095312448075e-09   0.00e+00 
 9.09150809605550e-09   0.00e+00 
 9.09206306881484e-09   0.00e+00 
 9.09261804275868e-09   0.00e+00 
 9.09317301788689e-09   0.00e+00 
 9.09372799419940e-09   0.00e+00 
 9.09428297169609e-09   0.00e+00 
 9.09483795037685e-09   0.00e+00 
 9.09539293024160e-09   0.00e+00 
 9.09594791129023e-09   0.00e+00 
 9.09650289352264e-09   0.00e+00 
 9.09705787693872e-09   0.00e+00 
 9.09761286153837e-09   0.00e+00 
 9.09816784732149e-09   0.00e+00 
 9.09872283428799e-09   0.00e+00 
 9.09927782243775e-09   0.00e+00 
 9.09983281177069e-09   0.00e+00 
 9.10038780228669e-09   0.00e+00 
 9.10094279398565e-09   0.00e+00 
 9.10149778686748e-09   0.00e+00 
 9.10205278093207e-09   0.00e+00 
 9.10260777617932e-09   0.00e+00 
 9.10316277260914e-09   0.00e+00 
 9.10371777022142e-09   0.00e+00 
 9.10427276901605e-09   0.00e+00 
 9.10482776899295e-09   0.00e+00 
 9.10538277015200e-09   0.00e+00 
 9.10593777249311e-09   0.00e+00 
 9.10649277601616e-09   0.00e+00 
 9.10704778072108e-09   0.00e+00 
 9.10760278660775e-09   0.00e+00 
 9.10815779367608e-09   0.00e+00 
 9.10871280192596e-09   0.00e+00 
 9.10926781135730e-09   0.00e+00 
 9.10982282196999e-09   0.00e+00 
 9.11037783376393e-09   0.00e+00 
 9.11093284673903e-09   0.00e+00 
 9.11148786089517e-09   0.00e+00 
 9.11204287623227e-09   0.00e+00 
 9.11259789275021e-09   0.00e+00 
 9.11315291044891e-09   0.00e+00 
 9.11370792932827e-09   0.00e+00 
 9.11426294938817e-09   0.00e+00 
 9.11481797062852e-09   0.00e+00 
 9.11537299304922e-09   0.00e+00 
 9.11592801665018e-09   0.00e+00 
 9.11648304143129e-09   0.00e+00 
 9.11703806739245e-09   0.00e+00 
 9.11759309453355e-09   0.00e+00 
 9.11814812285452e-09   0.00e+00 
 9.11870315235523e-09   0.00e+00 
 9.11925818303560e-09   0.00e+00 
 9.11981321489552e-09   0.00e+00 
 9.12036824793490e-09   0.00e+00 
 9.12092328215363e-09   0.00e+00 
 9.12147831755162e-09   0.00e+00 
 9.12203335412876e-09   0.00e+00 
 9.12258839188495e-09   0.00e+00 
 9.12314343082011e-09   0.00e+00 
 9.12369847093412e-09   0.00e+00 
 9.12425351222689e-09   0.00e+00 
 9.12480855469832e-09   0.00e+00 
 9.12536359834831e-09   0.00e+00 
 9.12591864317676e-09   0.00e+00 
 9.12647368918357e-09   0.00e+00 
 9.12702873636865e-09   0.00e+00 
 9.12758378473189e-09   0.00e+00 
 9.12813883427320e-09   0.00e+00 
 9.12869388499247e-09   0.00e+00 
 9.12924893688962e-09   0.00e+00 
 9.12980398996453e-09   0.00e+00 
 9.13035904421712e-09   0.00e+00 
 9.13091409964727e-09   0.00e+00 
 9.13146915625490e-09   0.00e+00 
 9.13202421403991e-09   0.00e+00 
 9.13257927300218e-09   0.00e+00 
 9.13313433314164e-09   0.00e+00 
 9.13368939445818e-09   0.00e+00 
 9.13424445695170e-09   0.00e+00 
 9.13479952062211e-09   0.00e+00 
 9.13535458546930e-09   0.00e+00 
 9.13590965149318e-09   0.00e+00 
 9.13646471869364e-09   0.00e+00 
 9.13701978707060e-09   0.00e+00 
 9.13757485662395e-09   0.00e+00 
 9.13812992735359e-09   0.00e+00 
 9.13868499925944e-09   0.00e+00 
 9.13924007234138e-09   0.00e+00 
 9.13979514659932e-09   0.00e+00 
 9.14035022203316e-09   0.00e+00 
 9.14090529864281e-09   0.00e+00 
 9.14146037642817e-09   0.00e+00 
 9.14201545538913e-09   0.00e+00 
 9.14257053552562e-09   0.00e+00 
 9.14312561683751e-09   0.00e+00 
 9.14368069932472e-09   0.00e+00 
 9.14423578298715e-09   0.00e+00 
 9.14479086782471e-09   0.00e+00 
 9.14534595383729e-09   0.00e+00 
 9.14590104102480e-09   0.00e+00 
 9.14645612938715e-09   0.00e+00 
 9.14701121892422e-09   0.00e+00 
 9.14756630963594e-09   0.00e+00 
 9.14812140152218e-09   0.00e+00 
 9.14867649458287e-09   0.00e+00 
 9.14923158881791e-09   0.00e+00 
 9.14978668422719e-09   0.00e+00 
 9.15034178081063e-09   0.00e+00 
 9.15089687856812e-09   0.00e+00 
 9.15145197749957e-09   0.00e+00 
 9.15200707760488e-09   0.00e+00 
 9.15256217888396e-09   0.00e+00 
 9.15311728133670e-09   0.00e+00 
 9.15367238496301e-09   0.00e+00 
 9.15422748976279e-09   0.00e+00 
 9.15478259573596e-09   0.00e+00 
 9.15533770288241e-09   0.00e+00 
 9.15589281120203e-09   0.00e+00 
 9.15644792069475e-09   0.00e+00 
 9.15700303136046e-09   0.00e+00 
 9.15755814319907e-09   0.00e+00 
 9.15811325621047e-09   0.00e+00 
 9.15866837039457e-09   0.00e+00 
 9.15922348575128e-09   0.00e+00 
 9.15977860228051e-09   0.00e+00 
 9.16033371998215e-09   0.00e+00 
 9.16088883885611e-09   0.00e+00 
 9.16144395890230e-09   0.00e+00 
 9.16199908012061e-09   0.00e+00 
 9.16255420251095e-09   0.00e+00 
 9.16310932607323e-09   0.00e+00 
 9.16366445080735e-09   0.00e+00 
 9.16421957671321e-09   0.00e+00 
 9.16477470379072e-09   0.00e+00 
 9.16532983203979e-09   0.00e+00 
 9.16588496146031e-09   0.00e+00 
 9.16644009205220e-09   0.00e+00 
 9.16699522381535e-09   0.00e+00 
 9.16755035674967e-09   0.00e+00 
 9.16810549085507e-09   0.00e+00 
 9.16866062613145e-09   0.00e+00 
 9.16921576257871e-09   0.00e+00 
 9.16977090019676e-09   0.00e+00 
 9.17032603898550e-09   0.00e+00 
 9.17088117894485e-09   0.00e+00 
 9.17143632007471e-09   0.00e+00 
 9.17199146237497e-09   0.00e+00 
 9.17254660584555e-09   0.00e+00 
 9.17310175048635e-09   0.00e+00 
 9.17365689629727e-09   0.00e+00 
 9.17421204327823e-09   0.00e+00 
 9.17476719142913e-09   0.00e+00 
 9.17532234074986e-09   0.00e+00 
 9.17587749124034e-09   0.00e+00 
 9.17643264290047e-09   0.00e+00 
 9.17698779573016e-09   0.00e+00 
 9.17754294972932e-09   0.00e+00 
 9.17809810489785e-09   0.00e+00 
 9.17865326123565e-09   0.00e+00 
 9.17920841874263e-09   0.00e+00 
 9.17976357741869e-09   0.00e+00 
 9.18031873726375e-09   0.00e+00 
 9.18087389827771e-09   0.00e+00 
 9.18142906046047e-09   0.00e+00 
 9.18198422381195e-09   0.00e+00 
 9.18253938833203e-09   0.00e+00 
 9.18309455402064e-09   0.00e+00 
 9.18364972087768e-09   0.00e+00 
 9.18420488890305e-09   0.00e+00 
 9.18476005809667e-09   0.00e+00 
 9.18531522845842e-09   0.00e+00 
 9.18587039998823e-09   0.00e+00 
 9.18642557268600e-09   0.00e+00 
 9.18698074655164e-09   0.00e+00 
 9.18753592158506e-09   0.00e+00 
 9.18809109778615e-09   0.00e+00 
 9.18864627515483e-09   0.00e+00 
 9.18920145369100e-09   0.00e+00 
 9.18975663339458e-09   0.00e+00 
 9.19031181426546e-09   0.00e+00 
 9.19086699630356e-09   0.00e+00 
 9.19142217950877e-09   0.00e+00 
 9.19197736388101e-09   0.00e+00 
 9.19253254942019e-09   0.00e+00 
 9.19308773612621e-09   0.00e+00 
 9.19364292399897e-09   0.00e+00 
 9.19419811303840e-09   0.00e+00 
 9.19475330324438e-09   0.00e+00 
 9.19530849461684e-09   0.00e+00 
 9.19586368715567e-09   0.00e+00 
 9.19641888086079e-09   0.00e+00 
 9.19697407573211e-09   0.00e+00 
 9.19752927176952e-09   0.00e+00 
 9.19808446897294e-09   0.00e+00 
 9.19863966734228e-09   0.00e+00 
 9.19919486687744e-09   0.00e+00 
 9.19975006757833e-09   0.00e+00 
 9.20030526944486e-09   0.00e+00 
 9.20086047247694e-09   0.00e+00 
 9.20141567667447e-09   0.00e+00 
 9.20197088203736e-09   0.00e+00 
 9.20252608856553e-09   0.00e+00 
 9.20308129625888e-09   0.00e+00 
 9.20363650511731e-09   0.00e+00 
 9.20419171514074e-09   0.00e+00 
 9.20474692632907e-09   0.00e+00 
 9.20530213868222e-09   0.00e+00 
 9.20585735220009e-09   0.00e+00 
 9.20641256688258e-09   0.00e+00 
 9.20696778272962e-09   0.00e+00 
 9.20752299974110e-09   0.00e+00 
 9.20807821791693e-09   0.00e+00 
 9.20863343725703e-09   0.00e+00 
 9.20918865776130e-09   0.00e+00 
 9.20974387942965e-09   0.00e+00 
 9.21029910226199e-09   0.00e+00 
 9.21085432625823e-09   0.00e+00 
 9.21140955141828e-09   0.00e+00 
 9.21196477774204e-09   0.00e+00 
 9.21252000522943e-09   0.00e+00 
 9.21307523388036e-09   0.00e+00 
 9.21363046369473e-09   0.00e+00 
 9.21418569467245e-09   0.00e+00 
 9.21474092681344e-09   0.00e+00 
 9.21529616011759e-09   0.00e+00 
 9.21585139458484e-09   0.00e+00 
 9.21640663021506e-09   0.00e+00 
 9.21696186700820e-09   0.00e+00 
 9.21751710496414e-09   0.00e+00 
 9.21807234408280e-09   0.00e+00 
 9.21862758436409e-09   0.00e+00 
 9.21918282580792e-09   0.00e+00 
 9.21973806841420e-09   0.00e+00 
 9.22029331218284e-09   0.00e+00 
 9.22084855711375e-09   0.00e+00 
 9.22140380320684e-09   0.00e+00 
 9.22195905046200e-09   0.00e+00 
 9.22251429887918e-09   0.00e+00 
 9.22306954845826e-09   0.00e+00 
 9.22362479919917e-09   0.00e+00 
 9.22418005110180e-09   0.00e+00 
 9.22473530416607e-09   0.00e+00 
 9.22529055839190e-09   0.00e+00 
 9.22584581377918e-09   0.00e+00 
 9.22640107032783e-09   0.00e+00 
 9.22695632803777e-09   0.00e+00 
 9.22751158690890e-09   0.00e+00 
 9.22806684694114e-09   0.00e+00 
 9.22862210813439e-09   0.00e+00 
 9.22917737048857e-09   0.00e+00 
 9.22973263400358e-09   0.00e+00 
 9.23028789867933e-09   0.00e+00 
 9.23084316451575e-09   0.00e+00 
 9.23139843151274e-09   0.00e+00 
 9.23195369967020e-09   0.00e+00 
 9.23250896898806e-09   0.00e+00 
 9.23306423946622e-09   0.00e+00 
 9.23361951110459e-09   0.00e+00 
 9.23417478390309e-09   0.00e+00 
 9.23473005786162e-09   0.00e+00 
 9.23528533298010e-09   0.00e+00 
 9.23584060925844e-09   0.00e+00 
 9.23639588669655e-09   0.00e+00 
 9.23695116529434e-09   0.00e+00 
 9.23750644505173e-09   0.00e+00 
 9.23806172596862e-09   0.00e+00 
 9.23861700804492e-09   0.00e+00 
 9.23917229128056e-09   0.00e+00 
 9.23972757567543e-09   0.00e+00 
 9.24028286122946e-09   0.00e+00 
 9.24083814794256e-09   0.00e+00 
 9.24139343581463e-09   0.00e+00 
 9.24194872484558e-09   0.00e+00 
 9.24250401503534e-09   0.00e+00 
 9.24305930638381e-09   0.00e+00 
 9.24361459889090e-09   0.00e+00 
 9.24416989255654e-09   0.00e+00 
 9.24472518738062e-09   0.00e+00 
 9.24528048336306e-09   0.00e+00 
 9.24583578050378e-09   0.00e+00 
 9.24639107880269e-09   0.00e+00 
 9.24694637825970e-09   0.00e+00 
 9.24750167887471e-09   0.00e+00 
 9.24805698064765e-09   0.00e+00 
 9.24861228357843e-09   0.00e+00 
 9.24916758766695e-09   0.00e+00 
 9.24972289291314e-09   0.00e+00 
 9.25027819931691e-09   0.00e+00 
 9.25083350687816e-09   0.00e+00 
 9.25138881559682e-09   0.00e+00 
 9.25194412547278e-09   0.00e+00 
 9.25249943650598e-09   0.00e+00 
 9.25305474869631e-09   0.00e+00 
 9.25361006204370e-09   0.00e+00 
 9.25416537654805e-09   0.00e+00 
 9.25472069220929e-09   0.00e+00 
 9.25527600902732e-09   0.00e+00 
 9.25583132700205e-09   0.00e+00 
 9.25638664613340e-09   0.00e+00 
 9.25694196642128e-09   0.00e+00 
 9.25749728786561e-09   0.00e+00 
 9.25805261046630e-09   0.00e+00 
 9.25860793422326e-09   0.00e+00 
 9.25916325913641e-09   0.00e+00 
 9.25971858520566e-09   0.00e+00 
 9.26027391243092e-09   0.00e+00 
 9.26082924081211e-09   0.00e+00 
 9.26138457034914e-09   0.00e+00 
 9.26193990104193e-09   0.00e+00 
 9.26249523289038e-09   0.00e+00 
 9.26305056589442e-09   0.00e+00 
 9.26360590005396e-09   0.00e+00 
 9.26416123536891e-09   0.00e+00 
 9.26471657183917e-09   0.00e+00 
 9.26527190946468e-09   0.00e+00 
 9.26582724824534e-09   0.00e+00 
 9.26638258818107e-09   0.00e+00 
 9.26693792927178e-09   0.00e+00 
 9.26749327151738e-09   0.00e+00 
 9.26804861491779e-09   0.00e+00 
 9.26860395947293e-09   0.00e+00 
 9.26915930518270e-09   0.00e+00 
 9.26971465204703e-09   0.00e+00 
 9.27027000006583e-09   0.00e+00 
 9.27082534923901e-09   0.00e+00 
 9.27138069956648e-09   0.00e+00 
 9.27193605104816e-09   0.00e+00 
 9.27249140368397e-09   0.00e+00 
 9.27304675747381e-09   0.00e+00 
 9.27360211241761e-09   0.00e+00 
 9.27415746851528e-09   0.00e+00 
 9.27471282576674e-09   0.00e+00 
 9.27526818417189e-09   0.00e+00 
 9.27582354373065e-09   0.00e+00 
 9.27637890444294e-09   0.00e+00 
 9.27693426630868e-09   0.00e+00 
 9.27748962932777e-09   0.00e+00 
 9.27804499350013e-09   0.00e+00 
 9.27860035882568e-09   0.00e+00 
 9.27915572530433e-09   0.00e+00 
 9.27971109293601e-09   0.00e+00 
 9.28026646172061e-09   0.00e+00 
 9.28082183165806e-09   0.00e+00 
 9.28137720274827e-09   0.00e+00 
 9.28193257499116e-09   0.00e+00 
 9.28248794838664e-09   0.00e+00 
 9.28304332293464e-09   0.00e+00 
 9.28359869863505e-09   0.00e+00 
 9.28415407548780e-09   0.00e+00 
 9.28470945349281e-09   0.00e+00 
 9.28526483264998e-09   0.00e+00 
 9.28582021295923e-09   0.00e+00 
 9.28637559442049e-09   0.00e+00 
 9.28693097703366e-09   0.00e+00 
 9.28748636079866e-09   0.00e+00 
 9.28804174571541e-09   0.00e+00 
 9.28859713178382e-09   0.00e+00 
 9.28915251900380e-09   0.00e+00 
 9.28970790737528e-09   0.00e+00 
 9.29026329689817e-09   0.00e+00 
 9.29081868757237e-09   0.00e+00 
 9.29137407939782e-09   0.00e+00 
 9.29192947237442e-09   0.00e+00 
 9.29248486650209e-09   0.00e+00 
 9.29304026178074e-09   0.00e+00 
 9.29359565821030e-09   0.00e+00 
 9.29415105579067e-09   0.00e+00 
 9.29470645452178e-09   0.00e+00 
 9.29526185440354e-09   0.00e+00 
 9.29581725543586e-09   0.00e+00 
 9.29637265761866e-09   0.00e+00 
 9.29692806095185e-09   0.00e+00 
 9.29748346543536e-09   0.00e+00 
 9.29803887106909e-09   0.00e+00 
 9.29859427785297e-09   0.00e+00 
 9.29914968578690e-09   0.00e+00 
 9.29970509487081e-09   0.00e+00 
 9.30026050510461e-09   0.00e+00 
 9.30081591648822e-09   0.00e+00 
 9.30137132902155e-09   0.00e+00 
 9.30192674270452e-09   0.00e+00 
 9.30248215753704e-09   0.00e+00 
 9.30303757351903e-09   0.00e+00 
 9.30359299065041e-09   0.00e+00 
 9.30414840893110e-09   0.00e+00 
 9.30470382836099e-09   0.00e+00 
 9.30525924894002e-09   0.00e+00 
 9.30581467066811e-09   0.00e+00 
 9.30637009354516e-09   0.00e+00 
 9.30692551757109e-09   0.00e+00 
 9.30748094274582e-09   0.00e+00 
 9.30803636906926e-09   0.00e+00 
 9.30859179654134e-09   0.00e+00 
 9.30914722516196e-09   0.00e+00 
 9.30970265493105e-09   0.00e+00 
 9.31025808584851e-09   0.00e+00 
 9.31081351791427e-09   0.00e+00 
 9.31136895112824e-09   0.00e+00 
 9.31192438549034e-09   0.00e+00 
 9.31247982100047e-09   0.00e+00 
 9.31303525765857e-09   0.00e+00 
 9.31359069546454e-09   0.00e+00 
 9.31414613441831e-09   0.00e+00 
 9.31470157451978e-09   0.00e+00 
 9.31525701576888e-09   0.00e+00 
 9.31581245816551e-09   0.00e+00 
 9.31636790170960e-09   0.00e+00 
 9.31692334640106e-09   0.00e+00 
 9.31747879223981e-09   0.00e+00 
 9.31803423922577e-09   0.00e+00 
 9.31858968735885e-09   0.00e+00 
 9.31914513663897e-09   0.00e+00 
 9.31970058706603e-09   0.00e+00 
 9.32025603863997e-09   0.00e+00 
 9.32081149136070e-09   0.00e+00 
 9.32136694522812e-09   0.00e+00 
 9.32192240024216e-09   0.00e+00 
 9.32247785640274e-09   0.00e+00 
 9.32303331370977e-09   0.00e+00 
 9.32358877216316e-09   0.00e+00 
 9.32414423176283e-09   0.00e+00 
 9.32469969250871e-09   0.00e+00 
 9.32525515440070e-09   0.00e+00 
 9.32581061743872e-09   0.00e+00 
 9.32636608162268e-09   0.00e+00 
 9.32692154695251e-09   0.00e+00 
 9.32747701342812e-09   0.00e+00 
 9.32803248104942e-09   0.00e+00 
 9.32858794981634e-09   0.00e+00 
 9.32914341972879e-09   0.00e+00 
 9.32969889078667e-09   0.00e+00 
 9.33025436298992e-09   0.00e+00 
 9.33080983633844e-09   0.00e+00 
 9.33136531083216e-09   0.00e+00 
 9.33192078647098e-09   0.00e+00 
 9.33247626325483e-09   0.00e+00 
 9.33303174118361e-09   0.00e+00 
 9.33358722025726e-09   0.00e+00 
 9.33414270047568e-09   0.00e+00 
 9.33469818183879e-09   0.00e+00 
 9.33525366434650e-09   0.00e+00 
 9.33580914799873e-09   0.00e+00 
 9.33636463279540e-09   0.00e+00 
 9.33692011873642e-09   0.00e+00 
 9.33747560582170e-09   0.00e+00 
 9.33803109405118e-09   0.00e+00 
 9.33858658342475e-09   0.00e+00 
 9.33914207394234e-09   0.00e+00 
 9.33969756560386e-09   0.00e+00 
 9.34025305840923e-09   0.00e+00 
 9.34080855235837e-09   0.00e+00 
 9.34136404745119e-09   0.00e+00 
 9.34191954368760e-09   0.00e+00 
 9.34247504106752e-09   0.00e+00 
 9.34303053959087e-09   0.00e+00 
 9.34358603925757e-09   0.00e+00 
 9.34414154006753e-09   0.00e+00 
 9.34469704202066e-09   0.00e+00 
 9.34525254511689e-09   0.00e+00 
 9.34580804935612e-09   0.00e+00 
 9.34636355473827e-09   0.00e+00 
 9.34691906126327e-09   0.00e+00 
 9.34747456893102e-09   0.00e+00 
 9.34803007774144e-09   0.00e+00 
 9.34858558769444e-09   0.00e+00 
 9.34914109878995e-09   0.00e+00 
 9.34969661102787e-09   0.00e+00 
 9.35025212440813e-09   0.00e+00 
 9.35080763893064e-09   0.00e+00 
 9.35136315459531e-09   0.00e+00 
 9.35191867140206e-09   0.00e+00 
 9.35247418935081e-09   0.00e+00 
 9.35302970844147e-09   0.00e+00 
 9.35358522867396e-09   0.00e+00 
 9.35414075004819e-09   0.00e+00 
 9.35469627256408e-09   0.00e+00 
 9.35525179622153e-09   0.00e+00 
 9.35580732102048e-09   0.00e+00 
 9.35636284696084e-09   0.00e+00 
 9.35691837404251e-09   0.00e+00 
 9.35747390226542e-09   0.00e+00 
 9.35802943162949e-09   0.00e+00 
 9.35858496213461e-09   0.00e+00 
 9.35914049378073e-09   0.00e+00 
 9.35969602656774e-09   0.00e+00 
 9.36025156049556e-09   0.00e+00 
 9.36080709556411e-09   0.00e+00 
 9.36136263177330e-09   0.00e+00 
 9.36191816912306e-09   0.00e+00 
 9.36247370761328e-09   0.00e+00 
 9.36302924724390e-09   0.00e+00 
 9.36358478801482e-09   0.00e+00 
 9.36414032992597e-09   0.00e+00 
 9.36469587297724e-09   0.00e+00 
 9.36525141716857e-09   0.00e+00 
 9.36580696249986e-09   0.00e+00 
 9.36636250897103e-09   0.00e+00 
 9.36691805658200e-09   0.00e+00 
 9.36747360533268e-09   0.00e+00 
 9.36802915522298e-09   0.00e+00 
 9.36858470625282e-09   0.00e+00 
 9.36914025842212e-09   0.00e+00 
 9.36969581173079e-09   0.00e+00 
 9.37025136617875e-09   0.00e+00 
 9.37080692176591e-09   0.00e+00 
 9.37136247849218e-09   0.00e+00 
 9.37191803635748e-09   0.00e+00 
 9.37247359536174e-09   0.00e+00 
 9.37302915550485e-09   0.00e+00 
 9.37358471678674e-09   0.00e+00 
 9.37414027920731e-09   0.00e+00 
 9.37469584276649e-09   0.00e+00 
 9.37525140746419e-09   0.00e+00 
 9.37580697330033e-09   0.00e+00 
 9.37636254027481e-09   0.00e+00 
 9.37691810838756e-09   0.00e+00 
 9.37747367763848e-09   0.00e+00 
 9.37802924802750e-09   0.00e+00 
 9.37858481955453e-09   0.00e+00 
 9.37914039221948e-09   0.00e+00 
 9.37969596602227e-09   0.00e+00 
 9.38025154096281e-09   0.00e+00 
 9.38080711704101e-09   0.00e+00 
 9.38136269425679e-09   0.00e+00 
 9.38191827261007e-09   0.00e+00 
 9.38247385210076e-09   0.00e+00 
 9.38302943272878e-09   0.00e+00 
 9.38358501449403e-09   0.00e+00 
 9.38414059739643e-09   0.00e+00 
 9.38469618143591e-09   0.00e+00 
 9.38525176661236e-09   0.00e+00 
 9.38580735292572e-09   0.00e+00 
 9.38636294037588e-09   0.00e+00 
 9.38691852896277e-09   0.00e+00 
 9.38747411868629e-09   0.00e+00 
 9.38802970954637e-09   0.00e+00 
 9.38858530154292e-09   0.00e+00 
 9.38914089467585e-09   0.00e+00 
 9.38969648894507e-09   0.00e+00 
 9.39025208435050e-09   0.00e+00 
 9.39080768089206e-09   0.00e+00 
 9.39136327856966e-09   0.00e+00 
 9.39191887738321e-09   0.00e+00 
 9.39247447733263e-09   0.00e+00 
 9.39303007841783e-09   0.00e+00 
 9.39358568063872e-09   0.00e+00 
 9.39414128399522e-09   0.00e+00 
 9.39469688848724e-09   0.00e+00 
 9.39525249411470e-09   0.00e+00 
 9.39580810087751e-09   0.00e+00 
 9.39636370877558e-09   0.00e+00 
 9.39691931780884e-09   0.00e+00 
 9.39747492797718e-09   0.00e+00 
 9.39803053928052e-09   0.00e+00 
 9.39858615171880e-09   0.00e+00 
 9.39914176529190e-09   0.00e+00 
 9.39969737999975e-09   0.00e+00 
 9.40025299584226e-09   0.00e+00 
 9.40080861281934e-09   0.00e+00 
 9.40136423093091e-09   0.00e+00 
 9.40191985017689e-09   0.00e+00 
 9.40247547055717e-09   0.00e+00 
 9.40303109207169e-09   0.00e+00 
 9.40358671472035e-09   0.00e+00 
 9.40414233850307e-09   0.00e+00 
 9.40469796341975e-09   0.00e+00 
 9.40525358947032e-09   0.00e+00 
 9.40580921665469e-09   0.00e+00 
 9.40636484497276e-09   0.00e+00 
 9.40692047442446e-09   0.00e+00 
 9.40747610500970e-09   0.00e+00 
 9.40803173672839e-09   0.00e+00 
 9.40858736958044e-09   0.00e+00 
 9.40914300356577e-09   0.00e+00 
 9.40969863868429e-09   0.00e+00 
 9.41025427493591e-09   0.00e+00 
 9.41080991232055e-09   0.00e+00 
 9.41136555083812e-09   0.00e+00 
 9.41192119048854e-09   0.00e+00 
 9.41247683127171e-09   0.00e+00 
 9.41303247318755e-09   0.00e+00 
 9.41358811623597e-09   0.00e+00 
 9.41414376041689e-09   0.00e+00 
 9.41469940573022e-09   0.00e+00 
 9.41525505217587e-09   0.00e+00 
 9.41581069975376e-09   0.00e+00 
 9.41636634846379e-09   0.00e+00 
 9.41692199830589e-09   0.00e+00 
 9.41747764927996e-09   0.00e+00 
 9.41803330138592e-09   0.00e+00 
 9.41858895462368e-09   0.00e+00 
 9.41914460899315e-09   0.00e+00 
 9.41970026449424e-09   0.00e+00 
 9.42025592112688e-09   0.00e+00 
 9.42081157889097e-09   0.00e+00 
 9.42136723778643e-09   0.00e+00 
 9.42192289781316e-09   0.00e+00 
 9.42247855897109e-09   0.00e+00 
 9.42303422126012e-09   0.00e+00 
 9.42358988468016e-09   0.00e+00 
 9.42414554923114e-09   0.00e+00 
 9.42470121491296e-09   0.00e+00 
 9.42525688172553e-09   0.00e+00 
 9.42581254966876e-09   0.00e+00 
 9.42636821874258e-09   0.00e+00 
 9.42692388894689e-09   0.00e+00 
 9.42747956028160e-09   0.00e+00 
 9.42803523274664e-09   0.00e+00 
 9.42859090634190e-09   0.00e+00 
 9.42914658106730e-09   0.00e+00 
 9.42970225692276e-09   0.00e+00 
 9.43025793390819e-09   0.00e+00 
 9.43081361202349e-09   0.00e+00 
 9.43136929126859e-09   0.00e+00 
 9.43192497164340e-09   0.00e+00 
 9.43248065314782e-09   0.00e+00 
 9.43303633578177e-09   0.00e+00 
 9.43359201954517e-09   0.00e+00 
 9.43414770443792e-09   0.00e+00 
 9.43470339045993e-09   0.00e+00 
 9.43525907761113e-09   0.00e+00 
 9.43581476589142e-09   0.00e+00 
 9.43637045530071e-09   0.00e+00 
 9.43692614583892e-09   0.00e+00 
 9.43748183750595e-09   0.00e+00 
 9.43803753030172e-09   0.00e+00 
 9.43859322422615e-09   0.00e+00 
 9.43914891927914e-09   0.00e+00 
 9.43970461546061e-09   0.00e+00 
 9.44026031277047e-09   0.00e+00 
 9.44081601120863e-09   0.00e+00 
 9.44137171077500e-09   0.00e+00 
 9.44192741146950e-09   0.00e+00 
 9.44248311329203e-09   0.00e+00 
 9.44303881624251e-09   0.00e+00 
 9.44359452032086e-09   0.00e+00 
 9.44415022552697e-09   0.00e+00 
 9.44470593186078e-09   0.00e+00 
 9.44526163932218e-09   0.00e+00 
 9.44581734791109e-09   0.00e+00 
 9.44637305762742e-09   0.00e+00 
 9.44692876847108e-09   0.00e+00 
 9.44748448044198e-09   0.00e+00 
 9.44804019354005e-09   0.00e+00 
 9.44859590776518e-09   0.00e+00 
 9.44915162311730e-09   0.00e+00 
 9.44970733959630e-09   0.00e+00 
 9.45026305720210e-09   0.00e+00 
 9.45081877593463e-09   0.00e+00 
 9.45137449579378e-09   0.00e+00 
 9.45193021677946e-09   0.00e+00 
 9.45248593889160e-09   0.00e+00 
 9.45304166213010e-09   0.00e+00 
 9.45359738649488e-09   0.00e+00 
 9.45415311198584e-09   0.00e+00 
 9.45470883860289e-09   0.00e+00 
 9.45526456634595e-09   0.00e+00 
 9.45582029521493e-09   0.00e+00 
 9.45637602520974e-09   0.00e+00 
 9.45693175633030e-09   0.00e+00 
 9.45748748857650e-09   0.00e+00 
 9.45804322194828e-09   0.00e+00 
 9.45859895644553e-09   0.00e+00 
 9.45915469206817e-09   0.00e+00 
 9.45971042881611e-09   0.00e+00 
 9.46026616668926e-09   0.00e+00 
 9.46082190568753e-09   0.00e+00 
 9.46137764581084e-09   0.00e+00 
 9.46193338705910e-09   0.00e+00 
 9.46248912943220e-09   0.00e+00 
 9.46304487293008e-09   0.00e+00 
 9.46360061755264e-09   0.00e+00 
 9.46415636329978e-09   0.00e+00 
 9.46471211017143e-09   0.00e+00 
 9.46526785816748e-09   0.00e+00 
 9.46582360728787e-09   0.00e+00 
 9.46637935753248e-09   0.00e+00 
 9.46693510890124e-09   0.00e+00 
 9.46749086139406e-09   0.00e+00 
 9.46804661501085e-09   0.00e+00 
 9.46860236975151e-09   0.00e+00 
 9.46915812561597e-09   0.00e+00 
 9.46971388260411e-09   0.00e+00 
 9.47026964071588e-09   0.00e+00 
 9.47082539995117e-09   0.00e+00 
 9.47138116030990e-09   0.00e+00 
 9.47193692179197e-09   0.00e+00 
 9.47249268439729e-09   0.00e+00 
 9.47304844812579e-09   0.00e+00 
 9.47360421297735e-09   0.00e+00 
 9.47415997895191e-09   0.00e+00 
 9.47471574604937e-09   0.00e+00 
 9.47527151426963e-09   0.00e+00 
 9.47582728361262e-09   0.00e+00 
 9.47638305407824e-09   0.00e+00 
 9.47693882566640e-09   0.00e+00 
 9.47749459837702e-09   0.00e+00 
 9.47805037221000e-09   0.00e+00 
 9.47860614716525e-09   0.00e+00 
 9.47916192324269e-09   0.00e+00 
 9.47971770044223e-09   0.00e+00 
 9.48027347876377e-09   0.00e+00 
 9.48082925820722e-09   0.00e+00 
 9.48138503877251e-09   0.00e+00 
 9.48194082045953e-09   0.00e+00 
 9.48249660326821e-09   0.00e+00 
 9.48305238719844e-09   0.00e+00 
 9.48360817225014e-09   0.00e+00 
 9.48416395842321e-09   0.00e+00 
 9.48471974571759e-09   0.00e+00 
 9.48527553413316e-09   0.00e+00 
 9.48583132366984e-09   0.00e+00 
 9.48638711432754e-09   0.00e+00 
 9.48694290610618e-09   0.00e+00 
 9.48749869900566e-09   0.00e+00 
 9.48805449302589e-09   0.00e+00 
 9.48861028816679e-09   0.00e+00 
 9.48916608442826e-09   0.00e+00 
 9.48972188181022e-09   0.00e+00 
 9.49027768031255e-09   0.00e+00 
 9.49083347993521e-09   0.00e+00 
 9.49138928067807e-09   0.00e+00 
 9.49194508254107e-09   0.00e+00 
 9.49250088552409e-09   0.00e+00 
 9.49305668962707e-09   0.00e+00 
 9.49361249484989e-09   0.00e+00 
 9.49416830119249e-09   0.00e+00 
 9.49472410865475e-09   0.00e+00 
 9.49527991723661e-09   0.00e+00 
 9.49583572693796e-09   0.00e+00 
 9.49639153775872e-09   0.00e+00 
 9.49694734969879e-09   0.00e+00 
 9.49750316275809e-09   0.00e+00 
 9.49805897693652e-09   0.00e+00 
 9.49861479223400e-09   0.00e+00 
 9.49917060865044e-09   0.00e+00 
 9.49972642618574e-09   0.00e+00 
 9.50028224483982e-09   0.00e+00 
 9.50083806461259e-09   0.00e+00 
 9.50139388550395e-09   0.00e+00 
 9.50194970751381e-09   0.00e+00 
 9.50250553064210e-09   0.00e+00 
 9.50306135488870e-09   0.00e+00 
 9.50361718025355e-09   0.00e+00 
 9.50417300673653e-09   0.00e+00 
 9.50472883433758e-09   0.00e+00 
 9.50528466305658e-09   0.00e+00 
 9.50584049289347e-09   0.00e+00 
 9.50639632384814e-09   0.00e+00 
 9.50695215592050e-09   0.00e+00 
 9.50750798911047e-09   0.00e+00 
 9.50806382341795e-09   0.00e+00 
 9.50861965884284e-09   0.00e+00 
 9.50917549538508e-09   0.00e+00 
 9.50973133304456e-09   0.00e+00 
 9.51028717182119e-09   0.00e+00 
 9.51084301171486e-09   0.00e+00 
 9.51139885272553e-09   0.00e+00 
 9.51195469485307e-09   0.00e+00 
 9.51251053809740e-09   0.00e+00 
 9.51306638245844e-09   0.00e+00 
 9.51362222793608e-09   0.00e+00 
 9.51417807453024e-09   0.00e+00 
 9.51473392224083e-09   0.00e+00 
 9.51528977106776e-09   0.00e+00 
 9.51584562101094e-09   0.00e+00 
 9.51640147207027e-09   0.00e+00 
 9.51695732424568e-09   0.00e+00 
 9.51751317753706e-09   0.00e+00 
 9.51806903194432e-09   0.00e+00 
 9.51862488746738e-09   0.00e+00 
 9.51918074410615e-09   0.00e+00 
 9.51973660186053e-09   0.00e+00 
 9.52029246073043e-09   0.00e+00 
 9.52084832071576e-09   0.00e+00 
 9.52140418181644e-09   0.00e+00 
 9.52196004403237e-09   0.00e+00 
 9.52251590736346e-09   0.00e+00 
 9.52307177180963e-09   0.00e+00 
 9.52362763737077e-09   0.00e+00 
 9.52418350404679e-09   0.00e+00 
 9.52473937183762e-09   0.00e+00 
 9.52529524074316e-09   0.00e+00 
 9.52585111076331e-09   0.00e+00 
 9.52640698189799e-09   0.00e+00 
 9.52696285414710e-09   0.00e+00 
 9.52751872751056e-09   0.00e+00 
 9.52807460198827e-09   0.00e+00 
 9.52863047758015e-09   0.00e+00 
 9.52918635428610e-09   0.00e+00 
 9.52974223210603e-09   0.00e+00 
 9.53029811103985e-09   0.00e+00 
 9.53085399108747e-09   0.00e+00 
 9.53140987224879e-09   0.00e+00 
 9.53196575452374e-09   0.00e+00 
 9.53252163791222e-09   0.00e+00 
 9.53307752241413e-09   0.00e+00 
 9.53363340802939e-09   0.00e+00 
 9.53418929475791e-09   0.00e+00 
 9.53474518259959e-09   0.00e+00 
 9.53530107155434e-09   0.00e+00 
 9.53585696162207e-09   0.00e+00 
 9.53641285280270e-09   0.00e+00 
 9.53696874509613e-09   0.00e+00 
 9.53752463850226e-09   0.00e+00 
 9.53808053302102e-09   0.00e+00 
 9.53863642865230e-09   0.00e+00 
 9.53919232539603e-09   0.00e+00 
 9.53974822325210e-09   0.00e+00 
 9.54030412222043e-09   0.00e+00 
 9.54086002230092e-09   0.00e+00 
 9.54141592349348e-09   0.00e+00 
 9.54197182579803e-09   0.00e+00 
 9.54252772921447e-09   0.00e+00 
 9.54308363374271e-09   0.00e+00 
 9.54363953938266e-09   0.00e+00 
 9.54419544613422e-09   0.00e+00 
 9.54475135399732e-09   0.00e+00 
 9.54530726297186e-09   0.00e+00 
 9.54586317305774e-09   0.00e+00 
 9.54641908425487e-09   0.00e+00 
 9.54697499656317e-09   0.00e+00 
 9.54753090998254e-09   0.00e+00 
 9.54808682451290e-09   0.00e+00 
 9.54864274015415e-09   0.00e+00 
 9.54919865690620e-09   0.00e+00 
 9.54975457476895e-09   0.00e+00 
 9.55031049374233e-09   0.00e+00 
 9.55086641382624e-09   0.00e+00 
 9.55142233502058e-09   0.00e+00 
 9.55197825732527e-09   0.00e+00 
 9.55253418074021e-09   0.00e+00 
 9.55309010526532e-09   0.00e+00 
 9.55364603090050e-09   0.00e+00 
 9.55420195764566e-09   0.00e+00 
 9.55475788550071e-09   0.00e+00 
 9.55531381446557e-09   0.00e+00 
 9.55586974454013e-09   0.00e+00 
 9.55642567572432e-09   0.00e+00 
 9.55698160801803e-09   0.00e+00 
 9.55753754142117e-09   0.00e+00 
 9.55809347593366e-09   0.00e+00 
 9.55864941155541e-09   0.00e+00 
 9.55920534828632e-09   0.00e+00 
 9.55976128612631e-09   0.00e+00 
 9.56031722507527e-09   0.00e+00 
 9.56087316513313e-09   0.00e+00 
 9.56142910629979e-09   0.00e+00 
 9.56198504857515e-09   0.00e+00 
 9.56254099195914e-09   0.00e+00 
 9.56309693645165e-09   0.00e+00 
 9.56365288205260e-09   0.00e+00 
 9.56420882876190e-09   0.00e+00 
 9.56476477657945e-09   0.00e+00 
 9.56532072550516e-09   0.00e+00 
 9.56587667553895e-09   0.00e+00 
 9.56643262668073e-09   0.00e+00 
 9.56698857893039e-09   0.00e+00 
 9.56754453228785e-09   0.00e+00 
 9.56810048675303e-09   0.00e+00 
 9.56865644232582e-09   0.00e+00 
 9.56921239900614e-09   0.00e+00 
 9.56976835679390e-09   0.00e+00 
 9.57032431568901e-09   0.00e+00 
 9.57088027569137e-09   0.00e+00 
 9.57143623680091e-09   0.00e+00 
 9.57199219901751e-09   0.00e+00 
 9.57254816234110e-09   0.00e+00 
 9.57310412677158e-09   0.00e+00 
 9.57366009230886e-09   0.00e+00 
 9.57421605895285e-09   0.00e+00 
 9.57477202670347e-09   0.00e+00 
 9.57532799556062e-09   0.00e+00 
 9.57588396552420e-09   0.00e+00 
 9.57643993659414e-09   0.00e+00 
 9.57699590877033e-09   0.00e+00 
 9.57755188205270e-09   0.00e+00 
 9.57810785644114e-09   0.00e+00 
 9.57866383193556e-09   0.00e+00 
 9.57921980853589e-09   0.00e+00 
 9.57977578624201e-09   0.00e+00 
 9.58033176505385e-09   0.00e+00 
 9.58088774497132e-09   0.00e+00 
 9.58144372599432e-09   0.00e+00 
 9.58199970812277e-09   0.00e+00 
 9.58255569135657e-09   0.00e+00 
 9.58311167569563e-09   0.00e+00 
 9.58366766113987e-09   0.00e+00 
 9.58422364768918e-09   0.00e+00 
 9.58477963534349e-09   0.00e+00 
 9.58533562410269e-09   0.00e+00 
 9.58589161396671e-09   0.00e+00 
 9.58644760493545e-09   0.00e+00 
 9.58700359700881e-09   0.00e+00 
 9.58755959018671e-09   0.00e+00 
 9.58811558446906e-09   0.00e+00 
 9.58867157985577e-09   0.00e+00 
 9.58922757634675e-09   0.00e+00 
 9.58978357394191e-09   0.00e+00 
 9.59033957264115e-09   0.00e+00 
 9.59089557244439e-09   0.00e+00 
 9.59145157335154e-09   0.00e+00 
 9.59200757536249e-09   0.00e+00 
 9.59256357847718e-09   0.00e+00 
 9.59311958269551e-09   0.00e+00 
 9.59367558801738e-09   0.00e+00 
 9.59423159444271e-09   0.00e+00 
 9.59478760197141e-09   0.00e+00 
 9.59534361060338e-09   0.00e+00 
 9.59589962033853e-09   0.00e+00 
 9.59645563117678e-09   0.00e+00 
 9.59701164311804e-09   0.00e+00 
 9.59756765616221e-09   0.00e+00 
 9.59812367030921e-09   0.00e+00 
 9.59867968555894e-09   0.00e+00 
 9.59923570191132e-09   0.00e+00 
 9.59979171936625e-09   0.00e+00 
 9.60034773792366e-09   0.00e+00 
 9.60090375758343e-09   0.00e+00 
 9.60145977834549e-09   0.00e+00 
 9.60201580020975e-09   0.00e+00 
 9.60257182317611e-09   0.00e+00 
 9.60312784724449e-09   0.00e+00 
 9.60368387241479e-09   0.00e+00 
 9.60423989868694e-09   0.00e+00 
 9.60479592606082e-09   0.00e+00 
 9.60535195453637e-09   0.00e+00 
 9.60590798411348e-09   0.00e+00 
 9.60646401479207e-09   0.00e+00 
 9.60702004657205e-09   0.00e+00 
 9.60757607945332e-09   0.00e+00 
 9.60813211343580e-09   0.00e+00 
 9.60868814851940e-09   0.00e+00 
 9.60924418470403e-09   0.00e+00 
 9.60980022198960e-09   0.00e+00 
 9.61035626037602e-09   0.00e+00 
 9.61091229986321e-09   0.00e+00 
 9.61146834045106e-09   0.00e+00 
 9.61202438213949e-09   0.00e+00 
 9.61258042492841e-09   0.00e+00 
 9.61313646881774e-09   0.00e+00 
 9.61369251380739e-09   0.00e+00 
 9.61424855989725e-09   0.00e+00 
 9.61480460708725e-09   0.00e+00 
 9.61536065537730e-09   0.00e+00 
 9.61591670476730e-09   0.00e+00 
 9.61647275525716e-09   0.00e+00 
 9.61702880684681e-09   0.00e+00 
 9.61758485953614e-09   0.00e+00 
 9.61814091332507e-09   0.00e+00 
 9.61869696821351e-09   0.00e+00 
 9.61925302420137e-09   0.00e+00 
 9.61980908128856e-09   0.00e+00 
 9.62036513947500e-09   0.00e+00 
 9.62092119876059e-09   0.00e+00 
 9.62147725914524e-09   0.00e+00 
 9.62203332062886e-09   0.00e+00 
 9.62258938321137e-09   0.00e+00 
 9.62314544689268e-09   0.00e+00 
 9.62370151167269e-09   0.00e+00 
 9.62425757755133e-09   0.00e+00 
 9.62481364452849e-09   0.00e+00 
 9.62536971260409e-09   0.00e+00 
 9.62592578177804e-09   0.00e+00 
 9.62648185205026e-09   0.00e+00 
 9.62703792342065e-09   0.00e+00 
 9.62759399588913e-09   0.00e+00 
 9.62815006945560e-09   0.00e+00 
 9.62870614411998e-09   0.00e+00 
 9.62926221988218e-09   0.00e+00 
 9.62981829674211e-09   0.00e+00 
 9.63037437469968e-09   0.00e+00 
 9.63093045375480e-09   0.00e+00 
 9.63148653390738e-09   0.00e+00 
 9.63204261515734e-09   0.00e+00 
 9.63259869750459e-09   0.00e+00 
 9.63315478094903e-09   0.00e+00 
 9.63371086549058e-09   0.00e+00 
 9.63426695112915e-09   0.00e+00 
 9.63482303786466e-09   0.00e+00 
 9.63537912569701e-09   0.00e+00 
 9.63593521462612e-09   0.00e+00 
 9.63649130465189e-09   0.00e+00 
 9.63704739577423e-09   0.00e+00 
 9.63760348799307e-09   0.00e+00 
 9.63815958130832e-09   0.00e+00 
 9.63871567571987e-09   0.00e+00 
 9.63927177122764e-09   0.00e+00 
 9.63982786783156e-09   0.00e+00 
 9.64038396553152e-09   0.00e+00 
 9.64094006432744e-09   0.00e+00 
 9.64149616421924e-09   0.00e+00 
 9.64205226520681e-09   0.00e+00 
 9.64260836729009e-09   0.00e+00 
 9.64316447046896e-09   0.00e+00 
 9.64372057474336e-09   0.00e+00 
 9.64427668011318e-09   0.00e+00 
 9.64483278657835e-09   0.00e+00 
 9.64538889413877e-09   0.00e+00 
 9.64594500279436e-09   0.00e+00 
 9.64650111254502e-09   0.00e+00 
 9.64705722339067e-09   0.00e+00 
 9.64761333533123e-09   0.00e+00 
 9.64816944836659e-09   0.00e+00 
 9.64872556249669e-09   0.00e+00 
 9.64928167772142e-09   0.00e+00 
 9.64983779404069e-09   0.00e+00 
 9.65039391145443e-09   0.00e+00 
 9.65095002996254e-09   0.00e+00 
 9.65150614956494e-09   0.00e+00 
 9.65206227026153e-09   0.00e+00 
 9.65261839205224e-09   0.00e+00 
 9.65317451493696e-09   0.00e+00 
 9.65373063891562e-09   0.00e+00 
 9.65428676398812e-09   0.00e+00 
 9.65484289015438e-09   0.00e+00 
 9.65539901741432e-09   0.00e+00 
 9.65595514576783e-09   0.00e+00 
 9.65651127521484e-09   0.00e+00 
 9.65706740575525e-09   0.00e+00 
 9.65762353738899e-09   0.00e+00 
 9.65817967011596e-09   0.00e+00 
 9.65873580393606e-09   0.00e+00 
 9.65929193884923e-09   0.00e+00 
 9.65984807485537e-09   0.00e+00 
 9.66040421195438e-09   0.00e+00 
 9.66096035014619e-09   0.00e+00 
 9.66151648943070e-09   0.00e+00 
 9.66207262980783e-09   0.00e+00 
 9.66262877127750e-09   0.00e+00 
 9.66318491383960e-09   0.00e+00 
 9.66374105749406e-09   0.00e+00 
 9.66429720224078e-09   0.00e+00 
 9.66485334807968e-09   0.00e+00 
 9.66540949501068e-09   0.00e+00 
 9.66596564303368e-09   0.00e+00 
 9.66652179214859e-09   0.00e+00 
 9.66707794235534e-09   0.00e+00 
 9.66763409365383e-09   0.00e+00 
 9.66819024604397e-09   0.00e+00 
 9.66874639952568e-09   0.00e+00 
 9.66930255409887e-09   0.00e+00 
 9.66985870976345e-09   0.00e+00 
 9.67041486651932e-09   0.00e+00 
 9.67097102436642e-09   0.00e+00 
 9.67152718330465e-09   0.00e+00 
 9.67208334333392e-09   0.00e+00 
 9.67263950445415e-09   0.00e+00 
 9.67319566666524e-09   0.00e+00 
 9.67375182996711e-09   0.00e+00 
 9.67430799435968e-09   0.00e+00 
 9.67486415984286e-09   0.00e+00 
 9.67542032641654e-09   0.00e+00 
 9.67597649408066e-09   0.00e+00 
 9.67653266283512e-09   0.00e+00 
 9.67708883267984e-09   0.00e+00 
 9.67764500361473e-09   0.00e+00 
 9.67820117563969e-09   0.00e+00 
 9.67875734875465e-09   0.00e+00 
 9.67931352295951e-09   0.00e+00 
 9.67986969825419e-09   0.00e+00 
 9.68042587463861e-09   0.00e+00 
 9.68098205211267e-09   0.00e+00 
 9.68153823067629e-09   0.00e+00 
 9.68209441032937e-09   0.00e+00 
 9.68265059107184e-09   0.00e+00 
 9.68320677290361e-09   0.00e+00 
 9.68376295582458e-09   0.00e+00 
 9.68431913983467e-09   0.00e+00 
 9.68487532493379e-09   0.00e+00 
 9.68543151112186e-09   0.00e+00 
 9.68598769839879e-09   0.00e+00 
 9.68654388676449e-09   0.00e+00 
 9.68710007621887e-09   0.00e+00 
 9.68765626676184e-09   0.00e+00 
 9.68821245839333e-09   0.00e+00 
 9.68876865111323e-09   0.00e+00 
 9.68932484492148e-09   0.00e+00 
 9.68988103981797e-09   0.00e+00 
 9.69043723580263e-09   0.00e+00 
 9.69099343287535e-09   0.00e+00 
 9.69154963103606e-09   0.00e+00 
 9.69210583028467e-09   0.00e+00 
 9.69266203062109e-09   0.00e+00 
 9.69321823204523e-09   0.00e+00 
 9.69377443455701e-09   0.00e+00 
 9.69433063815634e-09   0.00e+00 
 9.69488684284313e-09   0.00e+00 
 9.69544304861729e-09   0.00e+00 
 9.69599925547875e-09   0.00e+00 
 9.69655546342740e-09   0.00e+00 
 9.69711167246316e-09   0.00e+00 
 9.69766788258595e-09   0.00e+00 
 9.69822409379568e-09   0.00e+00 
 9.69878030609226e-09   0.00e+00 
 9.69933651947560e-09   0.00e+00 
 9.69989273394562e-09   0.00e+00 
 9.70044894950223e-09   0.00e+00 
 9.70100516614533e-09   0.00e+00 
 9.70156138387485e-09   0.00e+00 
 9.70211760269070e-09   0.00e+00 
 9.70267382259279e-09   0.00e+00 
 9.70323004358102e-09   0.00e+00 
 9.70378626565532e-09   0.00e+00 
 9.70434248881561e-09   0.00e+00 
 9.70489871306178e-09   0.00e+00 
 9.70545493839375e-09   0.00e+00 
 9.70601116481144e-09   0.00e+00 
 9.70656739231475e-09   0.00e+00 
 9.70712362090360e-09   0.00e+00 
 9.70767985057791e-09   0.00e+00 
 9.70823608133757e-09   0.00e+00 
 9.70879231318251e-09   0.00e+00 
 9.70934854611265e-09   0.00e+00 
 9.70990478012789e-09   0.00e+00 
 9.71046101522815e-09   0.00e+00 
 9.71101725141333e-09   0.00e+00 
 9.71157348868335e-09   0.00e+00 
 9.71212972703813e-09   0.00e+00 
 9.71268596647756e-09   0.00e+00 
 9.71324220700158e-09   0.00e+00 
 9.71379844861009e-09   0.00e+00 
 9.71435469130301e-09   0.00e+00 
 9.71491093508023e-09   0.00e+00 
 9.71546717994169e-09   0.00e+00 
 9.71602342588728e-09   0.00e+00 
 9.71657967291693e-09   0.00e+00 
 9.71713592103054e-09   0.00e+00 
 9.71769217022803e-09   0.00e+00 
 9.71824842050930e-09   0.00e+00 
 9.71880467187428e-09   0.00e+00 
 9.71936092432288e-09   0.00e+00 
 9.71991717785500e-09   0.00e+00 
 9.72047343247056e-09   0.00e+00 
 9.72102968816947e-09   0.00e+00 
 9.72158594495164e-09   0.00e+00 
 9.72214220281699e-09   0.00e+00 
 9.72269846176542e-09   0.00e+00 
 9.72325472179686e-09   0.00e+00 
 9.72381098291120e-09   0.00e+00 
 9.72436724510838e-09   0.00e+00 
 9.72492350838828e-09   0.00e+00 
 9.72547977275085e-09   0.00e+00 
 9.72603603819596e-09   0.00e+00 
 9.72659230472355e-09   0.00e+00 
 9.72714857233353e-09   0.00e+00 
 9.72770484102581e-09   0.00e+00 
 9.72826111080029e-09   0.00e+00 
 9.72881738165689e-09   0.00e+00 
 9.72937365359552e-09   0.00e+00 
 9.72992992661610e-09   0.00e+00 
 9.73048620071854e-09   0.00e+00 
 9.73104247590275e-09   0.00e+00 
 9.73159875216865e-09   0.00e+00 
 9.73215502951613e-09   0.00e+00 
 9.73271130794513e-09   0.00e+00 
 9.73326758745553e-09   0.00e+00 
 9.73382386804728e-09   0.00e+00 
 9.73438014972026e-09   0.00e+00 
 9.73493643247438e-09   0.00e+00 
 9.73549271630958e-09   0.00e+00 
 9.73604900122576e-09   0.00e+00 
 9.73660528722282e-09   0.00e+00 
 9.73716157430069e-09   0.00e+00 
 9.73771786245926e-09   0.00e+00 
 9.73827415169846e-09   0.00e+00 
 9.73883044201820e-09   0.00e+00 
 9.73938673341839e-09   0.00e+00 
 9.73994302589893e-09   0.00e+00 
 9.74049931945975e-09   0.00e+00 
 9.74105561410074e-09   0.00e+00 
 9.74161190982184e-09   0.00e+00 
 9.74216820662293e-09   0.00e+00 
 9.74272450450394e-09   0.00e+00 
 9.74328080346479e-09   0.00e+00 
 9.74383710350538e-09   0.00e+00 
 9.74439340462561e-09   0.00e+00 
 9.74494970682541e-09   0.00e+00 
 9.74550601010469e-09   0.00e+00 
 9.74606231446336e-09   0.00e+00 
 9.74661861990133e-09   0.00e+00 
 9.74717492641850e-09   0.00e+00 
 9.74773123401480e-09   0.00e+00 
 9.74828754269013e-09   0.00e+00 
 9.74884385244440e-09   0.00e+00 
 9.74940016327753e-09   0.00e+00 
 9.74995647518942e-09   0.00e+00 
 9.75051278817999e-09   0.00e+00 
 9.75106910224915e-09   0.00e+00 
 9.75162541739682e-09   0.00e+00 
 9.75218173362290e-09   0.00e+00 
 9.75273805092730e-09   0.00e+00 
 9.75329436930994e-09   0.00e+00 
 9.75385068877072e-09   0.00e+00 
 9.75440700930956e-09   0.00e+00 
 9.75496333092636e-09   0.00e+00 
 9.75551965362105e-09   0.00e+00 
 9.75607597739353e-09   0.00e+00 
 9.75663230224372e-09   0.00e+00 
 9.75718862817151e-09   0.00e+00 
 9.75774495517683e-09   0.00e+00 
 9.75830128325959e-09   0.00e+00 
 9.75885761241968e-09   0.00e+00 
 9.75941394265704e-09   0.00e+00 
 9.75997027397157e-09   0.00e+00 
 9.76052660636318e-09   0.00e+00 
 9.76108293983178e-09   0.00e+00 
 9.76163927437728e-09   0.00e+00 
 9.76219560999959e-09   0.00e+00 
 9.76275194669862e-09   0.00e+00 
 9.76330828447429e-09   0.00e+00 
 9.76386462332651e-09   0.00e+00 
 9.76442096325518e-09   0.00e+00 
 9.76497730426022e-09   0.00e+00 
 9.76553364634153e-09   0.00e+00 
 9.76608998949904e-09   0.00e+00 
 9.76664633373265e-09   0.00e+00 
 9.76720267904226e-09   0.00e+00 
 9.76775902542780e-09   0.00e+00 
 9.76831537288917e-09   0.00e+00 
 9.76887172142627e-09   0.00e+00 
 9.76942807103904e-09   0.00e+00 
 9.76998442172736e-09   0.00e+00 
 9.77054077349116e-09   0.00e+00 
 9.77109712633034e-09   0.00e+00 
 9.77165348024482e-09   0.00e+00 
 9.77220983523451e-09   0.00e+00 
 9.77276619129931e-09   0.00e+00 
 9.77332254843915e-09   0.00e+00 
 9.77387890665392e-09   0.00e+00 
 9.77443526594354e-09   0.00e+00 
 9.77499162630791e-09   0.00e+00 
 9.77554798774696e-09   0.00e+00 
 9.77610435026058e-09   0.00e+00 
 9.77666071384870e-09   0.00e+00 
 9.77721707851121e-09   0.00e+00 
 9.77777344424804e-09   0.00e+00 
 9.77832981105908e-09   0.00e+00 
 9.77888617894426e-09   0.00e+00 
 9.77944254790347e-09   0.00e+00 
 9.77999891793664e-09   0.00e+00 
 9.78055528904368e-09   0.00e+00 
 9.78111166122449e-09   0.00e+00 
 9.78166803447898e-09   0.00e+00 
 9.78222440880706e-09   0.00e+00 
 9.78278078420865e-09   0.00e+00 
 9.78333716068366e-09   0.00e+00 
 9.78389353823198e-09   0.00e+00 
 9.78444991685354e-09   0.00e+00 
 9.78500629654825e-09   0.00e+00 
 9.78556267731601e-09   0.00e+00 
 9.78611905915673e-09   0.00e+00 
 9.78667544207033e-09   0.00e+00 
 9.78723182605672e-09   0.00e+00 
 9.78778821111580e-09   0.00e+00 
 9.78834459724748e-09   0.00e+00 
 9.78890098445168e-09   0.00e+00 
 9.78945737272830e-09   0.00e+00 
 9.79001376207726e-09   0.00e+00 
 9.79057015249847e-09   0.00e+00 
 9.79112654399182e-09   0.00e+00 
 9.79168293655725e-09   0.00e+00 
 9.79223933019465e-09   0.00e+00 
 9.79279572490394e-09   0.00e+00 
 9.79335212068502e-09   0.00e+00 
 9.79390851753780e-09   0.00e+00 
 9.79446491546220e-09   0.00e+00 
 9.79502131445812e-09   0.00e+00 
 9.79557771452547e-09   0.00e+00 
 9.79613411566417e-09   0.00e+00 
 9.79669051787413e-09   0.00e+00 
 9.79724692115525e-09   0.00e+00 
 9.79780332550744e-09   0.00e+00 
 9.79835973093062e-09   0.00e+00 
 9.79891613742469e-09   0.00e+00 
 9.79947254498956e-09   0.00e+00 
 9.80002895362514e-09   0.00e+00 
 9.80058536333135e-09   0.00e+00 
 9.80114177410808e-09   0.00e+00 
 9.80169818595526e-09   0.00e+00 
 9.80225459887279e-09   0.00e+00 
 9.80281101286059e-09   0.00e+00 
 9.80336742791854e-09   0.00e+00 
 9.80392384404659e-09   0.00e+00 
 9.80448026124462e-09   0.00e+00 
 9.80503667951254e-09   0.00e+00 
 9.80559309885028e-09   0.00e+00 
 9.80614951925774e-09   0.00e+00 
 9.80670594073482e-09   0.00e+00 
 9.80726236328144e-09   0.00e+00 
 9.80781878689751e-09   0.00e+00 
 9.80837521158294e-09   0.00e+00 
 9.80893163733763e-09   0.00e+00 
 9.80948806416149e-09   0.00e+00 
 9.81004449205444e-09   0.00e+00 
 9.81060092101638e-09   0.00e+00 
 9.81115735104723e-09   0.00e+00 
 9.81171378214689e-09   0.00e+00 
 9.81227021431527e-09   0.00e+00 
 9.81282664755228e-09   0.00e+00 
 9.81338308185784e-09   0.00e+00 
 9.81393951723184e-09   0.00e+00 
 9.81449595367420e-09   0.00e+00 
 9.81505239118484e-09   0.00e+00 
 9.81560882976365e-09   0.00e+00 
 9.81616526941055e-09   0.00e+00 
 9.81672171012545e-09   0.00e+00 
 9.81727815190825e-09   0.00e+00 
 9.81783459475887e-09   0.00e+00 
 9.81839103867722e-09   0.00e+00 
 9.81894748366319e-09   0.00e+00 
 9.81950392971671e-09   0.00e+00 
 9.82006037683768e-09   0.00e+00 
 9.82061682502601e-09   0.00e+00 
 9.82117327428162e-09   0.00e+00 
 9.82172972460440e-09   0.00e+00 
 9.82228617599428e-09   0.00e+00 
 9.82284262845115e-09   0.00e+00 
 9.82339908197493e-09   0.00e+00 
 9.82395553656553e-09   0.00e+00 
 9.82451199222285e-09   0.00e+00 
 9.82506844894681e-09   0.00e+00 
 9.82562490673731e-09   0.00e+00 
 9.82618136559426e-09   0.00e+00 
 9.82673782551758e-09   0.00e+00 
 9.82729428650716e-09   0.00e+00 
 9.82785074856293e-09   0.00e+00 
 9.82840721168479e-09   0.00e+00 
 9.82896367587264e-09   0.00e+00 
 9.82952014112640e-09   0.00e+00 
 9.83007660744598e-09   0.00e+00 
 9.83063307483128e-09   0.00e+00 
 9.83118954328222e-09   0.00e+00 
 9.83174601279870e-09   0.00e+00 
 9.83230248338063e-09   0.00e+00 
 9.83285895502792e-09   0.00e+00 
 9.83341542774048e-09   0.00e+00 
 9.83397190151822e-09   0.00e+00 
 9.83452837636105e-09   0.00e+00 
 9.83508485226887e-09   0.00e+00 
 9.83564132924160e-09   0.00e+00 
 9.83619780727914e-09   0.00e+00 
 9.83675428638140e-09   0.00e+00 
 9.83731076654830e-09   0.00e+00 
 9.83786724777974e-09   0.00e+00 
 9.83842373007562e-09   0.00e+00 
 9.83898021343587e-09   0.00e+00 
 9.83953669786039e-09   0.00e+00 
 9.84009318334907e-09   0.00e+00 
 9.84064966990184e-09   0.00e+00 
 9.84120615751861e-09   0.00e+00 
 9.84176264619927e-09   0.00e+00 
 9.84231913594375e-09   0.00e+00 
 9.84287562675195e-09   0.00e+00 
 9.84343211862378e-09   0.00e+00 
 9.84398861155914e-09   0.00e+00 
 9.84454510555795e-09   0.00e+00 
 9.84510160062011e-09   0.00e+00 
 9.84565809674554e-09   0.00e+00 
 9.84621459393414e-09   0.00e+00 
 9.84677109218582e-09   0.00e+00 
 9.84732759150048e-09   0.00e+00 
 9.84788409187805e-09   0.00e+00 
 9.84844059331843e-09   0.00e+00 
 9.84899709582151e-09   0.00e+00 
 9.84955359938722e-09   0.00e+00 
 9.85011010401546e-09   0.00e+00 
 9.85066660970615e-09   0.00e+00 
 9.85122311645918e-09   0.00e+00 
 9.85177962427447e-09   0.00e+00 
 9.85233613315193e-09   0.00e+00 
 9.85289264309146e-09   0.00e+00 
 9.85344915409297e-09   0.00e+00 
 9.85400566615638e-09   0.00e+00 
 9.85456217928159e-09   0.00e+00 
 9.85511869346851e-09   0.00e+00 
 9.85567520871704e-09   0.00e+00 
 9.85623172502710e-09   0.00e+00 
 9.85678824239860e-09   0.00e+00 
 9.85734476083144e-09   0.00e+00 
 9.85790128032553e-09   0.00e+00 
 9.85845780088078e-09   0.00e+00 
 9.85901432249709e-09   0.00e+00 
 9.85957084517439e-09   0.00e+00 
 9.86012736891257e-09   0.00e+00 
 9.86068389371154e-09   0.00e+00 
 9.86124041957122e-09   0.00e+00 
 9.86179694649150e-09   0.00e+00 
 9.86235347447231e-09   0.00e+00 
 9.86291000351354e-09   0.00e+00 
 9.86346653361511e-09   0.00e+00 
 9.86402306477692e-09   0.00e+00 
 9.86457959699888e-09   0.00e+00 
 9.86513613028091e-09   0.00e+00 
 9.86569266462290e-09   0.00e+00 
 9.86624920002477e-09   0.00e+00 
 9.86680573648642e-09   0.00e+00 
 9.86736227400777e-09   0.00e+00 
 9.86791881258872e-09   0.00e+00 
 9.86847535222918e-09   0.00e+00 
 9.86903189292906e-09   0.00e+00 
 9.86958843468827e-09   0.00e+00 
 9.87014497750671e-09   0.00e+00 
 9.87070152138430e-09   0.00e+00 
 9.87125806632095e-09   0.00e+00 
 9.87181461231655e-09   0.00e+00 
 9.87237115937102e-09   0.00e+00 
 9.87292770748427e-09   0.00e+00 
 9.87348425665620e-09   0.00e+00 
 9.87404080688672e-09   0.00e+00 
 9.87459735817574e-09   0.00e+00 
 9.87515391052318e-09   0.00e+00 
 9.87571046392893e-09   0.00e+00 
 9.87626701839291e-09   0.00e+00 
 9.87682357391502e-09   0.00e+00 
 9.87738013049517e-09   0.00e+00 
 9.87793668813328e-09   0.00e+00 
 9.87849324682924e-09   0.00e+00 
 9.87904980658297e-09   0.00e+00 
 9.87960636739437e-09   0.00e+00 
 9.88016292926336e-09   0.00e+00 
 9.88071949218985e-09   0.00e+00 
 9.88127605617373e-09   0.00e+00 
 9.88183262121492e-09   0.00e+00 
 9.88238918731332e-09   0.00e+00 
 9.88294575446885e-09   0.00e+00 
 9.88350232268140e-09   0.00e+00 
 9.88405889195090e-09   0.00e+00 
 9.88461546227724e-09   0.00e+00 
 9.88517203366034e-09   0.00e+00 
 9.88572860610011e-09   0.00e+00 
 9.88628517959645e-09   0.00e+00 
 9.88684175414927e-09   0.00e+00 
 9.88739832975848e-09   0.00e+00 
 9.88795490642399e-09   0.00e+00 
 9.88851148414570e-09   0.00e+00 
 9.88906806292352e-09   0.00e+00 
 9.88962464275737e-09   0.00e+00 
 9.89018122364714e-09   0.00e+00 
 9.89073780559275e-09   0.00e+00 
 9.89129438859411e-09   0.00e+00 
 9.89185097265111e-09   0.00e+00 
 9.89240755776369e-09   0.00e+00 
 9.89296414393173e-09   0.00e+00 
 9.89352073115515e-09   0.00e+00 
 9.89407731943385e-09   0.00e+00 
 9.89463390876775e-09   0.00e+00 
 9.89519049915674e-09   0.00e+00 
 9.89574709060075e-09   0.00e+00 
 9.89630368309967e-09   0.00e+00 
 9.89686027665342e-09   0.00e+00 
 9.89741687126190e-09   0.00e+00 
 9.89797346692503e-09   0.00e+00 
 9.89853006364271e-09   0.00e+00 
 9.89908666141484e-09   0.00e+00 
 9.89964326024134e-09   0.00e+00 
 9.90019986012211e-09   0.00e+00 
 9.90075646105707e-09   0.00e+00 
 9.90131306304611e-09   0.00e+00 
 9.90186966608915e-09   0.00e+00 
 9.90242627018610e-09   0.00e+00 
 9.90298287533686e-09   0.00e+00 
 9.90353948154134e-09   0.00e+00 
 9.90409608879946e-09   0.00e+00 
 9.90465269711110e-09   0.00e+00 
 9.90520930647620e-09   0.00e+00 
 9.90576591689465e-09   0.00e+00 
 9.90632252836637e-09   0.00e+00 
 9.90687914089125e-09   0.00e+00 
 9.90743575446921e-09   0.00e+00 
 9.90799236910016e-09   0.00e+00 
 9.90854898478401e-09   0.00e+00 
 9.90910560152065e-09   0.00e+00 
 9.90966221931000e-09   0.00e+00 
 9.91021883815198e-09   0.00e+00 
 9.91077545804648e-09   0.00e+00 
 9.91133207899341e-09   0.00e+00 
 9.91188870099269e-09   0.00e+00 
 9.91244532404422e-09   0.00e+00 
 9.91300194814791e-09   0.00e+00 
 9.91355857330366e-09   0.00e+00 
 9.91411519951139e-09   0.00e+00 
 9.91467182677099e-09   0.00e+00 
 9.91522845508239e-09   0.00e+00 
 9.91578508444549e-09   0.00e+00 
 9.91634171486020e-09   0.00e+00 
 9.91689834632643e-09   0.00e+00 
 9.91745497884407e-09   0.00e+00 
 9.91801161241305e-09   0.00e+00 
 9.91856824703327e-09   0.00e+00 
 9.91912488270463e-09   0.00e+00 
 9.91968151942705e-09   0.00e+00 
 9.92023815720043e-09   0.00e+00 
 9.92079479602469e-09   0.00e+00 
 9.92135143589972e-09   0.00e+00 
 9.92190807682545e-09   0.00e+00 
 9.92246471880177e-09   0.00e+00 
 9.92302136182860e-09   0.00e+00 
 9.92357800590583e-09   0.00e+00 
 9.92413465103339e-09   0.00e+00 
 9.92469129721119e-09   0.00e+00 
 9.92524794443912e-09   0.00e+00 
 9.92580459271709e-09   0.00e+00 
 9.92636124204501e-09   0.00e+00 
 9.92691789242280e-09   0.00e+00 
 9.92747454385037e-09   0.00e+00 
 9.92803119632760e-09   0.00e+00 
 9.92858784985443e-09   0.00e+00 
 9.92914450443075e-09   0.00e+00 
 9.92970116005647e-09   0.00e+00 
 9.93025781673151e-09   0.00e+00 
 9.93081447445576e-09   0.00e+00 
 9.93137113322915e-09   0.00e+00 
 9.93192779305157e-09   0.00e+00 
 9.93248445392294e-09   0.00e+00 
 9.93304111584316e-09   0.00e+00 
 9.93359777881214e-09   0.00e+00 
 9.93415444282980e-09   0.00e+00 
 9.93471110789602e-09   0.00e+00 
 9.93526777401074e-09   0.00e+00 
 9.93582444117386e-09   0.00e+00 
 9.93638110938528e-09   0.00e+00 
 9.93693777864491e-09   0.00e+00 
 9.93749444895266e-09   0.00e+00 
 9.93805112030844e-09   0.00e+00 
 9.93860779271216e-09   0.00e+00 
 9.93916446616373e-09   0.00e+00 
 9.93972114066305e-09   0.00e+00 
 9.94027781621003e-09   0.00e+00 
 9.94083449280459e-09   0.00e+00 
 9.94139117044663e-09   0.00e+00 
 9.94194784913606e-09   0.00e+00 
 9.94250452887278e-09   0.00e+00 
 9.94306120965671e-09   0.00e+00 
 9.94361789148776e-09   0.00e+00 
 9.94417457436583e-09   0.00e+00 
 9.94473125829084e-09   0.00e+00 
 9.94528794326268e-09   0.00e+00 
 9.94584462928128e-09   0.00e+00 
 9.94640131634653e-09   0.00e+00 
 9.94695800445835e-09   0.00e+00 
 9.94751469361665e-09   0.00e+00 
 9.94807138382133e-09   0.00e+00 
 9.94862807507231e-09   0.00e+00 
 9.94918476736949e-09   0.00e+00 
 9.94974146071278e-09   0.00e+00 
 9.95029815510209e-09   0.00e+00 
 9.95085485053733e-09   0.00e+00 
 9.95141154701841e-09   0.00e+00 
 9.95196824454523e-09   0.00e+00 
 9.95252494311772e-09   0.00e+00 
 9.95308164273577e-09   0.00e+00 
 9.95363834339929e-09   0.00e+00 
 9.95419504510820e-09   0.00e+00 
 9.95475174786239e-09   0.00e+00 
 9.95530845166179e-09   0.00e+00 
 9.95586515650631e-09   0.00e+00 
 9.95642186239584e-09   0.00e+00 
 9.95697856933029e-09   0.00e+00 
 9.95753527730959e-09   0.00e+00 
 9.95809198633364e-09   0.00e+00 
 9.95864869640234e-09   0.00e+00 
 9.95920540751561e-09   0.00e+00 
 9.95976211967335e-09   0.00e+00 
 9.96031883287548e-09   0.00e+00 
 9.96087554712189e-09   0.00e+00 
 9.96143226241252e-09   0.00e+00 
 9.96198897874726e-09   0.00e+00 
 9.96254569612602e-09   0.00e+00 
 9.96310241454871e-09   0.00e+00 
 9.96365913401524e-09   0.00e+00 
 9.96421585452552e-09   0.00e+00 
 9.96477257607946e-09   0.00e+00 
 9.96532929867697e-09   0.00e+00 
 9.96588602231796e-09   0.00e+00 
 9.96644274700233e-09   0.00e+00 
 9.96699947273001e-09   0.00e+00 
 9.96755619950089e-09   0.00e+00 
 9.96811292731490e-09   0.00e+00 
 9.96866965617192e-09   0.00e+00 
 9.96922638607189e-09   0.00e+00 
 9.96978311701470e-09   0.00e+00 
 9.97033984900027e-09   0.00e+00 
 9.97089658202851e-09   0.00e+00 
 9.97145331609932e-09   0.00e+00 
 9.97201005121262e-09   0.00e+00 
 9.97256678736831e-09   0.00e+00 
 9.97312352456631e-09   0.00e+00 
 9.97368026280652e-09   0.00e+00 
 9.97423700208886e-09   0.00e+00 
 9.97479374241324e-09   0.00e+00 
 9.97535048377956e-09   0.00e+00 
 9.97590722618774e-09   0.00e+00 
 9.97646396963768e-09   0.00e+00 
 9.97702071412930e-09   0.00e+00 
 9.97757745966251e-09   0.00e+00 
 9.97813420623721e-09   0.00e+00 
 9.97869095385333e-09   0.00e+00 
 9.97924770251075e-09   0.00e+00 
 9.97980445220941e-09   0.00e+00 
 9.98036120294920e-09   0.00e+00 
 9.98091795473004e-09   0.00e+00 
 9.98147470755185e-09   0.00e+00 
 9.98203146141451e-09   0.00e+00 
 9.98258821631796e-09   0.00e+00 
 9.98314497226210e-09   0.00e+00 
 9.98370172924684e-09   0.00e+00 
 9.98425848727210e-09   0.00e+00 
 9.98481524633777e-09   0.00e+00 
 9.98537200644377e-09   0.00e+00 
 9.98592876759002e-09   0.00e+00 
 9.98648552977642e-09   0.00e+00 
 9.98704229300289e-09   0.00e+00 
 9.98759905726933e-09   0.00e+00 
 9.98815582257566e-09   0.00e+00 
 9.98871258892179e-09   0.00e+00 
 9.98926935630763e-09   0.00e+00 
 9.98982612473308e-09   0.00e+00 
 9.99038289419807e-09   0.00e+00 
 9.99093966470249e-09   0.00e+00 
 9.99149643624627e-09   0.00e+00 
 9.99205320882931e-09   0.00e+00 
 9.99260998245152e-09   0.00e+00 
 9.99316675711282e-09   0.00e+00 
 9.99372353281312e-09   0.00e+00 
 9.99428030955232e-09   0.00e+00 
 9.99483708733034e-09   0.00e+00 
 9.99539386614710e-09   0.00e+00 
 9.99595064600249e-09   0.00e+00 
 9.99650742689644e-09   0.00e+00 
 9.99706420882885e-09   0.00e+00 
 9.99762099179963e-09   0.00e+00 
 9.99817777580871e-09   0.00e+00 
 9.99873456085598e-09   0.00e+00 
 9.99929134694137e-09   0.00e+00 
 9.99984813406477e-09   0.00e+00 
 1.00004049222261e-08   0.00e+00 
 1.00009617114253e-08   0.00e+00 
 1.00015185016622e-08   0.00e+00 
 1.00020752929368e-08   0.00e+00 
 1.00026320852490e-08   0.00e+00 
 1.00031888785987e-08   0.00e+00 
 1.00037456729858e-08   0.00e+00 
 1.00043024684102e-08   0.00e+00 
 1.00048592648718e-08   0.00e+00 
 1.00054160623706e-08   0.00e+00 
 1.00059728609064e-08   0.00e+00 
 1.00065296604792e-08   0.00e+00 
 1.00070864610888e-08   0.00e+00 
 1.00076432627352e-08   0.00e+00 
 1.00082000654184e-08   0.00e+00 
 1.00087568691381e-08   0.00e+00 
 1.00093136738944e-08   0.00e+00 
 1.00098704796871e-08   0.00e+00 
 1.00104272865162e-08   0.00e+00 
 1.00109840943815e-08   0.00e+00 
 1.00115409032830e-08   0.00e+00 
 1.00120977132206e-08   0.00e+00 
 1.00126545241941e-08   0.00e+00 
 1.00132113362036e-08   0.00e+00 
 1.00137681492489e-08   0.00e+00 
 1.00143249633300e-08   0.00e+00 
 1.00148817784466e-08   0.00e+00 
 1.00154385945989e-08   0.00e+00 
 1.00159954117866e-08   0.00e+00 
 1.00165522300097e-08   0.00e+00 
 1.00171090492681e-08   0.00e+00 
 1.00176658695617e-08   0.00e+00 
 1.00182226908905e-08   0.00e+00 
 1.00187795132542e-08   0.00e+00 
 1.00193363366530e-08   0.00e+00 
 1.00198931610866e-08   0.00e+00 
 1.00204499865549e-08   0.00e+00 
 1.00210068130580e-08   0.00e+00 
 1.00215636405956e-08   0.00e+00 
 1.00221204691678e-08   0.00e+00 
 1.00226772987743e-08   0.00e+00 
 1.00232341294153e-08   0.00e+00 
 1.00237909610905e-08   0.00e+00 
 1.00243477937998e-08   0.00e+00 
 1.00249046275432e-08   0.00e+00 
 1.00254614623206e-08   0.00e+00 
 1.00260182981320e-08   0.00e+00 
 1.00265751349771e-08   0.00e+00 
 1.00271319728560e-08   0.00e+00 
 1.00276888117685e-08   0.00e+00 
 1.00282456517145e-08   0.00e+00 
 1.00288024926941e-08   0.00e+00 
 1.00293593347070e-08   0.00e+00 
 1.00299161777532e-08   0.00e+00 
 1.00304730218327e-08   0.00e+00 
 1.00310298669453e-08   0.00e+00 
 1.00315867130909e-08   0.00e+00 
 1.00321435602694e-08   0.00e+00 
 1.00327004084808e-08   0.00e+00 
 1.00332572577251e-08   0.00e+00 
 1.00338141080020e-08   0.00e+00 
 1.00343709593115e-08   0.00e+00 
 1.00349278116535e-08   0.00e+00 
 1.00354846650280e-08   0.00e+00 
 1.00360415194348e-08   0.00e+00 
 1.00365983748738e-08   0.00e+00 
 1.00371552313451e-08   0.00e+00 
 1.00377120888484e-08   0.00e+00 
 1.00382689473838e-08   0.00e+00 
 1.00388258069511e-08   0.00e+00 
 1.00393826675502e-08   0.00e+00 
 1.00399395291810e-08   0.00e+00 
 1.00404963918435e-08   0.00e+00 
 1.00410532555376e-08   0.00e+00 
 1.00416101202632e-08   0.00e+00 
 1.00421669860201e-08   0.00e+00 
 1.00427238528084e-08   0.00e+00 
 1.00432807206279e-08   0.00e+00 
 1.00438375894786e-08   0.00e+00 
 1.00443944593603e-08   0.00e+00 
 1.00449513302730e-08   0.00e+00 
 1.00455082022166e-08   0.00e+00 
 1.00460650751910e-08   0.00e+00 
 1.00466219491961e-08   0.00e+00 
 1.00471788242319e-08   0.00e+00 
 1.00477357002982e-08   0.00e+00 
 1.00482925773949e-08   0.00e+00 
 1.00488494555220e-08   0.00e+00 
 1.00494063346795e-08   0.00e+00 
 1.00499632148671e-08   0.00e+00 
 1.00505200960848e-08   0.00e+00 
 1.00510769783326e-08   0.00e+00 
 1.00516338616103e-08   0.00e+00 
 1.00521907459179e-08   0.00e+00 
 1.00527476312552e-08   0.00e+00 
 1.00533045176223e-08   0.00e+00 
 1.00538614050189e-08   0.00e+00 
 1.00544182934451e-08   0.00e+00 
 1.00549751829007e-08   0.00e+00 
 1.00555320733856e-08   0.00e+00 
 1.00560889648999e-08   0.00e+00 
 1.00566458574433e-08   0.00e+00 
 1.00572027510158e-08   0.00e+00 
 1.00577596456173e-08   0.00e+00 
 1.00583165412477e-08   0.00e+00 
 1.00588734379070e-08   0.00e+00 
 1.00594303355950e-08   0.00e+00 
 1.00599872343117e-08   0.00e+00 
 1.00605441340570e-08   0.00e+00 
 1.00611010348307e-08   0.00e+00 
 1.00616579366329e-08   0.00e+00 
 1.00622148394634e-08   0.00e+00 
 1.00627717433222e-08   0.00e+00 
 1.00633286482091e-08   0.00e+00 
 1.00638855541241e-08   0.00e+00 
 1.00644424610671e-08   0.00e+00 
 1.00649993690380e-08   0.00e+00 
 1.00655562780367e-08   0.00e+00 
 1.00661131880632e-08   0.00e+00 
 1.00666700991172e-08   0.00e+00 
 1.00672270111989e-08   0.00e+00 
 1.00677839243080e-08   0.00e+00 
 1.00683408384446e-08   0.00e+00 
 1.00688977536084e-08   0.00e+00 
 1.00694546697995e-08   0.00e+00 
 1.00700115870177e-08   0.00e+00 
 1.00705685052630e-08   0.00e+00 
 1.00711254245352e-08   0.00e+00 
 1.00716823448343e-08   0.00e+00 
 1.00722392661603e-08   0.00e+00 
 1.00727961885129e-08   0.00e+00 
 1.00733531118922e-08   0.00e+00 
 1.00739100362980e-08   0.00e+00 
 1.00744669617303e-08   0.00e+00 
 1.00750238881890e-08   0.00e+00 
 1.00755808156739e-08   0.00e+00 
 1.00761377441851e-08   0.00e+00 
 1.00766946737224e-08   0.00e+00 
 1.00772516042857e-08   0.00e+00 
 1.00778085358750e-08   0.00e+00 
 1.00783654684902e-08   0.00e+00 
 1.00789224021312e-08   0.00e+00 
 1.00794793367978e-08   0.00e+00 
 1.00800362724901e-08   0.00e+00 
 1.00805932092079e-08   0.00e+00 
 1.00811501469511e-08   0.00e+00 
 1.00817070857198e-08   0.00e+00 
 1.00822640255137e-08   0.00e+00 
 1.00828209663328e-08   0.00e+00 
 1.00833779081770e-08   0.00e+00 
 1.00839348510462e-08   0.00e+00 
 1.00844917949404e-08   0.00e+00 
 1.00850487398594e-08   0.00e+00 
 1.00856056858032e-08   0.00e+00 
 1.00861626327717e-08   0.00e+00 
 1.00867195807648e-08   0.00e+00 
 1.00872765297824e-08   0.00e+00 
 1.00878334798245e-08   0.00e+00 
 1.00883904308909e-08   0.00e+00 
 1.00889473829816e-08   0.00e+00 
 1.00895043360964e-08   0.00e+00 
 1.00900612902354e-08   0.00e+00 
 1.00906182453983e-08   0.00e+00 
 1.00911752015852e-08   0.00e+00 
 1.00917321587960e-08   0.00e+00 
 1.00922891170305e-08   0.00e+00 
 1.00928460762887e-08   0.00e+00 
 1.00934030365704e-08   0.00e+00 
 1.00939599978757e-08   0.00e+00 
 1.00945169602044e-08   0.00e+00 
 1.00950739235565e-08   0.00e+00 
 1.00956308879317e-08   0.00e+00 
 1.00961878533302e-08   0.00e+00 
 1.00967448197518e-08   0.00e+00 
 1.00973017871963e-08   0.00e+00 
 1.00978587556638e-08   0.00e+00 
 1.00984157251541e-08   0.00e+00 
 1.00989726956671e-08   0.00e+00 
 1.00995296672029e-08   0.00e+00 
 1.01000866397611e-08   0.00e+00 
 1.01006436133419e-08   0.00e+00 
 1.01012005879451e-08   0.00e+00 
 1.01017575635707e-08   0.00e+00 
 1.01023145402184e-08   0.00e+00 
 1.01028715178884e-08   0.00e+00 
 1.01034284965804e-08   0.00e+00 
 1.01039854762944e-08   0.00e+00 
 1.01045424570303e-08   0.00e+00 
 1.01050994387880e-08   0.00e+00 
 1.01056564215674e-08   0.00e+00 
 1.01062134053685e-08   0.00e+00 
 1.01067703901912e-08   0.00e+00 
 1.01073273760354e-08   0.00e+00 
 1.01078843629009e-08   0.00e+00 
 1.01084413507878e-08   0.00e+00 
 1.01089983396959e-08   0.00e+00 
 1.01095553296252e-08   0.00e+00 
 1.01101123205755e-08   0.00e+00 
 1.01106693125468e-08   0.00e+00 
 1.01112263055390e-08   0.00e+00 
 1.01117832995520e-08   0.00e+00 
 1.01123402945857e-08   0.00e+00 
 1.01128972906401e-08   0.00e+00 
 1.01134542877150e-08   0.00e+00 
 1.01140112858104e-08   0.00e+00 
 1.01145682849261e-08   0.00e+00 
 1.01151252850622e-08   0.00e+00 
 1.01156822862185e-08   0.00e+00 
 1.01162392883950e-08   0.00e+00 
 1.01167962915915e-08   0.00e+00 
 1.01173532958079e-08   0.00e+00 
 1.01179103010442e-08   0.00e+00 
 1.01184673073004e-08   0.00e+00 
 1.01190243145762e-08   0.00e+00 
 1.01195813228717e-08   0.00e+00 
 1.01201383321867e-08   0.00e+00 
 1.01206953425212e-08   0.00e+00 
 1.01212523538750e-08   0.00e+00 
 1.01218093662482e-08   0.00e+00 
 1.01223663796405e-08   0.00e+00 
 1.01229233940520e-08   0.00e+00 
 1.01234804094825e-08   0.00e+00 
 1.01240374259320e-08   0.00e+00 
 1.01245944434003e-08   0.00e+00 
 1.01251514618874e-08   0.00e+00 
 1.01257084813932e-08   0.00e+00 
 1.01262655019177e-08   0.00e+00 
 1.01268225234606e-08   0.00e+00 
 1.01273795460221e-08   0.00e+00 
 1.01279365696018e-08   0.00e+00 
 1.01284935941999e-08   0.00e+00 
 1.01290506198161e-08   0.00e+00 
 1.01296076464505e-08   0.00e+00 
 1.01301646741029e-08   0.00e+00 
 1.01307217027732e-08   0.00e+00 
 1.01312787324613e-08   0.00e+00 
 1.01318357631673e-08   0.00e+00 
 1.01323927948909e-08   0.00e+00 
 1.01329498276322e-08   0.00e+00 
 1.01335068613909e-08   0.00e+00 
 1.01340638961671e-08   0.00e+00 
 1.01346209319606e-08   0.00e+00 
 1.01351779687714e-08   0.00e+00 
 1.01357350065994e-08   0.00e+00 
 1.01362920454445e-08   0.00e+00 
 1.01368490853065e-08   0.00e+00 
 1.01374061261855e-08   0.00e+00 
 1.01379631680814e-08   0.00e+00 
 1.01385202109940e-08   0.00e+00 
 1.01390772549233e-08   0.00e+00 
 1.01396342998691e-08   0.00e+00 
 1.01401913458315e-08   0.00e+00 
 1.01407483928103e-08   0.00e+00 
 1.01413054408054e-08   0.00e+00 
 1.01418624898168e-08   0.00e+00 
 1.01424195398443e-08   0.00e+00 
 1.01429765908879e-08   0.00e+00 
 1.01435336429476e-08   0.00e+00 
 1.01440906960231e-08   0.00e+00 
 1.01446477501144e-08   0.00e+00 
 1.01452048052215e-08   0.00e+00 
 1.01457618613443e-08   0.00e+00 
 1.01463189184826e-08   0.00e+00 
 1.01468759766364e-08   0.00e+00 
 1.01474330358056e-08   0.00e+00 
 1.01479900959901e-08   0.00e+00 
 1.01485471571899e-08   0.00e+00 
 1.01491042194048e-08   0.00e+00 
 1.01496612826348e-08   0.00e+00 
 1.01502183468797e-08   0.00e+00 
 1.01507754121396e-08   0.00e+00 
 1.01513324784142e-08   0.00e+00 
 1.01518895457036e-08   0.00e+00 
 1.01524466140076e-08   0.00e+00 
 1.01530036833262e-08   0.00e+00 
 1.01535607536593e-08   0.00e+00 
 1.01541178250067e-08   0.00e+00 
 1.01546748973685e-08   0.00e+00 
 1.01552319707444e-08   0.00e+00 
 1.01557890451345e-08   0.00e+00 
 1.01563461205387e-08   0.00e+00 
 1.01569031969568e-08   0.00e+00 
 1.01574602743887e-08   0.00e+00 
 1.01580173528345e-08   0.00e+00 
 1.01585744322940e-08   0.00e+00 
 1.01591315127671e-08   0.00e+00 
 1.01596885942537e-08   0.00e+00 
 1.01602456767538e-08   0.00e+00 
 1.01608027602673e-08   0.00e+00 
 1.01613598447941e-08   0.00e+00 
 1.01619169303340e-08   0.00e+00 
 1.01624740168871e-08   0.00e+00 
 1.01630311044532e-08   0.00e+00 
 1.01635881930322e-08   0.00e+00 
 1.01641452826241e-08   0.00e+00 
 1.01647023732288e-08   0.00e+00 
 1.01652594648462e-08   0.00e+00 
 1.01658165574761e-08   0.00e+00 
 1.01663736511186e-08   0.00e+00 
 1.01669307457736e-08   0.00e+00 
 1.01674878414408e-08   0.00e+00 
 1.01680449381204e-08   0.00e+00 
 1.01686020358121e-08   0.00e+00 
 1.01691591345159e-08   0.00e+00 
 1.01697162342318e-08   0.00e+00 
 1.01702733349595e-08   0.00e+00 
 1.01708304366991e-08   0.00e+00 
 1.01713875394505e-08   0.00e+00 
 1.01719446432135e-08   0.00e+00 
 1.01725017479882e-08   0.00e+00 
 1.01730588537743e-08   0.00e+00 
 1.01736159605718e-08   0.00e+00 
 1.01741730683807e-08   0.00e+00 
 1.01747301772008e-08   0.00e+00 
 1.01752872870321e-08   0.00e+00 
 1.01758443978745e-08   0.00e+00 
 1.01764015097278e-08   0.00e+00 
 1.01769586225921e-08   0.00e+00 
 1.01775157364672e-08   0.00e+00 
 1.01780728513530e-08   0.00e+00 
 1.01786299672494e-08   0.00e+00 
 1.01791870841565e-08   0.00e+00 
 1.01797442020740e-08   0.00e+00 
 1.01803013210019e-08   0.00e+00 
 1.01808584409402e-08   0.00e+00 
 1.01814155618886e-08   0.00e+00 
 1.01819726838472e-08   0.00e+00 
 1.01825298068159e-08   0.00e+00 
 1.01830869307945e-08   0.00e+00 
 1.01836440557831e-08   0.00e+00 
 1.01842011817814e-08   0.00e+00 
 1.01847583087894e-08   0.00e+00 
 1.01853154368071e-08   0.00e+00 
 1.01858725658343e-08   0.00e+00 
 1.01864296958710e-08   0.00e+00 
 1.01869868269171e-08   0.00e+00 
 1.01875439589725e-08   0.00e+00 
 1.01881010920370e-08   0.00e+00 
 1.01886582261107e-08   0.00e+00 
 1.01892153611934e-08   0.00e+00 
 1.01897724972851e-08   0.00e+00 
 1.01903296343857e-08   0.00e+00 
 1.01908867724950e-08   0.00e+00 
 1.01914439116130e-08   0.00e+00 
 1.01920010517397e-08   0.00e+00 
 1.01925581928748e-08   0.00e+00 
 1.01931153350184e-08   0.00e+00 
 1.01936724781704e-08   0.00e+00 
 1.01942296223307e-08   0.00e+00 
 1.01947867674991e-08   0.00e+00 
 1.01953439136756e-08   0.00e+00 
 1.01959010608602e-08   0.00e+00 
 1.01964582090526e-08   0.00e+00 
 1.01970153582530e-08   0.00e+00 
 1.01975725084611e-08   0.00e+00 
 1.01981296596768e-08   0.00e+00 
 1.01986868119002e-08   0.00e+00 
 1.01992439651311e-08   0.00e+00 
 1.01998011193694e-08   0.00e+00 
 1.02003582746150e-08   0.00e+00 
 1.02009154308679e-08   0.00e+00 
 1.02014725881279e-08   0.00e+00 
 1.02020297463950e-08   0.00e+00 
 1.02025869056692e-08   0.00e+00 
 1.02031440659502e-08   0.00e+00 
 1.02037012272381e-08   0.00e+00 
 1.02042583895327e-08   0.00e+00 
 1.02048155528339e-08   0.00e+00 
 1.02053727171418e-08   0.00e+00 
 1.02059298824561e-08   0.00e+00 
 1.02064870487768e-08   0.00e+00 
 1.02070442161038e-08   0.00e+00 
 1.02076013844371e-08   0.00e+00 
 1.02081585537765e-08   0.00e+00 
 1.02087157241220e-08   0.00e+00 
 1.02092728954734e-08   0.00e+00 
 1.02098300678308e-08   0.00e+00 
 1.02103872411939e-08   0.00e+00 
 1.02109444155628e-08   0.00e+00 
 1.02115015909373e-08   0.00e+00 
 1.02120587673173e-08   0.00e+00 
 1.02126159447028e-08   0.00e+00 
 1.02131731230937e-08   0.00e+00 
 1.02137303024899e-08   0.00e+00 
 1.02142874828913e-08   0.00e+00 
 1.02148446642979e-08   0.00e+00 
 1.02154018467094e-08   0.00e+00 
 1.02159590301259e-08   0.00e+00 
 1.02165162145473e-08   0.00e+00 
 1.02170733999735e-08   0.00e+00 
 1.02176305864044e-08   0.00e+00 
 1.02181877738399e-08   0.00e+00 
 1.02187449622799e-08   0.00e+00 
 1.02193021517244e-08   0.00e+00 
 1.02198593421732e-08   0.00e+00 
 1.02204165336263e-08   0.00e+00 
 1.02209737260836e-08   0.00e+00 
 1.02215309195449e-08   0.00e+00 
 1.02220881140103e-08   0.00e+00 
 1.02226453094797e-08   0.00e+00 
 1.02232025059529e-08   0.00e+00 
 1.02237597034298e-08   0.00e+00 
 1.02243169019104e-08   0.00e+00 
 1.02248741013947e-08   0.00e+00 
 1.02254313018824e-08   0.00e+00 
 1.02259885033735e-08   0.00e+00 
 1.02265457058680e-08   0.00e+00 
 1.02271029093658e-08   0.00e+00 
 1.02276601138667e-08   0.00e+00 
 1.02282173193707e-08   0.00e+00 
 1.02287745258777e-08   0.00e+00 
 1.02293317333876e-08   0.00e+00 
 1.02298889419003e-08   0.00e+00 
 1.02304461514157e-08   0.00e+00 
 1.02310033619339e-08   0.00e+00 
 1.02315605734545e-08   0.00e+00 
 1.02321177859777e-08   0.00e+00 
 1.02326749995033e-08   0.00e+00 
 1.02332322140312e-08   0.00e+00 
 1.02337894295613e-08   0.00e+00 
 1.02343466460936e-08   0.00e+00 
 1.02349038636279e-08   0.00e+00 
 1.02354610821642e-08   0.00e+00 
 1.02360183017024e-08   0.00e+00 
 1.02365755222424e-08   0.00e+00 
 1.02371327437841e-08   0.00e+00 
 1.02376899663275e-08   0.00e+00 
 1.02382471898724e-08   0.00e+00 
 1.02388044144187e-08   0.00e+00 
 1.02393616399665e-08   0.00e+00 
 1.02399188665155e-08   0.00e+00 
 1.02404760940657e-08   0.00e+00 
 1.02410333226171e-08   0.00e+00 
 1.02415905521695e-08   0.00e+00 
 1.02421477827228e-08   0.00e+00 
 1.02427050142771e-08   0.00e+00 
 1.02432622468321e-08   0.00e+00 
 1.02438194803878e-08   0.00e+00 
 1.02443767149441e-08   0.00e+00 
 1.02449339505009e-08   0.00e+00 
 1.02454911870582e-08   0.00e+00 
 1.02460484246158e-08   0.00e+00 
 1.02466056631737e-08   0.00e+00 
 1.02471629027318e-08   0.00e+00 
 1.02477201432900e-08   0.00e+00 
 1.02482773848482e-08   0.00e+00 
 1.02488346274063e-08   0.00e+00 
 1.02493918709643e-08   0.00e+00 
 1.02499491155220e-08   0.00e+00 
 1.02505063610794e-08   0.00e+00 
 1.02510636076364e-08   0.00e+00 
 1.02516208551928e-08   0.00e+00 
 1.02521781037488e-08   0.00e+00 
 1.02527353533040e-08   0.00e+00 
 1.02532926038585e-08   0.00e+00 
 1.02538498554121e-08   0.00e+00 
 1.02544071079648e-08   0.00e+00 
 1.02549643615165e-08   0.00e+00 
 1.02555216160671e-08   0.00e+00 
 1.02560788716166e-08   0.00e+00 
 1.02566361281647e-08   0.00e+00 
 1.02571933857115e-08   0.00e+00 
 1.02577506442569e-08   0.00e+00 
 1.02583079038008e-08   0.00e+00 
 1.02588651643430e-08   0.00e+00 
 1.02594224258835e-08   0.00e+00 
 1.02599796884223e-08   0.00e+00 
 1.02605369519592e-08   0.00e+00 
 1.02610942164942e-08   0.00e+00 
 1.02616514820271e-08   0.00e+00 
 1.02622087485579e-08   0.00e+00 
 1.02627660160864e-08   0.00e+00 
 1.02633232846127e-08   0.00e+00 
 1.02638805541366e-08   0.00e+00 
 1.02644378246581e-08   0.00e+00 
 1.02649950961770e-08   0.00e+00 
 1.02655523686933e-08   0.00e+00 
 1.02661096422068e-08   0.00e+00 
 1.02666669167175e-08   0.00e+00 
 1.02672241922254e-08   0.00e+00 
 1.02677814687302e-08   0.00e+00 
 1.02683387462320e-08   0.00e+00 
 1.02688960247307e-08   0.00e+00 
 1.02694533042261e-08   0.00e+00 
 1.02700105847182e-08   0.00e+00 
 1.02705678662069e-08   0.00e+00 
 1.02711251486921e-08   0.00e+00 
 1.02716824321737e-08   0.00e+00 
 1.02722397166517e-08   0.00e+00 
 1.02727970021259e-08   0.00e+00 
 1.02733542885962e-08   0.00e+00 
 1.02739115760627e-08   0.00e+00 
 1.02744688645251e-08   0.00e+00 
 1.02750261539835e-08   0.00e+00 
 1.02755834444376e-08   0.00e+00 
 1.02761407358875e-08   0.00e+00 
 1.02766980283331e-08   0.00e+00 
 1.02772553217742e-08   0.00e+00 
 1.02778126162108e-08   0.00e+00 
 1.02783699116428e-08   0.00e+00 
 1.02789272080701e-08   0.00e+00 
 1.02794845054926e-08   0.00e+00 
 1.02800418039102e-08   0.00e+00 
 1.02805991033229e-08   0.00e+00 
 1.02811564037306e-08   0.00e+00 
 1.02817137051331e-08   0.00e+00 
 1.02822710075304e-08   0.00e+00 
 1.02828283109224e-08   0.00e+00 
 1.02833856153090e-08   0.00e+00 
 1.02839429206902e-08   0.00e+00 
 1.02845002270658e-08   0.00e+00 
 1.02850575344358e-08   0.00e+00 
 1.02856148428000e-08   0.00e+00 
 1.02861721521584e-08   0.00e+00 
 1.02867294625109e-08   0.00e+00 
 1.02872867738575e-08   0.00e+00 
 1.02878440861979e-08   0.00e+00 
 1.02884013995322e-08   0.00e+00 
 1.02889587138603e-08   0.00e+00 
 1.02895160291820e-08   0.00e+00 
 1.02900733454973e-08   0.00e+00 
 1.02906306628061e-08   0.00e+00 
 1.02911879811083e-08   0.00e+00 
 1.02917453004038e-08   0.00e+00 
 1.02923026206926e-08   0.00e+00 
 1.02928599419745e-08   0.00e+00 
 1.02934172642495e-08   0.00e+00 
 1.02939745875174e-08   0.00e+00 
 1.02945319117783e-08   0.00e+00 
 1.02950892370319e-08   0.00e+00 
 1.02956465632782e-08   0.00e+00 
 1.02962038905172e-08   0.00e+00 
 1.02967612187488e-08   0.00e+00 
 1.02973185479727e-08   0.00e+00 
 1.02978758781891e-08   0.00e+00 
 1.02984332093977e-08   0.00e+00 
 1.02989905415985e-08   0.00e+00 
 1.02995478747915e-08   0.00e+00 
 1.03001052089764e-08   0.00e+00 
 1.03006625441533e-08   0.00e+00 
 1.03012198803220e-08   0.00e+00 
 1.03017772174825e-08   0.00e+00 
 1.03023345556347e-08   0.00e+00 
 1.03028918947785e-08   0.00e+00 
 1.03034492349137e-08   0.00e+00 
 1.03040065760404e-08   0.00e+00 
 1.03045639181584e-08   0.00e+00 
 1.03051212612676e-08   0.00e+00 
 1.03056786053680e-08   0.00e+00 
 1.03062359504594e-08   0.00e+00 
 1.03067932965419e-08   0.00e+00 
 1.03073506436152e-08   0.00e+00 
 1.03079079916793e-08   0.00e+00 
 1.03084653407341e-08   0.00e+00 
 1.03090226907796e-08   0.00e+00 
 1.03095800418156e-08   0.00e+00 
 1.03101373938420e-08   0.00e+00 
 1.03106947468589e-08   0.00e+00 
 1.03112521008660e-08   0.00e+00 
 1.03118094558633e-08   0.00e+00 
 1.03123668118506e-08   0.00e+00 
 1.03129241688280e-08   0.00e+00 
 1.03134815267954e-08   0.00e+00 
 1.03140388857526e-08   0.00e+00 
 1.03145962456995e-08   0.00e+00 
 1.03151536066361e-08   0.00e+00 
 1.03157109685623e-08   0.00e+00 
 1.03162683314779e-08   0.00e+00 
 1.03168256953830e-08   0.00e+00 
 1.03173830602774e-08   0.00e+00 
 1.03179404261610e-08   0.00e+00 
 1.03184977930337e-08   0.00e+00 
 1.03190551608955e-08   0.00e+00 
 1.03196125297463e-08   0.00e+00 
 1.03201698995859e-08   0.00e+00 
 1.03207272704143e-08   0.00e+00 
 1.03212846422315e-08   0.00e+00 
 1.03218420150372e-08   0.00e+00 
 1.03223993888315e-08   0.00e+00 
 1.03229567636141e-08   0.00e+00 
 1.03235141393852e-08   0.00e+00 
 1.03240715161445e-08   0.00e+00 
 1.03246288938920e-08   0.00e+00 
 1.03251862726275e-08   0.00e+00 
 1.03257436523511e-08   0.00e+00 
 1.03263010330625e-08   0.00e+00 
 1.03268584147618e-08   0.00e+00 
 1.03274157974488e-08   0.00e+00 
 1.03279731811234e-08   0.00e+00 
 1.03285305657856e-08   0.00e+00 
 1.03290879514353e-08   0.00e+00 
 1.03296453380723e-08   0.00e+00 
 1.03302027256966e-08   0.00e+00 
 1.03307601143082e-08   0.00e+00 
 1.03313175039068e-08   0.00e+00 
 1.03318748944924e-08   0.00e+00 
 1.03324322860650e-08   0.00e+00 
 1.03329896786245e-08   0.00e+00 
 1.03335470721706e-08   0.00e+00 
 1.03341044667035e-08   0.00e+00 
 1.03346618622229e-08   0.00e+00 
 1.03352192587288e-08   0.00e+00 
 1.03357766562212e-08   0.00e+00 
 1.03363340546998e-08   0.00e+00 
 1.03368914541647e-08   0.00e+00 
 1.03374488546156e-08   0.00e+00 
 1.03380062560527e-08   0.00e+00 
 1.03385636584757e-08   0.00e+00 
 1.03391210618845e-08   0.00e+00 
 1.03396784662792e-08   0.00e+00 
 1.03402358716595e-08   0.00e+00 
 1.03407932780254e-08   0.00e+00 
 1.03413506853769e-08   0.00e+00 
 1.03419080937137e-08   0.00e+00 
 1.03424655030359e-08   0.00e+00 
 1.03430229133433e-08   0.00e+00 
 1.03435803246359e-08   0.00e+00 
 1.03441377369136e-08   0.00e+00 
 1.03446951501762e-08   0.00e+00 
 1.03452525644237e-08   0.00e+00 
 1.03458099796560e-08   0.00e+00 
 1.03463673958730e-08   0.00e+00 
 1.03469248130746e-08   0.00e+00 
 1.03474822312608e-08   0.00e+00 
 1.03480396504314e-08   0.00e+00 
 1.03485970705863e-08   0.00e+00 
 1.03491544917255e-08   0.00e+00 
 1.03497119138489e-08   0.00e+00 
 1.03502693369564e-08   0.00e+00 
 1.03508267610478e-08   0.00e+00 
 1.03513841861232e-08   0.00e+00 
 1.03519416121823e-08   0.00e+00 
 1.03524990392252e-08   0.00e+00 
 1.03530564672517e-08   0.00e+00 
 1.03536138962617e-08   0.00e+00 
 1.03541713262552e-08   0.00e+00 
 1.03547287572321e-08   0.00e+00 
 1.03552861891922e-08   0.00e+00 
 1.03558436221355e-08   0.00e+00 
 1.03564010560619e-08   0.00e+00 
 1.03569584909713e-08   0.00e+00 
 1.03575159268636e-08   0.00e+00 
 1.03580733637387e-08   0.00e+00 
 1.03586308015966e-08   0.00e+00 
 1.03591882404371e-08   0.00e+00 
 1.03597456802601e-08   0.00e+00 
 1.03603031210657e-08   0.00e+00 
 1.03608605628535e-08   0.00e+00 
 1.03614180056237e-08   0.00e+00 
 1.03619754493760e-08   0.00e+00 
 1.03625328941105e-08   0.00e+00 
 1.03630903398269e-08   0.00e+00 
 1.03636477865253e-08   0.00e+00 
 1.03642052342055e-08   0.00e+00 
 1.03647626828674e-08   0.00e+00 
 1.03653201325110e-08   0.00e+00 
 1.03658775831361e-08   0.00e+00 
 1.03664350347428e-08   0.00e+00 
 1.03669924873307e-08   0.00e+00 
 1.03675499409000e-08   0.00e+00 
 1.03681073954504e-08   0.00e+00 
 1.03686648509820e-08   0.00e+00 
 1.03692223074945e-08   0.00e+00 
 1.03697797649880e-08   0.00e+00 
 1.03703372234623e-08   0.00e+00 
 1.03708946829174e-08   0.00e+00 
 1.03714521433531e-08   0.00e+00 
 1.03720096047694e-08   0.00e+00 
 1.03725670671661e-08   0.00e+00 
 1.03731245305432e-08   0.00e+00 
 1.03736819949006e-08   0.00e+00 
 1.03742394602382e-08   0.00e+00 
 1.03747969265558e-08   0.00e+00 
 1.03753543938535e-08   0.00e+00 
 1.03759118621311e-08   0.00e+00 
 1.03764693313886e-08   0.00e+00 
 1.03770268016258e-08   0.00e+00 
 1.03775842728426e-08   0.00e+00 
 1.03781417450390e-08   0.00e+00 
 1.03786992182148e-08   0.00e+00 
 1.03792566923701e-08   0.00e+00 
 1.03798141675046e-08   0.00e+00 
 1.03803716436183e-08   0.00e+00 
 1.03809291207110e-08   0.00e+00 
 1.03814865987829e-08   0.00e+00 
 1.03820440778336e-08   0.00e+00 
 1.03826015578631e-08   0.00e+00 
 1.03831590388714e-08   0.00e+00 
 1.03837165208583e-08   0.00e+00 
 1.03842740038238e-08   0.00e+00 
 1.03848314877677e-08   0.00e+00 
 1.03853889726900e-08   0.00e+00 
 1.03859464585906e-08   0.00e+00 
 1.03865039454693e-08   0.00e+00 
 1.03870614333262e-08   0.00e+00 
 1.03876189221611e-08   0.00e+00 
 1.03881764119738e-08   0.00e+00 
 1.03887339027644e-08   0.00e+00 
 1.03892913945327e-08   0.00e+00 
 1.03898488872787e-08   0.00e+00 
 1.03904063810022e-08   0.00e+00 
 1.03909638757031e-08   0.00e+00 
 1.03915213713814e-08   0.00e+00 
 1.03920788680370e-08   0.00e+00 
 1.03926363656697e-08   0.00e+00 
 1.03931938642795e-08   0.00e+00 
 1.03937513638663e-08   0.00e+00 
 1.03943088644301e-08   0.00e+00 
 1.03948663659706e-08   0.00e+00 
 1.03954238684878e-08   0.00e+00 
 1.03959813719817e-08   0.00e+00 
 1.03965388764521e-08   0.00e+00 
 1.03970963818990e-08   0.00e+00 
 1.03976538883222e-08   0.00e+00 
 1.03982113957216e-08   0.00e+00 
 1.03987689040972e-08   0.00e+00 
 1.03993264134489e-08   0.00e+00 
 1.03998839237766e-08   0.00e+00 
 1.04004414350801e-08   0.00e+00 
 1.04009989473595e-08   0.00e+00 
 1.04015564606145e-08   0.00e+00 
 1.04021139748452e-08   0.00e+00 
 1.04026714900514e-08   0.00e+00 
 1.04032290062330e-08   0.00e+00 
 1.04037865233899e-08   0.00e+00 
 1.04043440415221e-08   0.00e+00 
 1.04049015606295e-08   0.00e+00 
 1.04054590807119e-08   0.00e+00 
 1.04060166017692e-08   0.00e+00 
 1.04065741238015e-08   0.00e+00 
 1.04071316468085e-08   0.00e+00 
 1.04076891707902e-08   0.00e+00 
 1.04082466957465e-08   0.00e+00 
 1.04088042216773e-08   0.00e+00 
 1.04093617485825e-08   0.00e+00 
 1.04099192764621e-08   0.00e+00 
 1.04104768053158e-08   0.00e+00 
 1.04110343351437e-08   0.00e+00 
 1.04115918659457e-08   0.00e+00 
 1.04121493977216e-08   0.00e+00 
 1.04127069304713e-08   0.00e+00 
 1.04132644641948e-08   0.00e+00 
 1.04138219988920e-08   0.00e+00 
 1.04143795345628e-08   0.00e+00 
 1.04149370712070e-08   0.00e+00 
 1.04154946088247e-08   0.00e+00 
 1.04160521474156e-08   0.00e+00 
 1.04166096869798e-08   0.00e+00 
 1.04171672275170e-08   0.00e+00 
 1.04177247690273e-08   0.00e+00 
 1.04182823115105e-08   0.00e+00 
 1.04188398549666e-08   0.00e+00 
 1.04193973993954e-08   0.00e+00 
 1.04199549447969e-08   0.00e+00 
 1.04205124911709e-08   0.00e+00 
 1.04210700385173e-08   0.00e+00 
 1.04216275868362e-08   0.00e+00 
 1.04221851361273e-08   0.00e+00 
 1.04227426863906e-08   0.00e+00 
 1.04233002376261e-08   0.00e+00 
 1.04238577898335e-08   0.00e+00 
 1.04244153430128e-08   0.00e+00 
 1.04249728971640e-08   0.00e+00 
 1.04255304522868e-08   0.00e+00 
 1.04260880083813e-08   0.00e+00 
 1.04266455654474e-08   0.00e+00 
 1.04272031234849e-08   0.00e+00 
 1.04277606824937e-08   0.00e+00 
 1.04283182424738e-08   0.00e+00 
 1.04288758034251e-08   0.00e+00 
 1.04294333653474e-08   0.00e+00 
 1.04299909282407e-08   0.00e+00 
 1.04305484921049e-08   0.00e+00 
 1.04311060569399e-08   0.00e+00 
 1.04316636227456e-08   0.00e+00 
 1.04322211895219e-08   0.00e+00 
 1.04327787572687e-08   0.00e+00 
 1.04333363259860e-08   0.00e+00 
 1.04338938956736e-08   0.00e+00 
 1.04344514663314e-08   0.00e+00 
 1.04350090379593e-08   0.00e+00 
 1.04355666105573e-08   0.00e+00 
 1.04361241841253e-08   0.00e+00 
 1.04366817586631e-08   0.00e+00 
 1.04372393341707e-08   0.00e+00 
 1.04377969106479e-08   0.00e+00 
 1.04383544880948e-08   0.00e+00 
 1.04389120665111e-08   0.00e+00 
 1.04394696458969e-08   0.00e+00 
 1.04400272262519e-08   0.00e+00 
 1.04405848075762e-08   0.00e+00 
 1.04411423898695e-08   0.00e+00 
 1.04416999731319e-08   0.00e+00 
 1.04422575573632e-08   0.00e+00 
 1.04428151425634e-08   0.00e+00 
 1.04433727287323e-08   0.00e+00 
 1.04439303158699e-08   0.00e+00 
 1.04444879039760e-08   0.00e+00 
 1.04450454930506e-08   0.00e+00 
 1.04456030830935e-08   0.00e+00 
 1.04461606741047e-08   0.00e+00 
 1.04467182660841e-08   0.00e+00 
 1.04472758590316e-08   0.00e+00 
 1.04478334529471e-08   0.00e+00 
 1.04483910478305e-08   0.00e+00 
 1.04489486436817e-08   0.00e+00 
 1.04495062405007e-08   0.00e+00 
 1.04500638382872e-08   0.00e+00 
 1.04506214370413e-08   0.00e+00 
 1.04511790367628e-08   0.00e+00 
 1.04517366374517e-08   0.00e+00 
 1.04522942391078e-08   0.00e+00 
 1.04528518417311e-08   0.00e+00 
 1.04534094453214e-08   0.00e+00 
 1.04539670498787e-08   0.00e+00 
 1.04545246554029e-08   0.00e+00 
 1.04550822618938e-08   0.00e+00 
 1.04556398693515e-08   0.00e+00 
 1.04561974777757e-08   0.00e+00 
 1.04567550871664e-08   0.00e+00 
 1.04573126975236e-08   0.00e+00 
 1.04578703088470e-08   0.00e+00 
 1.04584279211367e-08   0.00e+00 
 1.04589855343925e-08   0.00e+00 
 1.04595431486144e-08   0.00e+00 
 1.04601007638021e-08   0.00e+00 
 1.04606583799558e-08   0.00e+00 
 1.04612159970751e-08   0.00e+00 
 1.04617736151602e-08   0.00e+00 
 1.04623312342108e-08   0.00e+00 
 1.04628888542268e-08   0.00e+00 
 1.04634464752083e-08   0.00e+00 
 1.04640040971550e-08   0.00e+00 
 1.04645617200669e-08   0.00e+00 
 1.04651193439439e-08   0.00e+00 
 1.04656769687859e-08   0.00e+00 
 1.04662345945928e-08   0.00e+00 
 1.04667922213646e-08   0.00e+00 
 1.04673498491010e-08   0.00e+00 
 1.04679074778021e-08   0.00e+00 
 1.04684651074677e-08   0.00e+00 
 1.04690227380977e-08   0.00e+00 
 1.04695803696921e-08   0.00e+00 
 1.04701380022508e-08   0.00e+00 
 1.04706956357736e-08   0.00e+00 
 1.04712532702604e-08   0.00e+00 
 1.04718109057113e-08   0.00e+00 
 1.04723685421260e-08   0.00e+00 
 1.04729261795044e-08   0.00e+00 
 1.04734838178466e-08   0.00e+00 
 1.04740414571524e-08   0.00e+00 
 1.04745990974216e-08   0.00e+00 
 1.04751567386543e-08   0.00e+00 
 1.04757143808503e-08   0.00e+00 
 1.04762720240094e-08   0.00e+00 
 1.04768296681318e-08   0.00e+00 
 1.04773873132171e-08   0.00e+00 
 1.04779449592654e-08   0.00e+00 
 1.04785026062765e-08   0.00e+00 
 1.04790602542503e-08   0.00e+00 
 1.04796179031868e-08   0.00e+00 
 1.04801755530859e-08   0.00e+00 
 1.04807332039474e-08   0.00e+00 
 1.04812908557713e-08   0.00e+00 
 1.04818485085575e-08   0.00e+00 
 1.04824061623058e-08   0.00e+00 
 1.04829638170163e-08   0.00e+00 
 1.04835214726887e-08   0.00e+00 
 1.04840791293230e-08   0.00e+00 
 1.04846367869191e-08   0.00e+00 
 1.04851944454769e-08   0.00e+00 
 1.04857521049964e-08   0.00e+00 
 1.04863097654774e-08   0.00e+00 
 1.04868674269197e-08   0.00e+00 
 1.04874250893235e-08   0.00e+00 
 1.04879827526884e-08   0.00e+00 
 1.04885404170145e-08   0.00e+00 
 1.04890980823016e-08   0.00e+00 
 1.04896557485497e-08   0.00e+00 
 1.04902134157587e-08   0.00e+00 
 1.04907710839284e-08   0.00e+00 
 1.04913287530588e-08   0.00e+00 
 1.04918864231497e-08   0.00e+00 
 1.04924440942012e-08   0.00e+00 
 1.04930017662130e-08   0.00e+00 
 1.04935594391851e-08   0.00e+00 
 1.04941171131174e-08   0.00e+00 
 1.04946747880098e-08   0.00e+00 
 1.04952324638622e-08   0.00e+00 
 1.04957901406745e-08   0.00e+00 
 1.04963478184467e-08   0.00e+00 
 1.04969054971785e-08   0.00e+00 
 1.04974631768700e-08   0.00e+00 
 1.04980208575210e-08   0.00e+00 
 1.04985785391315e-08   0.00e+00 
 1.04991362217013e-08   0.00e+00 
 1.04996939052303e-08   0.00e+00 
 1.05002515897185e-08   0.00e+00 
 1.05008092751658e-08   0.00e+00 
 1.05013669615720e-08   0.00e+00 
 1.05019246489371e-08   0.00e+00 
 1.05024823372610e-08   0.00e+00 
 1.05030400265435e-08   0.00e+00 
 1.05035977167846e-08   0.00e+00 
 1.05041554079842e-08   0.00e+00 
 1.05047131001422e-08   0.00e+00 
 1.05052707932585e-08   0.00e+00 
 1.05058284873330e-08   0.00e+00 
 1.05063861823656e-08   0.00e+00 
 1.05069438783563e-08   0.00e+00 
 1.05075015753048e-08   0.00e+00 
 1.05080592732112e-08   0.00e+00 
 1.05086169720752e-08   0.00e+00 
 1.05091746718970e-08   0.00e+00 
 1.05097323726762e-08   0.00e+00 
 1.05102900744129e-08   0.00e+00 
 1.05108477771069e-08   0.00e+00 
 1.05114054807582e-08   0.00e+00 
 1.05119631853667e-08   0.00e+00 
 1.05125208909322e-08   0.00e+00 
 1.05130785974546e-08   0.00e+00 
 1.05136363049340e-08   0.00e+00 
 1.05141940133701e-08   0.00e+00 
 1.05147517227629e-08   0.00e+00 
 1.05153094331122e-08   0.00e+00 
 1.05158671444181e-08   0.00e+00 
 1.05164248566803e-08   0.00e+00 
 1.05169825698988e-08   0.00e+00 
 1.05175402840736e-08   0.00e+00 
 1.05180979992044e-08   0.00e+00 
 1.05186557152912e-08   0.00e+00 
 1.05192134323340e-08   0.00e+00 
 1.05197711503326e-08   0.00e+00 
 1.05203288692869e-08   0.00e+00 
 1.05208865891968e-08   0.00e+00 
 1.05214443100622e-08   0.00e+00 
 1.05220020318831e-08   0.00e+00 
 1.05225597546593e-08   0.00e+00 
 1.05231174783908e-08   0.00e+00 
 1.05236752030774e-08   0.00e+00 
 1.05242329287190e-08   0.00e+00 
 1.05247906553156e-08   0.00e+00 
 1.05253483828671e-08   0.00e+00 
 1.05259061113733e-08   0.00e+00 
 1.05264638408342e-08   0.00e+00 
 1.05270215712497e-08   0.00e+00 
 1.05275793026196e-08   0.00e+00 
 1.05281370349439e-08   0.00e+00 
 1.05286947682225e-08   0.00e+00 
 1.05292525024553e-08   0.00e+00 
 1.05298102376421e-08   0.00e+00 
 1.05303679737830e-08   0.00e+00 
 1.05309257108777e-08   0.00e+00 
 1.05314834489263e-08   0.00e+00 
 1.05320411879285e-08   0.00e+00 
 1.05325989278844e-08   0.00e+00 
 1.05331566687937e-08   0.00e+00 
 1.05337144106565e-08   0.00e+00 
 1.05342721534726e-08   0.00e+00 
 1.05348298972419e-08   0.00e+00 
 1.05353876419644e-08   0.00e+00 
 1.05359453876399e-08   0.00e+00 
 1.05365031342683e-08   0.00e+00 
 1.05370608818495e-08   0.00e+00 
 1.05376186303835e-08   0.00e+00 
 1.05381763798701e-08   0.00e+00 
 1.05387341303093e-08   0.00e+00 
 1.05392918817009e-08   0.00e+00 
 1.05398496340448e-08   0.00e+00 
 1.05404073873411e-08   0.00e+00 
 1.05409651415894e-08   0.00e+00 
 1.05415228967899e-08   0.00e+00 
 1.05420806529423e-08   0.00e+00 
 1.05426384100465e-08   0.00e+00 
 1.05431961681026e-08   0.00e+00 
 1.05437539271103e-08   0.00e+00 
 1.05443116870696e-08   0.00e+00 
 1.05448694479803e-08   0.00e+00 
 1.05454272098425e-08   0.00e+00 
 1.05459849726559e-08   0.00e+00 
 1.05465427364205e-08   0.00e+00 
 1.05471005011362e-08   0.00e+00 
 1.05476582668029e-08   0.00e+00 
 1.05482160334206e-08   0.00e+00 
 1.05487738009890e-08   0.00e+00 
 1.05493315695081e-08   0.00e+00 
 1.05498893389778e-08   0.00e+00 
 1.05504471093980e-08   0.00e+00 
 1.05510048807686e-08   0.00e+00 
 1.05515626530896e-08   0.00e+00 
 1.05521204263607e-08   0.00e+00 
 1.05526782005820e-08   0.00e+00 
 1.05532359757533e-08   0.00e+00 
 1.05537937518746e-08   0.00e+00 
 1.05543515289456e-08   0.00e+00 
 1.05549093069664e-08   0.00e+00 
 1.05554670859368e-08   0.00e+00 
 1.05560248658568e-08   0.00e+00 
 1.05565826467261e-08   0.00e+00 
 1.05571404285449e-08   0.00e+00 
 1.05576982113128e-08   0.00e+00 
 1.05582559950299e-08   0.00e+00 
 1.05588137796961e-08   0.00e+00 
 1.05593715653112e-08   0.00e+00 
 1.05599293518752e-08   0.00e+00 
 1.05604871393879e-08   0.00e+00 
 1.05610449278492e-08   0.00e+00 
 1.05616027172591e-08   0.00e+00 
 1.05621605076175e-08   0.00e+00 
 1.05627182989243e-08   0.00e+00 
 1.05632760911793e-08   0.00e+00 
 1.05638338843824e-08   0.00e+00 
 1.05643916785337e-08   0.00e+00 
 1.05649494736329e-08   0.00e+00 
 1.05655072696799e-08   0.00e+00 
 1.05660650666748e-08   0.00e+00 
 1.05666228646173e-08   0.00e+00 
 1.05671806635074e-08   0.00e+00 
 1.05677384633450e-08   0.00e+00 
 1.05682962641300e-08   0.00e+00 
 1.05688540658622e-08   0.00e+00 
 1.05694118685416e-08   0.00e+00 
 1.05699696721682e-08   0.00e+00 
 1.05705274767417e-08   0.00e+00 
 1.05710852822621e-08   0.00e+00 
 1.05716430887293e-08   0.00e+00 
 1.05722008961431e-08   0.00e+00 
 1.05727587045036e-08   0.00e+00 
 1.05733165138106e-08   0.00e+00 
 1.05738743240640e-08   0.00e+00 
 1.05744321352637e-08   0.00e+00 
 1.05749899474095e-08   0.00e+00 
 1.05755477605015e-08   0.00e+00 
 1.05761055745395e-08   0.00e+00 
 1.05766633895234e-08   0.00e+00 
 1.05772212054531e-08   0.00e+00 
 1.05777790223285e-08   0.00e+00 
 1.05783368401495e-08   0.00e+00 
 1.05788946589161e-08   0.00e+00 
 1.05794524786280e-08   0.00e+00 
 1.05800102992853e-08   0.00e+00 
 1.05805681208878e-08   0.00e+00 
 1.05811259434354e-08   0.00e+00 
 1.05816837669280e-08   0.00e+00 
 1.05822415913655e-08   0.00e+00 
 1.05827994167479e-08   0.00e+00 
 1.05833572430750e-08   0.00e+00 
 1.05839150703467e-08   0.00e+00 
 1.05844728985629e-08   0.00e+00 
 1.05850307277236e-08   0.00e+00 
 1.05855885578286e-08   0.00e+00 
 1.05861463888778e-08   0.00e+00 
 1.05867042208712e-08   0.00e+00 
 1.05872620538086e-08   0.00e+00 
 1.05878198876899e-08   0.00e+00 
 1.05883777225150e-08   0.00e+00 
 1.05889355582839e-08   0.00e+00 
 1.05894933949964e-08   0.00e+00 
 1.05900512326525e-08   0.00e+00 
 1.05906090712520e-08   0.00e+00 
 1.05911669107948e-08   0.00e+00 
 1.05917247512809e-08   0.00e+00 
 1.05922825927101e-08   0.00e+00 
 1.05928404350823e-08   0.00e+00 
 1.05933982783975e-08   0.00e+00 
 1.05939561226556e-08   0.00e+00 
 1.05945139678564e-08   0.00e+00 
 1.05950718139998e-08   0.00e+00 
 1.05956296610858e-08   0.00e+00 
 1.05961875091142e-08   0.00e+00 
 1.05967453580849e-08   0.00e+00 
 1.05973032079980e-08   0.00e+00 
 1.05978610588531e-08   0.00e+00 
 1.05984189106503e-08   0.00e+00 
 1.05989767633895e-08   0.00e+00 
 1.05995346170705e-08   0.00e+00 
 1.06000924716933e-08   0.00e+00 
 1.06006503272577e-08   0.00e+00 
 1.06012081837637e-08   0.00e+00 
 1.06017660412111e-08   0.00e+00 
 1.06023238995999e-08   0.00e+00 
 1.06028817589299e-08   0.00e+00 
 1.06034396192011e-08   0.00e+00 
 1.06039974804134e-08   0.00e+00 
 1.06045553425666e-08   0.00e+00 
 1.06051132056607e-08   0.00e+00 
 1.06056710696955e-08   0.00e+00 
 1.06062289346710e-08   0.00e+00 
 1.06067868005870e-08   0.00e+00 
 1.06073446674435e-08   0.00e+00 
 1.06079025352404e-08   0.00e+00 
 1.06084604039775e-08   0.00e+00 
 1.06090182736548e-08   0.00e+00 
 1.06095761442721e-08   0.00e+00 
 1.06101340158294e-08   0.00e+00 
 1.06106918883266e-08   0.00e+00 
 1.06112497617635e-08   0.00e+00 
 1.06118076361401e-08   0.00e+00 
 1.06123655114563e-08   0.00e+00 
 1.06129233877119e-08   0.00e+00 
 1.06134812649069e-08   0.00e+00 
 1.06140391430412e-08   0.00e+00 
 1.06145970221146e-08   0.00e+00 
 1.06151549021271e-08   0.00e+00 
 1.06157127830785e-08   0.00e+00 
 1.06162706649688e-08   0.00e+00 
 1.06168285477979e-08   0.00e+00 
 1.06173864315657e-08   0.00e+00 
 1.06179443162720e-08   0.00e+00 
 1.06185022019168e-08   0.00e+00 
 1.06190600884999e-08   0.00e+00 
 1.06196179760214e-08   0.00e+00 
 1.06201758644810e-08   0.00e+00 
 1.06207337538786e-08   0.00e+00 
 1.06212916442143e-08   0.00e+00 
 1.06218495354878e-08   0.00e+00 
 1.06224074276990e-08   0.00e+00 
 1.06229653208480e-08   0.00e+00 
 1.06235232149345e-08   0.00e+00 
 1.06240811099585e-08   0.00e+00 
 1.06246390059198e-08   0.00e+00 
 1.06251969028184e-08   0.00e+00 
 1.06257548006542e-08   0.00e+00 
 1.06263126994271e-08   0.00e+00 
 1.06268705991369e-08   0.00e+00 
 1.06274284997836e-08   0.00e+00 
 1.06279864013671e-08   0.00e+00 
 1.06285443038873e-08   0.00e+00 
 1.06291022073440e-08   0.00e+00 
 1.06296601117372e-08   0.00e+00 
 1.06302180170667e-08   0.00e+00 
 1.06307759233326e-08   0.00e+00 
 1.06313338305346e-08   0.00e+00 
 1.06318917386727e-08   0.00e+00 
 1.06324496477467e-08   0.00e+00 
 1.06330075577566e-08   0.00e+00 
 1.06335654687024e-08   0.00e+00 
 1.06341233805837e-08   0.00e+00 
 1.06346812934007e-08   0.00e+00 
 1.06352392071531e-08   0.00e+00 
 1.06357971218409e-08   0.00e+00 
 1.06363550374640e-08   0.00e+00 
 1.06369129540222e-08   0.00e+00 
 1.06374708715155e-08   0.00e+00 
 1.06380287899438e-08   0.00e+00 
 1.06385867093070e-08   0.00e+00 
 1.06391446296049e-08   0.00e+00 
 1.06397025508375e-08   0.00e+00 
 1.06402604730047e-08   0.00e+00 
 1.06408183961064e-08   0.00e+00 
 1.06413763201424e-08   0.00e+00 
 1.06419342451127e-08   0.00e+00 
 1.06424921710172e-08   0.00e+00 
 1.06430500978558e-08   0.00e+00 
 1.06436080256283e-08   0.00e+00 
 1.06441659543347e-08   0.00e+00 
 1.06447238839749e-08   0.00e+00 
 1.06452818145488e-08   0.00e+00 
 1.06458397460562e-08   0.00e+00 
 1.06463976784971e-08   0.00e+00 
 1.06469556118714e-08   0.00e+00 
 1.06475135461790e-08   0.00e+00 
 1.06480714814197e-08   0.00e+00 
 1.06486294175935e-08   0.00e+00 
 1.06491873547003e-08   0.00e+00 
 1.06497452927400e-08   0.00e+00 
 1.06503032317124e-08   0.00e+00 
 1.06508611716175e-08   0.00e+00 
 1.06514191124552e-08   0.00e+00 
 1.06519770542253e-08   0.00e+00 
 1.06525349969279e-08   0.00e+00 
 1.06530929405627e-08   0.00e+00 
 1.06536508851297e-08   0.00e+00 
 1.06542088306287e-08   0.00e+00 
 1.06547667770598e-08   0.00e+00 
 1.06553247244227e-08   0.00e+00 
 1.06558826727174e-08   0.00e+00 
 1.06564406219438e-08   0.00e+00 
 1.06569985721017e-08   0.00e+00 
 1.06575565231911e-08   0.00e+00 
 1.06581144752119e-08   0.00e+00 
 1.06586724281640e-08   0.00e+00 
 1.06592303820472e-08   0.00e+00 
 1.06597883368615e-08   0.00e+00 
 1.06603462926068e-08   0.00e+00 
 1.06609042492830e-08   0.00e+00 
 1.06614622068900e-08   0.00e+00 
 1.06620201654276e-08   0.00e+00 
 1.06625781248958e-08   0.00e+00 
 1.06631360852945e-08   0.00e+00 
 1.06636940466235e-08   0.00e+00 
 1.06642520088829e-08   0.00e+00 
 1.06648099720724e-08   0.00e+00 
 1.06653679361919e-08   0.00e+00 
 1.06659259012415e-08   0.00e+00 
 1.06664838672209e-08   0.00e+00 
 1.06670418341301e-08   0.00e+00 
 1.06675998019690e-08   0.00e+00 
 1.06681577707375e-08   0.00e+00 
 1.06687157404354e-08   0.00e+00 
 1.06692737110628e-08   0.00e+00 
 1.06698316826193e-08   0.00e+00 
 1.06703896551051e-08   0.00e+00 
 1.06709476285200e-08   0.00e+00 
 1.06715056028638e-08   0.00e+00 
 1.06720635781365e-08   0.00e+00 
 1.06726215543380e-08   0.00e+00 
 1.06731795314681e-08   0.00e+00 
 1.06737375095268e-08   0.00e+00 
 1.06742954885140e-08   0.00e+00 
 1.06748534684296e-08   0.00e+00 
 1.06754114492735e-08   0.00e+00 
 1.06759694310455e-08   0.00e+00 
 1.06765274137456e-08   0.00e+00 
 1.06770853973737e-08   0.00e+00 
 1.06776433819297e-08   0.00e+00 
 1.06782013674134e-08   0.00e+00 
 1.06787593538248e-08   0.00e+00 
 1.06793173411638e-08   0.00e+00 
 1.06798753294303e-08   0.00e+00 
 1.06804333186242e-08   0.00e+00 
 1.06809913087453e-08   0.00e+00 
 1.06815492997936e-08   0.00e+00 
 1.06821072917690e-08   0.00e+00 
 1.06826652846713e-08   0.00e+00 
 1.06832232785006e-08   0.00e+00 
 1.06837812732566e-08   0.00e+00 
 1.06843392689393e-08   0.00e+00 
 1.06848972655485e-08   0.00e+00 
 1.06854552630843e-08   0.00e+00 
 1.06860132615464e-08   0.00e+00 
 1.06865712609348e-08   0.00e+00 
 1.06871292612494e-08   0.00e+00 
 1.06876872624900e-08   0.00e+00 
 1.06882452646567e-08   0.00e+00 
 1.06888032677492e-08   0.00e+00 
 1.06893612717674e-08   0.00e+00 
 1.06899192767114e-08   0.00e+00 
 1.06904772825809e-08   0.00e+00 
 1.06910352893760e-08   0.00e+00 
 1.06915932970963e-08   0.00e+00 
 1.06921513057420e-08   0.00e+00 
 1.06927093153129e-08   0.00e+00 
 1.06932673258088e-08   0.00e+00 
 1.06938253372297e-08   0.00e+00 
 1.06943833495755e-08   0.00e+00 
 1.06949413628460e-08   0.00e+00 
 1.06954993770412e-08   0.00e+00 
 1.06960573921611e-08   0.00e+00 
 1.06966154082053e-08   0.00e+00 
 1.06971734251740e-08   0.00e+00 
 1.06977314430669e-08   0.00e+00 
 1.06982894618841e-08   0.00e+00 
 1.06988474816252e-08   0.00e+00 
 1.06994055022904e-08   0.00e+00 
 1.06999635238795e-08   0.00e+00 
 1.07005215463923e-08   0.00e+00 
 1.07010795698288e-08   0.00e+00 
 1.07016375941888e-08   0.00e+00 
 1.07021956194724e-08   0.00e+00 
 1.07027536456793e-08   0.00e+00 
 1.07033116728095e-08   0.00e+00 
 1.07038697008629e-08   0.00e+00 
 1.07044277298393e-08   0.00e+00 
 1.07049857597388e-08   0.00e+00 
 1.07055437905611e-08   0.00e+00 
 1.07061018223062e-08   0.00e+00 
 1.07066598549739e-08   0.00e+00 
 1.07072178885642e-08   0.00e+00 
 1.07077759230770e-08   0.00e+00 
 1.07083339585122e-08   0.00e+00 
 1.07088919948697e-08   0.00e+00 
 1.07094500321493e-08   0.00e+00 
 1.07100080703510e-08   0.00e+00 
 1.07105661094747e-08   0.00e+00 
 1.07111241495202e-08   0.00e+00 
 1.07116821904876e-08   0.00e+00 
 1.07122402323765e-08   0.00e+00 
 1.07127982751871e-08   0.00e+00 
 1.07133563189192e-08   0.00e+00 
 1.07139143635726e-08   0.00e+00 
 1.07144724091473e-08   0.00e+00 
 1.07150304556431e-08   0.00e+00 
 1.07155885030601e-08   0.00e+00 
 1.07161465513980e-08   0.00e+00 
 1.07167046006567e-08   0.00e+00 
 1.07172626508363e-08   0.00e+00 
 1.07178207019365e-08   0.00e+00 
 1.07183787539573e-08   0.00e+00 
 1.07189368068986e-08   0.00e+00 
 1.07194948607602e-08   0.00e+00 
 1.07200529155421e-08   0.00e+00 
 1.07206109712442e-08   0.00e+00 
 1.07211690278663e-08   0.00e+00 
 1.07217270854084e-08   0.00e+00 
 1.07222851438704e-08   0.00e+00 
 1.07228432032521e-08   0.00e+00 
 1.07234012635536e-08   0.00e+00 
 1.07239593247745e-08   0.00e+00 
 1.07245173869150e-08   0.00e+00 
 1.07250754499748e-08   0.00e+00 
 1.07256335139539e-08   0.00e+00 
 1.07261915788521e-08   0.00e+00 
 1.07267496446694e-08   0.00e+00 
 1.07273077114057e-08   0.00e+00 
 1.07278657790609e-08   0.00e+00 
 1.07284238476348e-08   0.00e+00 
 1.07289819171273e-08   0.00e+00 
 1.07295399875385e-08   0.00e+00 
 1.07300980588681e-08   0.00e+00 
 1.07306561311160e-08   0.00e+00 
 1.07312142042822e-08   0.00e+00 
 1.07317722783666e-08   0.00e+00 
 1.07323303533691e-08   0.00e+00 
 1.07328884292895e-08   0.00e+00 
 1.07334465061277e-08   0.00e+00 
 1.07340045838837e-08   0.00e+00 
 1.07345626625574e-08   0.00e+00 
 1.07351207421486e-08   0.00e+00 
 1.07356788226573e-08   0.00e+00 
 1.07362369040834e-08   0.00e+00 
 1.07367949864267e-08   0.00e+00 
 1.07373530696871e-08   0.00e+00 
 1.07379111538646e-08   0.00e+00 
 1.07384692389591e-08   0.00e+00 
 1.07390273249704e-08   0.00e+00 
 1.07395854118985e-08   0.00e+00 
 1.07401434997432e-08   0.00e+00 
 1.07407015885045e-08   0.00e+00 
 1.07412596781822e-08   0.00e+00 
 1.07418177687763e-08   0.00e+00 
 1.07423758602866e-08   0.00e+00 
 1.07429339527131e-08   0.00e+00 
 1.07434920460556e-08   0.00e+00 
 1.07440501403141e-08   0.00e+00 
 1.07446082354884e-08   0.00e+00 
 1.07451663315784e-08   0.00e+00 
 1.07457244285841e-08   0.00e+00 
 1.07462825265053e-08   0.00e+00 
 1.07468406253420e-08   0.00e+00 
 1.07473987250940e-08   0.00e+00 
 1.07479568257613e-08   0.00e+00 
 1.07485149273437e-08   0.00e+00 
 1.07490730298411e-08   0.00e+00 
 1.07496311332535e-08   0.00e+00 
 1.07501892375807e-08   0.00e+00 
 1.07507473428227e-08   0.00e+00 
 1.07513054489792e-08   0.00e+00 
 1.07518635560504e-08   0.00e+00 
 1.07524216640359e-08   0.00e+00 
 1.07529797729358e-08   0.00e+00 
 1.07535378827499e-08   0.00e+00 
 1.07540959934781e-08   0.00e+00 
 1.07546541051204e-08   0.00e+00 
 1.07552122176766e-08   0.00e+00 
 1.07557703311466e-08   0.00e+00 
 1.07563284455303e-08   0.00e+00 
 1.07568865608277e-08   0.00e+00 
 1.07574446770386e-08   0.00e+00 
 1.07580027941629e-08   0.00e+00 
 1.07585609122005e-08   0.00e+00 
 1.07591190311514e-08   0.00e+00 
 1.07596771510153e-08   0.00e+00 
 1.07602352717923e-08   0.00e+00 
 1.07607933934822e-08   0.00e+00 
 1.07613515160849e-08   0.00e+00 
 1.07619096396004e-08   0.00e+00 
 1.07624677640284e-08   0.00e+00 
 1.07630258893689e-08   0.00e+00 
 1.07635840156219e-08   0.00e+00 
 1.07641421427872e-08   0.00e+00 
 1.07647002708646e-08   0.00e+00 
 1.07652583998542e-08   0.00e+00 
 1.07658165297558e-08   0.00e+00 
 1.07663746605693e-08   0.00e+00 
 1.07669327922945e-08   0.00e+00 
 1.07674909249315e-08   0.00e+00 
 1.07680490584801e-08   0.00e+00 
 1.07686071929402e-08   0.00e+00 
 1.07691653283116e-08   0.00e+00 
 1.07697234645944e-08   0.00e+00 
 1.07702816017884e-08   0.00e+00 
 1.07708397398934e-08   0.00e+00 
 1.07713978789094e-08   0.00e+00 
 1.07719560188364e-08   0.00e+00 
 1.07725141596741e-08   0.00e+00 
 1.07730723014225e-08   0.00e+00 
 1.07736304440814e-08   0.00e+00 
 1.07741885876509e-08   0.00e+00 
 1.07747467321307e-08   0.00e+00 
 1.07753048775209e-08   0.00e+00 
 1.07758630238212e-08   0.00e+00 
 1.07764211710315e-08   0.00e+00 
 1.07769793191519e-08   0.00e+00 
 1.07775374681821e-08   0.00e+00 
 1.07780956181221e-08   0.00e+00 
 1.07786537689717e-08   0.00e+00 
 1.07792119207309e-08   0.00e+00 
 1.07797700733996e-08   0.00e+00 
 1.07803282269777e-08   0.00e+00 
 1.07808863814650e-08   0.00e+00 
 1.07814445368614e-08   0.00e+00 
 1.07820026931670e-08   0.00e+00 
 1.07825608503815e-08   0.00e+00 
 1.07831190085048e-08   0.00e+00 
 1.07836771675369e-08   0.00e+00 
 1.07842353274776e-08   0.00e+00 
 1.07847934883269e-08   0.00e+00 
 1.07853516500847e-08   0.00e+00 
 1.07859098127508e-08   0.00e+00 
 1.07864679763251e-08   0.00e+00 
 1.07870261408076e-08   0.00e+00 
 1.07875843061981e-08   0.00e+00 
 1.07881424724966e-08   0.00e+00 
 1.07887006397028e-08   0.00e+00 
 1.07892588078169e-08   0.00e+00 
 1.07898169768385e-08   0.00e+00 
 1.07903751467677e-08   0.00e+00 
 1.07909333176044e-08   0.00e+00 
 1.07914914893483e-08   0.00e+00 
 1.07920496619995e-08   0.00e+00 
 1.07926078355578e-08   0.00e+00 
 1.07931660100231e-08   0.00e+00 
 1.07937241853953e-08   0.00e+00 
 1.07942823616744e-08   0.00e+00 
 1.07948405388602e-08   0.00e+00 
 1.07953987169526e-08   0.00e+00 
 1.07959568959515e-08   0.00e+00 
 1.07965150758568e-08   0.00e+00 
 1.07970732566684e-08   0.00e+00 
 1.07976314383862e-08   0.00e+00 
 1.07981896210101e-08   0.00e+00 
 1.07987478045401e-08   0.00e+00 
 1.07993059889759e-08   0.00e+00 
 1.07998641743175e-08   0.00e+00 
 1.08004223605648e-08   0.00e+00 
 1.08009805477178e-08   0.00e+00 
 1.08015387357762e-08   0.00e+00 
 1.08020969247400e-08   0.00e+00 
 1.08026551146091e-08   0.00e+00 
 1.08032133053833e-08   0.00e+00 
 1.08037714970627e-08   0.00e+00 
 1.08043296896470e-08   0.00e+00 
 1.08048878831362e-08   0.00e+00 
 1.08054460775302e-08   0.00e+00 
 1.08060042728289e-08   0.00e+00 
 1.08065624690321e-08   0.00e+00 
 1.08071206661399e-08   0.00e+00 
 1.08076788641519e-08   0.00e+00 
 1.08082370630683e-08   0.00e+00 
 1.08087952628888e-08   0.00e+00 
 1.08093534636134e-08   0.00e+00 
 1.08099116652419e-08   0.00e+00 
 1.08104698677743e-08   0.00e+00 
 1.08110280712105e-08   0.00e+00 
 1.08115862755503e-08   0.00e+00 
 1.08121444807936e-08   0.00e+00 
 1.08127026869404e-08   0.00e+00 
 1.08132608939906e-08   0.00e+00 
 1.08138191019440e-08   0.00e+00 
 1.08143773108005e-08   0.00e+00 
 1.08149355205601e-08   0.00e+00 
 1.08154937312227e-08   0.00e+00 
 1.08160519427880e-08   0.00e+00 
 1.08166101552561e-08   0.00e+00 
 1.08171683686269e-08   0.00e+00 
 1.08177265829001e-08   0.00e+00 
 1.08182847980758e-08   0.00e+00 
 1.08188430141538e-08   0.00e+00 
 1.08194012311341e-08   0.00e+00 
 1.08199594490164e-08   0.00e+00 
 1.08205176678008e-08   0.00e+00 
 1.08210758874871e-08   0.00e+00 
 1.08216341080752e-08   0.00e+00 
 1.08221923295651e-08   0.00e+00 
 1.08227505519565e-08   0.00e+00 
 1.08233087752495e-08   0.00e+00 
 1.08238669994438e-08   0.00e+00 
 1.08244252245395e-08   0.00e+00 
 1.08249834505364e-08   0.00e+00 
 1.08255416774343e-08   0.00e+00 
 1.08260999052333e-08   0.00e+00 
 1.08266581339332e-08   0.00e+00 
 1.08272163635338e-08   0.00e+00 
 1.08277745940352e-08   0.00e+00 
 1.08283328254371e-08   0.00e+00 
 1.08288910577395e-08   0.00e+00 
 1.08294492909424e-08   0.00e+00 
 1.08300075250455e-08   0.00e+00 
 1.08305657600487e-08   0.00e+00 
 1.08311239959521e-08   0.00e+00 
 1.08316822327554e-08   0.00e+00 
 1.08322404704587e-08   0.00e+00 
 1.08327987090616e-08   0.00e+00 
 1.08333569485643e-08   0.00e+00 
 1.08339151889665e-08   0.00e+00 
 1.08344734302682e-08   0.00e+00 
 1.08350316724693e-08   0.00e+00 
 1.08355899155696e-08   0.00e+00 
 1.08361481595691e-08   0.00e+00 
 1.08367064044676e-08   0.00e+00 
 1.08372646502651e-08   0.00e+00 
 1.08378228969615e-08   0.00e+00 
 1.08383811445566e-08   0.00e+00 
 1.08389393930504e-08   0.00e+00 
 1.08394976424427e-08   0.00e+00 
 1.08400558927334e-08   0.00e+00 
 1.08406141439225e-08   0.00e+00 
 1.08411723960099e-08   0.00e+00 
 1.08417306489953e-08   0.00e+00 
 1.08422889028789e-08   0.00e+00 
 1.08428471576603e-08   0.00e+00 
 1.08434054133396e-08   0.00e+00 
 1.08439636699167e-08   0.00e+00 
 1.08445219273913e-08   0.00e+00 
 1.08450801857635e-08   0.00e+00 
 1.08456384450331e-08   0.00e+00 
 1.08461967052000e-08   0.00e+00 
 1.08467549662642e-08   0.00e+00 
 1.08473132282255e-08   0.00e+00 
 1.08478714910838e-08   0.00e+00 
 1.08484297548390e-08   0.00e+00 
 1.08489880194910e-08   0.00e+00 
 1.08495462850398e-08   0.00e+00 
 1.08501045514851e-08   0.00e+00 
 1.08506628188270e-08   0.00e+00 
 1.08512210870653e-08   0.00e+00 
 1.08517793561999e-08   0.00e+00 
 1.08523376262307e-08   0.00e+00 
 1.08528958971576e-08   0.00e+00 
 1.08534541689804e-08   0.00e+00 
 1.08540124416992e-08   0.00e+00 
 1.08545707153138e-08   0.00e+00 
 1.08551289898241e-08   0.00e+00 
 1.08556872652300e-08   0.00e+00 
 1.08562455415314e-08   0.00e+00 
 1.08568038187281e-08   0.00e+00 
 1.08573620968202e-08   0.00e+00 
 1.08579203758074e-08   0.00e+00 
 1.08584786556897e-08   0.00e+00 
 1.08590369364670e-08   0.00e+00 
 1.08595952181392e-08   0.00e+00 
 1.08601535007062e-08   0.00e+00 
 1.08607117841678e-08   0.00e+00 
 1.08612700685240e-08   0.00e+00 
 1.08618283537747e-08   0.00e+00 
 1.08623866399198e-08   0.00e+00 
 1.08629449269591e-08   0.00e+00 
 1.08635032148926e-08   0.00e+00 
 1.08640615037202e-08   0.00e+00 
 1.08646197934417e-08   0.00e+00 
 1.08651780840571e-08   0.00e+00 
 1.08657363755663e-08   0.00e+00 
 1.08662946679691e-08   0.00e+00 
 1.08668529612655e-08   0.00e+00 
 1.08674112554554e-08   0.00e+00 
 1.08679695505386e-08   0.00e+00 
 1.08685278465151e-08   0.00e+00 
 1.08690861433847e-08   0.00e+00 
 1.08696444411474e-08   0.00e+00 
 1.08702027398030e-08   0.00e+00 
 1.08707610393515e-08   0.00e+00 
 1.08713193397927e-08   0.00e+00 
 1.08718776411266e-08   0.00e+00 
 1.08724359433530e-08   0.00e+00 
 1.08729942464718e-08   0.00e+00 
 1.08735525504830e-08   0.00e+00 
 1.08741108553865e-08   0.00e+00 
 1.08746691611821e-08   0.00e+00 
 1.08752274678697e-08   0.00e+00 
 1.08757857754493e-08   0.00e+00 
 1.08763440839207e-08   0.00e+00 
 1.08769023932838e-08   0.00e+00 
 1.08774607035386e-08   0.00e+00 
 1.08780190146849e-08   0.00e+00 
 1.08785773267226e-08   0.00e+00 
 1.08791356396517e-08   0.00e+00 
 1.08796939534720e-08   0.00e+00 
 1.08802522681834e-08   0.00e+00 
 1.08808105837858e-08   0.00e+00 
 1.08813689002792e-08   0.00e+00 
 1.08819272176634e-08   0.00e+00 
 1.08824855359383e-08   0.00e+00 
 1.08830438551039e-08   0.00e+00 
 1.08836021751599e-08   0.00e+00 
 1.08841604961064e-08   0.00e+00 
 1.08847188179432e-08   0.00e+00 
 1.08852771406702e-08   0.00e+00 
 1.08858354642873e-08   0.00e+00 
 1.08863937887945e-08   0.00e+00 
 1.08869521141915e-08   0.00e+00 
 1.08875104404784e-08   0.00e+00 
 1.08880687676550e-08   0.00e+00 
 1.08886270957212e-08   0.00e+00 
 1.08891854246769e-08   0.00e+00 
 1.08897437545220e-08   0.00e+00 
 1.08903020852564e-08   0.00e+00 
 1.08908604168800e-08   0.00e+00 
 1.08914187493928e-08   0.00e+00 
 1.08919770827945e-08   0.00e+00 
 1.08925354170851e-08   0.00e+00 
 1.08930937522646e-08   0.00e+00 
 1.08936520883327e-08   0.00e+00 
 1.08942104252894e-08   0.00e+00 
 1.08947687631347e-08   0.00e+00 
 1.08953271018683e-08   0.00e+00 
 1.08958854414903e-08   0.00e+00 
 1.08964437820004e-08   0.00e+00 
 1.08970021233986e-08   0.00e+00 
 1.08975604656849e-08   0.00e+00 
 1.08981188088590e-08   0.00e+00 
 1.08986771529209e-08   0.00e+00 
 1.08992354978705e-08   0.00e+00 
 1.08997938437077e-08   0.00e+00 
 1.09003521904324e-08   0.00e+00 
 1.09009105380445e-08   0.00e+00 
 1.09014688865439e-08   0.00e+00 
 1.09020272359304e-08   0.00e+00 
 1.09025855862041e-08   0.00e+00 
 1.09031439373647e-08   0.00e+00 
 1.09037022894122e-08   0.00e+00 
 1.09042606423466e-08   0.00e+00 
 1.09048189961676e-08   0.00e+00 
 1.09053773508752e-08   0.00e+00 
 1.09059357064692e-08   0.00e+00 
 1.09064940629497e-08   0.00e+00 
 1.09070524203164e-08   0.00e+00 
 1.09076107785693e-08   0.00e+00 
 1.09081691377083e-08   0.00e+00 
 1.09087274977333e-08   0.00e+00 
 1.09092858586442e-08   0.00e+00 
 1.09098442204408e-08   0.00e+00 
 1.09104025831231e-08   0.00e+00 
 1.09109609466910e-08   0.00e+00 
 1.09115193111444e-08   0.00e+00 
 1.09120776764832e-08   0.00e+00 
 1.09126360427072e-08   0.00e+00 
 1.09131944098164e-08   0.00e+00 
 1.09137527778107e-08   0.00e+00 
 1.09143111466899e-08   0.00e+00 
 1.09148695164541e-08   0.00e+00 
 1.09154278871030e-08   0.00e+00 
 1.09159862586365e-08   0.00e+00 
 1.09165446310547e-08   0.00e+00 
 1.09171030043573e-08   0.00e+00 
 1.09176613785443e-08   0.00e+00 
 1.09182197536156e-08   0.00e+00 
 1.09187781295710e-08   0.00e+00 
 1.09193365064106e-08   0.00e+00 
 1.09198948841340e-08   0.00e+00 
 1.09204532627414e-08   0.00e+00 
 1.09210116422325e-08   0.00e+00 
 1.09215700226073e-08   0.00e+00 
 1.09221284038657e-08   0.00e+00 
 1.09226867860075e-08   0.00e+00 
 1.09232451690327e-08   0.00e+00 
 1.09238035529411e-08   0.00e+00 
 1.09243619377328e-08   0.00e+00 
 1.09249203234074e-08   0.00e+00 
 1.09254787099651e-08   0.00e+00 
 1.09260370974056e-08   0.00e+00 
 1.09265954857289e-08   0.00e+00 
 1.09271538749349e-08   0.00e+00 
 1.09277122650234e-08   0.00e+00 
 1.09282706559944e-08   0.00e+00 
 1.09288290478477e-08   0.00e+00 
 1.09293874405833e-08   0.00e+00 
 1.09299458342011e-08   0.00e+00 
 1.09305042287009e-08   0.00e+00 
 1.09310626240827e-08   0.00e+00 
 1.09316210203464e-08   0.00e+00 
 1.09321794174918e-08   0.00e+00 
 1.09327378155189e-08   0.00e+00 
 1.09332962144275e-08   0.00e+00 
 1.09338546142176e-08   0.00e+00 
 1.09344130148891e-08   0.00e+00 
 1.09349714164418e-08   0.00e+00 
 1.09355298188757e-08   0.00e+00 
 1.09360882221906e-08   0.00e+00 
 1.09366466263865e-08   0.00e+00 
 1.09372050314632e-08   0.00e+00 
 1.09377634374208e-08   0.00e+00 
 1.09383218442589e-08   0.00e+00 
 1.09388802519777e-08   0.00e+00 
 1.09394386605768e-08   0.00e+00 
 1.09399970700564e-08   0.00e+00 
 1.09405554804162e-08   0.00e+00 
 1.09411138916561e-08   0.00e+00 
 1.09416723037761e-08   0.00e+00 
 1.09422307167761e-08   0.00e+00 
 1.09427891306559e-08   0.00e+00 
 1.09433475454155e-08   0.00e+00 
 1.09439059610547e-08   0.00e+00 
 1.09444643775735e-08   0.00e+00 
 1.09450227949717e-08   0.00e+00 
 1.09455812132493e-08   0.00e+00 
 1.09461396324062e-08   0.00e+00 
 1.09466980524422e-08   0.00e+00 
 1.09472564733572e-08   0.00e+00 
 1.09478148951512e-08   0.00e+00 
 1.09483733178241e-08   0.00e+00 
 1.09489317413757e-08   0.00e+00 
 1.09494901658059e-08   0.00e+00 
 1.09500485911147e-08   0.00e+00 
 1.09506070173020e-08   0.00e+00 
 1.09511654443676e-08   0.00e+00 
 1.09517238723114e-08   0.00e+00 
 1.09522823011335e-08   0.00e+00 
 1.09528407308335e-08   0.00e+00 
 1.09533991614115e-08   0.00e+00 
 1.09539575928674e-08   0.00e+00 
 1.09545160252010e-08   0.00e+00 
 1.09550744584122e-08   0.00e+00 
 1.09556328925010e-08   0.00e+00 
 1.09561913274673e-08   0.00e+00 
 1.09567497633109e-08   0.00e+00 
 1.09573082000317e-08   0.00e+00 
 1.09578666376297e-08   0.00e+00 
 1.09584250761047e-08   0.00e+00 
 1.09589835154567e-08   0.00e+00 
 1.09595419556855e-08   0.00e+00 
 1.09601003967911e-08   0.00e+00 
 1.09606588387733e-08   0.00e+00 
 1.09612172816321e-08   0.00e+00 
 1.09617757253673e-08   0.00e+00 
 1.09623341699788e-08   0.00e+00 
 1.09628926154666e-08   0.00e+00 
 1.09634510618305e-08   0.00e+00 
 1.09640095090705e-08   0.00e+00 
 1.09645679571864e-08   0.00e+00 
 1.09651264061782e-08   0.00e+00 
 1.09656848560457e-08   0.00e+00 
 1.09662433067888e-08   0.00e+00 
 1.09668017584075e-08   0.00e+00 
 1.09673602109016e-08   0.00e+00 
 1.09679186642711e-08   0.00e+00 
 1.09684771185158e-08   0.00e+00 
 1.09690355736357e-08   0.00e+00 
 1.09695940296305e-08   0.00e+00 
 1.09701524865004e-08   0.00e+00 
 1.09707109442450e-08   0.00e+00 
 1.09712694028644e-08   0.00e+00 
 1.09718278623585e-08   0.00e+00 
 1.09723863227270e-08   0.00e+00 
 1.09729447839700e-08   0.00e+00 
 1.09735032460874e-08   0.00e+00 
 1.09740617090790e-08   0.00e+00 
 1.09746201729447e-08   0.00e+00 
 1.09751786376844e-08   0.00e+00 
 1.09757371032981e-08   0.00e+00 
 1.09762955697856e-08   0.00e+00 
 1.09768540371469e-08   0.00e+00 
 1.09774125053818e-08   0.00e+00 
 1.09779709744902e-08   0.00e+00 
 1.09785294444721e-08   0.00e+00 
 1.09790879153273e-08   0.00e+00 
 1.09796463870557e-08   0.00e+00 
 1.09802048596572e-08   0.00e+00 
 1.09807633331318e-08   0.00e+00 
 1.09813218074793e-08   0.00e+00 
 1.09818802826997e-08   0.00e+00 
 1.09824387587927e-08   0.00e+00 
 1.09829972357584e-08   0.00e+00 
 1.09835557135967e-08   0.00e+00 
 1.09841141923073e-08   0.00e+00 
 1.09846726718903e-08   0.00e+00 
 1.09852311523455e-08   0.00e+00 
 1.09857896336729e-08   0.00e+00 
 1.09863481158722e-08   0.00e+00 
 1.09869065989435e-08   0.00e+00 
 1.09874650828867e-08   0.00e+00 
 1.09880235677015e-08   0.00e+00 
 1.09885820533880e-08   0.00e+00 
 1.09891405399459e-08   0.00e+00 
 1.09896990273754e-08   0.00e+00 
 1.09902575156761e-08   0.00e+00 
 1.09908160048481e-08   0.00e+00 
 1.09913744948911e-08   0.00e+00 
 1.09919329858052e-08   0.00e+00 
 1.09924914775903e-08   0.00e+00 
 1.09930499702461e-08   0.00e+00 
 1.09936084637727e-08   0.00e+00 
 1.09941669581699e-08   0.00e+00 
 1.09947254534376e-08   0.00e+00 
 1.09952839495757e-08   0.00e+00 
 1.09958424465841e-08   0.00e+00 
 1.09964009444628e-08   0.00e+00 
 1.09969594432115e-08   0.00e+00 
 1.09975179428303e-08   0.00e+00 
 1.09980764433190e-08   0.00e+00 
 1.09986349446776e-08   0.00e+00 
 1.09991934469058e-08   0.00e+00 
 1.09997519500036e-08   0.00e+00 
 1.10003104539710e-08   0.00e+00 
 1.10008689588078e-08   0.00e+00 
 1.10014274645139e-08   0.00e+00 
 1.10019859710892e-08   0.00e+00 
 1.10025444785336e-08   0.00e+00 
 1.10031029868470e-08   0.00e+00 
 1.10036614960294e-08   0.00e+00 
 1.10042200060805e-08   0.00e+00 
 1.10047785170004e-08   0.00e+00 
 1.10053370287889e-08   0.00e+00 
 1.10058955414458e-08   0.00e+00 
 1.10064540549712e-08   0.00e+00 
 1.10070125693649e-08   0.00e+00 
 1.10075710846268e-08   0.00e+00 
 1.10081296007568e-08   0.00e+00 
 1.10086881177548e-08   0.00e+00 
 1.10092466356208e-08   0.00e+00 
 1.10098051543545e-08   0.00e+00 
 1.10103636739559e-08   0.00e+00 
 1.10109221944250e-08   0.00e+00 
 1.10114807157615e-08   0.00e+00 
 1.10120392379654e-08   0.00e+00 
 1.10125977610367e-08   0.00e+00 
 1.10131562849751e-08   0.00e+00 
 1.10137148097807e-08   0.00e+00 
 1.10142733354532e-08   0.00e+00 
 1.10148318619927e-08   0.00e+00 
 1.10153903893989e-08   0.00e+00 
 1.10159489176719e-08   0.00e+00 
 1.10165074468115e-08   0.00e+00 
 1.10170659768175e-08   0.00e+00 
 1.10176245076900e-08   0.00e+00 
 1.10181830394287e-08   0.00e+00 
 1.10187415720337e-08   0.00e+00 
 1.10193001055047e-08   0.00e+00 
 1.10198586398418e-08   0.00e+00 
 1.10204171750447e-08   0.00e+00 
 1.10209757111134e-08   0.00e+00 
 1.10215342480479e-08   0.00e+00 
 1.10220927858479e-08   0.00e+00 
 1.10226513245134e-08   0.00e+00 
 1.10232098640443e-08   0.00e+00 
 1.10237684044405e-08   0.00e+00 
 1.10243269457019e-08   0.00e+00 
 1.10248854878284e-08   0.00e+00 
 1.10254440308199e-08   0.00e+00 
 1.10260025746763e-08   0.00e+00 
 1.10265611193975e-08   0.00e+00 
 1.10271196649834e-08   0.00e+00 
 1.10276782114338e-08   0.00e+00 
 1.10282367587488e-08   0.00e+00 
 1.10287953069281e-08   0.00e+00 
 1.10293538559717e-08   0.00e+00 
 1.10299124058796e-08   0.00e+00 
 1.10304709566515e-08   0.00e+00 
 1.10310295082874e-08   0.00e+00 
 1.10315880607872e-08   0.00e+00 
 1.10321466141508e-08   0.00e+00 
 1.10327051683780e-08   0.00e+00 
 1.10332637234689e-08   0.00e+00 
 1.10338222794232e-08   0.00e+00 
 1.10343808362410e-08   0.00e+00 
 1.10349393939220e-08   0.00e+00 
 1.10354979524662e-08   0.00e+00 
 1.10360565118735e-08   0.00e+00 
 1.10366150721438e-08   0.00e+00 
 1.10371736332770e-08   0.00e+00 
 1.10377321952729e-08   0.00e+00 
 1.10382907581316e-08   0.00e+00 
 1.10388493218528e-08   0.00e+00 
 1.10394078864365e-08   0.00e+00 
 1.10399664518826e-08   0.00e+00 
 1.10405250181910e-08   0.00e+00 
 1.10410835853616e-08   0.00e+00 
 1.10416421533943e-08   0.00e+00 
 1.10422007222889e-08   0.00e+00 
 1.10427592920455e-08   0.00e+00 
 1.10433178626638e-08   0.00e+00 
 1.10438764341438e-08   0.00e+00 
 1.10444350064854e-08   0.00e+00 
 1.10449935796884e-08   0.00e+00 
 1.10455521537529e-08   0.00e+00 
 1.10461107286786e-08   0.00e+00 
 1.10466693044656e-08   0.00e+00 
 1.10472278811136e-08   0.00e+00 
 1.10477864586226e-08   0.00e+00 
 1.10483450369925e-08   0.00e+00 
 1.10489036162232e-08   0.00e+00 
 1.10494621963145e-08   0.00e+00 
 1.10500207772665e-08   0.00e+00 
 1.10505793590789e-08   0.00e+00 
 1.10511379417517e-08   0.00e+00 
 1.10516965252848e-08   0.00e+00 
 1.10522551096781e-08   0.00e+00 
 1.10528136949315e-08   0.00e+00 
 1.10533722810449e-08   0.00e+00 
 1.10539308680181e-08   0.00e+00 
 1.10544894558512e-08   0.00e+00 
 1.10550480445439e-08   0.00e+00 
 1.10556066340962e-08   0.00e+00 
 1.10561652245080e-08   0.00e+00 
 1.10567238157792e-08   0.00e+00 
 1.10572824079097e-08   0.00e+00 
 1.10578410008993e-08   0.00e+00 
 1.10583995947481e-08   0.00e+00 
 1.10589581894558e-08   0.00e+00 
 1.10595167850224e-08   0.00e+00 
 1.10600753814479e-08   0.00e+00 
 1.10606339787320e-08   0.00e+00 
 1.10611925768747e-08   0.00e+00 
 1.10617511758759e-08   0.00e+00 
 1.10623097757355e-08   0.00e+00 
 1.10628683764534e-08   0.00e+00 
 1.10634269780294e-08   0.00e+00 
 1.10639855804636e-08   0.00e+00 
 1.10645441837558e-08   0.00e+00 
 1.10651027879058e-08   0.00e+00 
 1.10656613929137e-08   0.00e+00 
 1.10662199987792e-08   0.00e+00 
 1.10667786055023e-08   0.00e+00 
 1.10673372130830e-08   0.00e+00 
 1.10678958215210e-08   0.00e+00 
 1.10684544308164e-08   0.00e+00 
 1.10690130409689e-08   0.00e+00 
 1.10695716519785e-08   0.00e+00 
 1.10701302638451e-08   0.00e+00 
 1.10706888765687e-08   0.00e+00 
 1.10712474901490e-08   0.00e+00 
 1.10718061045861e-08   0.00e+00 
 1.10723647198797e-08   0.00e+00 
 1.10729233360298e-08   0.00e+00 
 1.10734819530364e-08   0.00e+00 
 1.10740405708992e-08   0.00e+00 
 1.10745991896183e-08   0.00e+00 
 1.10751578091935e-08   0.00e+00 
 1.10757164296246e-08   0.00e+00 
 1.10762750509117e-08   0.00e+00 
 1.10768336730546e-08   0.00e+00 
 1.10773922960532e-08   0.00e+00 
 1.10779509199075e-08   0.00e+00 
 1.10785095446172e-08   0.00e+00 
 1.10790681701823e-08   0.00e+00 
 1.10796267966028e-08   0.00e+00 
 1.10801854238785e-08   0.00e+00 
 1.10807440520093e-08   0.00e+00 
 1.10813026809951e-08   0.00e+00 
 1.10818613108358e-08   0.00e+00 
 1.10824199415314e-08   0.00e+00 
 1.10829785730817e-08   0.00e+00 
 1.10835372054866e-08   0.00e+00 
 1.10840958387460e-08   0.00e+00 
 1.10846544728599e-08   0.00e+00 
 1.10852131078280e-08   0.00e+00 
 1.10857717436504e-08   0.00e+00 
 1.10863303803270e-08   0.00e+00 
 1.10868890178575e-08   0.00e+00 
 1.10874476562420e-08   0.00e+00 
 1.10880062954804e-08   0.00e+00 
 1.10885649355725e-08   0.00e+00 
 1.10891235765182e-08   0.00e+00 
 1.10896822183174e-08   0.00e+00 
 1.10902408609701e-08   0.00e+00 
 1.10907995044761e-08   0.00e+00 
 1.10913581488354e-08   0.00e+00 
 1.10919167940478e-08   0.00e+00 
 1.10924754401133e-08   0.00e+00 
 1.10930340870317e-08   0.00e+00 
 1.10935927348029e-08   0.00e+00 
 1.10941513834269e-08   0.00e+00 
 1.10947100329036e-08   0.00e+00 
 1.10952686832328e-08   0.00e+00 
 1.10958273344144e-08   0.00e+00 
 1.10963859864485e-08   0.00e+00 
 1.10969446393347e-08   0.00e+00 
 1.10975032930732e-08   0.00e+00 
 1.10980619476637e-08   0.00e+00 
 1.10986206031062e-08   0.00e+00 
 1.10991792594005e-08   0.00e+00 
 1.10997379165466e-08   0.00e+00 
 1.11002965745444e-08   0.00e+00 
 1.11008552333937e-08   0.00e+00 
 1.11014138930945e-08   0.00e+00 
 1.11019725536467e-08   0.00e+00 
 1.11025312150502e-08   0.00e+00 
 1.11030898773048e-08   0.00e+00 
 1.11036485404106e-08   0.00e+00 
 1.11042072043673e-08   0.00e+00 
 1.11047658691749e-08   0.00e+00 
 1.11053245348333e-08   0.00e+00 
 1.11058832013423e-08   0.00e+00 
 1.11064418687020e-08   0.00e+00 
 1.11070005369121e-08   0.00e+00 
 1.11075592059727e-08   0.00e+00 
 1.11081178758835e-08   0.00e+00 
 1.11086765466446e-08   0.00e+00 
 1.11092352182557e-08   0.00e+00 
 1.11097938907169e-08   0.00e+00 
 1.11103525640280e-08   0.00e+00 
 1.11109112381888e-08   0.00e+00 
 1.11114699131994e-08   0.00e+00 
 1.11120285890596e-08   0.00e+00 
 1.11125872657693e-08   0.00e+00 
 1.11131459433285e-08   0.00e+00 
 1.11137046217369e-08   0.00e+00 
 1.11142633009946e-08   0.00e+00 
 1.11148219811014e-08   0.00e+00 
 1.11153806620572e-08   0.00e+00 
 1.11159393438619e-08   0.00e+00 
 1.11164980265155e-08   0.00e+00 
 1.11170567100178e-08   0.00e+00 
 1.11176153943688e-08   0.00e+00 
 1.11181740795683e-08   0.00e+00 
 1.11187327656162e-08   0.00e+00 
 1.11192914525125e-08   0.00e+00 
 1.11198501402570e-08   0.00e+00 
 1.11204088288497e-08   0.00e+00 
 1.11209675182904e-08   0.00e+00 
 1.11215262085791e-08   0.00e+00 
 1.11220848997156e-08   0.00e+00 
 1.11226435916999e-08   0.00e+00 
 1.11232022845319e-08   0.00e+00 
 1.11237609782114e-08   0.00e+00 
 1.11243196727384e-08   0.00e+00 
 1.11248783681128e-08   0.00e+00 
 1.11254370643344e-08   0.00e+00 
 1.11259957614032e-08   0.00e+00 
 1.11265544593191e-08   0.00e+00 
 1.11271131580820e-08   0.00e+00 
 1.11276718576917e-08   0.00e+00 
 1.11282305581482e-08   0.00e+00 
 1.11287892594515e-08   0.00e+00 
 1.11293479616013e-08   0.00e+00 
 1.11299066645976e-08   0.00e+00 
 1.11304653684403e-08   0.00e+00 
 1.11310240731293e-08   0.00e+00 
 1.11315827786645e-08   0.00e+00 
 1.11321414850458e-08   0.00e+00 
 1.11327001922732e-08   0.00e+00 
 1.11332589003464e-08   0.00e+00 
 1.11338176092654e-08   0.00e+00 
 1.11343763190302e-08   0.00e+00 
 1.11349350296406e-08   0.00e+00 
 1.11354937410965e-08   0.00e+00 
 1.11360524533978e-08   0.00e+00 
 1.11366111665445e-08   0.00e+00 
 1.11371698805364e-08   0.00e+00 
 1.11377285953734e-08   0.00e+00 
 1.11382873110555e-08   0.00e+00 
 1.11388460275825e-08   0.00e+00 
 1.11394047449543e-08   0.00e+00 
 1.11399634631709e-08   0.00e+00 
 1.11405221822321e-08   0.00e+00 
 1.11410809021379e-08   0.00e+00 
 1.11416396228881e-08   0.00e+00 
 1.11421983444827e-08   0.00e+00 
 1.11427570669216e-08   0.00e+00 
 1.11433157902046e-08   0.00e+00 
 1.11438745143317e-08   0.00e+00 
 1.11444332393027e-08   0.00e+00 
 1.11449919651177e-08   0.00e+00 
 1.11455506917764e-08   0.00e+00 
 1.11461094192787e-08   0.00e+00 
 1.11466681476247e-08   0.00e+00 
 1.11472268768141e-08   0.00e+00 
 1.11477856068469e-08   0.00e+00 
 1.11483443377231e-08   0.00e+00 
 1.11489030694424e-08   0.00e+00 
 1.11494618020048e-08   0.00e+00 
 1.11500205354102e-08   0.00e+00 
 1.11505792696584e-08   0.00e+00 
 1.11511380047495e-08   0.00e+00 
 1.11516967406834e-08   0.00e+00 
 1.11522554774598e-08   0.00e+00 
 1.11528142150787e-08   0.00e+00 
 1.11533729535400e-08   0.00e+00 
 1.11539316928437e-08   0.00e+00 
 1.11544904329896e-08   0.00e+00 
 1.11550491739776e-08   0.00e+00 
 1.11556079158076e-08   0.00e+00 
 1.11561666584796e-08   0.00e+00 
 1.11567254019933e-08   0.00e+00 
 1.11572841463489e-08   0.00e+00 
 1.11578428915460e-08   0.00e+00 
 1.11584016375847e-08   0.00e+00 
 1.11589603844649e-08   0.00e+00 
 1.11595191321864e-08   0.00e+00 
 1.11600778807491e-08   0.00e+00 
 1.11606366301530e-08   0.00e+00 
 1.11611953803979e-08   0.00e+00 
 1.11617541314838e-08   0.00e+00 
 1.11623128834106e-08   0.00e+00 
 1.11628716361781e-08   0.00e+00 
 1.11634303897863e-08   0.00e+00 
 1.11639891442350e-08   0.00e+00 
 1.11645478995243e-08   0.00e+00 
 1.11651066556539e-08   0.00e+00 
 1.11656654126237e-08   0.00e+00 
 1.11662241704338e-08   0.00e+00 
 1.11667829290839e-08   0.00e+00 
 1.11673416885740e-08   0.00e+00 
 1.11679004489040e-08   0.00e+00 
 1.11684592100738e-08   0.00e+00 
 1.11690179720833e-08   0.00e+00 
 1.11695767349323e-08   0.00e+00 
 1.11701354986209e-08   0.00e+00 
 1.11706942631489e-08   0.00e+00 
 1.11712530285161e-08   0.00e+00 
 1.11718117947226e-08   0.00e+00 
 1.11723705617682e-08   0.00e+00 
 1.11729293296527e-08   0.00e+00 
 1.11734880983762e-08   0.00e+00 
 1.11740468679385e-08   0.00e+00 
 1.11746056383395e-08   0.00e+00 
 1.11751644095792e-08   0.00e+00 
 1.11757231816573e-08   0.00e+00 
 1.11762819545738e-08   0.00e+00 
 1.11768407283287e-08   0.00e+00 
 1.11773995029218e-08   0.00e+00 
 1.11779582783531e-08   0.00e+00 
 1.11785170546223e-08   0.00e+00 
 1.11790758317295e-08   0.00e+00 
 1.11796346096745e-08   0.00e+00 
 1.11801933884573e-08   0.00e+00 
 1.11807521680777e-08   0.00e+00 
 1.11813109485356e-08   0.00e+00 
 1.11818697298310e-08   0.00e+00 
 1.11824285119637e-08   0.00e+00 
 1.11829872949336e-08   0.00e+00 
 1.11835460787407e-08   0.00e+00 
 1.11841048633848e-08   0.00e+00 
 1.11846636488659e-08   0.00e+00 
 1.11852224351839e-08   0.00e+00 
 1.11857812223385e-08   0.00e+00 
 1.11863400103299e-08   0.00e+00 
 1.11868987991578e-08   0.00e+00 
 1.11874575888221e-08   0.00e+00 
 1.11880163793228e-08   0.00e+00 
 1.11885751706597e-08   0.00e+00 
 1.11891339628328e-08   0.00e+00 
 1.11896927558420e-08   0.00e+00 
 1.11902515496871e-08   0.00e+00 
 1.11908103443681e-08   0.00e+00 
 1.11913691398849e-08   0.00e+00 
 1.11919279362373e-08   0.00e+00 
 1.11924867334252e-08   0.00e+00 
 1.11930455314487e-08   0.00e+00 
 1.11936043303075e-08   0.00e+00 
 1.11941631300015e-08   0.00e+00 
 1.11947219305308e-08   0.00e+00 
 1.11952807318950e-08   0.00e+00 
 1.11958395340943e-08   0.00e+00 
 1.11963983371284e-08   0.00e+00 
 1.11969571409973e-08   0.00e+00 
 1.11975159457009e-08   0.00e+00 
 1.11980747512390e-08   0.00e+00 
 1.11986335576116e-08   0.00e+00 
 1.11991923648186e-08   0.00e+00 
 1.11997511728598e-08   0.00e+00 
 1.12003099817352e-08   0.00e+00 
 1.12008687914447e-08   0.00e+00 
 1.12014276019881e-08   0.00e+00 
 1.12019864133654e-08   0.00e+00 
 1.12025452255765e-08   0.00e+00 
 1.12031040386212e-08   0.00e+00 
 1.12036628524995e-08   0.00e+00 
 1.12042216672113e-08   0.00e+00 
 1.12047804827564e-08   0.00e+00 
 1.12053392991348e-08   0.00e+00 
 1.12058981163464e-08   0.00e+00 
 1.12064569343910e-08   0.00e+00 
 1.12070157532686e-08   0.00e+00 
 1.12075745729790e-08   0.00e+00 
 1.12081333935222e-08   0.00e+00 
 1.12086922148981e-08   0.00e+00 
 1.12092510371065e-08   0.00e+00 
 1.12098098601474e-08   0.00e+00 
 1.12103686840206e-08   0.00e+00 
 1.12109275087261e-08   0.00e+00 
 1.12114863342637e-08   0.00e+00 
 1.12120451606334e-08   0.00e+00 
 1.12126039878350e-08   0.00e+00 
 1.12131628158685e-08   0.00e+00 
 1.12137216447337e-08   0.00e+00 
 1.12142804744305e-08   0.00e+00 
 1.12148393049589e-08   0.00e+00 
 1.12153981363187e-08   0.00e+00 
 1.12159569685099e-08   0.00e+00 
 1.12165158015323e-08   0.00e+00 
 1.12170746353858e-08   0.00e+00 
 1.12176334700704e-08   0.00e+00 
 1.12181923055858e-08   0.00e+00 
 1.12187511419321e-08   0.00e+00 
 1.12193099791091e-08   0.00e+00 
 1.12198688171168e-08   0.00e+00 
 1.12204276559549e-08   0.00e+00 
 1.12209864956234e-08   0.00e+00 
 1.12215453361223e-08   0.00e+00 
 1.12221041774513e-08   0.00e+00 
 1.12226630196105e-08   0.00e+00 
 1.12232218625996e-08   0.00e+00 
 1.12237807064186e-08   0.00e+00 
 1.12243395510675e-08   0.00e+00 
 1.12248983965460e-08   0.00e+00 
 1.12254572428540e-08   0.00e+00 
 1.12260160899916e-08   0.00e+00 
 1.12265749379585e-08   0.00e+00 
 1.12271337867547e-08   0.00e+00 
 1.12276926363800e-08   0.00e+00 
 1.12282514868344e-08   0.00e+00 
 1.12288103381178e-08   0.00e+00 
 1.12293691902300e-08   0.00e+00 
 1.12299280431709e-08   0.00e+00 
 1.12304868969405e-08   0.00e+00 
 1.12310457515386e-08   0.00e+00 
 1.12316046069651e-08   0.00e+00 
 1.12321634632199e-08   0.00e+00 
 1.12327223203030e-08   0.00e+00 
 1.12332811782142e-08   0.00e+00 
 1.12338400369533e-08   0.00e+00 
 1.12343988965204e-08   0.00e+00 
 1.12349577569152e-08   0.00e+00 
 1.12355166181377e-08   0.00e+00 
 1.12360754801878e-08   0.00e+00 
 1.12366343430654e-08   0.00e+00 
 1.12371932067703e-08   0.00e+00 
 1.12377520713025e-08   0.00e+00 
 1.12383109366619e-08   0.00e+00 
 1.12388698028482e-08   0.00e+00 
 1.12394286698616e-08   0.00e+00 
 1.12399875377017e-08   0.00e+00 
 1.12405464063685e-08   0.00e+00 
 1.12411052758620e-08   0.00e+00 
 1.12416641461820e-08   0.00e+00 
 1.12422230173283e-08   0.00e+00 
 1.12427818893010e-08   0.00e+00 
 1.12433407620998e-08   0.00e+00 
 1.12438996357247e-08   0.00e+00 
 1.12444585101755e-08   0.00e+00 
 1.12450173854522e-08   0.00e+00 
 1.12455762615547e-08   0.00e+00 
 1.12461351384828e-08   0.00e+00 
 1.12466940162364e-08   0.00e+00 
 1.12472528948154e-08   0.00e+00 
 1.12478117742197e-08   0.00e+00 
 1.12483706544492e-08   0.00e+00 
 1.12489295355038e-08   0.00e+00 
 1.12494884173834e-08   0.00e+00 
 1.12500473000878e-08   0.00e+00 
 1.12506061836170e-08   0.00e+00 
 1.12511650679709e-08   0.00e+00 
 1.12517239531492e-08   0.00e+00 
 1.12522828391520e-08   0.00e+00 
 1.12528417259791e-08   0.00e+00 
 1.12534006136304e-08   0.00e+00 
 1.12539595021058e-08   0.00e+00 
 1.12545183914052e-08   0.00e+00 
 1.12550772815284e-08   0.00e+00 
 1.12556361724754e-08   0.00e+00 
 1.12561950642460e-08   0.00e+00 
 1.12567539568402e-08   0.00e+00 
 1.12573128502577e-08   0.00e+00 
 1.12578717444986e-08   0.00e+00 
 1.12584306395627e-08   0.00e+00 
 1.12589895354498e-08   0.00e+00 
 1.12595484321599e-08   0.00e+00 
 1.12601073296929e-08   0.00e+00 
 1.12606662280486e-08   0.00e+00 
 1.12612251272269e-08   0.00e+00 
 1.12617840272277e-08   0.00e+00 
 1.12623429280509e-08   0.00e+00 
 1.12629018296964e-08   0.00e+00 
 1.12634607321641e-08   0.00e+00 
 1.12640196354538e-08   0.00e+00 
 1.12645785395655e-08   0.00e+00 
 1.12651374444989e-08   0.00e+00 
 1.12656963502541e-08   0.00e+00 
 1.12662552568309e-08   0.00e+00 
 1.12668141642291e-08   0.00e+00 
 1.12673730724487e-08   0.00e+00 
 1.12679319814896e-08   0.00e+00 
 1.12684908913515e-08   0.00e+00 
 1.12690498020345e-08   0.00e+00 
 1.12696087135384e-08   0.00e+00 
 1.12701676258631e-08   0.00e+00 
 1.12707265390084e-08   0.00e+00 
 1.12712854529742e-08   0.00e+00 
 1.12718443677605e-08   0.00e+00 
 1.12724032833671e-08   0.00e+00 
 1.12729621997939e-08   0.00e+00 
 1.12735211170408e-08   0.00e+00 
 1.12740800351076e-08   0.00e+00 
 1.12746389539942e-08   0.00e+00 
 1.12751978737006e-08   0.00e+00 
 1.12757567942265e-08   0.00e+00 
 1.12763157155719e-08   0.00e+00 
 1.12768746377367e-08   0.00e+00 
 1.12774335607208e-08   0.00e+00 
 1.12779924845239e-08   0.00e+00 
 1.12785514091460e-08   0.00e+00 
 1.12791103345871e-08   0.00e+00 
 1.12796692608468e-08   0.00e+00 
 1.12802281879253e-08   0.00e+00 
 1.12807871158222e-08   0.00e+00 
 1.12813460445375e-08   0.00e+00 
 1.12819049740711e-08   0.00e+00 
 1.12824639044229e-08   0.00e+00 
 1.12830228355927e-08   0.00e+00 
 1.12835817675804e-08   0.00e+00 
 1.12841407003858e-08   0.00e+00 
 1.12846996340090e-08   0.00e+00 
 1.12852585684497e-08   0.00e+00 
 1.12858175037078e-08   0.00e+00 
 1.12863764397832e-08   0.00e+00 
 1.12869353766757e-08   0.00e+00 
 1.12874943143853e-08   0.00e+00 
 1.12880532529119e-08   0.00e+00 
 1.12886121922552e-08   0.00e+00 
 1.12891711324152e-08   0.00e+00 
 1.12897300733918e-08   0.00e+00 
 1.12902890151848e-08   0.00e+00 
 1.12908479577940e-08   0.00e+00 
 1.12914069012195e-08   0.00e+00 
 1.12919658454610e-08   0.00e+00 
 1.12925247905184e-08   0.00e+00 
 1.12930837363917e-08   0.00e+00 
 1.12936426830806e-08   0.00e+00 
 1.12942016305850e-08   0.00e+00 
 1.12947605789049e-08   0.00e+00 
 1.12953195280400e-08   0.00e+00 
 1.12958784779903e-08   0.00e+00 
 1.12964374287557e-08   0.00e+00 
 1.12969963803359e-08   0.00e+00 
 1.12975553327309e-08   0.00e+00 
 1.12981142859406e-08   0.00e+00 
 1.12986732399648e-08   0.00e+00 
 1.12992321948034e-08   0.00e+00 
 1.12997911504563e-08   0.00e+00 
 1.13003501069233e-08   0.00e+00 
 1.13009090642043e-08   0.00e+00 
 1.13014680222991e-08   0.00e+00 
 1.13020269812077e-08   0.00e+00 
 1.13025859409300e-08   0.00e+00 
 1.13031449014657e-08   0.00e+00 
 1.13037038628148e-08   0.00e+00 
 1.13042628249770e-08   0.00e+00 
 1.13048217879524e-08   0.00e+00 
 1.13053807517407e-08   0.00e+00 
 1.13059397163419e-08   0.00e+00 
 1.13064986817557e-08   0.00e+00 
 1.13070576479821e-08   0.00e+00 
 1.13076166150210e-08   0.00e+00 
 1.13081755828721e-08   0.00e+00 
 1.13087345515354e-08   0.00e+00 
 1.13092935210107e-08   0.00e+00 
 1.13098524912979e-08   0.00e+00 
 1.13104114623969e-08   0.00e+00 
 1.13109704343075e-08   0.00e+00 
 1.13115294070296e-08   0.00e+00 
 1.13120883805630e-08   0.00e+00 
 1.13126473549076e-08   0.00e+00 
 1.13132063300634e-08   0.00e+00 
 1.13137653060300e-08   0.00e+00 
 1.13143242828075e-08   0.00e+00 
 1.13148832603957e-08   0.00e+00 
 1.13154422387944e-08   0.00e+00 
 1.13160012180035e-08   0.00e+00 
 1.13165601980229e-08   0.00e+00 
 1.13171191788524e-08   0.00e+00 
 1.13176781604918e-08   0.00e+00 
 1.13182371429412e-08   0.00e+00 
 1.13187961262002e-08   0.00e+00 
 1.13193551102688e-08   0.00e+00 
 1.13199140951468e-08   0.00e+00 
 1.13204730808342e-08   0.00e+00 
 1.13210320673306e-08   0.00e+00 
 1.13215910546361e-08   0.00e+00 
 1.13221500427505e-08   0.00e+00 
 1.13227090316736e-08   0.00e+00 
 1.13232680214053e-08   0.00e+00 
 1.13238270119454e-08   0.00e+00 
 1.13243860032938e-08   0.00e+00 
 1.13249449954505e-08   0.00e+00 
 1.13255039884151e-08   0.00e+00 
 1.13260629821876e-08   0.00e+00 
 1.13266219767679e-08   0.00e+00 
 1.13271809721557e-08   0.00e+00 
 1.13277399683510e-08   0.00e+00 
 1.13282989653536e-08   0.00e+00 
 1.13288579631634e-08   0.00e+00 
 1.13294169617801e-08   0.00e+00 
 1.13299759612038e-08   0.00e+00 
 1.13305349614342e-08   0.00e+00 
 1.13310939624712e-08   0.00e+00 
 1.13316529643146e-08   0.00e+00 
 1.13322119669643e-08   0.00e+00 
 1.13327709704202e-08   0.00e+00 
 1.13333299746820e-08   0.00e+00 
 1.13338889797498e-08   0.00e+00 
 1.13344479856232e-08   0.00e+00 
 1.13350069923022e-08   0.00e+00 
 1.13355659997866e-08   0.00e+00 
 1.13361250080762e-08   0.00e+00 
 1.13366840171710e-08   0.00e+00 
 1.13372430270707e-08   0.00e+00 
 1.13378020377753e-08   0.00e+00 
 1.13383610492845e-08   0.00e+00 
 1.13389200615982e-08   0.00e+00 
 1.13394790747163e-08   0.00e+00 
 1.13400380886387e-08   0.00e+00 
 1.13405971033651e-08   0.00e+00 
 1.13411561188954e-08   0.00e+00 
 1.13417151352295e-08   0.00e+00 
 1.13422741523671e-08   0.00e+00 
 1.13428331703083e-08   0.00e+00 
 1.13433921890527e-08   0.00e+00 
 1.13439512086004e-08   0.00e+00 
 1.13445102289510e-08   0.00e+00 
 1.13450692501045e-08   0.00e+00 
 1.13456282720606e-08   0.00e+00 
 1.13461872948193e-08   0.00e+00 
 1.13467463183804e-08   0.00e+00 
 1.13473053427438e-08   0.00e+00 
 1.13478643679092e-08   0.00e+00 
 1.13484233938765e-08   0.00e+00 
 1.13489824206456e-08   0.00e+00 
 1.13495414482163e-08   0.00e+00 
 1.13501004765885e-08   0.00e+00 
 1.13506595057619e-08   0.00e+00 
 1.13512185357366e-08   0.00e+00 
 1.13517775665121e-08   0.00e+00 
 1.13523365980886e-08   0.00e+00 
 1.13528956304657e-08   0.00e+00 
 1.13534546636433e-08   0.00e+00 
 1.13540136976212e-08   0.00e+00 
 1.13545727323994e-08   0.00e+00 
 1.13551317679775e-08   0.00e+00 
 1.13556908043556e-08   0.00e+00 
 1.13562498415334e-08   0.00e+00 
 1.13568088795107e-08   0.00e+00 
 1.13573679182874e-08   0.00e+00 
 1.13579269578633e-08   0.00e+00 
 1.13584859982383e-08   0.00e+00 
 1.13590450394123e-08   0.00e+00 
 1.13596040813849e-08   0.00e+00 
 1.13601631241562e-08   0.00e+00 
 1.13607221677259e-08   0.00e+00 
 1.13612812120938e-08   0.00e+00 
 1.13618402572598e-08   0.00e+00 
 1.13623993032238e-08   0.00e+00 
 1.13629583499855e-08   0.00e+00 
 1.13635173975448e-08   0.00e+00 
 1.13640764459016e-08   0.00e+00 
 1.13646354950556e-08   0.00e+00 
 1.13651945450067e-08   0.00e+00 
 1.13657535957548e-08   0.00e+00 
 1.13663126472997e-08   0.00e+00 
 1.13668716996411e-08   0.00e+00 
 1.13674307527790e-08   0.00e+00 
 1.13679898067132e-08   0.00e+00 
 1.13685488614435e-08   0.00e+00 
 1.13691079169697e-08   0.00e+00 
 1.13696669732916e-08   0.00e+00 
 1.13702260304092e-08   0.00e+00 
 1.13707850883222e-08   0.00e+00 
 1.13713441470305e-08   0.00e+00 
 1.13719032065339e-08   0.00e+00 
 1.13724622668321e-08   0.00e+00 
 1.13730213279252e-08   0.00e+00 
 1.13735803898128e-08   0.00e+00 
 1.13741394524948e-08   0.00e+00 
 1.13746985159710e-08   0.00e+00 
 1.13752575802413e-08   0.00e+00 
 1.13758166453055e-08   0.00e+00 
 1.13763757111635e-08   0.00e+00 
 1.13769347778149e-08   0.00e+00 
 1.13774938452598e-08   0.00e+00 
 1.13780529134978e-08   0.00e+00 
 1.13786119825289e-08   0.00e+00 
 1.13791710523528e-08   0.00e+00 
 1.13797301229693e-08   0.00e+00 
 1.13802891943784e-08   0.00e+00 
 1.13808482665798e-08   0.00e+00 
 1.13814073395734e-08   0.00e+00 
 1.13819664133589e-08   0.00e+00 
 1.13825254879362e-08   0.00e+00 
 1.13830845633051e-08   0.00e+00 
 1.13836436394655e-08   0.00e+00 
 1.13842027164171e-08   0.00e+00 
 1.13847617941598e-08   0.00e+00 
 1.13853208726934e-08   0.00e+00 
 1.13858799520177e-08   0.00e+00 
 1.13864390321326e-08   0.00e+00 
 1.13869981130379e-08   0.00e+00 
 1.13875571947333e-08   0.00e+00 
 1.13881162772187e-08   0.00e+00 
 1.13886753604940e-08   0.00e+00 
 1.13892344445589e-08   0.00e+00 
 1.13897935294132e-08   0.00e+00 
 1.13903526150569e-08   0.00e+00 
 1.13909117014896e-08   0.00e+00 
 1.13914707887113e-08   0.00e+00 
 1.13920298767216e-08   0.00e+00 
 1.13925889655206e-08   0.00e+00 
 1.13931480551078e-08   0.00e+00 
 1.13937071454833e-08   0.00e+00 
 1.13942662366468e-08   0.00e+00 
 1.13948253285980e-08   0.00e+00 
 1.13953844213369e-08   0.00e+00 
 1.13959435148632e-08   0.00e+00 
 1.13965026091768e-08   0.00e+00 
 1.13970617042775e-08   0.00e+00 
 1.13976208001650e-08   0.00e+00 
 1.13981798968392e-08   0.00e+00 
 1.13987389942999e-08   0.00e+00 
 1.13992980925470e-08   0.00e+00 
 1.13998571915801e-08   0.00e+00 
 1.14004162913992e-08   0.00e+00 
 1.14009753920041e-08   0.00e+00 
 1.14015344933945e-08   0.00e+00 
 1.14020935955702e-08   0.00e+00 
 1.14026526985312e-08   0.00e+00 
 1.14032118022771e-08   0.00e+00 
 1.14037709068079e-08   0.00e+00 
 1.14043300121232e-08   0.00e+00 
 1.14048891182230e-08   0.00e+00 
 1.14054482251070e-08   0.00e+00 
 1.14060073327750e-08   0.00e+00 
 1.14065664412268e-08   0.00e+00 
 1.14071255504623e-08   0.00e+00 
 1.14076846604813e-08   0.00e+00 
 1.14082437712835e-08   0.00e+00 
 1.14088028828687e-08   0.00e+00 
 1.14093619952368e-08   0.00e+00 
 1.14099211083876e-08   0.00e+00 
 1.14104802223209e-08   0.00e+00 
 1.14110393370364e-08   0.00e+00 
 1.14115984525341e-08   0.00e+00 
 1.14121575688136e-08   0.00e+00 
 1.14127166858748e-08   0.00e+00 
 1.14132758037175e-08   0.00e+00 
 1.14138349223415e-08   0.00e+00 
 1.14143940417466e-08   0.00e+00 
 1.14149531619326e-08   0.00e+00 
 1.14155122828992e-08   0.00e+00 
 1.14160714046464e-08   0.00e+00 
 1.14166305271739e-08   0.00e+00 
 1.14171896504815e-08   0.00e+00 
 1.14177487745689e-08   0.00e+00 
 1.14183078994361e-08   0.00e+00 
 1.14188670250828e-08   0.00e+00 
 1.14194261515087e-08   0.00e+00 
 1.14199852787138e-08   0.00e+00 
 1.14205444066977e-08   0.00e+00 
 1.14211035354603e-08   0.00e+00 
 1.14216626650015e-08   0.00e+00 
 1.14222217953208e-08   0.00e+00 
 1.14227809264183e-08   0.00e+00 
 1.14233400582936e-08   0.00e+00 
 1.14238991909466e-08   0.00e+00 
 1.14244583243771e-08   0.00e+00 
 1.14250174585848e-08   0.00e+00 
 1.14255765935696e-08   0.00e+00 
 1.14261357293312e-08   0.00e+00 
 1.14266948658694e-08   0.00e+00 
 1.14272540031841e-08   0.00e+00 
 1.14278131412750e-08   0.00e+00 
 1.14283722801419e-08   0.00e+00 
 1.14289314197846e-08   0.00e+00 
 1.14294905602030e-08   0.00e+00 
 1.14300497013967e-08   0.00e+00 
 1.14306088433655e-08   0.00e+00 
 1.14311679861094e-08   0.00e+00 
 1.14317271296280e-08   0.00e+00 
 1.14322862739212e-08   0.00e+00 
 1.14328454189887e-08   0.00e+00 
 1.14334045648303e-08   0.00e+00 
 1.14339637114458e-08   0.00e+00 
 1.14345228588351e-08   0.00e+00 
 1.14350820069978e-08   0.00e+00 
 1.14356411559338e-08   0.00e+00 
 1.14362003056429e-08   0.00e+00 
 1.14367594561248e-08   0.00e+00 
 1.14373186073794e-08   0.00e+00 
 1.14378777594064e-08   0.00e+00 
 1.14384369122056e-08   0.00e+00 
 1.14389960657768e-08   0.00e+00 
 1.14395552201197e-08   0.00e+00 
 1.14401143752343e-08   0.00e+00 
 1.14406735311201e-08   0.00e+00 
 1.14412326877771e-08   0.00e+00 
 1.14417918452051e-08   0.00e+00 
 1.14423510034037e-08   0.00e+00 
 1.14429101623728e-08   0.00e+00 
 1.14434693221121e-08   0.00e+00 
 1.14440284826215e-08   0.00e+00 
 1.14445876439007e-08   0.00e+00 
 1.14451468059495e-08   0.00e+00 
 1.14457059687677e-08   0.00e+00 
 1.14462651323551e-08   0.00e+00 
 1.14468242967114e-08   0.00e+00 
 1.14473834618364e-08   0.00e+00 
 1.14479426277299e-08   0.00e+00 
 1.14485017943917e-08   0.00e+00 
 1.14490609618216e-08   0.00e+00 
 1.14496201300192e-08   0.00e+00 
 1.14501792989845e-08   0.00e+00 
 1.14507384687172e-08   0.00e+00 
 1.14512976392171e-08   0.00e+00 
 1.14518568104839e-08   0.00e+00 
 1.14524159825174e-08   0.00e+00 
 1.14529751553174e-08   0.00e+00 
 1.14535343288837e-08   0.00e+00 
 1.14540935032160e-08   0.00e+00 
 1.14546526783142e-08   0.00e+00 
 1.14552118541779e-08   0.00e+00 
 1.14557710308070e-08   0.00e+00 
 1.14563302082012e-08   0.00e+00 
 1.14568893863604e-08   0.00e+00 
 1.14574485652842e-08   0.00e+00 
 1.14580077449725e-08   0.00e+00 
 1.14585669254250e-08   0.00e+00 
 1.14591261066415e-08   0.00e+00 
 1.14596852886218e-08   0.00e+00 
 1.14602444713656e-08   0.00e+00 
 1.14608036548727e-08   0.00e+00 
 1.14613628391429e-08   0.00e+00 
 1.14619220241760e-08   0.00e+00 
 1.14624812099717e-08   0.00e+00 
 1.14630403965297e-08   0.00e+00 
 1.14635995838500e-08   0.00e+00 
 1.14641587719321e-08   0.00e+00 
 1.14647179607759e-08   0.00e+00 
 1.14652771503812e-08   0.00e+00 
 1.14658363407478e-08   0.00e+00 
 1.14663955318753e-08   0.00e+00 
 1.14669547237636e-08   0.00e+00 
 1.14675139164124e-08   0.00e+00 
 1.14680731098215e-08   0.00e+00 
 1.14686323039906e-08   0.00e+00 
 1.14691914989196e-08   0.00e+00 
 1.14697506946081e-08   0.00e+00 
 1.14703098910560e-08   0.00e+00 
 1.14708690882630e-08   0.00e+00 
 1.14714282862289e-08   0.00e+00 
 1.14719874849534e-08   0.00e+00 
 1.14725466844364e-08   0.00e+00 
 1.14731058846774e-08   0.00e+00 
 1.14736650856765e-08   0.00e+00 
 1.14742242874332e-08   0.00e+00 
 1.14747834899473e-08   0.00e+00 
 1.14753426932187e-08   0.00e+00 
 1.14759018972470e-08   0.00e+00 
 1.14764611020320e-08   0.00e+00 
 1.14770203075735e-08   0.00e+00 
 1.14775795138713e-08   0.00e+00 
 1.14781387209251e-08   0.00e+00 
 1.14786979287347e-08   0.00e+00 
 1.14792571372997e-08   0.00e+00 
 1.14798163466201e-08   0.00e+00 
 1.14803755566955e-08   0.00e+00 
 1.14809347675257e-08   0.00e+00 
 1.14814939791104e-08   0.00e+00 
 1.14820531914494e-08   0.00e+00 
 1.14826124045425e-08   0.00e+00 
 1.14831716183895e-08   0.00e+00 
 1.14837308329900e-08   0.00e+00 
 1.14842900483438e-08   0.00e+00 
 1.14848492644507e-08   0.00e+00 
 1.14854084813104e-08   0.00e+00 
 1.14859676989228e-08   0.00e+00 
 1.14865269172875e-08   0.00e+00 
 1.14870861364043e-08   0.00e+00 
 1.14876453562729e-08   0.00e+00 
 1.14882045768931e-08   0.00e+00 
 1.14887637982647e-08   0.00e+00 
 1.14893230203874e-08   0.00e+00 
 1.14898822432610e-08   0.00e+00 
 1.14904414668852e-08   0.00e+00 
 1.14910006912597e-08   0.00e+00 
 1.14915599163844e-08   0.00e+00 
 1.14921191422589e-08   0.00e+00 
 1.14926783688830e-08   0.00e+00 
 1.14932375962565e-08   0.00e+00 
 1.14937968243791e-08   0.00e+00 
 1.14943560532505e-08   0.00e+00 
 1.14949152828706e-08   0.00e+00 
 1.14954745132390e-08   0.00e+00 
 1.14960337443555e-08   0.00e+00 
 1.14965929762199e-08   0.00e+00 
 1.14971522088318e-08   0.00e+00 
 1.14977114421911e-08   0.00e+00 
 1.14982706762975e-08   0.00e+00 
 1.14988299111508e-08   0.00e+00 
 1.14993891467506e-08   0.00e+00 
 1.14999483830967e-08   0.00e+00 
 1.15005076201889e-08   0.00e+00 
 1.15010668580269e-08   0.00e+00 
 1.15016260966105e-08   0.00e+00 
 1.15021853359394e-08   0.00e+00 
 1.15027445760133e-08   0.00e+00 
 1.15033038168320e-08   0.00e+00 
 1.15038630583952e-08   0.00e+00 
 1.15044223007028e-08   0.00e+00 
 1.15049815437543e-08   0.00e+00 
 1.15055407875496e-08   0.00e+00 
 1.15061000320884e-08   0.00e+00 
 1.15066592773704e-08   0.00e+00 
 1.15072185233955e-08   0.00e+00 
 1.15077777701632e-08   0.00e+00 
 1.15083370176734e-08   0.00e+00 
 1.15088962659258e-08   0.00e+00 
 1.15094555149202e-08   0.00e+00 
 1.15100147646562e-08   0.00e+00 
 1.15105740151337e-08   0.00e+00 
 1.15111332663523e-08   0.00e+00 
 1.15116925183118e-08   0.00e+00 
 1.15122517710119e-08   0.00e+00 
 1.15128110244524e-08   0.00e+00 
 1.15133702786331e-08   0.00e+00 
 1.15139295335535e-08   0.00e+00 
 1.15144887892136e-08   0.00e+00 
 1.15150480456129e-08   0.00e+00 
 1.15156073027514e-08   0.00e+00 
 1.15161665606286e-08   0.00e+00 
 1.15167258192443e-08   0.00e+00 
 1.15172850785983e-08   0.00e+00 
 1.15178443386903e-08   0.00e+00 
 1.15184035995200e-08   0.00e+00 
 1.15189628610872e-08   0.00e+00 
 1.15195221233916e-08   0.00e+00 
 1.15200813864329e-08   0.00e+00 
 1.15206406502109e-08   0.00e+00 
 1.15211999147253e-08   0.00e+00 
 1.15217591799758e-08   0.00e+00 
 1.15223184459621e-08   0.00e+00 
 1.15228777126841e-08   0.00e+00 
 1.15234369801413e-08   0.00e+00 
 1.15239962483337e-08   0.00e+00 
 1.15245555172608e-08   0.00e+00 
 1.15251147869224e-08   0.00e+00 
 1.15256740573183e-08   0.00e+00 
 1.15262333284481e-08   0.00e+00 
 1.15267926003117e-08   0.00e+00 
 1.15273518729087e-08   0.00e+00 
 1.15279111462388e-08   0.00e+00 
 1.15284704203019e-08   0.00e+00 
 1.15290296950975e-08   0.00e+00 
 1.15295889706255e-08   0.00e+00 
 1.15301482468856e-08   0.00e+00 
 1.15307075238775e-08   0.00e+00 
 1.15312668016009e-08   0.00e+00 
 1.15318260800556e-08   0.00e+00 
 1.15323853592412e-08   0.00e+00 
 1.15329446391576e-08   0.00e+00 
 1.15335039198044e-08   0.00e+00 
 1.15340632011813e-08   0.00e+00 
 1.15346224832882e-08   0.00e+00 
 1.15351817661246e-08   0.00e+00 
 1.15357410496904e-08   0.00e+00 
 1.15363003339853e-08   0.00e+00 
 1.15368596190089e-08   0.00e+00 
 1.15374189047610e-08   0.00e+00 
 1.15379781912414e-08   0.00e+00 
 1.15385374784497e-08   0.00e+00 
 1.15390967663857e-08   0.00e+00 
 1.15396560550491e-08   0.00e+00 
 1.15402153444396e-08   0.00e+00 
 1.15407746345570e-08   0.00e+00 
 1.15413339254009e-08   0.00e+00 
 1.15418932169711e-08   0.00e+00 
 1.15424525092674e-08   0.00e+00 
 1.15430118022893e-08   0.00e+00 
 1.15435710960367e-08   0.00e+00 
 1.15441303905093e-08   0.00e+00 
 1.15446896857067e-08   0.00e+00 
 1.15452489816288e-08   0.00e+00 
 1.15458082782752e-08   0.00e+00 
 1.15463675756456e-08   0.00e+00 
 1.15469268737398e-08   0.00e+00 
 1.15474861725575e-08   0.00e+00 
 1.15480454720984e-08   0.00e+00 
 1.15486047723622e-08   0.00e+00 
 1.15491640733487e-08   0.00e+00 
 1.15497233750575e-08   0.00e+00 
 1.15502826774884e-08   0.00e+00 
 1.15508419806410e-08   0.00e+00 
 1.15514012845152e-08   0.00e+00 
 1.15519605891106e-08   0.00e+00 
 1.15525198944269e-08   0.00e+00 
 1.15530792004639e-08   0.00e+00 
 1.15536385072213e-08   0.00e+00 
 1.15541978146987e-08   0.00e+00 
 1.15547571228959e-08   0.00e+00 
 1.15553164318127e-08   0.00e+00 
 1.15558757414487e-08   0.00e+00 
 1.15564350518036e-08   0.00e+00 
 1.15569943628771e-08   0.00e+00 
 1.15575536746691e-08   0.00e+00 
 1.15581129871791e-08   0.00e+00 
 1.15586723004069e-08   0.00e+00 
 1.15592316143523e-08   0.00e+00 
 1.15597909290148e-08   0.00e+00 
 1.15603502443943e-08   0.00e+00 
 1.15609095604904e-08   0.00e+00 
 1.15614688773029e-08   0.00e+00 
 1.15620281948315e-08   0.00e+00 
 1.15625875130758e-08   0.00e+00 
 1.15631468320356e-08   0.00e+00 
 1.15637061517106e-08   0.00e+00 
 1.15642654721005e-08   0.00e+00 
 1.15648247932051e-08   0.00e+00 
 1.15653841150240e-08   0.00e+00 
 1.15659434375569e-08   0.00e+00 
 1.15665027608035e-08   0.00e+00 
 1.15670620847637e-08   0.00e+00 
 1.15676214094369e-08   0.00e+00 
 1.15681807348231e-08   0.00e+00 
 1.15687400609219e-08   0.00e+00 
 1.15692993877329e-08   0.00e+00 
 1.15698587152559e-08   0.00e+00 
 1.15704180434907e-08   0.00e+00 
 1.15709773724368e-08   0.00e+00 
 1.15715367020941e-08   0.00e+00 
 1.15720960324622e-08   0.00e+00 
 1.15726553635408e-08   0.00e+00 
 1.15732146953297e-08   0.00e+00 
 1.15737740278286e-08   0.00e+00 
 1.15743333610370e-08   0.00e+00 
 1.15748926949549e-08   0.00e+00 
 1.15754520295818e-08   0.00e+00 
 1.15760113649174e-08   0.00e+00 
 1.15765707009615e-08   0.00e+00 
 1.15771300377139e-08   0.00e+00 
 1.15776893751741e-08   0.00e+00 
 1.15782487133418e-08   0.00e+00 
 1.15788080522169e-08   0.00e+00 
 1.15793673917990e-08   0.00e+00 
 1.15799267320877e-08   0.00e+00 
 1.15804860730829e-08   0.00e+00 
 1.15810454147841e-08   0.00e+00 
 1.15816047571912e-08   0.00e+00 
 1.15821641003037e-08   0.00e+00 
 1.15827234441215e-08   0.00e+00 
 1.15832827886442e-08   0.00e+00 
 1.15838421338715e-08   0.00e+00 
 1.15844014798031e-08   0.00e+00 
 1.15849608264387e-08   0.00e+00 
 1.15855201737781e-08   0.00e+00 
 1.15860795218208e-08   0.00e+00 
 1.15866388705667e-08   0.00e+00 
 1.15871982200154e-08   0.00e+00 
 1.15877575701666e-08   0.00e+00 
 1.15883169210200e-08   0.00e+00 
 1.15888762725754e-08   0.00e+00 
 1.15894356248323e-08   0.00e+00 
 1.15899949777906e-08   0.00e+00 
 1.15905543314499e-08   0.00e+00 
 1.15911136858099e-08   0.00e+00 
 1.15916730408703e-08   0.00e+00 
 1.15922323966308e-08   0.00e+00 
 1.15927917530911e-08   0.00e+00 
 1.15933511102510e-08   0.00e+00 
 1.15939104681100e-08   0.00e+00 
 1.15944698266679e-08   0.00e+00 
 1.15950291859245e-08   0.00e+00 
 1.15955885458793e-08   0.00e+00 
 1.15961479065321e-08   0.00e+00 
 1.15967072678826e-08   0.00e+00 
 1.15972666299305e-08   0.00e+00 
 1.15978259926755e-08   0.00e+00 
 1.15983853561172e-08   0.00e+00 
 1.15989447202555e-08   0.00e+00 
 1.15995040850898e-08   0.00e+00 
 1.16000634506201e-08   0.00e+00 
 1.16006228168459e-08   0.00e+00 
 1.16011821837670e-08   0.00e+00 
 1.16017415513830e-08   0.00e+00 
 1.16023009196936e-08   0.00e+00 
 1.16028602886986e-08   0.00e+00 
 1.16034196583976e-08   0.00e+00 
 1.16039790287903e-08   0.00e+00 
 1.16045383998765e-08   0.00e+00 
 1.16050977716557e-08   0.00e+00 
 1.16056571441278e-08   0.00e+00 
 1.16062165172924e-08   0.00e+00 
 1.16067758911491e-08   0.00e+00 
 1.16073352656978e-08   0.00e+00 
 1.16078946409380e-08   0.00e+00 
 1.16084540168695e-08   0.00e+00 
 1.16090133934919e-08   0.00e+00 
 1.16095727708050e-08   0.00e+00 
 1.16101321488084e-08   0.00e+00 
 1.16106915275019e-08   0.00e+00 
 1.16112509068851e-08   0.00e+00 
 1.16118102869577e-08   0.00e+00 
 1.16123696677194e-08   0.00e+00 
 1.16129290491699e-08   0.00e+00 
 1.16134884313089e-08   0.00e+00 
 1.16140478141361e-08   0.00e+00 
 1.16146071976511e-08   0.00e+00 
 1.16151665818537e-08   0.00e+00 
 1.16157259667436e-08   0.00e+00 
 1.16162853523203e-08   0.00e+00 
 1.16168447385838e-08   0.00e+00 
 1.16174041255335e-08   0.00e+00 
 1.16179635131692e-08   0.00e+00 
 1.16185229014907e-08   0.00e+00 
 1.16190822904975e-08   0.00e+00 
 1.16196416801894e-08   0.00e+00 
 1.16202010705660e-08   0.00e+00 
 1.16207604616271e-08   0.00e+00 
 1.16213198533723e-08   0.00e+00 
 1.16218792458014e-08   0.00e+00 
 1.16224386389139e-08   0.00e+00 
 1.16229980327097e-08   0.00e+00 
 1.16235574271884e-08   0.00e+00 
 1.16241168223496e-08   0.00e+00 
 1.16246762181931e-08   0.00e+00 
 1.16252356147185e-08   0.00e+00 
 1.16257950119255e-08   0.00e+00 
 1.16263544098139e-08   0.00e+00 
 1.16269138083833e-08   0.00e+00 
 1.16274732076334e-08   0.00e+00 
 1.16280326075638e-08   0.00e+00 
 1.16285920081744e-08   0.00e+00 
 1.16291514094646e-08   0.00e+00 
 1.16297108114343e-08   0.00e+00 
 1.16302702140831e-08   0.00e+00 
 1.16308296174108e-08   0.00e+00 
 1.16313890214169e-08   0.00e+00 
 1.16319484261012e-08   0.00e+00 
 1.16325078314633e-08   0.00e+00 
 1.16330672375030e-08   0.00e+00 
 1.16336266442199e-08   0.00e+00 
 1.16341860516138e-08   0.00e+00 
 1.16347454596842e-08   0.00e+00 
 1.16353048684309e-08   0.00e+00 
 1.16358642778535e-08   0.00e+00 
 1.16364236879519e-08   0.00e+00 
 1.16369830987255e-08   0.00e+00 
 1.16375425101742e-08   0.00e+00 
 1.16381019222975e-08   0.00e+00 
 1.16386613350952e-08   0.00e+00 
 1.16392207485670e-08   0.00e+00 
 1.16397801627125e-08   0.00e+00 
 1.16403395775315e-08   0.00e+00 
 1.16408989930236e-08   0.00e+00 
 1.16414584091884e-08   0.00e+00 
 1.16420178260258e-08   0.00e+00 
 1.16425772435353e-08   0.00e+00 
 1.16431366617166e-08   0.00e+00 
 1.16436960805694e-08   0.00e+00 
 1.16442555000935e-08   0.00e+00 
 1.16448149202884e-08   0.00e+00 
 1.16453743411539e-08   0.00e+00 
 1.16459337626896e-08   0.00e+00 
 1.16464931848952e-08   0.00e+00 
 1.16470526077705e-08   0.00e+00 
 1.16476120313150e-08   0.00e+00 
 1.16481714555285e-08   0.00e+00 
 1.16487308804107e-08   0.00e+00 
 1.16492903059611e-08   0.00e+00 
 1.16498497321796e-08   0.00e+00 
 1.16504091590658e-08   0.00e+00 
 1.16509685866193e-08   0.00e+00 
 1.16515280148399e-08   0.00e+00 
 1.16520874437272e-08   0.00e+00 
 1.16526468732809e-08   0.00e+00 
 1.16532063035007e-08   0.00e+00 
 1.16537657343862e-08   0.00e+00 
 1.16543251659372e-08   0.00e+00 
 1.16548845981533e-08   0.00e+00 
 1.16554440310342e-08   0.00e+00 
 1.16560034645796e-08   0.00e+00 
 1.16565628987891e-08   0.00e+00 
 1.16571223336625e-08   0.00e+00 
 1.16576817691994e-08   0.00e+00 
 1.16582412053995e-08   0.00e+00 
 1.16588006422624e-08   0.00e+00 
 1.16593600797879e-08   0.00e+00 
 1.16599195179756e-08   0.00e+00 
 1.16604789568252e-08   0.00e+00 
 1.16610383963364e-08   0.00e+00 
 1.16615978365088e-08   0.00e+00 
 1.16621572773422e-08   0.00e+00 
 1.16627167188362e-08   0.00e+00 
 1.16632761609905e-08   0.00e+00 
 1.16638356038047e-08   0.00e+00 
 1.16643950472786e-08   0.00e+00 
 1.16649544914118e-08   0.00e+00 
 1.16655139362040e-08   0.00e+00 
 1.16660733816549e-08   0.00e+00 
 1.16666328277641e-08   0.00e+00 
 1.16671922745313e-08   0.00e+00 
 1.16677517219563e-08   0.00e+00 
 1.16683111700386e-08   0.00e+00 
 1.16688706187780e-08   0.00e+00 
 1.16694300681740e-08   0.00e+00 
 1.16699895182265e-08   0.00e+00 
 1.16705489689351e-08   0.00e+00 
 1.16711084202994e-08   0.00e+00 
 1.16716678723192e-08   0.00e+00 
 1.16722273249941e-08   0.00e+00 
 1.16727867783237e-08   0.00e+00 
 1.16733462323078e-08   0.00e+00 
 1.16739056869460e-08   0.00e+00 
 1.16744651422381e-08   0.00e+00 
 1.16750245981836e-08   0.00e+00 
 1.16755840547822e-08   0.00e+00 
 1.16761435120337e-08   0.00e+00 
 1.16767029699377e-08   0.00e+00 
 1.16772624284939e-08   0.00e+00 
 1.16778218877019e-08   0.00e+00 
 1.16783813475615e-08   0.00e+00 
 1.16789408080722e-08   0.00e+00 
 1.16795002692339e-08   0.00e+00 
 1.16800597310461e-08   0.00e+00 
 1.16806191935085e-08   0.00e+00 
 1.16811786566207e-08   0.00e+00 
 1.16817381203826e-08   0.00e+00 
 1.16822975847937e-08   0.00e+00 
 1.16828570498537e-08   0.00e+00 
 1.16834165155624e-08   0.00e+00 
 1.16839759819192e-08   0.00e+00 
 1.16845354489241e-08   0.00e+00 
 1.16850949165765e-08   0.00e+00 
 1.16856543848762e-08   0.00e+00 
 1.16862138538229e-08   0.00e+00 
 1.16867733234161e-08   0.00e+00 
 1.16873327936557e-08   0.00e+00 
 1.16878922645413e-08   0.00e+00 
 1.16884517360725e-08   0.00e+00 
 1.16890112082491e-08   0.00e+00 
 1.16895706810706e-08   0.00e+00 
 1.16901301545368e-08   0.00e+00 
 1.16906896286473e-08   0.00e+00 
 1.16912491034018e-08   0.00e+00 
 1.16918085788000e-08   0.00e+00 
 1.16923680548416e-08   0.00e+00 
 1.16929275315262e-08   0.00e+00 
 1.16934870088535e-08   0.00e+00 
 1.16940464868231e-08   0.00e+00 
 1.16946059654348e-08   0.00e+00 
 1.16951654446882e-08   0.00e+00 
 1.16957249245830e-08   0.00e+00 
 1.16962844051189e-08   0.00e+00 
 1.16968438862954e-08   0.00e+00 
 1.16974033681124e-08   0.00e+00 
 1.16979628505695e-08   0.00e+00 
 1.16985223336662e-08   0.00e+00 
 1.16990818174024e-08   0.00e+00 
 1.16996413017777e-08   0.00e+00 
 1.17002007867918e-08   0.00e+00 
 1.17007602724442e-08   0.00e+00 
 1.17013197587348e-08   0.00e+00 
 1.17018792456631e-08   0.00e+00 
 1.17024387332289e-08   0.00e+00 
 1.17029982214317e-08   0.00e+00 
 1.17035577102714e-08   0.00e+00 
 1.17041171997475e-08   0.00e+00 
 1.17046766898597e-08   0.00e+00 
 1.17052361806077e-08   0.00e+00 
 1.17057956719912e-08   0.00e+00 
 1.17063551640098e-08   0.00e+00 
 1.17069146566632e-08   0.00e+00 
 1.17074741499511e-08   0.00e+00 
 1.17080336438731e-08   0.00e+00 
 1.17085931384289e-08   0.00e+00 
 1.17091526336183e-08   0.00e+00 
 1.17097121294407e-08   0.00e+00 
 1.17102716258960e-08   0.00e+00 
 1.17108311229838e-08   0.00e+00 
 1.17113906207038e-08   0.00e+00 
 1.17119501190556e-08   0.00e+00 
 1.17125096180389e-08   0.00e+00 
 1.17130691176533e-08   0.00e+00 
 1.17136286178986e-08   0.00e+00 
 1.17141881187745e-08   0.00e+00 
 1.17147476202805e-08   0.00e+00 
 1.17153071224163e-08   0.00e+00 
 1.17158666251817e-08   0.00e+00 
 1.17164261285763e-08   0.00e+00 
 1.17169856325997e-08   0.00e+00 
 1.17175451372516e-08   0.00e+00 
 1.17181046425318e-08   0.00e+00 
 1.17186641484398e-08   0.00e+00 
 1.17192236549754e-08   0.00e+00 
 1.17197831621382e-08   0.00e+00 
 1.17203426699278e-08   0.00e+00 
 1.17209021783440e-08   0.00e+00 
 1.17214616873864e-08   0.00e+00 
 1.17220211970547e-08   0.00e+00 
 1.17225807073485e-08   0.00e+00 
 1.17231402182676e-08   0.00e+00 
 1.17236997298116e-08   0.00e+00 
 1.17242592419801e-08   0.00e+00 
 1.17248187547728e-08   0.00e+00 
 1.17253782681895e-08   0.00e+00 
 1.17259377822297e-08   0.00e+00 
 1.17264972968931e-08   0.00e+00 
 1.17270568121794e-08   0.00e+00 
 1.17276163280884e-08   0.00e+00 
 1.17281758446195e-08   0.00e+00 
 1.17287353617726e-08   0.00e+00 
 1.17292948795472e-08   0.00e+00 
 1.17298543979431e-08   0.00e+00 
 1.17304139169599e-08   0.00e+00 
 1.17309734365973e-08   0.00e+00 
 1.17315329568550e-08   0.00e+00 
 1.17320924777325e-08   0.00e+00 
 1.17326519992297e-08   0.00e+00 
 1.17332115213461e-08   0.00e+00 
 1.17337710440814e-08   0.00e+00 
 1.17343305674354e-08   0.00e+00 
 1.17348900914076e-08   0.00e+00 
 1.17354496159977e-08   0.00e+00 
 1.17360091412054e-08   0.00e+00 
 1.17365686670304e-08   0.00e+00 
 1.17371281934724e-08   0.00e+00 
 1.17376877205309e-08   0.00e+00 
 1.17382472482057e-08   0.00e+00 
 1.17388067764965e-08   0.00e+00 
 1.17393663054029e-08   0.00e+00 
 1.17399258349245e-08   0.00e+00 
 1.17404853650611e-08   0.00e+00 
 1.17410448958123e-08   0.00e+00 
 1.17416044271778e-08   0.00e+00 
 1.17421639591572e-08   0.00e+00 
 1.17427234917503e-08   0.00e+00 
 1.17432830249566e-08   0.00e+00 
 1.17438425587759e-08   0.00e+00 
 1.17444020932078e-08   0.00e+00 
 1.17449616282520e-08   0.00e+00 
 1.17455211639082e-08   0.00e+00 
 1.17460807001760e-08   0.00e+00 
 1.17466402370551e-08   0.00e+00 
 1.17471997745451e-08   0.00e+00 
 1.17477593126458e-08   0.00e+00 
 1.17483188513568e-08   0.00e+00 
 1.17488783906778e-08   0.00e+00 
 1.17494379306083e-08   0.00e+00 
 1.17499974711482e-08   0.00e+00 
 1.17505570122971e-08   0.00e+00 
 1.17511165540546e-08   0.00e+00 
 1.17516760964204e-08   0.00e+00 
 1.17522356393942e-08   0.00e+00 
 1.17527951829756e-08   0.00e+00 
 1.17533547271643e-08   0.00e+00 
 1.17539142719600e-08   0.00e+00 
 1.17544738173624e-08   0.00e+00 
 1.17550333633711e-08   0.00e+00 
 1.17555929099857e-08   0.00e+00 
 1.17561524572060e-08   0.00e+00 
 1.17567120050316e-08   0.00e+00 
 1.17572715534622e-08   0.00e+00 
 1.17578311024975e-08   0.00e+00 
 1.17583906521371e-08   0.00e+00 
 1.17589502023807e-08   0.00e+00 
 1.17595097532279e-08   0.00e+00 
 1.17600693046784e-08   0.00e+00 
 1.17606288567320e-08   0.00e+00 
 1.17611884093882e-08   0.00e+00 
 1.17617479626467e-08   0.00e+00 
 1.17623075165073e-08   0.00e+00 
 1.17628670709695e-08   0.00e+00 
 1.17634266260330e-08   0.00e+00 
 1.17639861816976e-08   0.00e+00 
 1.17645457379628e-08   0.00e+00 
 1.17651052948283e-08   0.00e+00 
 1.17656648522939e-08   0.00e+00 
 1.17662244103591e-08   0.00e+00 
 1.17667839690236e-08   0.00e+00 
 1.17673435282872e-08   0.00e+00 
 1.17679030881495e-08   0.00e+00 
 1.17684626486101e-08   0.00e+00 
 1.17690222096687e-08   0.00e+00 
 1.17695817713250e-08   0.00e+00 
 1.17701413335786e-08   0.00e+00 
 1.17707008964293e-08   0.00e+00 
 1.17712604598766e-08   0.00e+00 
 1.17718200239203e-08   0.00e+00 
 1.17723795885600e-08   0.00e+00 
 1.17729391537955e-08   0.00e+00 
 1.17734987196262e-08   0.00e+00 
 1.17740582860520e-08   0.00e+00 
 1.17746178530725e-08   0.00e+00 
 1.17751774206874e-08   0.00e+00 
 1.17757369888963e-08   0.00e+00 
 1.17762965576989e-08   0.00e+00 
 1.17768561270948e-08   0.00e+00 
 1.17774156970838e-08   0.00e+00 
 1.17779752676655e-08   0.00e+00 
 1.17785348388396e-08   0.00e+00 
 1.17790944106057e-08   0.00e+00 
 1.17796539829635e-08   0.00e+00 
 1.17802135559127e-08   0.00e+00 
 1.17807731294530e-08   0.00e+00 
 1.17813327035839e-08   0.00e+00 
 1.17818922783053e-08   0.00e+00 
 1.17824518536167e-08   0.00e+00 
 1.17830114295178e-08   0.00e+00 
 1.17835710060083e-08   0.00e+00 
 1.17841305830879e-08   0.00e+00 
 1.17846901607562e-08   0.00e+00 
 1.17852497390129e-08   0.00e+00 
 1.17858093178576e-08   0.00e+00 
 1.17863688972901e-08   0.00e+00 
 1.17869284773100e-08   0.00e+00 
 1.17874880579170e-08   0.00e+00 
 1.17880476391107e-08   0.00e+00 
 1.17886072208908e-08   0.00e+00 
 1.17891668032570e-08   0.00e+00 
 1.17897263862089e-08   0.00e+00 
 1.17902859697462e-08   0.00e+00 
 1.17908455538687e-08   0.00e+00 
 1.17914051385759e-08   0.00e+00 
 1.17919647238675e-08   0.00e+00 
 1.17925243097431e-08   0.00e+00 
 1.17930838962026e-08   0.00e+00 
 1.17936434832455e-08   0.00e+00 
 1.17942030708715e-08   0.00e+00 
 1.17947626590802e-08   0.00e+00 
 1.17953222478714e-08   0.00e+00 
 1.17958818372447e-08   0.00e+00 
 1.17964414271997e-08   0.00e+00 
 1.17970010177362e-08   0.00e+00 
 1.17975606088539e-08   0.00e+00 
 1.17981202005523e-08   0.00e+00 
 1.17986797928311e-08   0.00e+00 
 1.17992393856901e-08   0.00e+00 
 1.17997989791289e-08   0.00e+00 
 1.18003585731471e-08   0.00e+00 
 1.18009181677445e-08   0.00e+00 
 1.18014777629206e-08   0.00e+00 
 1.18020373586753e-08   0.00e+00 
 1.18025969550081e-08   0.00e+00 
 1.18031565519186e-08   0.00e+00 
 1.18037161494067e-08   0.00e+00 
 1.18042757474719e-08   0.00e+00 
 1.18048353461139e-08   0.00e+00 
 1.18053949453325e-08   0.00e+00 
 1.18059545451271e-08   0.00e+00 
 1.18065141454977e-08   0.00e+00 
 1.18070737464437e-08   0.00e+00 
 1.18076333479648e-08   0.00e+00 
 1.18081929500609e-08   0.00e+00 
 1.18087525527314e-08   0.00e+00 
 1.18093121559761e-08   0.00e+00 
 1.18098717597947e-08   0.00e+00 
 1.18104313641867e-08   0.00e+00 
 1.18109909691520e-08   0.00e+00 
 1.18115505746901e-08   0.00e+00 
 1.18121101808008e-08   0.00e+00 
 1.18126697874837e-08   0.00e+00 
 1.18132293947384e-08   0.00e+00 
 1.18137890025647e-08   0.00e+00 
 1.18143486109622e-08   0.00e+00 
 1.18149082199306e-08   0.00e+00 
 1.18154678294695e-08   0.00e+00 
 1.18160274395787e-08   0.00e+00 
 1.18165870502578e-08   0.00e+00 
 1.18171466615064e-08   0.00e+00 
 1.18177062733243e-08   0.00e+00 
 1.18182658857111e-08   0.00e+00 
 1.18188254986665e-08   0.00e+00 
 1.18193851121901e-08   0.00e+00 
 1.18199447262817e-08   0.00e+00 
 1.18205043409408e-08   0.00e+00 
 1.18210639561673e-08   0.00e+00 
 1.18216235719606e-08   0.00e+00 
 1.18221831883206e-08   0.00e+00 
 1.18227428052468e-08   0.00e+00 
 1.18233024227391e-08   0.00e+00 
 1.18238620407969e-08   0.00e+00 
 1.18244216594200e-08   0.00e+00 
 1.18249812786081e-08   0.00e+00 
 1.18255408983609e-08   0.00e+00 
 1.18261005186779e-08   0.00e+00 
 1.18266601395590e-08   0.00e+00 
 1.18272197610037e-08   0.00e+00 
 1.18277793830117e-08   0.00e+00 
 1.18283390055827e-08   0.00e+00 
 1.18288986287165e-08   0.00e+00 
 1.18294582524125e-08   0.00e+00 
 1.18300178766706e-08   0.00e+00 
 1.18305775014904e-08   0.00e+00 
 1.18311371268715e-08   0.00e+00 
 1.18316967528136e-08   0.00e+00 
 1.18322563793165e-08   0.00e+00 
 1.18328160063798e-08   0.00e+00 
 1.18333756340031e-08   0.00e+00 
 1.18339352621861e-08   0.00e+00 
 1.18344948909285e-08   0.00e+00 
 1.18350545202301e-08   0.00e+00 
 1.18356141500903e-08   0.00e+00 
 1.18361737805090e-08   0.00e+00 
 1.18367334114858e-08   0.00e+00 
 1.18372930430203e-08   0.00e+00 
 1.18378526751123e-08   0.00e+00 
 1.18384123077613e-08   0.00e+00 
 1.18389719409672e-08   0.00e+00 
 1.18395315747295e-08   0.00e+00 
 1.18400912090480e-08   0.00e+00 
 1.18406508439223e-08   0.00e+00 
 1.18412104793520e-08   0.00e+00 
 1.18417701153369e-08   0.00e+00 
 1.18423297518767e-08   0.00e+00 
 1.18428893889709e-08   0.00e+00 
 1.18434490266193e-08   0.00e+00 
 1.18440086648215e-08   0.00e+00 
 1.18445683035773e-08   0.00e+00 
 1.18451279428863e-08   0.00e+00 
 1.18456875827481e-08   0.00e+00 
 1.18462472231625e-08   0.00e+00 
 1.18468068641292e-08   0.00e+00 
 1.18473665056477e-08   0.00e+00 
 1.18479261477178e-08   0.00e+00 
 1.18484857903391e-08   0.00e+00 
 1.18490454335113e-08   0.00e+00 
 1.18496050772342e-08   0.00e+00 
 1.18501647215073e-08   0.00e+00 
 1.18507243663304e-08   0.00e+00 
 1.18512840117030e-08   0.00e+00 
 1.18518436576250e-08   0.00e+00 
 1.18524033040960e-08   0.00e+00 
 1.18529629511155e-08   0.00e+00 
 1.18535225986835e-08   0.00e+00 
 1.18540822467994e-08   0.00e+00 
 1.18546418954629e-08   0.00e+00 
 1.18552015446738e-08   0.00e+00 
 1.18557611944318e-08   0.00e+00 
 1.18563208447364e-08   0.00e+00 
 1.18568804955875e-08   0.00e+00 
 1.18574401469845e-08   0.00e+00 
 1.18579997989273e-08   0.00e+00 
 1.18585594514155e-08   0.00e+00 
 1.18591191044488e-08   0.00e+00 
 1.18596787580268e-08   0.00e+00 
 1.18602384121493e-08   0.00e+00 
 1.18607980668159e-08   0.00e+00 
 1.18613577220262e-08   0.00e+00 
 1.18619173777800e-08   0.00e+00 
 1.18624770340770e-08   0.00e+00 
 1.18630366909167e-08   0.00e+00 
 1.18635963482990e-08   0.00e+00 
 1.18641560062234e-08   0.00e+00 
 1.18647156646897e-08   0.00e+00 
 1.18652753236975e-08   0.00e+00 
 1.18658349832465e-08   0.00e+00 
 1.18663946433364e-08   0.00e+00 
 1.18669543039668e-08   0.00e+00 
 1.18675139651374e-08   0.00e+00 
 1.18680736268480e-08   0.00e+00 
 1.18686332890982e-08   0.00e+00 
 1.18691929518876e-08   0.00e+00 
 1.18697526152159e-08   0.00e+00 
 1.18703122790829e-08   0.00e+00 
 1.18708719434882e-08   0.00e+00 
 1.18714316084314e-08   0.00e+00 
 1.18719912739124e-08   0.00e+00 
 1.18725509399306e-08   0.00e+00 
 1.18731106064859e-08   0.00e+00 
 1.18736702735778e-08   0.00e+00 
 1.18742299412061e-08   0.00e+00 
 1.18747896093705e-08   0.00e+00 
 1.18753492780705e-08   0.00e+00 
 1.18759089473060e-08   0.00e+00 
 1.18764686170766e-08   0.00e+00 
 1.18770282873819e-08   0.00e+00 
 1.18775879582217e-08   0.00e+00 
 1.18781476295956e-08   0.00e+00 
 1.18787073015033e-08   0.00e+00 
 1.18792669739445e-08   0.00e+00 
 1.18798266469188e-08   0.00e+00 
 1.18803863204260e-08   0.00e+00 
 1.18809459944656e-08   0.00e+00 
 1.18815056690375e-08   0.00e+00 
 1.18820653441413e-08   0.00e+00 
 1.18826250197766e-08   0.00e+00 
 1.18831846959431e-08   0.00e+00 
 1.18837443726406e-08   0.00e+00 
 1.18843040498687e-08   0.00e+00 
 1.18848637276270e-08   0.00e+00 
 1.18854234059153e-08   0.00e+00 
 1.18859830847333e-08   0.00e+00 
 1.18865427640805e-08   0.00e+00 
 1.18871024439568e-08   0.00e+00 
 1.18876621243617e-08   0.00e+00 
 1.18882218052950e-08   0.00e+00 
 1.18887814867564e-08   0.00e+00 
 1.18893411687455e-08   0.00e+00 
 1.18899008512619e-08   0.00e+00 
 1.18904605343055e-08   0.00e+00 
 1.18910202178758e-08   0.00e+00 
 1.18915799019726e-08   0.00e+00 
 1.18921395865955e-08   0.00e+00 
 1.18926992717442e-08   0.00e+00 
 1.18932589574184e-08   0.00e+00 
 1.18938186436178e-08   0.00e+00 
 1.18943783303421e-08   0.00e+00 
 1.18949380175908e-08   0.00e+00 
 1.18954977053639e-08   0.00e+00 
 1.18960573936608e-08   0.00e+00 
 1.18966170824813e-08   0.00e+00 
 1.18971767718250e-08   0.00e+00 
 1.18977364616918e-08   0.00e+00 
 1.18982961520811e-08   0.00e+00 
 1.18988558429928e-08   0.00e+00 
 1.18994155344265e-08   0.00e+00 
 1.18999752263818e-08   0.00e+00 
 1.19005349188585e-08   0.00e+00 
 1.19010946118563e-08   0.00e+00 
 1.19016543053748e-08   0.00e+00 
 1.19022139994137e-08   0.00e+00 
 1.19027736939728e-08   0.00e+00 
 1.19033333890516e-08   0.00e+00 
 1.19038930846498e-08   0.00e+00 
 1.19044527807673e-08   0.00e+00 
 1.19050124774035e-08   0.00e+00 
 1.19055721745583e-08   0.00e+00 
 1.19061318722313e-08   0.00e+00 
 1.19066915704221e-08   0.00e+00 
 1.19072512691306e-08   0.00e+00 
 1.19078109683563e-08   0.00e+00 
 1.19083706680989e-08   0.00e+00 
 1.19089303683582e-08   0.00e+00 
 1.19094900691338e-08   0.00e+00 
 1.19100497704253e-08   0.00e+00 
 1.19106094722326e-08   0.00e+00 
 1.19111691745552e-08   0.00e+00 
 1.19117288773928e-08   0.00e+00 
 1.19122885807452e-08   0.00e+00 
 1.19128482846121e-08   0.00e+00 
 1.19134079889930e-08   0.00e+00 
 1.19139676938877e-08   0.00e+00 
 1.19145273992959e-08   0.00e+00 
 1.19150871052173e-08   0.00e+00 
 1.19156468116515e-08   0.00e+00 
 1.19162065185982e-08   0.00e+00 
 1.19167662260572e-08   0.00e+00 
 1.19173259340280e-08   0.00e+00 
