    TIME (SEC)       VELOCITY
   1.01312e-12   0.00000e+00
   2.01893e-12   0.00000e+00
   3.02027e-12   0.00000e+00
   4.03618e-12   0.00000e+00
   5.04266e-12   0.00000e+00
   6.05924e-12   0.00000e+00
   7.06167e-12   0.00000e+00
   8.07018e-12   0.00000e+00
   9.08304e-12   0.00000e+00
   1.00985e-11   0.00000e+00
   1.11152e-11   0.00000e+00
   1.21326e-11   0.00000e+00
   1.31508e-11   0.00000e+00
   1.41697e-11   0.00000e+00
   1.51893e-11   0.00000e+00
   1.62095e-11   0.00000e+00
   1.72302e-11   0.00000e+00
   1.82516e-11   0.00000e+00
   1.92735e-11   6.45640e+05
   2.02959e-11   6.45640e+05
   2.12961e-11   6.45640e+05
   2.22968e-11   6.45640e+05
   2.32980e-11   6.45640e+05
   2.42996e-11   6.45640e+05
   2.53016e-11   6.45640e+05
   2.63041e-11   6.45640e+05
   2.73070e-11   6.45640e+05
   2.83103e-11   6.45640e+05
   2.93140e-11   6.45640e+05
   3.03181e-11   6.45640e+05
   3.13226e-11   6.45640e+05
   3.23274e-11   6.45640e+05
   3.33326e-11   6.45640e+05
   3.43382e-11   6.45640e+05
   3.53442e-11   6.45640e+05
   3.63505e-11   6.45640e+05
   3.73571e-11   6.45640e+05
   3.83641e-11   1.12441e+05
   3.93714e-11   1.12441e+05
   4.03791e-11   1.12441e+05
   4.13871e-11   1.12441e+05
   4.23954e-11   1.12441e+05
   4.34040e-11   1.12441e+05
   4.44130e-11   1.12441e+05
   4.54222e-11   1.12441e+05
   4.64318e-11   1.12441e+05
   4.74417e-11   1.12441e+05
   4.84518e-11   1.12441e+05
   4.94623e-11   1.12441e+05
   5.04731e-11   1.12441e+05
   5.14841e-11   1.12441e+05
   5.24955e-11   1.12441e+05
   5.35071e-11   1.12441e+05
   5.45190e-11   1.12441e+05
   5.55312e-11   1.12441e+05
   5.65437e-11   1.12441e+05
   5.75565e-11   1.12441e+05
   5.85695e-11   6.40091e+04
   5.95828e-11   6.40091e+04
   6.05964e-11   6.40091e+04
   6.16102e-11   6.40091e+04
   6.26243e-11   6.40091e+04
   6.36387e-11   6.40091e+04
   6.46533e-11   6.40091e+04
   6.56681e-11   6.40091e+04
   6.66833e-11   6.40091e+04
   6.76987e-11   6.40091e+04
   6.87143e-11   6.40091e+04
   6.97302e-11   6.40091e+04
   7.07463e-11   6.40091e+04
   7.17627e-11   6.40091e+04
   7.27793e-11   6.40091e+04
   7.37962e-11   6.40091e+04
   7.48133e-11   6.40091e+04
   7.58306e-11   6.40091e+04
   7.68482e-11   6.40091e+04
   7.78660e-11   4.69261e+04
   7.88840e-11   4.69261e+04
   7.99023e-11   4.69261e+04
   8.09208e-11   4.69261e+04
   8.19395e-11   4.69261e+04
   8.29585e-11   4.69261e+04
   8.39777e-11   4.69261e+04
   8.49971e-11   4.69261e+04
   8.60167e-11   4.69261e+04
   8.70366e-11   4.69261e+04
   8.80567e-11   4.69261e+04
   8.90770e-11   4.69261e+04
   9.00975e-11   4.69261e+04
   9.11182e-11   4.69261e+04
   9.21392e-11   4.69261e+04
   9.31603e-11   4.69261e+04
   9.41817e-11   4.69261e+04
   9.52033e-11   4.69261e+04
   9.62251e-11   4.69261e+04
   9.72471e-11   3.63856e+04
   9.82693e-11   3.63856e+04
   9.92917e-11   3.63856e+04
   1.00314e-10   3.63856e+04
   1.01337e-10   3.63856e+04
   1.02360e-10   3.63856e+04
   1.03383e-10   3.63856e+04
   1.04384e-10   3.63856e+04
   1.05384e-10   3.63856e+04
   1.06385e-10   3.63856e+04
   1.07385e-10   3.63856e+04
   1.08386e-10   3.63856e+04
   1.09387e-10   3.63856e+04
   1.10389e-10   3.63856e+04
   1.11390e-10   3.63856e+04
   1.12392e-10   3.63856e+04
   1.13394e-10   3.63856e+04
   1.14396e-10   3.63856e+04
   1.15398e-10   3.63856e+04
   1.16401e-10   3.63856e+04
   1.17403e-10   3.04235e+04
   1.18406e-10   3.04235e+04
   1.19409e-10   3.04235e+04
   1.20412e-10   3.04235e+04
   1.21415e-10   3.04235e+04
   1.22419e-10   3.04235e+04
   1.23423e-10   3.04235e+04
   1.24426e-10   3.04235e+04
   1.25430e-10   3.04235e+04
   1.26435e-10   3.04235e+04
   1.27439e-10   3.04235e+04
   1.28444e-10   3.04235e+04
   1.29448e-10   3.04235e+04
   1.30453e-10   3.04235e+04
   1.31458e-10   3.04235e+04
   1.32464e-10   3.04235e+04
   1.33469e-10   3.04235e+04
   1.34475e-10   3.04235e+04
   1.35480e-10   3.04235e+04
   1.36486e-10   3.04235e+04
   1.37492e-10   2.59152e+04
   1.38499e-10   2.59152e+04
   1.39505e-10   2.59152e+04
   1.40512e-10   2.59152e+04
   1.41519e-10   2.59152e+04
   1.42526e-10   2.59152e+04
   1.43533e-10   2.59152e+04
   1.44540e-10   2.59152e+04
   1.45547e-10   2.59152e+04
   1.46555e-10   2.59152e+04
   1.47563e-10   2.59152e+04
   1.48571e-10   2.59152e+04
   1.49579e-10   2.59152e+04
   1.50587e-10   2.59152e+04
   1.51595e-10   2.59152e+04
   1.52604e-10   2.59152e+04
   1.53613e-10   2.59152e+04
   1.54622e-10   2.59152e+04
   1.55631e-10   2.59152e+04
   1.56640e-10   2.18745e+04
   1.57649e-10   2.18745e+04
   1.58659e-10   2.18745e+04
   1.59668e-10   2.18745e+04
   1.60678e-10   2.18745e+04
   1.61688e-10   2.18745e+04
   1.62698e-10   2.18745e+04
   1.63709e-10   2.18745e+04
   1.64719e-10   2.18745e+04
   1.65730e-10   2.18745e+04
   1.66741e-10   2.18745e+04
   1.67751e-10   2.18745e+04
   1.68763e-10   2.18745e+04
   1.69774e-10   2.18745e+04
   1.70785e-10   2.18745e+04
   1.71797e-10   2.18745e+04
   1.72808e-10   2.18745e+04
   1.73820e-10   2.18745e+04
   1.74832e-10   2.18745e+04
   1.75844e-10   2.18745e+04
   1.76857e-10   1.97224e+04
   1.77869e-10   1.97224e+04
   1.78882e-10   1.97224e+04
   1.79894e-10   1.97224e+04
   1.80907e-10   1.97224e+04
   1.81920e-10   1.97224e+04
   1.82934e-10   1.97224e+04
   1.83947e-10   1.97224e+04
   1.84960e-10   1.97224e+04
   1.85974e-10   1.97224e+04
   1.86988e-10   1.97224e+04
   1.88002e-10   1.97224e+04
   1.89016e-10   1.97224e+04
   1.90030e-10   1.97224e+04
   1.91044e-10   1.97224e+04
   1.92059e-10   1.97224e+04
   1.93073e-10   1.97224e+04
   1.94088e-10   1.97224e+04
   1.95103e-10   1.97224e+04
   1.96118e-10   1.97224e+04
   1.97133e-10   1.75213e+04
   1.98149e-10   1.75213e+04
   1.99164e-10   1.75213e+04
   2.00180e-10   1.75213e+04
   2.01195e-10   1.75213e+04
   2.02211e-10   1.75213e+04
   2.03227e-10   1.75213e+04
   2.04244e-10   1.75213e+04
   2.05260e-10   1.75213e+04
   2.06276e-10   1.75213e+04
   2.07293e-10   1.75213e+04
   2.08310e-10   1.75213e+04
   2.09327e-10   1.75213e+04
   2.10344e-10   1.75213e+04
   2.11361e-10   1.75213e+04
   2.12378e-10   1.75213e+04
   2.13395e-10   1.75213e+04
   2.14413e-10   1.75213e+04
   2.15431e-10   1.75213e+04
   2.16448e-10   1.75213e+04
   2.17466e-10   1.48816e+04
   2.18485e-10   1.48816e+04
   2.19503e-10   1.48816e+04
   2.20521e-10   1.48816e+04
   2.21540e-10   1.48816e+04
   2.22558e-10   1.48816e+04
   2.23577e-10   1.48816e+04
   2.24596e-10   1.48816e+04
   2.25615e-10   1.48816e+04
   2.26634e-10   1.48816e+04
   2.27653e-10   1.48816e+04
   2.28673e-10   1.48816e+04
   2.29692e-10   1.48816e+04
   2.30712e-10   1.48816e+04
   2.31732e-10   1.48816e+04
   2.32752e-10   1.48816e+04
   2.33772e-10   1.48816e+04
   2.34792e-10   1.48816e+04
   2.35812e-10   1.48816e+04
   2.36833e-10   1.48816e+04
   2.37853e-10   1.38369e+04
   2.38874e-10   1.38369e+04
   2.39895e-10   1.38369e+04
   2.40916e-10   1.38369e+04
   2.41937e-10   1.38369e+04
   2.42958e-10   1.38369e+04
   2.43980e-10   1.38369e+04
   2.45001e-10   1.38369e+04
   2.46023e-10   1.38369e+04
   2.47045e-10   1.38369e+04
   2.48066e-10   1.38369e+04
   2.49088e-10   1.38369e+04
   2.50110e-10   1.38369e+04
   2.51133e-10   1.38369e+04
   2.52155e-10   1.38369e+04
   2.53178e-10   1.38369e+04
   2.54200e-10   1.38369e+04
   2.55223e-10   1.38369e+04
   2.56246e-10   1.38369e+04
   2.57269e-10   1.15463e+04
   2.58292e-10   1.15463e+04
   2.59315e-10   1.15463e+04
   2.60338e-10   1.15463e+04
   2.61362e-10   1.15463e+04
   2.62386e-10   1.15463e+04
   2.63409e-10   1.15463e+04
   2.64409e-10   1.15463e+04
   2.65409e-10   1.15463e+04
   2.66410e-10   1.15463e+04
   2.67410e-10   1.15463e+04
   2.68411e-10   1.15463e+04
   2.69411e-10   1.15463e+04
   2.70412e-10   1.15463e+04
   2.71413e-10   1.15463e+04
   2.72414e-10   1.15463e+04
   2.73415e-10   1.15463e+04
   2.74416e-10   1.15463e+04
   2.75417e-10   1.15463e+04
   2.76418e-10   1.15463e+04
   2.77420e-10   5.71871e+03
   2.78422e-10   5.71871e+03
   2.79423e-10   5.71871e+03
   2.80425e-10   5.71871e+03
   2.81427e-10   5.71871e+03
   2.82429e-10   5.71871e+03
   2.83431e-10   5.71871e+03
   2.84434e-10   5.71871e+03
   2.85436e-10   5.71871e+03
   2.86439e-10   5.71871e+03
   2.87441e-10   5.71871e+03
   2.88444e-10   5.71871e+03
   2.89447e-10   5.71871e+03
   2.90450e-10   5.71871e+03
   2.91453e-10   5.71871e+03
   2.92456e-10   5.71871e+03
   2.93459e-10   5.71871e+03
   2.94463e-10   5.71871e+03
   2.95466e-10   5.71871e+03
   2.96470e-10   5.71871e+03
   2.97473e-10   5.71871e+03
   2.98477e-10   4.21462e+03
   2.99481e-10   4.21462e+03
   3.00485e-10   4.21462e+03
   3.01489e-10   4.21462e+03
   3.02494e-10   4.21462e+03
   3.03498e-10   4.21462e+03
   3.04502e-10   4.21462e+03
   3.05507e-10   4.21462e+03
   3.06512e-10   4.21462e+03
   3.07516e-10   4.21462e+03
   3.08521e-10   4.21462e+03
   3.09526e-10   4.21462e+03
   3.10531e-10   4.21462e+03
   3.11537e-10   4.21462e+03
   3.12542e-10   4.21462e+03
   3.13547e-10   4.21462e+03
   3.14553e-10   4.21462e+03
   3.15558e-10   4.21462e+03
   3.16564e-10   4.21462e+03
   3.17570e-10   4.21462e+03
   3.18576e-10   3.96282e+03
   3.19582e-10   3.96282e+03
   3.20588e-10   3.96282e+03
   3.21594e-10   3.96282e+03
   3.22601e-10   3.96282e+03
   3.23607e-10   3.96282e+03
   3.24614e-10   3.96282e+03
   3.25620e-10   3.96282e+03
   3.26627e-10   3.96282e+03
   3.27634e-10   3.96282e+03
   3.28641e-10   3.96282e+03
   3.29648e-10   3.96282e+03
   3.30655e-10   3.96282e+03
   3.31662e-10   3.96282e+03
   3.32670e-10   3.96282e+03
   3.33677e-10   3.96282e+03
   3.34685e-10   3.96282e+03
   3.35692e-10   3.96282e+03
   3.36700e-10   3.96282e+03
   3.37708e-10   3.96282e+03
   3.38716e-10   3.66955e+03
   3.39724e-10   3.66955e+03
   3.40732e-10   3.66955e+03
   3.41741e-10   3.66955e+03
   3.42749e-10   3.66955e+03
   3.43757e-10   3.66955e+03
   3.44766e-10   3.66955e+03
   3.45775e-10   3.66955e+03
   3.46783e-10   3.66955e+03
   3.47792e-10   3.66955e+03
   3.48801e-10   3.66955e+03
   3.49810e-10   3.66955e+03
   3.50819e-10   3.66955e+03
   3.51829e-10   3.66955e+03
   3.52838e-10   3.66955e+03
   3.53847e-10   3.66955e+03
   3.54857e-10   3.66955e+03
   3.55867e-10   3.66955e+03
   3.56876e-10   3.66955e+03
   3.57886e-10   3.66955e+03
   3.58896e-10   3.24089e+03
   3.59906e-10   3.24089e+03
   3.60916e-10   3.24089e+03
   3.61926e-10   3.24089e+03
   3.62937e-10   3.24089e+03
   3.63947e-10   3.24089e+03
   3.64958e-10   3.24089e+03
   3.65968e-10   3.24089e+03
   3.66979e-10   3.24089e+03
   3.67990e-10   3.24089e+03
   3.69001e-10   3.24089e+03
   3.70011e-10   3.24089e+03
   3.71023e-10   3.24089e+03
   3.72034e-10   3.24089e+03
   3.73045e-10   3.24089e+03
   3.74056e-10   3.24089e+03
   3.75068e-10   3.24089e+03
   3.76079e-10   3.24089e+03
   3.77091e-10   3.24089e+03
   3.78103e-10   3.24089e+03
   3.79114e-10   3.24089e+03
   3.80126e-10   1.82267e+03
   3.81138e-10   1.82267e+03
   3.82150e-10   1.82267e+03
   3.83163e-10   1.82267e+03
   3.84175e-10   1.82267e+03
   3.85187e-10   1.82267e+03
   3.86200e-10   1.82267e+03
   3.87212e-10   1.82267e+03
   3.88225e-10   1.82267e+03
   3.89238e-10   1.82267e+03
   3.90250e-10   1.82267e+03
   3.91263e-10   1.82267e+03
   3.92276e-10   1.82267e+03
   3.93289e-10   1.82267e+03
   3.94303e-10   1.82267e+03
   3.95316e-10   1.82267e+03
   3.96329e-10   1.82267e+03
   3.97343e-10   1.82267e+03
   3.98356e-10   1.82267e+03
   3.99370e-10   1.82267e+03
   4.00384e-10   1.63206e+03
   4.01397e-10   1.63206e+03
   4.02411e-10   1.63206e+03
   4.03425e-10   1.63206e+03
   4.04439e-10   1.63206e+03
   4.05454e-10   1.63206e+03
   4.06468e-10   1.63206e+03
   4.07482e-10   1.63206e+03
   4.08497e-10   1.63206e+03
   4.09511e-10   1.63206e+03
   4.10526e-10   1.63206e+03
   4.11541e-10   1.63206e+03
   4.12555e-10   1.63206e+03
   4.13570e-10   1.63206e+03
   4.14585e-10   1.63206e+03
   4.15600e-10   1.63206e+03
   4.16615e-10   1.63206e+03
   4.17631e-10   1.63206e+03
   4.18646e-10   1.63206e+03
   4.19661e-10   1.63206e+03
   4.20677e-10   1.46954e+03
   4.21692e-10   1.46954e+03
   4.22708e-10   1.46954e+03
   4.23724e-10   1.46954e+03
   4.24740e-10   1.46954e+03
   4.25756e-10   1.46954e+03
   4.26772e-10   1.46954e+03
   4.27788e-10   1.46954e+03
   4.28804e-10   1.46954e+03
   4.29820e-10   1.46954e+03
   4.30836e-10   1.46954e+03
   4.31853e-10   1.46954e+03
   4.32869e-10   1.46954e+03
   4.33886e-10   1.46954e+03
   4.34903e-10   1.46954e+03
   4.35919e-10   1.46954e+03
   4.36936e-10   1.46954e+03
   4.37953e-10   1.46954e+03
   4.38970e-10   1.46954e+03
   4.39987e-10   1.46954e+03
   4.41005e-10   1.17421e+03
   4.42022e-10   1.17421e+03
   4.43039e-10   1.17421e+03
   4.44057e-10   1.17421e+03
   4.45074e-10   1.17421e+03
   4.46092e-10   1.17421e+03
   4.47109e-10   1.17421e+03
   4.48127e-10   1.17421e+03
   4.49145e-10   1.17421e+03
   4.50163e-10   1.17421e+03
   4.51181e-10   1.17421e+03
   4.52199e-10   1.17421e+03
   4.53217e-10   1.17421e+03
   4.54236e-10   1.17421e+03
   4.55254e-10   1.17421e+03
   4.56272e-10   1.17421e+03
   4.57291e-10   1.17421e+03
   4.58310e-10   1.17421e+03
   4.59328e-10   1.17421e+03
   4.60347e-10   1.17421e+03
   4.61366e-10   1.17421e+03
   4.62385e-10   8.59354e+02
   4.63404e-10   8.59354e+02
   4.64423e-10   8.59354e+02
   4.65442e-10   8.59354e+02
   4.66461e-10   8.59354e+02
   4.67481e-10   8.59354e+02
   4.68500e-10   8.59354e+02
   4.69520e-10   8.59354e+02
   4.70539e-10   8.59354e+02
   4.71559e-10   8.59354e+02
   4.72579e-10   8.59354e+02
   4.73598e-10   8.59354e+02
   4.74618e-10   8.59354e+02
   4.75638e-10   8.59354e+02
   4.76658e-10   8.59354e+02
   4.77678e-10   8.59354e+02
   4.78699e-10   8.59354e+02
   4.79719e-10   8.59354e+02
   4.80739e-10   8.59354e+02
   4.81760e-10   8.59354e+02
   4.82780e-10   5.47803e+02
   4.83801e-10   5.47803e+02
   4.84822e-10   5.47803e+02
   4.85842e-10   5.47803e+02
   4.86863e-10   5.47803e+02
   4.87884e-10   5.47803e+02
   4.88905e-10   5.47803e+02
   4.89926e-10   5.47803e+02
   4.90947e-10   5.47803e+02
   4.91969e-10   5.47803e+02
   4.92990e-10   5.47803e+02
   4.94011e-10   5.47803e+02
   4.95033e-10   5.47803e+02
   4.96054e-10   5.47803e+02
   4.97076e-10   5.47803e+02
   4.98098e-10   5.47803e+02
   4.99119e-10   5.47803e+02
   5.00141e-10   5.47803e+02
   5.01163e-10   5.47803e+02
   5.02185e-10   5.47803e+02
   5.03207e-10   2.47413e+02
   5.04230e-10   2.47413e+02
   5.05252e-10   2.47413e+02
   5.06274e-10   2.47413e+02
   5.07296e-10   2.47413e+02
   5.08319e-10   2.47413e+02
   5.09342e-10   2.47413e+02
   5.10364e-10   2.47413e+02
   5.11387e-10   2.47413e+02
   5.12410e-10   2.47413e+02
   5.13432e-10   2.47413e+02
   5.14455e-10   2.47413e+02
   5.15478e-10   2.47413e+02
   5.16501e-10   2.47413e+02
   5.17525e-10   2.47413e+02
   5.18548e-10   2.47413e+02
   5.19571e-10   2.47413e+02
   5.20595e-10   2.47413e+02
   5.21618e-10   2.47413e+02
   5.22642e-10   2.47413e+02
   5.23665e-10   -3.87382e+01
   5.24689e-10   -3.87382e+01
   5.25713e-10   -3.87382e+01
   5.26736e-10   -3.87382e+01
   5.27760e-10   -3.87382e+01
   5.28784e-10   -3.87382e+01
   5.29808e-10   -3.87382e+01
   5.30833e-10   -3.87382e+01
   5.31857e-10   -3.87382e+01
   5.32881e-10   -3.87382e+01
   5.33905e-10   -3.87382e+01
   5.34905e-10   -3.87382e+01
   5.35905e-10   -3.87382e+01
   5.36906e-10   -3.87382e+01
   5.37906e-10   -3.87382e+01
   5.38906e-10   -3.87382e+01
   5.39907e-10   -3.87382e+01
   5.40907e-10   -3.87382e+01
   5.41908e-10   -3.87382e+01
   5.42908e-10   -3.87382e+01
   5.43909e-10   -3.87382e+01
   5.44910e-10   -3.09552e+02
   5.45910e-10   -3.09552e+02
   5.46911e-10   -3.09552e+02
   5.47912e-10   -3.09552e+02
   5.48913e-10   -3.09552e+02
   5.49914e-10   -3.09552e+02
   5.50915e-10   -3.09552e+02
   5.51917e-10   -3.09552e+02
   5.52918e-10   -3.09552e+02
   5.53919e-10   -3.09552e+02
   5.54921e-10   -3.09552e+02
   5.55922e-10   -3.09552e+02
   5.56924e-10   -3.09552e+02
   5.57925e-10   -3.09552e+02
   5.58927e-10   -3.09552e+02
   5.59929e-10   -3.09552e+02
   5.60931e-10   -3.09552e+02
   5.61933e-10   -3.09552e+02
   5.62935e-10   -3.09552e+02
   5.63937e-10   -3.09552e+02
   5.64939e-10   -5.64868e+02
   5.65941e-10   -5.64868e+02
   5.66943e-10   -5.64868e+02
   5.67945e-10   -5.64868e+02
   5.68948e-10   -5.64868e+02
   5.69950e-10   -5.64868e+02
   5.70953e-10   -5.64868e+02
   5.71955e-10   -5.64868e+02
   5.72958e-10   -5.64868e+02
   5.73961e-10   -5.64868e+02
   5.74964e-10   -5.64868e+02
   5.75966e-10   -5.64868e+02
   5.76969e-10   -5.64868e+02
   5.77972e-10   -5.64868e+02
   5.78975e-10   -5.64868e+02
   5.79978e-10   -5.64868e+02
   5.80982e-10   -5.64868e+02
   5.81985e-10   -5.64868e+02
   5.82988e-10   -5.64868e+02
   5.83992e-10   -5.64868e+02
   5.84995e-10   -5.64868e+02
   5.85999e-10   -8.05009e+02
   5.87002e-10   -8.05009e+02
   5.88006e-10   -8.05009e+02
   5.89010e-10   -8.05009e+02
   5.90013e-10   -8.05009e+02
   5.91017e-10   -8.05009e+02
   5.92021e-10   -8.05009e+02
   5.93025e-10   -8.05009e+02
   5.94029e-10   -8.05009e+02
   5.95033e-10   -8.05009e+02
   5.96037e-10   -8.05009e+02
   5.97042e-10   -8.05009e+02
   5.98046e-10   -8.05009e+02
   5.99050e-10   -8.05009e+02
   6.00055e-10   -8.05009e+02
   6.01059e-10   -8.05009e+02
   6.02064e-10   -8.05009e+02
   6.03069e-10   -8.05009e+02
   6.04073e-10   -8.05009e+02
   6.05078e-10   -8.05009e+02
   6.06083e-10   -8.05009e+02
   6.07088e-10   -1.03054e+03
   6.08093e-10   -1.03054e+03
   6.09098e-10   -1.03054e+03
   6.10103e-10   -1.03054e+03
   6.11108e-10   -1.03054e+03
   6.12113e-10   -1.03054e+03
   6.13118e-10   -1.03054e+03
   6.14124e-10   -1.03054e+03
   6.15129e-10   -1.03054e+03
   6.16135e-10   -1.03054e+03
   6.17140e-10   -1.03054e+03
   6.18146e-10   -1.03054e+03
   6.19152e-10   -1.03054e+03
   6.20157e-10   -1.03054e+03
   6.21163e-10   -1.03054e+03
   6.22169e-10   -1.03054e+03
   6.23175e-10   -1.03054e+03
   6.24181e-10   -1.03054e+03
   6.25187e-10   -1.03054e+03
   6.26193e-10   -1.03054e+03
   6.27199e-10   -1.03054e+03
   6.28205e-10   9.59670e+03
   6.29212e-10   9.59670e+03
   6.30218e-10   9.59670e+03
   6.31225e-10   9.59670e+03
   6.32231e-10   9.59670e+03
   6.33238e-10   9.59670e+03
   6.34244e-10   9.59670e+03
   6.35251e-10   9.59670e+03
   6.36258e-10   9.59670e+03
   6.37265e-10   9.59670e+03
   6.38271e-10   9.59670e+03
   6.39278e-10   9.59670e+03
   6.40285e-10   9.59670e+03
   6.41292e-10   9.59670e+03
   6.42300e-10   9.59670e+03
   6.43307e-10   9.59670e+03
   6.44314e-10   9.59670e+03
   6.45321e-10   9.59670e+03
   6.46329e-10   9.59670e+03
   6.47336e-10   9.59670e+03
   6.48344e-10   -6.35540e+03
   6.49351e-10   -6.35540e+03
   6.50359e-10   -6.35540e+03
   6.51367e-10   -6.35540e+03
   6.52374e-10   -6.35540e+03
   6.53382e-10   -6.35540e+03
   6.54390e-10   -6.35540e+03
   6.55398e-10   -6.35540e+03
   6.56406e-10   -6.35540e+03
   6.57414e-10   -6.35540e+03
   6.58422e-10   -6.35540e+03
   6.59430e-10   -6.35540e+03
   6.60439e-10   -6.35540e+03
   6.61447e-10   -6.35540e+03
   6.62455e-10   -6.35540e+03
   6.63464e-10   -6.35540e+03
   6.64472e-10   -6.35540e+03
   6.65481e-10   -6.35540e+03
   6.66489e-10   -6.35540e+03
   6.67498e-10   -6.35540e+03
   6.68507e-10   -6.35540e+03
   6.69516e-10   6.37350e+03
   6.70525e-10   6.37350e+03
   6.71534e-10   6.37350e+03
   6.72543e-10   6.37350e+03
   6.73552e-10   6.37350e+03
   6.74561e-10   6.37350e+03
   6.75570e-10   6.37350e+03
   6.76579e-10   6.37350e+03
   6.77588e-10   6.37350e+03
   6.78598e-10   6.37350e+03
   6.79607e-10   6.37350e+03
   6.80617e-10   6.37350e+03
   6.81626e-10   6.37350e+03
   6.82636e-10   6.37350e+03
   6.83645e-10   6.37350e+03
   6.84655e-10   6.37350e+03
   6.85665e-10   6.37350e+03
   6.86675e-10   6.37350e+03
   6.87685e-10   6.37350e+03
   6.88695e-10   6.37350e+03
   6.89705e-10   6.37350e+03
   6.90715e-10   -6.81349e+03
   6.91725e-10   -6.81349e+03
   6.92735e-10   -6.81349e+03
   6.93745e-10   -6.81349e+03
   6.94756e-10   -6.81349e+03
   6.95766e-10   -6.81349e+03
   6.96777e-10   -6.81349e+03
   6.97787e-10   -6.81349e+03
   6.98798e-10   -6.81349e+03
   6.99808e-10   -6.81349e+03
   7.00819e-10   -6.81349e+03
   7.01830e-10   -6.81349e+03
   7.02840e-10   -6.81349e+03
   7.03851e-10   -6.81349e+03
   7.04862e-10   -6.81349e+03
   7.05873e-10   -6.81349e+03
   7.06884e-10   -6.81349e+03
   7.07895e-10   -6.81349e+03
   7.08906e-10   -6.81349e+03
   7.09918e-10   -6.81349e+03
   7.10929e-10   -6.81349e+03
   7.11940e-10   6.75488e+03
   7.12952e-10   6.75488e+03
   7.13963e-10   6.75488e+03
   7.14975e-10   6.75488e+03
   7.15986e-10   6.75488e+03
   7.16998e-10   6.75488e+03
   7.18010e-10   6.75488e+03
   7.19021e-10   6.75488e+03
   7.20033e-10   6.75488e+03
   7.21045e-10   6.75488e+03
   7.22057e-10   6.75488e+03
   7.23069e-10   6.75488e+03
   7.24081e-10   6.75488e+03
   7.25093e-10   6.75488e+03
   7.26105e-10   6.75488e+03
   7.27117e-10   6.75488e+03
   7.28130e-10   6.75488e+03
   7.29142e-10   6.75488e+03
   7.30154e-10   6.75488e+03
   7.31167e-10   6.75488e+03
   7.32179e-10   -7.82270e+03
   7.33192e-10   -7.82270e+03
   7.34205e-10   -7.82270e+03
   7.35217e-10   -7.82270e+03
   7.36230e-10   -7.82270e+03
   7.37243e-10   -7.82270e+03
   7.38256e-10   -7.82270e+03
   7.39269e-10   -7.82270e+03
   7.40282e-10   -7.82270e+03
   7.41295e-10   -7.82270e+03
   7.42308e-10   -7.82270e+03
   7.43321e-10   -7.82270e+03
   7.44334e-10   -7.82270e+03
   7.45347e-10   -7.82270e+03
   7.46361e-10   -7.82270e+03
   7.47374e-10   -7.82270e+03
   7.48387e-10   -7.82270e+03
   7.49401e-10   -7.82270e+03
   7.50414e-10   -7.82270e+03
   7.51428e-10   -7.82270e+03
   7.52442e-10   -7.82270e+03
   7.53455e-10   7.72253e+03
   7.54469e-10   7.72253e+03
   7.55483e-10   7.72253e+03
   7.56497e-10   7.72253e+03
   7.57511e-10   7.72253e+03
   7.58525e-10   7.72253e+03
   7.59539e-10   7.72253e+03
   7.60553e-10   7.72253e+03
   7.61567e-10   7.72253e+03
   7.62581e-10   7.72253e+03
   7.63596e-10   7.72253e+03
   7.64610e-10   7.72253e+03
   7.65624e-10   7.72253e+03
   7.66639e-10   7.72253e+03
   7.67653e-10   7.72253e+03
   7.68668e-10   7.72253e+03
   7.69683e-10   7.72253e+03
   7.70697e-10   7.72253e+03
   7.71712e-10   7.72253e+03
   7.72727e-10   7.72253e+03
   7.73742e-10   7.72253e+03
   7.74757e-10   -9.06363e+03
   7.75772e-10   -9.06363e+03
   7.76787e-10   -9.06363e+03
   7.77802e-10   -9.06363e+03
   7.78817e-10   -9.06363e+03
   7.79832e-10   -9.06363e+03
   7.80847e-10   -9.06363e+03
   7.81863e-10   -9.06363e+03
   7.82878e-10   -9.06363e+03
   7.83893e-10   -9.06363e+03
   7.84909e-10   -9.06363e+03
   7.85924e-10   -9.06363e+03
   7.86940e-10   -9.06363e+03
   7.87956e-10   -9.06363e+03
   7.88971e-10   -9.06363e+03
   7.89987e-10   -9.06363e+03
   7.91003e-10   -9.06363e+03
   7.92019e-10   -9.06363e+03
   7.93035e-10   -9.06363e+03
   7.94051e-10   -9.06363e+03
   7.95067e-10   -9.06363e+03
   7.96083e-10   -3.94941e+03
   7.97099e-10   -3.94941e+03
   7.98115e-10   -3.94941e+03
   7.99131e-10   -3.94941e+03
   8.00148e-10   -3.94941e+03
   8.01164e-10   -3.94941e+03
   8.02180e-10   -3.94941e+03
   8.03197e-10   -3.94941e+03
   8.04213e-10   -3.94941e+03
   8.05230e-10   -3.94941e+03
   8.06246e-10   -3.94941e+03
   8.07263e-10   -3.94941e+03
   8.08280e-10   -3.94941e+03
   8.09297e-10   -3.94941e+03
   8.10314e-10   -3.94941e+03
   8.11330e-10   -3.94941e+03
   8.12347e-10   -3.94941e+03
   8.13364e-10   -3.94941e+03
   8.14382e-10   -3.94941e+03
   8.15399e-10   -3.94941e+03
   8.16416e-10   -1.20390e+02
   8.17433e-10   -1.20390e+02
   8.18450e-10   -1.20390e+02
   8.19468e-10   -1.20390e+02
   8.20485e-10   -1.20390e+02
   8.21503e-10   -1.20390e+02
   8.22520e-10   -1.20390e+02
   8.23538e-10   -1.20390e+02
   8.24555e-10   -1.20390e+02
   8.25573e-10   -1.20390e+02
   8.26591e-10   -1.20390e+02
   8.27608e-10   -1.20390e+02
   8.28626e-10   -1.20390e+02
   8.29644e-10   -1.20390e+02
   8.30662e-10   -1.20390e+02
   8.31680e-10   -1.20390e+02
   8.32698e-10   -1.20390e+02
   8.33716e-10   -1.20390e+02
   8.34734e-10   -1.20390e+02
   8.35752e-10   -1.20390e+02
   8.36771e-10   -1.20390e+02
   8.37789e-10   -5.08147e+03
   8.38807e-10   -5.08147e+03
   8.39826e-10   -5.08147e+03
   8.40844e-10   -5.08147e+03
   8.41863e-10   -5.08147e+03
   8.42881e-10   -5.08147e+03
   8.43900e-10   -5.08147e+03
   8.44919e-10   -5.08147e+03
   8.45937e-10   -5.08147e+03
   8.46956e-10   -5.08147e+03
   8.47975e-10   -5.08147e+03
   8.48994e-10   -5.08147e+03
   8.50013e-10   -5.08147e+03
   8.51032e-10   -5.08147e+03
   8.52051e-10   -5.08147e+03
   8.53070e-10   -5.08147e+03
   8.54089e-10   -5.08147e+03
   8.55108e-10   -5.08147e+03
   8.56128e-10   -5.08147e+03
   8.57147e-10   -5.08147e+03
   8.58166e-10   -5.08147e+03
   8.59186e-10   4.89632e+03
   8.60205e-10   4.89632e+03
   8.61225e-10   4.89632e+03
   8.62244e-10   4.89632e+03
   8.63264e-10   4.89632e+03
   8.64284e-10   4.89632e+03
   8.65304e-10   4.89632e+03
   8.66323e-10   4.89632e+03
   8.67343e-10   4.89632e+03
   8.68363e-10   4.89632e+03
   8.69383e-10   4.89632e+03
   8.70403e-10   4.89632e+03
   8.71423e-10   4.89632e+03
   8.72443e-10   4.89632e+03
   8.73463e-10   4.89632e+03
   8.74484e-10   4.89632e+03
   8.75504e-10   4.89632e+03
   8.76524e-10   4.89632e+03
   8.77544e-10   4.89632e+03
   8.78565e-10   4.89632e+03
   8.79585e-10   -7.54147e+03
   8.80606e-10   -7.54147e+03
   8.81626e-10   -7.54147e+03
   8.82647e-10   -7.54147e+03
   8.83668e-10   -7.54147e+03
   8.84688e-10   -7.54147e+03
   8.85709e-10   -7.54147e+03
   8.86730e-10   -7.54147e+03
   8.87751e-10   -7.54147e+03
   8.88772e-10   -7.54147e+03
   8.89793e-10   -7.54147e+03
   8.90814e-10   -7.54147e+03
   8.91835e-10   -7.54147e+03
   8.92856e-10   -7.54147e+03
   8.93877e-10   -7.54147e+03
   8.94899e-10   -7.54147e+03
   8.95920e-10   -7.54147e+03
   8.96941e-10   -7.54147e+03
   8.97963e-10   -7.54147e+03
   8.98984e-10   -7.54147e+03
   9.00006e-10   -7.54147e+03
   9.01027e-10   7.37305e+03
   9.02049e-10   7.37305e+03
   9.03070e-10   7.37305e+03
   9.04092e-10   7.37305e+03
   9.05114e-10   7.37305e+03
   9.06136e-10   7.37305e+03
   9.07157e-10   7.37305e+03
   9.08179e-10   7.37305e+03
   9.09201e-10   7.37305e+03
   9.10223e-10   7.37305e+03
   9.11245e-10   7.37305e+03
   9.12268e-10   7.37305e+03
   9.13290e-10   7.37305e+03
   9.14312e-10   7.37305e+03
   9.15334e-10   7.37305e+03
   9.16356e-10   7.37305e+03
   9.17379e-10   7.37305e+03
   9.18401e-10   7.37305e+03
   9.19424e-10   7.37305e+03
   9.20446e-10   7.37305e+03
   9.21469e-10   7.37305e+03
   9.22491e-10   -9.58632e+03
   9.23514e-10   -9.58632e+03
   9.24537e-10   -9.58632e+03
   9.25560e-10   -9.58632e+03
   9.26582e-10   -9.58632e+03
   9.27605e-10   -9.58632e+03
   9.28628e-10   -9.58632e+03
   9.29651e-10   -9.58632e+03
   9.30674e-10   -9.58632e+03
   9.31697e-10   -9.58632e+03
   9.32720e-10   -9.58632e+03
   9.33743e-10   -9.58632e+03
   9.34767e-10   -9.58632e+03
   9.35790e-10   -9.58632e+03
   9.36813e-10   -9.58632e+03
   9.37837e-10   -9.58632e+03
   9.38860e-10   -9.58632e+03
   9.39884e-10   -9.58632e+03
   9.40907e-10   -9.58632e+03
   9.41931e-10   -9.58632e+03
   9.42954e-10   -9.58632e+03
   9.43978e-10   -3.38083e+03
   9.45002e-10   -3.38083e+03
   9.46025e-10   -3.38083e+03
   9.47049e-10   -3.38083e+03
   9.48073e-10   -3.38083e+03
   9.49097e-10   -3.38083e+03
   9.50121e-10   -3.38083e+03
   9.51145e-10   -3.38083e+03
   9.52169e-10   -3.38083e+03
   9.53193e-10   -3.38083e+03
   9.54217e-10   -3.38083e+03
   9.55241e-10   -3.38083e+03
   9.56266e-10   -3.38083e+03
   9.57290e-10   -3.38083e+03
   9.58314e-10   -3.38083e+03
   9.59339e-10   -3.38083e+03
   9.60363e-10   -3.38083e+03
   9.61388e-10   -3.38083e+03
   9.62412e-10   -3.38083e+03
   9.63437e-10   -3.38083e+03
   9.64462e-10   -1.15218e+02
   9.65486e-10   -1.15218e+02
   9.66511e-10   -1.15218e+02
   9.67536e-10   -1.15218e+02
   9.68561e-10   -1.15218e+02
   9.69586e-10   -1.15218e+02
   9.70610e-10   -1.15218e+02
   9.71635e-10   -1.15218e+02
   9.72636e-10   -1.15218e+02
   9.73636e-10   -1.15218e+02
   9.74636e-10   -1.15218e+02
   9.75636e-10   -1.15218e+02
   9.76636e-10   -1.15218e+02
   9.77636e-10   -1.15218e+02
   9.78637e-10   -1.15218e+02
   9.79637e-10   -1.15218e+02
   9.80638e-10   -1.15218e+02
   9.81638e-10   -1.15218e+02
   9.82638e-10   -1.15218e+02
   9.83639e-10   -1.15218e+02
   9.84640e-10   -1.15218e+02
   9.85640e-10   -6.38932e+03
   9.86641e-10   -6.38932e+03
   9.87642e-10   -6.38932e+03
   9.88642e-10   -6.38932e+03
   9.89643e-10   -6.38932e+03
   9.90644e-10   -6.38932e+03
   9.91645e-10   -6.38932e+03
   9.92646e-10   -6.38932e+03
   9.93647e-10   -6.38932e+03
   9.94648e-10   -6.38932e+03
   9.95649e-10   -6.38932e+03
   9.96650e-10   -6.38932e+03
   9.97652e-10   -6.38932e+03
   9.98653e-10   -6.38932e+03
   9.99654e-10   -6.38932e+03
   1.00066e-09   -6.38932e+03
   1.00166e-09   -6.38932e+03
   1.00266e-09   -6.38932e+03
   1.00366e-09   -6.38932e+03
   1.00466e-09   -6.38932e+03
   1.00566e-09   -6.38932e+03
   1.00666e-09   -6.38932e+03
   1.00767e-09   6.17377e+03
   1.00867e-09   6.17377e+03
   1.00967e-09   6.17377e+03
   1.01067e-09   6.17377e+03
   1.01167e-09   6.17377e+03
   1.01267e-09   6.17377e+03
   1.01368e-09   6.17377e+03
   1.01468e-09   6.17377e+03
   1.01568e-09   6.17377e+03
   1.01668e-09   6.17377e+03
   1.01768e-09   6.17377e+03
   1.01869e-09   6.17377e+03
   1.01969e-09   6.17377e+03
   1.02069e-09   6.17377e+03
   1.02169e-09   6.17377e+03
   1.02270e-09   6.17377e+03
   1.02370e-09   6.17377e+03
   1.02470e-09   6.17377e+03
   1.02570e-09   6.17377e+03
   1.02671e-09   6.17377e+03
   1.02771e-09   6.17377e+03
   1.02871e-09   -9.15297e+03
   1.02971e-09   -9.15297e+03
   1.03072e-09   -9.15297e+03
   1.03172e-09   -9.15297e+03
   1.03272e-09   -9.15297e+03
   1.03372e-09   -9.15297e+03
   1.03473e-09   -9.15297e+03
   1.03573e-09   -9.15297e+03
   1.03673e-09   -9.15297e+03
   1.03774e-09   -9.15297e+03
   1.03874e-09   -9.15297e+03
   1.03974e-09   -9.15297e+03
   1.04075e-09   -9.15297e+03
   1.04175e-09   -9.15297e+03
   1.04275e-09   -9.15297e+03
   1.04376e-09   -9.15297e+03
   1.04476e-09   -9.15297e+03
   1.04576e-09   -9.15297e+03
   1.04677e-09   -9.15297e+03
   1.04777e-09   -9.15297e+03
   1.04877e-09   -9.15297e+03
   1.04978e-09   -3.80517e+03
   1.05078e-09   -3.80517e+03
   1.05178e-09   -3.80517e+03
   1.05279e-09   -3.80517e+03
   1.05379e-09   -3.80517e+03
   1.05479e-09   -3.80517e+03
   1.05580e-09   -3.80517e+03
   1.05680e-09   -3.80517e+03
   1.05781e-09   -3.80517e+03
   1.05881e-09   -3.80517e+03
   1.05981e-09   -3.80517e+03
   1.06082e-09   -3.80517e+03
   1.06182e-09   -3.80517e+03
   1.06283e-09   -3.80517e+03
   1.06383e-09   -3.80517e+03
   1.06483e-09   -3.80517e+03
   1.06584e-09   -3.80517e+03
   1.06684e-09   -3.80517e+03
   1.06785e-09   -3.80517e+03
   1.06885e-09   -3.80517e+03
   1.06986e-09   -3.80517e+03
   1.07086e-09   -1.28448e+02
   1.07186e-09   -1.28448e+02
   1.07287e-09   -1.28448e+02
   1.07387e-09   -1.28448e+02
   1.07488e-09   -1.28448e+02
   1.07588e-09   -1.28448e+02
   1.07689e-09   -1.28448e+02
   1.07789e-09   -1.28448e+02
   1.07890e-09   -1.28448e+02
   1.07990e-09   -1.28448e+02
   1.08091e-09   -1.28448e+02
   1.08191e-09   -1.28448e+02
   1.08292e-09   -1.28448e+02
   1.08392e-09   -1.28448e+02
   1.08493e-09   -1.28448e+02
   1.08593e-09   -1.28448e+02
   1.08694e-09   -1.28448e+02
   1.08794e-09   -1.28448e+02
   1.08895e-09   -1.28448e+02
   1.08995e-09   -1.28448e+02
   1.09096e-09   -1.28448e+02
   1.09196e-09   -1.28448e+02
   1.09297e-09   -6.50348e+03
   1.09398e-09   -6.50348e+03
   1.09498e-09   -6.50348e+03
   1.09599e-09   -6.50348e+03
   1.09699e-09   -6.50348e+03
   1.09800e-09   -6.50348e+03
   1.09900e-09   -6.50348e+03
   1.10001e-09   -6.50348e+03
   1.10101e-09   -6.50348e+03
   1.10202e-09   -6.50348e+03
   1.10303e-09   -6.50348e+03
   1.10403e-09   -6.50348e+03
   1.10504e-09   -6.50348e+03
   1.10604e-09   -6.50348e+03
   1.10705e-09   -6.50348e+03
   1.10806e-09   -6.50348e+03
   1.10906e-09   -6.50348e+03
   1.11007e-09   -6.50348e+03
   1.11107e-09   -6.50348e+03
   1.11208e-09   -6.50348e+03
   1.11309e-09   -6.50348e+03
   1.11409e-09   6.27531e+03
   1.11510e-09   6.27531e+03
   1.11611e-09   6.27531e+03
   1.11711e-09   6.27531e+03
   1.11812e-09   6.27531e+03
   1.11913e-09   6.27531e+03
   1.12013e-09   6.27531e+03
   1.12114e-09   6.27531e+03
   1.12215e-09   6.27531e+03
   1.12315e-09   6.27531e+03
   1.12416e-09   6.27531e+03
   1.12517e-09   6.27531e+03
   1.12617e-09   6.27531e+03
   1.12718e-09   6.27531e+03
   1.12819e-09   6.27531e+03
   1.12919e-09   6.27531e+03
   1.13020e-09   6.27531e+03
   1.13121e-09   6.27531e+03
   1.13221e-09   6.27531e+03
   1.13322e-09   6.27531e+03
   1.13423e-09   6.27531e+03
   1.13524e-09   -9.43289e+03
   1.13624e-09   -9.43289e+03
   1.13725e-09   -9.43289e+03
   1.13826e-09   -9.43289e+03
   1.13927e-09   -9.43289e+03
   1.14027e-09   -9.43289e+03
   1.14128e-09   -9.43289e+03
   1.14229e-09   -9.43289e+03
   1.14330e-09   -9.43289e+03
   1.14430e-09   -9.43289e+03
   1.14531e-09   -9.43289e+03
   1.14632e-09   -9.43289e+03
   1.14733e-09   -9.43289e+03
   1.14833e-09   -9.43289e+03
   1.14934e-09   -9.43289e+03
   1.15035e-09   -9.43289e+03
   1.15136e-09   -9.43289e+03
   1.15237e-09   -9.43289e+03
   1.15337e-09   -9.43289e+03
   1.15438e-09   -9.43289e+03
   1.15539e-09   -9.43289e+03
   1.15640e-09   -3.47953e+03
   1.15741e-09   -3.47953e+03
   1.15841e-09   -3.47953e+03
   1.15942e-09   -3.47953e+03
   1.16043e-09   -3.47953e+03
   1.16144e-09   -3.47953e+03
   1.16245e-09   -3.47953e+03
   1.16346e-09   -3.47953e+03
   1.16446e-09   -3.47953e+03
   1.16547e-09   -3.47953e+03
   1.16648e-09   -3.47953e+03
   1.16749e-09   -3.47953e+03
   1.16850e-09   -3.47953e+03
   1.16951e-09   -3.47953e+03
   1.17052e-09   -3.47953e+03
   1.17152e-09   -3.47953e+03
   1.17253e-09   -3.47953e+03
   1.17354e-09   -3.47953e+03
   1.17455e-09   -3.47953e+03
   1.17556e-09   -3.47953e+03
   1.17657e-09   -3.47953e+03
   1.17758e-09   -3.47953e+03
   1.17859e-09   -1.24001e+02
   1.17960e-09   -1.24001e+02
   1.18060e-09   -1.24001e+02
   1.18161e-09   -1.24001e+02
   1.18262e-09   -1.24001e+02
   1.18363e-09   -1.24001e+02
   1.18464e-09   -1.24001e+02
   1.18565e-09   -1.24001e+02
   1.18666e-09   -1.24001e+02
   1.18767e-09   -1.24001e+02
   1.18868e-09   -1.24001e+02
   1.18969e-09   -1.24001e+02
   1.19070e-09   -1.24001e+02
   1.19171e-09   -1.24001e+02
   1.19272e-09   -1.24001e+02
   1.19373e-09   -1.24001e+02
   1.19474e-09   -1.24001e+02
   1.19575e-09   -1.24001e+02
   1.19676e-09   -1.24001e+02
   1.19777e-09   -1.24001e+02
   1.19878e-09   -1.24001e+02
   1.19979e-09   -6.98755e+03
   1.20080e-09   -6.98755e+03
   1.20181e-09   -6.98755e+03
   1.20282e-09   -6.98755e+03
   1.20383e-09   -6.98755e+03
   1.20484e-09   -6.98755e+03
   1.20585e-09   -6.98755e+03
   1.20686e-09   -6.98755e+03
   1.20787e-09   -6.98755e+03
   1.20888e-09   -6.98755e+03
   1.20989e-09   -6.98755e+03
   1.21090e-09   -6.98755e+03
   1.21191e-09   -6.98755e+03
   1.21292e-09   -6.98755e+03
   1.21393e-09   -6.98755e+03
   1.21494e-09   -6.98755e+03
   1.21595e-09   -6.98755e+03
   1.21696e-09   -6.98755e+03
   1.21797e-09   -6.98755e+03
   1.21898e-09   -6.98755e+03
   1.21999e-09   -6.98755e+03
   1.22100e-09   6.73139e+03
   1.22201e-09   6.73139e+03
   1.22302e-09   6.73139e+03
   1.22403e-09   6.73139e+03
   1.22505e-09   6.73139e+03
   1.22606e-09   6.73139e+03
   1.22707e-09   6.73139e+03
   1.22808e-09   6.73139e+03
   1.22909e-09   6.73139e+03
   1.23010e-09   6.73139e+03
   1.23111e-09   6.73139e+03
   1.23212e-09   6.73139e+03
   1.23313e-09   6.73139e+03
   1.23415e-09   6.73139e+03
   1.23516e-09   6.73139e+03
   1.23617e-09   6.73139e+03
   1.23718e-09   6.73139e+03
   1.23819e-09   6.73139e+03
   1.23920e-09   6.73139e+03
   1.24021e-09   6.73139e+03
   1.24123e-09   6.73139e+03
   1.24224e-09   -9.96532e+03
   1.24325e-09   -9.96532e+03
   1.24426e-09   -9.96532e+03
   1.24527e-09   -9.96532e+03
   1.24628e-09   -9.96532e+03
   1.24730e-09   -9.96532e+03
   1.24831e-09   -9.96532e+03
   1.24932e-09   -9.96532e+03
   1.25033e-09   -9.96532e+03
   1.25134e-09   -9.96532e+03
   1.25236e-09   -9.96532e+03
   1.25337e-09   -9.96532e+03
   1.25438e-09   -9.96532e+03
   1.25539e-09   -9.96532e+03
   1.25640e-09   -9.96532e+03
   1.25742e-09   -9.96532e+03
   1.25843e-09   -9.96532e+03
   1.25944e-09   -9.96532e+03
   1.26045e-09   -9.96532e+03
   1.26146e-09   -9.96532e+03
   1.26248e-09   -9.96532e+03
   1.26349e-09   -9.96532e+03
   1.26450e-09   -2.87735e+03
   1.26551e-09   -2.87735e+03
   1.26653e-09   -2.87735e+03
   1.26754e-09   -2.87735e+03
   1.26855e-09   -2.87735e+03
   1.26956e-09   -2.87735e+03
   1.27058e-09   -2.87735e+03
   1.27159e-09   -2.87735e+03
   1.27260e-09   -2.87735e+03
   1.27362e-09   -2.87735e+03
   1.27463e-09   -2.87735e+03
   1.27564e-09   -2.87735e+03
   1.27665e-09   -2.87735e+03
   1.27767e-09   -2.87735e+03
   1.27868e-09   -2.87735e+03
   1.27969e-09   -2.87735e+03
   1.28071e-09   -2.87735e+03
   1.28172e-09   -2.87735e+03
   1.28273e-09   -2.87735e+03
   1.28375e-09   -2.87735e+03
   1.28476e-09   -2.87735e+03
   1.28577e-09   -1.16708e+02
   1.28679e-09   -1.16708e+02
   1.28780e-09   -1.16708e+02
   1.28881e-09   -1.16708e+02
   1.28983e-09   -1.16708e+02
   1.29084e-09   -1.16708e+02
   1.29185e-09   -1.16708e+02
   1.29287e-09   -1.16708e+02
   1.29388e-09   -1.16708e+02
   1.29489e-09   -1.16708e+02
   1.29591e-09   -1.16708e+02
   1.29692e-09   -1.16708e+02
   1.29794e-09   -1.16708e+02
   1.29895e-09   -1.16708e+02
   1.29996e-09   -1.16708e+02
   1.30098e-09   -1.16708e+02
   1.30199e-09   -1.16708e+02
   1.30300e-09   -1.16708e+02
   1.30402e-09   -1.16708e+02
   1.30503e-09   -1.16708e+02
   1.30605e-09   -1.16708e+02
   1.30706e-09   -7.58036e+03
   1.30808e-09   -7.58036e+03
   1.30909e-09   -7.58036e+03
   1.31010e-09   -7.58036e+03
   1.31112e-09   -7.58036e+03
   1.31213e-09   -7.58036e+03
   1.31315e-09   -7.58036e+03
   1.31416e-09   -7.58036e+03
   1.31518e-09   -7.58036e+03
   1.31619e-09   -7.58036e+03
   1.31720e-09   -7.58036e+03
   1.31822e-09   -7.58036e+03
   1.31923e-09   -7.58036e+03
   1.32025e-09   -7.58036e+03
   1.32126e-09   -7.58036e+03
   1.32228e-09   -7.58036e+03
   1.32329e-09   -7.58036e+03
   1.32431e-09   -7.58036e+03
   1.32532e-09   -7.58036e+03
   1.32634e-09   -7.58036e+03
   1.32735e-09   -7.58036e+03
   1.32837e-09   7.26394e+03
   1.32938e-09   7.26394e+03
   1.33040e-09   7.26394e+03
   1.33141e-09   7.26394e+03
   1.33243e-09   7.26394e+03
   1.33344e-09   7.26394e+03
   1.33446e-09   7.26394e+03
   1.33547e-09   7.26394e+03
   1.33649e-09   7.26394e+03
   1.33750e-09   7.26394e+03
   1.33852e-09   7.26394e+03
   1.33953e-09   7.26394e+03
   1.34055e-09   7.26394e+03
   1.34156e-09   7.26394e+03
   1.34258e-09   7.26394e+03
   1.34359e-09   7.26394e+03
   1.34461e-09   7.26394e+03
   1.34563e-09   7.26394e+03
   1.34664e-09   7.26394e+03
   1.34766e-09   7.26394e+03
   1.34867e-09   7.26394e+03
   1.34969e-09   7.26394e+03
   1.35070e-09   -1.05000e+04
   1.35172e-09   -1.05000e+04
   1.35274e-09   -1.05000e+04
   1.35375e-09   -1.05000e+04
   1.35477e-09   -1.05000e+04
   1.35578e-09   -1.05000e+04
   1.35680e-09   -1.05000e+04
   1.35782e-09   -1.05000e+04
   1.35883e-09   -1.05000e+04
   1.35985e-09   -1.05000e+04
   1.36086e-09   -1.05000e+04
   1.36188e-09   -1.05000e+04
   1.36290e-09   -1.05000e+04
   1.36391e-09   -1.05000e+04
   1.36493e-09   -1.05000e+04
   1.36595e-09   -1.05000e+04
   1.36696e-09   -1.05000e+04
   1.36798e-09   -1.05000e+04
   1.36899e-09   -1.05000e+04
   1.37001e-09   -1.05000e+04
   1.37103e-09   -1.05000e+04
   1.37204e-09   -2.23673e+03
   1.37306e-09   -2.23673e+03
   1.37408e-09   -2.23673e+03
   1.37509e-09   -2.23673e+03
   1.37611e-09   -2.23673e+03
   1.37713e-09   -2.23673e+03
   1.37814e-09   -2.23673e+03
   1.37916e-09   -2.23673e+03
   1.38018e-09   -2.23673e+03
   1.38119e-09   -2.23673e+03
   1.38221e-09   -2.23673e+03
   1.38323e-09   -2.23673e+03
   1.38425e-09   -2.23673e+03
   1.38526e-09   -2.23673e+03
   1.38628e-09   -2.23673e+03
   1.38730e-09   -2.23673e+03
   1.38831e-09   -2.23673e+03
   1.38933e-09   -2.23673e+03
   1.39035e-09   -2.23673e+03
   1.39137e-09   -2.23673e+03
   1.39238e-09   -2.23673e+03
   1.39340e-09   -1.10518e+02
   1.39442e-09   -1.10518e+02
   1.39544e-09   -1.10518e+02
   1.39645e-09   -1.10518e+02
   1.39747e-09   -1.10518e+02
   1.39849e-09   -1.10518e+02
   1.39951e-09   -1.10518e+02
   1.40052e-09   -1.10518e+02
   1.40154e-09   -1.10518e+02
   1.40256e-09   -1.10518e+02
   1.40358e-09   -1.10518e+02
   1.40459e-09   -1.10518e+02
   1.40561e-09   -1.10518e+02
   1.40663e-09   -1.10518e+02
   1.40765e-09   -1.10518e+02
   1.40867e-09   -1.10518e+02
   1.40968e-09   -1.10518e+02
   1.41070e-09   -1.10518e+02
   1.41172e-09   -1.10518e+02
   1.41274e-09   -1.10518e+02
   1.41376e-09   -1.10518e+02
   1.41477e-09   -8.19614e+03
   1.41579e-09   -8.19614e+03
   1.41681e-09   -8.19614e+03
   1.41783e-09   -8.19614e+03
   1.41885e-09   -8.19614e+03
   1.41986e-09   -8.19614e+03
   1.42088e-09   -8.19614e+03
   1.42190e-09   -8.19614e+03
   1.42292e-09   -8.19614e+03
   1.42394e-09   -8.19614e+03
   1.42496e-09   -8.19614e+03
   1.42598e-09   -8.19614e+03
   1.42699e-09   -8.19614e+03
   1.42801e-09   -8.19614e+03
   1.42903e-09   -8.19614e+03
   1.43005e-09   -8.19614e+03
   1.43107e-09   -8.19614e+03
   1.43209e-09   -8.19614e+03
   1.43311e-09   -8.19614e+03
   1.43412e-09   -8.19614e+03
   1.43514e-09   -8.19614e+03
   1.43616e-09   -8.19614e+03
   1.43718e-09   7.82750e+03
   1.43820e-09   7.82750e+03
   1.43922e-09   7.82750e+03
   1.44024e-09   7.82750e+03
   1.44126e-09   7.82750e+03
   1.44228e-09   7.82750e+03
   1.44330e-09   7.82750e+03
   1.44431e-09   7.82750e+03
   1.44533e-09   7.82750e+03
   1.44635e-09   7.82750e+03
   1.44737e-09   7.82750e+03
   1.44839e-09   7.82750e+03
   1.44941e-09   7.82750e+03
   1.45043e-09   7.82750e+03
   1.45145e-09   7.82750e+03
   1.45247e-09   7.82750e+03
   1.45349e-09   7.82750e+03
   1.45451e-09   7.82750e+03
   1.45553e-09   7.82750e+03
   1.45655e-09   7.82750e+03
   1.45757e-09   7.82750e+03
   1.45859e-09   -1.10458e+04
   1.45961e-09   -1.10458e+04
   1.46063e-09   -1.10458e+04
   1.46165e-09   -1.10458e+04
   1.46267e-09   -1.10458e+04
   1.46369e-09   -1.10458e+04
   1.46471e-09   -1.10458e+04
   1.46573e-09   -1.10458e+04
   1.46675e-09   -1.10458e+04
   1.46777e-09   -1.10458e+04
   1.46879e-09   -1.10458e+04
   1.46981e-09   -1.10458e+04
   1.47083e-09   -1.10458e+04
   1.47185e-09   -1.10458e+04
   1.47287e-09   -1.10458e+04
   1.47389e-09   -1.10458e+04
   1.47491e-09   -1.10458e+04
   1.47593e-09   -1.10458e+04
   1.47695e-09   -1.10458e+04
   1.47797e-09   -1.10458e+04
   1.47899e-09   -1.10458e+04
   1.48001e-09   -1.59385e+03
   1.48103e-09   -1.59385e+03
   1.48205e-09   -1.59385e+03
   1.48307e-09   -1.59385e+03
   1.48409e-09   -1.59385e+03
   1.48511e-09   -1.59385e+03
   1.48613e-09   -1.59385e+03
   1.48715e-09   -1.59385e+03
   1.48817e-09   -1.59385e+03
   1.48919e-09   -1.59385e+03
   1.49022e-09   -1.59385e+03
   1.49124e-09   -1.59385e+03
   1.49226e-09   -1.59385e+03
   1.49328e-09   -1.59385e+03
   1.49430e-09   -1.59385e+03
   1.49532e-09   -1.59385e+03
   1.49634e-09   -1.59385e+03
   1.49736e-09   -1.59385e+03
   1.49838e-09   -1.59385e+03
   1.49940e-09   -1.59385e+03
   1.50042e-09   -1.59385e+03
   1.50145e-09   -1.04527e+02
   1.50247e-09   -1.04527e+02
   1.50349e-09   -1.04527e+02
   1.50451e-09   -1.04527e+02
   1.50553e-09   -1.04527e+02
   1.50655e-09   -1.04527e+02
   1.50757e-09   -1.04527e+02
   1.50860e-09   -1.04527e+02
   1.50962e-09   -1.04527e+02
   1.51064e-09   -1.04527e+02
   1.51166e-09   -1.04527e+02
   1.51268e-09   -1.04527e+02
   1.51370e-09   -1.04527e+02
   1.51472e-09   -1.04527e+02
   1.51575e-09   -1.04527e+02
   1.51677e-09   -1.04527e+02
   1.51779e-09   -1.04527e+02
   1.51881e-09   -1.04527e+02
   1.51983e-09   -1.04527e+02
   1.52086e-09   -1.04527e+02
   1.52188e-09   -1.04527e+02
   1.52290e-09   -1.04527e+02
   1.52392e-09   -8.78307e+03
   1.52494e-09   -8.78307e+03
   1.52597e-09   -8.78307e+03
   1.52699e-09   -8.78307e+03
   1.52801e-09   -8.78307e+03
   1.52903e-09   -8.78307e+03
   1.53005e-09   -8.78307e+03
   1.53108e-09   -8.78307e+03
   1.53210e-09   -8.78307e+03
   1.53312e-09   -8.78307e+03
   1.53414e-09   -8.78307e+03
   1.53516e-09   -8.78307e+03
   1.53619e-09   -8.78307e+03
   1.53721e-09   -8.78307e+03
   1.53823e-09   -8.78307e+03
   1.53925e-09   -8.78307e+03
   1.54028e-09   -8.78307e+03
   1.54130e-09   -8.78307e+03
   1.54232e-09   -8.78307e+03
   1.54334e-09   -8.78307e+03
   1.54437e-09   -8.78307e+03
   1.54539e-09   -4.03824e+03
   1.54641e-09   -4.03824e+03
   1.54744e-09   -4.03824e+03
   1.54846e-09   -4.03824e+03
   1.54948e-09   -4.03824e+03
   1.55050e-09   -4.03824e+03
   1.55153e-09   -4.03824e+03
   1.55255e-09   -4.03824e+03
   1.55357e-09   -4.03824e+03
   1.55460e-09   -4.03824e+03
   1.55562e-09   -4.03824e+03
   1.55664e-09   -4.03824e+03
   1.55767e-09   -4.03824e+03
   1.55869e-09   -4.03824e+03
   1.55971e-09   -4.03824e+03
   1.56073e-09   -4.03824e+03
   1.56176e-09   -4.03824e+03
   1.56278e-09   -4.03824e+03
   1.56380e-09   -4.03824e+03
   1.56483e-09   -4.03824e+03
   1.56585e-09   -4.03824e+03
   1.56687e-09   -1.40561e+02
   1.56790e-09   -1.40561e+02
   1.56892e-09   -1.40561e+02
   1.56994e-09   -1.40561e+02
   1.57097e-09   -1.40561e+02
   1.57199e-09   -1.40561e+02
   1.57302e-09   -1.40561e+02
   1.57404e-09   -1.40561e+02
   1.57506e-09   -1.40561e+02
   1.57609e-09   -1.40561e+02
   1.57711e-09   -1.40561e+02
   1.57813e-09   -1.40561e+02
   1.57916e-09   -1.40561e+02
   1.58018e-09   -1.40561e+02
   1.58121e-09   -1.40561e+02
   1.58223e-09   -1.40561e+02
   1.58325e-09   -1.40561e+02
   1.58428e-09   -1.40561e+02
   1.58530e-09   -1.40561e+02
   1.58633e-09   -1.40561e+02
   1.58735e-09   -1.40561e+02
   1.58837e-09   -7.36201e+03
   1.58940e-09   -7.36201e+03
   1.59042e-09   -7.36201e+03
   1.59145e-09   -7.36201e+03
   1.59247e-09   -7.36201e+03
   1.59349e-09   -7.36201e+03
   1.59452e-09   -7.36201e+03
   1.59554e-09   -7.36201e+03
   1.59657e-09   -7.36201e+03
   1.59759e-09   -7.36201e+03
   1.59862e-09   -7.36201e+03
   1.59964e-09   -7.36201e+03
   1.60067e-09   -7.36201e+03
   1.60169e-09   -7.36201e+03
   1.60271e-09   -7.36201e+03
   1.60374e-09   -7.36201e+03
   1.60476e-09   -7.36201e+03
   1.60579e-09   -7.36201e+03
   1.60681e-09   -7.36201e+03
   1.60784e-09   -7.36201e+03
   1.60886e-09   -7.36201e+03
   1.60989e-09   -7.36201e+03
   1.61091e-09   7.04478e+03
   1.61194e-09   7.04478e+03
   1.61296e-09   7.04478e+03
   1.61399e-09   7.04478e+03
   1.61501e-09   7.04478e+03
   1.61604e-09   7.04478e+03
   1.61706e-09   7.04478e+03
   1.61809e-09   7.04478e+03
   1.61911e-09   7.04478e+03
   1.62014e-09   7.04478e+03
   1.62116e-09   7.04478e+03
   1.62219e-09   7.04478e+03
   1.62321e-09   7.04478e+03
   1.62424e-09   7.04478e+03
   1.62526e-09   7.04478e+03
   1.62629e-09   7.04478e+03
   1.62731e-09   7.04478e+03
   1.62834e-09   7.04478e+03
   1.62937e-09   7.04478e+03
   1.63039e-09   7.04478e+03
   1.63142e-09   7.04478e+03
   1.63244e-09   -1.04477e+04
   1.63347e-09   -1.04477e+04
   1.63449e-09   -1.04477e+04
   1.63549e-09   -1.04477e+04
   1.63649e-09   -1.04477e+04
   1.63749e-09   -1.04477e+04
   1.63849e-09   -1.04477e+04
   1.63949e-09   -1.04477e+04
   1.64049e-09   -1.04477e+04
   1.64149e-09   -1.04477e+04
   1.64249e-09   -1.04477e+04
   1.64349e-09   -1.04477e+04
   1.64450e-09   -1.04477e+04
   1.64550e-09   -1.04477e+04
   1.64650e-09   -1.04477e+04
   1.64750e-09   -1.04477e+04
   1.64850e-09   -1.04477e+04
   1.64950e-09   -1.04477e+04
   1.65050e-09   -1.04477e+04
   1.65150e-09   -1.04477e+04
   1.65250e-09   -1.04477e+04
   1.65350e-09   -1.04477e+04
   1.65450e-09   -2.18752e+03
   1.65550e-09   -2.18752e+03
   1.65650e-09   -2.18752e+03
   1.65750e-09   -2.18752e+03
   1.65850e-09   -2.18752e+03
   1.65950e-09   -2.18752e+03
   1.66050e-09   -2.18752e+03
   1.66150e-09   -2.18752e+03
   1.66251e-09   -2.18752e+03
   1.66351e-09   -2.18752e+03
   1.66451e-09   -2.18752e+03
   1.66551e-09   -2.18752e+03
   1.66651e-09   -2.18752e+03
   1.66751e-09   -2.18752e+03
   1.66851e-09   -2.18752e+03
   1.66951e-09   -2.18752e+03
   1.67051e-09   -2.18752e+03
   1.67151e-09   -2.18752e+03
   1.67252e-09   -2.18752e+03
   1.67352e-09   -2.18752e+03
   1.67452e-09   -2.18752e+03
   1.67552e-09   -1.10209e+02
   1.67652e-09   -1.10209e+02
   1.67752e-09   -1.10209e+02
   1.67852e-09   -1.10209e+02
   1.67952e-09   -1.10209e+02
   1.68053e-09   -1.10209e+02
   1.68153e-09   -1.10209e+02
   1.68253e-09   -1.10209e+02
   1.68353e-09   -1.10209e+02
   1.68453e-09   -1.10209e+02
   1.68553e-09   -1.10209e+02
   1.68654e-09   -1.10209e+02
   1.68754e-09   -1.10209e+02
   1.68854e-09   -1.10209e+02
   1.68954e-09   -1.10209e+02
   1.69054e-09   -1.10209e+02
   1.69154e-09   -1.10209e+02
   1.69255e-09   -1.10209e+02
   1.69355e-09   -1.10209e+02
   1.69455e-09   -1.10209e+02
   1.69555e-09   -1.10209e+02
   1.69655e-09   -1.10209e+02
   1.69755e-09   -8.33155e+03
   1.69856e-09   -8.33155e+03
   1.69956e-09   -8.33155e+03
   1.70056e-09   -8.33155e+03
   1.70156e-09   -8.33155e+03
   1.70256e-09   -8.33155e+03
   1.70357e-09   -8.33155e+03
   1.70457e-09   -8.33155e+03
   1.70557e-09   -8.33155e+03
   1.70657e-09   -8.33155e+03
   1.70758e-09   -8.33155e+03
   1.70858e-09   -8.33155e+03
   1.70958e-09   -8.33155e+03
   1.71058e-09   -8.33155e+03
   1.71158e-09   -8.33155e+03
   1.71259e-09   -8.33155e+03
   1.71359e-09   -8.33155e+03
   1.71459e-09   -8.33155e+03
   1.71559e-09   -8.33155e+03
   1.71660e-09   -8.33155e+03
   1.71760e-09   -8.33155e+03
   1.71860e-09   -8.33155e+03
   1.71960e-09   -4.41352e+03
   1.72061e-09   -4.41352e+03
   1.72161e-09   -4.41352e+03
   1.72261e-09   -4.41352e+03
   1.72362e-09   -4.41352e+03
   1.72462e-09   -4.41352e+03
   1.72562e-09   -4.41352e+03
   1.72662e-09   -4.41352e+03
   1.72763e-09   -4.41352e+03
   1.72863e-09   -4.41352e+03
   1.72963e-09   -4.41352e+03
   1.73064e-09   -4.41352e+03
   1.73164e-09   -4.41352e+03
   1.73264e-09   -4.41352e+03
   1.73364e-09   -4.41352e+03
   1.73465e-09   -4.41352e+03
   1.73565e-09   -4.41352e+03
   1.73665e-09   -4.41352e+03
   1.73766e-09   -4.41352e+03
   1.73866e-09   -4.41352e+03
   1.73966e-09   -4.41352e+03
   1.74067e-09   -4.41352e+03
   1.74167e-09   -1.50306e+02
   1.74267e-09   -1.50306e+02
   1.74368e-09   -1.50306e+02
   1.74468e-09   -1.50306e+02
   1.74568e-09   -1.50306e+02
   1.74669e-09   -1.50306e+02
   1.74769e-09   -1.50306e+02
   1.74869e-09   -1.50306e+02
   1.74970e-09   -1.50306e+02
   1.75070e-09   -1.50306e+02
   1.75170e-09   -1.50306e+02
   1.75271e-09   -1.50306e+02
   1.75371e-09   -1.50306e+02
   1.75471e-09   -1.50306e+02
   1.75572e-09   -1.50306e+02
   1.75672e-09   -1.50306e+02
   1.75773e-09   -1.50306e+02
   1.75873e-09   -1.50306e+02
   1.75973e-09   -1.50306e+02
   1.76074e-09   -1.50306e+02
   1.76174e-09   -1.50306e+02
   1.76274e-09   -1.50306e+02
   1.76375e-09   -6.99239e+03
   1.76475e-09   -6.99239e+03
   1.76576e-09   -6.99239e+03
   1.76676e-09   -6.99239e+03
   1.76776e-09   -6.99239e+03
   1.76877e-09   -6.99239e+03
   1.76977e-09   -6.99239e+03
   1.77078e-09   -6.99239e+03
   1.77178e-09   -6.99239e+03
   1.77278e-09   -6.99239e+03
   1.77379e-09   -6.99239e+03
   1.77479e-09   -6.99239e+03
   1.77580e-09   -6.99239e+03
   1.77680e-09   -6.99239e+03
   1.77781e-09   -6.99239e+03
   1.77881e-09   -6.99239e+03
   1.77981e-09   -6.99239e+03
   1.78082e-09   -6.99239e+03
   1.78182e-09   -6.99239e+03
   1.78283e-09   -6.99239e+03
   1.78383e-09   -6.99239e+03
   1.78484e-09   6.70860e+03
   1.78584e-09   6.70860e+03
   1.78685e-09   6.70860e+03
   1.78785e-09   6.70860e+03
   1.78886e-09   6.70860e+03
   1.78986e-09   6.70860e+03
   1.79086e-09   6.70860e+03
   1.79187e-09   6.70860e+03
   1.79287e-09   6.70860e+03
   1.79388e-09   6.70860e+03
   1.79488e-09   6.70860e+03
   1.79589e-09   6.70860e+03
   1.79689e-09   6.70860e+03
   1.79790e-09   6.70860e+03
   1.79890e-09   6.70860e+03
   1.79991e-09   6.70860e+03
   1.80091e-09   6.70860e+03
   1.80192e-09   6.70860e+03
   1.80292e-09   6.70860e+03
   1.80393e-09   6.70860e+03
   1.80493e-09   6.70860e+03
   1.80594e-09   6.70860e+03
   1.80694e-09   -1.00965e+04
   1.80795e-09   -1.00965e+04
   1.80895e-09   -1.00965e+04
   1.80996e-09   -1.00965e+04
   1.81096e-09   -1.00965e+04
   1.81197e-09   -1.00965e+04
   1.81298e-09   -1.00965e+04
   1.81398e-09   -1.00965e+04
   1.81499e-09   -1.00965e+04
   1.81599e-09   -1.00965e+04
   1.81700e-09   -1.00965e+04
   1.81800e-09   -1.00965e+04
   1.81901e-09   -1.00965e+04
   1.82001e-09   -1.00965e+04
   1.82102e-09   -1.00965e+04
   1.82202e-09   -1.00965e+04
   1.82303e-09   -1.00965e+04
   1.82404e-09   -1.00965e+04
   1.82504e-09   -1.00965e+04
   1.82605e-09   -1.00965e+04
   1.82705e-09   -1.00965e+04
   1.82806e-09   -1.00965e+04
   1.82906e-09   -2.50407e+03
   1.83007e-09   -2.50407e+03
   1.83108e-09   -2.50407e+03
   1.83208e-09   -2.50407e+03
   1.83309e-09   -2.50407e+03
   1.83409e-09   -2.50407e+03
   1.83510e-09   -2.50407e+03
   1.83611e-09   -2.50407e+03
   1.83711e-09   -2.50407e+03
   1.83812e-09   -2.50407e+03
   1.83912e-09   -2.50407e+03
   1.84013e-09   -2.50407e+03
   1.84114e-09   -2.50407e+03
   1.84214e-09   -2.50407e+03
   1.84315e-09   -2.50407e+03
   1.84415e-09   -2.50407e+03
   1.84516e-09   -2.50407e+03
   1.84617e-09   -2.50407e+03
   1.84717e-09   -2.50407e+03
   1.84818e-09   -2.50407e+03
   1.84919e-09   -2.50407e+03
   1.85019e-09   -2.50407e+03
   1.85120e-09   -1.11425e+02
   1.85221e-09   -1.11425e+02
   1.85321e-09   -1.11425e+02
   1.85422e-09   -1.11425e+02
   1.85522e-09   -1.11425e+02
   1.85623e-09   -1.11425e+02
   1.85724e-09   -1.11425e+02
   1.85824e-09   -1.11425e+02
   1.85925e-09   -1.11425e+02
   1.86026e-09   -1.11425e+02
   1.86126e-09   -1.11425e+02
   1.86227e-09   -1.11425e+02
   1.86328e-09   -1.11425e+02
   1.86428e-09   -1.11425e+02
   1.86529e-09   -1.11425e+02
   1.86630e-09   -1.11425e+02
   1.86731e-09   -1.11425e+02
   1.86831e-09   -1.11425e+02
   1.86932e-09   -1.11425e+02
   1.87033e-09   -1.11425e+02
   1.87133e-09   -1.11425e+02
   1.87234e-09   -1.11425e+02
   1.87335e-09   -7.97905e+03
   1.87435e-09   -7.97905e+03
   1.87536e-09   -7.97905e+03
   1.87637e-09   -7.97905e+03
   1.87738e-09   -7.97905e+03
   1.87838e-09   -7.97905e+03
   1.87939e-09   -7.97905e+03
   1.88040e-09   -7.97905e+03
   1.88140e-09   -7.97905e+03
   1.88241e-09   -7.97905e+03
   1.88342e-09   -7.97905e+03
   1.88443e-09   -7.97905e+03
   1.88543e-09   -7.97905e+03
   1.88644e-09   -7.97905e+03
   1.88745e-09   -7.97905e+03
   1.88846e-09   -7.97905e+03
   1.88946e-09   -7.97905e+03
   1.89047e-09   -7.97905e+03
   1.89148e-09   -7.97905e+03
   1.89249e-09   -7.97905e+03
   1.89349e-09   -7.97905e+03
   1.89450e-09   7.63184e+03
   1.89551e-09   7.63184e+03
   1.89652e-09   7.63184e+03
   1.89752e-09   7.63184e+03
   1.89853e-09   7.63184e+03
   1.89954e-09   7.63184e+03
   1.90055e-09   7.63184e+03
   1.90156e-09   7.63184e+03
   1.90256e-09   7.63184e+03
   1.90357e-09   7.63184e+03
   1.90458e-09   7.63184e+03
   1.90559e-09   7.63184e+03
   1.90660e-09   7.63184e+03
   1.90760e-09   7.63184e+03
   1.90861e-09   7.63184e+03
   1.90962e-09   7.63184e+03
   1.91063e-09   7.63184e+03
   1.91164e-09   7.63184e+03
   1.91264e-09   7.63184e+03
   1.91365e-09   7.63184e+03
   1.91466e-09   7.63184e+03
   1.91567e-09   7.63184e+03
   1.91668e-09   -1.08177e+04
   1.91768e-09   -1.08177e+04
   1.91869e-09   -1.08177e+04
   1.91970e-09   -1.08177e+04
   1.92071e-09   -1.08177e+04
   1.92172e-09   -1.08177e+04
   1.92273e-09   -1.08177e+04
   1.92374e-09   -1.08177e+04
   1.92474e-09   -1.08177e+04
   1.92575e-09   -1.08177e+04
   1.92676e-09   -1.08177e+04
   1.92777e-09   -1.08177e+04
   1.92878e-09   -1.08177e+04
   1.92979e-09   -1.08177e+04
   1.93079e-09   -1.08177e+04
   1.93180e-09   -1.08177e+04
   1.93281e-09   -1.08177e+04
   1.93382e-09   -1.08177e+04
   1.93483e-09   -1.08177e+04
   1.93584e-09   -1.08177e+04
   1.93685e-09   -1.08177e+04
   1.93786e-09   -1.08177e+04
   1.93886e-09   -1.66451e+03
   1.93987e-09   -1.66451e+03
   1.94088e-09   -1.66451e+03
   1.94189e-09   -1.66451e+03
   1.94290e-09   -1.66451e+03
   1.94391e-09   -1.66451e+03
   1.94492e-09   -1.66451e+03
   1.94593e-09   -1.66451e+03
   1.94694e-09   -1.66451e+03
   1.94795e-09   -1.66451e+03
   1.94895e-09   -1.66451e+03
   1.94996e-09   -1.66451e+03
   1.95097e-09   -1.66451e+03
   1.95198e-09   -1.66451e+03
   1.95299e-09   -1.66451e+03
   1.95400e-09   -1.66451e+03
   1.95501e-09   -1.66451e+03
   1.95602e-09   -1.66451e+03
   1.95703e-09   -1.66451e+03
   1.95804e-09   -1.66451e+03
   1.95905e-09   -1.66451e+03
   1.96006e-09   -1.66451e+03
   1.96107e-09   -1.01605e+02
   1.96208e-09   -1.01605e+02
   1.96309e-09   -1.01605e+02
   1.96409e-09   -1.01605e+02
   1.96510e-09   -1.01605e+02
   1.96611e-09   -1.01605e+02
   1.96712e-09   -1.01605e+02
   1.96813e-09   -1.01605e+02
   1.96914e-09   -1.01605e+02
   1.97015e-09   -1.01605e+02
   1.97116e-09   -1.01605e+02
   1.97217e-09   -1.01605e+02
   1.97318e-09   -1.01605e+02
   1.97419e-09   -1.01605e+02
   1.97520e-09   -1.01605e+02
   1.97621e-09   -1.01605e+02
   1.97722e-09   -1.01605e+02
   1.97823e-09   -1.01605e+02
   1.97924e-09   -1.01605e+02
   1.98025e-09   -1.01605e+02
   1.98126e-09   -1.01605e+02
   1.98227e-09   -1.01605e+02
   1.98328e-09   -8.57450e+03
   1.98429e-09   -8.57450e+03
   1.98530e-09   -8.57450e+03
   1.98631e-09   -8.57450e+03
   1.98732e-09   -8.57450e+03
   1.98833e-09   -8.57450e+03
   1.98934e-09   -8.57450e+03
   1.99035e-09   -8.57450e+03
   1.99136e-09   -8.57450e+03
   1.99237e-09   -8.57450e+03
   1.99338e-09   -8.57450e+03
   1.99439e-09   -8.57450e+03
   1.99540e-09   -8.57450e+03
   1.99641e-09   -8.57450e+03
   1.99742e-09   -8.57450e+03
   1.99843e-09   -8.57450e+03
   1.99945e-09   -8.57450e+03
   2.00046e-09   -8.57450e+03
   2.00147e-09   -8.57450e+03
   2.00248e-09   -8.57450e+03
   2.00349e-09   -8.57450e+03
   2.00450e-09   -4.07477e+03
   2.00551e-09   -4.07477e+03
   2.00652e-09   -4.07477e+03
   2.00753e-09   -4.07477e+03
   2.00854e-09   -4.07477e+03
   2.00955e-09   -4.07477e+03
   2.01056e-09   -4.07477e+03
   2.01157e-09   -4.07477e+03
   2.01258e-09   -4.07477e+03
   2.01359e-09   -4.07477e+03
   2.01461e-09   -4.07477e+03
   2.01562e-09   -4.07477e+03
   2.01663e-09   -4.07477e+03
   2.01764e-09   -4.07477e+03
   2.01865e-09   -4.07477e+03
   2.01966e-09   -4.07477e+03
   2.02067e-09   -4.07477e+03
   2.02168e-09   -4.07477e+03
   2.02269e-09   -4.07477e+03
   2.02370e-09   -4.07477e+03
   2.02472e-09   -4.07477e+03
   2.02573e-09   -4.07477e+03
   2.02674e-09   -1.37852e+02
   2.02775e-09   -1.37852e+02
   2.02876e-09   -1.37852e+02
   2.02977e-09   -1.37852e+02
   2.03078e-09   -1.37852e+02
   2.03179e-09   -1.37852e+02
   2.03281e-09   -1.37852e+02
   2.03382e-09   -1.37852e+02
   2.03483e-09   -1.37852e+02
   2.03584e-09   -1.37852e+02
   2.03685e-09   -1.37852e+02
   2.03786e-09   -1.37852e+02
   2.03887e-09   -1.37852e+02
   2.03989e-09   -1.37852e+02
   2.04090e-09   -1.37852e+02
   2.04191e-09   -1.37852e+02
   2.04292e-09   -1.37852e+02
   2.04393e-09   -1.37852e+02
   2.04494e-09   -1.37852e+02
   2.04596e-09   -1.37852e+02
   2.04697e-09   -1.37852e+02
   2.04798e-09   -1.37852e+02
   2.04899e-09   -7.14415e+03
   2.05000e-09   -7.14415e+03
   2.05101e-09   -7.14415e+03
   2.05203e-09   -7.14415e+03
   2.05304e-09   -7.14415e+03
   2.05405e-09   -7.14415e+03
   2.05506e-09   -7.14415e+03
   2.05607e-09   -7.14415e+03
   2.05709e-09   -7.14415e+03
   2.05810e-09   -7.14415e+03
   2.05911e-09   -7.14415e+03
   2.06012e-09   -7.14415e+03
   2.06113e-09   -7.14415e+03
   2.06215e-09   -7.14415e+03
   2.06316e-09   -7.14415e+03
   2.06417e-09   -7.14415e+03
   2.06518e-09   -7.14415e+03
   2.06619e-09   -7.14415e+03
   2.06721e-09   -7.14415e+03
   2.06822e-09   -7.14415e+03
   2.06923e-09   -7.14415e+03
   2.07024e-09   -7.14415e+03
   2.07126e-09   6.85705e+03
   2.07227e-09   6.85705e+03
   2.07328e-09   6.85705e+03
   2.07429e-09   6.85705e+03
   2.07530e-09   6.85705e+03
   2.07632e-09   6.85705e+03
   2.07733e-09   6.85705e+03
   2.07834e-09   6.85705e+03
   2.07935e-09   6.85705e+03
   2.08037e-09   6.85705e+03
   2.08138e-09   6.85705e+03
   2.08239e-09   6.85705e+03
   2.08341e-09   6.85705e+03
   2.08442e-09   6.85705e+03
   2.08543e-09   6.85705e+03
   2.08644e-09   6.85705e+03
   2.08746e-09   6.85705e+03
   2.08847e-09   6.85705e+03
   2.08948e-09   6.85705e+03
   2.09049e-09   6.85705e+03
   2.09151e-09   6.85705e+03
   2.09252e-09   6.85705e+03
   2.09353e-09   -1.01192e+04
   2.09455e-09   -1.01192e+04
   2.09556e-09   -1.01192e+04
   2.09657e-09   -1.01192e+04
   2.09758e-09   -1.01192e+04
   2.09860e-09   -1.01192e+04
   2.09961e-09   -1.01192e+04
   2.10062e-09   -1.01192e+04
   2.10164e-09   -1.01192e+04
   2.10265e-09   -1.01192e+04
   2.10366e-09   -1.01192e+04
   2.10468e-09   -1.01192e+04
   2.10569e-09   -1.01192e+04
   2.10670e-09   -1.01192e+04
   2.10772e-09   -1.01192e+04
   2.10873e-09   -1.01192e+04
   2.10974e-09   -1.01192e+04
   2.11076e-09   -1.01192e+04
   2.11177e-09   -1.01192e+04
   2.11278e-09   -1.01192e+04
   2.11380e-09   -1.01192e+04
   2.11481e-09   -2.37323e+03
   2.11582e-09   -2.37323e+03
   2.11684e-09   -2.37323e+03
   2.11785e-09   -2.37323e+03
   2.11886e-09   -2.37323e+03
   2.11988e-09   -2.37323e+03
   2.12089e-09   -2.37323e+03
   2.12190e-09   -2.37323e+03
   2.12292e-09   -2.37323e+03
   2.12393e-09   -2.37323e+03
   2.12495e-09   -2.37323e+03
   2.12596e-09   -2.37323e+03
   2.12697e-09   -2.37323e+03
   2.12799e-09   -2.37323e+03
   2.12900e-09   -2.37323e+03
   2.13001e-09   -2.37323e+03
   2.13103e-09   -2.37323e+03
   2.13204e-09   -2.37323e+03
   2.13306e-09   -2.37323e+03
   2.13407e-09   -2.37323e+03
   2.13508e-09   -2.37323e+03
   2.13610e-09   -2.37323e+03
   2.13711e-09   -1.07125e+02
   2.13813e-09   -1.07125e+02
   2.13914e-09   -1.07125e+02
   2.14015e-09   -1.07125e+02
   2.14117e-09   -1.07125e+02
   2.14218e-09   -1.07125e+02
   2.14320e-09   -1.07125e+02
   2.14421e-09   -1.07125e+02
   2.14522e-09   -1.07125e+02
   2.14624e-09   -1.07125e+02
   2.14725e-09   -1.07125e+02
   2.14827e-09   -1.07125e+02
   2.14928e-09   -1.07125e+02
   2.15030e-09   -1.07125e+02
   2.15131e-09   -1.07125e+02
   2.15232e-09   -1.07125e+02
   2.15334e-09   -1.07125e+02
   2.15435e-09   -1.07125e+02
   2.15537e-09   -1.07125e+02
   2.15638e-09   -1.07125e+02
   2.15740e-09   -1.07125e+02
   2.15841e-09   -1.07125e+02
   2.15943e-09   -7.94845e+03
   2.16044e-09   -7.94845e+03
   2.16145e-09   -7.94845e+03
   2.16247e-09   -7.94845e+03
   2.16348e-09   -7.94845e+03
   2.16450e-09   -7.94845e+03
   2.16551e-09   -7.94845e+03
   2.16653e-09   -7.94845e+03
   2.16754e-09   -7.94845e+03
   2.16856e-09   -7.94845e+03
   2.16957e-09   -7.94845e+03
   2.17059e-09   -7.94845e+03
   2.17160e-09   -7.94845e+03
   2.17262e-09   -7.94845e+03
   2.17363e-09   -7.94845e+03
   2.17465e-09   -7.94845e+03
   2.17566e-09   -7.94845e+03
   2.17668e-09   -7.94845e+03
   2.17769e-09   -7.94845e+03
   2.17871e-09   -7.94845e+03
   2.17972e-09   -7.94845e+03
   2.18074e-09   -7.94845e+03
   2.18175e-09   7.61091e+03
   2.18277e-09   7.61091e+03
   2.18378e-09   7.61091e+03
   2.18480e-09   7.61091e+03
   2.18581e-09   7.61091e+03
   2.18683e-09   7.61091e+03
   2.18784e-09   7.61091e+03
   2.18886e-09   7.61091e+03
   2.18987e-09   7.61091e+03
   2.19089e-09   7.61091e+03
   2.19190e-09   7.61091e+03
   2.19292e-09   7.61091e+03
   2.19393e-09   7.61091e+03
   2.19495e-09   7.61091e+03
   2.19596e-09   7.61091e+03
   2.19698e-09   7.61091e+03
   2.19800e-09   7.61091e+03
   2.19901e-09   7.61091e+03
   2.20003e-09   7.61091e+03
   2.20104e-09   7.61091e+03
   2.20206e-09   7.61091e+03
   2.20307e-09   7.61091e+03
   2.20409e-09   -1.06956e+04
   2.20510e-09   -1.06956e+04
   2.20612e-09   -1.06956e+04
   2.20714e-09   -1.06956e+04
   2.20815e-09   -1.06956e+04
   2.20917e-09   -1.06956e+04
   2.21018e-09   -1.06956e+04
   2.21120e-09   -1.06956e+04
   2.21221e-09   -1.06956e+04
   2.21323e-09   -1.06956e+04
   2.21425e-09   -1.06956e+04
   2.21526e-09   -1.06956e+04
   2.21628e-09   -1.06956e+04
   2.21729e-09   -1.06956e+04
   2.21831e-09   -1.06956e+04
   2.21933e-09   -1.06956e+04
   2.22034e-09   -1.06956e+04
   2.22136e-09   -1.06956e+04
   2.22237e-09   -1.06956e+04
   2.22339e-09   -1.06956e+04
   2.22441e-09   -1.06956e+04
   2.22542e-09   -1.69693e+03
   2.22644e-09   -1.69693e+03
   2.22745e-09   -1.69693e+03
   2.22847e-09   -1.69693e+03
   2.22949e-09   -1.69693e+03
   2.23050e-09   -1.69693e+03
   2.23152e-09   -1.69693e+03
   2.23254e-09   -1.69693e+03
   2.23355e-09   -1.69693e+03
   2.23457e-09   -1.69693e+03
   2.23558e-09   -1.69693e+03
   2.23660e-09   -1.69693e+03
   2.23762e-09   -1.69693e+03
   2.23863e-09   -1.69693e+03
   2.23965e-09   -1.69693e+03
   2.24067e-09   -1.69693e+03
   2.24168e-09   -1.69693e+03
   2.24270e-09   -1.69693e+03
   2.24372e-09   -1.69693e+03
   2.24473e-09   -1.69693e+03
   2.24575e-09   -1.69693e+03
   2.24677e-09   -1.69693e+03
   2.24778e-09   -9.89833e+01
   2.24880e-09   -9.89833e+01
   2.24982e-09   -9.89833e+01
   2.25083e-09   -9.89833e+01
   2.25185e-09   -9.89833e+01
   2.25287e-09   -9.89833e+01
   2.25388e-09   -9.89833e+01
   2.25490e-09   -9.89833e+01
   2.25592e-09   -9.89833e+01
   2.25693e-09   -9.89833e+01
   2.25795e-09   -9.89833e+01
   2.25897e-09   -9.89833e+01
   2.25998e-09   -9.89833e+01
   2.26100e-09   -9.89833e+01
   2.26202e-09   -9.89833e+01
   2.26304e-09   -9.89833e+01
   2.26405e-09   -9.89833e+01
   2.26507e-09   -9.89833e+01
   2.26609e-09   -9.89833e+01
   2.26710e-09   -9.89833e+01
   2.26812e-09   -9.89833e+01
   2.26914e-09   -9.89833e+01
   2.27015e-09   -8.38877e+03
   2.27117e-09   -8.38877e+03
   2.27219e-09   -8.38877e+03
   2.27321e-09   -8.38877e+03
   2.27422e-09   -8.38877e+03
   2.27524e-09   -8.38877e+03
   2.27626e-09   -8.38877e+03
   2.27728e-09   -8.38877e+03
   2.27829e-09   -8.38877e+03
   2.27931e-09   -8.38877e+03
   2.28033e-09   -8.38877e+03
   2.28135e-09   -8.38877e+03
   2.28236e-09   -8.38877e+03
   2.28338e-09   -8.38877e+03
   2.28440e-09   -8.38877e+03
   2.28542e-09   -8.38877e+03
   2.28643e-09   -8.38877e+03
   2.28745e-09   -8.38877e+03
   2.28847e-09   -8.38877e+03
   2.28949e-09   -8.38877e+03
   2.29050e-09   -8.38877e+03
   2.29152e-09   -8.38877e+03
   2.29254e-09   -4.16756e+03
   2.29356e-09   -4.16756e+03
   2.29457e-09   -4.16756e+03
   2.29559e-09   -4.16756e+03
   2.29661e-09   -4.16756e+03
   2.29763e-09   -4.16756e+03
   2.29864e-09   -4.16756e+03
   2.29966e-09   -4.16756e+03
   2.30068e-09   -4.16756e+03
   2.30170e-09   -4.16756e+03
   2.30272e-09   -4.16756e+03
   2.30373e-09   -4.16756e+03
   2.30475e-09   -4.16756e+03
   2.30577e-09   -4.16756e+03
   2.30679e-09   -4.16756e+03
   2.30781e-09   -4.16756e+03
   2.30882e-09   -4.16756e+03
   2.30984e-09   -4.16756e+03
   2.31086e-09   -4.16756e+03
   2.31188e-09   -4.16756e+03
   2.31290e-09   -4.16756e+03
   2.31392e-09   -4.16756e+03
   2.31493e-09   -1.37961e+02
   2.31595e-09   -1.37961e+02
   2.31697e-09   -1.37961e+02
   2.31799e-09   -1.37961e+02
   2.31901e-09   -1.37961e+02
   2.32002e-09   -1.37961e+02
   2.32104e-09   -1.37961e+02
   2.32206e-09   -1.37961e+02
   2.32308e-09   -1.37961e+02
   2.32410e-09   -1.37961e+02
   2.32512e-09   -1.37961e+02
   2.32613e-09   -1.37961e+02
   2.32715e-09   -1.37961e+02
   2.32817e-09   -1.37961e+02
   2.32919e-09   -1.37961e+02
   2.33021e-09   -1.37961e+02
   2.33123e-09   -1.37961e+02
   2.33225e-09   -1.37961e+02
   2.33326e-09   -1.37961e+02
   2.33428e-09   -1.37961e+02
   2.33530e-09   -1.37961e+02
   2.33632e-09   -6.89992e+03
   2.33734e-09   -6.89992e+03
   2.33836e-09   -6.89992e+03
   2.33938e-09   -6.89992e+03
   2.34040e-09   -6.89992e+03
   2.34141e-09   -6.89992e+03
   2.34243e-09   -6.89992e+03
   2.34345e-09   -6.89992e+03
   2.34447e-09   -6.89992e+03
   2.34549e-09   -6.89992e+03
   2.34651e-09   -6.89992e+03
   2.34753e-09   -6.89992e+03
   2.34855e-09   -6.89992e+03
   2.34957e-09   -6.89992e+03
   2.35058e-09   -6.89992e+03
   2.35160e-09   -6.89992e+03
   2.35262e-09   -6.89992e+03
   2.35364e-09   -6.89992e+03
   2.35466e-09   -6.89992e+03
   2.35568e-09   -6.89992e+03
   2.35670e-09   -6.89992e+03
   2.35772e-09   -6.89992e+03
   2.35874e-09   6.64571e+03
   2.35976e-09   6.64571e+03
   2.36078e-09   6.64571e+03
   2.36180e-09   6.64571e+03
   2.36281e-09   6.64571e+03
   2.36383e-09   6.64571e+03
   2.36485e-09   6.64571e+03
   2.36587e-09   6.64571e+03
   2.36689e-09   6.64571e+03
   2.36791e-09   6.64571e+03
   2.36893e-09   6.64571e+03
   2.36995e-09   6.64571e+03
   2.37097e-09   6.64571e+03
   2.37199e-09   6.64571e+03
   2.37301e-09   6.64571e+03
   2.37403e-09   6.64571e+03
   2.37505e-09   6.64571e+03
   2.37607e-09   6.64571e+03
   2.37709e-09   6.64571e+03
   2.37811e-09   6.64571e+03
   2.37913e-09   6.64571e+03
   2.38015e-09   6.64571e+03
   2.38117e-09   -9.82884e+03
   2.38219e-09   -9.82884e+03
   2.38320e-09   -9.82884e+03
   2.38422e-09   -9.82884e+03
   2.38524e-09   -9.82884e+03
   2.38626e-09   -9.82884e+03
   2.38728e-09   -9.82884e+03
   2.38830e-09   -9.82884e+03
   2.38932e-09   -9.82884e+03
   2.39034e-09   -9.82884e+03
   2.39136e-09   -9.82884e+03
   2.39238e-09   -9.82884e+03
   2.39340e-09   -9.82884e+03
   2.39442e-09   -9.82884e+03
   2.39544e-09   -9.82884e+03
   2.39646e-09   -9.82884e+03
   2.39748e-09   -9.82884e+03
   2.39850e-09   -9.82884e+03
   2.39952e-09   -9.82884e+03
   2.40054e-09   -9.82884e+03
   2.40156e-09   -9.82884e+03
   2.40258e-09   -9.82884e+03
   2.40360e-09   -2.60394e+03
   2.40462e-09   -2.60394e+03
   2.40564e-09   -2.60394e+03
   2.40666e-09   -2.60394e+03
   2.40769e-09   -2.60394e+03
   2.40871e-09   -2.60394e+03
   2.40973e-09   -2.60394e+03
   2.41075e-09   -2.60394e+03
   2.41177e-09   -2.60394e+03
   2.41279e-09   -2.60394e+03
   2.41381e-09   -2.60394e+03
   2.41483e-09   -2.60394e+03
   2.41585e-09   -2.60394e+03
   2.41687e-09   -2.60394e+03
   2.41789e-09   -2.60394e+03
   2.41891e-09   -2.60394e+03
   2.41993e-09   -2.60394e+03
   2.42095e-09   -2.60394e+03
   2.42197e-09   -2.60394e+03
   2.42299e-09   -2.60394e+03
   2.42401e-09   -2.60394e+03
   2.42503e-09   -2.60394e+03
   2.42605e-09   -1.06394e+02
   2.42707e-09   -1.06394e+02
   2.42810e-09   -1.06394e+02
   2.42912e-09   -1.06394e+02
   2.43014e-09   -1.06394e+02
   2.43116e-09   -1.06394e+02
   2.43218e-09   -1.06394e+02
   2.43320e-09   -1.06394e+02
   2.43422e-09   -1.06394e+02
   2.43524e-09   -1.06394e+02
   2.43626e-09   -1.06394e+02
   2.43728e-09   -1.06394e+02
   2.43830e-09   -1.06394e+02
   2.43932e-09   -1.06394e+02
   2.44035e-09   -1.06394e+02
   2.44137e-09   -1.06394e+02
   2.44239e-09   -1.06394e+02
   2.44341e-09   -1.06394e+02
   2.44443e-09   -1.06394e+02
   2.44545e-09   -1.06394e+02
   2.44647e-09   -1.06394e+02
   2.44749e-09   -7.56702e+03
   2.44851e-09   -7.56702e+03
   2.44954e-09   -7.56702e+03
   2.45056e-09   -7.56702e+03
   2.45158e-09   -7.56702e+03
   2.45260e-09   -7.56702e+03
   2.45362e-09   -7.56702e+03
   2.45464e-09   -7.56702e+03
   2.45566e-09   -7.56702e+03
   2.45668e-09   -7.56702e+03
   2.45771e-09   -7.56702e+03
   2.45873e-09   -7.56702e+03
   2.45975e-09   -7.56702e+03
   2.46077e-09   -7.56702e+03
   2.46179e-09   -7.56702e+03
   2.46281e-09   -7.56702e+03
   2.46383e-09   -7.56702e+03
   2.46486e-09   -7.56702e+03
   2.46588e-09   -7.56702e+03
   2.46690e-09   -7.56702e+03
   2.46792e-09   -7.56702e+03
   2.46894e-09   -7.56702e+03
   2.46996e-09   7.26929e+03
   2.47099e-09   7.26929e+03
   2.47201e-09   7.26929e+03
   2.47303e-09   7.26929e+03
   2.47405e-09   7.26929e+03
   2.47507e-09   7.26929e+03
   2.47609e-09   7.26929e+03
   2.47712e-09   7.26929e+03
   2.47814e-09   7.26929e+03
   2.47916e-09   7.26929e+03
   2.48018e-09   7.26929e+03
   2.48120e-09   7.26929e+03
   2.48222e-09   7.26929e+03
   2.48325e-09   7.26929e+03
   2.48427e-09   7.26929e+03
   2.48529e-09   7.26929e+03
   2.48631e-09   7.26929e+03
   2.48733e-09   7.26929e+03
   2.48836e-09   7.26929e+03
   2.48938e-09   7.26929e+03
   2.49040e-09   7.26929e+03
   2.49142e-09   7.26929e+03
   2.49244e-09   -1.02606e+04
   2.49347e-09   -1.02606e+04
   2.49449e-09   -1.02606e+04
   2.49551e-09   -1.02606e+04
   2.49653e-09   -1.02606e+04
   2.49756e-09   -1.02606e+04
   2.49858e-09   -1.02606e+04
   2.49960e-09   -1.02606e+04
   2.50062e-09   -1.02606e+04
   2.50164e-09   -1.02606e+04
   2.50267e-09   -1.02606e+04
   2.50369e-09   -1.02606e+04
   2.50471e-09   -1.02606e+04
   2.50573e-09   -1.02606e+04
   2.50676e-09   -1.02606e+04
   2.50778e-09   -1.02606e+04
   2.50880e-09   -1.02606e+04
   2.50982e-09   -1.02606e+04
   2.51085e-09   -1.02606e+04
   2.51187e-09   -1.02606e+04
   2.51289e-09   -1.02606e+04
   2.51391e-09   -1.02606e+04
   2.51494e-09   -2.08235e+03
   2.51596e-09   -2.08235e+03
   2.51698e-09   -2.08235e+03
   2.51800e-09   -2.08235e+03
   2.51903e-09   -2.08235e+03
   2.52005e-09   -2.08235e+03
   2.52107e-09   -2.08235e+03
   2.52209e-09   -2.08235e+03
   2.52312e-09   -2.08235e+03
   2.52414e-09   -2.08235e+03
   2.52516e-09   -2.08235e+03
   2.52619e-09   -2.08235e+03
   2.52721e-09   -2.08235e+03
   2.52823e-09   -2.08235e+03
   2.52925e-09   -2.08235e+03
   2.53028e-09   -2.08235e+03
   2.53130e-09   -2.08235e+03
   2.53232e-09   -2.08235e+03
   2.53335e-09   -2.08235e+03
   2.53437e-09   -2.08235e+03
   2.53539e-09   -2.08235e+03
   2.53641e-09   -9.94464e+01
   2.53744e-09   -9.94464e+01
   2.53846e-09   -9.94464e+01
   2.53948e-09   -9.94464e+01
   2.54051e-09   -9.94464e+01
   2.54153e-09   -9.94464e+01
   2.54255e-09   -9.94464e+01
   2.54358e-09   -9.94464e+01
   2.54460e-09   -9.94464e+01
   2.54562e-09   -9.94464e+01
   2.54665e-09   -9.94464e+01
   2.54767e-09   -9.94464e+01
   2.54869e-09   -9.94464e+01
   2.54972e-09   -9.94464e+01
   2.55074e-09   -9.94464e+01
   2.55176e-09   -9.94464e+01
   2.55279e-09   -9.94464e+01
   2.55381e-09   -9.94464e+01
   2.55483e-09   -9.94464e+01
   2.55586e-09   -9.94464e+01
   2.55688e-09   -9.94464e+01
   2.55790e-09   -9.94464e+01
   2.55893e-09   -7.88584e+03
   2.55995e-09   -7.88584e+03
   2.56097e-09   -7.88584e+03
   2.56200e-09   -7.88584e+03
   2.56302e-09   -7.88584e+03
   2.56404e-09   -7.88584e+03
   2.56507e-09   -7.88584e+03
   2.56609e-09   -7.88584e+03
   2.56711e-09   -7.88584e+03
   2.56814e-09   -7.88584e+03
   2.56916e-09   -7.88584e+03
   2.57019e-09   -7.88584e+03
   2.57121e-09   -7.88584e+03
   2.57223e-09   -7.88584e+03
   2.57326e-09   -7.88584e+03
   2.57428e-09   -7.88584e+03
   2.57530e-09   -7.88584e+03
   2.57633e-09   -7.88584e+03
   2.57735e-09   -7.88584e+03
   2.57838e-09   -7.88584e+03
   2.57940e-09   -7.88584e+03
   2.58042e-09   -7.88584e+03
   2.58145e-09   7.56805e+03
   2.58247e-09   7.56805e+03
   2.58350e-09   7.56805e+03
   2.58452e-09   7.56805e+03
   2.58554e-09   7.56805e+03
   2.58657e-09   7.56805e+03
   2.58759e-09   7.56805e+03
   2.58862e-09   7.56805e+03
   2.58964e-09   7.56805e+03
   2.59066e-09   7.56805e+03
   2.59169e-09   7.56805e+03
   2.59271e-09   7.56805e+03
   2.59374e-09   7.56805e+03
   2.59476e-09   7.56805e+03
   2.59579e-09   7.56805e+03
   2.59681e-09   7.56805e+03
   2.59783e-09   7.56805e+03
   2.59886e-09   7.56805e+03
   2.59988e-09   7.56805e+03
   2.60091e-09   7.56805e+03
   2.60193e-09   7.56805e+03
   2.60296e-09   7.56805e+03
   2.60398e-09   -1.04832e+04
   2.60500e-09   -1.04832e+04
   2.60603e-09   -1.04832e+04
   2.60705e-09   -1.04832e+04
   2.60808e-09   -1.04832e+04
   2.60910e-09   -1.04832e+04
   2.61013e-09   -1.04832e+04
   2.61115e-09   -1.04832e+04
   2.61218e-09   -1.04832e+04
   2.61320e-09   -1.04832e+04
   2.61422e-09   -1.04832e+04
   2.61525e-09   -1.04832e+04
   2.61627e-09   -1.04832e+04
   2.61730e-09   -1.04832e+04
   2.61832e-09   -1.04832e+04
   2.61935e-09   -1.04832e+04
   2.62037e-09   -1.04832e+04
   2.62140e-09   -1.04832e+04
   2.62242e-09   -1.04832e+04
   2.62345e-09   -1.04832e+04
   2.62447e-09   -1.04832e+04
   2.62550e-09   -1.04832e+04
   2.62652e-09   -1.80690e+03
   2.62755e-09   -1.80690e+03
   2.62857e-09   -1.80690e+03
   2.62960e-09   -1.80690e+03
   2.63062e-09   -1.80690e+03
   2.63165e-09   -1.80690e+03
   2.63267e-09   -1.80690e+03
   2.63370e-09   -1.80690e+03
   2.63472e-09   -1.80690e+03
   2.63575e-09   -1.80690e+03
   2.63677e-09   -1.80690e+03
   2.63780e-09   -1.80690e+03
   2.63882e-09   -1.80690e+03
   2.63985e-09   -1.80690e+03
   2.64087e-09   -1.80690e+03
   2.64190e-09   -1.80690e+03
   2.64292e-09   -1.80690e+03
   2.64395e-09   -1.80690e+03
   2.64497e-09   -1.80690e+03
   2.64600e-09   -1.80690e+03
   2.64702e-09   -1.80690e+03
   2.64805e-09   -9.59567e+01
   2.64907e-09   -9.59567e+01
   2.65010e-09   -9.59567e+01
   2.65112e-09   -9.59567e+01
   2.65215e-09   -9.59567e+01
   2.65317e-09   -9.59567e+01
   2.65420e-09   -9.59567e+01
   2.65523e-09   -9.59567e+01
   2.65625e-09   -9.59567e+01
   2.65728e-09   -9.59567e+01
   2.65830e-09   -9.59567e+01
   2.65933e-09   -9.59567e+01
   2.66035e-09   -9.59567e+01
   2.66138e-09   -9.59567e+01
   2.66240e-09   -9.59567e+01
   2.66343e-09   -9.59567e+01
   2.66446e-09   -9.59567e+01
   2.66548e-09   -9.59567e+01
   2.66651e-09   -9.59567e+01
   2.66753e-09   -9.59567e+01
   2.66856e-09   -9.59567e+01
   2.66958e-09   -9.59567e+01
   2.67061e-09   -8.06794e+03
   2.67163e-09   -8.06794e+03
   2.67266e-09   -8.06794e+03
   2.67369e-09   -8.06794e+03
   2.67471e-09   -8.06794e+03
   2.67574e-09   -8.06794e+03
   2.67676e-09   -8.06794e+03
   2.67779e-09   -8.06794e+03
   2.67882e-09   -8.06794e+03
   2.67984e-09   -8.06794e+03
   2.68087e-09   -8.06794e+03
   2.68189e-09   -8.06794e+03
   2.68292e-09   -8.06794e+03
   2.68395e-09   -8.06794e+03
   2.68497e-09   -8.06794e+03
   2.68600e-09   -8.06794e+03
   2.68702e-09   -8.06794e+03
   2.68805e-09   -8.06794e+03
   2.68908e-09   -8.06794e+03
   2.69010e-09   -8.06794e+03
   2.69113e-09   -8.06794e+03
   2.69215e-09   -8.06794e+03
   2.69318e-09   7.73448e+03
   2.69421e-09   7.73448e+03
   2.69523e-09   7.73448e+03
   2.69626e-09   7.73448e+03
   2.69728e-09   7.73448e+03
   2.69831e-09   7.73448e+03
   2.69934e-09   7.73448e+03
   2.70036e-09   7.73448e+03
   2.70136e-09   7.73448e+03
   2.70236e-09   7.73448e+03
   2.70336e-09   7.73448e+03
   2.70436e-09   7.73448e+03
   2.70536e-09   7.73448e+03
   2.70636e-09   7.73448e+03
   2.70736e-09   7.73448e+03
   2.70836e-09   7.73448e+03
   2.70936e-09   7.73448e+03
   2.71036e-09   7.73448e+03
   2.71136e-09   7.73448e+03
   2.71236e-09   7.73448e+03
   2.71337e-09   7.73448e+03
   2.71437e-09   7.73448e+03
   2.71537e-09   -1.06256e+04
   2.71637e-09   -1.06256e+04
   2.71737e-09   -1.06256e+04
   2.71837e-09   -1.06256e+04
   2.71937e-09   -1.06256e+04
   2.72037e-09   -1.06256e+04
   2.72137e-09   -1.06256e+04
   2.72237e-09   -1.06256e+04
   2.72337e-09   -1.06256e+04
   2.72437e-09   -1.06256e+04
   2.72537e-09   -1.06256e+04
   2.72637e-09   -1.06256e+04
   2.72737e-09   -1.06256e+04
   2.72837e-09   -1.06256e+04
   2.72937e-09   -1.06256e+04
   2.73037e-09   -1.06256e+04
   2.73137e-09   -1.06256e+04
   2.73237e-09   -1.06256e+04
   2.73337e-09   -1.06256e+04
   2.73437e-09   -1.06256e+04
   2.73537e-09   -1.06256e+04
   2.73638e-09   -1.06256e+04
   2.73738e-09   -1.06256e+04
   2.73838e-09   -1.62025e+03
   2.73938e-09   -1.62025e+03
   2.74038e-09   -1.62025e+03
   2.74138e-09   -1.62025e+03
   2.74238e-09   -1.62025e+03
   2.74338e-09   -1.62025e+03
   2.74438e-09   -1.62025e+03
   2.74538e-09   -1.62025e+03
   2.74638e-09   -1.62025e+03
   2.74738e-09   -1.62025e+03
   2.74838e-09   -1.62025e+03
   2.74939e-09   -1.62025e+03
   2.75039e-09   -1.62025e+03
   2.75139e-09   -1.62025e+03
   2.75239e-09   -1.62025e+03
   2.75339e-09   -1.62025e+03
   2.75439e-09   -1.62025e+03
   2.75539e-09   -1.62025e+03
   2.75639e-09   -1.62025e+03
   2.75739e-09   -1.62025e+03
   2.75839e-09   -1.62025e+03
   2.75940e-09   -1.62025e+03
   2.76040e-09   -9.35213e+01
   2.76140e-09   -9.35213e+01
   2.76240e-09   -9.35213e+01
   2.76340e-09   -9.35213e+01
   2.76440e-09   -9.35213e+01
   2.76540e-09   -9.35213e+01
   2.76640e-09   -9.35213e+01
   2.76741e-09   -9.35213e+01
   2.76841e-09   -9.35213e+01
   2.76941e-09   -9.35213e+01
   2.77041e-09   -9.35213e+01
   2.77141e-09   -9.35213e+01
   2.77241e-09   -9.35213e+01
   2.77341e-09   -9.35213e+01
   2.77441e-09   -9.35213e+01
   2.77542e-09   -9.35213e+01
   2.77642e-09   -9.35213e+01
   2.77742e-09   -9.35213e+01
   2.77842e-09   -9.35213e+01
   2.77942e-09   -9.35213e+01
   2.78042e-09   -9.35213e+01
   2.78142e-09   -9.35213e+01
   2.78243e-09   -8.18000e+03
   2.78343e-09   -8.18000e+03
   2.78443e-09   -8.18000e+03
   2.78543e-09   -8.18000e+03
   2.78643e-09   -8.18000e+03
   2.78743e-09   -8.18000e+03
   2.78844e-09   -8.18000e+03
   2.78944e-09   -8.18000e+03
   2.79044e-09   -8.18000e+03
   2.79144e-09   -8.18000e+03
   2.79244e-09   -8.18000e+03
   2.79344e-09   -8.18000e+03
   2.79445e-09   -8.18000e+03
   2.79545e-09   -8.18000e+03
   2.79645e-09   -8.18000e+03
   2.79745e-09   -8.18000e+03
   2.79845e-09   -8.18000e+03
   2.79945e-09   -8.18000e+03
   2.80046e-09   -8.18000e+03
   2.80146e-09   -8.18000e+03
   2.80246e-09   -8.18000e+03
   2.80346e-09   -8.18000e+03
   2.80446e-09   -8.18000e+03
   2.80547e-09   -4.23832e+03
   2.80647e-09   -4.23832e+03
   2.80747e-09   -4.23832e+03
   2.80847e-09   -4.23832e+03
   2.80947e-09   -4.23832e+03
   2.81048e-09   -4.23832e+03
   2.81148e-09   -4.23832e+03
   2.81248e-09   -4.23832e+03
   2.81348e-09   -4.23832e+03
   2.81448e-09   -4.23832e+03
   2.81549e-09   -4.23832e+03
   2.81649e-09   -4.23832e+03
   2.81749e-09   -4.23832e+03
   2.81849e-09   -4.23832e+03
   2.81949e-09   -4.23832e+03
   2.82050e-09   -4.23832e+03
   2.82150e-09   -4.23832e+03
   2.82250e-09   -4.23832e+03
   2.82350e-09   -4.23832e+03
   2.82451e-09   -4.23832e+03
   2.82551e-09   -4.23832e+03
   2.82651e-09   -4.23832e+03
   2.82751e-09   -1.37308e+02
   2.82851e-09   -1.37308e+02
   2.82952e-09   -1.37308e+02
   2.83052e-09   -1.37308e+02
   2.83152e-09   -1.37308e+02
   2.83252e-09   -1.37308e+02
   2.83353e-09   -1.37308e+02
   2.83453e-09   -1.37308e+02
   2.83553e-09   -1.37308e+02
   2.83653e-09   -1.37308e+02
   2.83754e-09   -1.37308e+02
   2.83854e-09   -1.37308e+02
   2.83954e-09   -1.37308e+02
   2.84054e-09   -1.37308e+02
   2.84155e-09   -1.37308e+02
   2.84255e-09   -1.37308e+02
   2.84355e-09   -1.37308e+02
   2.84455e-09   -1.37308e+02
   2.84556e-09   -1.37308e+02
   2.84656e-09   -1.37308e+02
   2.84756e-09   -1.37308e+02
   2.84857e-09   -1.37308e+02
   2.84957e-09   -6.56739e+03
   2.85057e-09   -6.56739e+03
   2.85157e-09   -6.56739e+03
   2.85258e-09   -6.56739e+03
   2.85358e-09   -6.56739e+03
   2.85458e-09   -6.56739e+03
   2.85558e-09   -6.56739e+03
   2.85659e-09   -6.56739e+03
   2.85759e-09   -6.56739e+03
   2.85859e-09   -6.56739e+03
   2.85960e-09   -6.56739e+03
   2.86060e-09   -6.56739e+03
   2.86160e-09   -6.56739e+03
   2.86260e-09   -6.56739e+03
   2.86361e-09   -6.56739e+03
   2.86461e-09   -6.56739e+03
   2.86561e-09   -6.56739e+03
   2.86662e-09   -6.56739e+03
   2.86762e-09   -6.56739e+03
   2.86862e-09   -6.56739e+03
   2.86963e-09   -6.56739e+03
   2.87063e-09   -6.56739e+03
   2.87163e-09   -6.56739e+03
   2.87264e-09   6.34549e+03
   2.87364e-09   6.34549e+03
   2.87464e-09   6.34549e+03
   2.87564e-09   6.34549e+03
   2.87665e-09   6.34549e+03
   2.87765e-09   6.34549e+03
   2.87865e-09   6.34549e+03
   2.87966e-09   6.34549e+03
   2.88066e-09   6.34549e+03
   2.88166e-09   6.34549e+03
   2.88267e-09   6.34549e+03
   2.88367e-09   6.34549e+03
   2.88467e-09   6.34549e+03
   2.88568e-09   6.34549e+03
   2.88668e-09   6.34549e+03
   2.88768e-09   6.34549e+03
   2.88869e-09   6.34549e+03
   2.88969e-09   6.34549e+03
   2.89069e-09   6.34549e+03
   2.89170e-09   6.34549e+03
   2.89270e-09   6.34549e+03
   2.89370e-09   6.34549e+03
   2.89471e-09   -9.36099e+03
   2.89571e-09   -9.36099e+03
   2.89672e-09   -9.36099e+03
   2.89772e-09   -9.36099e+03
   2.89872e-09   -9.36099e+03
   2.89973e-09   -9.36099e+03
   2.90073e-09   -9.36099e+03
   2.90173e-09   -9.36099e+03
   2.90274e-09   -9.36099e+03
   2.90374e-09   -9.36099e+03
   2.90474e-09   -9.36099e+03
   2.90575e-09   -9.36099e+03
   2.90675e-09   -9.36099e+03
   2.90776e-09   -9.36099e+03
   2.90876e-09   -9.36099e+03
   2.90976e-09   -9.36099e+03
   2.91077e-09   -9.36099e+03
   2.91177e-09   -9.36099e+03
   2.91277e-09   -9.36099e+03
   2.91378e-09   -9.36099e+03
   2.91478e-09   -9.36099e+03
   2.91579e-09   -9.36099e+03
   2.91679e-09   -9.36099e+03
   2.91779e-09   -2.96470e+03
   2.91880e-09   -2.96470e+03
   2.91980e-09   -2.96470e+03
   2.92081e-09   -2.96470e+03
   2.92181e-09   -2.96470e+03
   2.92281e-09   -2.96470e+03
   2.92382e-09   -2.96470e+03
   2.92482e-09   -2.96470e+03
   2.92583e-09   -2.96470e+03
   2.92683e-09   -2.96470e+03
   2.92783e-09   -2.96470e+03
   2.92884e-09   -2.96470e+03
   2.92984e-09   -2.96470e+03
   2.93085e-09   -2.96470e+03
   2.93185e-09   -2.96470e+03
   2.93285e-09   -2.96470e+03
   2.93386e-09   -2.96470e+03
   2.93486e-09   -2.96470e+03
   2.93587e-09   -2.96470e+03
   2.93687e-09   -2.96470e+03
   2.93788e-09   -2.96470e+03
   2.93888e-09   -2.96470e+03
   2.93988e-09   -1.05896e+02
   2.94089e-09   -1.05896e+02
   2.94189e-09   -1.05896e+02
   2.94290e-09   -1.05896e+02
   2.94390e-09   -1.05896e+02
   2.94491e-09   -1.05896e+02
   2.94591e-09   -1.05896e+02
   2.94691e-09   -1.05896e+02
   2.94792e-09   -1.05896e+02
   2.94892e-09   -1.05896e+02
   2.94993e-09   -1.05896e+02
   2.95093e-09   -1.05896e+02
   2.95194e-09   -1.05896e+02
   2.95294e-09   -1.05896e+02
   2.95395e-09   -1.05896e+02
   2.95495e-09   -1.05896e+02
   2.95596e-09   -1.05896e+02
   2.95696e-09   -1.05896e+02
   2.95796e-09   -1.05896e+02
   2.95897e-09   -1.05896e+02
   2.95997e-09   -1.05896e+02
   2.96098e-09   -1.05896e+02
   2.96198e-09   -7.00123e+03
   2.96299e-09   -7.00123e+03
   2.96399e-09   -7.00123e+03
   2.96500e-09   -7.00123e+03
   2.96600e-09   -7.00123e+03
   2.96701e-09   -7.00123e+03
   2.96801e-09   -7.00123e+03
   2.96902e-09   -7.00123e+03
   2.97002e-09   -7.00123e+03
   2.97103e-09   -7.00123e+03
   2.97203e-09   -7.00123e+03
   2.97304e-09   -7.00123e+03
   2.97404e-09   -7.00123e+03
   2.97504e-09   -7.00123e+03
   2.97605e-09   -7.00123e+03
   2.97705e-09   -7.00123e+03
   2.97806e-09   -7.00123e+03
   2.97906e-09   -7.00123e+03
   2.98007e-09   -7.00123e+03
   2.98107e-09   -7.00123e+03
   2.98208e-09   -7.00123e+03
   2.98308e-09   -7.00123e+03
   2.98409e-09   -7.00123e+03
   2.98509e-09   6.77060e+03
   2.98610e-09   6.77060e+03
   2.98710e-09   6.77060e+03
   2.98811e-09   6.77060e+03
   2.98912e-09   6.77060e+03
   2.99012e-09   6.77060e+03
   2.99113e-09   6.77060e+03
   2.99213e-09   6.77060e+03
   2.99314e-09   6.77060e+03
   2.99414e-09   6.77060e+03
   2.99515e-09   6.77060e+03
   2.99615e-09   6.77060e+03
   2.99716e-09   6.77060e+03
   2.99816e-09   6.77060e+03
   2.99917e-09   6.77060e+03
   3.00017e-09   6.77060e+03
   3.00118e-09   6.77060e+03
   3.00218e-09   6.77060e+03
   3.00319e-09   6.77060e+03
   3.00419e-09   6.77060e+03
   3.00520e-09   6.77060e+03
   3.00620e-09   6.77060e+03
   3.00721e-09   -9.60606e+03
   3.00822e-09   -9.60606e+03
   3.00922e-09   -9.60606e+03
   3.01023e-09   -9.60606e+03
   3.01123e-09   -9.60606e+03
   3.01224e-09   -9.60606e+03
   3.01324e-09   -9.60606e+03
   3.01425e-09   -9.60606e+03
   3.01525e-09   -9.60606e+03
   3.01626e-09   -9.60606e+03
   3.01727e-09   -9.60606e+03
   3.01827e-09   -9.60606e+03
   3.01928e-09   -9.60606e+03
   3.02028e-09   -9.60606e+03
   3.02129e-09   -9.60606e+03
   3.02229e-09   -9.60606e+03
   3.02330e-09   -9.60606e+03
   3.02430e-09   -9.60606e+03
   3.02531e-09   -9.60606e+03
   3.02632e-09   -9.60606e+03
   3.02732e-09   -9.60606e+03
   3.02833e-09   -9.60606e+03
   3.02933e-09   -2.67026e+03
   3.03034e-09   -2.67026e+03
   3.03135e-09   -2.67026e+03
   3.03235e-09   -2.67026e+03
   3.03336e-09   -2.67026e+03
   3.03436e-09   -2.67026e+03
   3.03537e-09   -2.67026e+03
   3.03637e-09   -2.67026e+03
   3.03738e-09   -2.67026e+03
   3.03839e-09   -2.67026e+03
   3.03939e-09   -2.67026e+03
   3.04040e-09   -2.67026e+03
   3.04140e-09   -2.67026e+03
   3.04241e-09   -2.67026e+03
   3.04342e-09   -2.67026e+03
   3.04442e-09   -2.67026e+03
   3.04543e-09   -2.67026e+03
   3.04643e-09   -2.67026e+03
   3.04744e-09   -2.67026e+03
   3.04845e-09   -2.67026e+03
   3.04945e-09   -2.67026e+03
   3.05046e-09   -2.67026e+03
   3.05147e-09   -2.67026e+03
   3.05247e-09   -1.00510e+02
   3.05348e-09   -1.00510e+02
   3.05448e-09   -1.00510e+02
   3.05549e-09   -1.00510e+02
   3.05650e-09   -1.00510e+02
   3.05750e-09   -1.00510e+02
   3.05851e-09   -1.00510e+02
   3.05952e-09   -1.00510e+02
   3.06052e-09   -1.00510e+02
   3.06153e-09   -1.00510e+02
   3.06253e-09   -1.00510e+02
   3.06354e-09   -1.00510e+02
   3.06455e-09   -1.00510e+02
   3.06555e-09   -1.00510e+02
   3.06656e-09   -1.00510e+02
   3.06757e-09   -1.00510e+02
   3.06857e-09   -1.00510e+02
   3.06958e-09   -1.00510e+02
   3.07059e-09   -1.00510e+02
   3.07159e-09   -1.00510e+02
   3.07260e-09   -1.00510e+02
   3.07360e-09   -1.00510e+02
   3.07461e-09   -7.10779e+03
   3.07562e-09   -7.10779e+03
   3.07662e-09   -7.10779e+03
   3.07763e-09   -7.10779e+03
   3.07864e-09   -7.10779e+03
   3.07964e-09   -7.10779e+03
   3.08065e-09   -7.10779e+03
   3.08166e-09   -7.10779e+03
   3.08266e-09   -7.10779e+03
   3.08367e-09   -7.10779e+03
   3.08468e-09   -7.10779e+03
   3.08568e-09   -7.10779e+03
   3.08669e-09   -7.10779e+03
   3.08770e-09   -7.10779e+03
   3.08870e-09   -7.10779e+03
   3.08971e-09   -7.10779e+03
   3.09072e-09   -7.10779e+03
   3.09173e-09   -7.10779e+03
   3.09273e-09   -7.10779e+03
   3.09374e-09   -7.10779e+03
   3.09475e-09   -7.10779e+03
   3.09575e-09   -7.10779e+03
   3.09676e-09   6.87127e+03
   3.09777e-09   6.87127e+03
   3.09877e-09   6.87127e+03
   3.09978e-09   6.87127e+03
   3.10079e-09   6.87127e+03
   3.10179e-09   6.87127e+03
   3.10280e-09   6.87127e+03
   3.10381e-09   6.87127e+03
   3.10482e-09   6.87127e+03
   3.10582e-09   6.87127e+03
   3.10683e-09   6.87127e+03
   3.10784e-09   6.87127e+03
   3.10884e-09   6.87127e+03
   3.10985e-09   6.87127e+03
   3.11086e-09   6.87127e+03
   3.11186e-09   6.87127e+03
   3.11287e-09   6.87127e+03
   3.11388e-09   6.87127e+03
   3.11489e-09   6.87127e+03
   3.11589e-09   6.87127e+03
   3.11690e-09   6.87127e+03
   3.11791e-09   6.87127e+03
   3.11892e-09   6.87127e+03
   3.11992e-09   -9.65585e+03
   3.12093e-09   -9.65585e+03
   3.12194e-09   -9.65585e+03
   3.12294e-09   -9.65585e+03
   3.12395e-09   -9.65585e+03
   3.12496e-09   -9.65585e+03
   3.12597e-09   -9.65585e+03
   3.12697e-09   -9.65585e+03
   3.12798e-09   -9.65585e+03
   3.12899e-09   -9.65585e+03
   3.13000e-09   -9.65585e+03
   3.13100e-09   -9.65585e+03
   3.13201e-09   -9.65585e+03
   3.13302e-09   -9.65585e+03
   3.13403e-09   -9.65585e+03
   3.13503e-09   -9.65585e+03
   3.13604e-09   -9.65585e+03
   3.13705e-09   -9.65585e+03
   3.13806e-09   -9.65585e+03
   3.13906e-09   -9.65585e+03
   3.14007e-09   -9.65585e+03
   3.14108e-09   -9.65585e+03
   3.14209e-09   -2.58700e+03
   3.14309e-09   -2.58700e+03
   3.14410e-09   -2.58700e+03
   3.14511e-09   -2.58700e+03
   3.14612e-09   -2.58700e+03
   3.14712e-09   -2.58700e+03
   3.14813e-09   -2.58700e+03
   3.14914e-09   -2.58700e+03
   3.15015e-09   -2.58700e+03
   3.15116e-09   -2.58700e+03
   3.15216e-09   -2.58700e+03
   3.15317e-09   -2.58700e+03
   3.15418e-09   -2.58700e+03
   3.15519e-09   -2.58700e+03
   3.15619e-09   -2.58700e+03
   3.15720e-09   -2.58700e+03
   3.15821e-09   -2.58700e+03
   3.15922e-09   -2.58700e+03
   3.16023e-09   -2.58700e+03
   3.16123e-09   -2.58700e+03
   3.16224e-09   -2.58700e+03
   3.16325e-09   -2.58700e+03
   3.16426e-09   -2.58700e+03
   3.16527e-09   -9.86287e+01
   3.16627e-09   -9.86287e+01
   3.16728e-09   -9.86287e+01
   3.16829e-09   -9.86287e+01
   3.16930e-09   -9.86287e+01
   3.17031e-09   -9.86287e+01
   3.17131e-09   -9.86287e+01
   3.17232e-09   -9.86287e+01
   3.17333e-09   -9.86287e+01
   3.17434e-09   -9.86287e+01
   3.17535e-09   -9.86287e+01
   3.17636e-09   -9.86287e+01
   3.17736e-09   -9.86287e+01
   3.17837e-09   -9.86287e+01
   3.17938e-09   -9.86287e+01
   3.18039e-09   -9.86287e+01
   3.18140e-09   -9.86287e+01
   3.18240e-09   -9.86287e+01
   3.18341e-09   -9.86287e+01
   3.18442e-09   -9.86287e+01
   3.18543e-09   -9.86287e+01
   3.18644e-09   -9.86287e+01
   3.18745e-09   -7.10735e+03
   3.18845e-09   -7.10735e+03
   3.18946e-09   -7.10735e+03
   3.19047e-09   -7.10735e+03
   3.19148e-09   -7.10735e+03
   3.19249e-09   -7.10735e+03
   3.19350e-09   -7.10735e+03
   3.19450e-09   -7.10735e+03
   3.19551e-09   -7.10735e+03
   3.19652e-09   -7.10735e+03
   3.19753e-09   -7.10735e+03
   3.19854e-09   -7.10735e+03
   3.19955e-09   -7.10735e+03
   3.20056e-09   -7.10735e+03
   3.20156e-09   -7.10735e+03
   3.20257e-09   -7.10735e+03
   3.20358e-09   -7.10735e+03
   3.20459e-09   -7.10735e+03
   3.20560e-09   -7.10735e+03
   3.20661e-09   -7.10735e+03
   3.20762e-09   -7.10735e+03
   3.20862e-09   -7.10735e+03
   3.20963e-09   6.87425e+03
   3.21064e-09   6.87425e+03
   3.21165e-09   6.87425e+03
   3.21266e-09   6.87425e+03
   3.21367e-09   6.87425e+03
   3.21468e-09   6.87425e+03
   3.21569e-09   6.87425e+03
   3.21669e-09   6.87425e+03
   3.21770e-09   6.87425e+03
   3.21871e-09   6.87425e+03
   3.21972e-09   6.87425e+03
   3.22073e-09   6.87425e+03
   3.22174e-09   6.87425e+03
   3.22275e-09   6.87425e+03
   3.22376e-09   6.87425e+03
   3.22477e-09   6.87425e+03
   3.22577e-09   6.87425e+03
   3.22678e-09   6.87425e+03
   3.22779e-09   6.87425e+03
   3.22880e-09   6.87425e+03
   3.22981e-09   6.87425e+03
   3.23082e-09   6.87425e+03
   3.23183e-09   6.87425e+03
   3.23284e-09   -9.62503e+03
   3.23385e-09   -9.62503e+03
   3.23486e-09   -9.62503e+03
   3.23586e-09   -9.62503e+03
   3.23687e-09   -9.62503e+03
   3.23788e-09   -9.62503e+03
   3.23889e-09   -9.62503e+03
   3.23990e-09   -9.62503e+03
   3.24091e-09   -9.62503e+03
   3.24192e-09   -9.62503e+03
   3.24293e-09   -9.62503e+03
   3.24394e-09   -9.62503e+03
   3.24495e-09   -9.62503e+03
   3.24596e-09   -9.62503e+03
   3.24697e-09   -9.62503e+03
   3.24797e-09   -9.62503e+03
   3.24898e-09   -9.62503e+03
   3.24999e-09   -9.62503e+03
   3.25100e-09   -9.62503e+03
   3.25201e-09   -9.62503e+03
   3.25302e-09   -9.62503e+03
   3.25403e-09   -9.62503e+03
   3.25504e-09   -2.59676e+03
   3.25605e-09   -2.59676e+03
   3.25706e-09   -2.59676e+03
   3.25807e-09   -2.59676e+03
   3.25908e-09   -2.59676e+03
   3.26009e-09   -2.59676e+03
   3.26110e-09   -2.59676e+03
   3.26211e-09   -2.59676e+03
   3.26312e-09   -2.59676e+03
   3.26413e-09   -2.59676e+03
   3.26513e-09   -2.59676e+03
   3.26614e-09   -2.59676e+03
   3.26715e-09   -2.59676e+03
   3.26816e-09   -2.59676e+03
   3.26917e-09   -2.59676e+03
   3.27018e-09   -2.59676e+03
   3.27119e-09   -2.59676e+03
   3.27220e-09   -2.59676e+03
   3.27321e-09   -2.59676e+03
   3.27422e-09   -2.59676e+03
   3.27523e-09   -2.59676e+03
   3.27624e-09   -2.59676e+03
   3.27725e-09   -9.78518e+01
   3.27826e-09   -9.78518e+01
   3.27927e-09   -9.78518e+01
   3.28028e-09   -9.78518e+01
   3.28129e-09   -9.78518e+01
   3.28230e-09   -9.78518e+01
   3.28331e-09   -9.78518e+01
   3.28432e-09   -9.78518e+01
   3.28533e-09   -9.78518e+01
   3.28634e-09   -9.78518e+01
   3.28735e-09   -9.78518e+01
   3.28836e-09   -9.78518e+01
   3.28937e-09   -9.78518e+01
   3.29038e-09   -9.78518e+01
   3.29139e-09   -9.78518e+01
   3.29240e-09   -9.78518e+01
   3.29341e-09   -9.78518e+01
   3.29442e-09   -9.78518e+01
   3.29543e-09   -9.78518e+01
   3.29644e-09   -9.78518e+01
   3.29745e-09   -9.78518e+01
   3.29846e-09   -9.78518e+01
   3.29947e-09   -9.78518e+01
   3.30048e-09   -7.05529e+03
   3.30149e-09   -7.05529e+03
   3.30250e-09   -7.05529e+03
   3.30351e-09   -7.05529e+03
   3.30452e-09   -7.05529e+03
   3.30553e-09   -7.05529e+03
   3.30654e-09   -7.05529e+03
   3.30755e-09   -7.05529e+03
   3.30856e-09   -7.05529e+03
   3.30957e-09   -7.05529e+03
   3.31058e-09   -7.05529e+03
   3.31159e-09   -7.05529e+03
   3.31260e-09   -7.05529e+03
   3.31361e-09   -7.05529e+03
   3.31462e-09   -7.05529e+03
   3.31563e-09   -7.05529e+03
   3.31664e-09   -7.05529e+03
   3.31765e-09   -7.05529e+03
   3.31866e-09   -7.05529e+03
   3.31967e-09   -7.05529e+03
   3.32068e-09   -7.05529e+03
   3.32169e-09   -7.05529e+03
   3.32270e-09   6.83037e+03
   3.32371e-09   6.83037e+03
   3.32472e-09   6.83037e+03
   3.32574e-09   6.83037e+03
   3.32675e-09   6.83037e+03
   3.32776e-09   6.83037e+03
   3.32877e-09   6.83037e+03
   3.32978e-09   6.83037e+03
   3.33079e-09   6.83037e+03
   3.33180e-09   6.83037e+03
   3.33281e-09   6.83037e+03
   3.33382e-09   6.83037e+03
   3.33483e-09   6.83037e+03
   3.33584e-09   6.83037e+03
   3.33685e-09   6.83037e+03
   3.33786e-09   6.83037e+03
   3.33887e-09   6.83037e+03
   3.33988e-09   6.83037e+03
   3.34089e-09   6.83037e+03
   3.34190e-09   6.83037e+03
   3.34292e-09   6.83037e+03
   3.34393e-09   6.83037e+03
   3.34494e-09   6.83037e+03
   3.34595e-09   -9.54763e+03
   3.34696e-09   -9.54763e+03
   3.34797e-09   -9.54763e+03
   3.34898e-09   -9.54763e+03
   3.34999e-09   -9.54763e+03
   3.35100e-09   -9.54763e+03
   3.35201e-09   -9.54763e+03
   3.35302e-09   -9.54763e+03
   3.35403e-09   -9.54763e+03
   3.35505e-09   -9.54763e+03
   3.35606e-09   -9.54763e+03
   3.35707e-09   -9.54763e+03
   3.35808e-09   -9.54763e+03
   3.35909e-09   -9.54763e+03
   3.36010e-09   -9.54763e+03
   3.36111e-09   -9.54763e+03
   3.36212e-09   -9.54763e+03
   3.36313e-09   -9.54763e+03
   3.36414e-09   -9.54763e+03
   3.36515e-09   -9.54763e+03
   3.36617e-09   -9.54763e+03
   3.36718e-09   -9.54763e+03
   3.36819e-09   -2.65866e+03
   3.36920e-09   -2.65866e+03
   3.37021e-09   -2.65866e+03
   3.37122e-09   -2.65866e+03
   3.37223e-09   -2.65866e+03
   3.37324e-09   -2.65866e+03
   3.37425e-09   -2.65866e+03
   3.37527e-09   -2.65866e+03
   3.37628e-09   -2.65866e+03
   3.37729e-09   -2.65866e+03
   3.37830e-09   -2.65866e+03
   3.37931e-09   -2.65866e+03
   3.38032e-09   -2.65866e+03
   3.38133e-09   -2.65866e+03
   3.38234e-09   -2.65866e+03
   3.38336e-09   -2.65866e+03
   3.38437e-09   -2.65866e+03
   3.38538e-09   -2.65866e+03
   3.38639e-09   -2.65866e+03
   3.38740e-09   -2.65866e+03
   3.38841e-09   -2.65866e+03
   3.38942e-09   -2.65866e+03
   3.39044e-09   -9.78423e+01
   3.39145e-09   -9.78423e+01
   3.39246e-09   -9.78423e+01
   3.39347e-09   -9.78423e+01
   3.39448e-09   -9.78423e+01
   3.39549e-09   -9.78423e+01
   3.39650e-09   -9.78423e+01
   3.39752e-09   -9.78423e+01
   3.39853e-09   -9.78423e+01
   3.39954e-09   -9.78423e+01
   3.40055e-09   -9.78423e+01
   3.40156e-09   -9.78423e+01
   3.40257e-09   -9.78423e+01
   3.40359e-09   -9.78423e+01
   3.40460e-09   -9.78423e+01
   3.40561e-09   -9.78423e+01
   3.40662e-09   -9.78423e+01
   3.40763e-09   -9.78423e+01
   3.40864e-09   -9.78423e+01
   3.40966e-09   -9.78423e+01
   3.41067e-09   -9.78423e+01
   3.41168e-09   -9.78423e+01
   3.41269e-09   -9.78423e+01
   3.41370e-09   -6.95028e+03
   3.41471e-09   -6.95028e+03
   3.41573e-09   -6.95028e+03
   3.41674e-09   -6.95028e+03
   3.41775e-09   -6.95028e+03
   3.41876e-09   -6.95028e+03
   3.41977e-09   -6.95028e+03
   3.42078e-09   -6.95028e+03
   3.42180e-09   -6.95028e+03
   3.42281e-09   -6.95028e+03
   3.42382e-09   -6.95028e+03
   3.42483e-09   -6.95028e+03
   3.42584e-09   -6.95028e+03
   3.42686e-09   -6.95028e+03
   3.42787e-09   -6.95028e+03
   3.42888e-09   -6.95028e+03
   3.42989e-09   -6.95028e+03
   3.43090e-09   -6.95028e+03
   3.43192e-09   -6.95028e+03
   3.43293e-09   -6.95028e+03
   3.43394e-09   -6.95028e+03
   3.43495e-09   -6.95028e+03
   3.43596e-09   6.73489e+03
   3.43698e-09   6.73489e+03
   3.43799e-09   6.73489e+03
   3.43900e-09   6.73489e+03
   3.44001e-09   6.73489e+03
   3.44102e-09   6.73489e+03
   3.44204e-09   6.73489e+03
   3.44305e-09   6.73489e+03
   3.44406e-09   6.73489e+03
   3.44507e-09   6.73489e+03
   3.44609e-09   6.73489e+03
   3.44710e-09   6.73489e+03
   3.44811e-09   6.73489e+03
   3.44912e-09   6.73489e+03
   3.45013e-09   6.73489e+03
   3.45115e-09   6.73489e+03
   3.45216e-09   6.73489e+03
   3.45317e-09   6.73489e+03
   3.45418e-09   6.73489e+03
   3.45520e-09   6.73489e+03
   3.45621e-09   6.73489e+03
   3.45722e-09   6.73489e+03
   3.45823e-09   -9.41921e+03
   3.45925e-09   -9.41921e+03
   3.46026e-09   -9.41921e+03
   3.46127e-09   -9.41921e+03
   3.46228e-09   -9.41921e+03
   3.46330e-09   -9.41921e+03
   3.46431e-09   -9.41921e+03
   3.46532e-09   -9.41921e+03
   3.46633e-09   -9.41921e+03
   3.46735e-09   -9.41921e+03
   3.46836e-09   -9.41921e+03
   3.46937e-09   -9.41921e+03
   3.47038e-09   -9.41921e+03
   3.47140e-09   -9.41921e+03
   3.47241e-09   -9.41921e+03
   3.47342e-09   -9.41921e+03
   3.47443e-09   -9.41921e+03
   3.47545e-09   -9.41921e+03
   3.47646e-09   -9.41921e+03
   3.47747e-09   -9.41921e+03
   3.47848e-09   -9.41921e+03
   3.47950e-09   -9.41921e+03
   3.48051e-09   -9.41921e+03
   3.48152e-09   -2.77363e+03
   3.48253e-09   -2.77363e+03
   3.48355e-09   -2.77363e+03
   3.48456e-09   -2.77363e+03
   3.48557e-09   -2.77363e+03
   3.48659e-09   -2.77363e+03
   3.48760e-09   -2.77363e+03
   3.48861e-09   -2.77363e+03
   3.48962e-09   -2.77363e+03
   3.49064e-09   -2.77363e+03
   3.49165e-09   -2.77363e+03
   3.49266e-09   -2.77363e+03
   3.49368e-09   -2.77363e+03
   3.49469e-09   -2.77363e+03
   3.49570e-09   -2.77363e+03
   3.49671e-09   -2.77363e+03
   3.49773e-09   -2.77363e+03
   3.49874e-09   -2.77363e+03
   3.49975e-09   -2.77363e+03
   3.50077e-09   -2.77363e+03
   3.50178e-09   -2.77363e+03
   3.50279e-09   -2.77363e+03
   3.50381e-09   -9.83880e+01
   3.50482e-09   -9.83880e+01
   3.50583e-09   -9.83880e+01
   3.50684e-09   -9.83880e+01
   3.50786e-09   -9.83880e+01
   3.50887e-09   -9.83880e+01
   3.50988e-09   -9.83880e+01
   3.51090e-09   -9.83880e+01
   3.51191e-09   -9.83880e+01
   3.51292e-09   -9.83880e+01
   3.51394e-09   -9.83880e+01
   3.51495e-09   -9.83880e+01
   3.51596e-09   -9.83880e+01
   3.51698e-09   -9.83880e+01
   3.51799e-09   -9.83880e+01
   3.51900e-09   -9.83880e+01
   3.52002e-09   -9.83880e+01
   3.52103e-09   -9.83880e+01
   3.52204e-09   -9.83880e+01
   3.52306e-09   -9.83880e+01
   3.52407e-09   -9.83880e+01
   3.52508e-09   -9.83880e+01
   3.52610e-09   -6.81223e+03
   3.52711e-09   -6.81223e+03
   3.52812e-09   -6.81223e+03
   3.52914e-09   -6.81223e+03
   3.53015e-09   -6.81223e+03
   3.53116e-09   -6.81223e+03
   3.53218e-09   -6.81223e+03
   3.53319e-09   -6.81223e+03
   3.53420e-09   -6.81223e+03
   3.53522e-09   -6.81223e+03
   3.53623e-09   -6.81223e+03
   3.53724e-09   -6.81223e+03
   3.53826e-09   -6.81223e+03
   3.53927e-09   -6.81223e+03
   3.54028e-09   -6.81223e+03
   3.54130e-09   -6.81223e+03
   3.54231e-09   -6.81223e+03
   3.54332e-09   -6.81223e+03
   3.54434e-09   -6.81223e+03
   3.54535e-09   -6.81223e+03
   3.54637e-09   -6.81223e+03
   3.54738e-09   -6.81223e+03
   3.54839e-09   -6.81223e+03
   3.54941e-09   6.60654e+03
   3.55042e-09   6.60654e+03
   3.55143e-09   6.60654e+03
   3.55245e-09   6.60654e+03
   3.55346e-09   6.60654e+03
   3.55448e-09   6.60654e+03
   3.55549e-09   6.60654e+03
   3.55650e-09   6.60654e+03
   3.55752e-09   6.60654e+03
   3.55853e-09   6.60654e+03
   3.55954e-09   6.60654e+03
   3.56056e-09   6.60654e+03
   3.56157e-09   6.60654e+03
   3.56259e-09   6.60654e+03
   3.56360e-09   6.60654e+03
   3.56461e-09   6.60654e+03
   3.56563e-09   6.60654e+03
   3.56664e-09   6.60654e+03
   3.56766e-09   6.60654e+03
   3.56867e-09   6.60654e+03
   3.56968e-09   6.60654e+03
   3.57070e-09   6.60654e+03
   3.57171e-09   -9.26036e+03
   3.57272e-09   -9.26036e+03
   3.57374e-09   -9.26036e+03
   3.57475e-09   -9.26036e+03
   3.57577e-09   -9.26036e+03
   3.57678e-09   -9.26036e+03
   3.57779e-09   -9.26036e+03
   3.57881e-09   -9.26036e+03
   3.57982e-09   -9.26036e+03
   3.58084e-09   -9.26036e+03
   3.58185e-09   -9.26036e+03
   3.58287e-09   -9.26036e+03
   3.58388e-09   -9.26036e+03
   3.58489e-09   -9.26036e+03
   3.58591e-09   -9.26036e+03
   3.58692e-09   -9.26036e+03
   3.58794e-09   -9.26036e+03
   3.58895e-09   -9.26036e+03
   3.58996e-09   -9.26036e+03
   3.59098e-09   -9.26036e+03
   3.59199e-09   -9.26036e+03
   3.59301e-09   -9.26036e+03
   3.59402e-09   -9.26036e+03
   3.59504e-09   -2.91987e+03
   3.59605e-09   -2.91987e+03
   3.59706e-09   -2.91987e+03
   3.59808e-09   -2.91987e+03
   3.59909e-09   -2.91987e+03
   3.60011e-09   -2.91987e+03
   3.60112e-09   -2.91987e+03
   3.60214e-09   -2.91987e+03
   3.60315e-09   -2.91987e+03
   3.60417e-09   -2.91987e+03
   3.60518e-09   -2.91987e+03
   3.60619e-09   -2.91987e+03
   3.60721e-09   -2.91987e+03
   3.60822e-09   -2.91987e+03
   3.60924e-09   -2.91987e+03
   3.61025e-09   -2.91987e+03
   3.61127e-09   -2.91987e+03
   3.61228e-09   -2.91987e+03
   3.61330e-09   -2.91987e+03
   3.61431e-09   -2.91987e+03
   3.61532e-09   -2.91987e+03
   3.61634e-09   -2.91987e+03
   3.61735e-09   -9.93296e+01
   3.61837e-09   -9.93296e+01
   3.61938e-09   -9.93296e+01
   3.62040e-09   -9.93296e+01
   3.62141e-09   -9.93296e+01
   3.62243e-09   -9.93296e+01
   3.62344e-09   -9.93296e+01
   3.62446e-09   -9.93296e+01
   3.62547e-09   -9.93296e+01
   3.62649e-09   -9.93296e+01
   3.62750e-09   -9.93296e+01
   3.62852e-09   -9.93296e+01
   3.62953e-09   -9.93296e+01
   3.63054e-09   -9.93296e+01
   3.63156e-09   -9.93296e+01
   3.63257e-09   -9.93296e+01
   3.63359e-09   -9.93296e+01
   3.63460e-09   -9.93296e+01
   3.63562e-09   -9.93296e+01
   3.63663e-09   -9.93296e+01
   3.63765e-09   -9.93296e+01
   3.63866e-09   -9.93296e+01
   3.63968e-09   -6.64473e+03
   3.64069e-09   -6.64473e+03
   3.64171e-09   -6.64473e+03
   3.64272e-09   -6.64473e+03
   3.64374e-09   -6.64473e+03
   3.64475e-09   -6.64473e+03
   3.64577e-09   -6.64473e+03
   3.64678e-09   -6.64473e+03
   3.64780e-09   -6.64473e+03
   3.64881e-09   -6.64473e+03
   3.64983e-09   -6.64473e+03
   3.65084e-09   -6.64473e+03
   3.65186e-09   -6.64473e+03
   3.65287e-09   -6.64473e+03
   3.65389e-09   -6.64473e+03
   3.65490e-09   -6.64473e+03
   3.65592e-09   -6.64473e+03
   3.65693e-09   -6.64473e+03
   3.65795e-09   -6.64473e+03
   3.65896e-09   -6.64473e+03
   3.65998e-09   -6.64473e+03
   3.66099e-09   -6.64473e+03
   3.66201e-09   -6.64473e+03
   3.66302e-09   6.44929e+03
   3.66404e-09   6.44929e+03
   3.66506e-09   6.44929e+03
   3.66607e-09   6.44929e+03
   3.66709e-09   6.44929e+03
   3.66810e-09   6.44929e+03
   3.66912e-09   6.44929e+03
   3.67013e-09   6.44929e+03
   3.67115e-09   6.44929e+03
   3.67216e-09   6.44929e+03
   3.67318e-09   6.44929e+03
   3.67419e-09   6.44929e+03
   3.67521e-09   6.44929e+03
   3.67622e-09   6.44929e+03
   3.67724e-09   6.44929e+03
   3.67825e-09   6.44929e+03
   3.67927e-09   6.44929e+03
   3.68029e-09   6.44929e+03
   3.68130e-09   6.44929e+03
   3.68232e-09   6.44929e+03
   3.68333e-09   6.44929e+03
   3.68435e-09   6.44929e+03
   3.68536e-09   -9.06638e+03
   3.68638e-09   -9.06638e+03
   3.68739e-09   -9.06638e+03
   3.68841e-09   -9.06638e+03
   3.68943e-09   -9.06638e+03
   3.69044e-09   -9.06638e+03
   3.69146e-09   -9.06638e+03
   3.69247e-09   -9.06638e+03
   3.69349e-09   -9.06638e+03
   3.69450e-09   -9.06638e+03
   3.69552e-09   -9.06638e+03
   3.69653e-09   -9.06638e+03
   3.69755e-09   -9.06638e+03
   3.69857e-09   -9.06638e+03
   3.69958e-09   -9.06638e+03
   3.70060e-09   -9.06638e+03
   3.70161e-09   -9.06638e+03
   3.70263e-09   -9.06638e+03
   3.70364e-09   -9.06638e+03
   3.70466e-09   -9.06638e+03
   3.70568e-09   -9.06638e+03
   3.70669e-09   -9.06638e+03
   3.70771e-09   -3.10143e+03
   3.70872e-09   -3.10143e+03
   3.70974e-09   -3.10143e+03
   3.71075e-09   -3.10143e+03
   3.71177e-09   -3.10143e+03
   3.71279e-09   -3.10143e+03
   3.71380e-09   -3.10143e+03
   3.71482e-09   -3.10143e+03
   3.71583e-09   -3.10143e+03
   3.71685e-09   -3.10143e+03
   3.71787e-09   -3.10143e+03
   3.71888e-09   -3.10143e+03
   3.71990e-09   -3.10143e+03
   3.72091e-09   -3.10143e+03
   3.72193e-09   -3.10143e+03
   3.72295e-09   -3.10143e+03
   3.72396e-09   -3.10143e+03
   3.72498e-09   -3.10143e+03
   3.72599e-09   -3.10143e+03
   3.72701e-09   -3.10143e+03
   3.72803e-09   -3.10143e+03
   3.72904e-09   -3.10143e+03
   3.73006e-09   -3.10143e+03
   3.73107e-09   -1.01153e+02
   3.73209e-09   -1.01153e+02
   3.73311e-09   -1.01153e+02
   3.73412e-09   -1.01153e+02
   3.73514e-09   -1.01153e+02
   3.73616e-09   -1.01153e+02
   3.73717e-09   -1.01153e+02
   3.73819e-09   -1.01153e+02
   3.73920e-09   -1.01153e+02
   3.74022e-09   -1.01153e+02
   3.74124e-09   -1.01153e+02
   3.74225e-09   -1.01153e+02
   3.74327e-09   -1.01153e+02
   3.74428e-09   -1.01153e+02
   3.74530e-09   -1.01153e+02
   3.74632e-09   -1.01153e+02
   3.74733e-09   -1.01153e+02
   3.74835e-09   -1.01153e+02
   3.74937e-09   -1.01153e+02
   3.75038e-09   -1.01153e+02
   3.75140e-09   -1.01153e+02
   3.75242e-09   -1.01153e+02
   3.75343e-09   -6.43348e+03
   3.75445e-09   -6.43348e+03
   3.75546e-09   -6.43348e+03
   3.75648e-09   -6.43348e+03
   3.75750e-09   -6.43348e+03
   3.75851e-09   -6.43348e+03
   3.75953e-09   -6.43348e+03
   3.76055e-09   -6.43348e+03
   3.76156e-09   -6.43348e+03
   3.76258e-09   -6.43348e+03
   3.76360e-09   -6.43348e+03
   3.76461e-09   -6.43348e+03
   3.76563e-09   -6.43348e+03
   3.76665e-09   -6.43348e+03
   3.76766e-09   -6.43348e+03
   3.76868e-09   -6.43348e+03
   3.76970e-09   -6.43348e+03
   3.77071e-09   -6.43348e+03
   3.77173e-09   -6.43348e+03
   3.77275e-09   -6.43348e+03
   3.77376e-09   -6.43348e+03
   3.77478e-09   -6.43348e+03
   3.77580e-09   -6.43348e+03
   3.77681e-09   6.24565e+03
   3.77783e-09   6.24565e+03
   3.77885e-09   6.24565e+03
   3.77986e-09   6.24565e+03
   3.78088e-09   6.24565e+03
   3.78190e-09   6.24565e+03
   3.78291e-09   6.24565e+03
   3.78393e-09   6.24565e+03
   3.78495e-09   6.24565e+03
   3.78596e-09   6.24565e+03
   3.78698e-09   6.24565e+03
   3.78800e-09   6.24565e+03
   3.78901e-09   6.24565e+03
   3.79003e-09   6.24565e+03
   3.79105e-09   6.24565e+03
   3.79206e-09   6.24565e+03
   3.79308e-09   6.24565e+03
   3.79410e-09   6.24565e+03
   3.79512e-09   6.24565e+03
   3.79613e-09   6.24565e+03
   3.79715e-09   6.24565e+03
   3.79817e-09   6.24565e+03
   3.79918e-09   -8.84033e+03
   3.80020e-09   -8.84033e+03
   3.80122e-09   -8.84033e+03
   3.80223e-09   -8.84033e+03
   3.80325e-09   -8.84033e+03
   3.80427e-09   -8.84033e+03
   3.80529e-09   -8.84033e+03
   3.80630e-09   -8.84033e+03
   3.80732e-09   -8.84033e+03
   3.80834e-09   -8.84033e+03
   3.80935e-09   -8.84033e+03
   3.81037e-09   -8.84033e+03
   3.81139e-09   -8.84033e+03
   3.81241e-09   -8.84033e+03
   3.81342e-09   -8.84033e+03
   3.81444e-09   -8.84033e+03
   3.81546e-09   -8.84033e+03
   3.81647e-09   -8.84033e+03
   3.81749e-09   -8.84033e+03
   3.81851e-09   -8.84033e+03
   3.81953e-09   -8.84033e+03
   3.82054e-09   -8.84033e+03
   3.82156e-09   -3.31257e+03
   3.82258e-09   -3.31257e+03
   3.82359e-09   -3.31257e+03
   3.82461e-09   -3.31257e+03
   3.82563e-09   -3.31257e+03
   3.82665e-09   -3.31257e+03
   3.82766e-09   -3.31257e+03
   3.82868e-09   -3.31257e+03
   3.82970e-09   -3.31257e+03
   3.83072e-09   -3.31257e+03
   3.83173e-09   -3.31257e+03
   3.83275e-09   -3.31257e+03
   3.83377e-09   -3.31257e+03
   3.83479e-09   -3.31257e+03
   3.83580e-09   -3.31257e+03
   3.83682e-09   -3.31257e+03
   3.83784e-09   -3.31257e+03
   3.83886e-09   -3.31257e+03
   3.83987e-09   -3.31257e+03
   3.84089e-09   -3.31257e+03
   3.84191e-09   -3.31257e+03
   3.84293e-09   -3.31257e+03
   3.84394e-09   -3.31257e+03
   3.84496e-09   -1.03817e+02
   3.84598e-09   -1.03817e+02
   3.84700e-09   -1.03817e+02
   3.84801e-09   -1.03817e+02
   3.84903e-09   -1.03817e+02
   3.85005e-09   -1.03817e+02
   3.85107e-09   -1.03817e+02
   3.85208e-09   -1.03817e+02
   3.85310e-09   -1.03817e+02
   3.85412e-09   -1.03817e+02
   3.85514e-09   -1.03817e+02
   3.85615e-09   -1.03817e+02
   3.85717e-09   -1.03817e+02
   3.85819e-09   -1.03817e+02
   3.85921e-09   -1.03817e+02
   3.86023e-09   -1.03817e+02
   3.86124e-09   -1.03817e+02
   3.86226e-09   -1.03817e+02
   3.86328e-09   -1.03817e+02
   3.86430e-09   -1.03817e+02
   3.86531e-09   -1.03817e+02
   3.86633e-09   -1.03817e+02
   3.86735e-09   -6.19433e+03
   3.86837e-09   -6.19433e+03
   3.86939e-09   -6.19433e+03
   3.87040e-09   -6.19433e+03
   3.87142e-09   -6.19433e+03
   3.87244e-09   -6.19433e+03
   3.87346e-09   -6.19433e+03
   3.87448e-09   -6.19433e+03
   3.87549e-09   -6.19433e+03
   3.87651e-09   -6.19433e+03
   3.87753e-09   -6.19433e+03
   3.87855e-09   -6.19433e+03
   3.87957e-09   -6.19433e+03
   3.88058e-09   -6.19433e+03
   3.88160e-09   -6.19433e+03
   3.88262e-09   -6.19433e+03
   3.88364e-09   -6.19433e+03
   3.88466e-09   -6.19433e+03
   3.88567e-09   -6.19433e+03
   3.88669e-09   -6.19433e+03
   3.88771e-09   -6.19433e+03
   3.88873e-09   -6.19433e+03
   3.88975e-09   6.01091e+03
   3.89076e-09   6.01091e+03
   3.89178e-09   6.01091e+03
   3.89280e-09   6.01091e+03
   3.89382e-09   6.01091e+03
   3.89484e-09   6.01091e+03
   3.89585e-09   6.01091e+03
   3.89687e-09   6.01091e+03
   3.89789e-09   6.01091e+03
   3.89891e-09   6.01091e+03
   3.89993e-09   6.01091e+03
   3.90095e-09   6.01091e+03
   3.90196e-09   6.01091e+03
   3.90298e-09   6.01091e+03
   3.90400e-09   6.01091e+03
   3.90502e-09   6.01091e+03
   3.90604e-09   6.01091e+03
   3.90706e-09   6.01091e+03
   3.90807e-09   6.01091e+03
   3.90909e-09   6.01091e+03
   3.91011e-09   6.01091e+03
   3.91113e-09   6.01091e+03
   3.91215e-09   6.01091e+03
   3.91317e-09   -8.57039e+03
   3.91418e-09   -8.57039e+03
   3.91520e-09   -8.57039e+03
   3.91622e-09   -8.57039e+03
   3.91724e-09   -8.57039e+03
   3.91826e-09   -8.57039e+03
   3.91928e-09   -8.57039e+03
   3.92030e-09   -8.57039e+03
   3.92131e-09   -8.57039e+03
   3.92233e-09   -8.57039e+03
   3.92335e-09   -8.57039e+03
   3.92437e-09   -8.57039e+03
   3.92539e-09   -8.57039e+03
   3.92641e-09   -8.57039e+03
   3.92743e-09   -8.57039e+03
   3.92844e-09   -8.57039e+03
   3.92946e-09   -8.57039e+03
   3.93048e-09   -8.57039e+03
   3.93150e-09   -8.57039e+03
   3.93252e-09   -8.57039e+03
   3.93354e-09   -8.57039e+03
   3.93456e-09   -8.57039e+03
   3.93557e-09   -3.56323e+03
   3.93659e-09   -3.56323e+03
   3.93761e-09   -3.56323e+03
   3.93863e-09   -3.56323e+03
   3.93965e-09   -3.56323e+03
   3.94067e-09   -3.56323e+03
   3.94169e-09   -3.56323e+03
   3.94271e-09   -3.56323e+03
   3.94372e-09   -3.56323e+03
   3.94474e-09   -3.56323e+03
   3.94576e-09   -3.56323e+03
   3.94678e-09   -3.56323e+03
   3.94780e-09   -3.56323e+03
   3.94882e-09   -3.56323e+03
   3.94984e-09   -3.56323e+03
   3.95086e-09   -3.56323e+03
   3.95187e-09   -3.56323e+03
   3.95289e-09   -3.56323e+03
   3.95391e-09   -3.56323e+03
   3.95493e-09   -3.56323e+03
   3.95595e-09   -3.56323e+03
   3.95697e-09   -3.56323e+03
   3.95799e-09   -1.08139e+02
   3.95901e-09   -1.08139e+02
   3.96003e-09   -1.08139e+02
   3.96105e-09   -1.08139e+02
   3.96206e-09   -1.08139e+02
   3.96308e-09   -1.08139e+02
   3.96410e-09   -1.08139e+02
   3.96512e-09   -1.08139e+02
   3.96614e-09   -1.08139e+02
   3.96716e-09   -1.08139e+02
   3.96818e-09   -1.08139e+02
   3.96920e-09   -1.08139e+02
   3.97022e-09   -1.08139e+02
   3.97124e-09   -1.08139e+02
   3.97226e-09   -1.08139e+02
   3.97327e-09   -1.08139e+02
   3.97429e-09   -1.08139e+02
   3.97531e-09   -1.08139e+02
   3.97633e-09   -1.08139e+02
   3.97735e-09   -1.08139e+02
   3.97837e-09   -1.08139e+02
   3.97939e-09   -1.08139e+02
   3.98041e-09   -1.08139e+02
   3.98143e-09   -5.92196e+03
   3.98245e-09   -5.92196e+03
   3.98347e-09   -5.92196e+03
   3.98449e-09   -5.92196e+03
   3.98550e-09   -5.92196e+03
   3.98652e-09   -5.92196e+03
   3.98754e-09   -5.92196e+03
   3.98856e-09   -5.92196e+03
   3.98958e-09   -5.92196e+03
   3.99060e-09   -5.92196e+03
   3.99162e-09   -5.92196e+03
   3.99264e-09   -5.92196e+03
   3.99366e-09   -5.92196e+03
   3.99468e-09   -5.92196e+03
   3.99570e-09   -5.92196e+03
   3.99672e-09   -5.92196e+03
   3.99774e-09   -5.92196e+03
   3.99876e-09   -5.92196e+03
   3.99978e-09   -5.92196e+03
   4.00080e-09   -5.92196e+03
   4.00182e-09   -5.92196e+03
   4.00283e-09   -5.92196e+03
   4.00385e-09   5.74246e+03
   4.00487e-09   5.74246e+03
   4.00589e-09   5.74246e+03
   4.00691e-09   5.74246e+03
   4.00793e-09   5.74246e+03
   4.00895e-09   5.74246e+03
   4.00997e-09   5.74246e+03
   4.01099e-09   5.74246e+03
   4.01201e-09   5.74246e+03
   4.01303e-09   5.74246e+03
   4.01405e-09   5.74246e+03
   4.01507e-09   5.74246e+03
   4.01609e-09   5.74246e+03
   4.01711e-09   5.74246e+03
   4.01813e-09   5.74246e+03
   4.01915e-09   5.74246e+03
   4.02017e-09   5.74246e+03
   4.02119e-09   5.74246e+03
   4.02221e-09   5.74246e+03
   4.02323e-09   5.74246e+03
   4.02425e-09   5.74246e+03
   4.02527e-09   5.74246e+03
   4.02629e-09   5.74246e+03
   4.02731e-09   -8.26699e+03
   4.02833e-09   -8.26699e+03
   4.02935e-09   -8.26699e+03
   4.03037e-09   -8.26699e+03
   4.03139e-09   -8.26699e+03
   4.03241e-09   -8.26699e+03
   4.03343e-09   -8.26699e+03
   4.03445e-09   -8.26699e+03
   4.03546e-09   -8.26699e+03
   4.03648e-09   -8.26699e+03
   4.03750e-09   -8.26699e+03
   4.03852e-09   -8.26699e+03
   4.03954e-09   -8.26699e+03
   4.04056e-09   -8.26699e+03
   4.04158e-09   -8.26699e+03
   4.04260e-09   -8.26699e+03
   4.04362e-09   -8.26699e+03
   4.04464e-09   -8.26699e+03
   4.04566e-09   -8.26699e+03
   4.04668e-09   -8.26699e+03
   4.04770e-09   -8.26699e+03
   4.04872e-09   -8.26699e+03
   4.04974e-09   -3.84426e+03
   4.05076e-09   -3.84426e+03
   4.05178e-09   -3.84426e+03
   4.05280e-09   -3.84426e+03
   4.05382e-09   -3.84426e+03
   4.05485e-09   -3.84426e+03
   4.05587e-09   -3.84426e+03
   4.05689e-09   -3.84426e+03
   4.05791e-09   -3.84426e+03
   4.05893e-09   -3.84426e+03
   4.05995e-09   -3.84426e+03
   4.06097e-09   -3.84426e+03
   4.06199e-09   -3.84426e+03
   4.06301e-09   -3.84426e+03
   4.06403e-09   -3.84426e+03
   4.06505e-09   -3.84426e+03
   4.06607e-09   -3.84426e+03
   4.06709e-09   -3.84426e+03
   4.06811e-09   -3.84426e+03
   4.06913e-09   -3.84426e+03
   4.07015e-09   -3.84426e+03
   4.07117e-09   -3.84426e+03
   4.07219e-09   -1.15676e+02
   4.07321e-09   -1.15676e+02
   4.07423e-09   -1.15676e+02
   4.07525e-09   -1.15676e+02
   4.07627e-09   -1.15676e+02
   4.07729e-09   -1.15676e+02
   4.07831e-09   -1.15676e+02
   4.07933e-09   -1.15676e+02
   4.08035e-09   -1.15676e+02
   4.08137e-09   -1.15676e+02
   4.08239e-09   -1.15676e+02
   4.08341e-09   -1.15676e+02
   4.08443e-09   -1.15676e+02
   4.08545e-09   -1.15676e+02
   4.08647e-09   -1.15676e+02
   4.08750e-09   -1.15676e+02
   4.08852e-09   -1.15676e+02
   4.08954e-09   -1.15676e+02
   4.09056e-09   -1.15676e+02
   4.09158e-09   -1.15676e+02
   4.09260e-09   -1.15676e+02
   4.09362e-09   -1.15676e+02
   4.09464e-09   -1.15676e+02
   4.09566e-09   -5.61667e+03
   4.09668e-09   -5.61667e+03
   4.09770e-09   -5.61667e+03
   4.09872e-09   -5.61667e+03
   4.09974e-09   -5.61667e+03
   4.10076e-09   -5.61667e+03
   4.10178e-09   -5.61667e+03
   4.10280e-09   -5.61667e+03
   4.10382e-09   -5.61667e+03
   4.10485e-09   -5.61667e+03
   4.10587e-09   -5.61667e+03
   4.10689e-09   -5.61667e+03
   4.10791e-09   -5.61667e+03
   4.10893e-09   -5.61667e+03
   4.10995e-09   -5.61667e+03
   4.11097e-09   -5.61667e+03
   4.11199e-09   -5.61667e+03
   4.11301e-09   -5.61667e+03
   4.11403e-09   -5.61667e+03
   4.11505e-09   -5.61667e+03
   4.11607e-09   -5.61667e+03
   4.11709e-09   -5.61667e+03
   4.11812e-09   5.44128e+03
   4.11914e-09   5.44128e+03
   4.12016e-09   5.44128e+03
   4.12118e-09   5.44128e+03
   4.12220e-09   5.44128e+03
   4.12322e-09   5.44128e+03
   4.12424e-09   5.44128e+03
   4.12526e-09   5.44128e+03
   4.12628e-09   5.44128e+03
   4.12730e-09   5.44128e+03
   4.12832e-09   5.44128e+03
   4.12935e-09   5.44128e+03
   4.13037e-09   5.44128e+03
   4.13139e-09   5.44128e+03
   4.13241e-09   5.44128e+03
   4.13343e-09   5.44128e+03
   4.13445e-09   5.44128e+03
   4.13547e-09   5.44128e+03
   4.13649e-09   5.44128e+03
   4.13751e-09   5.44128e+03
   4.13854e-09   5.44128e+03
   4.13956e-09   5.44128e+03
   4.14058e-09   -7.92502e+03
   4.14160e-09   -7.92502e+03
   4.14262e-09   -7.92502e+03
   4.14364e-09   -7.92502e+03
   4.14466e-09   -7.92502e+03
   4.14568e-09   -7.92502e+03
   4.14670e-09   -7.92502e+03
   4.14773e-09   -7.92502e+03
   4.14875e-09   -7.92502e+03
   4.14977e-09   -7.92502e+03
   4.15079e-09   -7.92502e+03
   4.15181e-09   -7.92502e+03
   4.15283e-09   -7.92502e+03
   4.15385e-09   -7.92502e+03
   4.15487e-09   -7.92502e+03
   4.15590e-09   -7.92502e+03
   4.15692e-09   -7.92502e+03
   4.15794e-09   -7.92502e+03
   4.15896e-09   -7.92502e+03
   4.15998e-09   -7.92502e+03
   4.16100e-09   -7.92502e+03
   4.16202e-09   -7.92502e+03
   4.16304e-09   -7.92502e+03
   4.16407e-09   7.73477e+03
   4.16509e-09   7.73477e+03
   4.16611e-09   7.73477e+03
   4.16713e-09   7.73477e+03
   4.16815e-09   7.73477e+03
   4.16917e-09   7.73477e+03
   4.17019e-09   7.73477e+03
   4.17122e-09   7.73477e+03
   4.17224e-09   7.73477e+03
   4.17326e-09   7.73477e+03
   4.17428e-09   7.73477e+03
   4.17530e-09   7.73477e+03
   4.17632e-09   7.73477e+03
   4.17735e-09   7.73477e+03
   4.17837e-09   7.73477e+03
   4.17939e-09   7.73477e+03
   4.18041e-09   7.73477e+03
   4.18143e-09   7.73477e+03
   4.18245e-09   7.73477e+03
   4.18347e-09   7.73477e+03
   4.18450e-09   7.73477e+03
   4.18552e-09   7.73477e+03
   4.18654e-09   -9.59344e+03
   4.18756e-09   -9.59344e+03
   4.18858e-09   -9.59344e+03
   4.18960e-09   -9.59344e+03
   4.19063e-09   -9.59344e+03
   4.19165e-09   -9.59344e+03
   4.19267e-09   -9.59344e+03
   4.19369e-09   -9.59344e+03
   4.19471e-09   -9.59344e+03
   4.19573e-09   -9.59344e+03
   4.19676e-09   -9.59344e+03
   4.19778e-09   -9.59344e+03
   4.19880e-09   -9.59344e+03
   4.19982e-09   -9.59344e+03
   4.20084e-09   -9.59344e+03
   4.20187e-09   -9.59344e+03
   4.20289e-09   -9.59344e+03
   4.20391e-09   -9.59344e+03
   4.20493e-09   -9.59344e+03
   4.20595e-09   -9.59344e+03
   4.20697e-09   -9.59344e+03
   4.20800e-09   -9.59344e+03
   4.20902e-09   -9.59344e+03
   4.21004e-09   -2.40847e+03
   4.21106e-09   -2.40847e+03
   4.21208e-09   -2.40847e+03
   4.21311e-09   -2.40847e+03
   4.21413e-09   -2.40847e+03
   4.21515e-09   -2.40847e+03
   4.21617e-09   -2.40847e+03
   4.21719e-09   -2.40847e+03
   4.21822e-09   -2.40847e+03
   4.21924e-09   -2.40847e+03
   4.22026e-09   -2.40847e+03
   4.22128e-09   -2.40847e+03
   4.22230e-09   -2.40847e+03
   4.22333e-09   -2.40847e+03
   4.22435e-09   -2.40847e+03
   4.22537e-09   -2.40847e+03
   4.22639e-09   -2.40847e+03
   4.22741e-09   -2.40847e+03
   4.22844e-09   -2.40847e+03
   4.22946e-09   -2.40847e+03
   4.23048e-09   -2.40847e+03
   4.23150e-09   -2.40847e+03
   4.23253e-09   -8.75040e+01
   4.23355e-09   -8.75040e+01
   4.23457e-09   -8.75040e+01
   4.23559e-09   -8.75040e+01
   4.23661e-09   -8.75040e+01
   4.23764e-09   -8.75040e+01
   4.23866e-09   -8.75040e+01
   4.23968e-09   -8.75040e+01
   4.24070e-09   -8.75040e+01
   4.24173e-09   -8.75040e+01
   4.24275e-09   -8.75040e+01
   4.24377e-09   -8.75040e+01
   4.24479e-09   -8.75040e+01
   4.24581e-09   -8.75040e+01
   4.24684e-09   -8.75040e+01
   4.24786e-09   -8.75040e+01
   4.24888e-09   -8.75040e+01
   4.24990e-09   -8.75040e+01
   4.25093e-09   -8.75040e+01
   4.25195e-09   -8.75040e+01
   4.25297e-09   -8.75040e+01
   4.25399e-09   -8.75040e+01
   4.25502e-09   -6.60080e+03
   4.25604e-09   -6.60080e+03
   4.25706e-09   -6.60080e+03
   4.25808e-09   -6.60080e+03
   4.25911e-09   -6.60080e+03
   4.26013e-09   -6.60080e+03
   4.26115e-09   -6.60080e+03
   4.26217e-09   -6.60080e+03
   4.26320e-09   -6.60080e+03
   4.26422e-09   -6.60080e+03
   4.26524e-09   -6.60080e+03
   4.26626e-09   -6.60080e+03
   4.26729e-09   -6.60080e+03
   4.26831e-09   -6.60080e+03
   4.26933e-09   -6.60080e+03
   4.27035e-09   -6.60080e+03
   4.27138e-09   -6.60080e+03
   4.27240e-09   -6.60080e+03
   4.27342e-09   -6.60080e+03
   4.27444e-09   -6.60080e+03
   4.27547e-09   -6.60080e+03
   4.27649e-09   -6.60080e+03
   4.27751e-09   -6.60080e+03
   4.27853e-09   6.41876e+03
   4.27956e-09   6.41876e+03
   4.28058e-09   6.41876e+03
   4.28160e-09   6.41876e+03
   4.28262e-09   6.41876e+03
   4.28365e-09   6.41876e+03
   4.28467e-09   6.41876e+03
   4.28569e-09   6.41876e+03
   4.28672e-09   6.41876e+03
   4.28774e-09   6.41876e+03
   4.28876e-09   6.41876e+03
   4.28978e-09   6.41876e+03
   4.29081e-09   6.41876e+03
   4.29183e-09   6.41876e+03
   4.29285e-09   6.41876e+03
   4.29388e-09   6.41876e+03
   4.29490e-09   6.41876e+03
   4.29592e-09   6.41876e+03
   4.29694e-09   6.41876e+03
   4.29797e-09   6.41876e+03
   4.29899e-09   6.41876e+03
   4.30001e-09   6.41876e+03
   4.30104e-09   -8.84368e+03
   4.30206e-09   -8.84368e+03
   4.30308e-09   -8.84368e+03
   4.30410e-09   -8.84368e+03
   4.30513e-09   -8.84368e+03
   4.30615e-09   -8.84368e+03
   4.30717e-09   -8.84368e+03
   4.30820e-09   -8.84368e+03
   4.30922e-09   -8.84368e+03
   4.31024e-09   -8.84368e+03
   4.31127e-09   -8.84368e+03
   4.31229e-09   -8.84368e+03
   4.31331e-09   -8.84368e+03
   4.31433e-09   -8.84368e+03
   4.31536e-09   -8.84368e+03
   4.31638e-09   -8.84368e+03
   4.31740e-09   -8.84368e+03
   4.31843e-09   -8.84368e+03
   4.31945e-09   -8.84368e+03
   4.32047e-09   -8.84368e+03
   4.32150e-09   -8.84368e+03
   4.32252e-09   -8.84368e+03
   4.32354e-09   -3.23033e+03
   4.32457e-09   -3.23033e+03
   4.32559e-09   -3.23033e+03
   4.32661e-09   -3.23033e+03
   4.32764e-09   -3.23033e+03
   4.32866e-09   -3.23033e+03
   4.32968e-09   -3.23033e+03
   4.33071e-09   -3.23033e+03
   4.33173e-09   -3.23033e+03
   4.33275e-09   -3.23033e+03
   4.33378e-09   -3.23033e+03
   4.33480e-09   -3.23033e+03
   4.33582e-09   -3.23033e+03
   4.33684e-09   -3.23033e+03
   4.33787e-09   -3.23033e+03
   4.33889e-09   -3.23033e+03
   4.33991e-09   -3.23033e+03
   4.34094e-09   -3.23033e+03
   4.34196e-09   -3.23033e+03
   4.34299e-09   -3.23033e+03
   4.34401e-09   -3.23033e+03
   4.34503e-09   -3.23033e+03
   4.34606e-09   -3.23033e+03
   4.34708e-09   -9.98351e+01
   4.34810e-09   -9.98351e+01
   4.34913e-09   -9.98351e+01
   4.35015e-09   -9.98351e+01
   4.35117e-09   -9.98351e+01
   4.35220e-09   -9.98351e+01
   4.35322e-09   -9.98351e+01
   4.35424e-09   -9.98351e+01
   4.35527e-09   -9.98351e+01
   4.35629e-09   -9.98351e+01
   4.35731e-09   -9.98351e+01
   4.35834e-09   -9.98351e+01
   4.35936e-09   -9.98351e+01
   4.36038e-09   -9.98351e+01
   4.36141e-09   -9.98351e+01
   4.36243e-09   -9.98351e+01
   4.36345e-09   -9.98351e+01
   4.36448e-09   -9.98351e+01
   4.36550e-09   -9.98351e+01
   4.36653e-09   -9.98351e+01
   4.36755e-09   -9.98351e+01
   4.36857e-09   -9.98351e+01
   4.36960e-09   -6.08982e+03
   4.37062e-09   -6.08982e+03
   4.37164e-09   -6.08982e+03
   4.37267e-09   -6.08982e+03
   4.37369e-09   -6.08982e+03
   4.37472e-09   -6.08982e+03
   4.37574e-09   -6.08982e+03
   4.37676e-09   -6.08982e+03
   4.37779e-09   -6.08982e+03
   4.37881e-09   -6.08982e+03
   4.37983e-09   -6.08982e+03
   4.38086e-09   -6.08982e+03
   4.38188e-09   -6.08982e+03
   4.38291e-09   -6.08982e+03
   4.38393e-09   -6.08982e+03
   4.38495e-09   -6.08982e+03
   4.38598e-09   -6.08982e+03
   4.38700e-09   -6.08982e+03
   4.38802e-09   -6.08982e+03
   4.38905e-09   -6.08982e+03
   4.39007e-09   -6.08982e+03
   4.39110e-09   -6.08982e+03
   4.39212e-09   5.91386e+03
   4.39314e-09   5.91386e+03
   4.39417e-09   5.91386e+03
   4.39519e-09   5.91386e+03
   4.39622e-09   5.91386e+03
   4.39724e-09   5.91386e+03
   4.39826e-09   5.91386e+03
   4.39929e-09   5.91386e+03
   4.40031e-09   5.91386e+03
   4.40134e-09   5.91386e+03
   4.40236e-09   5.91386e+03
   4.40338e-09   5.91386e+03
   4.40441e-09   5.91386e+03
   4.40543e-09   5.91386e+03
   4.40646e-09   5.91386e+03
   4.40748e-09   5.91386e+03
   4.40850e-09   5.91386e+03
   4.40953e-09   5.91386e+03
   4.41055e-09   5.91386e+03
   4.41158e-09   5.91386e+03
   4.41260e-09   5.91386e+03
   4.41362e-09   5.91386e+03
   4.41465e-09   5.91386e+03
   4.41567e-09   -8.35287e+03
   4.41670e-09   -8.35287e+03
   4.41772e-09   -8.35287e+03
   4.41875e-09   -8.35287e+03
   4.41977e-09   -8.35287e+03
   4.42079e-09   -8.35287e+03
   4.42182e-09   -8.35287e+03
   4.42284e-09   -8.35287e+03
   4.42387e-09   -8.35287e+03
   4.42489e-09   -8.35287e+03
   4.42592e-09   -8.35287e+03
   4.42694e-09   -8.35287e+03
   4.42796e-09   -8.35287e+03
   4.42899e-09   -8.35287e+03
   4.43001e-09   -8.35287e+03
   4.43104e-09   -8.35287e+03
   4.43206e-09   -8.35287e+03
   4.43309e-09   -8.35287e+03
   4.43411e-09   -8.35287e+03
   4.43513e-09   -8.35287e+03
   4.43616e-09   -8.35287e+03
   4.43718e-09   -8.35287e+03
   4.43821e-09   -3.70674e+03
   4.43923e-09   -3.70674e+03
   4.44026e-09   -3.70674e+03
   4.44128e-09   -3.70674e+03
   4.44231e-09   -3.70674e+03
   4.44333e-09   -3.70674e+03
   4.44435e-09   -3.70674e+03
   4.44538e-09   -3.70674e+03
   4.44640e-09   -3.70674e+03
   4.44743e-09   -3.70674e+03
   4.44845e-09   -3.70674e+03
   4.44948e-09   -3.70674e+03
   4.45050e-09   -3.70674e+03
   4.45153e-09   -3.70674e+03
   4.45255e-09   -3.70674e+03
   4.45357e-09   -3.70674e+03
   4.45460e-09   -3.70674e+03
   4.45562e-09   -3.70674e+03
   4.45665e-09   -3.70674e+03
   4.45767e-09   -3.70674e+03
   4.45870e-09   -3.70674e+03
   4.45972e-09   -3.70674e+03
   4.46075e-09   -3.70674e+03
   4.46177e-09   -1.09928e+02
   4.46280e-09   -1.09928e+02
   4.46382e-09   -1.09928e+02
   4.46485e-09   -1.09928e+02
   4.46587e-09   -1.09928e+02
   4.46690e-09   -1.09928e+02
   4.46792e-09   -1.09928e+02
   4.46894e-09   -1.09928e+02
   4.46997e-09   -1.09928e+02
   4.47099e-09   -1.09928e+02
   4.47202e-09   -1.09928e+02
   4.47304e-09   -1.09928e+02
   4.47407e-09   -1.09928e+02
   4.47509e-09   -1.09928e+02
   4.47612e-09   -1.09928e+02
   4.47714e-09   -1.09928e+02
   4.47817e-09   -1.09928e+02
   4.47919e-09   -1.09928e+02
   4.48022e-09   -1.09928e+02
   4.48124e-09   -1.09928e+02
   4.48227e-09   -1.09928e+02
   4.48329e-09   -1.09928e+02
   4.48432e-09   -5.63459e+03
   4.48534e-09   -5.63459e+03
   4.48637e-09   -5.63459e+03
   4.48739e-09   -5.63459e+03
   4.48842e-09   -5.63459e+03
   4.48944e-09   -5.63459e+03
   4.49047e-09   -5.63459e+03
   4.49149e-09   -5.63459e+03
   4.49252e-09   -5.63459e+03
   4.49354e-09   -5.63459e+03
   4.49457e-09   -5.63459e+03
   4.49559e-09   -5.63459e+03
   4.49662e-09   -5.63459e+03
   4.49764e-09   -5.63459e+03
   4.49867e-09   -5.63459e+03
   4.49969e-09   -5.63459e+03
   4.50072e-09   -5.63459e+03
   4.50174e-09   -5.63459e+03
   4.50277e-09   -5.63459e+03
   4.50379e-09   -5.63459e+03
   4.50482e-09   -5.63459e+03
   4.50584e-09   -5.63459e+03
   4.50687e-09   5.46372e+03
   4.50789e-09   5.46372e+03
   4.50892e-09   5.46372e+03
   4.50994e-09   5.46372e+03
   4.51097e-09   5.46372e+03
   4.51199e-09   5.46372e+03
   4.51302e-09   5.46372e+03
   4.51404e-09   5.46372e+03
   4.51507e-09   5.46372e+03
   4.51609e-09   5.46372e+03
   4.51712e-09   5.46372e+03
   4.51814e-09   5.46372e+03
   4.51917e-09   5.46372e+03
   4.52019e-09   5.46372e+03
   4.52122e-09   5.46372e+03
   4.52225e-09   5.46372e+03
   4.52327e-09   5.46372e+03
   4.52430e-09   5.46372e+03
   4.52532e-09   5.46372e+03
   4.52635e-09   5.46372e+03
   4.52737e-09   5.46372e+03
   4.52840e-09   5.46372e+03
   4.52942e-09   5.46372e+03
   4.53045e-09   -7.87095e+03
   4.53147e-09   -7.87095e+03
   4.53250e-09   -7.87095e+03
   4.53352e-09   -7.87095e+03
   4.53455e-09   -7.87095e+03
   4.53557e-09   -7.87095e+03
   4.53660e-09   -7.87095e+03
   4.53763e-09   -7.87095e+03
   4.53865e-09   -7.87095e+03
   4.53968e-09   -7.87095e+03
   4.54070e-09   -7.87095e+03
   4.54173e-09   -7.87095e+03
   4.54275e-09   -7.87095e+03
   4.54378e-09   -7.87095e+03
   4.54480e-09   -7.87095e+03
   4.54583e-09   -7.87095e+03
   4.54686e-09   -7.87095e+03
   4.54788e-09   -7.87095e+03
   4.54891e-09   -7.87095e+03
   4.54993e-09   -7.87095e+03
   4.55096e-09   -7.87095e+03
   4.55198e-09   -7.87095e+03
   4.55301e-09   7.68982e+03
   4.55403e-09   7.68982e+03
   4.55506e-09   7.68982e+03
   4.55609e-09   7.68982e+03
   4.55711e-09   7.68982e+03
   4.55814e-09   7.68982e+03
   4.55916e-09   7.68982e+03
   4.56019e-09   7.68982e+03
   4.56121e-09   7.68982e+03
   4.56224e-09   7.68982e+03
   4.56327e-09   7.68982e+03
   4.56429e-09   7.68982e+03
   4.56532e-09   7.68982e+03
   4.56634e-09   7.68982e+03
   4.56737e-09   7.68982e+03
   4.56839e-09   7.68982e+03
   4.56942e-09   7.68982e+03
   4.57045e-09   7.68982e+03
   4.57147e-09   7.68982e+03
   4.57250e-09   7.68982e+03
   4.57352e-09   7.68982e+03
   4.57455e-09   7.68982e+03
   4.57557e-09   -9.48925e+03
   4.57660e-09   -9.48925e+03
   4.57763e-09   -9.48925e+03
   4.57865e-09   -9.48925e+03
   4.57968e-09   -9.48925e+03
   4.58070e-09   -9.48925e+03
   4.58173e-09   -9.48925e+03
   4.58276e-09   -9.48925e+03
   4.58378e-09   -9.48925e+03
   4.58481e-09   -9.48925e+03
   4.58583e-09   -9.48925e+03
   4.58686e-09   -9.48925e+03
   4.58789e-09   -9.48925e+03
   4.58891e-09   -9.48925e+03
   4.58994e-09   -9.48925e+03
   4.59096e-09   -9.48925e+03
   4.59199e-09   -9.48925e+03
   4.59301e-09   -9.48925e+03
   4.59404e-09   -9.48925e+03
   4.59507e-09   -9.48925e+03
   4.59609e-09   -9.48925e+03
   4.59712e-09   -9.48925e+03
   4.59815e-09   -9.48925e+03
   4.59917e-09   -2.46745e+03
   4.60020e-09   -2.46745e+03
   4.60122e-09   -2.46745e+03
   4.60225e-09   -2.46745e+03
   4.60328e-09   -2.46745e+03
   4.60430e-09   -2.46745e+03
   4.60533e-09   -2.46745e+03
   4.60635e-09   -2.46745e+03
   4.60738e-09   -2.46745e+03
   4.60841e-09   -2.46745e+03
   4.60943e-09   -2.46745e+03
   4.61046e-09   -2.46745e+03
   4.61148e-09   -2.46745e+03
   4.61251e-09   -2.46745e+03
   4.61354e-09   -2.46745e+03
   4.61456e-09   -2.46745e+03
   4.61559e-09   -2.46745e+03
   4.61662e-09   -2.46745e+03
   4.61764e-09   -2.46745e+03
   4.61867e-09   -2.46745e+03
   4.61969e-09   -2.46745e+03
   4.62072e-09   -2.46745e+03
   4.62175e-09   -8.68126e+01
   4.62277e-09   -8.68126e+01
   4.62380e-09   -8.68126e+01
   4.62483e-09   -8.68126e+01
   4.62585e-09   -8.68126e+01
   4.62688e-09   -8.68126e+01
   4.62791e-09   -8.68126e+01
   4.62893e-09   -8.68126e+01
   4.62996e-09   -8.68126e+01
   4.63098e-09   -8.68126e+01
   4.63201e-09   -8.68126e+01
   4.63304e-09   -8.68126e+01
   4.63406e-09   -8.68126e+01
   4.63509e-09   -8.68126e+01
   4.63612e-09   -8.68126e+01
   4.63714e-09   -8.68126e+01
   4.63817e-09   -8.68126e+01
   4.63920e-09   -8.68126e+01
   4.64022e-09   -8.68126e+01
   4.64125e-09   -8.68126e+01
   4.64228e-09   -8.68126e+01
   4.64330e-09   -8.68126e+01
   4.64433e-09   -8.68126e+01
   4.64535e-09   -6.46299e+03
   4.64638e-09   -6.46299e+03
   4.64741e-09   -6.46299e+03
   4.64843e-09   -6.46299e+03
   4.64946e-09   -6.46299e+03
   4.65049e-09   -6.46299e+03
   4.65151e-09   -6.46299e+03
   4.65254e-09   -6.46299e+03
   4.65357e-09   -6.46299e+03
   4.65459e-09   -6.46299e+03
   4.65562e-09   -6.46299e+03
   4.65665e-09   -6.46299e+03
   4.65767e-09   -6.46299e+03
   4.65870e-09   -6.46299e+03
   4.65973e-09   -6.46299e+03
   4.66075e-09   -6.46299e+03
   4.66178e-09   -6.46299e+03
   4.66281e-09   -6.46299e+03
   4.66383e-09   -6.46299e+03
   4.66486e-09   -6.46299e+03
   4.66589e-09   -6.46299e+03
   4.66691e-09   -6.46299e+03
   4.66794e-09   6.28868e+03
   4.66897e-09   6.28868e+03
   4.66999e-09   6.28868e+03
   4.67102e-09   6.28868e+03
   4.67205e-09   6.28868e+03
   4.67308e-09   6.28868e+03
   4.67410e-09   6.28868e+03
   4.67513e-09   6.28868e+03
   4.67616e-09   6.28868e+03
   4.67718e-09   6.28868e+03
   4.67821e-09   6.28868e+03
   4.67924e-09   6.28868e+03
   4.68026e-09   6.28868e+03
   4.68129e-09   6.28868e+03
   4.68232e-09   6.28868e+03
   4.68334e-09   6.28868e+03
   4.68437e-09   6.28868e+03
   4.68540e-09   6.28868e+03
   4.68642e-09   6.28868e+03
   4.68745e-09   6.28868e+03
   4.68848e-09   6.28868e+03
   4.68951e-09   6.28868e+03
   4.69053e-09   -8.64517e+03
   4.69156e-09   -8.64517e+03
   4.69259e-09   -8.64517e+03
   4.69361e-09   -8.64517e+03
   4.69464e-09   -8.64517e+03
   4.69564e-09   -8.64517e+03
   4.69664e-09   -8.64517e+03
   4.69764e-09   -8.64517e+03
   4.69864e-09   -8.64517e+03
   4.69964e-09   -8.64517e+03
   4.70064e-09   -8.64517e+03
   4.70164e-09   -8.64517e+03
   4.70264e-09   -8.64517e+03
   4.70364e-09   -8.64517e+03
   4.70464e-09   -8.64517e+03
   4.70564e-09   -8.64517e+03
   4.70664e-09   -8.64517e+03
   4.70764e-09   -8.64517e+03
   4.70864e-09   -8.64517e+03
   4.70964e-09   -8.64517e+03
   4.71064e-09   -8.64517e+03
   4.71164e-09   -8.64517e+03
   4.71264e-09   -8.64517e+03
   4.71364e-09   -3.38110e+03
   4.71464e-09   -3.38110e+03
   4.71564e-09   -3.38110e+03
   4.71664e-09   -3.38110e+03
   4.71764e-09   -3.38110e+03
   4.71864e-09   -3.38110e+03
   4.71964e-09   -3.38110e+03
   4.72064e-09   -3.38110e+03
   4.72164e-09   -3.38110e+03
   4.72264e-09   -3.38110e+03
   4.72364e-09   -3.38110e+03
   4.72464e-09   -3.38110e+03
   4.72564e-09   -3.38110e+03
   4.72665e-09   -3.38110e+03
   4.72765e-09   -3.38110e+03
   4.72865e-09   -3.38110e+03
   4.72965e-09   -3.38110e+03
   4.73065e-09   -3.38110e+03
   4.73165e-09   -3.38110e+03
   4.73265e-09   -3.38110e+03
   4.73365e-09   -3.38110e+03
   4.73465e-09   -3.38110e+03
   4.73565e-09   -3.38110e+03
   4.73665e-09   -1.01214e+02
   4.73765e-09   -1.01214e+02
   4.73865e-09   -1.01214e+02
   4.73965e-09   -1.01214e+02
   4.74065e-09   -1.01214e+02
   4.74165e-09   -1.01214e+02
   4.74265e-09   -1.01214e+02
   4.74365e-09   -1.01214e+02
   4.74465e-09   -1.01214e+02
   4.74565e-09   -1.01214e+02
   4.74665e-09   -1.01214e+02
   4.74765e-09   -1.01214e+02
   4.74865e-09   -1.01214e+02
   4.74965e-09   -1.01214e+02
   4.75066e-09   -1.01214e+02
   4.75166e-09   -1.01214e+02
   4.75266e-09   -1.01214e+02
   4.75366e-09   -1.01214e+02
   4.75466e-09   -1.01214e+02
   4.75566e-09   -1.01214e+02
   4.75666e-09   -1.01214e+02
   4.75766e-09   -1.01214e+02
   4.75866e-09   -1.01214e+02
   4.75966e-09   -5.84400e+03
   4.76066e-09   -5.84400e+03
   4.76166e-09   -5.84400e+03
   4.76266e-09   -5.84400e+03
   4.76366e-09   -5.84400e+03
   4.76466e-09   -5.84400e+03
   4.76566e-09   -5.84400e+03
   4.76666e-09   -5.84400e+03
   4.76767e-09   -5.84400e+03
   4.76867e-09   -5.84400e+03
   4.76967e-09   -5.84400e+03
   4.77067e-09   -5.84400e+03
   4.77167e-09   -5.84400e+03
   4.77267e-09   -5.84400e+03
   4.77367e-09   -5.84400e+03
   4.77467e-09   -5.84400e+03
   4.77567e-09   -5.84400e+03
   4.77667e-09   -5.84400e+03
   4.77767e-09   -5.84400e+03
   4.77867e-09   -5.84400e+03
   4.77967e-09   -5.84400e+03
   4.78068e-09   -5.84400e+03
   4.78168e-09   -5.84400e+03
   4.78268e-09   5.67469e+03
   4.78368e-09   5.67469e+03
   4.78468e-09   5.67469e+03
   4.78568e-09   5.67469e+03
   4.78668e-09   5.67469e+03
   4.78768e-09   5.67469e+03
   4.78868e-09   5.67469e+03
   4.78968e-09   5.67469e+03
   4.79068e-09   5.67469e+03
   4.79168e-09   5.67469e+03
   4.79269e-09   5.67469e+03
   4.79369e-09   5.67469e+03
   4.79469e-09   5.67469e+03
   4.79569e-09   5.67469e+03
   4.79669e-09   5.67469e+03
   4.79769e-09   5.67469e+03
   4.79869e-09   5.67469e+03
   4.79969e-09   5.67469e+03
   4.80069e-09   5.67469e+03
   4.80169e-09   5.67469e+03
   4.80270e-09   5.67469e+03
   4.80370e-09   5.67469e+03
   4.80470e-09   5.67469e+03
   4.80570e-09   -8.02850e+03
   4.80670e-09   -8.02850e+03
   4.80770e-09   -8.02850e+03
   4.80870e-09   -8.02850e+03
   4.80970e-09   -8.02850e+03
   4.81070e-09   -8.02850e+03
   4.81171e-09   -8.02850e+03
   4.81271e-09   -8.02850e+03
   4.81371e-09   -8.02850e+03
   4.81471e-09   -8.02850e+03
   4.81571e-09   -8.02850e+03
   4.81671e-09   -8.02850e+03
   4.81771e-09   -8.02850e+03
   4.81871e-09   -8.02850e+03
   4.81971e-09   -8.02850e+03
   4.82072e-09   -8.02850e+03
   4.82172e-09   -8.02850e+03
   4.82272e-09   -8.02850e+03
   4.82372e-09   -8.02850e+03
   4.82472e-09   -8.02850e+03
   4.82572e-09   -8.02850e+03
   4.82672e-09   -8.02850e+03
   4.82772e-09   -8.02850e+03
   4.82873e-09   -3.96110e+03
   4.82973e-09   -3.96110e+03
   4.83073e-09   -3.96110e+03
   4.83173e-09   -3.96110e+03
   4.83273e-09   -3.96110e+03
   4.83373e-09   -3.96110e+03
   4.83473e-09   -3.96110e+03
   4.83573e-09   -3.96110e+03
   4.83674e-09   -3.96110e+03
   4.83774e-09   -3.96110e+03
   4.83874e-09   -3.96110e+03
   4.83974e-09   -3.96110e+03
   4.84074e-09   -3.96110e+03
   4.84174e-09   -3.96110e+03
   4.84274e-09   -3.96110e+03
   4.84375e-09   -3.96110e+03
   4.84475e-09   -3.96110e+03
   4.84575e-09   -3.96110e+03
   4.84675e-09   -3.96110e+03
   4.84775e-09   -3.96110e+03
   4.84875e-09   -3.96110e+03
   4.84975e-09   -3.96110e+03
   4.85076e-09   -3.96110e+03
   4.85176e-09   -1.32828e+02
   4.85276e-09   -1.32828e+02
   4.85376e-09   -1.32828e+02
   4.85476e-09   -1.32828e+02
   4.85576e-09   -1.32828e+02
   4.85676e-09   -1.32828e+02
   4.85777e-09   -1.32828e+02
   4.85877e-09   -1.32828e+02
   4.85977e-09   -1.32828e+02
   4.86077e-09   -1.32828e+02
   4.86177e-09   -1.32828e+02
   4.86277e-09   -1.32828e+02
   4.86377e-09   -1.32828e+02
   4.86478e-09   -1.32828e+02
   4.86578e-09   -1.32828e+02
   4.86678e-09   -1.32828e+02
   4.86778e-09   -1.32828e+02
   4.86878e-09   -1.32828e+02
   4.86978e-09   -1.32828e+02
   4.87079e-09   -1.32828e+02
   4.87179e-09   -1.32828e+02
   4.87279e-09   -1.32828e+02
   4.87379e-09   -1.32828e+02
   4.87479e-09   -5.26567e+03
   4.87579e-09   -5.26567e+03
   4.87680e-09   -5.26567e+03
   4.87780e-09   -5.26567e+03
   4.87880e-09   -5.26567e+03
   4.87980e-09   -5.26567e+03
   4.88080e-09   -5.26567e+03
   4.88180e-09   -5.26567e+03
   4.88281e-09   -5.26567e+03
   4.88381e-09   -5.26567e+03
   4.88481e-09   -5.26567e+03
   4.88581e-09   -5.26567e+03
   4.88681e-09   -5.26567e+03
   4.88782e-09   -5.26567e+03
   4.88882e-09   -5.26567e+03
   4.88982e-09   -5.26567e+03
   4.89082e-09   -5.26567e+03
   4.89182e-09   -5.26567e+03
   4.89282e-09   -5.26567e+03
   4.89383e-09   -5.26567e+03
   4.89483e-09   -5.26567e+03
   4.89583e-09   -5.26567e+03
   4.89683e-09   -5.26567e+03
   4.89783e-09   5.10222e+03
   4.89884e-09   5.10222e+03
   4.89984e-09   5.10222e+03
   4.90084e-09   5.10222e+03
   4.90184e-09   5.10222e+03
   4.90284e-09   5.10222e+03
   4.90385e-09   5.10222e+03
   4.90485e-09   5.10222e+03
   4.90585e-09   5.10222e+03
   4.90685e-09   5.10222e+03
   4.90785e-09   5.10222e+03
   4.90886e-09   5.10222e+03
   4.90986e-09   5.10222e+03
   4.91086e-09   5.10222e+03
   4.91186e-09   5.10222e+03
   4.91286e-09   5.10222e+03
   4.91387e-09   5.10222e+03
   4.91487e-09   5.10222e+03
   4.91587e-09   5.10222e+03
   4.91687e-09   5.10222e+03
   4.91787e-09   5.10222e+03
   4.91888e-09   5.10222e+03
   4.91988e-09   5.10222e+03
   4.92088e-09   -7.42623e+03
   4.92188e-09   -7.42623e+03
   4.92288e-09   -7.42623e+03
   4.92389e-09   -7.42623e+03
   4.92489e-09   -7.42623e+03
   4.92589e-09   -7.42623e+03
   4.92689e-09   -7.42623e+03
   4.92789e-09   -7.42623e+03
   4.92890e-09   -7.42623e+03
   4.92990e-09   -7.42623e+03
   4.93090e-09   -7.42623e+03
   4.93190e-09   -7.42623e+03
   4.93291e-09   -7.42623e+03
   4.93391e-09   -7.42623e+03
   4.93491e-09   -7.42623e+03
   4.93591e-09   -7.42623e+03
   4.93691e-09   -7.42623e+03
   4.93792e-09   -7.42623e+03
   4.93892e-09   -7.42623e+03
   4.93992e-09   -7.42623e+03
   4.94092e-09   -7.42623e+03
   4.94193e-09   -7.42623e+03
   4.94293e-09   -7.42623e+03
   4.94393e-09   7.28971e+03
   4.94493e-09   7.28971e+03
   4.94594e-09   7.28971e+03
   4.94694e-09   7.28971e+03
   4.94794e-09   7.28971e+03
   4.94894e-09   7.28971e+03
   4.94994e-09   7.28971e+03
   4.95095e-09   7.28971e+03
   4.95195e-09   7.28971e+03
   4.95295e-09   7.28971e+03
   4.95395e-09   7.28971e+03
   4.95496e-09   7.28971e+03
   4.95596e-09   7.28971e+03
   4.95696e-09   7.28971e+03
   4.95796e-09   7.28971e+03
   4.95897e-09   7.28971e+03
   4.95997e-09   7.28971e+03
   4.96097e-09   7.28971e+03
   4.96197e-09   7.28971e+03
   4.96298e-09   7.28971e+03
   4.96398e-09   7.28971e+03
   4.96498e-09   7.28971e+03
   4.96598e-09   7.28971e+03
   4.96699e-09   -9.04371e+03
   4.96799e-09   -9.04371e+03
   4.96899e-09   -9.04371e+03
   4.96999e-09   -9.04371e+03
   4.97100e-09   -9.04371e+03
   4.97200e-09   -9.04371e+03
   4.97300e-09   -9.04371e+03
   4.97400e-09   -9.04371e+03
   4.97501e-09   -9.04371e+03
   4.97601e-09   -9.04371e+03
   4.97701e-09   -9.04371e+03
   4.97801e-09   -9.04371e+03
   4.97902e-09   -9.04371e+03
   4.98002e-09   -9.04371e+03
   4.98102e-09   -9.04371e+03
   4.98202e-09   -9.04371e+03
   4.98303e-09   -9.04371e+03
   4.98403e-09   -9.04371e+03
   4.98503e-09   -9.04371e+03
   4.98604e-09   -9.04371e+03
   4.98704e-09   -9.04371e+03
   4.98804e-09   -9.04371e+03
   4.98904e-09   -9.04371e+03
   4.99005e-09   -2.90944e+03
   4.99105e-09   -2.90944e+03
   4.99205e-09   -2.90944e+03
   4.99305e-09   -2.90944e+03
   4.99406e-09   -2.90944e+03
   4.99506e-09   -2.90944e+03
   4.99606e-09   -2.90944e+03
   4.99707e-09   -2.90944e+03
   4.99807e-09   -2.90944e+03
   4.99907e-09   -2.90944e+03
   5.00007e-09   -2.90944e+03
   5.00108e-09   -2.90944e+03
   5.00208e-09   -2.90944e+03
   5.00308e-09   -2.90944e+03
   5.00409e-09   -2.90944e+03
   5.00509e-09   -2.90944e+03
   5.00609e-09   -2.90944e+03
   5.00709e-09   -2.90944e+03
   5.00810e-09   -2.90944e+03
   5.00910e-09   -2.90944e+03
   5.01010e-09   -2.90944e+03
   5.01111e-09   -2.90944e+03
   5.01211e-09   -2.90944e+03
   5.01311e-09   -9.09231e+01
   5.01411e-09   -9.09231e+01
   5.01512e-09   -9.09231e+01
   5.01612e-09   -9.09231e+01
   5.01712e-09   -9.09231e+01
   5.01813e-09   -9.09231e+01
   5.01913e-09   -9.09231e+01
   5.02013e-09   -9.09231e+01
   5.02113e-09   -9.09231e+01
   5.02214e-09   -9.09231e+01
   5.02314e-09   -9.09231e+01
   5.02414e-09   -9.09231e+01
   5.02515e-09   -9.09231e+01
   5.02615e-09   -9.09231e+01
   5.02715e-09   -9.09231e+01
   5.02816e-09   -9.09231e+01
   5.02916e-09   -9.09231e+01
   5.03016e-09   -9.09231e+01
   5.03117e-09   -9.09231e+01
   5.03217e-09   -9.09231e+01
   5.03317e-09   -9.09231e+01
   5.03417e-09   -9.09231e+01
   5.03518e-09   -9.09231e+01
   5.03618e-09   -5.98281e+03
   5.03718e-09   -5.98281e+03
   5.03819e-09   -5.98281e+03
   5.03919e-09   -5.98281e+03
   5.04019e-09   -5.98281e+03
   5.04120e-09   -5.98281e+03
   5.04220e-09   -5.98281e+03
   5.04320e-09   -5.98281e+03
   5.04421e-09   -5.98281e+03
   5.04521e-09   -5.98281e+03
   5.04621e-09   -5.98281e+03
   5.04722e-09   -5.98281e+03
   5.04822e-09   -5.98281e+03
   5.04922e-09   -5.98281e+03
   5.05023e-09   -5.98281e+03
   5.05123e-09   -5.98281e+03
   5.05223e-09   -5.98281e+03
   5.05324e-09   -5.98281e+03
   5.05424e-09   -5.98281e+03
   5.05524e-09   -5.98281e+03
   5.05624e-09   -5.98281e+03
   5.05725e-09   -5.98281e+03
   5.05825e-09   -5.98281e+03
   5.05925e-09   5.81808e+03
   5.06026e-09   5.81808e+03
   5.06126e-09   5.81808e+03
   5.06226e-09   5.81808e+03
   5.06327e-09   5.81808e+03
   5.06427e-09   5.81808e+03
   5.06527e-09   5.81808e+03
   5.06628e-09   5.81808e+03
   5.06728e-09   5.81808e+03
   5.06829e-09   5.81808e+03
   5.06929e-09   5.81808e+03
   5.07029e-09   5.81808e+03
   5.07130e-09   5.81808e+03
   5.07230e-09   5.81808e+03
   5.07330e-09   5.81808e+03
   5.07431e-09   5.81808e+03
   5.07531e-09   5.81808e+03
   5.07631e-09   5.81808e+03
   5.07732e-09   5.81808e+03
   5.07832e-09   5.81808e+03
   5.07932e-09   5.81808e+03
   5.08033e-09   5.81808e+03
   5.08133e-09   5.81808e+03
   5.08233e-09   -8.08860e+03
   5.08334e-09   -8.08860e+03
   5.08434e-09   -8.08860e+03
   5.08534e-09   -8.08860e+03
   5.08635e-09   -8.08860e+03
   5.08735e-09   -8.08860e+03
   5.08835e-09   -8.08860e+03
   5.08936e-09   -8.08860e+03
   5.09036e-09   -8.08860e+03
   5.09137e-09   -8.08860e+03
   5.09237e-09   -8.08860e+03
   5.09337e-09   -8.08860e+03
   5.09438e-09   -8.08860e+03
   5.09538e-09   -8.08860e+03
   5.09638e-09   -8.08860e+03
   5.09739e-09   -8.08860e+03
   5.09839e-09   -8.08860e+03
   5.09939e-09   -8.08860e+03
   5.10040e-09   -8.08860e+03
   5.10140e-09   -8.08860e+03
   5.10241e-09   -8.08860e+03
   5.10341e-09   -8.08860e+03
   5.10441e-09   -8.08860e+03
   5.10542e-09   -3.87850e+03
   5.10642e-09   -3.87850e+03
   5.10742e-09   -3.87850e+03
   5.10843e-09   -3.87850e+03
   5.10943e-09   -3.87850e+03
   5.11044e-09   -3.87850e+03
   5.11144e-09   -3.87850e+03
   5.11244e-09   -3.87850e+03
   5.11345e-09   -3.87850e+03
   5.11445e-09   -3.87850e+03
   5.11545e-09   -3.87850e+03
   5.11646e-09   -3.87850e+03
   5.11746e-09   -3.87850e+03
   5.11847e-09   -3.87850e+03
   5.11947e-09   -3.87850e+03
   5.12047e-09   -3.87850e+03
   5.12148e-09   -3.87850e+03
   5.12248e-09   -3.87850e+03
   5.12349e-09   -3.87850e+03
   5.12449e-09   -3.87850e+03
   5.12549e-09   -3.87850e+03
   5.12650e-09   -3.87850e+03
   5.12750e-09   -3.87850e+03
   5.12851e-09   -1.20783e+02
   5.12951e-09   -1.20783e+02
   5.13051e-09   -1.20783e+02
   5.13152e-09   -1.20783e+02
   5.13252e-09   -1.20783e+02
   5.13352e-09   -1.20783e+02
   5.13453e-09   -1.20783e+02
   5.13553e-09   -1.20783e+02
   5.13654e-09   -1.20783e+02
   5.13754e-09   -1.20783e+02
   5.13854e-09   -1.20783e+02
   5.13955e-09   -1.20783e+02
   5.14055e-09   -1.20783e+02
   5.14156e-09   -1.20783e+02
   5.14256e-09   -1.20783e+02
   5.14356e-09   -1.20783e+02
   5.14457e-09   -1.20783e+02
   5.14557e-09   -1.20783e+02
   5.14658e-09   -1.20783e+02
   5.14758e-09   -1.20783e+02
   5.14859e-09   -1.20783e+02
   5.14959e-09   -1.20783e+02
   5.15059e-09   -1.20783e+02
   5.15160e-09   -5.26219e+03
   5.15260e-09   -5.26219e+03
   5.15361e-09   -5.26219e+03
   5.15461e-09   -5.26219e+03
   5.15561e-09   -5.26219e+03
   5.15662e-09   -5.26219e+03
   5.15762e-09   -5.26219e+03
   5.15863e-09   -5.26219e+03
   5.15963e-09   -5.26219e+03
   5.16063e-09   -5.26219e+03
   5.16164e-09   -5.26219e+03
   5.16264e-09   -5.26219e+03
   5.16365e-09   -5.26219e+03
   5.16465e-09   -5.26219e+03
   5.16566e-09   -5.26219e+03
   5.16666e-09   -5.26219e+03
   5.16766e-09   -5.26219e+03
   5.16867e-09   -5.26219e+03
   5.16967e-09   -5.26219e+03
   5.17068e-09   -5.26219e+03
   5.17168e-09   -5.26219e+03
   5.17269e-09   -5.26219e+03
   5.17369e-09   -5.26219e+03
   5.17469e-09   5.10236e+03
   5.17570e-09   5.10236e+03
   5.17670e-09   5.10236e+03
   5.17771e-09   5.10236e+03
   5.17871e-09   5.10236e+03
   5.17972e-09   5.10236e+03
   5.18072e-09   5.10236e+03
   5.18173e-09   5.10236e+03
   5.18273e-09   5.10236e+03
   5.18373e-09   5.10236e+03
   5.18474e-09   5.10236e+03
   5.18574e-09   5.10236e+03
   5.18675e-09   5.10236e+03
   5.18775e-09   5.10236e+03
   5.18876e-09   5.10236e+03
   5.18976e-09   5.10236e+03
   5.19076e-09   5.10236e+03
   5.19177e-09   5.10236e+03
   5.19277e-09   5.10236e+03
   5.19378e-09   5.10236e+03
   5.19478e-09   5.10236e+03
   5.19579e-09   5.10236e+03
   5.19679e-09   5.10236e+03
   5.19780e-09   -7.36484e+03
   5.19880e-09   -7.36484e+03
   5.19981e-09   -7.36484e+03
   5.20081e-09   -7.36484e+03
   5.20181e-09   -7.36484e+03
   5.20282e-09   -7.36484e+03
   5.20382e-09   -7.36484e+03
   5.20483e-09   -7.36484e+03
   5.20583e-09   -7.36484e+03
   5.20684e-09   -7.36484e+03
   5.20784e-09   -7.36484e+03
   5.20885e-09   -7.36484e+03
   5.20985e-09   -7.36484e+03
   5.21086e-09   -7.36484e+03
   5.21186e-09   -7.36484e+03
   5.21286e-09   -7.36484e+03
   5.21387e-09   -7.36484e+03
   5.21487e-09   -7.36484e+03
   5.21588e-09   -7.36484e+03
   5.21688e-09   -7.36484e+03
   5.21789e-09   -7.36484e+03
   5.21889e-09   -7.36484e+03
   5.21990e-09   -7.36484e+03
   5.22090e-09   7.23539e+03
   5.22191e-09   7.23539e+03
   5.22291e-09   7.23539e+03
   5.22392e-09   7.23539e+03
   5.22492e-09   7.23539e+03
   5.22593e-09   7.23539e+03
   5.22693e-09   7.23539e+03
   5.22794e-09   7.23539e+03
   5.22894e-09   7.23539e+03
   5.22994e-09   7.23539e+03
   5.23095e-09   7.23539e+03
   5.23195e-09   7.23539e+03
   5.23296e-09   7.23539e+03
   5.23396e-09   7.23539e+03
   5.23497e-09   7.23539e+03
   5.23597e-09   7.23539e+03
   5.23698e-09   7.23539e+03
   5.23798e-09   7.23539e+03
   5.23899e-09   7.23539e+03
   5.23999e-09   7.23539e+03
   5.24100e-09   7.23539e+03
   5.24200e-09   7.23539e+03
   5.24301e-09   7.23539e+03
   5.24401e-09   -8.94487e+03
   5.24502e-09   -8.94487e+03
   5.24602e-09   -8.94487e+03
   5.24703e-09   -8.94487e+03
   5.24803e-09   -8.94487e+03
   5.24904e-09   -8.94487e+03
   5.25004e-09   -8.94487e+03
   5.25105e-09   -8.94487e+03
   5.25205e-09   -8.94487e+03
   5.25306e-09   -8.94487e+03
   5.25406e-09   -8.94487e+03
   5.25507e-09   -8.94487e+03
   5.25607e-09   -8.94487e+03
   5.25708e-09   -8.94487e+03
   5.25808e-09   -8.94487e+03
   5.25909e-09   -8.94487e+03
   5.26009e-09   -8.94487e+03
   5.26110e-09   -8.94487e+03
   5.26210e-09   -8.94487e+03
   5.26311e-09   -8.94487e+03
   5.26411e-09   -8.94487e+03
   5.26512e-09   -8.94487e+03
   5.26612e-09   -2.98357e+03
   5.26713e-09   -2.98357e+03
   5.26813e-09   -2.98357e+03
   5.26914e-09   -2.98357e+03
   5.27014e-09   -2.98357e+03
   5.27115e-09   -2.98357e+03
   5.27215e-09   -2.98357e+03
   5.27316e-09   -2.98357e+03
   5.27416e-09   -2.98357e+03
   5.27517e-09   -2.98357e+03
   5.27617e-09   -2.98357e+03
   5.27718e-09   -2.98357e+03
   5.27818e-09   -2.98357e+03
   5.27919e-09   -2.98357e+03
   5.28019e-09   -2.98357e+03
   5.28120e-09   -2.98357e+03
   5.28220e-09   -2.98357e+03
   5.28321e-09   -2.98357e+03
   5.28422e-09   -2.98357e+03
   5.28522e-09   -2.98357e+03
   5.28623e-09   -2.98357e+03
   5.28723e-09   -2.98357e+03
   5.28824e-09   -2.98357e+03
   5.28924e-09   -9.11429e+01
   5.29025e-09   -9.11429e+01
   5.29125e-09   -9.11429e+01
   5.29226e-09   -9.11429e+01
   5.29326e-09   -9.11429e+01
   5.29427e-09   -9.11429e+01
   5.29527e-09   -9.11429e+01
   5.29628e-09   -9.11429e+01
   5.29728e-09   -9.11429e+01
   5.29829e-09   -9.11429e+01
   5.29929e-09   -9.11429e+01
   5.30030e-09   -9.11429e+01
   5.30131e-09   -9.11429e+01
   5.30231e-09   -9.11429e+01
   5.30332e-09   -9.11429e+01
   5.30432e-09   -9.11429e+01
   5.30533e-09   -9.11429e+01
   5.30633e-09   -9.11429e+01
   5.30734e-09   -9.11429e+01
   5.30834e-09   -9.11429e+01
   5.30935e-09   -9.11429e+01
   5.31035e-09   -9.11429e+01
   5.31136e-09   -9.11429e+01
   5.31236e-09   -5.87342e+03
   5.31337e-09   -5.87342e+03
   5.31438e-09   -5.87342e+03
   5.31538e-09   -5.87342e+03
   5.31639e-09   -5.87342e+03
   5.31739e-09   -5.87342e+03
   5.31840e-09   -5.87342e+03
   5.31940e-09   -5.87342e+03
   5.32041e-09   -5.87342e+03
   5.32141e-09   -5.87342e+03
   5.32242e-09   -5.87342e+03
   5.32343e-09   -5.87342e+03
   5.32443e-09   -5.87342e+03
   5.32544e-09   -5.87342e+03
   5.32644e-09   -5.87342e+03
   5.32745e-09   -5.87342e+03
   5.32845e-09   -5.87342e+03
   5.32946e-09   -5.87342e+03
   5.33046e-09   -5.87342e+03
   5.33147e-09   -5.87342e+03
   5.33248e-09   -5.87342e+03
   5.33348e-09   -5.87342e+03
   5.33449e-09   -5.87342e+03
   5.33549e-09   5.71239e+03
   5.33650e-09   5.71239e+03
   5.33750e-09   5.71239e+03
   5.33851e-09   5.71239e+03
   5.33952e-09   5.71239e+03
   5.34052e-09   5.71239e+03
   5.34153e-09   5.71239e+03
   5.34253e-09   5.71239e+03
   5.34354e-09   5.71239e+03
   5.34454e-09   5.71239e+03
   5.34555e-09   5.71239e+03
   5.34656e-09   5.71239e+03
   5.34756e-09   5.71239e+03
   5.34857e-09   5.71239e+03
   5.34957e-09   5.71239e+03
   5.35058e-09   5.71239e+03
   5.35158e-09   5.71239e+03
   5.35259e-09   5.71239e+03
   5.35360e-09   5.71239e+03
   5.35460e-09   5.71239e+03
   5.35561e-09   5.71239e+03
   5.35661e-09   5.71239e+03
   5.35762e-09   5.71239e+03
   5.35862e-09   -7.92279e+03
   5.35963e-09   -7.92279e+03
   5.36064e-09   -7.92279e+03
   5.36164e-09   -7.92279e+03
   5.36265e-09   -7.92279e+03
   5.36365e-09   -7.92279e+03
   5.36466e-09   -7.92279e+03
   5.36567e-09   -7.92279e+03
   5.36667e-09   -7.92279e+03
   5.36768e-09   -7.92279e+03
   5.36868e-09   -7.92279e+03
   5.36969e-09   -7.92279e+03
   5.37070e-09   -7.92279e+03
   5.37170e-09   -7.92279e+03
   5.37271e-09   -7.92279e+03
   5.37371e-09   -7.92279e+03
   5.37472e-09   -7.92279e+03
   5.37573e-09   -7.92279e+03
   5.37673e-09   -7.92279e+03
   5.37774e-09   -7.92279e+03
   5.37874e-09   -7.92279e+03
   5.37975e-09   -7.92279e+03
   5.38076e-09   -7.92279e+03
   5.38176e-09   7.75056e+03
   5.38277e-09   7.75056e+03
   5.38377e-09   7.75056e+03
   5.38478e-09   7.75056e+03
   5.38579e-09   7.75056e+03
   5.38679e-09   7.75056e+03
   5.38780e-09   7.75056e+03
   5.38880e-09   7.75056e+03
   5.38981e-09   7.75056e+03
   5.39082e-09   7.75056e+03
   5.39182e-09   7.75056e+03
   5.39283e-09   7.75056e+03
   5.39383e-09   7.75056e+03
   5.39484e-09   7.75056e+03
   5.39585e-09   7.75056e+03
   5.39685e-09   7.75056e+03
   5.39786e-09   7.75056e+03
   5.39886e-09   7.75056e+03
   5.39987e-09   7.75056e+03
   5.40088e-09   7.75056e+03
   5.40188e-09   7.75056e+03
   5.40289e-09   7.75056e+03
   5.40390e-09   7.75056e+03
   5.40490e-09   -9.42474e+03
   5.40591e-09   -9.42474e+03
   5.40691e-09   -9.42474e+03
   5.40792e-09   -9.42474e+03
   5.40893e-09   -9.42474e+03
   5.40993e-09   -9.42474e+03
   5.41094e-09   -9.42474e+03
   5.41195e-09   -9.42474e+03
   5.41295e-09   -9.42474e+03
   5.41396e-09   -9.42474e+03
   5.41496e-09   -9.42474e+03
   5.41597e-09   -9.42474e+03
   5.41698e-09   -9.42474e+03
   5.41798e-09   -9.42474e+03
   5.41899e-09   -9.42474e+03
   5.42000e-09   -9.42474e+03
   5.42100e-09   -9.42474e+03
   5.42201e-09   -9.42474e+03
   5.42301e-09   -9.42474e+03
   5.42402e-09   -9.42474e+03
   5.42503e-09   -9.42474e+03
   5.42603e-09   -9.42474e+03
   5.42704e-09   -9.42474e+03
   5.42805e-09   -2.44142e+03
   5.42905e-09   -2.44142e+03
   5.43006e-09   -2.44142e+03
   5.43107e-09   -2.44142e+03
   5.43207e-09   -2.44142e+03
   5.43308e-09   -2.44142e+03
   5.43409e-09   -2.44142e+03
   5.43509e-09   -2.44142e+03
   5.43610e-09   -2.44142e+03
   5.43710e-09   -2.44142e+03
   5.43811e-09   -2.44142e+03
   5.43912e-09   -2.44142e+03
   5.44012e-09   -2.44142e+03
   5.44113e-09   -2.44142e+03
   5.44214e-09   -2.44142e+03
   5.44314e-09   -2.44142e+03
   5.44415e-09   -2.44142e+03
   5.44516e-09   -2.44142e+03
   5.44616e-09   -2.44142e+03
   5.44717e-09   -2.44142e+03
   5.44818e-09   -2.44142e+03
   5.44918e-09   -2.44142e+03
   5.45019e-09   -2.44142e+03
   5.45120e-09   -8.40255e+01
   5.45220e-09   -8.40255e+01
   5.45321e-09   -8.40255e+01
   5.45422e-09   -8.40255e+01
   5.45522e-09   -8.40255e+01
   5.45623e-09   -8.40255e+01
   5.45724e-09   -8.40255e+01
   5.45824e-09   -8.40255e+01
   5.45925e-09   -8.40255e+01
   5.46026e-09   -8.40255e+01
   5.46126e-09   -8.40255e+01
   5.46227e-09   -8.40255e+01
   5.46328e-09   -8.40255e+01
   5.46428e-09   -8.40255e+01
   5.46529e-09   -8.40255e+01
   5.46630e-09   -8.40255e+01
   5.46730e-09   -8.40255e+01
   5.46831e-09   -8.40255e+01
   5.46932e-09   -8.40255e+01
   5.47032e-09   -8.40255e+01
   5.47133e-09   -8.40255e+01
   5.47234e-09   -8.40255e+01
   5.47334e-09   -8.40255e+01
   5.47435e-09   -6.33856e+03
   5.47536e-09   -6.33856e+03
   5.47636e-09   -6.33856e+03
   5.47737e-09   -6.33856e+03
   5.47838e-09   -6.33856e+03
   5.47938e-09   -6.33856e+03
   5.48039e-09   -6.33856e+03
   5.48140e-09   -6.33856e+03
   5.48240e-09   -6.33856e+03
   5.48341e-09   -6.33856e+03
   5.48442e-09   -6.33856e+03
   5.48542e-09   -6.33856e+03
   5.48643e-09   -6.33856e+03
   5.48744e-09   -6.33856e+03
   5.48844e-09   -6.33856e+03
   5.48945e-09   -6.33856e+03
   5.49046e-09   -6.33856e+03
   5.49147e-09   -6.33856e+03
   5.49247e-09   -6.33856e+03
   5.49348e-09   -6.33856e+03
   5.49449e-09   -6.33856e+03
   5.49549e-09   -6.33856e+03
   5.49650e-09   -6.33856e+03
   5.49751e-09   6.17448e+03
   5.49851e-09   6.17448e+03
   5.49952e-09   6.17448e+03
   5.50053e-09   6.17448e+03
   5.50153e-09   6.17448e+03
   5.50254e-09   6.17448e+03
   5.50355e-09   6.17448e+03
   5.50456e-09   6.17448e+03
   5.50556e-09   6.17448e+03
   5.50657e-09   6.17448e+03
   5.50758e-09   6.17448e+03
   5.50858e-09   6.17448e+03
   5.50959e-09   6.17448e+03
   5.51060e-09   6.17448e+03
   5.51160e-09   6.17448e+03
   5.51261e-09   6.17448e+03
   5.51362e-09   6.17448e+03
   5.51463e-09   6.17448e+03
   5.51563e-09   6.17448e+03
   5.51664e-09   6.17448e+03
   5.51765e-09   6.17448e+03
   5.51865e-09   6.17448e+03
   5.51966e-09   6.17448e+03
   5.52067e-09   -8.37370e+03
   5.52168e-09   -8.37370e+03
   5.52268e-09   -8.37370e+03
   5.52369e-09   -8.37370e+03
   5.52470e-09   -8.37370e+03
   5.52570e-09   -8.37370e+03
   5.52671e-09   -8.37370e+03
   5.52772e-09   -8.37370e+03
   5.52873e-09   -8.37370e+03
   5.52973e-09   -8.37370e+03
   5.53074e-09   -8.37370e+03
   5.53175e-09   -8.37370e+03
   5.53275e-09   -8.37370e+03
   5.53376e-09   -8.37370e+03
   5.53477e-09   -8.37370e+03
   5.53578e-09   -8.37370e+03
   5.53678e-09   -8.37370e+03
   5.53779e-09   -8.37370e+03
   5.53880e-09   -8.37370e+03
   5.53981e-09   -8.37370e+03
   5.54081e-09   -8.37370e+03
   5.54182e-09   -8.37370e+03
   5.54283e-09   -8.37370e+03
   5.54383e-09   -3.56188e+03
   5.54484e-09   -3.56188e+03
   5.54585e-09   -3.56188e+03
   5.54686e-09   -3.56188e+03
   5.54786e-09   -3.56188e+03
   5.54887e-09   -3.56188e+03
   5.54988e-09   -3.56188e+03
   5.55089e-09   -3.56188e+03
   5.55189e-09   -3.56188e+03
   5.55290e-09   -3.56188e+03
   5.55391e-09   -3.56188e+03
   5.55492e-09   -3.56188e+03
   5.55592e-09   -3.56188e+03
   5.55693e-09   -3.56188e+03
   5.55794e-09   -3.56188e+03
   5.55895e-09   -3.56188e+03
   5.55995e-09   -3.56188e+03
   5.56096e-09   -3.56188e+03
   5.56197e-09   -3.56188e+03
   5.56297e-09   -3.56188e+03
   5.56398e-09   -3.56188e+03
   5.56499e-09   -3.56188e+03
   5.56600e-09   -3.56188e+03
   5.56700e-09   -1.02495e+02
   5.56801e-09   -1.02495e+02
   5.56902e-09   -1.02495e+02
   5.57003e-09   -1.02495e+02
   5.57103e-09   -1.02495e+02
   5.57204e-09   -1.02495e+02
   5.57305e-09   -1.02495e+02
   5.57406e-09   -1.02495e+02
   5.57506e-09   -1.02495e+02
   5.57607e-09   -1.02495e+02
   5.57708e-09   -1.02495e+02
   5.57809e-09   -1.02495e+02
   5.57910e-09   -1.02495e+02
   5.58010e-09   -1.02495e+02
   5.58111e-09   -1.02495e+02
   5.58212e-09   -1.02495e+02
   5.58313e-09   -1.02495e+02
   5.58413e-09   -1.02495e+02
   5.58514e-09   -1.02495e+02
   5.58615e-09   -1.02495e+02
   5.58716e-09   -1.02495e+02
   5.58816e-09   -1.02495e+02
   5.58917e-09   -1.02495e+02
   5.59018e-09   -5.46814e+03
   5.59119e-09   -5.46814e+03
   5.59219e-09   -5.46814e+03
   5.59320e-09   -5.46814e+03
   5.59421e-09   -5.46814e+03
   5.59522e-09   -5.46814e+03
   5.59622e-09   -5.46814e+03
   5.59723e-09   -5.46814e+03
   5.59824e-09   -5.46814e+03
   5.59925e-09   -5.46814e+03
   5.60026e-09   -5.46814e+03
   5.60126e-09   -5.46814e+03
   5.60227e-09   -5.46814e+03
   5.60328e-09   -5.46814e+03
   5.60429e-09   -5.46814e+03
   5.60529e-09   -5.46814e+03
   5.60630e-09   -5.46814e+03
   5.60731e-09   -5.46814e+03
   5.60832e-09   -5.46814e+03
   5.60933e-09   -5.46814e+03
   5.61033e-09   -5.46814e+03
   5.61134e-09   -5.46814e+03
   5.61235e-09   -5.46814e+03
   5.61336e-09   5.31160e+03
   5.61436e-09   5.31160e+03
   5.61537e-09   5.31160e+03
   5.61638e-09   5.31160e+03
   5.61739e-09   5.31160e+03
   5.61840e-09   5.31160e+03
   5.61940e-09   5.31160e+03
   5.62041e-09   5.31160e+03
   5.62142e-09   5.31160e+03
   5.62243e-09   5.31160e+03
   5.62344e-09   5.31160e+03
   5.62444e-09   5.31160e+03
   5.62545e-09   5.31160e+03
   5.62646e-09   5.31160e+03
   5.62747e-09   5.31160e+03
   5.62848e-09   5.31160e+03
   5.62948e-09   5.31160e+03
   5.63049e-09   5.31160e+03
   5.63150e-09   5.31160e+03
   5.63251e-09   5.31160e+03
   5.63352e-09   5.31160e+03
   5.63452e-09   5.31160e+03
   5.63553e-09   5.31160e+03
   5.63654e-09   -7.48799e+03
   5.63755e-09   -7.48799e+03
   5.63856e-09   -7.48799e+03
   5.63956e-09   -7.48799e+03
   5.64057e-09   -7.48799e+03
   5.64158e-09   -7.48799e+03
   5.64259e-09   -7.48799e+03
   5.64360e-09   -7.48799e+03
   5.64460e-09   -7.48799e+03
   5.64561e-09   -7.48799e+03
   5.64662e-09   -7.48799e+03
   5.64763e-09   -7.48799e+03
   5.64864e-09   -7.48799e+03
   5.64964e-09   -7.48799e+03
   5.65065e-09   -7.48799e+03
   5.65166e-09   -7.48799e+03
   5.65267e-09   -7.48799e+03
   5.65368e-09   -7.48799e+03
   5.65468e-09   -7.48799e+03
   5.65569e-09   -7.48799e+03
   5.65670e-09   -7.48799e+03
   5.65771e-09   -7.48799e+03
   5.65872e-09   -7.48799e+03
   5.65973e-09   7.35367e+03
   5.66073e-09   7.35367e+03
   5.66174e-09   7.35367e+03
   5.66275e-09   7.35367e+03
   5.66376e-09   7.35367e+03
   5.66477e-09   7.35367e+03
   5.66577e-09   7.35367e+03
   5.66678e-09   7.35367e+03
   5.66779e-09   7.35367e+03
   5.66880e-09   7.35367e+03
   5.66981e-09   7.35367e+03
   5.67082e-09   7.35367e+03
   5.67182e-09   7.35367e+03
   5.67283e-09   7.35367e+03
   5.67384e-09   7.35367e+03
   5.67485e-09   7.35367e+03
   5.67586e-09   7.35367e+03
   5.67687e-09   7.35367e+03
   5.67787e-09   7.35367e+03
   5.67888e-09   7.35367e+03
   5.67989e-09   7.35367e+03
   5.68090e-09   7.35367e+03
   5.68191e-09   7.35367e+03
   5.68292e-09   -9.02969e+03
   5.68392e-09   -9.02969e+03
   5.68493e-09   -9.02969e+03
   5.68594e-09   -9.02969e+03
   5.68695e-09   -9.02969e+03
   5.68796e-09   -9.02969e+03
   5.68897e-09   -9.02969e+03
   5.68997e-09   -9.02969e+03
   5.69098e-09   -9.02969e+03
   5.69199e-09   -9.02969e+03
   5.69300e-09   -9.02969e+03
   5.69401e-09   -9.02969e+03
   5.69502e-09   -9.02969e+03
   5.69603e-09   -9.02969e+03
   5.69703e-09   -9.02969e+03
   5.69804e-09   -9.02969e+03
   5.69905e-09   -9.02969e+03
   5.70006e-09   -9.02969e+03
   5.70107e-09   -9.02969e+03
   5.70208e-09   -9.02969e+03
   5.70308e-09   -9.02969e+03
   5.70409e-09   -9.02969e+03
   5.70510e-09   -9.02969e+03
   5.70611e-09   -2.84974e+03
   5.70712e-09   -2.84974e+03
   5.70813e-09   -2.84974e+03
   5.70914e-09   -2.84974e+03
   5.71014e-09   -2.84974e+03
   5.71115e-09   -2.84974e+03
   5.71216e-09   -2.84974e+03
   5.71317e-09   -2.84974e+03
   5.71418e-09   -2.84974e+03
   5.71519e-09   -2.84974e+03
   5.71620e-09   -2.84974e+03
   5.71720e-09   -2.84974e+03
   5.71821e-09   -2.84974e+03
   5.71922e-09   -2.84974e+03
   5.72023e-09   -2.84974e+03
   5.72124e-09   -2.84974e+03
   5.72225e-09   -2.84974e+03
   5.72326e-09   -2.84974e+03
   5.72427e-09   -2.84974e+03
   5.72527e-09   -2.84974e+03
   5.72628e-09   -2.84974e+03
   5.72729e-09   -2.84974e+03
   5.72830e-09   -2.84974e+03
   5.72931e-09   -8.77213e+01
   5.73032e-09   -8.77213e+01
   5.73133e-09   -8.77213e+01
   5.73233e-09   -8.77213e+01
   5.73334e-09   -8.77213e+01
   5.73435e-09   -8.77213e+01
   5.73536e-09   -8.77213e+01
   5.73637e-09   -8.77213e+01
   5.73738e-09   -8.77213e+01
   5.73839e-09   -8.77213e+01
   5.73940e-09   -8.77213e+01
   5.74040e-09   -8.77213e+01
   5.74141e-09   -8.77213e+01
   5.74242e-09   -8.77213e+01
   5.74343e-09   -8.77213e+01
   5.74444e-09   -8.77213e+01
   5.74545e-09   -8.77213e+01
   5.74646e-09   -8.77213e+01
   5.74747e-09   -8.77213e+01
   5.74848e-09   -8.77213e+01
   5.74948e-09   -8.77213e+01
   5.75049e-09   -8.77213e+01
   5.75150e-09   -8.77213e+01
   5.75251e-09   -5.92249e+03
   5.75352e-09   -5.92249e+03
   5.75453e-09   -5.92249e+03
   5.75554e-09   -5.92249e+03
   5.75655e-09   -5.92249e+03
   5.75756e-09   -5.92249e+03
   5.75856e-09   -5.92249e+03
   5.75957e-09   -5.92249e+03
   5.76058e-09   -5.92249e+03
   5.76159e-09   -5.92249e+03
   5.76260e-09   -5.92249e+03
   5.76361e-09   -5.92249e+03
   5.76462e-09   -5.92249e+03
   5.76563e-09   -5.92249e+03
   5.76664e-09   -5.92249e+03
   5.76764e-09   -5.92249e+03
   5.76865e-09   -5.92249e+03
   5.76966e-09   -5.92249e+03
   5.77067e-09   -5.92249e+03
   5.77168e-09   -5.92249e+03
   5.77269e-09   -5.92249e+03
   5.77370e-09   -5.92249e+03
   5.77471e-09   -5.92249e+03
   5.77572e-09   5.76528e+03
   5.77673e-09   5.76528e+03
   5.77773e-09   5.76528e+03
   5.77874e-09   5.76528e+03
   5.77975e-09   5.76528e+03
   5.78076e-09   5.76528e+03
   5.78177e-09   5.76528e+03
   5.78278e-09   5.76528e+03
   5.78379e-09   5.76528e+03
   5.78480e-09   5.76528e+03
   5.78581e-09   5.76528e+03
   5.78682e-09   5.76528e+03
   5.78783e-09   5.76528e+03
   5.78883e-09   5.76528e+03
   5.78984e-09   5.76528e+03
   5.79085e-09   5.76528e+03
   5.79186e-09   5.76528e+03
   5.79287e-09   5.76528e+03
   5.79388e-09   5.76528e+03
   5.79489e-09   5.76528e+03
   5.79590e-09   5.76528e+03
   5.79691e-09   5.76528e+03
   5.79792e-09   5.76528e+03
   5.79893e-09   -7.90428e+03
   5.79994e-09   -7.90428e+03
   5.80095e-09   -7.90428e+03
   5.80195e-09   -7.90428e+03
   5.80296e-09   -7.90428e+03
   5.80397e-09   -7.90428e+03
   5.80498e-09   -7.90428e+03
   5.80599e-09   -7.90428e+03
   5.80700e-09   -7.90428e+03
   5.80801e-09   -7.90428e+03
   5.80902e-09   -7.90428e+03
   5.81003e-09   -7.90428e+03
   5.81104e-09   -7.90428e+03
   5.81205e-09   -7.90428e+03
   5.81306e-09   -7.90428e+03
   5.81407e-09   -7.90428e+03
   5.81508e-09   -7.90428e+03
   5.81608e-09   -7.90428e+03
   5.81709e-09   -7.90428e+03
   5.81810e-09   -7.90428e+03
   5.81911e-09   -7.90428e+03
   5.82012e-09   -7.90428e+03
   5.82113e-09   -7.90428e+03
   5.82214e-09   7.73668e+03
   5.82315e-09   7.73668e+03
   5.82416e-09   7.73668e+03
   5.82517e-09   7.73668e+03
   5.82618e-09   7.73668e+03
   5.82719e-09   7.73668e+03
   5.82820e-09   7.73668e+03
   5.82921e-09   7.73668e+03
   5.83022e-09   7.73668e+03
   5.83123e-09   7.73668e+03
   5.83223e-09   7.73668e+03
   5.83324e-09   7.73668e+03
   5.83425e-09   7.73668e+03
   5.83526e-09   7.73668e+03
   5.83627e-09   7.73668e+03
   5.83728e-09   7.73668e+03
   5.83829e-09   7.73668e+03
   5.83930e-09   7.73668e+03
   5.84031e-09   7.73668e+03
   5.84132e-09   7.73668e+03
   5.84233e-09   7.73668e+03
   5.84334e-09   7.73668e+03
   5.84435e-09   7.73668e+03
   5.84536e-09   -9.39061e+03
   5.84637e-09   -9.39061e+03
   5.84738e-09   -9.39061e+03
   5.84839e-09   -9.39061e+03
   5.84940e-09   -9.39061e+03
   5.85041e-09   -9.39061e+03
   5.85142e-09   -9.39061e+03
   5.85243e-09   -9.39061e+03
   5.85344e-09   -9.39061e+03
   5.85444e-09   -9.39061e+03
   5.85545e-09   -9.39061e+03
   5.85646e-09   -9.39061e+03
   5.85747e-09   -9.39061e+03
   5.85848e-09   -9.39061e+03
   5.85949e-09   -9.39061e+03
   5.86050e-09   -9.39061e+03
   5.86151e-09   -9.39061e+03
   5.86252e-09   -9.39061e+03
   5.86353e-09   -9.39061e+03
   5.86454e-09   -9.39061e+03
   5.86555e-09   -9.39061e+03
   5.86656e-09   -9.39061e+03
   5.86757e-09   -9.39061e+03
   5.86858e-09   -2.43863e+03
   5.86959e-09   -2.43863e+03
   5.87060e-09   -2.43863e+03
   5.87161e-09   -2.43863e+03
   5.87262e-09   -2.43863e+03
   5.87363e-09   -2.43863e+03
   5.87464e-09   -2.43863e+03
   5.87565e-09   -2.43863e+03
   5.87666e-09   -2.43863e+03
   5.87767e-09   -2.43863e+03
   5.87868e-09   -2.43863e+03
   5.87969e-09   -2.43863e+03
   5.88070e-09   -2.43863e+03
   5.88171e-09   -2.43863e+03
   5.88272e-09   -2.43863e+03
   5.88373e-09   -2.43863e+03
   5.88474e-09   -2.43863e+03
   5.88575e-09   -2.43863e+03
   5.88676e-09   -2.43863e+03
   5.88777e-09   -2.43863e+03
   5.88878e-09   -2.43863e+03
   5.88979e-09   -2.43863e+03
   5.89080e-09   -2.43863e+03
   5.89181e-09   -8.21974e+01
   5.89282e-09   -8.21974e+01
   5.89383e-09   -8.21974e+01
   5.89483e-09   -8.21974e+01
   5.89584e-09   -8.21974e+01
   5.89685e-09   -8.21974e+01
   5.89786e-09   -8.21974e+01
   5.89887e-09   -8.21974e+01
   5.89988e-09   -8.21974e+01
   5.90089e-09   -8.21974e+01
   5.90190e-09   -8.21974e+01
   5.90291e-09   -8.21974e+01
   5.90392e-09   -8.21974e+01
   5.90493e-09   -8.21974e+01
   5.90594e-09   -8.21974e+01
   5.90695e-09   -8.21974e+01
   5.90796e-09   -8.21974e+01
   5.90897e-09   -8.21974e+01
   5.90998e-09   -8.21974e+01
   5.91099e-09   -8.21974e+01
   5.91200e-09   -8.21974e+01
   5.91301e-09   -8.21974e+01
   5.91402e-09   -8.21974e+01
   5.91503e-09   -6.25498e+03
   5.91604e-09   -6.25498e+03
   5.91705e-09   -6.25498e+03
   5.91806e-09   -6.25498e+03
   5.91907e-09   -6.25498e+03
   5.92008e-09   -6.25498e+03
   5.92109e-09   -6.25498e+03
   5.92210e-09   -6.25498e+03
   5.92312e-09   -6.25498e+03
   5.92413e-09   -6.25498e+03
   5.92514e-09   -6.25498e+03
   5.92615e-09   -6.25498e+03
   5.92716e-09   -6.25498e+03
   5.92817e-09   -6.25498e+03
   5.92918e-09   -6.25498e+03
   5.93019e-09   -6.25498e+03
   5.93120e-09   -6.25498e+03
   5.93221e-09   -6.25498e+03
   5.93322e-09   -6.25498e+03
   5.93423e-09   -6.25498e+03
   5.93524e-09   -6.25498e+03
   5.93625e-09   -6.25498e+03
   5.93726e-09   -6.25498e+03
   5.93827e-09   6.09624e+03
   5.93928e-09   6.09624e+03
   5.94029e-09   6.09624e+03
   5.94130e-09   6.09624e+03
   5.94231e-09   6.09624e+03
   5.94332e-09   6.09624e+03
   5.94433e-09   6.09624e+03
   5.94534e-09   6.09624e+03
   5.94635e-09   6.09624e+03
   5.94736e-09   6.09624e+03
   5.94837e-09   6.09624e+03
   5.94938e-09   6.09624e+03
   5.95039e-09   6.09624e+03
   5.95140e-09   6.09624e+03
   5.95241e-09   6.09624e+03
   5.95342e-09   6.09624e+03
   5.95443e-09   6.09624e+03
   5.95544e-09   6.09624e+03
   5.95645e-09   6.09624e+03
   5.95746e-09   6.09624e+03
   5.95847e-09   6.09624e+03
   5.95948e-09   6.09624e+03
   5.96049e-09   6.09624e+03
   5.96150e-09   -8.22914e+03
   5.96251e-09   -8.22914e+03
   5.96352e-09   -8.22914e+03
   5.96454e-09   -8.22914e+03
   5.96555e-09   -8.22914e+03
   5.96656e-09   -8.22914e+03
   5.96757e-09   -8.22914e+03
   5.96858e-09   -8.22914e+03
   5.96959e-09   -8.22914e+03
   5.97060e-09   -8.22914e+03
   5.97161e-09   -8.22914e+03
   5.97262e-09   -8.22914e+03
   5.97363e-09   -8.22914e+03
   5.97464e-09   -8.22914e+03
   5.97565e-09   -8.22914e+03
   5.97666e-09   -8.22914e+03
   5.97767e-09   -8.22914e+03
   5.97868e-09   -8.22914e+03
   5.97969e-09   -8.22914e+03
   5.98070e-09   -8.22914e+03
   5.98171e-09   -8.22914e+03
   5.98272e-09   -8.22914e+03
   5.98373e-09   -8.22914e+03
   5.98474e-09   -3.66512e+03
   5.98576e-09   -3.66512e+03
   5.98677e-09   -3.66512e+03
   5.98778e-09   -3.66512e+03
   5.98879e-09   -3.66512e+03
   5.98980e-09   -3.66512e+03
   5.99081e-09   -3.66512e+03
   5.99182e-09   -3.66512e+03
   5.99283e-09   -3.66512e+03
   5.99384e-09   -3.66512e+03
   5.99485e-09   -3.66512e+03
   5.99586e-09   -3.66512e+03
   5.99687e-09   -3.66512e+03
   5.99788e-09   -3.66512e+03
   5.99889e-09   -3.66512e+03
   5.99990e-09   -3.66512e+03
   6.00091e-09   -3.66512e+03
   6.00192e-09   -3.66512e+03
   6.00294e-09   -3.66512e+03
   6.00395e-09   -3.66512e+03
   6.00496e-09   -3.66512e+03
   6.00597e-09   -3.66512e+03
   6.00698e-09   -3.66512e+03
   6.00799e-09   -1.03372e+02
   6.00900e-09   -1.03372e+02
   6.01001e-09   -1.03372e+02
   6.01102e-09   -1.03372e+02
   6.01203e-09   -1.03372e+02
   6.01304e-09   -1.03372e+02
   6.01405e-09   -1.03372e+02
   6.01506e-09   -1.03372e+02
   6.01607e-09   -1.03372e+02
   6.01709e-09   -1.03372e+02
   6.01810e-09   -1.03372e+02
   6.01911e-09   -1.03372e+02
   6.02012e-09   -1.03372e+02
   6.02113e-09   -1.03372e+02
   6.02214e-09   -1.03372e+02
   6.02315e-09   -1.03372e+02
   6.02416e-09   -1.03372e+02
   6.02517e-09   -1.03372e+02
   6.02618e-09   -1.03372e+02
   6.02719e-09   -1.03372e+02
   6.02820e-09   -1.03372e+02
   6.02921e-09   -1.03372e+02
   6.03023e-09   -1.03372e+02
   6.03124e-09   -5.25206e+03
   6.03225e-09   -5.25206e+03
   6.03326e-09   -5.25206e+03
   6.03427e-09   -5.25206e+03
   6.03528e-09   -5.25206e+03
   6.03629e-09   -5.25206e+03
   6.03730e-09   -5.25206e+03
   6.03831e-09   -5.25206e+03
   6.03932e-09   -5.25206e+03
   6.04033e-09   -5.25206e+03
   6.04135e-09   -5.25206e+03
   6.04236e-09   -5.25206e+03
   6.04337e-09   -5.25206e+03
   6.04438e-09   -5.25206e+03
   6.04539e-09   -5.25206e+03
   6.04640e-09   -5.25206e+03
   6.04741e-09   -5.25206e+03
   6.04842e-09   -5.25206e+03
   6.04943e-09   -5.25206e+03
   6.05044e-09   -5.25206e+03
   6.05146e-09   -5.25206e+03
   6.05247e-09   -5.25206e+03
   6.05348e-09   -5.25206e+03
   6.05449e-09   5.10255e+03
   6.05550e-09   5.10255e+03
   6.05651e-09   5.10255e+03
   6.05752e-09   5.10255e+03
   6.05853e-09   5.10255e+03
   6.05954e-09   5.10255e+03
   6.06055e-09   5.10255e+03
   6.06157e-09   5.10255e+03
   6.06258e-09   5.10255e+03
   6.06359e-09   5.10255e+03
   6.06460e-09   5.10255e+03
   6.06561e-09   5.10255e+03
   6.06662e-09   5.10255e+03
   6.06763e-09   5.10255e+03
   6.06864e-09   5.10255e+03
   6.06965e-09   5.10255e+03
   6.07067e-09   5.10255e+03
   6.07168e-09   5.10255e+03
   6.07269e-09   5.10255e+03
   6.07370e-09   5.10255e+03
   6.07471e-09   5.10255e+03
   6.07572e-09   5.10255e+03
   6.07673e-09   5.10255e+03
   6.07774e-09   -7.19625e+03
   6.07875e-09   -7.19625e+03
   6.07977e-09   -7.19625e+03
   6.08078e-09   -7.19625e+03
   6.08179e-09   -7.19625e+03
   6.08280e-09   -7.19625e+03
   6.08381e-09   -7.19625e+03
   6.08482e-09   -7.19625e+03
   6.08583e-09   -7.19625e+03
   6.08684e-09   -7.19625e+03
   6.08786e-09   -7.19625e+03
   6.08887e-09   -7.19625e+03
   6.08988e-09   -7.19625e+03
   6.09089e-09   -7.19625e+03
   6.09190e-09   -7.19625e+03
   6.09291e-09   -7.19625e+03
   6.09392e-09   -7.19625e+03
   6.09493e-09   -7.19625e+03
   6.09595e-09   -7.19625e+03
   6.09696e-09   -7.19625e+03
   6.09797e-09   -7.19625e+03
   6.09898e-09   -7.19625e+03
   6.09999e-09   -7.19625e+03
   6.10100e-09   7.08012e+03
   6.10201e-09   7.08012e+03
   6.10302e-09   7.08012e+03
   6.10404e-09   7.08012e+03
   6.10505e-09   7.08012e+03
   6.10606e-09   7.08012e+03
   6.10707e-09   7.08012e+03
   6.10808e-09   7.08012e+03
   6.10909e-09   7.08012e+03
   6.11010e-09   7.08012e+03
   6.11112e-09   7.08012e+03
   6.11213e-09   7.08012e+03
   6.11314e-09   7.08012e+03
   6.11415e-09   7.08012e+03
   6.11516e-09   7.08012e+03
   6.11617e-09   7.08012e+03
   6.11718e-09   7.08012e+03
   6.11820e-09   7.08012e+03
   6.11921e-09   7.08012e+03
   6.12022e-09   7.08012e+03
   6.12123e-09   7.08012e+03
   6.12224e-09   7.08012e+03
   6.12325e-09   -8.73782e+03
   6.12426e-09   -8.73782e+03
   6.12528e-09   -8.73782e+03
   6.12629e-09   -8.73782e+03
   6.12730e-09   -8.73782e+03
   6.12831e-09   -8.73782e+03
   6.12932e-09   -8.73782e+03
   6.13033e-09   -8.73782e+03
   6.13135e-09   -8.73782e+03
   6.13236e-09   -8.73782e+03
   6.13337e-09   -8.73782e+03
   6.13438e-09   -8.73782e+03
   6.13539e-09   -8.73782e+03
   6.13640e-09   -8.73782e+03
   6.13741e-09   -8.73782e+03
   6.13843e-09   -8.73782e+03
   6.13944e-09   -8.73782e+03
   6.14045e-09   -8.73782e+03
   6.14146e-09   -8.73782e+03
   6.14247e-09   -8.73782e+03
   6.14348e-09   -8.73782e+03
   6.14450e-09   -8.73782e+03
   6.14551e-09   -8.73782e+03
   6.14652e-09   -3.12139e+03
   6.14753e-09   -3.12139e+03
   6.14854e-09   -3.12139e+03
   6.14955e-09   -3.12139e+03
   6.15057e-09   -3.12139e+03
   6.15158e-09   -3.12139e+03
   6.15259e-09   -3.12139e+03
   6.15360e-09   -3.12139e+03
   6.15461e-09   -3.12139e+03
   6.15562e-09   -3.12139e+03
   6.15664e-09   -3.12139e+03
   6.15765e-09   -3.12139e+03
   6.15866e-09   -3.12139e+03
   6.15967e-09   -3.12139e+03
   6.16068e-09   -3.12139e+03
   6.16169e-09   -3.12139e+03
   6.16271e-09   -3.12139e+03
   6.16372e-09   -3.12139e+03
   6.16473e-09   -3.12139e+03
   6.16574e-09   -3.12139e+03
   6.16675e-09   -3.12139e+03
   6.16776e-09   -3.12139e+03
   6.16878e-09   -3.12139e+03
   6.16979e-09   -8.92310e+01
   6.17080e-09   -8.92310e+01
   6.17181e-09   -8.92310e+01
   6.17282e-09   -8.92310e+01
   6.17384e-09   -8.92310e+01
   6.17485e-09   -8.92310e+01
   6.17586e-09   -8.92310e+01
   6.17687e-09   -8.92310e+01
   6.17788e-09   -8.92310e+01
   6.17889e-09   -8.92310e+01
   6.17991e-09   -8.92310e+01
   6.18092e-09   -8.92310e+01
   6.18193e-09   -8.92310e+01
   6.18294e-09   -8.92310e+01
   6.18395e-09   -8.92310e+01
   6.18497e-09   -8.92310e+01
   6.18598e-09   -8.92310e+01
   6.18699e-09   -8.92310e+01
   6.18800e-09   -8.92310e+01
   6.18901e-09   -8.92310e+01
   6.19003e-09   -8.92310e+01
   6.19104e-09   -8.92310e+01
   6.19205e-09   -8.92310e+01
   6.19306e-09   -5.59573e+03
   6.19407e-09   -5.59573e+03
   6.19509e-09   -5.59573e+03
   6.19610e-09   -5.59573e+03
   6.19711e-09   -5.59573e+03
   6.19812e-09   -5.59573e+03
   6.19913e-09   -5.59573e+03
   6.20015e-09   -5.59573e+03
   6.20116e-09   -5.59573e+03
   6.20217e-09   -5.59573e+03
   6.20318e-09   -5.59573e+03
   6.20419e-09   -5.59573e+03
   6.20521e-09   -5.59573e+03
   6.20622e-09   -5.59573e+03
   6.20723e-09   -5.59573e+03
   6.20824e-09   -5.59573e+03
   6.20925e-09   -5.59573e+03
   6.21027e-09   -5.59573e+03
   6.21128e-09   -5.59573e+03
   6.21229e-09   -5.59573e+03
   6.21330e-09   -5.59573e+03
   6.21431e-09   -5.59573e+03
   6.21533e-09   -5.59573e+03
   6.21634e-09   5.44648e+03
   6.21735e-09   5.44648e+03
   6.21836e-09   5.44648e+03
   6.21937e-09   5.44648e+03
   6.22039e-09   5.44648e+03
   6.22140e-09   5.44648e+03
   6.22241e-09   5.44648e+03
   6.22342e-09   5.44648e+03
   6.22444e-09   5.44648e+03
   6.22545e-09   5.44648e+03
   6.22646e-09   5.44648e+03
   6.22747e-09   5.44648e+03
   6.22848e-09   5.44648e+03
   6.22950e-09   5.44648e+03
   6.23051e-09   5.44648e+03
   6.23152e-09   5.44648e+03
   6.23253e-09   5.44648e+03
   6.23354e-09   5.44648e+03
   6.23456e-09   5.44648e+03
   6.23557e-09   5.44648e+03
   6.23658e-09   5.44648e+03
   6.23759e-09   5.44648e+03
   6.23861e-09   5.44648e+03
   6.23962e-09   -7.50374e+03
   6.24063e-09   -7.50374e+03
   6.24164e-09   -7.50374e+03
   6.24265e-09   -7.50374e+03
   6.24367e-09   -7.50374e+03
   6.24468e-09   -7.50374e+03
   6.24569e-09   -7.50374e+03
   6.24670e-09   -7.50374e+03
   6.24772e-09   -7.50374e+03
   6.24873e-09   -7.50374e+03
   6.24974e-09   -7.50374e+03
   6.25075e-09   -7.50374e+03
   6.25177e-09   -7.50374e+03
   6.25278e-09   -7.50374e+03
   6.25379e-09   -7.50374e+03
   6.25480e-09   -7.50374e+03
   6.25582e-09   -7.50374e+03
   6.25683e-09   -7.50374e+03
   6.25784e-09   -7.50374e+03
   6.25885e-09   -7.50374e+03
   6.25986e-09   -7.50374e+03
   6.26088e-09   -7.50374e+03
   6.26189e-09   -7.50374e+03
   6.26290e-09   7.37208e+03
   6.26391e-09   7.37208e+03
   6.26493e-09   7.37208e+03
   6.26594e-09   7.37208e+03
   6.26695e-09   7.37208e+03
   6.26796e-09   7.37208e+03
   6.26898e-09   7.37208e+03
   6.26999e-09   7.37208e+03
   6.27100e-09   7.37208e+03
   6.27201e-09   7.37208e+03
   6.27303e-09   7.37208e+03
   6.27404e-09   7.37208e+03
   6.27505e-09   7.37208e+03
   6.27606e-09   7.37208e+03
   6.27708e-09   7.37208e+03
   6.27809e-09   7.37208e+03
   6.27910e-09   7.37208e+03
   6.28011e-09   7.37208e+03
   6.28113e-09   7.37208e+03
   6.28214e-09   7.37208e+03
   6.28315e-09   7.37208e+03
   6.28416e-09   7.37208e+03
   6.28518e-09   7.37208e+03
   6.28619e-09   -9.01468e+03
   6.28720e-09   -9.01468e+03
   6.28821e-09   -9.01468e+03
   6.28923e-09   -9.01468e+03
   6.29024e-09   -9.01468e+03
   6.29125e-09   -9.01468e+03
   6.29226e-09   -9.01468e+03
   6.29328e-09   -9.01468e+03
   6.29429e-09   -9.01468e+03
   6.29530e-09   -9.01468e+03
   6.29631e-09   -9.01468e+03
   6.29733e-09   -9.01468e+03
   6.29834e-09   -9.01468e+03
   6.29935e-09   -9.01468e+03
   6.30037e-09   -9.01468e+03
   6.30138e-09   -9.01468e+03
   6.30239e-09   -9.01468e+03
   6.30340e-09   -9.01468e+03
   6.30442e-09   -9.01468e+03
   6.30543e-09   -9.01468e+03
   6.30644e-09   -9.01468e+03
   6.30745e-09   -9.01468e+03
   6.30847e-09   -9.01468e+03
   6.30948e-09   -2.81572e+03
   6.31049e-09   -2.81572e+03
   6.31150e-09   -2.81572e+03
   6.31252e-09   -2.81572e+03
   6.31353e-09   -2.81572e+03
   6.31454e-09   -2.81572e+03
   6.31556e-09   -2.81572e+03
   6.31657e-09   -2.81572e+03
   6.31758e-09   -2.81572e+03
   6.31859e-09   -2.81572e+03
   6.31961e-09   -2.81572e+03
   6.32062e-09   -2.81572e+03
   6.32163e-09   -2.81572e+03
   6.32265e-09   -2.81572e+03
   6.32366e-09   -2.81572e+03
   6.32467e-09   -2.81572e+03
   6.32568e-09   -2.81572e+03
   6.32670e-09   -2.81572e+03
   6.32771e-09   -2.81572e+03
   6.32872e-09   -2.81572e+03
   6.32973e-09   -2.81572e+03
   6.33075e-09   -2.81572e+03
   6.33176e-09   -2.81572e+03
   6.33277e-09   -8.33709e+01
   6.33379e-09   -8.33709e+01
   6.33480e-09   -8.33709e+01
   6.33581e-09   -8.33709e+01
   6.33682e-09   -8.33709e+01
   6.33784e-09   -8.33709e+01
   6.33885e-09   -8.33709e+01
   6.33986e-09   -8.33709e+01
   6.34088e-09   -8.33709e+01
   6.34189e-09   -8.33709e+01
   6.34290e-09   -8.33709e+01
   6.34392e-09   -8.33709e+01
   6.34493e-09   -8.33709e+01
   6.34594e-09   -8.33709e+01
   6.34695e-09   -8.33709e+01
   6.34797e-09   -8.33709e+01
   6.34898e-09   -8.33709e+01
   6.34999e-09   -8.33709e+01
   6.35101e-09   -8.33709e+01
   6.35202e-09   -8.33709e+01
   6.35303e-09   -8.33709e+01
   6.35404e-09   -8.33709e+01
   6.35506e-09   -8.33709e+01
   6.35607e-09   -5.83311e+03
   6.35708e-09   -5.83311e+03
   6.35810e-09   -5.83311e+03
   6.35911e-09   -5.83311e+03
   6.36012e-09   -5.83311e+03
   6.36114e-09   -5.83311e+03
   6.36215e-09   -5.83311e+03
   6.36316e-09   -5.83311e+03
   6.36418e-09   -5.83311e+03
   6.36519e-09   -5.83311e+03
   6.36620e-09   -5.83311e+03
   6.36721e-09   -5.83311e+03
   6.36823e-09   -5.83311e+03
   6.36924e-09   -5.83311e+03
   6.37025e-09   -5.83311e+03
   6.37127e-09   -5.83311e+03
   6.37228e-09   -5.83311e+03
   6.37329e-09   -5.83311e+03
   6.37431e-09   -5.83311e+03
   6.37532e-09   -5.83311e+03
   6.37633e-09   -5.83311e+03
   6.37735e-09   -5.83311e+03
   6.37836e-09   -5.83311e+03
   6.37937e-09   5.68353e+03
   6.38038e-09   5.68353e+03
   6.38140e-09   5.68353e+03
   6.38241e-09   5.68353e+03
   6.38342e-09   5.68353e+03
   6.38444e-09   5.68353e+03
   6.38545e-09   5.68353e+03
   6.38646e-09   5.68353e+03
   6.38748e-09   5.68353e+03
   6.38849e-09   5.68353e+03
   6.38950e-09   5.68353e+03
   6.39052e-09   5.68353e+03
   6.39153e-09   5.68353e+03
   6.39254e-09   5.68353e+03
   6.39356e-09   5.68353e+03
   6.39457e-09   5.68353e+03
   6.39558e-09   5.68353e+03
   6.39660e-09   5.68353e+03
   6.39761e-09   5.68353e+03
   6.39862e-09   5.68353e+03
   6.39964e-09   5.68353e+03
   6.40065e-09   5.68353e+03
   6.40166e-09   5.68353e+03
   6.40268e-09   -7.72465e+03
   6.40369e-09   -7.72465e+03
   6.40470e-09   -7.72465e+03
   6.40572e-09   -7.72465e+03
   6.40673e-09   -7.72465e+03
   6.40774e-09   -7.72465e+03
   6.40876e-09   -7.72465e+03
   6.40977e-09   -7.72465e+03
   6.41078e-09   -7.72465e+03
   6.41180e-09   -7.72465e+03
   6.41281e-09   -7.72465e+03
   6.41382e-09   -7.72465e+03
   6.41484e-09   -7.72465e+03
   6.41585e-09   -7.72465e+03
   6.41686e-09   -7.72465e+03
   6.41788e-09   -7.72465e+03
   6.41889e-09   -7.72465e+03
   6.41990e-09   -7.72465e+03
   6.42092e-09   -7.72465e+03
   6.42193e-09   -7.72465e+03
   6.42294e-09   -7.72465e+03
   6.42396e-09   -7.72465e+03
   6.42497e-09   -7.72465e+03
   6.42598e-09   7.57591e+03
   6.42700e-09   7.57591e+03
   6.42801e-09   7.57591e+03
   6.42902e-09   7.57591e+03
   6.43004e-09   7.57591e+03
   6.43105e-09   7.57591e+03
   6.43206e-09   7.57591e+03
   6.43308e-09   7.57591e+03
   6.43409e-09   7.57591e+03
   6.43511e-09   7.57591e+03
   6.43612e-09   7.57591e+03
   6.43713e-09   7.57591e+03
   6.43815e-09   7.57591e+03
   6.43916e-09   7.57591e+03
   6.44017e-09   7.57591e+03
   6.44119e-09   7.57591e+03
   6.44220e-09   7.57591e+03
   6.44321e-09   7.57591e+03
   6.44423e-09   7.57591e+03
   6.44524e-09   7.57591e+03
   6.44625e-09   7.57591e+03
   6.44727e-09   7.57591e+03
   6.44828e-09   7.57591e+03
   6.44929e-09   -9.21378e+03
   6.45031e-09   -9.21378e+03
   6.45132e-09   -9.21378e+03
   6.45234e-09   -9.21378e+03
   6.45335e-09   -9.21378e+03
   6.45436e-09   -9.21378e+03
   6.45538e-09   -9.21378e+03
   6.45639e-09   -9.21378e+03
   6.45740e-09   -9.21378e+03
   6.45842e-09   -9.21378e+03
   6.45943e-09   -9.21378e+03
   6.46044e-09   -9.21378e+03
   6.46146e-09   -9.21378e+03
   6.46247e-09   -9.21378e+03
   6.46349e-09   -9.21378e+03
   6.46450e-09   -9.21378e+03
   6.46551e-09   -9.21378e+03
   6.46653e-09   -9.21378e+03
   6.46754e-09   -9.21378e+03
   6.46855e-09   -9.21378e+03
   6.46957e-09   -9.21378e+03
   6.47058e-09   -9.21378e+03
   6.47160e-09   -9.21378e+03
   6.47261e-09   -2.58678e+03
   6.47362e-09   -2.58678e+03
   6.47464e-09   -2.58678e+03
   6.47565e-09   -2.58678e+03
   6.47666e-09   -2.58678e+03
   6.47768e-09   -2.58678e+03
   6.47869e-09   -2.58678e+03
   6.47971e-09   -2.58678e+03
   6.48072e-09   -2.58678e+03
   6.48173e-09   -2.58678e+03
   6.48275e-09   -2.58678e+03
   6.48376e-09   -2.58678e+03
   6.48477e-09   -2.58678e+03
   6.48579e-09   -2.58678e+03
   6.48680e-09   -2.58678e+03
   6.48782e-09   -2.58678e+03
   6.48883e-09   -2.58678e+03
   6.48984e-09   -2.58678e+03
   6.49086e-09   -2.58678e+03
   6.49187e-09   -2.58678e+03
   6.49289e-09   -2.58678e+03
   6.49390e-09   -2.58678e+03
   6.49491e-09   -2.58678e+03
   6.49593e-09   -7.93737e+01
   6.49694e-09   -7.93737e+01
   6.49795e-09   -7.93737e+01
   6.49897e-09   -7.93737e+01
   6.49998e-09   -7.93737e+01
   6.50100e-09   -7.93737e+01
   6.50201e-09   -7.93737e+01
   6.50302e-09   -7.93737e+01
   6.50404e-09   -7.93737e+01
   6.50505e-09   -7.93737e+01
   6.50607e-09   -7.93737e+01
   6.50708e-09   -7.93737e+01
   6.50809e-09   -7.93737e+01
   6.50911e-09   -7.93737e+01
   6.51012e-09   -7.93737e+01
   6.51114e-09   -7.93737e+01
   6.51215e-09   -7.93737e+01
   6.51316e-09   -7.93737e+01
   6.51418e-09   -7.93737e+01
   6.51519e-09   -7.93737e+01
   6.51621e-09   -7.93737e+01
   6.51722e-09   -7.93737e+01
   6.51823e-09   -7.93737e+01
   6.51925e-09   -5.98756e+03
   6.52026e-09   -5.98756e+03
   6.52128e-09   -5.98756e+03
   6.52229e-09   -5.98756e+03
   6.52330e-09   -5.98756e+03
   6.52432e-09   -5.98756e+03
   6.52533e-09   -5.98756e+03
   6.52635e-09   -5.98756e+03
   6.52736e-09   -5.98756e+03
   6.52837e-09   -5.98756e+03
   6.52939e-09   -5.98756e+03
   6.53040e-09   -5.98756e+03
   6.53142e-09   -5.98756e+03
   6.53243e-09   -5.98756e+03
   6.53345e-09   -5.98756e+03
   6.53446e-09   -5.98756e+03
   6.53547e-09   -5.98756e+03
   6.53649e-09   -5.98756e+03
   6.53750e-09   -5.98756e+03
   6.53852e-09   -5.98756e+03
   6.53953e-09   -5.98756e+03
   6.54054e-09   -5.98756e+03
   6.54156e-09   -5.98756e+03
   6.54257e-09   5.83806e+03
   6.54359e-09   5.83806e+03
   6.54460e-09   5.83806e+03
   6.54562e-09   5.83806e+03
   6.54663e-09   5.83806e+03
   6.54764e-09   5.83806e+03
   6.54866e-09   5.83806e+03
   6.54967e-09   5.83806e+03
   6.55069e-09   5.83806e+03
   6.55170e-09   5.83806e+03
   6.55271e-09   5.83806e+03
   6.55373e-09   5.83806e+03
   6.55474e-09   5.83806e+03
   6.55576e-09   5.83806e+03
   6.55677e-09   5.83806e+03
   6.55779e-09   5.83806e+03
   6.55880e-09   5.83806e+03
   6.55981e-09   5.83806e+03
   6.56083e-09   5.83806e+03
   6.56184e-09   5.83806e+03
   6.56286e-09   5.83806e+03
   6.56387e-09   5.83806e+03
   6.56489e-09   5.83806e+03
   6.56590e-09   -7.86726e+03
   6.56691e-09   -7.86726e+03
   6.56793e-09   -7.86726e+03
   6.56894e-09   -7.86726e+03
   6.56996e-09   -7.86726e+03
   6.57097e-09   -7.86726e+03
   6.57199e-09   -7.86726e+03
   6.57300e-09   -7.86726e+03
   6.57402e-09   -7.86726e+03
   6.57503e-09   -7.86726e+03
   6.57604e-09   -7.86726e+03
   6.57706e-09   -7.86726e+03
   6.57807e-09   -7.86726e+03
   6.57909e-09   -7.86726e+03
   6.58010e-09   -7.86726e+03
   6.58112e-09   -7.86726e+03
   6.58213e-09   -7.86726e+03
   6.58314e-09   -7.86726e+03
   6.58416e-09   -7.86726e+03
   6.58517e-09   -7.86726e+03
   6.58619e-09   -7.86726e+03
   6.58720e-09   -7.86726e+03
   6.58822e-09   -7.86726e+03
   6.58923e-09   7.70422e+03
   6.59025e-09   7.70422e+03
   6.59126e-09   7.70422e+03
   6.59227e-09   7.70422e+03
   6.59329e-09   7.70422e+03
   6.59430e-09   7.70422e+03
   6.59532e-09   7.70422e+03
   6.59633e-09   7.70422e+03
   6.59735e-09   7.70422e+03
   6.59836e-09   7.70422e+03
   6.59938e-09   7.70422e+03
   6.60039e-09   7.70422e+03
   6.60141e-09   7.70422e+03
   6.60242e-09   7.70422e+03
   6.60343e-09   7.70422e+03
   6.60445e-09   7.70422e+03
   6.60546e-09   7.70422e+03
   6.60648e-09   7.70422e+03
   6.60749e-09   7.70422e+03
   6.60851e-09   7.70422e+03
   6.60952e-09   7.70422e+03
   6.61054e-09   7.70422e+03
   6.61155e-09   7.70422e+03
   6.61257e-09   -9.32638e+03
   6.61358e-09   -9.32638e+03
   6.61459e-09   -9.32638e+03
   6.61561e-09   -9.32638e+03
   6.61662e-09   -9.32638e+03
   6.61764e-09   -9.32638e+03
   6.61865e-09   -9.32638e+03
   6.61967e-09   -9.32638e+03
   6.62068e-09   -9.32638e+03
   6.62170e-09   -9.32638e+03
   6.62271e-09   -9.32638e+03
   6.62373e-09   -9.32638e+03
   6.62474e-09   -9.32638e+03
   6.62576e-09   -9.32638e+03
   6.62677e-09   -9.32638e+03
   6.62779e-09   -9.32638e+03
   6.62880e-09   -9.32638e+03
   6.62981e-09   -9.32638e+03
   6.63083e-09   -9.32638e+03
   6.63184e-09   -9.32638e+03
   6.63286e-09   -9.32638e+03
   6.63387e-09   -9.32638e+03
   6.63489e-09   -9.32638e+03
   6.63590e-09   -2.44776e+03
   6.63692e-09   -2.44776e+03
   6.63793e-09   -2.44776e+03
   6.63895e-09   -2.44776e+03
   6.63996e-09   -2.44776e+03
   6.64098e-09   -2.44776e+03
   6.64199e-09   -2.44776e+03
   6.64301e-09   -2.44776e+03
   6.64402e-09   -2.44776e+03
   6.64504e-09   -2.44776e+03
   6.64605e-09   -2.44776e+03
   6.64707e-09   -2.44776e+03
   6.64808e-09   -2.44776e+03
   6.64910e-09   -2.44776e+03
   6.65011e-09   -2.44776e+03
   6.65113e-09   -2.44776e+03
   6.65214e-09   -2.44776e+03
   6.65315e-09   -2.44776e+03
   6.65417e-09   -2.44776e+03
   6.65518e-09   -2.44776e+03
   6.65620e-09   -2.44776e+03
   6.65721e-09   -2.44776e+03
   6.65823e-09   -2.44776e+03
   6.65924e-09   -7.63687e+01
   6.66026e-09   -7.63687e+01
   6.66127e-09   -7.63687e+01
   6.66229e-09   -7.63687e+01
   6.66330e-09   -7.63687e+01
   6.66432e-09   -7.63687e+01
   6.66533e-09   -7.63687e+01
   6.66635e-09   -7.63687e+01
   6.66736e-09   -7.63687e+01
   6.66838e-09   -7.63687e+01
   6.66939e-09   -7.63687e+01
   6.67041e-09   -7.63687e+01
   6.67142e-09   -7.63687e+01
   6.67244e-09   -7.63687e+01
   6.67345e-09   -7.63687e+01
   6.67447e-09   -7.63687e+01
   6.67548e-09   -7.63687e+01
   6.67650e-09   -7.63687e+01
   6.67751e-09   -7.63687e+01
   6.67853e-09   -7.63687e+01
   6.67954e-09   -7.63687e+01
   6.68056e-09   -7.63687e+01
   6.68157e-09   -7.63687e+01
   6.68259e-09   -6.08882e+03
   6.68360e-09   -6.08882e+03
   6.68462e-09   -6.08882e+03
   6.68563e-09   -6.08882e+03
   6.68665e-09   -6.08882e+03
   6.68766e-09   -6.08882e+03
   6.68868e-09   -6.08882e+03
   6.68969e-09   -6.08882e+03
   6.69071e-09   -6.08882e+03
   6.69172e-09   -6.08882e+03
   6.69274e-09   -6.08882e+03
   6.69375e-09   -6.08882e+03
   6.69477e-09   -6.08882e+03
   6.69578e-09   -6.08882e+03
   6.69680e-09   -6.08882e+03
   6.69781e-09   -6.08882e+03
   6.69883e-09   -6.08882e+03
   6.69984e-09   -6.08882e+03
   6.70086e-09   -6.08882e+03
   6.70187e-09   -6.08882e+03
   6.70289e-09   -6.08882e+03
   6.70390e-09   -6.08882e+03
   6.70492e-09   -6.08882e+03
   6.70594e-09   5.93987e+03
   6.70695e-09   5.93987e+03
   6.70797e-09   5.93987e+03
   6.70898e-09   5.93987e+03
   6.71000e-09   5.93987e+03
   6.71101e-09   5.93987e+03
   6.71203e-09   5.93987e+03
   6.71304e-09   5.93987e+03
   6.71406e-09   5.93987e+03
   6.71507e-09   5.93987e+03
   6.71609e-09   5.93987e+03
   6.71710e-09   5.93987e+03
   6.71812e-09   5.93987e+03
   6.71913e-09   5.93987e+03
   6.72015e-09   5.93987e+03
   6.72116e-09   5.93987e+03
   6.72218e-09   5.93987e+03
   6.72319e-09   5.93987e+03
   6.72421e-09   5.93987e+03
   6.72522e-09   5.93987e+03
   6.72624e-09   5.93987e+03
   6.72725e-09   5.93987e+03
   6.72827e-09   5.93987e+03
   6.72929e-09   -7.95107e+03
   6.73030e-09   -7.95107e+03
   6.73132e-09   -7.95107e+03
   6.73233e-09   -7.95107e+03
   6.73335e-09   -7.95107e+03
   6.73436e-09   -7.95107e+03
   6.73538e-09   -7.95107e+03
   6.73639e-09   -7.95107e+03
   6.73741e-09   -7.95107e+03
   6.73842e-09   -7.95107e+03
   6.73944e-09   -7.95107e+03
   6.74045e-09   -7.95107e+03
   6.74147e-09   -7.95107e+03
   6.74249e-09   -7.95107e+03
   6.74350e-09   -7.95107e+03
   6.74452e-09   -7.95107e+03
   6.74553e-09   -7.95107e+03
   6.74655e-09   -7.95107e+03
   6.74756e-09   -7.95107e+03
   6.74858e-09   -7.95107e+03
   6.74959e-09   -7.95107e+03
   6.75061e-09   -7.95107e+03
   6.75162e-09   -7.95107e+03
   6.75264e-09   -3.86861e+03
   6.75365e-09   -3.86861e+03
   6.75467e-09   -3.86861e+03
   6.75569e-09   -3.86861e+03
   6.75670e-09   -3.86861e+03
   6.75772e-09   -3.86861e+03
   6.75873e-09   -3.86861e+03
   6.75975e-09   -3.86861e+03
   6.76076e-09   -3.86861e+03
   6.76178e-09   -3.86861e+03
   6.76279e-09   -3.86861e+03
   6.76381e-09   -3.86861e+03
   6.76482e-09   -3.86861e+03
   6.76584e-09   -3.86861e+03
   6.76686e-09   -3.86861e+03
   6.76787e-09   -3.86861e+03
   6.76889e-09   -3.86861e+03
   6.76990e-09   -3.86861e+03
   6.77092e-09   -3.86861e+03
   6.77193e-09   -3.86861e+03
   6.77295e-09   -3.86861e+03
   6.77396e-09   -3.86861e+03
   6.77498e-09   -3.86861e+03
   6.77600e-09   -1.15307e+02
   6.77701e-09   -1.15307e+02
   6.77803e-09   -1.15307e+02
   6.77904e-09   -1.15307e+02
   6.78006e-09   -1.15307e+02
   6.78107e-09   -1.15307e+02
   6.78209e-09   -1.15307e+02
   6.78311e-09   -1.15307e+02
   6.78412e-09   -1.15307e+02
   6.78514e-09   -1.15307e+02
   6.78615e-09   -1.15307e+02
   6.78717e-09   -1.15307e+02
   6.78818e-09   -1.15307e+02
   6.78920e-09   -1.15307e+02
   6.79021e-09   -1.15307e+02
   6.79123e-09   -1.15307e+02
   6.79225e-09   -1.15307e+02
   6.79326e-09   -1.15307e+02
   6.79428e-09   -1.15307e+02
   6.79529e-09   -1.15307e+02
   6.79631e-09   -1.15307e+02
   6.79732e-09   -1.15307e+02
   6.79834e-09   -1.15307e+02
   6.79936e-09   -4.80830e+03
   6.80037e-09   -4.80830e+03
   6.80139e-09   -4.80830e+03
   6.80240e-09   -4.80830e+03
   6.80342e-09   -4.80830e+03
   6.80443e-09   -4.80830e+03
   6.80545e-09   -4.80830e+03
   6.80647e-09   -4.80830e+03
   6.80748e-09   -4.80830e+03
   6.80850e-09   -4.80830e+03
   6.80951e-09   -4.80830e+03
   6.81053e-09   -4.80830e+03
   6.81154e-09   -4.80830e+03
   6.81256e-09   -4.80830e+03
   6.81358e-09   -4.80830e+03
   6.81459e-09   -4.80830e+03
   6.81561e-09   -4.80830e+03
   6.81662e-09   -4.80830e+03
   6.81764e-09   -4.80830e+03
   6.81866e-09   -4.80830e+03
   6.81967e-09   -4.80830e+03
   6.82069e-09   -4.80830e+03
   6.82170e-09   -4.80830e+03
   6.82272e-09   4.67127e+03
   6.82373e-09   4.67127e+03
   6.82475e-09   4.67127e+03
   6.82577e-09   4.67127e+03
   6.82678e-09   4.67127e+03
   6.82780e-09   4.67127e+03
   6.82881e-09   4.67127e+03
   6.82983e-09   4.67127e+03
   6.83085e-09   4.67127e+03
   6.83186e-09   4.67127e+03
   6.83288e-09   4.67127e+03
   6.83389e-09   4.67127e+03
   6.83491e-09   4.67127e+03
   6.83593e-09   4.67127e+03
   6.83694e-09   4.67127e+03
   6.83796e-09   4.67127e+03
   6.83897e-09   4.67127e+03
   6.83999e-09   4.67127e+03
   6.84101e-09   4.67127e+03
   6.84202e-09   4.67127e+03
   6.84304e-09   4.67127e+03
   6.84405e-09   4.67127e+03
   6.84507e-09   4.67127e+03
   6.84608e-09   -6.67511e+03
   6.84710e-09   -6.67511e+03
   6.84812e-09   -6.67511e+03
   6.84913e-09   -6.67511e+03
   6.85015e-09   -6.67511e+03
   6.85116e-09   -6.67511e+03
   6.85218e-09   -6.67511e+03
   6.85320e-09   -6.67511e+03
   6.85421e-09   -6.67511e+03
   6.85523e-09   -6.67511e+03
   6.85625e-09   -6.67511e+03
   6.85726e-09   -6.67511e+03
   6.85828e-09   -6.67511e+03
   6.85929e-09   -6.67511e+03
   6.86031e-09   -6.67511e+03
   6.86133e-09   -6.67511e+03
   6.86234e-09   -6.67511e+03
   6.86336e-09   -6.67511e+03
   6.86437e-09   -6.67511e+03
   6.86539e-09   -6.67511e+03
   6.86641e-09   -6.67511e+03
   6.86742e-09   -6.67511e+03
   6.86844e-09   -6.67511e+03
   6.86945e-09   6.57430e+03
   6.87047e-09   6.57430e+03
   6.87149e-09   6.57430e+03
   6.87250e-09   6.57430e+03
   6.87352e-09   6.57430e+03
   6.87453e-09   6.57430e+03
   6.87555e-09   6.57430e+03
   6.87657e-09   6.57430e+03
   6.87758e-09   6.57430e+03
   6.87860e-09   6.57430e+03
   6.87962e-09   6.57430e+03
   6.88063e-09   6.57430e+03
   6.88165e-09   6.57430e+03
   6.88266e-09   6.57430e+03
   6.88368e-09   6.57430e+03
   6.88470e-09   6.57430e+03
   6.88571e-09   6.57430e+03
   6.88673e-09   6.57430e+03
   6.88775e-09   6.57430e+03
   6.88876e-09   6.57430e+03
   6.88978e-09   6.57430e+03
   6.89079e-09   6.57430e+03
   6.89181e-09   6.57430e+03
   6.89283e-09   -8.26066e+03
   6.89384e-09   -8.26066e+03
   6.89486e-09   -8.26066e+03
   6.89588e-09   -8.26066e+03
   6.89689e-09   -8.26066e+03
   6.89791e-09   -8.26066e+03
   6.89892e-09   -8.26066e+03
   6.89994e-09   -8.26066e+03
   6.90096e-09   -8.26066e+03
   6.90197e-09   -8.26066e+03
   6.90299e-09   -8.26066e+03
   6.90401e-09   -8.26066e+03
   6.90502e-09   -8.26066e+03
   6.90604e-09   -8.26066e+03
   6.90705e-09   -8.26066e+03
   6.90807e-09   -8.26066e+03
   6.90909e-09   -8.26066e+03
   6.91010e-09   -8.26066e+03
   6.91112e-09   -8.26066e+03
   6.91214e-09   -8.26066e+03
   6.91315e-09   -8.26066e+03
   6.91417e-09   -8.26066e+03
   6.91519e-09   -8.26066e+03
   6.91620e-09   -3.55774e+03
   6.91722e-09   -3.55774e+03
   6.91823e-09   -3.55774e+03
   6.91925e-09   -3.55774e+03
   6.92027e-09   -3.55774e+03
   6.92128e-09   -3.55774e+03
   6.92230e-09   -3.55774e+03
   6.92332e-09   -3.55774e+03
   6.92433e-09   -3.55774e+03
   6.92535e-09   -3.55774e+03
   6.92637e-09   -3.55774e+03
   6.92738e-09   -3.55774e+03
   6.92840e-09   -3.55774e+03
   6.92942e-09   -3.55774e+03
   6.93043e-09   -3.55774e+03
   6.93145e-09   -3.55774e+03
   6.93246e-09   -3.55774e+03
   6.93348e-09   -3.55774e+03
   6.93450e-09   -3.55774e+03
   6.93551e-09   -3.55774e+03
   6.93653e-09   -3.55774e+03
   6.93755e-09   -3.55774e+03
   6.93856e-09   -3.55774e+03
   6.93958e-09   -9.10355e+01
   6.94060e-09   -9.10355e+01
   6.94161e-09   -9.10355e+01
   6.94263e-09   -9.10355e+01
   6.94365e-09   -9.10355e+01
   6.94466e-09   -9.10355e+01
   6.94568e-09   -9.10355e+01
   6.94670e-09   -9.10355e+01
   6.94771e-09   -9.10355e+01
   6.94873e-09   -9.10355e+01
   6.94975e-09   -9.10355e+01
   6.95076e-09   -9.10355e+01
   6.95178e-09   -9.10355e+01
   6.95280e-09   -9.10355e+01
   6.95381e-09   -9.10355e+01
   6.95483e-09   -9.10355e+01
   6.95585e-09   -9.10355e+01
   6.95686e-09   -9.10355e+01
   6.95788e-09   -9.10355e+01
   6.95890e-09   -9.10355e+01
   6.95991e-09   -9.10355e+01
   6.96093e-09   -9.10355e+01
   6.96195e-09   -9.10355e+01
   6.96296e-09   -4.98003e+03
   6.96398e-09   -4.98003e+03
   6.96499e-09   -4.98003e+03
   6.96601e-09   -4.98003e+03
   6.96703e-09   -4.98003e+03
   6.96804e-09   -4.98003e+03
   6.96906e-09   -4.98003e+03
   6.97008e-09   -4.98003e+03
   6.97110e-09   -4.98003e+03
   6.97211e-09   -4.98003e+03
   6.97313e-09   -4.98003e+03
   6.97415e-09   -4.98003e+03
   6.97516e-09   -4.98003e+03
   6.97618e-09   -4.98003e+03
   6.97720e-09   -4.98003e+03
   6.97821e-09   -4.98003e+03
   6.97923e-09   -4.98003e+03
   6.98025e-09   -4.98003e+03
   6.98126e-09   -4.98003e+03
   6.98228e-09   -4.98003e+03
   6.98330e-09   -4.98003e+03
   6.98431e-09   -4.98003e+03
   6.98533e-09   4.84477e+03
   6.98635e-09   4.84477e+03
   6.98736e-09   4.84477e+03
   6.98838e-09   4.84477e+03
   6.98940e-09   4.84477e+03
   6.99041e-09   4.84477e+03
   6.99143e-09   4.84477e+03
   6.99245e-09   4.84477e+03
   6.99346e-09   4.84477e+03
   6.99448e-09   4.84477e+03
   6.99550e-09   4.84477e+03
   6.99651e-09   4.84477e+03
   6.99753e-09   4.84477e+03
   6.99855e-09   4.84477e+03
   6.99956e-09   4.84477e+03
   7.00058e-09   4.84477e+03
   7.00160e-09   4.84477e+03
   7.00262e-09   4.84477e+03
   7.00363e-09   4.84477e+03
   7.00465e-09   4.84477e+03
   7.00567e-09   4.84477e+03
   7.00668e-09   4.84477e+03
   7.00770e-09   4.84477e+03
   7.00872e-09   -6.81241e+03
   7.00973e-09   -6.81241e+03
   7.01075e-09   -6.81241e+03
   7.01177e-09   -6.81241e+03
   7.01278e-09   -6.81241e+03
   7.01380e-09   -6.81241e+03
   7.01482e-09   -6.81241e+03
   7.01584e-09   -6.81241e+03
   7.01685e-09   -6.81241e+03
   7.01787e-09   -6.81241e+03
   7.01889e-09   -6.81241e+03
   7.01990e-09   -6.81241e+03
   7.02092e-09   -6.81241e+03
   7.02194e-09   -6.81241e+03
   7.02295e-09   -6.81241e+03
   7.02397e-09   -6.81241e+03
   7.02499e-09   -6.81241e+03
   7.02600e-09   -6.81241e+03
   7.02702e-09   -6.81241e+03
   7.02804e-09   -6.81241e+03
   7.02906e-09   -6.81241e+03
   7.03007e-09   -6.81241e+03
   7.03109e-09   -6.81241e+03
   7.03211e-09   6.70973e+03
   7.03312e-09   6.70973e+03
   7.03414e-09   6.70973e+03
   7.03516e-09   6.70973e+03
   7.03618e-09   6.70973e+03
   7.03719e-09   6.70973e+03
   7.03821e-09   6.70973e+03
   7.03923e-09   6.70973e+03
   7.04024e-09   6.70973e+03
   7.04126e-09   6.70973e+03
   7.04228e-09   6.70973e+03
   7.04329e-09   6.70973e+03
   7.04431e-09   6.70973e+03
   7.04533e-09   6.70973e+03
   7.04635e-09   6.70973e+03
   7.04736e-09   6.70973e+03
   7.04838e-09   6.70973e+03
   7.04940e-09   6.70973e+03
   7.05041e-09   6.70973e+03
   7.05143e-09   6.70973e+03
   7.05245e-09   6.70973e+03
   7.05347e-09   6.70973e+03
   7.05448e-09   6.70973e+03
   7.05550e-09   -8.39097e+03
   7.05652e-09   -8.39097e+03
   7.05753e-09   -8.39097e+03
   7.05855e-09   -8.39097e+03
   7.05957e-09   -8.39097e+03
   7.06059e-09   -8.39097e+03
   7.06160e-09   -8.39097e+03
   7.06262e-09   -8.39097e+03
   7.06364e-09   -8.39097e+03
   7.06466e-09   -8.39097e+03
   7.06567e-09   -8.39097e+03
   7.06669e-09   -8.39097e+03
   7.06771e-09   -8.39097e+03
   7.06872e-09   -8.39097e+03
   7.06974e-09   -8.39097e+03
   7.07076e-09   -8.39097e+03
   7.07178e-09   -8.39097e+03
   7.07279e-09   -8.39097e+03
   7.07381e-09   -8.39097e+03
   7.07483e-09   -8.39097e+03
   7.07584e-09   -8.39097e+03
   7.07686e-09   -8.39097e+03
   7.07788e-09   -8.39097e+03
   7.07890e-09   -3.41584e+03
   7.07991e-09   -3.41584e+03
   7.08093e-09   -3.41584e+03
   7.08195e-09   -3.41584e+03
   7.08297e-09   -3.41584e+03
   7.08398e-09   -3.41584e+03
   7.08500e-09   -3.41584e+03
   7.08602e-09   -3.41584e+03
   7.08704e-09   -3.41584e+03
   7.08805e-09   -3.41584e+03
   7.08907e-09   -3.41584e+03
   7.09009e-09   -3.41584e+03
   7.09110e-09   -3.41584e+03
   7.09212e-09   -3.41584e+03
   7.09314e-09   -3.41584e+03
   7.09416e-09   -3.41584e+03
   7.09517e-09   -3.41584e+03
   7.09619e-09   -3.41584e+03
   7.09721e-09   -3.41584e+03
   7.09823e-09   -3.41584e+03
   7.09924e-09   -3.41584e+03
   7.10026e-09   -3.41584e+03
   7.10128e-09   -3.41584e+03
   7.10230e-09   -8.53515e+01
   7.10331e-09   -8.53515e+01
   7.10433e-09   -8.53515e+01
   7.10535e-09   -8.53515e+01
   7.10637e-09   -8.53515e+01
   7.10738e-09   -8.53515e+01
   7.10840e-09   -8.53515e+01
   7.10942e-09   -8.53515e+01
   7.11044e-09   -8.53515e+01
   7.11145e-09   -8.53515e+01
   7.11247e-09   -8.53515e+01
   7.11349e-09   -8.53515e+01
   7.11451e-09   -8.53515e+01
   7.11552e-09   -8.53515e+01
   7.11654e-09   -8.53515e+01
   7.11756e-09   -8.53515e+01
   7.11858e-09   -8.53515e+01
   7.11959e-09   -8.53515e+01
   7.12061e-09   -8.53515e+01
   7.12163e-09   -8.53515e+01
   7.12265e-09   -8.53515e+01
   7.12366e-09   -8.53515e+01
   7.12468e-09   -8.53515e+01
   7.12570e-09   -5.03728e+03
   7.12672e-09   -5.03728e+03
   7.12773e-09   -5.03728e+03
   7.12875e-09   -5.03728e+03
   7.12977e-09   -5.03728e+03
   7.13079e-09   -5.03728e+03
   7.13180e-09   -5.03728e+03
   7.13282e-09   -5.03728e+03
   7.13384e-09   -5.03728e+03
   7.13486e-09   -5.03728e+03
   7.13587e-09   -5.03728e+03
   7.13689e-09   -5.03728e+03
   7.13791e-09   -5.03728e+03
   7.13893e-09   -5.03728e+03
   7.13994e-09   -5.03728e+03
   7.14096e-09   -5.03728e+03
   7.14198e-09   -5.03728e+03
   7.14300e-09   -5.03728e+03
   7.14402e-09   -5.03728e+03
   7.14503e-09   -5.03728e+03
   7.14605e-09   -5.03728e+03
   7.14707e-09   -5.03728e+03
   7.14809e-09   -5.03728e+03
   7.14910e-09   4.90364e+03
   7.15012e-09   4.90364e+03
   7.15114e-09   4.90364e+03
   7.15216e-09   4.90364e+03
   7.15317e-09   4.90364e+03
   7.15419e-09   4.90364e+03
   7.15521e-09   4.90364e+03
   7.15623e-09   4.90364e+03
   7.15725e-09   4.90364e+03
   7.15826e-09   4.90364e+03
   7.15928e-09   4.90364e+03
   7.16030e-09   4.90364e+03
   7.16132e-09   4.90364e+03
   7.16233e-09   4.90364e+03
   7.16335e-09   4.90364e+03
   7.16437e-09   4.90364e+03
   7.16539e-09   4.90364e+03
   7.16640e-09   4.90364e+03
   7.16742e-09   4.90364e+03
   7.16844e-09   4.90364e+03
   7.16946e-09   4.90364e+03
   7.17048e-09   4.90364e+03
   7.17149e-09   4.90364e+03
   7.17251e-09   -6.87203e+03
   7.17353e-09   -6.87203e+03
   7.17455e-09   -6.87203e+03
   7.17556e-09   -6.87203e+03
   7.17658e-09   -6.87203e+03
   7.17760e-09   -6.87203e+03
   7.17862e-09   -6.87203e+03
   7.17964e-09   -6.87203e+03
   7.18065e-09   -6.87203e+03
   7.18167e-09   -6.87203e+03
   7.18269e-09   -6.87203e+03
   7.18371e-09   -6.87203e+03
   7.18473e-09   -6.87203e+03
   7.18574e-09   -6.87203e+03
   7.18676e-09   -6.87203e+03
   7.18778e-09   -6.87203e+03
   7.18880e-09   -6.87203e+03
   7.18982e-09   -6.87203e+03
   7.19083e-09   -6.87203e+03
   7.19185e-09   -6.87203e+03
   7.19287e-09   -6.87203e+03
   7.19389e-09   -6.87203e+03
   7.19490e-09   -6.87203e+03
   7.19592e-09   6.76731e+03
   7.19694e-09   6.76731e+03
   7.19796e-09   6.76731e+03
   7.19898e-09   6.76731e+03
   7.19999e-09   6.76731e+03
   7.20101e-09   6.76731e+03
   7.20203e-09   6.76731e+03
   7.20305e-09   6.76731e+03
   7.20407e-09   6.76731e+03
   7.20508e-09   6.76731e+03
   7.20610e-09   6.76731e+03
   7.20712e-09   6.76731e+03
   7.20814e-09   6.76731e+03
   7.20916e-09   6.76731e+03
   7.21017e-09   6.76731e+03
   7.21119e-09   6.76731e+03
   7.21221e-09   6.76731e+03
   7.21323e-09   6.76731e+03
   7.21425e-09   6.76731e+03
   7.21526e-09   6.76731e+03
   7.21628e-09   6.76731e+03
   7.21730e-09   6.76731e+03
   7.21832e-09   6.76731e+03
   7.21934e-09   -8.45407e+03
   7.22035e-09   -8.45407e+03
   7.22137e-09   -8.45407e+03
   7.22239e-09   -8.45407e+03
   7.22341e-09   -8.45407e+03
   7.22443e-09   -8.45407e+03
   7.22544e-09   -8.45407e+03
   7.22646e-09   -8.45407e+03
   7.22748e-09   -8.45407e+03
   7.22850e-09   -8.45407e+03
   7.22952e-09   -8.45407e+03
   7.23054e-09   -8.45407e+03
   7.23155e-09   -8.45407e+03
   7.23257e-09   -8.45407e+03
   7.23359e-09   -8.45407e+03
   7.23461e-09   -8.45407e+03
   7.23563e-09   -8.45407e+03
   7.23664e-09   -8.45407e+03
   7.23766e-09   -8.45407e+03
   7.23868e-09   -8.45407e+03
   7.23970e-09   -8.45407e+03
   7.24072e-09   -8.45407e+03
   7.24174e-09   -8.45407e+03
   7.24275e-09   -3.34170e+03
   7.24377e-09   -3.34170e+03
   7.24479e-09   -3.34170e+03
   7.24581e-09   -3.34170e+03
   7.24683e-09   -3.34170e+03
   7.24784e-09   -3.34170e+03
   7.24886e-09   -3.34170e+03
   7.24988e-09   -3.34170e+03
   7.25090e-09   -3.34170e+03
   7.25192e-09   -3.34170e+03
   7.25294e-09   -3.34170e+03
   7.25395e-09   -3.34170e+03
   7.25497e-09   -3.34170e+03
   7.25599e-09   -3.34170e+03
   7.25701e-09   -3.34170e+03
   7.25803e-09   -3.34170e+03
   7.25904e-09   -3.34170e+03
   7.26006e-09   -3.34170e+03
   7.26108e-09   -3.34170e+03
   7.26210e-09   -3.34170e+03
   7.26312e-09   -3.34170e+03
   7.26414e-09   -3.34170e+03
   7.26515e-09   -3.34170e+03
   7.26617e-09   -8.16241e+01
   7.26719e-09   -8.16241e+01
   7.26821e-09   -8.16241e+01
   7.26923e-09   -8.16241e+01
   7.27025e-09   -8.16241e+01
   7.27126e-09   -8.16241e+01
   7.27228e-09   -8.16241e+01
   7.27330e-09   -8.16241e+01
   7.27432e-09   -8.16241e+01
   7.27534e-09   -8.16241e+01
   7.27636e-09   -8.16241e+01
   7.27737e-09   -8.16241e+01
   7.27839e-09   -8.16241e+01
   7.27941e-09   -8.16241e+01
   7.28043e-09   -8.16241e+01
   7.28145e-09   -8.16241e+01
   7.28247e-09   -8.16241e+01
   7.28348e-09   -8.16241e+01
   7.28450e-09   -8.16241e+01
   7.28552e-09   -8.16241e+01
   7.28654e-09   -8.16241e+01
   7.28756e-09   -8.16241e+01
   7.28858e-09   -8.16241e+01
   7.28960e-09   -5.02674e+03
   7.29061e-09   -5.02674e+03
   7.29163e-09   -5.02674e+03
   7.29265e-09   -5.02674e+03
   7.29367e-09   -5.02674e+03
   7.29469e-09   -5.02674e+03
   7.29571e-09   -5.02674e+03
   7.29672e-09   -5.02674e+03
   7.29774e-09   -5.02674e+03
   7.29876e-09   -5.02674e+03
   7.29978e-09   -5.02674e+03
   7.30080e-09   -5.02674e+03
   7.30182e-09   -5.02674e+03
   7.30284e-09   -5.02674e+03
   7.30385e-09   -5.02674e+03
   7.30487e-09   -5.02674e+03
   7.30589e-09   -5.02674e+03
   7.30691e-09   -5.02674e+03
   7.30793e-09   -5.02674e+03
   7.30895e-09   -5.02674e+03
   7.30997e-09   -5.02674e+03
   7.31098e-09   -5.02674e+03
   7.31200e-09   -5.02674e+03
   7.31302e-09   4.89485e+03
   7.31404e-09   4.89485e+03
   7.31506e-09   4.89485e+03
   7.31608e-09   4.89485e+03
   7.31710e-09   4.89485e+03
   7.31811e-09   4.89485e+03
   7.31913e-09   4.89485e+03
   7.32015e-09   4.89485e+03
   7.32117e-09   4.89485e+03
   7.32219e-09   4.89485e+03
   7.32321e-09   4.89485e+03
   7.32423e-09   4.89485e+03
   7.32524e-09   4.89485e+03
   7.32626e-09   4.89485e+03
   7.32728e-09   4.89485e+03
   7.32830e-09   4.89485e+03
   7.32932e-09   4.89485e+03
   7.33034e-09   4.89485e+03
   7.33136e-09   4.89485e+03
   7.33237e-09   4.89485e+03
   7.33339e-09   4.89485e+03
   7.33441e-09   4.89485e+03
   7.33543e-09   4.89485e+03
   7.33645e-09   -6.85900e+03
   7.33747e-09   -6.85900e+03
   7.33849e-09   -6.85900e+03
   7.33951e-09   -6.85900e+03
   7.34052e-09   -6.85900e+03
   7.34154e-09   -6.85900e+03
   7.34256e-09   -6.85900e+03
   7.34358e-09   -6.85900e+03
   7.34460e-09   -6.85900e+03
   7.34562e-09   -6.85900e+03
   7.34664e-09   -6.85900e+03
   7.34765e-09   -6.85900e+03
   7.34867e-09   -6.85900e+03
   7.34969e-09   -6.85900e+03
   7.35071e-09   -6.85900e+03
   7.35173e-09   -6.85900e+03
   7.35275e-09   -6.85900e+03
   7.35377e-09   -6.85900e+03
   7.35479e-09   -6.85900e+03
   7.35581e-09   -6.85900e+03
   7.35682e-09   -6.85900e+03
   7.35784e-09   -6.85900e+03
   7.35886e-09   -6.85900e+03
   7.35988e-09   6.75410e+03
   7.36090e-09   6.75410e+03
   7.36192e-09   6.75410e+03
   7.36294e-09   6.75410e+03
   7.36396e-09   6.75410e+03
   7.36497e-09   6.75410e+03
   7.36599e-09   6.75410e+03
   7.36701e-09   6.75410e+03
   7.36803e-09   6.75410e+03
   7.36905e-09   6.75410e+03
   7.37007e-09   6.75410e+03
   7.37109e-09   6.75410e+03
   7.37211e-09   6.75410e+03
   7.37313e-09   6.75410e+03
   7.37414e-09   6.75410e+03
   7.37516e-09   6.75410e+03
   7.37618e-09   6.75410e+03
   7.37720e-09   6.75410e+03
   7.37822e-09   6.75410e+03
   7.37924e-09   6.75410e+03
   7.38026e-09   6.75410e+03
   7.38128e-09   6.75410e+03
   7.38230e-09   6.75410e+03
   7.38331e-09   -8.47139e+03
   7.38433e-09   -8.47139e+03
   7.38535e-09   -8.47139e+03
   7.38637e-09   -8.47139e+03
   7.38739e-09   -8.47139e+03
   7.38841e-09   -8.47139e+03
   7.38943e-09   -8.47139e+03
   7.39045e-09   -8.47139e+03
   7.39147e-09   -8.47139e+03
   7.39248e-09   -8.47139e+03
   7.39350e-09   -8.47139e+03
   7.39452e-09   -8.47139e+03
   7.39554e-09   -8.47139e+03
   7.39656e-09   -8.47139e+03
   7.39758e-09   -8.47139e+03
   7.39860e-09   -8.47139e+03
   7.39962e-09   -8.47139e+03
   7.40064e-09   -8.47139e+03
   7.40166e-09   -8.47139e+03
   7.40267e-09   -8.47139e+03
   7.40369e-09   -8.47139e+03
   7.40471e-09   -8.47139e+03
   7.40573e-09   -8.47139e+03
   7.40675e-09   -3.31531e+03
   7.40777e-09   -3.31531e+03
   7.40879e-09   -3.31531e+03
   7.40981e-09   -3.31531e+03
   7.41083e-09   -3.31531e+03
   7.41185e-09   -3.31531e+03
   7.41287e-09   -3.31531e+03
   7.41388e-09   -3.31531e+03
   7.41490e-09   -3.31531e+03
   7.41592e-09   -3.31531e+03
   7.41694e-09   -3.31531e+03
   7.41796e-09   -3.31531e+03
   7.41898e-09   -3.31531e+03
   7.42000e-09   -3.31531e+03
   7.42102e-09   -3.31531e+03
   7.42204e-09   -3.31531e+03
   7.42306e-09   -3.31531e+03
   7.42408e-09   -3.31531e+03
   7.42509e-09   -3.31531e+03
   7.42611e-09   -3.31531e+03
   7.42713e-09   -3.31531e+03
   7.42815e-09   -3.31531e+03
   7.42917e-09   -3.31531e+03
   7.43019e-09   -7.89704e+01
   7.43121e-09   -7.89704e+01
   7.43223e-09   -7.89704e+01
   7.43325e-09   -7.89704e+01
   7.43427e-09   -7.89704e+01
   7.43529e-09   -7.89704e+01
   7.43631e-09   -7.89704e+01
   7.43732e-09   -7.89704e+01
   7.43834e-09   -7.89704e+01
   7.43936e-09   -7.89704e+01
   7.44038e-09   -7.89704e+01
   7.44140e-09   -7.89704e+01
   7.44242e-09   -7.89704e+01
   7.44344e-09   -7.89704e+01
   7.44446e-09   -7.89704e+01
   7.44548e-09   -7.89704e+01
   7.44650e-09   -7.89704e+01
   7.44752e-09   -7.89704e+01
   7.44854e-09   -7.89704e+01
   7.44956e-09   -7.89704e+01
   7.45057e-09   -7.89704e+01
   7.45159e-09   -7.89704e+01
   7.45261e-09   -7.89704e+01
   7.45363e-09   -4.96288e+03
   7.45465e-09   -4.96288e+03
   7.45567e-09   -4.96288e+03
   7.45669e-09   -4.96288e+03
   7.45771e-09   -4.96288e+03
   7.45873e-09   -4.96288e+03
   7.45975e-09   -4.96288e+03
   7.46077e-09   -4.96288e+03
   7.46179e-09   -4.96288e+03
   7.46281e-09   -4.96288e+03
   7.46383e-09   -4.96288e+03
   7.46485e-09   -4.96288e+03
   7.46586e-09   -4.96288e+03
   7.46688e-09   -4.96288e+03
   7.46790e-09   -4.96288e+03
   7.46892e-09   -4.96288e+03
   7.46994e-09   -4.96288e+03
   7.47096e-09   -4.96288e+03
   7.47198e-09   -4.96288e+03
   7.47300e-09   -4.96288e+03
   7.47402e-09   -4.96288e+03
   7.47504e-09   -4.96288e+03
   7.47606e-09   -4.96288e+03
   7.47708e-09   4.83304e+03
   7.47810e-09   4.83304e+03
   7.47912e-09   4.83304e+03
   7.48014e-09   4.83304e+03
   7.48116e-09   4.83304e+03
   7.48217e-09   4.83304e+03
   7.48319e-09   4.83304e+03
   7.48421e-09   4.83304e+03
   7.48523e-09   4.83304e+03
   7.48625e-09   4.83304e+03
   7.48727e-09   4.83304e+03
   7.48829e-09   4.83304e+03
   7.48931e-09   4.83304e+03
   7.49033e-09   4.83304e+03
   7.49135e-09   4.83304e+03
   7.49237e-09   4.83304e+03
   7.49339e-09   4.83304e+03
   7.49441e-09   4.83304e+03
   7.49543e-09   4.83304e+03
   7.49645e-09   4.83304e+03
   7.49747e-09   4.83304e+03
   7.49849e-09   4.83304e+03
   7.49951e-09   4.83304e+03
   7.50053e-09   -6.80475e+03
   7.50155e-09   -6.80475e+03
   7.50256e-09   -6.80475e+03
   7.50358e-09   -6.80475e+03
   7.50460e-09   -6.80475e+03
   7.50562e-09   -6.80475e+03
   7.50664e-09   -6.80475e+03
   7.50766e-09   -6.80475e+03
   7.50868e-09   -6.80475e+03
   7.50970e-09   -6.80475e+03
   7.51072e-09   -6.80475e+03
   7.51174e-09   -6.80475e+03
   7.51276e-09   -6.80475e+03
   7.51378e-09   -6.80475e+03
   7.51480e-09   -6.80475e+03
   7.51582e-09   -6.80475e+03
   7.51684e-09   -6.80475e+03
   7.51786e-09   -6.80475e+03
   7.51888e-09   -6.80475e+03
   7.51990e-09   -6.80475e+03
   7.52092e-09   -6.80475e+03
   7.52194e-09   -6.80475e+03
   7.52296e-09   -6.80475e+03
   7.52398e-09   6.70210e+03
   7.52500e-09   6.70210e+03
   7.52602e-09   6.70210e+03
   7.52704e-09   6.70210e+03
   7.52805e-09   6.70210e+03
   7.52907e-09   6.70210e+03
   7.53009e-09   6.70210e+03
   7.53111e-09   6.70210e+03
   7.53213e-09   6.70210e+03
   7.53315e-09   6.70210e+03
   7.53417e-09   6.70210e+03
   7.53519e-09   6.70210e+03
   7.53621e-09   6.70210e+03
   7.53723e-09   6.70210e+03
   7.53825e-09   6.70210e+03
   7.53927e-09   6.70210e+03
   7.54029e-09   6.70210e+03
   7.54131e-09   6.70210e+03
   7.54233e-09   6.70210e+03
   7.54335e-09   6.70210e+03
   7.54437e-09   6.70210e+03
   7.54539e-09   6.70210e+03
   7.54641e-09   6.70210e+03
   7.54743e-09   -8.43626e+03
   7.54845e-09   -8.43626e+03
   7.54947e-09   -8.43626e+03
   7.55049e-09   -8.43626e+03
   7.55151e-09   -8.43626e+03
   7.55253e-09   -8.43626e+03
   7.55355e-09   -8.43626e+03
   7.55457e-09   -8.43626e+03
   7.55559e-09   -8.43626e+03
   7.55661e-09   -8.43626e+03
   7.55763e-09   -8.43626e+03
   7.55865e-09   -8.43626e+03
   7.55967e-09   -8.43626e+03
   7.56069e-09   -8.43626e+03
   7.56171e-09   -8.43626e+03
   7.56273e-09   -8.43626e+03
   7.56375e-09   -8.43626e+03
   7.56477e-09   -8.43626e+03
   7.56579e-09   -8.43626e+03
   7.56681e-09   -8.43626e+03
   7.56783e-09   -8.43626e+03
   7.56885e-09   -8.43626e+03
   7.56987e-09   -8.43626e+03
   7.57089e-09   -3.34318e+03
   7.57191e-09   -3.34318e+03
   7.57293e-09   -3.34318e+03
   7.57395e-09   -3.34318e+03
   7.57497e-09   -3.34318e+03
   7.57599e-09   -3.34318e+03
   7.57701e-09   -3.34318e+03
   7.57803e-09   -3.34318e+03
   7.57905e-09   -3.34318e+03
   7.58007e-09   -3.34318e+03
   7.58108e-09   -3.34318e+03
   7.58210e-09   -3.34318e+03
   7.58312e-09   -3.34318e+03
   7.58414e-09   -3.34318e+03
   7.58516e-09   -3.34318e+03
   7.58618e-09   -3.34318e+03
   7.58720e-09   -3.34318e+03
   7.58822e-09   -3.34318e+03
   7.58924e-09   -3.34318e+03
   7.59026e-09   -3.34318e+03
   7.59128e-09   -3.34318e+03
   7.59230e-09   -3.34318e+03
   7.59332e-09   -3.34318e+03
   7.59434e-09   -7.77281e+01
   7.59536e-09   -7.77281e+01
   7.59638e-09   -7.77281e+01
   7.59740e-09   -7.77281e+01
   7.59842e-09   -7.77281e+01
   7.59944e-09   -7.77281e+01
   7.60046e-09   -7.77281e+01
   7.60148e-09   -7.77281e+01
   7.60250e-09   -7.77281e+01
   7.60352e-09   -7.77281e+01
   7.60455e-09   -7.77281e+01
   7.60557e-09   -7.77281e+01
   7.60659e-09   -7.77281e+01
   7.60761e-09   -7.77281e+01
   7.60863e-09   -7.77281e+01
   7.60965e-09   -7.77281e+01
   7.61067e-09   -7.77281e+01
   7.61169e-09   -7.77281e+01
   7.61271e-09   -7.77281e+01
   7.61373e-09   -7.77281e+01
   7.61475e-09   -7.77281e+01
   7.61577e-09   -7.77281e+01
   7.61679e-09   -7.77281e+01
   7.61781e-09   -4.84210e+03
   7.61883e-09   -4.84210e+03
   7.61985e-09   -4.84210e+03
   7.62087e-09   -4.84210e+03
   7.62189e-09   -4.84210e+03
   7.62291e-09   -4.84210e+03
   7.62393e-09   -4.84210e+03
   7.62495e-09   -4.84210e+03
   7.62597e-09   -4.84210e+03
   7.62699e-09   -4.84210e+03
   7.62801e-09   -4.84210e+03
   7.62903e-09   -4.84210e+03
   7.63005e-09   -4.84210e+03
   7.63107e-09   -4.84210e+03
   7.63209e-09   -4.84210e+03
   7.63311e-09   -4.84210e+03
   7.63413e-09   -4.84210e+03
   7.63515e-09   -4.84210e+03
   7.63617e-09   -4.84210e+03
   7.63719e-09   -4.84210e+03
   7.63821e-09   -4.84210e+03
   7.63923e-09   -4.84210e+03
   7.64025e-09   -4.84210e+03
   7.64127e-09   4.71439e+03
   7.64229e-09   4.71439e+03
   7.64331e-09   4.71439e+03
   7.64433e-09   4.71439e+03
   7.64535e-09   4.71439e+03
   7.64637e-09   4.71439e+03
   7.64739e-09   4.71439e+03
   7.64841e-09   4.71439e+03
   7.64943e-09   4.71439e+03
   7.65045e-09   4.71439e+03
   7.65147e-09   4.71439e+03
   7.65249e-09   4.71439e+03
   7.65351e-09   4.71439e+03
   7.65453e-09   4.71439e+03
   7.65555e-09   4.71439e+03
   7.65657e-09   4.71439e+03
   7.65760e-09   4.71439e+03
   7.65862e-09   4.71439e+03
   7.65964e-09   4.71439e+03
   7.66066e-09   4.71439e+03
   7.66168e-09   4.71439e+03
   7.66270e-09   4.71439e+03
   7.66372e-09   4.71439e+03
   7.66474e-09   -6.71064e+03
   7.66576e-09   -6.71064e+03
   7.66678e-09   -6.71064e+03
   7.66780e-09   -6.71064e+03
   7.66882e-09   -6.71064e+03
   7.66984e-09   -6.71064e+03
   7.67086e-09   -6.71064e+03
   7.67188e-09   -6.71064e+03
   7.67290e-09   -6.71064e+03
   7.67392e-09   -6.71064e+03
   7.67494e-09   -6.71064e+03
   7.67596e-09   -6.71064e+03
   7.67698e-09   -6.71064e+03
   7.67800e-09   -6.71064e+03
   7.67902e-09   -6.71064e+03
   7.68004e-09   -6.71064e+03
   7.68106e-09   -6.71064e+03
   7.68208e-09   -6.71064e+03
   7.68310e-09   -6.71064e+03
   7.68413e-09   -6.71064e+03
   7.68515e-09   -6.71064e+03
   7.68617e-09   -6.71064e+03
   7.68719e-09   -6.71064e+03
   7.68821e-09   6.60834e+03
   7.68923e-09   6.60834e+03
   7.69025e-09   6.60834e+03
   7.69127e-09   6.60834e+03
   7.69229e-09   6.60834e+03
   7.69331e-09   6.60834e+03
   7.69433e-09   6.60834e+03
   7.69535e-09   6.60834e+03
   7.69637e-09   6.60834e+03
   7.69739e-09   6.60834e+03
   7.69841e-09   6.60834e+03
   7.69943e-09   6.60834e+03
   7.70045e-09   6.60834e+03
   7.70147e-09   6.60834e+03
   7.70249e-09   6.60834e+03
   7.70351e-09   6.60834e+03
   7.70454e-09   6.60834e+03
   7.70556e-09   6.60834e+03
   7.70658e-09   6.60834e+03
   7.70760e-09   6.60834e+03
   7.70862e-09   6.60834e+03
   7.70964e-09   6.60834e+03
   7.71066e-09   6.60834e+03
   7.71168e-09   -8.37244e+03
   7.71270e-09   -8.37244e+03
   7.71372e-09   -8.37244e+03
   7.71474e-09   -8.37244e+03
   7.71576e-09   -8.37244e+03
   7.71678e-09   -8.37244e+03
   7.71780e-09   -8.37244e+03
   7.71882e-09   -8.37244e+03
   7.71984e-09   -8.37244e+03
   7.72087e-09   -8.37244e+03
   7.72189e-09   -8.37244e+03
   7.72291e-09   -8.37244e+03
   7.72393e-09   -8.37244e+03
   7.72495e-09   -8.37244e+03
   7.72597e-09   -8.37244e+03
   7.72699e-09   -8.37244e+03
   7.72801e-09   -8.37244e+03
   7.72903e-09   -8.37244e+03
   7.73005e-09   -8.37244e+03
   7.73107e-09   -8.37244e+03
   7.73209e-09   -8.37244e+03
   7.73311e-09   -8.37244e+03
   7.73413e-09   -8.37244e+03
   7.73515e-09   -3.39804e+03
   7.73618e-09   -3.39804e+03
   7.73720e-09   -3.39804e+03
   7.73822e-09   -3.39804e+03
   7.73924e-09   -3.39804e+03
   7.74026e-09   -3.39804e+03
   7.74128e-09   -3.39804e+03
   7.74230e-09   -3.39804e+03
   7.74332e-09   -3.39804e+03
   7.74434e-09   -3.39804e+03
   7.74536e-09   -3.39804e+03
   7.74638e-09   -3.39804e+03
   7.74740e-09   -3.39804e+03
   7.74842e-09   -3.39804e+03
   7.74945e-09   -3.39804e+03
   7.75047e-09   -3.39804e+03
   7.75149e-09   -3.39804e+03
   7.75251e-09   -3.39804e+03
   7.75353e-09   -3.39804e+03
   7.75455e-09   -3.39804e+03
   7.75557e-09   -3.39804e+03
   7.75659e-09   -3.39804e+03
   7.75761e-09   -3.39804e+03
   7.75863e-09   -7.71876e+01
   7.75965e-09   -7.71876e+01
   7.76067e-09   -7.71876e+01
   7.76169e-09   -7.71876e+01
   7.76272e-09   -7.71876e+01
   7.76374e-09   -7.71876e+01
   7.76476e-09   -7.71876e+01
   7.76578e-09   -7.71876e+01
   7.76680e-09   -7.71876e+01
   7.76782e-09   -7.71876e+01
   7.76884e-09   -7.71876e+01
   7.76986e-09   -7.71876e+01
   7.77088e-09   -7.71876e+01
   7.77190e-09   -7.71876e+01
   7.77292e-09   -7.71876e+01
   7.77395e-09   -7.71876e+01
   7.77497e-09   -7.71876e+01
   7.77599e-09   -7.71876e+01
   7.77701e-09   -7.71876e+01
   7.77803e-09   -7.71876e+01
   7.77905e-09   -7.71876e+01
   7.78007e-09   -7.71876e+01
   7.78109e-09   -7.71876e+01
   7.78211e-09   -4.68441e+03
   7.78313e-09   -4.68441e+03
   7.78415e-09   -4.68441e+03
   7.78518e-09   -4.68441e+03
   7.78620e-09   -4.68441e+03
   7.78722e-09   -4.68441e+03
   7.78824e-09   -4.68441e+03
   7.78926e-09   -4.68441e+03
   7.79028e-09   -4.68441e+03
   7.79130e-09   -4.68441e+03
   7.79232e-09   -4.68441e+03
   7.79334e-09   -4.68441e+03
   7.79436e-09   -4.68441e+03
   7.79539e-09   -4.68441e+03
   7.79641e-09   -4.68441e+03
   7.79743e-09   -4.68441e+03
   7.79845e-09   -4.68441e+03
   7.79947e-09   -4.68441e+03
   7.80049e-09   -4.68441e+03
   7.80151e-09   -4.68441e+03
   7.80253e-09   -4.68441e+03
   7.80355e-09   -4.68441e+03
   7.80457e-09   -4.68441e+03
   7.80560e-09   4.55876e+03
   7.80662e-09   4.55876e+03
   7.80764e-09   4.55876e+03
   7.80866e-09   4.55876e+03
   7.80968e-09   4.55876e+03
   7.81070e-09   4.55876e+03
   7.81172e-09   4.55876e+03
   7.81274e-09   4.55876e+03
   7.81376e-09   4.55876e+03
   7.81479e-09   4.55876e+03
   7.81581e-09   4.55876e+03
   7.81683e-09   4.55876e+03
   7.81785e-09   4.55876e+03
   7.81887e-09   4.55876e+03
   7.81989e-09   4.55876e+03
   7.82091e-09   4.55876e+03
   7.82193e-09   4.55876e+03
   7.82295e-09   4.55876e+03
   7.82398e-09   4.55876e+03
   7.82500e-09   4.55876e+03
   7.82602e-09   4.55876e+03
   7.82704e-09   4.55876e+03
   7.82806e-09   4.55876e+03
   7.82908e-09   -6.58353e+03
   7.83010e-09   -6.58353e+03
   7.83112e-09   -6.58353e+03
   7.83214e-09   -6.58353e+03
   7.83317e-09   -6.58353e+03
   7.83419e-09   -6.58353e+03
   7.83521e-09   -6.58353e+03
   7.83623e-09   -6.58353e+03
   7.83725e-09   -6.58353e+03
   7.83827e-09   -6.58353e+03
   7.83929e-09   -6.58353e+03
   7.84031e-09   -6.58353e+03
   7.84134e-09   -6.58353e+03
   7.84236e-09   -6.58353e+03
   7.84338e-09   -6.58353e+03
   7.84440e-09   -6.58353e+03
   7.84542e-09   -6.58353e+03
   7.84644e-09   -6.58353e+03
   7.84746e-09   -6.58353e+03
   7.84848e-09   -6.58353e+03
   7.84951e-09   -6.58353e+03
   7.85053e-09   -6.58353e+03
   7.85155e-09   6.48131e+03
   7.85257e-09   6.48131e+03
   7.85359e-09   6.48131e+03
   7.85461e-09   6.48131e+03
   7.85563e-09   6.48131e+03
   7.85665e-09   6.48131e+03
   7.85768e-09   6.48131e+03
   7.85870e-09   6.48131e+03
   7.85972e-09   6.48131e+03
   7.86074e-09   6.48131e+03
   7.86176e-09   6.48131e+03
   7.86278e-09   6.48131e+03
   7.86380e-09   6.48131e+03
   7.86483e-09   6.48131e+03
   7.86585e-09   6.48131e+03
   7.86687e-09   6.48131e+03
   7.86789e-09   6.48131e+03
   7.86891e-09   6.48131e+03
   7.86993e-09   6.48131e+03
   7.87095e-09   6.48131e+03
   7.87197e-09   6.48131e+03
   7.87300e-09   6.48131e+03
   7.87402e-09   6.48131e+03
   7.87504e-09   -8.28734e+03
   7.87606e-09   -8.28734e+03
   7.87708e-09   -8.28734e+03
   7.87810e-09   -8.28734e+03
   7.87912e-09   -8.28734e+03
   7.88015e-09   -8.28734e+03
   7.88117e-09   -8.28734e+03
   7.88219e-09   -8.28734e+03
   7.88321e-09   -8.28734e+03
   7.88423e-09   -8.28734e+03
   7.88525e-09   -8.28734e+03
   7.88627e-09   -8.28734e+03
   7.88730e-09   -8.28734e+03
   7.88832e-09   -8.28734e+03
   7.88934e-09   -8.28734e+03
   7.89036e-09   -8.28734e+03
   7.89138e-09   -8.28734e+03
   7.89240e-09   -8.28734e+03
   7.89342e-09   -8.28734e+03
   7.89445e-09   -8.28734e+03
   7.89547e-09   -8.28734e+03
   7.89649e-09   -8.28734e+03
   7.89751e-09   -8.28734e+03
   7.89853e-09   -3.47266e+03
   7.89955e-09   -3.47266e+03
   7.90057e-09   -3.47266e+03
   7.90160e-09   -3.47266e+03
   7.90262e-09   -3.47266e+03
   7.90364e-09   -3.47266e+03
   7.90466e-09   -3.47266e+03
   7.90568e-09   -3.47266e+03
   7.90670e-09   -3.47266e+03
   7.90773e-09   -3.47266e+03
   7.90875e-09   -3.47266e+03
   7.90977e-09   -3.47266e+03
   7.91079e-09   -3.47266e+03
   7.91181e-09   -3.47266e+03
   7.91283e-09   -3.47266e+03
   7.91386e-09   -3.47266e+03
   7.91488e-09   -3.47266e+03
   7.91590e-09   -3.47266e+03
   7.91692e-09   -3.47266e+03
   7.91794e-09   -3.47266e+03
   7.91896e-09   -3.47266e+03
   7.91998e-09   -3.47266e+03
   7.92101e-09   -3.47266e+03
   7.92203e-09   -7.80610e+01
   7.92305e-09   -7.80610e+01
   7.92407e-09   -7.80610e+01
   7.92509e-09   -7.80610e+01
   7.92611e-09   -7.80610e+01
   7.92714e-09   -7.80610e+01
   7.92816e-09   -7.80610e+01
   7.92918e-09   -7.80610e+01
   7.93020e-09   -7.80610e+01
   7.93122e-09   -7.80610e+01
   7.93224e-09   -7.80610e+01
   7.93327e-09   -7.80610e+01
   7.93429e-09   -7.80610e+01
   7.93531e-09   -7.80610e+01
   7.93633e-09   -7.80610e+01
   7.93735e-09   -7.80610e+01
   7.93837e-09   -7.80610e+01
   7.93940e-09   -7.80610e+01
   7.94042e-09   -7.80610e+01
   7.94144e-09   -7.80610e+01
   7.94246e-09   -7.80610e+01
   7.94348e-09   -7.80610e+01
   7.94450e-09   -7.80610e+01
   7.94553e-09   -4.47964e+03
   7.94655e-09   -4.47964e+03
   7.94757e-09   -4.47964e+03
   7.94859e-09   -4.47964e+03
   7.94961e-09   -4.47964e+03
   7.95063e-09   -4.47964e+03
   7.95166e-09   -4.47964e+03
   7.95268e-09   -4.47964e+03
   7.95370e-09   -4.47964e+03
   7.95472e-09   -4.47964e+03
   7.95574e-09   -4.47964e+03
   7.95677e-09   -4.47964e+03
   7.95779e-09   -4.47964e+03
   7.95881e-09   -4.47964e+03
   7.95983e-09   -4.47964e+03
   7.96085e-09   -4.47964e+03
   7.96187e-09   -4.47964e+03
   7.96290e-09   -4.47964e+03
   7.96392e-09   -4.47964e+03
   7.96494e-09   -4.47964e+03
   7.96596e-09   -4.47964e+03
   7.96698e-09   -4.47964e+03
   7.96801e-09   -4.47964e+03
   7.96903e-09   4.35566e+03
   7.97005e-09   4.35566e+03
   7.97107e-09   4.35566e+03
   7.97209e-09   4.35566e+03
   7.97311e-09   4.35566e+03
   7.97414e-09   4.35566e+03
   7.97516e-09   4.35566e+03
   7.97618e-09   4.35566e+03
   7.97720e-09   4.35566e+03
   7.97822e-09   4.35566e+03
   7.97925e-09   4.35566e+03
   7.98027e-09   4.35566e+03
   7.98129e-09   4.35566e+03
   7.98231e-09   4.35566e+03
   7.98333e-09   4.35566e+03
   7.98436e-09   4.35566e+03
   7.98538e-09   4.35566e+03
   7.98640e-09   4.35566e+03
   7.98742e-09   4.35566e+03
   7.98844e-09   4.35566e+03
   7.98947e-09   4.35566e+03
   7.99049e-09   4.35566e+03
   7.99151e-09   4.35566e+03
   7.99253e-09   -6.42626e+03
   7.99355e-09   -6.42626e+03
   7.99457e-09   -6.42626e+03
   7.99560e-09   -6.42626e+03
   7.99662e-09   -6.42626e+03
   7.99764e-09   -6.42626e+03
   7.99866e-09   -6.42626e+03
   7.99968e-09   -6.42626e+03
   8.00071e-09   -6.42626e+03
   8.00173e-09   -6.42626e+03
   8.00275e-09   -6.42626e+03
   8.00377e-09   -6.42626e+03
   8.00479e-09   -6.42626e+03
   8.00582e-09   -6.42626e+03
   8.00684e-09   -6.42626e+03
   8.00786e-09   -6.42626e+03
   8.00888e-09   -6.42626e+03
   8.00990e-09   -6.42626e+03
   8.01093e-09   -6.42626e+03
   8.01195e-09   -6.42626e+03
   8.01297e-09   -6.42626e+03
   8.01399e-09   -6.42626e+03
   8.01501e-09   -6.42626e+03
   8.01604e-09   6.32282e+03
   8.01706e-09   6.32282e+03
   8.01808e-09   6.32282e+03
   8.01910e-09   6.32282e+03
   8.02013e-09   6.32282e+03
   8.02115e-09   6.32282e+03
   8.02217e-09   6.32282e+03
   8.02319e-09   6.32282e+03
   8.02421e-09   6.32282e+03
   8.02524e-09   6.32282e+03
   8.02626e-09   6.32282e+03
   8.02728e-09   6.32282e+03
   8.02830e-09   6.32282e+03
   8.02932e-09   6.32282e+03
   8.03035e-09   6.32282e+03
   8.03137e-09   6.32282e+03
   8.03239e-09   6.32282e+03
   8.03341e-09   6.32282e+03
   8.03443e-09   6.32282e+03
   8.03546e-09   6.32282e+03
   8.03648e-09   6.32282e+03
   8.03750e-09   6.32282e+03
   8.03852e-09   6.32282e+03
   8.03955e-09   -8.16850e+03
   8.04057e-09   -8.16850e+03
   8.04159e-09   -8.16850e+03
   8.04261e-09   -8.16850e+03
   8.04363e-09   -8.16850e+03
   8.04466e-09   -8.16850e+03
   8.04568e-09   -8.16850e+03
   8.04670e-09   -8.16850e+03
   8.04772e-09   -8.16850e+03
   8.04875e-09   -8.16850e+03
   8.04977e-09   -8.16850e+03
   8.05079e-09   -8.16850e+03
   8.05181e-09   -8.16850e+03
   8.05283e-09   -8.16850e+03
   8.05386e-09   -8.16850e+03
   8.05488e-09   -8.16850e+03
   8.05590e-09   -8.16850e+03
   8.05692e-09   -8.16850e+03
   8.05795e-09   -8.16850e+03
   8.05897e-09   -8.16850e+03
   8.05999e-09   -8.16850e+03
   8.06101e-09   -8.16850e+03
   8.06203e-09   -8.16850e+03
   8.06306e-09   -3.57762e+03
   8.06408e-09   -3.57762e+03
   8.06510e-09   -3.57762e+03
   8.06612e-09   -3.57762e+03
   8.06715e-09   -3.57762e+03
   8.06817e-09   -3.57762e+03
   8.06919e-09   -3.57762e+03
   8.07021e-09   -3.57762e+03
   8.07124e-09   -3.57762e+03
   8.07226e-09   -3.57762e+03
   8.07328e-09   -3.57762e+03
   8.07430e-09   -3.57762e+03
   8.07532e-09   -3.57762e+03
   8.07635e-09   -3.57762e+03
   8.07737e-09   -3.57762e+03
   8.07839e-09   -3.57762e+03
   8.07941e-09   -3.57762e+03
   8.08044e-09   -3.57762e+03
   8.08146e-09   -3.57762e+03
   8.08248e-09   -3.57762e+03
   8.08350e-09   -3.57762e+03
   8.08453e-09   -3.57762e+03
   8.08555e-09   -3.57762e+03
   8.08657e-09   -8.12160e+01
   8.08759e-09   -8.12160e+01
   8.08862e-09   -8.12160e+01
   8.08964e-09   -8.12160e+01
   8.09066e-09   -8.12160e+01
   8.09168e-09   -8.12160e+01
   8.09270e-09   -8.12160e+01
   8.09373e-09   -8.12160e+01
   8.09475e-09   -8.12160e+01
   8.09577e-09   -8.12160e+01
   8.09679e-09   -8.12160e+01
   8.09782e-09   -8.12160e+01
   8.09884e-09   -8.12160e+01
   8.09986e-09   -8.12160e+01
   8.10088e-09   -8.12160e+01
   8.10191e-09   -8.12160e+01
   8.10293e-09   -8.12160e+01
   8.10395e-09   -8.12160e+01
   8.10497e-09   -8.12160e+01
   8.10600e-09   -8.12160e+01
   8.10702e-09   -8.12160e+01
   8.10804e-09   -8.12160e+01
   8.10906e-09   -8.12160e+01
   8.11009e-09   -4.24226e+03
   8.11111e-09   -4.24226e+03
   8.11213e-09   -4.24226e+03
   8.11315e-09   -4.24226e+03
   8.11418e-09   -4.24226e+03
   8.11520e-09   -4.24226e+03
   8.11622e-09   -4.24226e+03
   8.11724e-09   -4.24226e+03
   8.11827e-09   -4.24226e+03
   8.11929e-09   -4.24226e+03
   8.12031e-09   -4.24226e+03
   8.12133e-09   -4.24226e+03
   8.12236e-09   -4.24226e+03
   8.12338e-09   -4.24226e+03
   8.12440e-09   -4.24226e+03
   8.12542e-09   -4.24226e+03
   8.12645e-09   -4.24226e+03
   8.12747e-09   -4.24226e+03
   8.12849e-09   -4.24226e+03
   8.12951e-09   -4.24226e+03
   8.13054e-09   -4.24226e+03
   8.13156e-09   -4.24226e+03
   8.13258e-09   -4.24226e+03
   8.13361e-09   4.11944e+03
   8.13463e-09   4.11944e+03
   8.13565e-09   4.11944e+03
   8.13667e-09   4.11944e+03
   8.13770e-09   4.11944e+03
   8.13872e-09   4.11944e+03
   8.13974e-09   4.11944e+03
   8.14076e-09   4.11944e+03
   8.14179e-09   4.11944e+03
   8.14281e-09   4.11944e+03
   8.14383e-09   4.11944e+03
   8.14485e-09   4.11944e+03
   8.14588e-09   4.11944e+03
   8.14690e-09   4.11944e+03
   8.14792e-09   4.11944e+03
   8.14894e-09   4.11944e+03
   8.14997e-09   4.11944e+03
   8.15099e-09   4.11944e+03
   8.15201e-09   4.11944e+03
   8.15304e-09   4.11944e+03
   8.15406e-09   4.11944e+03
   8.15508e-09   4.11944e+03
   8.15610e-09   4.11944e+03
   8.15713e-09   -6.24084e+03
   8.15815e-09   -6.24084e+03
   8.15917e-09   -6.24084e+03
   8.16019e-09   -6.24084e+03
   8.16122e-09   -6.24084e+03
   8.16224e-09   -6.24084e+03
   8.16326e-09   -6.24084e+03
   8.16429e-09   -6.24084e+03
   8.16531e-09   -6.24084e+03
   8.16633e-09   -6.24084e+03
   8.16735e-09   -6.24084e+03
   8.16838e-09   -6.24084e+03
   8.16940e-09   -6.24084e+03
   8.17042e-09   -6.24084e+03
   8.17144e-09   -6.24084e+03
   8.17247e-09   -6.24084e+03
   8.17349e-09   -6.24084e+03
   8.17451e-09   -6.24084e+03
   8.17554e-09   -6.24084e+03
   8.17656e-09   -6.24084e+03
   8.17758e-09   -6.24084e+03
   8.17860e-09   -6.24084e+03
   8.17963e-09   -6.24084e+03
   8.18065e-09   6.13621e+03
   8.18167e-09   6.13621e+03
   8.18270e-09   6.13621e+03
   8.18372e-09   6.13621e+03
   8.18474e-09   6.13621e+03
   8.18576e-09   6.13621e+03
   8.18679e-09   6.13621e+03
   8.18781e-09   6.13621e+03
   8.18883e-09   6.13621e+03
   8.18986e-09   6.13621e+03
   8.19088e-09   6.13621e+03
   8.19190e-09   6.13621e+03
   8.19292e-09   6.13621e+03
   8.19395e-09   6.13621e+03
   8.19497e-09   6.13621e+03
   8.19599e-09   6.13621e+03
   8.19702e-09   6.13621e+03
   8.19804e-09   6.13621e+03
   8.19906e-09   6.13621e+03
   8.20008e-09   6.13621e+03
   8.20111e-09   6.13621e+03
   8.20213e-09   6.13621e+03
   8.20315e-09   6.13621e+03
   8.20418e-09   -8.02587e+03
   8.20520e-09   -8.02587e+03
   8.20622e-09   -8.02587e+03
   8.20725e-09   -8.02587e+03
   8.20827e-09   -8.02587e+03
   8.20929e-09   -8.02587e+03
   8.21031e-09   -8.02587e+03
   8.21134e-09   -8.02587e+03
   8.21236e-09   -8.02587e+03
   8.21338e-09   -8.02587e+03
   8.21441e-09   -8.02587e+03
   8.21543e-09   -8.02587e+03
   8.21645e-09   -8.02587e+03
   8.21747e-09   -8.02587e+03
   8.21850e-09   -8.02587e+03
   8.21952e-09   -8.02587e+03
   8.22054e-09   -8.02587e+03
   8.22157e-09   -8.02587e+03
   8.22259e-09   -8.02587e+03
   8.22361e-09   -8.02587e+03
   8.22464e-09   -8.02587e+03
   8.22566e-09   -8.02587e+03
   8.22668e-09   -8.02587e+03
   8.22770e-09   -3.68332e+03
   8.22873e-09   -3.68332e+03
   8.22975e-09   -3.68332e+03
   8.23077e-09   -3.68332e+03
   8.23180e-09   -3.68332e+03
   8.23282e-09   -3.68332e+03
   8.23384e-09   -3.68332e+03
   8.23487e-09   -3.68332e+03
   8.23589e-09   -3.68332e+03
   8.23691e-09   -3.68332e+03
   8.23794e-09   -3.68332e+03
   8.23896e-09   -3.68332e+03
   8.23998e-09   -3.68332e+03
   8.24100e-09   -3.68332e+03
   8.24203e-09   -3.68332e+03
   8.24305e-09   -3.68332e+03
   8.24407e-09   -3.68332e+03
   8.24510e-09   -3.68332e+03
   8.24612e-09   -3.68332e+03
   8.24714e-09   -3.68332e+03
   8.24817e-09   -3.68332e+03
   8.24919e-09   -3.68332e+03
   8.25021e-09   -3.68332e+03
   8.25124e-09   -1.07038e+02
   8.25226e-09   -1.07038e+02
   8.25328e-09   -1.07038e+02
   8.25431e-09   -1.07038e+02
   8.25533e-09   -1.07038e+02
   8.25635e-09   -1.07038e+02
   8.25737e-09   -1.07038e+02
   8.25840e-09   -1.07038e+02
   8.25942e-09   -1.07038e+02
   8.26044e-09   -1.07038e+02
   8.26147e-09   -1.07038e+02
   8.26249e-09   -1.07038e+02
   8.26351e-09   -1.07038e+02
   8.26454e-09   -1.07038e+02
   8.26556e-09   -1.07038e+02
   8.26658e-09   -1.07038e+02
   8.26761e-09   -1.07038e+02
   8.26863e-09   -1.07038e+02
   8.26965e-09   -1.07038e+02
   8.27068e-09   -1.07038e+02
   8.27170e-09   -1.07038e+02
   8.27272e-09   -1.07038e+02
   8.27375e-09   -1.07038e+02
   8.27477e-09   -3.96177e+03
   8.27579e-09   -3.96177e+03
   8.27682e-09   -3.96177e+03
   8.27784e-09   -3.96177e+03
   8.27886e-09   -3.96177e+03
   8.27989e-09   -3.96177e+03
   8.28091e-09   -3.96177e+03
   8.28193e-09   -3.96177e+03
   8.28296e-09   -3.96177e+03
   8.28398e-09   -3.96177e+03
   8.28500e-09   -3.96177e+03
   8.28603e-09   -3.96177e+03
   8.28705e-09   -3.96177e+03
   8.28807e-09   -3.96177e+03
   8.28910e-09   -3.96177e+03
   8.29012e-09   -3.96177e+03
   8.29114e-09   -3.96177e+03
   8.29217e-09   -3.96177e+03
   8.29319e-09   -3.96177e+03
   8.29421e-09   -3.96177e+03
   8.29524e-09   -3.96177e+03
   8.29626e-09   -3.96177e+03
   8.29728e-09   -3.96177e+03
   8.29831e-09   3.83920e+03
   8.29933e-09   3.83920e+03
   8.30035e-09   3.83920e+03
   8.30138e-09   3.83920e+03
   8.30240e-09   3.83920e+03
   8.30342e-09   3.83920e+03
   8.30445e-09   3.83920e+03
   8.30547e-09   3.83920e+03
   8.30649e-09   3.83920e+03
   8.30752e-09   3.83920e+03
   8.30854e-09   3.83920e+03
   8.30956e-09   3.83920e+03
   8.31059e-09   3.83920e+03
   8.31161e-09   3.83920e+03
   8.31263e-09   3.83920e+03
   8.31366e-09   3.83920e+03
   8.31468e-09   3.83920e+03
   8.31570e-09   3.83920e+03
   8.31673e-09   3.83920e+03
   8.31775e-09   3.83920e+03
   8.31877e-09   3.83920e+03
   8.31980e-09   3.83920e+03
   8.32082e-09   3.83920e+03
   8.32184e-09   -6.03107e+03
   8.32287e-09   -6.03107e+03
   8.32389e-09   -6.03107e+03
   8.32491e-09   -6.03107e+03
   8.32594e-09   -6.03107e+03
   8.32696e-09   -6.03107e+03
   8.32798e-09   -6.03107e+03
   8.32901e-09   -6.03107e+03
   8.33003e-09   -6.03107e+03
   8.33105e-09   -6.03107e+03
   8.33208e-09   -6.03107e+03
   8.33310e-09   -6.03107e+03
   8.33413e-09   -6.03107e+03
   8.33515e-09   -6.03107e+03
   8.33617e-09   -6.03107e+03
   8.33720e-09   -6.03107e+03
   8.33822e-09   -6.03107e+03
   8.33924e-09   -6.03107e+03
   8.34027e-09   -6.03107e+03
   8.34129e-09   -6.03107e+03
   8.34231e-09   -6.03107e+03
   8.34334e-09   -6.03107e+03
   8.34436e-09   -6.03107e+03
   8.34538e-09   5.92512e+03
   8.34641e-09   5.92512e+03
   8.34743e-09   5.92512e+03
   8.34846e-09   5.92512e+03
   8.34948e-09   5.92512e+03
   8.35050e-09   5.92512e+03
   8.35153e-09   5.92512e+03
   8.35255e-09   5.92512e+03
   8.35357e-09   5.92512e+03
   8.35460e-09   5.92512e+03
   8.35562e-09   5.92512e+03
   8.35664e-09   5.92512e+03
   8.35767e-09   5.92512e+03
   8.35869e-09   5.92512e+03
   8.35971e-09   5.92512e+03
   8.36074e-09   5.92512e+03
   8.36176e-09   5.92512e+03
   8.36279e-09   5.92512e+03
   8.36381e-09   5.92512e+03
   8.36483e-09   5.92512e+03
   8.36586e-09   5.92512e+03
   8.36688e-09   5.92512e+03
   8.36790e-09   5.92512e+03
   8.36893e-09   -7.85849e+03
   8.36995e-09   -7.85849e+03
   8.37097e-09   -7.85849e+03
   8.37200e-09   -7.85849e+03
   8.37302e-09   -7.85849e+03
   8.37405e-09   -7.85849e+03
   8.37507e-09   -7.85849e+03
   8.37609e-09   -7.85849e+03
   8.37712e-09   -7.85849e+03
   8.37814e-09   -7.85849e+03
   8.37916e-09   -7.85849e+03
   8.38019e-09   -7.85849e+03
   8.38121e-09   -7.85849e+03
   8.38224e-09   -7.85849e+03
   8.38326e-09   -7.85849e+03
   8.38428e-09   -7.85849e+03
   8.38531e-09   -7.85849e+03
   8.38633e-09   -7.85849e+03
   8.38735e-09   -7.85849e+03
   8.38838e-09   -7.85849e+03
   8.38940e-09   -7.85849e+03
   8.39043e-09   -7.85849e+03
   8.39145e-09   -7.85849e+03
   8.39247e-09   7.71833e+03
   8.39350e-09   7.71833e+03
   8.39452e-09   7.71833e+03
   8.39554e-09   7.71833e+03
   8.39657e-09   7.71833e+03
   8.39759e-09   7.71833e+03
   8.39862e-09   7.71833e+03
   8.39964e-09   7.71833e+03
   8.40066e-09   7.71833e+03
   8.40169e-09   7.71833e+03
   8.40271e-09   7.71833e+03
   8.40373e-09   7.71833e+03
   8.40476e-09   7.71833e+03
   8.40578e-09   7.71833e+03
   8.40681e-09   7.71833e+03
   8.40783e-09   7.71833e+03
   8.40885e-09   7.71833e+03
   8.40988e-09   7.71833e+03
   8.41090e-09   7.71833e+03
   8.41193e-09   7.71833e+03
   8.41295e-09   7.71833e+03
   8.41397e-09   7.71833e+03
   8.41500e-09   7.71833e+03
   8.41602e-09   -9.49574e+03
   8.41705e-09   -9.49574e+03
   8.41807e-09   -9.49574e+03
   8.41909e-09   -9.49574e+03
   8.42012e-09   -9.49574e+03
   8.42114e-09   -9.49574e+03
   8.42216e-09   -9.49574e+03
   8.42319e-09   -9.49574e+03
   8.42421e-09   -9.49574e+03
   8.42524e-09   -9.49574e+03
   8.42626e-09   -9.49574e+03
   8.42728e-09   -9.49574e+03
   8.42831e-09   -9.49574e+03
   8.42933e-09   -9.49574e+03
   8.43036e-09   -9.49574e+03
   8.43138e-09   -9.49574e+03
   8.43240e-09   -9.49574e+03
   8.43343e-09   -9.49574e+03
   8.43445e-09   -9.49574e+03
   8.43548e-09   -9.49574e+03
   8.43650e-09   -9.49574e+03
   8.43752e-09   -9.49574e+03
   8.43855e-09   -9.49574e+03
   8.43957e-09   -2.17978e+03
   8.44060e-09   -2.17978e+03
   8.44162e-09   -2.17978e+03
   8.44264e-09   -2.17978e+03
   8.44367e-09   -2.17978e+03
   8.44469e-09   -2.17978e+03
   8.44572e-09   -2.17978e+03
   8.44674e-09   -2.17978e+03
   8.44776e-09   -2.17978e+03
   8.44879e-09   -2.17978e+03
   8.44981e-09   -2.17978e+03
   8.45084e-09   -2.17978e+03
   8.45186e-09   -2.17978e+03
   8.45288e-09   -2.17978e+03
   8.45391e-09   -2.17978e+03
   8.45493e-09   -2.17978e+03
   8.45596e-09   -2.17978e+03
   8.45698e-09   -2.17978e+03
   8.45800e-09   -2.17978e+03
   8.45903e-09   -2.17978e+03
   8.46005e-09   -2.17978e+03
   8.46108e-09   -2.17978e+03
   8.46210e-09   -2.17978e+03
   8.46312e-09   -6.13379e+01
   8.46415e-09   -6.13379e+01
   8.46517e-09   -6.13379e+01
   8.46620e-09   -6.13379e+01
   8.46722e-09   -6.13379e+01
   8.46824e-09   -6.13379e+01
   8.46927e-09   -6.13379e+01
   8.47029e-09   -6.13379e+01
   8.47132e-09   -6.13379e+01
   8.47234e-09   -6.13379e+01
   8.47337e-09   -6.13379e+01
   8.47439e-09   -6.13379e+01
   8.47541e-09   -6.13379e+01
   8.47644e-09   -6.13379e+01
   8.47746e-09   -6.13379e+01
   8.47849e-09   -6.13379e+01
   8.47951e-09   -6.13379e+01
   8.48053e-09   -6.13379e+01
   8.48156e-09   -6.13379e+01
   8.48258e-09   -6.13379e+01
   8.48361e-09   -6.13379e+01
   8.48463e-09   -6.13379e+01
   8.48566e-09   -6.13379e+01
   8.48668e-09   -5.13240e+03
   8.48770e-09   -5.13240e+03
   8.48873e-09   -5.13240e+03
   8.48975e-09   -5.13240e+03
   8.49078e-09   -5.13240e+03
   8.49180e-09   -5.13240e+03
   8.49282e-09   -5.13240e+03
   8.49385e-09   -5.13240e+03
   8.49487e-09   -5.13240e+03
   8.49590e-09   -5.13240e+03
   8.49692e-09   -5.13240e+03
   8.49795e-09   -5.13240e+03
   8.49897e-09   -5.13240e+03
   8.49999e-09   -5.13240e+03
   8.50102e-09   -5.13240e+03
   8.50204e-09   -5.13240e+03
   8.50307e-09   -5.13240e+03
   8.50409e-09   -5.13240e+03
   8.50512e-09   -5.13240e+03
   8.50614e-09   -5.13240e+03
   8.50716e-09   -5.13240e+03
   8.50819e-09   -5.13240e+03
   8.50921e-09   -5.13240e+03
   8.51024e-09   5.00546e+03
   8.51126e-09   5.00546e+03
   8.51229e-09   5.00546e+03
   8.51331e-09   5.00546e+03
   8.51433e-09   5.00546e+03
   8.51536e-09   5.00546e+03
   8.51638e-09   5.00546e+03
   8.51741e-09   5.00546e+03
   8.51843e-09   5.00546e+03
   8.51946e-09   5.00546e+03
   8.52048e-09   5.00546e+03
   8.52150e-09   5.00546e+03
   8.52253e-09   5.00546e+03
   8.52355e-09   5.00546e+03
   8.52458e-09   5.00546e+03
   8.52560e-09   5.00546e+03
   8.52663e-09   5.00546e+03
   8.52765e-09   5.00546e+03
   8.52867e-09   5.00546e+03
   8.52970e-09   5.00546e+03
   8.53072e-09   5.00546e+03
   8.53175e-09   5.00546e+03
   8.53277e-09   5.00546e+03
   8.53380e-09   -7.19240e+03
   8.53482e-09   -7.19240e+03
   8.53585e-09   -7.19240e+03
   8.53687e-09   -7.19240e+03
   8.53789e-09   -7.19240e+03
   8.53892e-09   -7.19240e+03
   8.53994e-09   -7.19240e+03
   8.54097e-09   -7.19240e+03
   8.54199e-09   -7.19240e+03
   8.54302e-09   -7.19240e+03
   8.54404e-09   -7.19240e+03
   8.54507e-09   -7.19240e+03
   8.54609e-09   -7.19240e+03
   8.54711e-09   -7.19240e+03
   8.54814e-09   -7.19240e+03
   8.54916e-09   -7.19240e+03
   8.55019e-09   -7.19240e+03
   8.55121e-09   -7.19240e+03
   8.55224e-09   -7.19240e+03
   8.55326e-09   -7.19240e+03
   8.55429e-09   -7.19240e+03
   8.55531e-09   -7.19240e+03
   8.55633e-09   -7.19240e+03
   8.55736e-09   7.08035e+03
   8.55838e-09   7.08035e+03
   8.55941e-09   7.08035e+03
   8.56043e-09   7.08035e+03
   8.56146e-09   7.08035e+03
   8.56248e-09   7.08035e+03
   8.56351e-09   7.08035e+03
   8.56453e-09   7.08035e+03
   8.56555e-09   7.08035e+03
   8.56658e-09   7.08035e+03
   8.56760e-09   7.08035e+03
   8.56863e-09   7.08035e+03
   8.56965e-09   7.08035e+03
   8.57068e-09   7.08035e+03
   8.57170e-09   7.08035e+03
   8.57273e-09   7.08035e+03
   8.57375e-09   7.08035e+03
   8.57478e-09   7.08035e+03
   8.57580e-09   7.08035e+03
   8.57682e-09   7.08035e+03
   8.57785e-09   7.08035e+03
   8.57887e-09   7.08035e+03
   8.57990e-09   7.08035e+03
   8.58092e-09   -9.00827e+03
   8.58195e-09   -9.00827e+03
   8.58297e-09   -9.00827e+03
   8.58400e-09   -9.00827e+03
   8.58502e-09   -9.00827e+03
   8.58605e-09   -9.00827e+03
   8.58707e-09   -9.00827e+03
   8.58810e-09   -9.00827e+03
   8.58912e-09   -9.00827e+03
   8.59014e-09   -9.00827e+03
   8.59117e-09   -9.00827e+03
   8.59219e-09   -9.00827e+03
   8.59322e-09   -9.00827e+03
   8.59424e-09   -9.00827e+03
   8.59527e-09   -9.00827e+03
   8.59629e-09   -9.00827e+03
   8.59732e-09   -9.00827e+03
   8.59834e-09   -9.00827e+03
   8.59937e-09   -9.00827e+03
   8.60039e-09   -9.00827e+03
   8.60142e-09   -9.00827e+03
   8.60244e-09   -9.00827e+03
   8.60347e-09   -9.00827e+03
   8.60449e-09   -2.69384e+03
   8.60551e-09   -2.69384e+03
   8.60654e-09   -2.69384e+03
   8.60756e-09   -2.69384e+03
   8.60859e-09   -2.69384e+03
   8.60961e-09   -2.69384e+03
   8.61064e-09   -2.69384e+03
   8.61166e-09   -2.69384e+03
   8.61269e-09   -2.69384e+03
   8.61371e-09   -2.69384e+03
   8.61474e-09   -2.69384e+03
   8.61576e-09   -2.69384e+03
   8.61679e-09   -2.69384e+03
   8.61781e-09   -2.69384e+03
   8.61884e-09   -2.69384e+03
   8.61986e-09   -2.69384e+03
   8.62089e-09   -2.69384e+03
   8.62191e-09   -2.69384e+03
   8.62294e-09   -2.69384e+03
   8.62396e-09   -2.69384e+03
   8.62498e-09   -2.69384e+03
   8.62601e-09   -2.69384e+03
   8.62703e-09   -2.69384e+03
   8.62806e-09   -6.81986e+01
   8.62908e-09   -6.81986e+01
   8.63011e-09   -6.81986e+01
   8.63113e-09   -6.81986e+01
   8.63216e-09   -6.81986e+01
   8.63318e-09   -6.81986e+01
   8.63421e-09   -6.81986e+01
   8.63523e-09   -6.81986e+01
   8.63626e-09   -6.81986e+01
   8.63728e-09   -6.81986e+01
   8.63831e-09   -6.81986e+01
   8.63933e-09   -6.81986e+01
   8.64036e-09   -6.81986e+01
   8.64138e-09   -6.81986e+01
   8.64241e-09   -6.81986e+01
   8.64343e-09   -6.81986e+01
   8.64446e-09   -6.81986e+01
   8.64548e-09   -6.81986e+01
   8.64651e-09   -6.81986e+01
   8.64753e-09   -6.81986e+01
   8.64856e-09   -6.81986e+01
   8.64958e-09   -6.81986e+01
   8.65061e-09   -6.81986e+01
   8.65163e-09   -4.55634e+03
   8.65266e-09   -4.55634e+03
   8.65368e-09   -4.55634e+03
   8.65471e-09   -4.55634e+03
   8.65573e-09   -4.55634e+03
   8.65676e-09   -4.55634e+03
   8.65778e-09   -4.55634e+03
   8.65880e-09   -4.55634e+03
   8.65983e-09   -4.55634e+03
   8.66085e-09   -4.55634e+03
   8.66188e-09   -4.55634e+03
   8.66290e-09   -4.55634e+03
   8.66393e-09   -4.55634e+03
   8.66495e-09   -4.55634e+03
   8.66598e-09   -4.55634e+03
   8.66700e-09   -4.55634e+03
   8.66803e-09   -4.55634e+03
   8.66905e-09   -4.55634e+03
   8.67008e-09   -4.55634e+03
   8.67110e-09   -4.55634e+03
   8.67213e-09   -4.55634e+03
   8.67315e-09   -4.55634e+03
   8.67418e-09   -4.55634e+03
   8.67520e-09   4.42792e+03
   8.67623e-09   4.42792e+03
   8.67725e-09   4.42792e+03
   8.67828e-09   4.42792e+03
   8.67930e-09   4.42792e+03
   8.68033e-09   4.42792e+03
   8.68135e-09   4.42792e+03
   8.68238e-09   4.42792e+03
   8.68340e-09   4.42792e+03
   8.68443e-09   4.42792e+03
   8.68545e-09   4.42792e+03
   8.68648e-09   4.42792e+03
   8.68750e-09   4.42792e+03
   8.68853e-09   4.42792e+03
   8.68955e-09   4.42792e+03
   8.69058e-09   4.42792e+03
   8.69160e-09   4.42792e+03
   8.69263e-09   4.42792e+03
   8.69365e-09   4.42792e+03
   8.69468e-09   4.42792e+03
   8.69571e-09   4.42792e+03
   8.69673e-09   4.42792e+03
   8.69776e-09   4.42792e+03
   8.69878e-09   -6.71985e+03
   8.69981e-09   -6.71985e+03
   8.70083e-09   -6.71985e+03
   8.70186e-09   -6.71985e+03
   8.70288e-09   -6.71985e+03
   8.70391e-09   -6.71985e+03
   8.70493e-09   -6.71985e+03
   8.70596e-09   -6.71985e+03
   8.70698e-09   -6.71985e+03
   8.70801e-09   -6.71985e+03
   8.70903e-09   -6.71985e+03
   8.71006e-09   -6.71985e+03
   8.71108e-09   -6.71985e+03
   8.71211e-09   -6.71985e+03
   8.71313e-09   -6.71985e+03
   8.71416e-09   -6.71985e+03
   8.71518e-09   -6.71985e+03
   8.71621e-09   -6.71985e+03
   8.71723e-09   -6.71985e+03
   8.71826e-09   -6.71985e+03
   8.71928e-09   -6.71985e+03
   8.72031e-09   -6.71985e+03
   8.72133e-09   6.60937e+03
   8.72236e-09   6.60937e+03
   8.72338e-09   6.60937e+03
   8.72441e-09   6.60937e+03
   8.72543e-09   6.60937e+03
   8.72646e-09   6.60937e+03
   8.72748e-09   6.60937e+03
   8.72851e-09   6.60937e+03
   8.72954e-09   6.60937e+03
   8.73056e-09   6.60937e+03
   8.73159e-09   6.60937e+03
   8.73261e-09   6.60937e+03
   8.73364e-09   6.60937e+03
   8.73466e-09   6.60937e+03
   8.73569e-09   6.60937e+03
   8.73671e-09   6.60937e+03
   8.73774e-09   6.60937e+03
   8.73876e-09   6.60937e+03
   8.73979e-09   6.60937e+03
   8.74081e-09   6.60937e+03
   8.74184e-09   6.60937e+03
   8.74286e-09   6.60937e+03
   8.74389e-09   6.60937e+03
   8.74491e-09   -8.61346e+03
   8.74594e-09   -8.61346e+03
   8.74696e-09   -8.61346e+03
   8.74799e-09   -8.61346e+03
   8.74902e-09   -8.61346e+03
   8.75004e-09   -8.61346e+03
   8.75107e-09   -8.61346e+03
   8.75209e-09   -8.61346e+03
   8.75312e-09   -8.61346e+03
   8.75414e-09   -8.61346e+03
   8.75517e-09   -8.61346e+03
   8.75619e-09   -8.61346e+03
   8.75722e-09   -8.61346e+03
   8.75824e-09   -8.61346e+03
   8.75927e-09   -8.61346e+03
   8.76029e-09   -8.61346e+03
   8.76132e-09   -8.61346e+03
   8.76234e-09   -8.61346e+03
   8.76337e-09   -8.61346e+03
   8.76440e-09   -8.61346e+03
   8.76542e-09   -8.61346e+03
   8.76645e-09   -8.61346e+03
   8.76747e-09   -8.61346e+03
   8.76850e-09   -3.07449e+03
   8.76952e-09   -3.07449e+03
   8.77055e-09   -3.07449e+03
   8.77157e-09   -3.07449e+03
   8.77260e-09   -3.07449e+03
   8.77362e-09   -3.07449e+03
   8.77465e-09   -3.07449e+03
   8.77567e-09   -3.07449e+03
   8.77670e-09   -3.07449e+03
   8.77773e-09   -3.07449e+03
   8.77875e-09   -3.07449e+03
   8.77978e-09   -3.07449e+03
   8.78080e-09   -3.07449e+03
   8.78183e-09   -3.07449e+03
   8.78285e-09   -3.07449e+03
   8.78388e-09   -3.07449e+03
   8.78490e-09   -3.07449e+03
   8.78593e-09   -3.07449e+03
   8.78695e-09   -3.07449e+03
   8.78798e-09   -3.07449e+03
   8.78901e-09   -3.07449e+03
   8.79003e-09   -3.07449e+03
   8.79106e-09   -3.07449e+03
   8.79208e-09   -7.72839e+01
   8.79311e-09   -7.72839e+01
   8.79413e-09   -7.72839e+01
   8.79516e-09   -7.72839e+01
   8.79618e-09   -7.72839e+01
   8.79721e-09   -7.72839e+01
   8.79823e-09   -7.72839e+01
   8.79926e-09   -7.72839e+01
   8.80029e-09   -7.72839e+01
   8.80131e-09   -7.72839e+01
   8.80234e-09   -7.72839e+01
   8.80336e-09   -7.72839e+01
   8.80439e-09   -7.72839e+01
   8.80541e-09   -7.72839e+01
   8.80644e-09   -7.72839e+01
   8.80746e-09   -7.72839e+01
   8.80849e-09   -7.72839e+01
   8.80952e-09   -7.72839e+01
   8.81054e-09   -7.72839e+01
   8.81157e-09   -7.72839e+01
   8.81259e-09   -7.72839e+01
   8.81362e-09   -7.72839e+01
   8.81464e-09   -7.72839e+01
   8.81567e-09   -4.03443e+03
   8.81669e-09   -4.03443e+03
   8.81772e-09   -4.03443e+03
   8.81875e-09   -4.03443e+03
   8.81977e-09   -4.03443e+03
   8.82080e-09   -4.03443e+03
   8.82182e-09   -4.03443e+03
   8.82285e-09   -4.03443e+03
   8.82387e-09   -4.03443e+03
   8.82490e-09   -4.03443e+03
   8.82593e-09   -4.03443e+03
   8.82695e-09   -4.03443e+03
   8.82798e-09   -4.03443e+03
   8.82900e-09   -4.03443e+03
   8.83003e-09   -4.03443e+03
   8.83105e-09   -4.03443e+03
   8.83208e-09   -4.03443e+03
   8.83310e-09   -4.03443e+03
   8.83413e-09   -4.03443e+03
   8.83516e-09   -4.03443e+03
   8.83618e-09   -4.03443e+03
   8.83721e-09   -4.03443e+03
   8.83823e-09   -4.03443e+03
   8.83926e-09   3.90318e+03
   8.84028e-09   3.90318e+03
   8.84131e-09   3.90318e+03
   8.84234e-09   3.90318e+03
   8.84336e-09   3.90318e+03
   8.84439e-09   3.90318e+03
   8.84541e-09   3.90318e+03
   8.84644e-09   3.90318e+03
   8.84746e-09   3.90318e+03
   8.84849e-09   3.90318e+03
   8.84952e-09   3.90318e+03
   8.85054e-09   3.90318e+03
   8.85157e-09   3.90318e+03
   8.85259e-09   3.90318e+03
   8.85362e-09   3.90318e+03
   8.85464e-09   3.90318e+03
   8.85567e-09   3.90318e+03
   8.85670e-09   3.90318e+03
   8.85772e-09   3.90318e+03
   8.85875e-09   3.90318e+03
   8.85977e-09   3.90318e+03
   8.86080e-09   3.90318e+03
   8.86182e-09   3.90318e+03
   8.86285e-09   -6.28823e+03
   8.86388e-09   -6.28823e+03
   8.86490e-09   -6.28823e+03
   8.86593e-09   -6.28823e+03
   8.86695e-09   -6.28823e+03
   8.86798e-09   -6.28823e+03
   8.86901e-09   -6.28823e+03
   8.87003e-09   -6.28823e+03
   8.87106e-09   -6.28823e+03
   8.87208e-09   -6.28823e+03
   8.87311e-09   -6.28823e+03
   8.87413e-09   -6.28823e+03
   8.87516e-09   -6.28823e+03
   8.87619e-09   -6.28823e+03
   8.87721e-09   -6.28823e+03
   8.87824e-09   -6.28823e+03
   8.87926e-09   -6.28823e+03
   8.88029e-09   -6.28823e+03
   8.88132e-09   -6.28823e+03
   8.88234e-09   -6.28823e+03
   8.88337e-09   -6.28823e+03
   8.88439e-09   -6.28823e+03
   8.88542e-09   -6.28823e+03
   8.88644e-09   6.17501e+03
   8.88747e-09   6.17501e+03
   8.88850e-09   6.17501e+03
   8.88952e-09   6.17501e+03
   8.89055e-09   6.17501e+03
   8.89157e-09   6.17501e+03
   8.89260e-09   6.17501e+03
   8.89363e-09   6.17501e+03
   8.89465e-09   6.17501e+03
   8.89568e-09   6.17501e+03
   8.89670e-09   6.17501e+03
   8.89773e-09   6.17501e+03
   8.89876e-09   6.17501e+03
   8.89978e-09   6.17501e+03
   8.90081e-09   6.17501e+03
   8.90183e-09   6.17501e+03
   8.90286e-09   6.17501e+03
   8.90388e-09   6.17501e+03
   8.90491e-09   6.17501e+03
   8.90594e-09   6.17501e+03
   8.90696e-09   6.17501e+03
   8.90799e-09   6.17501e+03
   8.90901e-09   6.17501e+03
   8.91004e-09   -8.23437e+03
   8.91107e-09   -8.23437e+03
   8.91209e-09   -8.23437e+03
   8.91312e-09   -8.23437e+03
   8.91414e-09   -8.23437e+03
   8.91517e-09   -8.23437e+03
   8.91620e-09   -8.23437e+03
   8.91722e-09   -8.23437e+03
   8.91825e-09   -8.23437e+03
   8.91927e-09   -8.23437e+03
   8.92030e-09   -8.23437e+03
   8.92133e-09   -8.23437e+03
   8.92235e-09   -8.23437e+03
   8.92338e-09   -8.23437e+03
   8.92440e-09   -8.23437e+03
   8.92543e-09   -8.23437e+03
   8.92646e-09   -8.23437e+03
   8.92748e-09   -8.23437e+03
   8.92851e-09   -8.23437e+03
   8.92953e-09   -8.23437e+03
   8.93056e-09   -8.23437e+03
   8.93159e-09   -8.23437e+03
   8.93261e-09   -8.23437e+03
   8.93364e-09   -3.34131e+03
   8.93467e-09   -3.34131e+03
   8.93569e-09   -3.34131e+03
   8.93672e-09   -3.34131e+03
   8.93774e-09   -3.34131e+03
   8.93877e-09   -3.34131e+03
   8.93980e-09   -3.34131e+03
   8.94082e-09   -3.34131e+03
   8.94185e-09   -3.34131e+03
   8.94287e-09   -3.34131e+03
   8.94390e-09   -3.34131e+03
   8.94493e-09   -3.34131e+03
   8.94595e-09   -3.34131e+03
   8.94698e-09   -3.34131e+03
   8.94800e-09   -3.34131e+03
   8.94903e-09   -3.34131e+03
   8.95006e-09   -3.34131e+03
   8.95108e-09   -3.34131e+03
   8.95211e-09   -3.34131e+03
   8.95314e-09   -3.34131e+03
   8.95416e-09   -3.34131e+03
   8.95519e-09   -3.34131e+03
   8.95621e-09   -3.34131e+03
   8.95724e-09   -1.76010e+02
   8.95827e-09   -1.76010e+02
   8.95929e-09   -1.76010e+02
   8.96032e-09   -1.76010e+02
   8.96134e-09   -1.76010e+02
   8.96237e-09   -1.76010e+02
   8.96340e-09   -1.76010e+02
   8.96442e-09   -1.76010e+02
   8.96545e-09   -1.76010e+02
   8.96648e-09   -1.76010e+02
   8.96750e-09   -1.76010e+02
   8.96853e-09   -1.76010e+02
   8.96955e-09   -1.76010e+02
   8.97058e-09   -1.76010e+02
   8.97161e-09   -1.76010e+02
   8.97263e-09   -1.76010e+02
   8.97366e-09   -1.76010e+02
   8.97469e-09   -1.76010e+02
   8.97571e-09   -1.76010e+02
   8.97674e-09   -1.76010e+02
   8.97776e-09   -1.76010e+02
   8.97879e-09   -1.76010e+02
   8.97982e-09   -1.76010e+02
   8.98084e-09   -3.52068e+03
   8.98187e-09   -3.52068e+03
   8.98290e-09   -3.52068e+03
   8.98392e-09   -3.52068e+03
   8.98495e-09   -3.52068e+03
   8.98597e-09   -3.52068e+03
   8.98700e-09   -3.52068e+03
   8.98803e-09   -3.52068e+03
   8.98905e-09   -3.52068e+03
   8.99008e-09   -3.52068e+03
   8.99111e-09   -3.52068e+03
   8.99213e-09   -3.52068e+03
   8.99316e-09   -3.52068e+03
   8.99418e-09   -3.52068e+03
   8.99521e-09   -3.52068e+03
   8.99624e-09   -3.52068e+03
   8.99726e-09   -3.52068e+03
   8.99829e-09   -3.52068e+03
   8.99932e-09   -3.52068e+03
   9.00034e-09   -3.52068e+03
   9.00137e-09   -3.52068e+03
   9.00239e-09   -3.52068e+03
   9.00342e-09   -3.52068e+03
   9.00445e-09   3.38486e+03
   9.00547e-09   3.38486e+03
   9.00650e-09   3.38486e+03
   9.00753e-09   3.38486e+03
   9.00855e-09   3.38486e+03
   9.00958e-09   3.38486e+03
   9.01061e-09   3.38486e+03
   9.01163e-09   3.38486e+03
   9.01266e-09   3.38486e+03
   9.01368e-09   3.38486e+03
   9.01471e-09   3.38486e+03
   9.01574e-09   3.38486e+03
   9.01676e-09   3.38486e+03
   9.01779e-09   3.38486e+03
   9.01882e-09   3.38486e+03
   9.01984e-09   3.38486e+03
   9.02087e-09   3.38486e+03
   9.02190e-09   3.38486e+03
   9.02292e-09   3.38486e+03
   9.02395e-09   3.38486e+03
   9.02498e-09   3.38486e+03
   9.02600e-09   3.38486e+03
   9.02703e-09   3.38486e+03
   9.02805e-09   -5.84088e+03
   9.02908e-09   -5.84088e+03
   9.03011e-09   -5.84088e+03
   9.03113e-09   -5.84088e+03
   9.03216e-09   -5.84088e+03
   9.03319e-09   -5.84088e+03
   9.03421e-09   -5.84088e+03
   9.03524e-09   -5.84088e+03
   9.03627e-09   -5.84088e+03
   9.03729e-09   -5.84088e+03
   9.03832e-09   -5.84088e+03
   9.03935e-09   -5.84088e+03
   9.04037e-09   -5.84088e+03
   9.04140e-09   -5.84088e+03
   9.04243e-09   -5.84088e+03
   9.04345e-09   -5.84088e+03
   9.04448e-09   -5.84088e+03
   9.04550e-09   -5.84088e+03
   9.04653e-09   -5.84088e+03
   9.04756e-09   -5.84088e+03
   9.04858e-09   -5.84088e+03
   9.04961e-09   -5.84088e+03
   9.05064e-09   -5.84088e+03
   9.05166e-09   5.72457e+03
   9.05269e-09   5.72457e+03
   9.05372e-09   5.72457e+03
   9.05474e-09   5.72457e+03
   9.05577e-09   5.72457e+03
   9.05680e-09   5.72457e+03
   9.05782e-09   5.72457e+03
   9.05885e-09   5.72457e+03
   9.05988e-09   5.72457e+03
   9.06090e-09   5.72457e+03
   9.06193e-09   5.72457e+03
   9.06296e-09   5.72457e+03
   9.06398e-09   5.72457e+03
   9.06501e-09   5.72457e+03
   9.06604e-09   5.72457e+03
   9.06706e-09   5.72457e+03
   9.06809e-09   5.72457e+03
   9.06912e-09   5.72457e+03
   9.07014e-09   5.72457e+03
   9.07117e-09   5.72457e+03
   9.07220e-09   5.72457e+03
   9.07322e-09   5.72457e+03
   9.07425e-09   5.72457e+03
   9.07528e-09   -7.83528e+03
   9.07630e-09   -7.83528e+03
   9.07733e-09   -7.83528e+03
   9.07836e-09   -7.83528e+03
   9.07938e-09   -7.83528e+03
   9.08041e-09   -7.83528e+03
   9.08144e-09   -7.83528e+03
   9.08246e-09   -7.83528e+03
   9.08349e-09   -7.83528e+03
   9.08452e-09   -7.83528e+03
   9.08554e-09   -7.83528e+03
   9.08657e-09   -7.83528e+03
   9.08760e-09   -7.83528e+03
   9.08862e-09   -7.83528e+03
   9.08965e-09   -7.83528e+03
   9.09068e-09   -7.83528e+03
   9.09170e-09   -7.83528e+03
   9.09273e-09   -7.83528e+03
   9.09376e-09   -7.83528e+03
   9.09478e-09   -7.83528e+03
   9.09581e-09   -7.83528e+03
   9.09684e-09   -7.83528e+03
   9.09786e-09   -7.83528e+03
   9.09889e-09   7.67679e+03
   9.09992e-09   7.67679e+03
   9.10094e-09   7.67679e+03
   9.10197e-09   7.67679e+03
   9.10300e-09   7.67679e+03
   9.10402e-09   7.67679e+03
   9.10505e-09   7.67679e+03
   9.10608e-09   7.67679e+03
   9.10710e-09   7.67679e+03
   9.10813e-09   7.67679e+03
   9.10916e-09   7.67679e+03
   9.11018e-09   7.67679e+03
   9.11121e-09   7.67679e+03
   9.11224e-09   7.67679e+03
   9.11326e-09   7.67679e+03
   9.11429e-09   7.67679e+03
   9.11532e-09   7.67679e+03
   9.11634e-09   7.67679e+03
   9.11737e-09   7.67679e+03
   9.11840e-09   7.67679e+03
   9.11942e-09   7.67679e+03
   9.12045e-09   7.67679e+03
   9.12148e-09   7.67679e+03
   9.12251e-09   -9.57857e+03
   9.12353e-09   -9.57857e+03
   9.12456e-09   -9.57857e+03
   9.12559e-09   -9.57857e+03
   9.12661e-09   -9.57857e+03
   9.12764e-09   -9.57857e+03
   9.12867e-09   -9.57857e+03
   9.12969e-09   -9.57857e+03
   9.13072e-09   -9.57857e+03
   9.13175e-09   -9.57857e+03
   9.13277e-09   -9.57857e+03
   9.13380e-09   -9.57857e+03
   9.13483e-09   -9.57857e+03
   9.13585e-09   -9.57857e+03
   9.13688e-09   -9.57857e+03
   9.13791e-09   -9.57857e+03
   9.13893e-09   -9.57857e+03
   9.13996e-09   -9.57857e+03
   9.14099e-09   -9.57857e+03
   9.14202e-09   -9.57857e+03
   9.14304e-09   -9.57857e+03
   9.14407e-09   -9.57857e+03
   9.14510e-09   -9.57857e+03
   9.14612e-09   -2.00516e+03
   9.14715e-09   -2.00516e+03
   9.14818e-09   -2.00516e+03
   9.14920e-09   -2.00516e+03
   9.15023e-09   -2.00516e+03
   9.15126e-09   -2.00516e+03
   9.15228e-09   -2.00516e+03
   9.15331e-09   -2.00516e+03
   9.15434e-09   -2.00516e+03
   9.15537e-09   -2.00516e+03
   9.15639e-09   -2.00516e+03
   9.15742e-09   -2.00516e+03
   9.15845e-09   -2.00516e+03
   9.15947e-09   -2.00516e+03
   9.16050e-09   -2.00516e+03
   9.16153e-09   -2.00516e+03
   9.16255e-09   -2.00516e+03
   9.16358e-09   -2.00516e+03
   9.16461e-09   -2.00516e+03
   9.16564e-09   -2.00516e+03
   9.16666e-09   -2.00516e+03
   9.16769e-09   -2.00516e+03
   9.16872e-09   -2.00516e+03
   9.16974e-09   -7.48315e+01
   9.17077e-09   -7.48315e+01
   9.17180e-09   -7.48315e+01
   9.17282e-09   -7.48315e+01
   9.17385e-09   -7.48315e+01
   9.17488e-09   -7.48315e+01
   9.17591e-09   -7.48315e+01
   9.17693e-09   -7.48315e+01
   9.17796e-09   -7.48315e+01
   9.17899e-09   -7.48315e+01
   9.18001e-09   -7.48315e+01
   9.18104e-09   -7.48315e+01
   9.18207e-09   -7.48315e+01
   9.18309e-09   -7.48315e+01
   9.18412e-09   -7.48315e+01
   9.18515e-09   -7.48315e+01
   9.18618e-09   -7.48315e+01
   9.18720e-09   -7.48315e+01
   9.18823e-09   -7.48315e+01
   9.18926e-09   -7.48315e+01
   9.19028e-09   -7.48315e+01
   9.19131e-09   -7.48315e+01
   9.19234e-09   -7.48315e+01
   9.19337e-09   -4.53794e+03
   9.19439e-09   -4.53794e+03
   9.19542e-09   -4.53794e+03
   9.19645e-09   -4.53794e+03
   9.19747e-09   -4.53794e+03
   9.19850e-09   -4.53794e+03
   9.19953e-09   -4.53794e+03
   9.20056e-09   -4.53794e+03
   9.20158e-09   -4.53794e+03
   9.20261e-09   -4.53794e+03
   9.20364e-09   -4.53794e+03
   9.20466e-09   -4.53794e+03
   9.20569e-09   -4.53794e+03
   9.20672e-09   -4.53794e+03
   9.20775e-09   -4.53794e+03
   9.20877e-09   -4.53794e+03
   9.20980e-09   -4.53794e+03
   9.21083e-09   -4.53794e+03
   9.21185e-09   -4.53794e+03
   9.21288e-09   -4.53794e+03
   9.21391e-09   -4.53794e+03
   9.21494e-09   -4.53794e+03
   9.21596e-09   -4.53794e+03
   9.21699e-09   4.39657e+03
   9.21802e-09   4.39657e+03
   9.21904e-09   4.39657e+03
   9.22007e-09   4.39657e+03
   9.22110e-09   4.39657e+03
   9.22213e-09   4.39657e+03
   9.22315e-09   4.39657e+03
   9.22418e-09   4.39657e+03
   9.22521e-09   4.39657e+03
   9.22623e-09   4.39657e+03
   9.22726e-09   4.39657e+03
   9.22829e-09   4.39657e+03
   9.22932e-09   4.39657e+03
   9.23034e-09   4.39657e+03
   9.23137e-09   4.39657e+03
   9.23240e-09   4.39657e+03
   9.23343e-09   4.39657e+03
   9.23445e-09   4.39657e+03
   9.23548e-09   4.39657e+03
   9.23651e-09   4.39657e+03
   9.23753e-09   4.39657e+03
   9.23856e-09   4.39657e+03
   9.23959e-09   4.39657e+03
   9.24062e-09   -6.83177e+03
   9.24164e-09   -6.83177e+03
   9.24267e-09   -6.83177e+03
   9.24370e-09   -6.83177e+03
   9.24473e-09   -6.83177e+03
   9.24575e-09   -6.83177e+03
   9.24678e-09   -6.83177e+03
   9.24781e-09   -6.83177e+03
   9.24883e-09   -6.83177e+03
   9.24986e-09   -6.83177e+03
   9.25089e-09   -6.83177e+03
   9.25192e-09   -6.83177e+03
   9.25294e-09   -6.83177e+03
   9.25397e-09   -6.83177e+03
   9.25500e-09   -6.83177e+03
   9.25603e-09   -6.83177e+03
   9.25705e-09   -6.83177e+03
   9.25808e-09   -6.83177e+03
   9.25911e-09   -6.83177e+03
   9.26014e-09   -6.83177e+03
   9.26116e-09   -6.83177e+03
   9.26219e-09   -6.83177e+03
   9.26322e-09   -6.83177e+03
   9.26424e-09   6.71307e+03
   9.26527e-09   6.71307e+03
   9.26630e-09   6.71307e+03
   9.26733e-09   6.71307e+03
   9.26835e-09   6.71307e+03
   9.26938e-09   6.71307e+03
   9.27041e-09   6.71307e+03
   9.27144e-09   6.71307e+03
   9.27246e-09   6.71307e+03
   9.27349e-09   6.71307e+03
   9.27452e-09   6.71307e+03
   9.27555e-09   6.71307e+03
   9.27657e-09   6.71307e+03
   9.27760e-09   6.71307e+03
   9.27863e-09   6.71307e+03
   9.27966e-09   6.71307e+03
   9.28068e-09   6.71307e+03
   9.28171e-09   6.71307e+03
   9.28274e-09   6.71307e+03
   9.28377e-09   6.71307e+03
   9.28479e-09   6.71307e+03
   9.28582e-09   6.71307e+03
   9.28685e-09   6.71307e+03
   9.28788e-09   -8.79905e+03
   9.28890e-09   -8.79905e+03
   9.28993e-09   -8.79905e+03
   9.29096e-09   -8.79905e+03
   9.29199e-09   -8.79905e+03
   9.29301e-09   -8.79905e+03
   9.29404e-09   -8.79905e+03
   9.29507e-09   -8.79905e+03
   9.29609e-09   -8.79905e+03
   9.29712e-09   -8.79905e+03
   9.29815e-09   -8.79905e+03
   9.29918e-09   -8.79905e+03
   9.30020e-09   -8.79905e+03
   9.30123e-09   -8.79905e+03
   9.30226e-09   -8.79905e+03
   9.30329e-09   -8.79905e+03
   9.30432e-09   -8.79905e+03
   9.30534e-09   -8.79905e+03
   9.30637e-09   -8.79905e+03
   9.30740e-09   -8.79905e+03
   9.30843e-09   -8.79905e+03
   9.30945e-09   -8.79905e+03
   9.31048e-09   -8.79905e+03
   9.31151e-09   -2.80020e+03
   9.31254e-09   -2.80020e+03
   9.31356e-09   -2.80020e+03
   9.31459e-09   -2.80020e+03
   9.31562e-09   -2.80020e+03
   9.31665e-09   -2.80020e+03
   9.31767e-09   -2.80020e+03
   9.31870e-09   -2.80020e+03
   9.31973e-09   -2.80020e+03
   9.32076e-09   -2.80020e+03
   9.32178e-09   -2.80020e+03
   9.32281e-09   -2.80020e+03
   9.32384e-09   -2.80020e+03
   9.32487e-09   -2.80020e+03
   9.32589e-09   -2.80020e+03
   9.32692e-09   -2.80020e+03
   9.32795e-09   -2.80020e+03
   9.32898e-09   -2.80020e+03
   9.33000e-09   -2.80020e+03
   9.33103e-09   -2.80020e+03
   9.33206e-09   -2.80020e+03
   9.33309e-09   -2.80020e+03
   9.33411e-09   -2.80020e+03
   9.33514e-09   -1.03773e+02
   9.33617e-09   -1.03773e+02
   9.33720e-09   -1.03773e+02
   9.33823e-09   -1.03773e+02
   9.33925e-09   -1.03773e+02
   9.34028e-09   -1.03773e+02
   9.34131e-09   -1.03773e+02
   9.34234e-09   -1.03773e+02
   9.34336e-09   -1.03773e+02
   9.34439e-09   -1.03773e+02
   9.34542e-09   -1.03773e+02
   9.34645e-09   -1.03773e+02
   9.34747e-09   -1.03773e+02
   9.34850e-09   -1.03773e+02
   9.34953e-09   -1.03773e+02
   9.35056e-09   -1.03773e+02
   9.35159e-09   -1.03773e+02
   9.35261e-09   -1.03773e+02
   9.35364e-09   -1.03773e+02
   9.35467e-09   -1.03773e+02
   9.35570e-09   -1.03773e+02
   9.35672e-09   -1.03773e+02
   9.35775e-09   -1.03773e+02
   9.35878e-09   -3.72281e+03
   9.35981e-09   -3.72281e+03
   9.36083e-09   -3.72281e+03
   9.36186e-09   -3.72281e+03
   9.36289e-09   -3.72281e+03
   9.36392e-09   -3.72281e+03
   9.36495e-09   -3.72281e+03
   9.36597e-09   -3.72281e+03
   9.36700e-09   -3.72281e+03
   9.36803e-09   -3.72281e+03
   9.36906e-09   -3.72281e+03
   9.37008e-09   -3.72281e+03
   9.37108e-09   -3.72281e+03
   9.37208e-09   -3.72281e+03
   9.37308e-09   -3.72281e+03
   9.37408e-09   -3.72281e+03
   9.37508e-09   -3.72281e+03
   9.37608e-09   -3.72281e+03
   9.37708e-09   -3.72281e+03
   9.37808e-09   -3.72281e+03
   9.37908e-09   -3.72281e+03
   9.38008e-09   -3.72281e+03
   9.38108e-09   -3.72281e+03
   9.38208e-09   3.57263e+03
   9.38308e-09   3.57263e+03
   9.38409e-09   3.57263e+03
   9.38509e-09   3.57263e+03
   9.38609e-09   3.57263e+03
   9.38709e-09   3.57263e+03
   9.38809e-09   3.57263e+03
   9.38909e-09   3.57263e+03
   9.39009e-09   3.57263e+03
   9.39109e-09   3.57263e+03
   9.39209e-09   3.57263e+03
   9.39309e-09   3.57263e+03
   9.39409e-09   3.57263e+03
   9.39509e-09   3.57263e+03
   9.39609e-09   3.57263e+03
   9.39709e-09   3.57263e+03
   9.39809e-09   3.57263e+03
   9.39909e-09   3.57263e+03
   9.40009e-09   3.57263e+03
   9.40109e-09   3.57263e+03
   9.40209e-09   3.57263e+03
   9.40309e-09   3.57263e+03
   9.40409e-09   3.57263e+03
   9.40509e-09   3.57263e+03
   9.40609e-09   -6.08438e+03
   9.40709e-09   -6.08438e+03
   9.40809e-09   -6.08438e+03
   9.40909e-09   -6.08438e+03
   9.41009e-09   -6.08438e+03
   9.41109e-09   -6.08438e+03
   9.41209e-09   -6.08438e+03
   9.41309e-09   -6.08438e+03
   9.41409e-09   -6.08438e+03
   9.41509e-09   -6.08438e+03
   9.41609e-09   -6.08438e+03
   9.41709e-09   -6.08438e+03
   9.41809e-09   -6.08438e+03
   9.41909e-09   -6.08438e+03
   9.42009e-09   -6.08438e+03
   9.42109e-09   -6.08438e+03
   9.42209e-09   -6.08438e+03
   9.42309e-09   -6.08438e+03
   9.42409e-09   -6.08438e+03
   9.42509e-09   -6.08438e+03
   9.42609e-09   -6.08438e+03
   9.42709e-09   -6.08438e+03
   9.42809e-09   -6.08438e+03
   9.42909e-09   5.95877e+03
   9.43009e-09   5.95877e+03
   9.43109e-09   5.95877e+03
   9.43209e-09   5.95877e+03
   9.43309e-09   5.95877e+03
   9.43409e-09   5.95877e+03
   9.43509e-09   5.95877e+03
   9.43609e-09   5.95877e+03
   9.43709e-09   5.95877e+03
   9.43809e-09   5.95877e+03
   9.43909e-09   5.95877e+03
   9.44009e-09   5.95877e+03
   9.44109e-09   5.95877e+03
   9.44209e-09   5.95877e+03
   9.44309e-09   5.95877e+03
   9.44409e-09   5.95877e+03
   9.44509e-09   5.95877e+03
   9.44610e-09   5.95877e+03
   9.44710e-09   5.95877e+03
   9.44810e-09   5.95877e+03
   9.44910e-09   5.95877e+03
   9.45010e-09   5.95877e+03
   9.45110e-09   5.95877e+03
   9.45210e-09   5.95877e+03
   9.45310e-09   -8.08684e+03
   9.45410e-09   -8.08684e+03
   9.45510e-09   -8.08684e+03
   9.45610e-09   -8.08684e+03
   9.45710e-09   -8.08684e+03
   9.45810e-09   -8.08684e+03
   9.45910e-09   -8.08684e+03
   9.46010e-09   -8.08684e+03
   9.46110e-09   -8.08684e+03
   9.46210e-09   -8.08684e+03
   9.46310e-09   -8.08684e+03
   9.46410e-09   -8.08684e+03
   9.46510e-09   -8.08684e+03
   9.46610e-09   -8.08684e+03
   9.46710e-09   -8.08684e+03
   9.46810e-09   -8.08684e+03
   9.46910e-09   -8.08684e+03
   9.47010e-09   -8.08684e+03
   9.47110e-09   -8.08684e+03
   9.47210e-09   -8.08684e+03
   9.47310e-09   -8.08684e+03
   9.47410e-09   -8.08684e+03
   9.47510e-09   -8.08684e+03
   9.47611e-09   7.87187e+03
   9.47711e-09   7.87187e+03
   9.47811e-09   7.87187e+03
   9.47911e-09   7.87187e+03
   9.48011e-09   7.87187e+03
   9.48111e-09   7.87187e+03
   9.48211e-09   7.87187e+03
   9.48311e-09   7.87187e+03
   9.48411e-09   7.87187e+03
   9.48511e-09   7.87187e+03
   9.48611e-09   7.87187e+03
   9.48711e-09   7.87187e+03
   9.48811e-09   7.87187e+03
   9.48911e-09   7.87187e+03
   9.49011e-09   7.87187e+03
   9.49111e-09   7.87187e+03
   9.49211e-09   7.87187e+03
   9.49311e-09   7.87187e+03
   9.49411e-09   7.87187e+03
   9.49511e-09   7.87187e+03
   9.49611e-09   7.87187e+03
   9.49711e-09   7.87187e+03
   9.49811e-09   7.87187e+03
   9.49912e-09   7.87187e+03
   9.50012e-09   -9.77318e+03
   9.50112e-09   -9.77318e+03
   9.50212e-09   -9.77318e+03
   9.50312e-09   -9.77318e+03
   9.50412e-09   -9.77318e+03
   9.50512e-09   -9.77318e+03
   9.50612e-09   -9.77318e+03
   9.50712e-09   -9.77318e+03
   9.50812e-09   -9.77318e+03
   9.50912e-09   -9.77318e+03
   9.51012e-09   -9.77318e+03
   9.51112e-09   -9.77318e+03
   9.51212e-09   -9.77318e+03
   9.51312e-09   -9.77318e+03
   9.51412e-09   -9.77318e+03
   9.51512e-09   -9.77318e+03
   9.51612e-09   -9.77318e+03
   9.51712e-09   -9.77318e+03
   9.51812e-09   -9.77318e+03
   9.51913e-09   -9.77318e+03
   9.52013e-09   -9.77318e+03
   9.52113e-09   -9.77318e+03
   9.52213e-09   -9.77318e+03
   9.52313e-09   -9.77318e+03
   9.52413e-09   -1.69603e+03
   9.52513e-09   -1.69603e+03
   9.52613e-09   -1.69603e+03
   9.52713e-09   -1.69603e+03
   9.52813e-09   -1.69603e+03
   9.52913e-09   -1.69603e+03
   9.53013e-09   -1.69603e+03
   9.53113e-09   -1.69603e+03
   9.53213e-09   -1.69603e+03
   9.53313e-09   -1.69603e+03
   9.53413e-09   -1.69603e+03
   9.53513e-09   -1.69603e+03
   9.53613e-09   -1.69603e+03
   9.53714e-09   -1.69603e+03
   9.53814e-09   -1.69603e+03
   9.53914e-09   -1.69603e+03
   9.54014e-09   -1.69603e+03
   9.54114e-09   -1.69603e+03
   9.54214e-09   -1.69603e+03
   9.54314e-09   -1.69603e+03
   9.54414e-09   -1.69603e+03
   9.54514e-09   -1.69603e+03
   9.54614e-09   -1.69603e+03
   9.54714e-09   -8.57225e+01
   9.54814e-09   -8.57225e+01
   9.54914e-09   -8.57225e+01
   9.55014e-09   -8.57225e+01
   9.55114e-09   -8.57225e+01
   9.55215e-09   -8.57225e+01
   9.55315e-09   -8.57225e+01
   9.55415e-09   -8.57225e+01
   9.55515e-09   -8.57225e+01
   9.55615e-09   -8.57225e+01
   9.55715e-09   -8.57225e+01
   9.55815e-09   -8.57225e+01
   9.55915e-09   -8.57225e+01
   9.56015e-09   -8.57225e+01
   9.56115e-09   -8.57225e+01
   9.56215e-09   -8.57225e+01
   9.56315e-09   -8.57225e+01
   9.56415e-09   -8.57225e+01
   9.56515e-09   -8.57225e+01
   9.56615e-09   -8.57225e+01
   9.56716e-09   -8.57225e+01
   9.56816e-09   -8.57225e+01
   9.56916e-09   -8.57225e+01
   9.57016e-09   -8.57225e+01
   9.57116e-09   -4.47897e+03
   9.57216e-09   -4.47897e+03
   9.57316e-09   -4.47897e+03
   9.57416e-09   -4.47897e+03
   9.57516e-09   -4.47897e+03
   9.57616e-09   -4.47897e+03
   9.57716e-09   -4.47897e+03
   9.57816e-09   -4.47897e+03
   9.57916e-09   -4.47897e+03
   9.58016e-09   -4.47897e+03
   9.58117e-09   -4.47897e+03
   9.58217e-09   -4.47897e+03
   9.58317e-09   -4.47897e+03
   9.58417e-09   -4.47897e+03
   9.58517e-09   -4.47897e+03
   9.58617e-09   -4.47897e+03
   9.58717e-09   -4.47897e+03
   9.58817e-09   -4.47897e+03
   9.58917e-09   -4.47897e+03
   9.59017e-09   -4.47897e+03
   9.59117e-09   -4.47897e+03
   9.59217e-09   -4.47897e+03
   9.59318e-09   -4.47897e+03
   9.59418e-09   -4.47897e+03
   9.59518e-09   4.31980e+03
   9.59618e-09   4.31980e+03
   9.59718e-09   4.31980e+03
   9.59818e-09   4.31980e+03
   9.59918e-09   4.31980e+03
   9.60018e-09   4.31980e+03
   9.60118e-09   4.31980e+03
   9.60218e-09   4.31980e+03
   9.60318e-09   4.31980e+03
   9.60418e-09   4.31980e+03
   9.60519e-09   4.31980e+03
   9.60619e-09   4.31980e+03
   9.60719e-09   4.31980e+03
   9.60819e-09   4.31980e+03
   9.60919e-09   4.31980e+03
   9.61019e-09   4.31980e+03
   9.61119e-09   4.31980e+03
   9.61219e-09   4.31980e+03
   9.61319e-09   4.31980e+03
   9.61419e-09   4.31980e+03
   9.61519e-09   4.31980e+03
   9.61619e-09   4.31980e+03
   9.61720e-09   4.31980e+03
   9.61820e-09   -6.78325e+03
   9.61920e-09   -6.78325e+03
   9.62020e-09   -6.78325e+03
   9.62120e-09   -6.78325e+03
   9.62220e-09   -6.78325e+03
   9.62320e-09   -6.78325e+03
   9.62420e-09   -6.78325e+03
   9.62520e-09   -6.78325e+03
   9.62620e-09   -6.78325e+03
   9.62720e-09   -6.78325e+03
   9.62821e-09   -6.78325e+03
   9.62921e-09   -6.78325e+03
   9.63021e-09   -6.78325e+03
   9.63121e-09   -6.78325e+03
   9.63221e-09   -6.78325e+03
   9.63321e-09   -6.78325e+03
   9.63421e-09   -6.78325e+03
   9.63521e-09   -6.78325e+03
   9.63621e-09   -6.78325e+03
   9.63721e-09   -6.78325e+03
   9.63822e-09   -6.78325e+03
   9.63922e-09   -6.78325e+03
   9.64022e-09   -6.78325e+03
   9.64122e-09   -6.78325e+03
   9.64222e-09   6.60493e+03
   9.64322e-09   6.60493e+03
   9.64422e-09   6.60493e+03
   9.64522e-09   6.60493e+03
   9.64622e-09   6.60493e+03
   9.64722e-09   6.60493e+03
   9.64823e-09   6.60493e+03
   9.64923e-09   6.60493e+03
   9.65023e-09   6.60493e+03
   9.65123e-09   6.60493e+03
   9.65223e-09   6.60493e+03
   9.65323e-09   6.60493e+03
   9.65423e-09   6.60493e+03
   9.65523e-09   6.60493e+03
   9.65623e-09   6.60493e+03
   9.65723e-09   6.60493e+03
   9.65824e-09   6.60493e+03
   9.65924e-09   6.60493e+03
   9.66024e-09   6.60493e+03
   9.66124e-09   6.60493e+03
   9.66224e-09   6.60493e+03
   9.66324e-09   6.60493e+03
   9.66424e-09   6.60493e+03
   9.66524e-09   -8.66760e+03
   9.66624e-09   -8.66760e+03
   9.66724e-09   -8.66760e+03
   9.66825e-09   -8.66760e+03
   9.66925e-09   -8.66760e+03
   9.67025e-09   -8.66760e+03
   9.67125e-09   -8.66760e+03
   9.67225e-09   -8.66760e+03
   9.67325e-09   -8.66760e+03
   9.67425e-09   -8.66760e+03
   9.67525e-09   -8.66760e+03
   9.67625e-09   -8.66760e+03
   9.67726e-09   -8.66760e+03
   9.67826e-09   -8.66760e+03
   9.67926e-09   -8.66760e+03
   9.68026e-09   -8.66760e+03
   9.68126e-09   -8.66760e+03
   9.68226e-09   -8.66760e+03
   9.68326e-09   -8.66760e+03
   9.68426e-09   -8.66760e+03
   9.68526e-09   -8.66760e+03
   9.68627e-09   -8.66760e+03
   9.68727e-09   -8.66760e+03
   9.68827e-09   -8.66760e+03
   9.68927e-09   -2.73317e+03
   9.69027e-09   -2.73317e+03
   9.69127e-09   -2.73317e+03
   9.69227e-09   -2.73317e+03
   9.69327e-09   -2.73317e+03
   9.69428e-09   -2.73317e+03
   9.69528e-09   -2.73317e+03
   9.69628e-09   -2.73317e+03
   9.69728e-09   -2.73317e+03
   9.69828e-09   -2.73317e+03
   9.69928e-09   -2.73317e+03
   9.70028e-09   -2.73317e+03
   9.70128e-09   -2.73317e+03
   9.70228e-09   -2.73317e+03
   9.70329e-09   -2.73317e+03
   9.70429e-09   -2.73317e+03
   9.70529e-09   -2.73317e+03
   9.70629e-09   -2.73317e+03
   9.70729e-09   -2.73317e+03
   9.70829e-09   -2.73317e+03
   9.70929e-09   -2.73317e+03
   9.71029e-09   -2.73317e+03
   9.71130e-09   -2.73317e+03
   9.71230e-09   -2.73317e+03
   9.71330e-09   -1.97451e+02
   9.71430e-09   -1.97451e+02
   9.71530e-09   -1.97451e+02
   9.71630e-09   -1.97451e+02
   9.71730e-09   -1.97451e+02
   9.71830e-09   -1.97451e+02
   9.71931e-09   -1.97451e+02
   9.72031e-09   -1.97451e+02
   9.72131e-09   -1.97451e+02
   9.72231e-09   -1.97451e+02
   9.72331e-09   -1.97451e+02
   9.72431e-09   -1.97451e+02
   9.72531e-09   -1.97451e+02
   9.72631e-09   -1.97451e+02
   9.72732e-09   -1.97451e+02
   9.72832e-09   -1.97451e+02
   9.72932e-09   -1.97451e+02
   9.73032e-09   -1.97451e+02
   9.73132e-09   -1.97451e+02
   9.73232e-09   -1.97451e+02
   9.73332e-09   -1.97451e+02
   9.73432e-09   -1.97451e+02
   9.73533e-09   -1.97451e+02
   9.73633e-09   -3.49969e+03
   9.73733e-09   -3.49969e+03
   9.73833e-09   -3.49969e+03
   9.73933e-09   -3.49969e+03
   9.74033e-09   -3.49969e+03
   9.74133e-09   -3.49969e+03
   9.74234e-09   -3.49969e+03
   9.74334e-09   -3.49969e+03
   9.74434e-09   -3.49969e+03
   9.74534e-09   -3.49969e+03
   9.74634e-09   -3.49969e+03
   9.74734e-09   -3.49969e+03
   9.74834e-09   -3.49969e+03
   9.74934e-09   -3.49969e+03
   9.75035e-09   -3.49969e+03
   9.75135e-09   -3.49969e+03
   9.75235e-09   -3.49969e+03
   9.75335e-09   -3.49969e+03
   9.75435e-09   -3.49969e+03
   9.75535e-09   -3.49969e+03
   9.75635e-09   -3.49969e+03
   9.75736e-09   -3.49969e+03
   9.75836e-09   -3.49969e+03
   9.75936e-09   -3.49969e+03
   9.76036e-09   3.32866e+03
   9.76136e-09   3.32866e+03
   9.76236e-09   3.32866e+03
   9.76336e-09   3.32866e+03
   9.76437e-09   3.32866e+03
   9.76537e-09   3.32866e+03
   9.76637e-09   3.32866e+03
   9.76737e-09   3.32866e+03
   9.76837e-09   3.32866e+03
   9.76937e-09   3.32866e+03
   9.77037e-09   3.32866e+03
   9.77138e-09   3.32866e+03
   9.77238e-09   3.32866e+03
   9.77338e-09   3.32866e+03
   9.77438e-09   3.32866e+03
   9.77538e-09   3.32866e+03
   9.77638e-09   3.32866e+03
   9.77738e-09   3.32866e+03
   9.77839e-09   3.32866e+03
   9.77939e-09   3.32866e+03
   9.78039e-09   3.32866e+03
   9.78139e-09   3.32866e+03
   9.78239e-09   3.32866e+03
   9.78339e-09   -5.83030e+03
   9.78439e-09   -5.83030e+03
   9.78540e-09   -5.83030e+03
   9.78640e-09   -5.83030e+03
   9.78740e-09   -5.83030e+03
   9.78840e-09   -5.83030e+03
   9.78940e-09   -5.83030e+03
   9.79040e-09   -5.83030e+03
   9.79140e-09   -5.83030e+03
   9.79241e-09   -5.83030e+03
   9.79341e-09   -5.83030e+03
   9.79441e-09   -5.83030e+03
   9.79541e-09   -5.83030e+03
   9.79641e-09   -5.83030e+03
   9.79741e-09   -5.83030e+03
   9.79842e-09   -5.83030e+03
   9.79942e-09   -5.83030e+03
   9.80042e-09   -5.83030e+03
   9.80142e-09   -5.83030e+03
   9.80242e-09   -5.83030e+03
   9.80342e-09   -5.83030e+03
   9.80442e-09   -5.83030e+03
   9.80543e-09   -5.83030e+03
   9.80643e-09   -5.83030e+03
   9.80743e-09   5.69034e+03
   9.80843e-09   5.69034e+03
   9.80943e-09   5.69034e+03
   9.81043e-09   5.69034e+03
   9.81144e-09   5.69034e+03
   9.81244e-09   5.69034e+03
   9.81344e-09   5.69034e+03
   9.81444e-09   5.69034e+03
   9.81544e-09   5.69034e+03
   9.81644e-09   5.69034e+03
   9.81745e-09   5.69034e+03
   9.81845e-09   5.69034e+03
   9.81945e-09   5.69034e+03
   9.82045e-09   5.69034e+03
   9.82145e-09   5.69034e+03
   9.82245e-09   5.69034e+03
   9.82345e-09   5.69034e+03
   9.82446e-09   5.69034e+03
   9.82546e-09   5.69034e+03
   9.82646e-09   5.69034e+03
   9.82746e-09   5.69034e+03
   9.82846e-09   5.69034e+03
   9.82946e-09   5.69034e+03
   9.83047e-09   5.69034e+03
   9.83147e-09   -7.76845e+03
   9.83247e-09   -7.76845e+03
   9.83347e-09   -7.76845e+03
   9.83447e-09   -7.76845e+03
   9.83547e-09   -7.76845e+03
   9.83648e-09   -7.76845e+03
   9.83748e-09   -7.76845e+03
   9.83848e-09   -7.76845e+03
   9.83948e-09   -7.76845e+03
   9.84048e-09   -7.76845e+03
   9.84148e-09   -7.76845e+03
   9.84249e-09   -7.76845e+03
   9.84349e-09   -7.76845e+03
   9.84449e-09   -7.76845e+03
   9.84549e-09   -7.76845e+03
   9.84649e-09   -7.76845e+03
   9.84749e-09   -7.76845e+03
   9.84850e-09   -7.76845e+03
   9.84950e-09   -7.76845e+03
   9.85050e-09   -7.76845e+03
   9.85150e-09   -7.76845e+03
   9.85250e-09   -7.76845e+03
   9.85350e-09   -7.76845e+03
   9.85451e-09   7.50754e+03
   9.85551e-09   7.50754e+03
   9.85651e-09   7.50754e+03
   9.85751e-09   7.50754e+03
   9.85851e-09   7.50754e+03
   9.85952e-09   7.50754e+03
   9.86052e-09   7.50754e+03
   9.86152e-09   7.50754e+03
   9.86252e-09   7.50754e+03
   9.86352e-09   7.50754e+03
   9.86452e-09   7.50754e+03
   9.86553e-09   7.50754e+03
   9.86653e-09   7.50754e+03
   9.86753e-09   7.50754e+03
   9.86853e-09   7.50754e+03
   9.86953e-09   7.50754e+03
   9.87053e-09   7.50754e+03
   9.87154e-09   7.50754e+03
   9.87254e-09   7.50754e+03
   9.87354e-09   7.50754e+03
   9.87454e-09   7.50754e+03
   9.87554e-09   7.50754e+03
   9.87655e-09   7.50754e+03
   9.87755e-09   7.50754e+03
   9.87855e-09   -9.33273e+03
   9.87955e-09   -9.33273e+03
   9.88055e-09   -9.33273e+03
   9.88155e-09   -9.33273e+03
   9.88256e-09   -9.33273e+03
   9.88356e-09   -9.33273e+03
   9.88456e-09   -9.33273e+03
   9.88556e-09   -9.33273e+03
   9.88656e-09   -9.33273e+03
   9.88757e-09   -9.33273e+03
   9.88857e-09   -9.33273e+03
   9.88957e-09   -9.33273e+03
   9.89057e-09   -9.33273e+03
   9.89157e-09   -9.33273e+03
   9.89257e-09   -9.33273e+03
   9.89358e-09   -9.33273e+03
   9.89458e-09   -9.33273e+03
   9.89558e-09   -9.33273e+03
   9.89658e-09   -9.33273e+03
   9.89758e-09   -9.33273e+03
   9.89859e-09   -9.33273e+03
   9.89959e-09   -9.33273e+03
   9.90059e-09   -9.33273e+03
   9.90159e-09   -2.01845e+03
   9.90259e-09   -2.01845e+03
   9.90360e-09   -2.01845e+03
   9.90460e-09   -2.01845e+03
   9.90560e-09   -2.01845e+03
   9.90660e-09   -2.01845e+03
   9.90760e-09   -2.01845e+03
   9.90860e-09   -2.01845e+03
   9.90961e-09   -2.01845e+03
   9.91061e-09   -2.01845e+03
   9.91161e-09   -2.01845e+03
   9.91261e-09   -2.01845e+03
   9.91361e-09   -2.01845e+03
   9.91462e-09   -2.01845e+03
   9.91562e-09   -2.01845e+03
   9.91662e-09   -2.01845e+03
   9.91762e-09   -2.01845e+03
   9.91862e-09   -2.01845e+03
   9.91963e-09   -2.01845e+03
   9.92063e-09   -2.01845e+03
   9.92163e-09   -2.01845e+03
   9.92263e-09   -2.01845e+03
   9.92363e-09   -2.01845e+03
   9.92464e-09   -2.01845e+03
   9.92564e-09   -1.04090e+02
   9.92664e-09   -1.04090e+02
   9.92764e-09   -1.04090e+02
   9.92864e-09   -1.04090e+02
   9.92965e-09   -1.04090e+02
   9.93065e-09   -1.04090e+02
   9.93165e-09   -1.04090e+02
   9.93265e-09   -1.04090e+02
   9.93365e-09   -1.04090e+02
   9.93466e-09   -1.04090e+02
   9.93566e-09   -1.04090e+02
   9.93666e-09   -1.04090e+02
   9.93766e-09   -1.04090e+02
   9.93866e-09   -1.04090e+02
   9.93967e-09   -1.04090e+02
   9.94067e-09   -1.04090e+02
   9.94167e-09   -1.04090e+02
   9.94267e-09   -1.04090e+02
   9.94367e-09   -1.04090e+02
   9.94468e-09   -1.04090e+02
   9.94568e-09   -1.04090e+02
   9.94668e-09   -1.04090e+02
   9.94768e-09   -1.04090e+02
   9.94868e-09   -1.04090e+02
   9.94969e-09   -4.05199e+03
   9.95069e-09   -4.05199e+03
   9.95169e-09   -4.05199e+03
   9.95269e-09   -4.05199e+03
   9.95369e-09   -4.05199e+03
   9.95470e-09   -4.05199e+03
   9.95570e-09   -4.05199e+03
   9.95670e-09   -4.05199e+03
   9.95770e-09   -4.05199e+03
   9.95870e-09   -4.05199e+03
   9.95971e-09   -4.05199e+03
   9.96071e-09   -4.05199e+03
   9.96171e-09   -4.05199e+03
   9.96271e-09   -4.05199e+03
   9.96371e-09   -4.05199e+03
   9.96472e-09   -4.05199e+03
   9.96572e-09   -4.05199e+03
   9.96672e-09   -4.05199e+03
   9.96772e-09   -4.05199e+03
   9.96873e-09   -4.05199e+03
   9.96973e-09   -4.05199e+03
   9.97073e-09   -4.05199e+03
   9.97173e-09   -4.05199e+03
   9.97273e-09   3.86988e+03
   9.97374e-09   3.86988e+03
   9.97474e-09   3.86988e+03
   9.97574e-09   3.86988e+03
   9.97674e-09   3.86988e+03
   9.97774e-09   3.86988e+03
   9.97875e-09   3.86988e+03
   9.97975e-09   3.86988e+03
   9.98075e-09   3.86988e+03
   9.98175e-09   3.86988e+03
   9.98276e-09   3.86988e+03
   9.98376e-09   3.86988e+03
   9.98476e-09   3.86988e+03
   9.98576e-09   3.86988e+03
   9.98676e-09   3.86988e+03
   9.98777e-09   3.86988e+03
   9.98877e-09   3.86988e+03
   9.98977e-09   3.86988e+03
   9.99077e-09   3.86988e+03
   9.99177e-09   3.86988e+03
   9.99278e-09   3.86988e+03
   9.99378e-09   3.86988e+03
   9.99478e-09   3.86988e+03
   9.99578e-09   3.86988e+03
   9.99679e-09   -6.26250e+03
   9.99779e-09   -6.26250e+03
   9.99879e-09   -6.26250e+03
   9.99979e-09   -6.26250e+03
   1.00008e-08   -6.26250e+03
   1.00018e-08   -6.26250e+03
   1.00028e-08   -6.26250e+03
   1.00038e-08   -6.26250e+03
   1.00048e-08   -6.26250e+03
   1.00058e-08   -6.26250e+03
   1.00068e-08   -6.26250e+03
   1.00078e-08   -6.26250e+03
   1.00088e-08   -6.26250e+03
   1.00098e-08   -6.26250e+03
   1.00108e-08   -6.26250e+03
   1.00118e-08   -6.26250e+03
   1.00128e-08   -6.26250e+03
   1.00138e-08   -6.26250e+03
   1.00148e-08   -6.26250e+03
   1.00158e-08   -6.26250e+03
   1.00168e-08   -6.26250e+03
   1.00178e-08   -6.26250e+03
   1.00188e-08   -6.26250e+03
   1.00198e-08   -6.26250e+03
   1.00208e-08   6.03156e+03
   1.00218e-08   6.03156e+03
   1.00228e-08   6.03156e+03
   1.00238e-08   6.03156e+03
   1.00248e-08   6.03156e+03
   1.00259e-08   6.03156e+03
   1.00269e-08   6.03156e+03
   1.00279e-08   6.03156e+03
   1.00289e-08   6.03156e+03
   1.00299e-08   6.03156e+03
   1.00309e-08   6.03156e+03
   1.00319e-08   6.03156e+03
   1.00329e-08   6.03156e+03
   1.00339e-08   6.03156e+03
   1.00349e-08   6.03156e+03
   1.00359e-08   6.03156e+03
   1.00369e-08   6.03156e+03
   1.00379e-08   6.03156e+03
   1.00389e-08   6.03156e+03
   1.00399e-08   6.03156e+03
   1.00409e-08   6.03156e+03
   1.00419e-08   6.03156e+03
   1.00429e-08   6.03156e+03
   1.00439e-08   -7.98066e+03
   1.00449e-08   -7.98066e+03
   1.00459e-08   -7.98066e+03
   1.00469e-08   -7.98066e+03
   1.00479e-08   -7.98066e+03
   1.00489e-08   -7.98066e+03
   1.00499e-08   -7.98066e+03
   1.00509e-08   -7.98066e+03
   1.00519e-08   -7.98066e+03
   1.00529e-08   -7.98066e+03
   1.00539e-08   -7.98066e+03
   1.00549e-08   -7.98066e+03
   1.00559e-08   -7.98066e+03
   1.00569e-08   -7.98066e+03
   1.00579e-08   -7.98066e+03
   1.00589e-08   -7.98066e+03
   1.00599e-08   -7.98066e+03
   1.00609e-08   -7.98066e+03
   1.00619e-08   -7.98066e+03
   1.00629e-08   -7.98066e+03
   1.00639e-08   -7.98066e+03
   1.00649e-08   -7.98066e+03
   1.00659e-08   -7.98066e+03
   1.00669e-08   -7.98066e+03
   1.00680e-08   7.73688e+03
   1.00690e-08   7.73688e+03
   1.00700e-08   7.73688e+03
   1.00710e-08   7.73688e+03
   1.00720e-08   7.73688e+03
   1.00730e-08   7.73688e+03
   1.00740e-08   7.73688e+03
   1.00750e-08   7.73688e+03
   1.00760e-08   7.73688e+03
   1.00770e-08   7.73688e+03
   1.00780e-08   7.73688e+03
   1.00790e-08   7.73688e+03
   1.00800e-08   7.73688e+03
   1.00810e-08   7.73688e+03
   1.00820e-08   7.73688e+03
   1.00830e-08   7.73688e+03
   1.00840e-08   7.73688e+03
   1.00850e-08   7.73688e+03
   1.00860e-08   7.73688e+03
   1.00870e-08   7.73688e+03
   1.00880e-08   7.73688e+03
   1.00890e-08   7.73688e+03
   1.00900e-08   7.73688e+03
   1.00910e-08   -9.44769e+03
   1.00920e-08   -9.44769e+03
   1.00930e-08   -9.44769e+03
   1.00940e-08   -9.44769e+03
   1.00950e-08   -9.44769e+03
   1.00960e-08   -9.44769e+03
   1.00970e-08   -9.44769e+03
   1.00980e-08   -9.44769e+03
   1.00990e-08   -9.44769e+03
   1.01000e-08   -9.44769e+03
   1.01010e-08   -9.44769e+03
   1.01020e-08   -9.44769e+03
   1.01030e-08   -9.44769e+03
   1.01040e-08   -9.44769e+03
   1.01050e-08   -9.44769e+03
   1.01060e-08   -9.44769e+03
   1.01070e-08   -9.44769e+03
   1.01081e-08   -9.44769e+03
   1.01091e-08   -9.44769e+03
   1.01101e-08   -9.44769e+03
   1.01111e-08   -9.44769e+03
   1.01121e-08   -9.44769e+03
   1.01131e-08   -9.44769e+03
   1.01141e-08   -9.44769e+03
   1.01151e-08   -1.78610e+03
   1.01161e-08   -1.78610e+03
   1.01171e-08   -1.78610e+03
   1.01181e-08   -1.78610e+03
   1.01191e-08   -1.78610e+03
   1.01201e-08   -1.78610e+03
   1.01211e-08   -1.78610e+03
   1.01221e-08   -1.78610e+03
   1.01231e-08   -1.78610e+03
   1.01241e-08   -1.78610e+03
   1.01251e-08   -1.78610e+03
   1.01261e-08   -1.78610e+03
   1.01271e-08   -1.78610e+03
   1.01281e-08   -1.78610e+03
   1.01291e-08   -1.78610e+03
   1.01301e-08   -1.78610e+03
   1.01311e-08   -1.78610e+03
   1.01321e-08   -1.78610e+03
   1.01331e-08   -1.78610e+03
   1.01341e-08   -1.78610e+03
   1.01351e-08   -1.78610e+03
   1.01361e-08   -1.78610e+03
   1.01371e-08   -1.78610e+03
   1.01381e-08   -1.78610e+03
   1.01391e-08   -1.09746e+02
   1.01401e-08   -1.09746e+02
   1.01411e-08   -1.09746e+02
   1.01421e-08   -1.09746e+02
   1.01431e-08   -1.09746e+02
   1.01441e-08   -1.09746e+02
   1.01451e-08   -1.09746e+02
   1.01462e-08   -1.09746e+02
   1.01472e-08   -1.09746e+02
   1.01482e-08   -1.09746e+02
   1.01492e-08   -1.09746e+02
   1.01502e-08   -1.09746e+02
   1.01512e-08   -1.09746e+02
   1.01522e-08   -1.09746e+02
   1.01532e-08   -1.09746e+02
   1.01542e-08   -1.09746e+02
   1.01552e-08   -1.09746e+02
   1.01562e-08   -1.09746e+02
   1.01572e-08   -1.09746e+02
   1.01582e-08   -1.09746e+02
   1.01592e-08   -1.09746e+02
   1.01602e-08   -1.09746e+02
   1.01612e-08   -1.09746e+02
   1.01622e-08   -4.24542e+03
   1.01632e-08   -4.24542e+03
   1.01642e-08   -4.24542e+03
   1.01652e-08   -4.24542e+03
   1.01662e-08   -4.24542e+03
   1.01672e-08   -4.24542e+03
   1.01682e-08   -4.24542e+03
   1.01692e-08   -4.24542e+03
   1.01702e-08   -4.24542e+03
   1.01712e-08   -4.24542e+03
   1.01722e-08   -4.24542e+03
   1.01732e-08   -4.24542e+03
   1.01742e-08   -4.24542e+03
   1.01752e-08   -4.24542e+03
   1.01762e-08   -4.24542e+03
   1.01772e-08   -4.24542e+03
   1.01782e-08   -4.24542e+03
   1.01792e-08   -4.24542e+03
   1.01802e-08   -4.24542e+03
   1.01812e-08   -4.24542e+03
   1.01823e-08   -4.24542e+03
   1.01833e-08   -4.24542e+03
   1.01843e-08   -4.24542e+03
   1.01853e-08   -4.24542e+03
   1.01863e-08   4.04799e+03
   1.01873e-08   4.04799e+03
   1.01883e-08   4.04799e+03
   1.01893e-08   4.04799e+03
   1.01903e-08   4.04799e+03
   1.01913e-08   4.04799e+03
   1.01923e-08   4.04799e+03
   1.01933e-08   4.04799e+03
   1.01943e-08   4.04799e+03
   1.01953e-08   4.04799e+03
   1.01963e-08   4.04799e+03
   1.01973e-08   4.04799e+03
   1.01983e-08   4.04799e+03
   1.01993e-08   4.04799e+03
   1.02003e-08   4.04799e+03
   1.02013e-08   4.04799e+03
   1.02023e-08   4.04799e+03
   1.02033e-08   4.04799e+03
   1.02043e-08   4.04799e+03
   1.02053e-08   4.04799e+03
   1.02063e-08   4.04799e+03
   1.02073e-08   4.04799e+03
   1.02083e-08   4.04799e+03
   1.02093e-08   -6.36642e+03
   1.02103e-08   -6.36642e+03
   1.02113e-08   -6.36642e+03
   1.02123e-08   -6.36642e+03
   1.02133e-08   -6.36642e+03
   1.02143e-08   -6.36642e+03
   1.02153e-08   -6.36642e+03
   1.02163e-08   -6.36642e+03
   1.02174e-08   -6.36642e+03
   1.02184e-08   -6.36642e+03
   1.02194e-08   -6.36642e+03
   1.02204e-08   -6.36642e+03
   1.02214e-08   -6.36642e+03
   1.02224e-08   -6.36642e+03
   1.02234e-08   -6.36642e+03
   1.02244e-08   -6.36642e+03
   1.02254e-08   -6.36642e+03
   1.02264e-08   -6.36642e+03
   1.02274e-08   -6.36642e+03
   1.02284e-08   -6.36642e+03
   1.02294e-08   -6.36642e+03
   1.02304e-08   -6.36642e+03
   1.02314e-08   -6.36642e+03
   1.02324e-08   -6.36642e+03
   1.02334e-08   6.07899e+03
   1.02344e-08   6.07899e+03
   1.02354e-08   6.07899e+03
   1.02364e-08   6.07899e+03
   1.02374e-08   6.07899e+03
   1.02384e-08   6.07899e+03
   1.02394e-08   6.07899e+03
   1.02404e-08   6.07899e+03
   1.02414e-08   6.07899e+03
   1.02424e-08   6.07899e+03
   1.02434e-08   6.07899e+03
   1.02444e-08   6.07899e+03
   1.02454e-08   6.07899e+03
   1.02464e-08   6.07899e+03
   1.02474e-08   6.07899e+03
   1.02484e-08   6.07899e+03
   1.02494e-08   6.07899e+03
   1.02505e-08   6.07899e+03
   1.02515e-08   6.07899e+03
   1.02525e-08   6.07899e+03
   1.02535e-08   6.07899e+03
   1.02545e-08   6.07899e+03
   1.02555e-08   6.07899e+03
   1.02565e-08   6.07899e+03
   1.02575e-08   -7.91467e+03
   1.02585e-08   -7.91467e+03
   1.02595e-08   -7.91467e+03
   1.02605e-08   -7.91467e+03
   1.02615e-08   -7.91467e+03
   1.02625e-08   -7.91467e+03
   1.02635e-08   -7.91467e+03
   1.02645e-08   -7.91467e+03
   1.02655e-08   -7.91467e+03
   1.02665e-08   -7.91467e+03
   1.02675e-08   -7.91467e+03
   1.02685e-08   -7.91467e+03
   1.02695e-08   -7.91467e+03
   1.02705e-08   -7.91467e+03
   1.02715e-08   -7.91467e+03
   1.02725e-08   -7.91467e+03
   1.02735e-08   -7.91467e+03
   1.02745e-08   -7.91467e+03
   1.02755e-08   -7.91467e+03
   1.02765e-08   -7.91467e+03
   1.02775e-08   -7.91467e+03
   1.02785e-08   -7.91467e+03
   1.02795e-08   -7.91467e+03
   1.02805e-08   7.65863e+03
   1.02815e-08   7.65863e+03
   1.02825e-08   7.65863e+03
   1.02836e-08   7.65863e+03
   1.02846e-08   7.65863e+03
   1.02856e-08   7.65863e+03
   1.02866e-08   7.65863e+03
   1.02876e-08   7.65863e+03
   1.02886e-08   7.65863e+03
   1.02896e-08   7.65863e+03
   1.02906e-08   7.65863e+03
   1.02916e-08   7.65863e+03
   1.02926e-08   7.65863e+03
   1.02936e-08   7.65863e+03
   1.02946e-08   7.65863e+03
   1.02956e-08   7.65863e+03
   1.02966e-08   7.65863e+03
   1.02976e-08   7.65863e+03
   1.02986e-08   7.65863e+03
   1.02996e-08   7.65863e+03
   1.03006e-08   7.65863e+03
   1.03016e-08   7.65863e+03
   1.03026e-08   7.65863e+03
   1.03036e-08   7.65863e+03
   1.03046e-08   -9.29150e+03
   1.03056e-08   -9.29150e+03
   1.03066e-08   -9.29150e+03
   1.03076e-08   -9.29150e+03
   1.03086e-08   -9.29150e+03
   1.03096e-08   -9.29150e+03
   1.03106e-08   -9.29150e+03
   1.03116e-08   -9.29150e+03
   1.03126e-08   -9.29150e+03
   1.03136e-08   -9.29150e+03
   1.03147e-08   -9.29150e+03
   1.03157e-08   -9.29150e+03
   1.03167e-08   -9.29150e+03
   1.03177e-08   -9.29150e+03
   1.03187e-08   -9.29150e+03
   1.03197e-08   -9.29150e+03
   1.03207e-08   -9.29150e+03
   1.03217e-08   -9.29150e+03
   1.03227e-08   -9.29150e+03
   1.03237e-08   -9.29150e+03
   1.03247e-08   -9.29150e+03
   1.03257e-08   -9.29150e+03
   1.03267e-08   -9.29150e+03
   1.03277e-08   -1.83272e+03
   1.03287e-08   -1.83272e+03
   1.03297e-08   -1.83272e+03
   1.03307e-08   -1.83272e+03
   1.03317e-08   -1.83272e+03
   1.03327e-08   -1.83272e+03
   1.03337e-08   -1.83272e+03
   1.03347e-08   -1.83272e+03
   1.03357e-08   -1.83272e+03
   1.03367e-08   -1.83272e+03
   1.03377e-08   -1.83272e+03
   1.03387e-08   -1.83272e+03
   1.03397e-08   -1.83272e+03
   1.03407e-08   -1.83272e+03
   1.03417e-08   -1.83272e+03
   1.03427e-08   -1.83272e+03
   1.03437e-08   -1.83272e+03
   1.03448e-08   -1.83272e+03
   1.03458e-08   -1.83272e+03
   1.03468e-08   -1.83272e+03
   1.03478e-08   -1.83272e+03
   1.03488e-08   -1.83272e+03
   1.03498e-08   -1.83272e+03
   1.03508e-08   -1.83272e+03
   1.03518e-08   -1.18609e+02
   1.03528e-08   -1.18609e+02
   1.03538e-08   -1.18609e+02
   1.03548e-08   -1.18609e+02
   1.03558e-08   -1.18609e+02
   1.03568e-08   -1.18609e+02
   1.03578e-08   -1.18609e+02
   1.03588e-08   -1.18609e+02
   1.03598e-08   -1.18609e+02
   1.03608e-08   -1.18609e+02
   1.03618e-08   -1.18609e+02
   1.03628e-08   -1.18609e+02
   1.03638e-08   -1.18609e+02
   1.03648e-08   -1.18609e+02
   1.03658e-08   -1.18609e+02
   1.03668e-08   -1.18609e+02
   1.03678e-08   -1.18609e+02
   1.03688e-08   -1.18609e+02
   1.03698e-08   -1.18609e+02
   1.03708e-08   -1.18609e+02
   1.03718e-08   -1.18609e+02
   1.03728e-08   -1.18609e+02
   1.03738e-08   -1.18609e+02
   1.03749e-08   -1.18609e+02
   1.03759e-08   -4.25201e+03
   1.03769e-08   -4.25201e+03
   1.03779e-08   -4.25201e+03
   1.03789e-08   -4.25201e+03
   1.03799e-08   -4.25201e+03
   1.03809e-08   -4.25201e+03
   1.03819e-08   -4.25201e+03
   1.03829e-08   -4.25201e+03
   1.03839e-08   -4.25201e+03
   1.03849e-08   -4.25201e+03
   1.03859e-08   -4.25201e+03
   1.03869e-08   -4.25201e+03
   1.03879e-08   -4.25201e+03
   1.03889e-08   -4.25201e+03
   1.03899e-08   -4.25201e+03
   1.03909e-08   -4.25201e+03
   1.03919e-08   -4.25201e+03
   1.03929e-08   -4.25201e+03
   1.03939e-08   -4.25201e+03
   1.03949e-08   -4.25201e+03
   1.03959e-08   -4.25201e+03
   1.03969e-08   -4.25201e+03
   1.03979e-08   -4.25201e+03
   1.03989e-08   4.03464e+03
   1.03999e-08   4.03464e+03
   1.04009e-08   4.03464e+03
   1.04019e-08   4.03464e+03
   1.04030e-08   4.03464e+03
   1.04040e-08   4.03464e+03
   1.04050e-08   4.03464e+03
   1.04060e-08   4.03464e+03
   1.04070e-08   4.03464e+03
   1.04080e-08   4.03464e+03
   1.04090e-08   4.03464e+03
   1.04100e-08   4.03464e+03
   1.04110e-08   4.03464e+03
   1.04120e-08   4.03464e+03
   1.04130e-08   4.03464e+03
   1.04140e-08   4.03464e+03
   1.04150e-08   4.03464e+03
   1.04160e-08   4.03464e+03
   1.04170e-08   4.03464e+03
   1.04180e-08   4.03464e+03
   1.04190e-08   4.03464e+03
   1.04200e-08   4.03464e+03
   1.04210e-08   4.03464e+03
   1.04220e-08   4.03464e+03
   1.04230e-08   -6.25395e+03
   1.04240e-08   -6.25395e+03
   1.04250e-08   -6.25395e+03
   1.04260e-08   -6.25395e+03
   1.04270e-08   -6.25395e+03
   1.04280e-08   -6.25395e+03
   1.04290e-08   -6.25395e+03
   1.04300e-08   -6.25395e+03
   1.04311e-08   -6.25395e+03
   1.04321e-08   -6.25395e+03
   1.04331e-08   -6.25395e+03
   1.04341e-08   -6.25395e+03
   1.04351e-08   -6.25395e+03
   1.04361e-08   -6.25395e+03
   1.04371e-08   -6.25395e+03
   1.04381e-08   -6.25395e+03
   1.04391e-08   -6.25395e+03
   1.04401e-08   -6.25395e+03
   1.04411e-08   -6.25395e+03
   1.04421e-08   -6.25395e+03
   1.04431e-08   -6.25395e+03
   1.04441e-08   -6.25395e+03
   1.04451e-08   -6.25395e+03
   1.04461e-08   -6.25395e+03
   1.04471e-08   5.91837e+03
   1.04481e-08   5.91837e+03
   1.04491e-08   5.91837e+03
   1.04501e-08   5.91837e+03
   1.04511e-08   5.91837e+03
   1.04521e-08   5.91837e+03
   1.04531e-08   5.91837e+03
   1.04541e-08   5.91837e+03
   1.04551e-08   5.91837e+03
   1.04561e-08   5.91837e+03
   1.04571e-08   5.91837e+03
   1.04581e-08   5.91837e+03
   1.04592e-08   5.91837e+03
   1.04602e-08   5.91837e+03
   1.04612e-08   5.91837e+03
   1.04622e-08   5.91837e+03
   1.04632e-08   5.91837e+03
   1.04642e-08   5.91837e+03
   1.04652e-08   5.91837e+03
   1.04662e-08   5.91837e+03
   1.04672e-08   5.91837e+03
   1.04682e-08   5.91837e+03
   1.04692e-08   5.91837e+03
   1.04702e-08   -7.62457e+03
   1.04712e-08   -7.62457e+03
   1.04722e-08   -7.62457e+03
   1.04732e-08   -7.62457e+03
   1.04742e-08   -7.62457e+03
   1.04752e-08   -7.62457e+03
   1.04762e-08   -7.62457e+03
   1.04772e-08   -7.62457e+03
   1.04782e-08   -7.62457e+03
   1.04792e-08   -7.62457e+03
   1.04802e-08   -7.62457e+03
   1.04812e-08   -7.62457e+03
   1.04822e-08   -7.62457e+03
   1.04832e-08   -7.62457e+03
   1.04842e-08   -7.62457e+03
   1.04853e-08   -7.62457e+03
   1.04863e-08   -7.62457e+03
   1.04873e-08   -7.62457e+03
   1.04883e-08   -7.62457e+03
   1.04893e-08   -7.62457e+03
   1.04903e-08   -7.62457e+03
   1.04913e-08   -7.62457e+03
   1.04923e-08   -7.62457e+03
   1.04933e-08   -7.62457e+03
   1.04943e-08   7.16474e+03
   1.04953e-08   7.16474e+03
   1.04963e-08   7.16474e+03
   1.04973e-08   7.16474e+03
   1.04983e-08   7.16474e+03
   1.04993e-08   7.16474e+03
   1.05003e-08   7.16474e+03
   1.05013e-08   7.16474e+03
   1.05023e-08   7.16474e+03
   1.05033e-08   7.16474e+03
   1.05043e-08   7.16474e+03
   1.05053e-08   7.16474e+03
   1.05063e-08   7.16474e+03
   1.05073e-08   7.16474e+03
   1.05083e-08   7.16474e+03
   1.05093e-08   7.16474e+03
   1.05103e-08   7.16474e+03
   1.05113e-08   7.16474e+03
   1.05124e-08   7.16474e+03
   1.05134e-08   7.16474e+03
   1.05144e-08   7.16474e+03
   1.05154e-08   7.16474e+03
   1.05164e-08   7.16474e+03
   1.05174e-08   -8.71828e+03
   1.05184e-08   -8.71828e+03
   1.05194e-08   -8.71828e+03
   1.05204e-08   -8.71828e+03
   1.05214e-08   -8.71828e+03
   1.05224e-08   -8.71828e+03
   1.05234e-08   -8.71828e+03
   1.05244e-08   -8.71828e+03
   1.05254e-08   -8.71828e+03
   1.05264e-08   -8.71828e+03
   1.05274e-08   -8.71828e+03
   1.05284e-08   -8.71828e+03
   1.05294e-08   -8.71828e+03
   1.05304e-08   -8.71828e+03
   1.05314e-08   -8.71828e+03
   1.05324e-08   -8.71828e+03
   1.05334e-08   -8.71828e+03
   1.05344e-08   -8.71828e+03
   1.05354e-08   -8.71828e+03
   1.05364e-08   -8.71828e+03
   1.05375e-08   -8.71828e+03
   1.05385e-08   -8.71828e+03
   1.05395e-08   -8.71828e+03
   1.05405e-08   -8.71828e+03
   1.05415e-08   -2.10581e+03
   1.05425e-08   -2.10581e+03
   1.05435e-08   -2.10581e+03
   1.05445e-08   -2.10581e+03
   1.05455e-08   -2.10581e+03
   1.05465e-08   -2.10581e+03
   1.05475e-08   -2.10581e+03
   1.05485e-08   -2.10581e+03
   1.05495e-08   -2.10581e+03
   1.05505e-08   -2.10581e+03
   1.05515e-08   -2.10581e+03
   1.05525e-08   -2.10581e+03
   1.05535e-08   -2.10581e+03
   1.05545e-08   -2.10581e+03
   1.05555e-08   -2.10581e+03
   1.05565e-08   -2.10581e+03
   1.05575e-08   -2.10581e+03
   1.05585e-08   -2.10581e+03
   1.05595e-08   -2.10581e+03
   1.05605e-08   -2.10581e+03
   1.05615e-08   -2.10581e+03
   1.05626e-08   -2.10581e+03
   1.05636e-08   -2.10581e+03
   1.05646e-08   -2.10581e+03
   1.05656e-08   -1.31964e+02
   1.05666e-08   -1.31964e+02
   1.05676e-08   -1.31964e+02
   1.05686e-08   -1.31964e+02
   1.05696e-08   -1.31964e+02
   1.05706e-08   -1.31964e+02
   1.05716e-08   -1.31964e+02
   1.05726e-08   -1.31964e+02
   1.05736e-08   -1.31964e+02
   1.05746e-08   -1.31964e+02
   1.05756e-08   -1.31964e+02
   1.05766e-08   -1.31964e+02
   1.05776e-08   -1.31964e+02
   1.05786e-08   -1.31964e+02
   1.05796e-08   -1.31964e+02
   1.05806e-08   -1.31964e+02
   1.05816e-08   -1.31964e+02
   1.05826e-08   -1.31964e+02
   1.05836e-08   -1.31964e+02
   1.05846e-08   -1.31964e+02
   1.05856e-08   -1.31964e+02
   1.05866e-08   -1.31964e+02
   1.05877e-08   -1.31964e+02
   1.05887e-08   -4.12284e+03
   1.05897e-08   -4.12284e+03
   1.05907e-08   -4.12284e+03
   1.05917e-08   -4.12284e+03
   1.05927e-08   -4.12284e+03
   1.05937e-08   -4.12284e+03
   1.05947e-08   -4.12284e+03
   1.05957e-08   -4.12284e+03
   1.05967e-08   -4.12284e+03
   1.05977e-08   -4.12284e+03
   1.05987e-08   -4.12284e+03
   1.05997e-08   -4.12284e+03
   1.06007e-08   -4.12284e+03
   1.06017e-08   -4.12284e+03
   1.06027e-08   -4.12284e+03
   1.06037e-08   -4.12284e+03
   1.06047e-08   -4.12284e+03
   1.06057e-08   -4.12284e+03
   1.06067e-08   -4.12284e+03
   1.06077e-08   -4.12284e+03
   1.06087e-08   -4.12284e+03
   1.06097e-08   -4.12284e+03
   1.06107e-08   -4.12284e+03
   1.06118e-08   -4.12284e+03
   1.06128e-08   3.84462e+03
   1.06138e-08   3.84462e+03
   1.06148e-08   3.84462e+03
   1.06158e-08   3.84462e+03
   1.06168e-08   3.84462e+03
   1.06178e-08   3.84462e+03
   1.06188e-08   3.84462e+03
   1.06198e-08   3.84462e+03
   1.06208e-08   3.84462e+03
   1.06218e-08   3.84462e+03
   1.06228e-08   3.84462e+03
   1.06238e-08   3.84462e+03
   1.06248e-08   3.84462e+03
   1.06258e-08   3.84462e+03
   1.06268e-08   3.84462e+03
   1.06278e-08   3.84462e+03
   1.06288e-08   3.84462e+03
   1.06298e-08   3.84462e+03
   1.06308e-08   3.84462e+03
   1.06318e-08   3.84462e+03
   1.06328e-08   3.84462e+03
   1.06338e-08   3.84462e+03
   1.06348e-08   3.84462e+03
   1.06359e-08   -5.94150e+03
   1.06369e-08   -5.94150e+03
   1.06379e-08   -5.94150e+03
   1.06389e-08   -5.94150e+03
   1.06399e-08   -5.94150e+03
   1.06409e-08   -5.94150e+03
   1.06419e-08   -5.94150e+03
   1.06429e-08   -5.94150e+03
   1.06439e-08   -5.94150e+03
   1.06449e-08   -5.94150e+03
   1.06459e-08   -5.94150e+03
   1.06469e-08   -5.94150e+03
   1.06479e-08   -5.94150e+03
   1.06489e-08   -5.94150e+03
   1.06499e-08   -5.94150e+03
   1.06509e-08   -5.94150e+03
   1.06519e-08   -5.94150e+03
   1.06529e-08   -5.94150e+03
   1.06539e-08   -5.94150e+03
   1.06549e-08   -5.94150e+03
   1.06559e-08   -5.94150e+03
   1.06569e-08   -5.94150e+03
   1.06579e-08   -5.94150e+03
   1.06590e-08   -5.94150e+03
   1.06600e-08   5.60146e+03
   1.06610e-08   5.60146e+03
   1.06620e-08   5.60146e+03
   1.06630e-08   5.60146e+03
   1.06640e-08   5.60146e+03
   1.06650e-08   5.60146e+03
   1.06660e-08   5.60146e+03
   1.06670e-08   5.60146e+03
   1.06680e-08   5.60146e+03
   1.06690e-08   5.60146e+03
   1.06700e-08   5.60146e+03
   1.06710e-08   5.60146e+03
   1.06720e-08   5.60146e+03
   1.06730e-08   5.60146e+03
   1.06740e-08   5.60146e+03
   1.06750e-08   5.60146e+03
   1.06760e-08   5.60146e+03
   1.06770e-08   5.60146e+03
   1.06780e-08   5.60146e+03
   1.06790e-08   5.60146e+03
   1.06800e-08   5.60146e+03
   1.06810e-08   5.60146e+03
   1.06821e-08   5.60146e+03
   1.06831e-08   5.60146e+03
   1.06841e-08   -7.19511e+03
   1.06851e-08   -7.19511e+03
   1.06861e-08   -7.19511e+03
   1.06871e-08   -7.19511e+03
   1.06881e-08   -7.19511e+03
   1.06891e-08   -7.19511e+03
   1.06901e-08   -7.19511e+03
   1.06911e-08   -7.19511e+03
   1.06921e-08   -7.19511e+03
   1.06931e-08   -7.19511e+03
   1.06941e-08   -7.19511e+03
   1.06951e-08   -7.19511e+03
   1.06961e-08   -7.19511e+03
   1.06971e-08   -7.19511e+03
   1.06981e-08   -7.19511e+03
   1.06991e-08   -7.19511e+03
   1.07001e-08   -7.19511e+03
   1.07011e-08   -7.19511e+03
   1.07021e-08   -7.19511e+03
   1.07031e-08   -7.19511e+03
   1.07041e-08   -7.19511e+03
   1.07052e-08   -7.19511e+03
   1.07062e-08   -7.19511e+03
   1.07072e-08   6.23967e+03
   1.07082e-08   6.23967e+03
   1.07092e-08   6.23967e+03
   1.07102e-08   6.23967e+03
   1.07112e-08   6.23967e+03
   1.07122e-08   6.23967e+03
   1.07132e-08   6.23967e+03
   1.07142e-08   6.23967e+03
   1.07152e-08   6.23967e+03
   1.07162e-08   6.23967e+03
   1.07172e-08   6.23967e+03
   1.07182e-08   6.23967e+03
   1.07192e-08   6.23967e+03
   1.07202e-08   6.23967e+03
   1.07212e-08   6.23967e+03
   1.07222e-08   6.23967e+03
   1.07232e-08   6.23967e+03
   1.07242e-08   6.23967e+03
   1.07252e-08   6.23967e+03
   1.07262e-08   6.23967e+03
   1.07273e-08   6.23967e+03
   1.07283e-08   6.23967e+03
   1.07293e-08   6.23967e+03
   1.07303e-08   6.23967e+03
   1.07313e-08   -7.61535e+03
   1.07323e-08   -7.61535e+03
   1.07333e-08   -7.61535e+03
   1.07343e-08   -7.61535e+03
   1.07353e-08   -7.61535e+03
   1.07363e-08   -7.61535e+03
   1.07373e-08   -7.61535e+03
   1.07383e-08   -7.61535e+03
   1.07393e-08   -7.61535e+03
   1.07403e-08   -7.61535e+03
   1.07413e-08   -7.61535e+03
   1.07423e-08   -7.61535e+03
   1.07433e-08   -7.61535e+03
   1.07443e-08   -7.61535e+03
   1.07453e-08   -7.61535e+03
   1.07463e-08   -7.61535e+03
   1.07473e-08   -7.61535e+03
   1.07483e-08   -7.61535e+03
   1.07494e-08   -7.61535e+03
   1.07504e-08   -7.61535e+03
   1.07514e-08   -7.61535e+03
   1.07524e-08   -7.61535e+03
   1.07534e-08   -7.61535e+03
   1.07544e-08   -2.61080e+03
   1.07554e-08   -2.61080e+03
   1.07564e-08   -2.61080e+03
   1.07574e-08   -2.61080e+03
   1.07584e-08   -2.61080e+03
   1.07594e-08   -2.61080e+03
   1.07604e-08   -2.61080e+03
   1.07614e-08   -2.61080e+03
   1.07624e-08   -2.61080e+03
   1.07634e-08   -2.61080e+03
   1.07644e-08   -2.61080e+03
   1.07654e-08   -2.61080e+03
   1.07664e-08   -2.61080e+03
   1.07674e-08   -2.61080e+03
   1.07684e-08   -2.61080e+03
   1.07694e-08   -2.61080e+03
   1.07704e-08   -2.61080e+03
   1.07715e-08   -2.61080e+03
   1.07725e-08   -2.61080e+03
   1.07735e-08   -2.61080e+03
   1.07745e-08   -2.61080e+03
   1.07755e-08   -2.61080e+03
   1.07765e-08   -2.61080e+03
   1.07775e-08   -2.61080e+03
   1.07785e-08   -1.54359e+02
   1.07795e-08   -1.54359e+02
   1.07805e-08   -1.54359e+02
   1.07815e-08   -1.54359e+02
   1.07825e-08   -1.54359e+02
   1.07835e-08   -1.54359e+02
   1.07845e-08   -1.54359e+02
   1.07855e-08   -1.54359e+02
   1.07865e-08   -1.54359e+02
   1.07875e-08   -1.54359e+02
   1.07885e-08   -1.54359e+02
   1.07895e-08   -1.54359e+02
   1.07905e-08   -1.54359e+02
   1.07915e-08   -1.54359e+02
   1.07926e-08   -1.54359e+02
   1.07936e-08   -1.54359e+02
   1.07946e-08   -1.54359e+02
   1.07956e-08   -1.54359e+02
   1.07966e-08   -1.54359e+02
   1.07976e-08   -1.54359e+02
   1.07986e-08   -1.54359e+02
   1.07996e-08   -1.54359e+02
   1.08006e-08   -1.54359e+02
   1.08016e-08   -1.54359e+02
   1.08026e-08   -3.88752e+03
   1.08036e-08   -3.88752e+03
   1.08046e-08   -3.88752e+03
   1.08056e-08   -3.88752e+03
   1.08066e-08   -3.88752e+03
   1.08076e-08   -3.88752e+03
   1.08086e-08   -3.88752e+03
   1.08096e-08   -3.88752e+03
   1.08106e-08   -3.88752e+03
   1.08116e-08   -3.88752e+03
   1.08126e-08   -3.88752e+03
   1.08137e-08   -3.88752e+03
   1.08147e-08   -3.88752e+03
   1.08157e-08   -3.88752e+03
   1.08167e-08   -3.88752e+03
   1.08177e-08   -3.88752e+03
   1.08187e-08   -3.88752e+03
   1.08197e-08   -3.88752e+03
   1.08207e-08   -3.88752e+03
   1.08217e-08   -3.88752e+03
   1.08227e-08   -3.88752e+03
   1.08237e-08   -3.88752e+03
   1.08247e-08   -3.88752e+03
   1.08257e-08   3.56872e+03
   1.08267e-08   3.56872e+03
   1.08277e-08   3.56872e+03
   1.08287e-08   3.56872e+03
   1.08297e-08   3.56872e+03
   1.08307e-08   3.56872e+03
   1.08317e-08   3.56872e+03
   1.08327e-08   3.56872e+03
   1.08337e-08   3.56872e+03
   1.08348e-08   3.56872e+03
   1.08358e-08   3.56872e+03
   1.08368e-08   3.56872e+03
   1.08378e-08   3.56872e+03
   1.08388e-08   3.56872e+03
   1.08398e-08   3.56872e+03
   1.08408e-08   3.56872e+03
   1.08418e-08   3.56872e+03
   1.08428e-08   3.56872e+03
   1.08438e-08   3.56872e+03
   1.08448e-08   3.56872e+03
   1.08458e-08   3.56872e+03
   1.08468e-08   3.56872e+03
   1.08478e-08   3.56872e+03
   1.08488e-08   3.56872e+03
   1.08498e-08   -5.53381e+03
   1.08508e-08   -5.53381e+03
   1.08518e-08   -5.53381e+03
   1.08528e-08   -5.53381e+03
   1.08538e-08   -5.53381e+03
   1.08548e-08   -5.53381e+03
   1.08559e-08   -5.53381e+03
   1.08569e-08   -5.53381e+03
   1.08579e-08   -5.53381e+03
   1.08589e-08   -5.53381e+03
   1.08599e-08   -5.53381e+03
   1.08609e-08   -5.53381e+03
   1.08619e-08   -5.53381e+03
   1.08629e-08   -5.53381e+03
   1.08639e-08   -5.53381e+03
   1.08649e-08   -5.53381e+03
   1.08659e-08   -5.53381e+03
   1.08669e-08   -5.53381e+03
   1.08679e-08   -5.53381e+03
   1.08689e-08   -5.53381e+03
   1.08699e-08   -5.53381e+03
   1.08709e-08   -5.53381e+03
   1.08719e-08   -5.53381e+03
   1.08729e-08   -5.53381e+03
   1.08739e-08   5.12015e+03
   1.08749e-08   5.12015e+03
   1.08760e-08   5.12015e+03
   1.08770e-08   5.12015e+03
   1.08780e-08   5.12015e+03
   1.08790e-08   5.12015e+03
   1.08800e-08   5.12015e+03
   1.08810e-08   5.12015e+03
   1.08820e-08   5.12015e+03
   1.08830e-08   5.12015e+03
   1.08840e-08   5.12015e+03
   1.08850e-08   5.12015e+03
   1.08860e-08   5.12015e+03
   1.08870e-08   5.12015e+03
   1.08880e-08   5.12015e+03
   1.08890e-08   5.12015e+03
   1.08900e-08   5.12015e+03
   1.08910e-08   5.12015e+03
   1.08920e-08   5.12015e+03
   1.08930e-08   5.12015e+03
   1.08940e-08   5.12015e+03
   1.08950e-08   5.12015e+03
   1.08961e-08   5.12015e+03
   1.08971e-08   -6.61714e+03
   1.08981e-08   -6.61714e+03
   1.08991e-08   -6.61714e+03
   1.09001e-08   -6.61714e+03
   1.09011e-08   -6.61714e+03
   1.09021e-08   -6.61714e+03
   1.09031e-08   -6.61714e+03
   1.09041e-08   -6.61714e+03
   1.09051e-08   -6.61714e+03
   1.09061e-08   -6.61714e+03
   1.09071e-08   -6.61714e+03
   1.09081e-08   -6.61714e+03
   1.09091e-08   -6.61714e+03
   1.09101e-08   -6.61714e+03
   1.09111e-08   -6.61714e+03
   1.09121e-08   -6.61714e+03
   1.09131e-08   -6.61714e+03
   1.09141e-08   -6.61714e+03
   1.09151e-08   -6.61714e+03
   1.09162e-08   -6.61714e+03
   1.09172e-08   -6.61714e+03
   1.09182e-08   -6.61714e+03
   1.09192e-08   -6.61714e+03
   1.09202e-08   -6.61714e+03
   1.09212e-08   5.14799e+03
   1.09222e-08   5.14799e+03
   1.09232e-08   5.14799e+03
   1.09242e-08   5.14799e+03
   1.09252e-08   5.14799e+03
   1.09262e-08   5.14799e+03
   1.09272e-08   5.14799e+03
   1.09282e-08   5.14799e+03
   1.09292e-08   5.14799e+03
   1.09302e-08   5.14799e+03
   1.09312e-08   5.14799e+03
   1.09322e-08   5.14799e+03
   1.09332e-08   5.14799e+03
   1.09342e-08   5.14799e+03
   1.09353e-08   5.14799e+03
   1.09363e-08   5.14799e+03
   1.09373e-08   5.14799e+03
   1.09383e-08   5.14799e+03
   1.09393e-08   5.14799e+03
   1.09403e-08   5.14799e+03
   1.09413e-08   5.14799e+03
   1.09423e-08   5.14799e+03
   1.09433e-08   5.14799e+03
   1.09443e-08   -3.24784e+03
   1.09453e-08   -3.24784e+03
   1.09463e-08   -3.24784e+03
   1.09473e-08   -3.24784e+03
   1.09483e-08   -3.24784e+03
   1.09493e-08   -3.24784e+03
   1.09503e-08   -3.24784e+03
   1.09513e-08   -3.24784e+03
   1.09523e-08   -3.24784e+03
   1.09533e-08   -3.24784e+03
   1.09543e-08   -3.24784e+03
   1.09554e-08   -3.24784e+03
   1.09564e-08   -3.24784e+03
   1.09574e-08   -3.24784e+03
   1.09584e-08   -3.24784e+03
   1.09594e-08   -3.24784e+03
   1.09604e-08   -3.24784e+03
   1.09614e-08   -3.24784e+03
   1.09624e-08   -3.24784e+03
   1.09634e-08   -3.24784e+03
   1.09644e-08   -3.24784e+03
   1.09654e-08   -3.24784e+03
   1.09664e-08   -3.24784e+03
   1.09674e-08   -3.24784e+03
   1.09684e-08   3.06584e+03
   1.09694e-08   3.06584e+03
   1.09704e-08   3.06584e+03
   1.09714e-08   3.06584e+03
   1.09724e-08   3.06584e+03
   1.09734e-08   3.06584e+03
   1.09745e-08   3.06584e+03
   1.09755e-08   3.06584e+03
   1.09765e-08   3.06584e+03
   1.09775e-08   3.06584e+03
   1.09785e-08   3.06584e+03
   1.09795e-08   3.06584e+03
   1.09805e-08   3.06584e+03
   1.09815e-08   3.06584e+03
   1.09825e-08   3.06584e+03
   1.09835e-08   3.06584e+03
   1.09845e-08   3.06584e+03
   1.09855e-08   3.06584e+03
   1.09865e-08   3.06584e+03
   1.09875e-08   3.06584e+03
   1.09885e-08   3.06584e+03
   1.09895e-08   3.06584e+03
   1.09905e-08   3.06584e+03
   1.09915e-08   3.06584e+03
   1.09925e-08   1.17604e+03
   1.09936e-08   1.17604e+03
   1.09946e-08   1.17604e+03
   1.09956e-08   1.17604e+03
   1.09966e-08   1.17604e+03
   1.09976e-08   1.17604e+03
   1.09986e-08   1.17604e+03
   1.09996e-08   1.17604e+03
   1.10006e-08   1.17604e+03
   1.10016e-08   1.17604e+03
   1.10026e-08   1.17604e+03
   1.10036e-08   1.17604e+03
   1.10046e-08   1.17604e+03
   1.10056e-08   1.17604e+03
   1.10066e-08   1.17604e+03
   1.10076e-08   1.17604e+03
   1.10086e-08   1.17604e+03
   1.10096e-08   1.17604e+03
   1.10106e-08   1.17604e+03
   1.10116e-08   1.17604e+03
   1.10127e-08   1.17604e+03
   1.10137e-08   1.17604e+03
   1.10147e-08   1.17604e+03
   1.10157e-08   -1.58854e+03
   1.10167e-08   -1.58854e+03
   1.10177e-08   -1.58854e+03
   1.10187e-08   -1.58854e+03
   1.10197e-08   -1.58854e+03
   1.10207e-08   -1.58854e+03
   1.10217e-08   -1.58854e+03
   1.10227e-08   -1.58854e+03
   1.10237e-08   -1.58854e+03
   1.10247e-08   -1.58854e+03
   1.10257e-08   -1.58854e+03
   1.10267e-08   -1.58854e+03
   1.10277e-08   -1.58854e+03
   1.10287e-08   -1.58854e+03
   1.10297e-08   -1.58854e+03
   1.10308e-08   -1.58854e+03
   1.10318e-08   -1.58854e+03
   1.10328e-08   -1.58854e+03
   1.10338e-08   -1.58854e+03
   1.10348e-08   -1.58854e+03
   1.10358e-08   -1.58854e+03
   1.10368e-08   -1.58854e+03
   1.10378e-08   -1.58854e+03
   1.10388e-08   -1.58854e+03
   1.10398e-08   6.69944e+02
   1.10408e-08   6.69944e+02
   1.10418e-08   6.69944e+02
   1.10428e-08   6.69944e+02
   1.10438e-08   6.69944e+02
   1.10448e-08   6.69944e+02
   1.10458e-08   6.69944e+02
   1.10468e-08   6.69944e+02
   1.10478e-08   6.69944e+02
   1.10488e-08   6.69944e+02
   1.10499e-08   6.69944e+02
   1.10509e-08   6.69944e+02
   1.10519e-08   6.69944e+02
   1.10529e-08   6.69944e+02
   1.10539e-08   6.69944e+02
   1.10549e-08   6.69944e+02
   1.10559e-08   6.69944e+02
   1.10569e-08   6.69944e+02
   1.10579e-08   6.69944e+02
   1.10589e-08   6.69944e+02
   1.10599e-08   6.69944e+02
   1.10609e-08   6.69944e+02
   1.10619e-08   6.69944e+02
   1.10629e-08   4.61413e+02
   1.10639e-08   4.61413e+02
   1.10649e-08   4.61413e+02
   1.10659e-08   4.61413e+02
   1.10669e-08   4.61413e+02
   1.10680e-08   4.61413e+02
   1.10690e-08   4.61413e+02
   1.10700e-08   4.61413e+02
   1.10710e-08   4.61413e+02
   1.10720e-08   4.61413e+02
   1.10730e-08   4.61413e+02
   1.10740e-08   4.61413e+02
   1.10750e-08   4.61413e+02
   1.10760e-08   4.61413e+02
   1.10770e-08   4.61413e+02
   1.10780e-08   4.61413e+02
   1.10790e-08   4.61413e+02
   1.10800e-08   4.61413e+02
   1.10810e-08   4.61413e+02
   1.10820e-08   4.61413e+02
   1.10830e-08   4.61413e+02
   1.10840e-08   4.61413e+02
   1.10850e-08   4.61413e+02
   1.10861e-08   4.61413e+02
   1.10871e-08   2.09633e+01
   1.10881e-08   2.09633e+01
   1.10891e-08   2.09633e+01
   1.10901e-08   2.09633e+01
   1.10911e-08   2.09633e+01
   1.10921e-08   2.09633e+01
   1.10931e-08   2.09633e+01
   1.10941e-08   2.09633e+01
   1.10951e-08   2.09633e+01
   1.10961e-08   2.09633e+01
   1.10971e-08   2.09633e+01
   1.10981e-08   2.09633e+01
   1.10991e-08   2.09633e+01
   1.11001e-08   2.09633e+01
   1.11011e-08   2.09633e+01
   1.11021e-08   2.09633e+01
   1.11031e-08   2.09633e+01
   1.11042e-08   2.09633e+01
   1.11052e-08   2.09633e+01
   1.11062e-08   2.09633e+01
   1.11072e-08   2.09633e+01
   1.11082e-08   2.09633e+01
   1.11092e-08   2.09633e+01
   1.11102e-08   2.09633e+01
   1.11112e-08   -1.63439e+02
   1.11122e-08   -1.63439e+02
   1.11132e-08   -1.63439e+02
   1.11142e-08   -1.63439e+02
   1.11152e-08   -1.63439e+02
   1.11162e-08   -1.63439e+02
   1.11172e-08   -1.63439e+02
   1.11182e-08   -1.63439e+02
   1.11192e-08   -1.63439e+02
   1.11202e-08   -1.63439e+02
   1.11212e-08   -1.63439e+02
   1.11223e-08   -1.63439e+02
   1.11233e-08   -1.63439e+02
   1.11243e-08   -1.63439e+02
   1.11253e-08   -1.63439e+02
   1.11263e-08   -1.63439e+02
   1.11273e-08   -1.63439e+02
   1.11283e-08   -1.63439e+02
   1.11293e-08   -1.63439e+02
   1.11303e-08   -1.63439e+02
   1.11313e-08   -1.63439e+02
   1.11323e-08   -1.63439e+02
   1.11333e-08   -1.63439e+02
   1.11343e-08   -2.80350e+02
   1.11353e-08   -2.80350e+02
   1.11363e-08   -2.80350e+02
   1.11373e-08   -2.80350e+02
   1.11383e-08   -2.80350e+02
   1.11393e-08   -2.80350e+02
   1.11404e-08   -2.80350e+02
   1.11414e-08   -2.80350e+02
   1.11424e-08   -2.80350e+02
   1.11434e-08   -2.80350e+02
   1.11444e-08   -2.80350e+02
   1.11454e-08   -2.80350e+02
   1.11464e-08   -2.80350e+02
   1.11474e-08   -2.80350e+02
   1.11484e-08   -2.80350e+02
   1.11494e-08   -2.80350e+02
   1.11504e-08   -2.80350e+02
   1.11514e-08   -2.80350e+02
   1.11524e-08   -2.80350e+02
   1.11534e-08   -2.80350e+02
   1.11544e-08   -2.80350e+02
   1.11554e-08   -2.80350e+02
   1.11564e-08   -2.80350e+02
   1.11575e-08   -2.80350e+02
   1.11585e-08   -3.66008e+02
   1.11595e-08   -3.66008e+02
   1.11605e-08   -3.66008e+02
   1.11615e-08   -3.66008e+02
   1.11625e-08   -3.66008e+02
   1.11635e-08   -3.66008e+02
   1.11645e-08   -3.66008e+02
   1.11655e-08   -3.66008e+02
   1.11665e-08   -3.66008e+02
   1.11675e-08   -3.66008e+02
   1.11685e-08   -3.66008e+02
   1.11695e-08   -3.66008e+02
   1.11705e-08   -3.66008e+02
   1.11715e-08   -3.66008e+02
   1.11725e-08   -3.66008e+02
   1.11735e-08   -3.66008e+02
   1.11745e-08   -3.66008e+02
   1.11756e-08   -3.66008e+02
   1.11766e-08   -3.66008e+02
   1.11776e-08   -3.66008e+02
   1.11786e-08   -3.66008e+02
   1.11796e-08   -3.66008e+02
   1.11806e-08   -3.66008e+02
   1.11816e-08   -4.33371e+02
   1.11826e-08   -4.33371e+02
   1.11836e-08   -4.33371e+02
   1.11846e-08   -4.33371e+02
   1.11856e-08   -4.33371e+02
   1.11866e-08   -4.33371e+02
   1.11876e-08   -4.33371e+02
   1.11886e-08   -4.33371e+02
   1.11896e-08   -4.33371e+02
   1.11906e-08   -4.33371e+02
   1.11916e-08   -4.33371e+02
   1.11927e-08   -4.33371e+02
   1.11937e-08   -4.33371e+02
   1.11947e-08   -4.33371e+02
   1.11957e-08   -4.33371e+02
   1.11967e-08   -4.33371e+02
   1.11977e-08   -4.33371e+02
   1.11987e-08   -4.33371e+02
   1.11997e-08   -4.33371e+02
   1.12007e-08   -4.33371e+02
   1.12017e-08   -4.33371e+02
   1.12027e-08   -4.33371e+02
   1.12037e-08   -4.33371e+02
   1.12047e-08   -4.33371e+02
   1.12057e-08   -4.88571e+02
   1.12067e-08   -4.88571e+02
   1.12077e-08   -4.88571e+02
   1.12087e-08   -4.88571e+02
   1.12098e-08   -4.88571e+02
   1.12108e-08   -4.88571e+02
   1.12118e-08   -4.88571e+02
   1.12128e-08   -4.88571e+02
   1.12138e-08   -4.88571e+02
   1.12148e-08   -4.88571e+02
   1.12158e-08   -4.88571e+02
   1.12168e-08   -4.88571e+02
   1.12178e-08   -4.88571e+02
   1.12188e-08   -4.88571e+02
   1.12198e-08   -4.88571e+02
   1.12208e-08   -4.88571e+02
   1.12218e-08   -4.88571e+02
   1.12228e-08   -4.88571e+02
   1.12238e-08   -4.88571e+02
   1.12248e-08   -4.88571e+02
   1.12258e-08   -4.88571e+02
   1.12269e-08   -4.88571e+02
   1.12279e-08   -4.88571e+02
   1.12289e-08   -4.88571e+02
   1.12299e-08   -5.35015e+02
   1.12309e-08   -5.35015e+02
   1.12319e-08   -5.35015e+02
   1.12329e-08   -5.35015e+02
   1.12339e-08   -5.35015e+02
   1.12349e-08   -5.35015e+02
   1.12359e-08   -5.35015e+02
   1.12369e-08   -5.35015e+02
   1.12379e-08   -5.35015e+02
   1.12389e-08   -5.35015e+02
   1.12399e-08   -5.35015e+02
   1.12409e-08   -5.35015e+02
   1.12419e-08   -5.35015e+02
   1.12429e-08   -5.35015e+02
   1.12440e-08   -5.35015e+02
   1.12450e-08   -5.35015e+02
   1.12460e-08   -5.35015e+02
   1.12470e-08   -5.35015e+02
   1.12480e-08   -5.35015e+02
   1.12490e-08   -5.35015e+02
   1.12500e-08   -5.35015e+02
   1.12510e-08   -5.35015e+02
   1.12520e-08   -5.35015e+02
   1.12530e-08   -5.74800e+02
   1.12540e-08   -5.74800e+02
   1.12550e-08   -5.74800e+02
   1.12560e-08   -5.74800e+02
   1.12570e-08   -5.74800e+02
   1.12580e-08   -5.74800e+02
   1.12590e-08   -5.74800e+02
   1.12601e-08   -5.74800e+02
   1.12611e-08   -5.74800e+02
   1.12621e-08   -5.74800e+02
   1.12631e-08   -5.74800e+02
   1.12641e-08   -5.74800e+02
   1.12651e-08   -5.74800e+02
   1.12661e-08   -5.74800e+02
   1.12671e-08   -5.74800e+02
   1.12681e-08   -5.74800e+02
   1.12691e-08   -5.74800e+02
   1.12701e-08   -5.74800e+02
   1.12711e-08   -5.74800e+02
   1.12721e-08   -5.74800e+02
   1.12731e-08   -5.74800e+02
   1.12741e-08   -5.74800e+02
   1.12751e-08   -5.74800e+02
   1.12761e-08   -5.74800e+02
   1.12772e-08   -6.09302e+02
   1.12782e-08   -6.09302e+02
   1.12792e-08   -6.09302e+02
   1.12802e-08   -6.09302e+02
   1.12812e-08   -6.09302e+02
   1.12822e-08   -6.09302e+02
   1.12832e-08   -6.09302e+02
   1.12842e-08   -6.09302e+02
   1.12852e-08   -6.09302e+02
   1.12862e-08   -6.09302e+02
   1.12872e-08   -6.09302e+02
   1.12882e-08   -6.09302e+02
   1.12892e-08   -6.09302e+02
   1.12902e-08   -6.09302e+02
   1.12912e-08   -6.09302e+02
   1.12922e-08   -6.09302e+02
   1.12933e-08   -6.09302e+02
   1.12943e-08   -6.09302e+02
   1.12953e-08   -6.09302e+02
   1.12963e-08   -6.09302e+02
   1.12973e-08   -6.09302e+02
   1.12983e-08   -6.09302e+02
   1.12993e-08   -6.09302e+02
   1.13003e-08   -6.09302e+02
   1.13013e-08   -6.39469e+02
   1.13023e-08   -6.39469e+02
   1.13033e-08   -6.39469e+02
   1.13043e-08   -6.39469e+02
   1.13053e-08   -6.39469e+02
   1.13063e-08   -6.39469e+02
   1.13073e-08   -6.39469e+02
   1.13083e-08   -6.39469e+02
   1.13093e-08   -6.39469e+02
   1.13104e-08   -6.39469e+02
   1.13114e-08   -6.39469e+02
   1.13124e-08   -6.39469e+02
   1.13134e-08   -6.39469e+02
   1.13144e-08   -6.39469e+02
   1.13154e-08   -6.39469e+02
   1.13164e-08   -6.39469e+02
   1.13174e-08   -6.39469e+02
   1.13184e-08   -6.39469e+02
   1.13194e-08   -6.39469e+02
   1.13204e-08   -6.39469e+02
   1.13214e-08   -6.39469e+02
   1.13224e-08   -6.39469e+02
   1.13234e-08   -6.39469e+02
   1.13244e-08   -6.65964e+02
   1.13254e-08   -6.65964e+02
   1.13265e-08   -6.65964e+02
   1.13275e-08   -6.65964e+02
   1.13285e-08   -6.65964e+02
   1.13295e-08   -6.65964e+02
   1.13305e-08   -6.65964e+02
   1.13315e-08   -6.65964e+02
   1.13325e-08   -6.65964e+02
   1.13335e-08   -6.65964e+02
   1.13345e-08   -6.65964e+02
   1.13355e-08   -6.65964e+02
   1.13365e-08   -6.65964e+02
   1.13375e-08   -6.65964e+02
   1.13385e-08   -6.65964e+02
   1.13395e-08   -6.65964e+02
   1.13405e-08   -6.65964e+02
   1.13415e-08   -6.65964e+02
   1.13426e-08   -6.65964e+02
   1.13436e-08   -6.65964e+02
   1.13446e-08   -6.65964e+02
   1.13456e-08   -6.65964e+02
   1.13466e-08   -6.65964e+02
   1.13476e-08   -6.65964e+02
   1.13486e-08   -6.89254e+02
   1.13496e-08   -6.89254e+02
   1.13506e-08   -6.89254e+02
   1.13516e-08   -6.89254e+02
   1.13526e-08   -6.89254e+02
   1.13536e-08   -6.89254e+02
   1.13546e-08   -6.89254e+02
   1.13556e-08   -6.89254e+02
   1.13566e-08   -6.89254e+02
   1.13576e-08   -6.89254e+02
   1.13587e-08   -6.89254e+02
   1.13597e-08   -6.89254e+02
   1.13607e-08   -6.89254e+02
   1.13617e-08   -6.89254e+02
   1.13627e-08   -6.89254e+02
   1.13637e-08   -6.89254e+02
   1.13647e-08   -6.89254e+02
   1.13657e-08   -6.89254e+02
   1.13667e-08   -6.89254e+02
   1.13677e-08   -6.89254e+02
   1.13687e-08   -6.89254e+02
   1.13697e-08   -6.89254e+02
   1.13707e-08   -6.89254e+02
   1.13717e-08   -7.09661e+02
   1.13727e-08   -7.09661e+02
   1.13737e-08   -7.09661e+02
   1.13748e-08   -7.09661e+02
   1.13758e-08   -7.09661e+02
   1.13768e-08   -7.09661e+02
   1.13778e-08   -7.09661e+02
   1.13788e-08   -7.09661e+02
   1.13798e-08   -7.09661e+02
   1.13808e-08   -7.09661e+02
   1.13818e-08   -7.09661e+02
   1.13828e-08   -7.09661e+02
   1.13838e-08   -7.09661e+02
   1.13848e-08   -7.09661e+02
   1.13858e-08   -7.09661e+02
   1.13868e-08   -7.09661e+02
   1.13878e-08   -7.09661e+02
   1.13888e-08   -7.09661e+02
   1.13898e-08   -7.09661e+02
   1.13909e-08   -7.09661e+02
   1.13919e-08   -7.09661e+02
   1.13929e-08   -7.09661e+02
   1.13939e-08   -7.09661e+02
   1.13949e-08   -7.09661e+02
   1.13959e-08   -7.27384e+02
   1.13969e-08   -7.27384e+02
   1.13979e-08   -7.27384e+02
   1.13989e-08   -7.27384e+02
   1.13999e-08   -7.27384e+02
   1.14009e-08   -7.27384e+02
   1.14019e-08   -7.27384e+02
   1.14029e-08   -7.27384e+02
   1.14039e-08   -7.27384e+02
   1.14049e-08   -7.27384e+02
   1.14060e-08   -7.27384e+02
   1.14070e-08   -7.27384e+02
   1.14080e-08   -7.27384e+02
   1.14090e-08   -7.27384e+02
   1.14100e-08   -7.27384e+02
   1.14110e-08   -7.27384e+02
   1.14120e-08   -7.27384e+02
   1.14130e-08   -7.27384e+02
   1.14140e-08   -7.27384e+02
   1.14150e-08   -7.27384e+02
   1.14160e-08   -7.27384e+02
   1.14170e-08   -7.27384e+02
   1.14180e-08   -7.27384e+02
   1.14190e-08   -7.27384e+02
   1.14200e-08   -7.42514e+02
   1.14210e-08   -7.42514e+02
   1.14221e-08   -7.42514e+02
   1.14231e-08   -7.42514e+02
   1.14241e-08   -7.42514e+02
   1.14251e-08   -7.42514e+02
   1.14261e-08   -7.42514e+02
   1.14271e-08   -7.42514e+02
   1.14281e-08   -7.42514e+02
   1.14291e-08   -7.42514e+02
   1.14301e-08   -7.42514e+02
   1.14311e-08   -7.42514e+02
   1.14321e-08   -7.42514e+02
   1.14331e-08   -7.42514e+02
   1.14341e-08   -7.42514e+02
   1.14351e-08   -7.42514e+02
   1.14361e-08   -7.42514e+02
   1.14372e-08   -7.42514e+02
   1.14382e-08   -7.42514e+02
   1.14392e-08   -7.42514e+02
   1.14402e-08   -7.42514e+02
   1.14412e-08   -7.42514e+02
   1.14422e-08   -7.42514e+02
   1.14432e-08   -3.81496e+03
   1.14442e-08   -3.81496e+03
   1.14452e-08   -3.81496e+03
   1.14462e-08   -3.81496e+03
   1.14472e-08   -3.81496e+03
   1.14482e-08   -3.81496e+03
   1.14492e-08   -3.81496e+03
   1.14502e-08   -3.81496e+03
   1.14512e-08   -3.81496e+03
   1.14522e-08   -3.81496e+03
   1.14533e-08   -3.81496e+03
   1.14543e-08   -3.81496e+03
   1.14553e-08   -3.81496e+03
   1.14563e-08   -3.81496e+03
   1.14573e-08   -3.81496e+03
   1.14583e-08   -3.81496e+03
   1.14593e-08   -3.81496e+03
   1.14603e-08   -3.81496e+03
   1.14613e-08   -3.81496e+03
   1.14623e-08   -3.81496e+03
   1.14633e-08   -3.81496e+03
   1.14643e-08   -3.81496e+03
   1.14653e-08   -3.81496e+03
   1.14663e-08   -3.81496e+03
   1.14673e-08   -6.80839e+02
   1.14684e-08   -6.80839e+02
   1.14694e-08   -6.80839e+02
   1.14704e-08   -6.80839e+02
   1.14714e-08   -6.80839e+02
   1.14724e-08   -6.80839e+02
   1.14734e-08   -6.80839e+02
   1.14744e-08   -6.80839e+02
   1.14754e-08   -6.80839e+02
   1.14764e-08   -6.80839e+02
   1.14774e-08   -6.80839e+02
   1.14784e-08   -6.80839e+02
   1.14794e-08   -6.80839e+02
   1.14804e-08   -6.80839e+02
   1.14814e-08   -6.80839e+02
   1.14824e-08   -6.80839e+02
   1.14835e-08   -6.80839e+02
   1.14845e-08   -6.80839e+02
   1.14855e-08   -6.80839e+02
   1.14865e-08   -6.80839e+02
   1.14875e-08   -6.80839e+02
   1.14885e-08   -6.80839e+02
   1.14895e-08   -6.80839e+02
   1.14905e-08   -7.13326e+02
   1.14915e-08   -7.13326e+02
   1.14925e-08   -7.13326e+02
   1.14935e-08   -7.13326e+02
   1.14945e-08   -7.13326e+02
   1.14955e-08   -7.13326e+02
   1.14965e-08   -7.13326e+02
   1.14975e-08   -7.13326e+02
   1.14986e-08   -7.13326e+02
   1.14996e-08   -7.13326e+02
   1.15006e-08   -7.13326e+02
   1.15016e-08   -7.13326e+02
   1.15026e-08   -7.13326e+02
   1.15036e-08   -7.13326e+02
   1.15046e-08   -7.13326e+02
   1.15056e-08   -7.13326e+02
   1.15066e-08   -7.13326e+02
   1.15076e-08   -7.13326e+02
   1.15086e-08   -7.13326e+02
   1.15096e-08   -7.13326e+02
   1.15106e-08   -7.13326e+02
   1.15116e-08   -7.13326e+02
   1.15126e-08   -7.13326e+02
   1.15136e-08   -7.13326e+02
   1.15147e-08   -7.31229e+02
   1.15157e-08   -7.31229e+02
   1.15167e-08   -7.31229e+02
   1.15177e-08   -7.31229e+02
   1.15187e-08   -7.31229e+02
   1.15197e-08   -7.31229e+02
   1.15207e-08   -7.31229e+02
   1.15217e-08   -7.31229e+02
   1.15227e-08   -7.31229e+02
   1.15237e-08   -7.31229e+02
   1.15247e-08   -7.31229e+02
   1.15257e-08   -7.31229e+02
   1.15267e-08   -7.31229e+02
   1.15277e-08   -7.31229e+02
   1.15288e-08   -7.31229e+02
   1.15298e-08   -7.31229e+02
   1.15308e-08   -7.31229e+02
   1.15318e-08   -7.31229e+02
   1.15328e-08   -7.31229e+02
   1.15338e-08   -7.31229e+02
   1.15348e-08   -7.31229e+02
   1.15358e-08   -7.31229e+02
   1.15368e-08   -7.31229e+02
   1.15378e-08   -7.31229e+02
   1.15388e-08   -7.42260e+02
   1.15398e-08   -7.42260e+02
   1.15408e-08   -7.42260e+02
   1.15418e-08   -7.42260e+02
   1.15428e-08   -7.42260e+02
   1.15439e-08   -7.42260e+02
   1.15449e-08   -7.42260e+02
   1.15459e-08   -7.42260e+02
   1.15469e-08   -7.42260e+02
   1.15479e-08   -7.42260e+02
   1.15489e-08   -7.42260e+02
   1.15499e-08   -7.42260e+02
   1.15509e-08   -7.42260e+02
   1.15519e-08   -7.42260e+02
   1.15529e-08   -7.42260e+02
   1.15539e-08   -7.42260e+02
   1.15549e-08   -7.42260e+02
   1.15559e-08   -7.42260e+02
   1.15569e-08   -7.42260e+02
   1.15579e-08   -7.42260e+02
   1.15590e-08   -7.42260e+02
   1.15600e-08   -7.42260e+02
   1.15610e-08   -7.42260e+02
   1.15620e-08   -7.47970e+02
   1.15630e-08   -7.47970e+02
   1.15640e-08   -7.47970e+02
   1.15650e-08   -7.47970e+02
   1.15660e-08   -7.47970e+02
   1.15670e-08   -7.47970e+02
   1.15680e-08   -7.47970e+02
   1.15690e-08   -7.47970e+02
   1.15700e-08   -7.47970e+02
   1.15710e-08   -7.47970e+02
   1.15720e-08   -7.47970e+02
   1.15730e-08   -7.47970e+02
   1.15741e-08   -7.47970e+02
   1.15751e-08   -7.47970e+02
   1.15761e-08   -7.47970e+02
   1.15771e-08   -7.47970e+02
   1.15781e-08   -7.47970e+02
   1.15791e-08   -7.47970e+02
   1.15801e-08   -7.47970e+02
   1.15811e-08   -7.47970e+02
   1.15821e-08   -7.47970e+02
   1.15831e-08   -7.47970e+02
   1.15841e-08   -7.47970e+02
   1.15851e-08   -7.47970e+02
   1.15861e-08   -7.48356e+02
   1.15871e-08   -7.48356e+02
   1.15881e-08   -7.48356e+02
   1.15892e-08   -7.48356e+02
   1.15902e-08   -7.48356e+02
   1.15912e-08   -7.48356e+02
   1.15922e-08   -7.48356e+02
   1.15932e-08   -7.48356e+02
   1.15942e-08   -7.48356e+02
   1.15952e-08   -7.48356e+02
   1.15962e-08   -7.48356e+02
   1.15972e-08   -7.48356e+02
   1.15982e-08   -7.48356e+02
   1.15992e-08   -7.48356e+02
   1.16002e-08   -7.48356e+02
   1.16012e-08   -7.48356e+02
   1.16022e-08   -7.48356e+02
   1.16033e-08   -7.48356e+02
   1.16043e-08   -7.48356e+02
   1.16053e-08   -7.48356e+02
   1.16063e-08   -7.48356e+02
   1.16073e-08   -7.48356e+02
   1.16083e-08   -7.48356e+02
   1.16093e-08   -7.42564e+02
   1.16103e-08   -7.42564e+02
   1.16113e-08   -7.42564e+02
   1.16123e-08   -7.42564e+02
   1.16133e-08   -7.42564e+02
   1.16143e-08   -7.42564e+02
   1.16153e-08   -7.42564e+02
   1.16163e-08   -7.42564e+02
   1.16173e-08   -7.42564e+02
   1.16184e-08   -7.42564e+02
   1.16194e-08   -7.42564e+02
   1.16204e-08   -7.42564e+02
   1.16214e-08   -7.42564e+02
   1.16224e-08   -7.42564e+02
   1.16234e-08   -7.42564e+02
   1.16244e-08   -7.42564e+02
   1.16254e-08   -7.42564e+02
   1.16264e-08   -7.42564e+02
   1.16274e-08   -7.42564e+02
   1.16284e-08   -7.42564e+02
   1.16294e-08   -7.42564e+02
   1.16304e-08   -7.42564e+02
   1.16314e-08   -7.42564e+02
   1.16325e-08   -7.42564e+02
   1.16335e-08   -7.28938e+02
   1.16345e-08   -7.28938e+02
   1.16355e-08   -7.28938e+02
   1.16365e-08   -7.28938e+02
   1.16375e-08   -7.28938e+02
   1.16385e-08   -7.28938e+02
   1.16395e-08   -7.28938e+02
   1.16405e-08   -7.28938e+02
   1.16415e-08   -7.28938e+02
   1.16425e-08   -7.28938e+02
   1.16435e-08   -7.28938e+02
   1.16445e-08   -7.28938e+02
   1.16455e-08   -7.28938e+02
   1.16465e-08   -7.28938e+02
   1.16476e-08   -7.28938e+02
   1.16486e-08   -7.28938e+02
   1.16496e-08   -7.28938e+02
   1.16506e-08   -7.28938e+02
   1.16516e-08   -7.28938e+02
   1.16526e-08   -7.28938e+02
   1.16536e-08   -7.28938e+02
   1.16546e-08   -7.28938e+02
   1.16556e-08   -7.28938e+02
   1.16566e-08   -7.28938e+02
   1.16576e-08   -7.04859e+02
   1.16586e-08   -7.04859e+02
   1.16596e-08   -7.04859e+02
   1.16606e-08   -7.04859e+02
   1.16617e-08   -7.04859e+02
   1.16627e-08   -7.04859e+02
   1.16637e-08   -7.04859e+02
   1.16647e-08   -7.04859e+02
   1.16657e-08   -7.04859e+02
   1.16667e-08   -7.04859e+02
   1.16677e-08   -7.04859e+02
   1.16687e-08   -7.04859e+02
   1.16697e-08   -7.04859e+02
   1.16707e-08   -7.04859e+02
   1.16717e-08   -7.04859e+02
   1.16727e-08   -7.04859e+02
   1.16737e-08   -7.04859e+02
   1.16747e-08   -7.04859e+02
   1.16758e-08   -7.04859e+02
   1.16768e-08   -7.04859e+02
   1.16778e-08   -7.04859e+02
   1.16788e-08   -7.04859e+02
   1.16798e-08   -7.04859e+02
   1.16808e-08   -6.66539e+02
   1.16818e-08   -6.66539e+02
   1.16828e-08   -6.66539e+02
   1.16838e-08   -6.66539e+02
   1.16848e-08   -6.66539e+02
   1.16858e-08   -6.66539e+02
   1.16868e-08   -6.66539e+02
   1.16878e-08   -6.66539e+02
   1.16888e-08   -6.66539e+02
   1.16899e-08   -6.66539e+02
   1.16909e-08   -6.66539e+02
   1.16919e-08   -6.66539e+02
   1.16929e-08   -6.66539e+02
   1.16939e-08   -6.66539e+02
   1.16949e-08   -6.66539e+02
   1.16959e-08   -6.66539e+02
   1.16969e-08   -6.66539e+02
   1.16979e-08   -6.66539e+02
   1.16989e-08   -6.66539e+02
   1.16999e-08   -6.66539e+02
   1.17009e-08   -6.66539e+02
   1.17019e-08   -6.66539e+02
   1.17029e-08   -6.66539e+02
   1.17039e-08   -6.66539e+02
   1.17050e-08   -6.09110e+02
   1.17060e-08   -6.09110e+02
   1.17070e-08   -6.09110e+02
   1.17080e-08   -6.09110e+02
   1.17090e-08   -6.09110e+02
   1.17100e-08   -6.09110e+02
   1.17110e-08   -6.09110e+02
   1.17120e-08   -6.09110e+02
   1.17130e-08   -6.09110e+02
   1.17140e-08   -6.09110e+02
   1.17150e-08   -6.09110e+02
   1.17160e-08   -6.09110e+02
   1.17170e-08   -6.09110e+02
   1.17180e-08   -6.09110e+02
   1.17191e-08   -6.09110e+02
   1.17201e-08   -6.09110e+02
   1.17211e-08   -6.09110e+02
   1.17221e-08   -6.09110e+02
   1.17231e-08   -6.09110e+02
   1.17241e-08   -6.09110e+02
   1.17251e-08   -6.09110e+02
   1.17261e-08   -6.09110e+02
   1.17271e-08   -6.09110e+02
   1.17281e-08   -6.09110e+02
   1.17291e-08   -2.00024e+03
   1.17301e-08   -2.00024e+03
   1.17311e-08   -2.00024e+03
   1.17321e-08   -2.00024e+03
   1.17332e-08   -2.00024e+03
   1.17342e-08   -2.00024e+03
   1.17352e-08   -2.00024e+03
   1.17362e-08   -2.00024e+03
   1.17372e-08   -2.00024e+03
   1.17382e-08   -2.00024e+03
   1.17392e-08   -2.00024e+03
   1.17402e-08   -2.00024e+03
   1.17412e-08   -2.00024e+03
   1.17422e-08   -2.00024e+03
   1.17432e-08   -2.00024e+03
   1.17442e-08   -2.00024e+03
   1.17452e-08   -2.00024e+03
   1.17462e-08   -2.00024e+03
   1.17473e-08   -2.00024e+03
   1.17483e-08   -2.00024e+03
   1.17493e-08   -2.00024e+03
   1.17503e-08   -2.00024e+03
   1.17513e-08   -2.00024e+03
   1.17523e-08   -1.67495e+03
   1.17533e-08   -1.67495e+03
   1.17543e-08   -1.67495e+03
   1.17553e-08   -1.67495e+03
   1.17563e-08   -1.67495e+03
   1.17573e-08   -1.67495e+03
   1.17583e-08   -1.67495e+03
   1.17593e-08   -1.67495e+03
   1.17603e-08   -1.67495e+03
   1.17614e-08   -1.67495e+03
   1.17624e-08   -1.67495e+03
   1.17634e-08   -1.67495e+03
   1.17644e-08   -1.67495e+03
   1.17654e-08   -1.67495e+03
   1.17664e-08   -1.67495e+03
   1.17674e-08   -1.67495e+03
   1.17684e-08   -1.67495e+03
   1.17694e-08   -1.67495e+03
   1.17704e-08   -1.67495e+03
   1.17714e-08   -1.67495e+03
   1.17724e-08   -1.67495e+03
   1.17734e-08   -1.67495e+03
   1.17744e-08   -1.67495e+03
   1.17755e-08   -1.67495e+03
   1.17765e-08   -5.17846e+02
   1.17775e-08   -5.17846e+02
   1.17785e-08   -5.17846e+02
   1.17795e-08   -5.17846e+02
   1.17805e-08   -5.17846e+02
   1.17815e-08   -5.17846e+02
   1.17825e-08   -5.17846e+02
   1.17835e-08   -5.17846e+02
   1.17845e-08   -5.17846e+02
   1.17855e-08   -5.17846e+02
   1.17865e-08   -5.17846e+02
   1.17875e-08   -5.17846e+02
   1.17886e-08   -5.17846e+02
   1.17896e-08   -5.17846e+02
   1.17906e-08   -5.17846e+02
   1.17916e-08   -5.17846e+02
   1.17926e-08   -5.17846e+02
   1.17936e-08   -5.17846e+02
   1.17946e-08   -5.17846e+02
   1.17956e-08   -5.17846e+02
   1.17966e-08   -5.17846e+02
   1.17976e-08   -5.17846e+02
   1.17986e-08   -5.17846e+02
   1.17996e-08   -5.44508e+02
   1.18006e-08   -5.44508e+02
   1.18016e-08   -5.44508e+02
   1.18027e-08   -5.44508e+02
   1.18037e-08   -5.44508e+02
   1.18047e-08   -5.44508e+02
   1.18057e-08   -5.44508e+02
   1.18067e-08   -5.44508e+02
   1.18077e-08   -5.44508e+02
   1.18087e-08   -5.44508e+02
   1.18097e-08   -5.44508e+02
   1.18107e-08   -5.44508e+02
   1.18117e-08   -5.44508e+02
   1.18127e-08   -5.44508e+02
   1.18137e-08   -5.44508e+02
   1.18147e-08   -5.44508e+02
   1.18157e-08   -5.44508e+02
   1.18168e-08   -5.44508e+02
   1.18178e-08   -5.44508e+02
   1.18188e-08   -5.44508e+02
   1.18198e-08   -5.44508e+02
   1.18208e-08   -5.44508e+02
   1.18218e-08   -5.44508e+02
   1.18228e-08   -5.44508e+02
   1.18238e-08   -5.61566e+02
   1.18248e-08   -5.61566e+02
   1.18258e-08   -5.61566e+02
   1.18268e-08   -5.61566e+02
   1.18278e-08   -5.61566e+02
   1.18288e-08   -5.61566e+02
   1.18298e-08   -5.61566e+02
   1.18309e-08   -5.61566e+02
   1.18319e-08   -5.61566e+02
   1.18329e-08   -5.61566e+02
   1.18339e-08   -5.61566e+02
   1.18349e-08   -5.61566e+02
   1.18359e-08   -5.61566e+02
   1.18369e-08   -5.61566e+02
   1.18379e-08   -5.61566e+02
   1.18389e-08   -5.61566e+02
   1.18399e-08   -5.61566e+02
   1.18409e-08   -5.61566e+02
   1.18419e-08   -5.61566e+02
   1.18429e-08   -5.61566e+02
   1.18440e-08   -5.61566e+02
   1.18450e-08   -5.61566e+02
   1.18460e-08   -5.61566e+02
   1.18470e-08   -5.61566e+02
   1.18480e-08   -5.69775e+02
   1.18490e-08   -5.69775e+02
   1.18500e-08   -5.69775e+02
   1.18510e-08   -5.69775e+02
   1.18520e-08   -5.69775e+02
   1.18530e-08   -5.69775e+02
   1.18540e-08   -5.69775e+02
   1.18550e-08   -5.69775e+02
   1.18560e-08   -5.69775e+02
   1.18570e-08   -5.69775e+02
   1.18581e-08   -5.69775e+02
   1.18591e-08   -5.69775e+02
   1.18601e-08   -5.69775e+02
   1.18611e-08   -5.69775e+02
   1.18621e-08   -5.69775e+02
   1.18631e-08   -5.69775e+02
   1.18641e-08   -5.69775e+02
   1.18651e-08   -5.69775e+02
   1.18661e-08   -5.69775e+02
   1.18671e-08   -5.69775e+02
   1.18681e-08   -5.69775e+02
   1.18691e-08   -5.69775e+02
   1.18701e-08   -5.69775e+02
   1.18712e-08   -5.66700e+02
   1.18722e-08   -5.66700e+02
   1.18732e-08   -5.66700e+02
   1.18742e-08   -5.66700e+02
   1.18752e-08   -5.66700e+02
   1.18762e-08   -5.66700e+02
   1.18772e-08   -5.66700e+02
   1.18782e-08   -5.66700e+02
   1.18792e-08   -5.66700e+02
   1.18802e-08   -5.66700e+02
   1.18812e-08   -5.66700e+02
   1.18822e-08   -5.66700e+02
   1.18832e-08   -5.66700e+02
   1.18842e-08   -5.66700e+02
   1.18853e-08   -5.66700e+02
   1.18863e-08   -5.66700e+02
   1.18873e-08   -5.66700e+02
   1.18883e-08   -5.66700e+02
   1.18893e-08   -5.66700e+02
   1.18903e-08   -5.66700e+02
   1.18913e-08   -5.66700e+02
   1.18923e-08   -5.66700e+02
   1.18933e-08   -5.66700e+02
   1.18943e-08   -5.66700e+02
   1.18953e-08   -5.45300e+02
   1.18963e-08   -5.45300e+02
   1.18973e-08   -5.45300e+02
   1.18984e-08   -5.45300e+02
   1.18994e-08   -5.45300e+02
   1.19004e-08   -5.45300e+02
   1.19014e-08   -5.45300e+02
   1.19024e-08   -5.45300e+02
   1.19034e-08   -5.45300e+02
   1.19044e-08   -5.45300e+02
   1.19054e-08   -5.45300e+02
   1.19064e-08   -5.45300e+02
   1.19074e-08   -5.45300e+02
   1.19084e-08   -5.45300e+02
   1.19094e-08   -5.45300e+02
   1.19104e-08   -5.45300e+02
   1.19114e-08   -5.45300e+02
   1.19125e-08   -5.45300e+02
   1.19135e-08   -5.45300e+02
   1.19145e-08   -5.45300e+02
   1.19155e-08   -5.45300e+02
   1.19165e-08   -5.45300e+02
   1.19175e-08   -5.45300e+02
