    TIME (SEC)       DEPTH222
   1.01312e-12   0.00000e+00
   2.01893e-12   1.23845e-08
   3.02027e-12   6.72014e-08
   4.03618e-12   1.49486e-06
   5.04266e-12   3.89529e-06
   6.05924e-12   5.49973e-06
   7.06167e-12   6.69951e-06
   8.07018e-12   7.68959e-06
   9.08304e-12   8.09742e-06
   1.00985e-11   8.48708e-06
   1.11152e-11   8.68175e-06
   1.21326e-11   8.87264e-06
   1.31508e-11   8.88794e-06
   1.41697e-11   9.07157e-06
   1.51893e-11   9.08937e-06
   1.62095e-11   9.26775e-06
   1.72302e-11   9.28569e-06
   1.82516e-11   9.46034e-06
   1.92735e-11   9.47722e-06
   2.02959e-11   9.49771e-06
   2.12961e-11   9.66430e-06
   2.22968e-11   9.68287e-06
   2.32980e-11   9.84905e-06
   2.42996e-11   9.86432e-06
   2.53016e-11   9.88335e-06
   2.63041e-11   1.00447e-05
   2.73070e-11   1.00600e-05
   2.83103e-11   1.00788e-05
   2.93140e-11   1.00992e-05
   3.03181e-11   1.02512e-05
   3.13226e-11   1.02692e-05
   3.23274e-11   1.02888e-05
   3.33326e-11   1.04388e-05
   3.43382e-11   1.04549e-05
   3.53442e-11   1.04734e-05
   3.63505e-11   1.04931e-05
   3.73571e-11   1.06371e-05
   3.83641e-11   1.06536e-05
   3.93714e-11   1.06718e-05
   4.03791e-11   1.06911e-05
   4.13871e-11   1.08311e-05
   4.23954e-11   1.08468e-05
   4.34040e-11   1.08643e-05
   4.44130e-11   1.08828e-05
   4.54222e-11   1.10216e-05
   4.64318e-11   1.10347e-05
   4.74417e-11   1.10511e-05
   4.84518e-11   1.10686e-05
   4.94623e-11   1.10868e-05
   5.04731e-11   1.12191e-05
   5.14841e-11   1.12329e-05
   5.24955e-11   1.12490e-05
   5.35071e-11   1.12660e-05
   5.45190e-11   1.12836e-05
   5.55312e-11   1.14131e-05
   5.65437e-11   1.14252e-05
   5.75565e-11   1.14403e-05
   5.85695e-11   1.14565e-05
   5.95828e-11   1.14733e-05
   6.05964e-11   1.14905e-05
   6.16102e-11   1.16124e-05
   6.26243e-11   1.16258e-05
   6.36387e-11   1.16407e-05
   6.46533e-11   1.16564e-05
   6.56681e-11   1.16726e-05
   6.66833e-11   1.16891e-05
   6.76987e-11   1.18071e-05
   6.87143e-11   1.18196e-05
   6.97302e-11   1.18338e-05
   7.07463e-11   1.18487e-05
   7.17627e-11   1.18641e-05
   7.27793e-11   1.18798e-05
   7.37962e-11   1.18958e-05
   7.48133e-11   1.20073e-05
   7.58306e-11   1.20201e-05
   7.68482e-11   1.20340e-05
   7.78660e-11   1.20484e-05
   7.88840e-11   1.20631e-05
   7.99023e-11   1.20782e-05
   8.09208e-11   1.20934e-05
   8.19395e-11   1.22013e-05
   8.29585e-11   1.22132e-05
   8.39777e-11   1.22262e-05
   8.49971e-11   1.22398e-05
   8.60167e-11   1.22538e-05
   8.70366e-11   1.22680e-05
   8.80567e-11   1.22825e-05
   8.90770e-11   1.22971e-05
   9.00975e-11   1.23996e-05
   9.11182e-11   1.24113e-05
   9.21392e-11   1.24238e-05
   9.31603e-11   1.24368e-05
   9.41817e-11   1.24501e-05
   9.52033e-11   1.24636e-05
   9.62251e-11   1.24773e-05
   9.72471e-11   1.24911e-05
   9.82693e-11   1.25912e-05
   9.92917e-11   1.26015e-05
   1.00314e-10   1.26131e-05
   1.01337e-10   1.26253e-05
   1.02360e-10   1.26378e-05
   1.03383e-10   1.26504e-05
   1.04384e-10   1.26630e-05
   1.05384e-10   1.26757e-05
   1.06385e-10   1.26885e-05
   1.07385e-10   1.27857e-05
   1.08386e-10   1.27943e-05
   1.09387e-10   1.28048e-05
   1.10389e-10   1.28159e-05
   1.11390e-10   1.28273e-05
   1.12392e-10   1.28389e-05
   1.13394e-10   1.28507e-05
   1.14396e-10   1.28627e-05
   1.15398e-10   1.07246e-05
   1.16401e-10   1.08354e-05
   1.17403e-10   1.09461e-05
   1.18406e-10   1.10571e-05
   1.19409e-10   1.11585e-05
   1.20412e-10   1.12396e-05
   1.21415e-10   1.13061e-05
   1.22419e-10   1.13620e-05
   1.23423e-10   1.14104e-05
   1.24426e-10   1.14539e-05
   1.25430e-10   1.14941e-05
   1.26435e-10   1.15327e-05
   1.27439e-10   1.15704e-05
   1.28444e-10   1.16066e-05
   1.29448e-10   1.16428e-05
   1.30453e-10   1.16782e-05
   1.31458e-10   1.17129e-05
   1.32464e-10   1.17468e-05
   1.33469e-10   1.17805e-05
   1.34475e-10   1.18128e-05
   1.35480e-10   1.18451e-05
   1.36486e-10   1.18767e-05
   1.37492e-10   1.19078e-05
   1.38499e-10   1.19397e-05
   1.39505e-10   1.19706e-05
   1.40512e-10   1.20012e-05
   1.41519e-10   1.20318e-05
   1.42526e-10   1.20616e-05
   1.43533e-10   1.20913e-05
   1.44540e-10   1.21214e-05
   1.45547e-10   1.21510e-05
   1.46555e-10   1.21798e-05
   1.47563e-10   1.22087e-05
   1.48571e-10   1.22375e-05
   1.49579e-10   1.22653e-05
   1.50587e-10   1.22929e-05
   1.51595e-10   1.23205e-05
   1.52604e-10   1.23488e-05
   1.53613e-10   1.23759e-05
   1.54622e-10   1.24029e-05
   1.55631e-10   1.24299e-05
   1.56640e-10   1.24569e-05
   1.57649e-10   1.24830e-05
   1.58659e-10   1.25088e-05
   1.59668e-10   1.25346e-05
   1.60678e-10   1.25603e-05
   1.61688e-10   1.25859e-05
   1.62698e-10   1.26112e-05
   1.63709e-10   1.26364e-05
   1.64719e-10   1.26616e-05
   1.65730e-10   1.26867e-05
   1.66741e-10   1.27115e-05
   1.67751e-10   1.27356e-05
   1.68763e-10   1.27596e-05
   1.69774e-10   1.27836e-05
   1.70785e-10   1.28075e-05
   1.71797e-10   1.28314e-05
   1.72808e-10   1.28543e-05
   1.73820e-10   1.28778e-05
   1.74832e-10   1.29012e-05
   1.75844e-10   1.29246e-05
   1.76857e-10   1.29479e-05
   1.77869e-10   1.29710e-05
   1.78882e-10   1.29934e-05
   1.79894e-10   1.30157e-05
   1.80907e-10   1.30379e-05
   1.81920e-10   1.30601e-05
   1.82934e-10   1.30823e-05
   1.83947e-10   1.31044e-05
   1.84960e-10   1.31257e-05
   1.85974e-10   1.31471e-05
   1.86988e-10   1.31688e-05
   1.88002e-10   1.31905e-05
   1.89016e-10   1.32122e-05
   1.90030e-10   1.32338e-05
   1.91044e-10   1.32552e-05
   1.92059e-10   1.32758e-05
   1.93073e-10   1.32965e-05
   1.94088e-10   1.33171e-05
   1.95103e-10   1.33376e-05
   1.96118e-10   1.33581e-05
   1.97133e-10   1.33786e-05
   1.98149e-10   1.33990e-05
   1.99164e-10   1.34188e-05
   2.00180e-10   1.34387e-05
   2.01195e-10   1.34588e-05
   2.02211e-10   1.34789e-05
   2.03227e-10   1.34989e-05
   2.04244e-10   1.35189e-05
   2.05260e-10   1.35388e-05
   2.06276e-10   1.35587e-05
   2.07293e-10   1.35778e-05
   2.08310e-10   1.35969e-05
   2.09327e-10   1.36159e-05
   2.10344e-10   1.36349e-05
   2.11361e-10   1.36539e-05
   2.12378e-10   1.36728e-05
   2.13395e-10   1.36917e-05
   2.14413e-10   1.37105e-05
   2.15431e-10   1.37294e-05
   2.16448e-10   1.37480e-05
   2.17466e-10   1.37666e-05
   2.18485e-10   1.37851e-05
   2.19503e-10   1.38036e-05
   2.20521e-10   1.38221e-05
   2.21540e-10   1.38405e-05
   2.22558e-10   1.38589e-05
   2.23577e-10   1.38772e-05
   2.24596e-10   1.38955e-05
   2.25615e-10   1.39132e-05
   2.26634e-10   1.39307e-05
   2.27653e-10   1.39483e-05
   2.28673e-10   1.39658e-05
   2.29692e-10   1.39832e-05
   2.30712e-10   1.40007e-05
   2.31732e-10   1.40181e-05
   2.32752e-10   1.40360e-05
   2.33772e-10   1.40539e-05
   2.34792e-10   1.40717e-05
   2.35812e-10   1.40890e-05
   2.36833e-10   1.41061e-05
   2.37853e-10   1.41232e-05
   2.38874e-10   1.41402e-05
   2.39895e-10   1.41572e-05
   2.40916e-10   1.41742e-05
   2.41937e-10   1.41912e-05
   2.42958e-10   1.42081e-05
   2.43980e-10   1.42250e-05
   2.45001e-10   1.42419e-05
   2.46023e-10   1.42587e-05
   2.47045e-10   1.42752e-05
   2.48066e-10   1.42913e-05
   2.49088e-10   1.43074e-05
   2.50110e-10   1.43235e-05
   2.51133e-10   1.43401e-05
   2.52155e-10   1.43567e-05
   2.53178e-10   1.43732e-05
   2.54200e-10   1.43897e-05
   2.55223e-10   1.44061e-05
   2.56246e-10   1.44217e-05
   2.57269e-10   1.44370e-05
   2.58292e-10   1.44523e-05
   2.59315e-10   1.44674e-05
   2.60338e-10   1.44824e-05
   2.61362e-10   1.44973e-05
   2.62385e-10   1.45115e-05
   2.63409e-10   1.45256e-05
   2.64409e-10   1.45393e-05
   2.65409e-10   1.45530e-05
   2.66410e-10   1.45666e-05
   2.67410e-10   1.45802e-05
   2.68410e-10   1.45937e-05
   2.69411e-10   1.46071e-05
   2.70412e-10   1.46201e-05
   2.71413e-10   1.46336e-05
   2.72414e-10   1.46470e-05
   2.73415e-10   1.46604e-05
   2.74416e-10   1.46737e-05
   2.75417e-10   1.46869e-05
   2.76418e-10   1.47001e-05
   2.77420e-10   1.47133e-05
   2.78422e-10   1.47263e-05
   2.79423e-10   1.47393e-05
   2.80425e-10   1.47520e-05
   2.81427e-10   1.47642e-05
   2.82429e-10   1.47764e-05
   2.83431e-10   1.47886e-05
   2.84434e-10   1.48007e-05
   2.85436e-10   1.48128e-05
   2.86438e-10   1.48248e-05
   2.87441e-10   1.48368e-05
   2.88444e-10   1.48487e-05
   2.89447e-10   1.48606e-05
   2.90450e-10   1.48724e-05
   2.91453e-10   1.48842e-05
   2.92456e-10   1.48953e-05
   2.93459e-10   1.49065e-05
   2.94462e-10   1.49176e-05
   2.95466e-10   1.49286e-05
   2.96469e-10   1.49395e-05
   2.97473e-10   1.49504e-05
   2.98477e-10   1.49611e-05
   2.99481e-10   1.49718e-05
   3.00485e-10   1.49824e-05
   3.01489e-10   1.49929e-05
   3.02493e-10   1.50033e-05
   3.03498e-10   1.50136e-05
   3.04502e-10   1.50238e-05
   3.05507e-10   1.50334e-05
   3.06511e-10   1.50429e-05
   3.07516e-10   1.50522e-05
   3.08521e-10   1.50611e-05
   3.09526e-10   1.50699e-05
   3.10531e-10   1.50784e-05
   3.11536e-10   1.50867e-05
   3.12541e-10   1.50949e-05
   3.13547e-10   1.51029e-05
   3.14552e-10   1.51108e-05
   3.15558e-10   1.51185e-05
   3.16563e-10   1.51261e-05
   3.17569e-10   1.51336e-05
   3.18575e-10   1.51409e-05
   3.19581e-10   1.51476e-05
   3.20587e-10   1.51541e-05
   3.21593e-10   1.51605e-05
   3.22600e-10   1.51669e-05
   3.23606e-10   1.51731e-05
   3.24613e-10   1.51793e-05
   3.25619e-10   1.51853e-05
   3.26626e-10   1.51912e-05
   3.27633e-10   1.51970e-05
   3.28640e-10   1.52028e-05
   3.29647e-10   1.52084e-05
   3.30654e-10   1.52139e-05
   3.31661e-10   1.52194e-05
   3.32668e-10   1.52247e-05
   3.33676e-10   1.52300e-05
   3.34683e-10   1.52348e-05
   3.35691e-10   1.52394e-05
   3.36699e-10   1.52439e-05
   3.37706e-10   1.52483e-05
   3.38714e-10   1.52527e-05
   3.39722e-10   1.52570e-05
   3.40730e-10   1.52612e-05
   3.41739e-10   1.52654e-05
   3.42747e-10   1.52694e-05
   3.43755e-10   1.52734e-05
   3.44764e-10   1.52773e-05
   3.45772e-10   1.52812e-05
   3.46781e-10   1.52850e-05
   3.47790e-10   1.52887e-05
   3.48799e-10   1.52923e-05
   3.49808e-10   1.52958e-05
   3.50817e-10   1.52993e-05
   3.51826e-10   1.53023e-05
   3.52835e-10   1.53051e-05
   3.53845e-10   1.53079e-05
   3.54854e-10   1.53106e-05
   3.55864e-10   1.53132e-05
   3.56873e-10   1.53157e-05
   3.57883e-10   1.53182e-05
   3.58893e-10   1.53206e-05
   3.59903e-10   1.53230e-05
   3.60913e-10   1.53253e-05
   3.61923e-10   1.53275e-05
   3.62933e-10   1.53296e-05
   3.63943e-10   1.53317e-05
   3.64954e-10   1.53337e-05
   3.65964e-10   1.53356e-05
   3.66975e-10   1.53375e-05
   3.67985e-10   1.53393e-05
   3.68996e-10   1.53410e-05
   3.70007e-10   1.53427e-05
   3.71018e-10   1.53438e-05
   3.72029e-10   1.53448e-05
   3.73040e-10   1.53458e-05
   3.74051e-10   1.53467e-05
   3.75063e-10   1.53476e-05
   3.76074e-10   1.53484e-05
   3.77086e-10   1.53492e-05
   3.78097e-10   1.53499e-05
   3.79109e-10   1.53505e-05
   3.80121e-10   1.53511e-05
   3.81132e-10   1.53516e-05
   3.82144e-10   1.53520e-05
   3.83156e-10   1.53524e-05
   3.84168e-10   1.53527e-05
   3.85181e-10   1.53530e-05
   3.86193e-10   1.53532e-05
   3.87205e-10   1.53533e-05
   3.88218e-10   1.53534e-05
   3.89230e-10   1.53534e-05
   3.90243e-10   1.53533e-05
   3.91256e-10   1.53525e-05
   3.92269e-10   1.53515e-05
   3.93282e-10   1.53505e-05
   3.94295e-10   1.53494e-05
   3.95308e-10   1.53484e-05
   3.96321e-10   1.53472e-05
   3.97334e-10   1.53461e-05
   3.98347e-10   1.53449e-05
   3.99361e-10   1.53436e-05
   4.00374e-10   1.53423e-05
   4.01388e-10   1.53410e-05
   4.02402e-10   1.53396e-05
   4.03415e-10   1.53381e-05
   4.04429e-10   1.53367e-05
   4.05443e-10   1.53351e-05
   4.06457e-10   1.53336e-05
   4.07471e-10   1.53320e-05
   4.08486e-10   1.53303e-05
   4.09500e-10   1.53286e-05
   4.10514e-10   1.53269e-05
   4.11529e-10   1.53251e-05
   4.12543e-10   1.53232e-05
   4.13558e-10   1.53213e-05
   4.14573e-10   1.53193e-05
   4.15587e-10   1.53173e-05
   4.16602e-10   1.53154e-05
   4.17617e-10   1.53134e-05
   4.18632e-10   1.53114e-05
   4.19647e-10   1.53094e-05
   4.20663e-10   1.53074e-05
   4.21678e-10   1.53054e-05
   4.22693e-10   1.53035e-05
   4.23709e-10   1.53015e-05
   4.24724e-10   1.52995e-05
   4.25740e-10   1.52975e-05
   4.26756e-10   1.52955e-05
   4.27771e-10   1.52936e-05
   4.28787e-10   1.52919e-05
   4.29803e-10   1.52905e-05
   4.30819e-10   1.52892e-05
   4.31835e-10   1.52879e-05
   4.32852e-10   1.52868e-05
   4.33868e-10   1.52857e-05
   4.34884e-10   1.52847e-05
   4.35901e-10   1.52838e-05
   4.36917e-10   1.52829e-05
   4.37934e-10   1.52820e-05
   4.38951e-10   1.52812e-05
   4.39967e-10   1.52804e-05
   4.40984e-10   1.52797e-05
   4.42001e-10   1.52790e-05
   4.43018e-10   1.52783e-05
   4.44035e-10   1.52777e-05
   4.45052e-10   1.52771e-05
   4.46070e-10   1.52765e-05
   4.47087e-10   1.52760e-05
   4.48104e-10   1.52754e-05
   4.49122e-10   1.52749e-05
   4.50139e-10   1.52745e-05
   4.51157e-10   1.52740e-05
   4.52175e-10   1.52735e-05
   4.53193e-10   1.52731e-05
   4.54210e-10   1.52727e-05
   4.55228e-10   1.52723e-05
   4.56246e-10   1.52719e-05
   4.57265e-10   1.52714e-05
   4.58283e-10   1.52710e-05
   4.59301e-10   1.52706e-05
   4.60319e-10   1.52702e-05
   4.61338e-10   1.52698e-05
   4.62356e-10   1.52693e-05
   4.63375e-10   1.52689e-05
   4.64393e-10   1.52685e-05
   4.65412e-10   1.52681e-05
   4.66431e-10   1.52677e-05
   4.67450e-10   1.52673e-05
   4.68469e-10   1.52669e-05
   4.69488e-10   1.52665e-05
   4.70507e-10   1.52661e-05
   4.71526e-10   1.52657e-05
   4.72545e-10   1.52653e-05
   4.73565e-10   1.52649e-05
   4.74584e-10   1.52646e-05
   4.75604e-10   1.52642e-05
   4.76623e-10   1.52638e-05
   4.77643e-10   1.52634e-05
   4.78663e-10   1.52630e-05
   4.79682e-10   1.52626e-05
   4.80702e-10   1.52622e-05
   4.81722e-10   1.52618e-05
   4.82742e-10   1.52614e-05
   4.83762e-10   1.52610e-05
   4.84783e-10   1.52606e-05
   4.85803e-10   1.52602e-05
   4.86823e-10   1.52598e-05
   4.87844e-10   1.52594e-05
   4.88864e-10   1.52590e-05
   4.89885e-10   1.52586e-05
   4.90905e-10   1.52582e-05
   4.91926e-10   1.52577e-05
   4.92947e-10   1.52573e-05
   4.93967e-10   1.52569e-05
   4.94988e-10   1.52565e-05
   4.96009e-10   1.52561e-05
   4.97030e-10   1.52556e-05
   4.98052e-10   1.52552e-05
   4.99073e-10   1.52548e-05
   5.00094e-10   1.52543e-05
   5.01115e-10   1.52539e-05
   5.02137e-10   1.52534e-05
   5.03158e-10   1.52530e-05
   5.04180e-10   1.52525e-05
   5.05202e-10   1.52521e-05
   5.06223e-10   1.52516e-05
   5.07245e-10   1.52511e-05
   5.08267e-10   1.52507e-05
   5.09289e-10   1.52502e-05
   5.10311e-10   1.52497e-05
   5.11333e-10   1.52492e-05
   5.12355e-10   1.52487e-05
   5.13377e-10   1.52482e-05
   5.14400e-10   1.52477e-05
   5.15422e-10   1.52472e-05
   5.16444e-10   1.52467e-05
   5.17467e-10   1.52462e-05
   5.18490e-10   1.52457e-05
   5.19512e-10   1.52451e-05
   5.20535e-10   1.52446e-05
   5.21558e-10   1.52441e-05
   5.22581e-10   1.52435e-05
   5.23604e-10   1.52430e-05
   5.24627e-10   1.52424e-05
   5.25650e-10   1.52419e-05
   5.26673e-10   1.52413e-05
   5.27696e-10   1.52407e-05
   5.28719e-10   1.52402e-05
   5.29743e-10   1.52396e-05
   5.30766e-10   1.52390e-05
   5.31790e-10   1.52384e-05
   5.32813e-10   1.52378e-05
   5.33837e-10   1.52372e-05
   5.34861e-10   1.52366e-05
   5.35884e-10   1.52360e-05
   5.36908e-10   1.52353e-05
   5.37932e-10   1.52347e-05
   5.38956e-10   1.52341e-05
   5.39980e-10   1.52334e-05
   5.41005e-10   1.52328e-05
   5.42029e-10   1.52321e-05
   5.43053e-10   1.52315e-05
   5.44077e-10   1.52308e-05
   5.45077e-10   1.52302e-05
   5.46078e-10   1.52295e-05
   5.47078e-10   1.52288e-05
   5.48078e-10   1.52282e-05
   5.49078e-10   1.52275e-05
   5.50079e-10   1.52268e-05
   5.51079e-10   1.52261e-05
   5.52080e-10   1.52254e-05
   5.53080e-10   1.52247e-05
   5.54081e-10   1.52240e-05
   5.55081e-10   1.52233e-05
   5.56082e-10   1.52226e-05
   5.57083e-10   1.52219e-05
   5.58084e-10   1.52211e-05
   5.59085e-10   1.52204e-05
   5.60086e-10   1.52197e-05
   5.61087e-10   1.52189e-05
   5.62088e-10   1.52181e-05
   5.63089e-10   1.52174e-05
   5.64091e-10   1.52166e-05
   5.65092e-10   1.52158e-05
   5.66093e-10   1.52151e-05
   5.67095e-10   1.52143e-05
   5.68096e-10   1.52135e-05
   5.69098e-10   1.52127e-05
   5.70100e-10   1.52119e-05
   5.71101e-10   1.52111e-05
   5.72103e-10   1.52103e-05
   5.73105e-10   1.52094e-05
   5.74107e-10   1.52086e-05
   5.75109e-10   1.52078e-05
   5.76111e-10   1.52069e-05
   5.77113e-10   1.52061e-05
   5.78115e-10   1.52052e-05
   5.79118e-10   1.52044e-05
   5.80120e-10   1.52035e-05
   5.81122e-10   1.52026e-05
   5.82125e-10   1.52017e-05
   5.83127e-10   1.52009e-05
   5.84130e-10   1.52000e-05
   5.85133e-10   1.51991e-05
   5.86135e-10   1.51982e-05
   5.87138e-10   1.51973e-05
   5.88141e-10   1.51963e-05
   5.89144e-10   1.51954e-05
   5.90147e-10   1.51945e-05
   5.91150e-10   1.51936e-05
   5.92153e-10   1.51926e-05
   5.93156e-10   1.51917e-05
   5.94159e-10   1.51907e-05
   5.95163e-10   1.51898e-05
   5.96166e-10   1.51888e-05
   5.97169e-10   1.51878e-05
   5.98173e-10   1.51868e-05
   5.99176e-10   1.51859e-05
   6.00180e-10   1.51849e-05
   6.01184e-10   1.51839e-05
   6.02187e-10   1.51829e-05
   6.03191e-10   1.51819e-05
   6.04195e-10   1.51809e-05
   6.05199e-10   1.51798e-05
   6.06203e-10   1.51788e-05
   6.07207e-10   1.51778e-05
   6.08211e-10   1.51767e-05
   6.09215e-10   1.51757e-05
   6.10219e-10   1.51746e-05
   6.11224e-10   1.51736e-05
   6.12228e-10   1.51725e-05
   6.13232e-10   1.51715e-05
   6.14237e-10   1.51704e-05
   6.15241e-10   1.51694e-05
   6.16246e-10   1.51683e-05
   6.17251e-10   1.51673e-05
   6.18255e-10   1.51662e-05
   6.19260e-10   1.51652e-05
   6.20265e-10   1.51641e-05
   6.21270e-10   1.51631e-05
   6.22275e-10   1.51621e-05
   6.23280e-10   1.51610e-05
   6.24285e-10   1.51600e-05
   6.25290e-10   1.51589e-05
   6.26295e-10   1.51579e-05
   6.27301e-10   1.51569e-05
   6.28306e-10   1.51558e-05
   6.29311e-10   1.51548e-05
   6.30317e-10   1.51537e-05
   6.31322e-10   1.51527e-05
   6.32328e-10   1.51516e-05
   6.33334e-10   1.51505e-05
   6.34339e-10   1.51495e-05
   6.35345e-10   1.51484e-05
   6.36351e-10   1.51474e-05
   6.37357e-10   1.51463e-05
   6.38363e-10   1.51452e-05
   6.39369e-10   1.51441e-05
   6.40375e-10   1.51431e-05
   6.41381e-10   1.51420e-05
   6.42387e-10   1.51409e-05
   6.43394e-10   1.51398e-05
   6.44400e-10   1.51387e-05
   6.45406e-10   1.51376e-05
   6.46413e-10   1.51365e-05
   6.47419e-10   1.51354e-05
   6.48426e-10   1.51343e-05
   6.49433e-10   1.51332e-05
   6.50439e-10   1.51321e-05
   6.51446e-10   1.51310e-05
   6.52453e-10   1.51299e-05
   6.53460e-10   1.51288e-05
   6.54467e-10   1.51277e-05
   6.55474e-10   1.51265e-05
   6.56481e-10   1.51254e-05
   6.57488e-10   1.51243e-05
   6.58495e-10   1.51231e-05
   6.59502e-10   1.51220e-05
   6.60510e-10   1.51209e-05
   6.61517e-10   1.51197e-05
   6.62524e-10   1.51186e-05
   6.63532e-10   1.51174e-05
   6.64539e-10   1.51162e-05
   6.65547e-10   1.51151e-05
   6.66555e-10   1.51139e-05
   6.67562e-10   1.51128e-05
   6.68570e-10   1.51116e-05
   6.69578e-10   1.51104e-05
   6.70586e-10   1.51092e-05
   6.71594e-10   1.51081e-05
   6.72602e-10   1.51069e-05
   6.73610e-10   1.51057e-05
   6.74618e-10   1.51045e-05
   6.75626e-10   1.51033e-05
   6.76635e-10   1.51021e-05
   6.77643e-10   1.51009e-05
   6.78651e-10   1.50997e-05
   6.79660e-10   1.50985e-05
   6.80668e-10   1.50973e-05
   6.81677e-10   1.50961e-05
   6.82685e-10   1.50948e-05
   6.83694e-10   1.50936e-05
   6.84703e-10   1.50924e-05
   6.85712e-10   1.50912e-05
   6.86720e-10   1.50899e-05
   6.87729e-10   1.50887e-05
   6.88738e-10   1.50874e-05
   6.89747e-10   1.50862e-05
   6.90757e-10   1.50849e-05
   6.91766e-10   1.50837e-05
   6.92775e-10   1.50824e-05
   6.93784e-10   1.50812e-05
   6.94793e-10   1.50799e-05
   6.95803e-10   1.50786e-05
   6.96812e-10   1.50774e-05
   6.97822e-10   1.50761e-05
   6.98831e-10   1.50748e-05
   6.99841e-10   1.50735e-05
   7.00851e-10   1.50723e-05
   7.01860e-10   1.50710e-05
   7.02870e-10   1.50697e-05
   7.03880e-10   1.50684e-05
   7.04890e-10   1.50671e-05
   7.05900e-10   1.50658e-05
   7.06910e-10   1.50645e-05
   7.07920e-10   1.50632e-05
   7.08930e-10   1.50619e-05
   7.09941e-10   1.50605e-05
   7.10951e-10   1.50592e-05
   7.11961e-10   1.50579e-05
   7.12972e-10   1.50566e-05
   7.13982e-10   1.50552e-05
   7.14992e-10   1.50539e-05
   7.16003e-10   1.50526e-05
   7.17014e-10   1.50512e-05
   7.18024e-10   1.50499e-05
   7.19035e-10   1.50485e-05
   7.20046e-10   1.50472e-05
   7.21057e-10   1.50458e-05
   7.22068e-10   1.50445e-05
   7.23079e-10   1.50431e-05
   7.24090e-10   1.50417e-05
   7.25101e-10   1.50404e-05
   7.26112e-10   1.50390e-05
   7.27123e-10   1.50376e-05
   7.28134e-10   1.50362e-05
   7.29146e-10   1.50348e-05
   7.30157e-10   1.50335e-05
   7.31168e-10   1.50321e-05
   7.32180e-10   1.50307e-05
   7.33192e-10   1.50293e-05
   7.34203e-10   1.50279e-05
   7.35215e-10   1.50265e-05
   7.36227e-10   1.50251e-05
   7.37238e-10   1.50236e-05
   7.38250e-10   1.50222e-05
   7.39262e-10   1.50207e-05
   7.40274e-10   1.50193e-05
   7.41286e-10   1.50178e-05
   7.42298e-10   1.50163e-05
   7.43310e-10   1.50148e-05
   7.44322e-10   1.50133e-05
   7.45335e-10   1.50117e-05
   7.46347e-10   1.50102e-05
   7.47359e-10   1.50087e-05
   7.48372e-10   1.50071e-05
   7.49384e-10   1.50056e-05
   7.50397e-10   1.50040e-05
   7.51409e-10   1.50024e-05
   7.52422e-10   1.50009e-05
   7.53435e-10   1.49993e-05
   7.54447e-10   1.49978e-05
   7.55460e-10   1.49962e-05
   7.56473e-10   1.49947e-05
   7.57486e-10   1.49931e-05
   7.58499e-10   1.49916e-05
   7.59512e-10   1.49900e-05
   7.60525e-10   1.49885e-05
   7.61538e-10   1.49869e-05
   7.62551e-10   1.49854e-05
   7.63565e-10   1.49838e-05
   7.64578e-10   1.49823e-05
   7.65591e-10   1.49807e-05
   7.66605e-10   1.49791e-05
   7.67618e-10   1.49776e-05
   7.68632e-10   1.49760e-05
   7.69645e-10   1.49744e-05
   7.70659e-10   1.49728e-05
   7.71673e-10   1.49713e-05
   7.72687e-10   1.49697e-05
   7.73700e-10   1.49681e-05
   7.74714e-10   1.49665e-05
   7.75728e-10   1.49649e-05
   7.76742e-10   1.49633e-05
   7.77756e-10   1.49617e-05
   7.78770e-10   1.49601e-05
   7.79785e-10   1.49585e-05
   7.80799e-10   1.49569e-05
   7.81813e-10   1.49553e-05
   7.82827e-10   1.49537e-05
   7.83842e-10   1.49521e-05
   7.84856e-10   1.49505e-05
   7.85871e-10   1.49489e-05
   7.86885e-10   1.49473e-05
   7.87900e-10   1.49456e-05
   7.88915e-10   1.49440e-05
   7.89929e-10   1.49424e-05
   7.90944e-10   1.49408e-05
   7.91959e-10   1.49391e-05
   7.92974e-10   1.49375e-05
   7.93989e-10   1.49359e-05
   7.95004e-10   1.49342e-05
   7.96019e-10   1.49326e-05
   7.97034e-10   1.49309e-05
   7.98049e-10   1.49293e-05
   7.99064e-10   1.49276e-05
   8.00080e-10   1.49260e-05
   8.01095e-10   1.49243e-05
   8.02110e-10   1.49226e-05
   8.03126e-10   1.49210e-05
   8.04141e-10   1.49193e-05
   8.05157e-10   1.49176e-05
   8.06172e-10   1.49159e-05
   8.07188e-10   1.49143e-05
   8.08204e-10   1.49126e-05
   8.09220e-10   1.49109e-05
   8.10235e-10   1.49092e-05
   8.11251e-10   1.49075e-05
   8.12267e-10   1.49058e-05
   8.13283e-10   1.49041e-05
   8.14299e-10   1.49025e-05
   8.15315e-10   1.49008e-05
   8.16332e-10   1.48990e-05
   8.17348e-10   1.48973e-05
   8.18364e-10   1.48956e-05
   8.19380e-10   1.48939e-05
   8.20397e-10   1.48922e-05
   8.21413e-10   1.48905e-05
   8.22430e-10   1.48888e-05
   8.23446e-10   1.48871e-05
   8.24463e-10   1.48853e-05
   8.25480e-10   1.48836e-05
   8.26496e-10   1.48819e-05
   8.27513e-10   1.48801e-05
   8.28530e-10   1.48784e-05
   8.29547e-10   1.48767e-05
   8.30564e-10   1.48749e-05
   8.31581e-10   1.48732e-05
   8.32598e-10   1.48714e-05
   8.33615e-10   1.48697e-05
   8.34632e-10   1.48679e-05
   8.35649e-10   1.48662e-05
   8.36666e-10   1.48644e-05
   8.37684e-10   1.48627e-05
   8.38701e-10   1.48609e-05
   8.39719e-10   1.48591e-05
   8.40736e-10   1.48574e-05
   8.41754e-10   1.48556e-05
   8.42771e-10   1.48538e-05
   8.43789e-10   1.48520e-05
   8.44806e-10   1.48503e-05
   8.45824e-10   1.48485e-05
   8.46842e-10   1.48467e-05
   8.47860e-10   1.48449e-05
   8.48878e-10   1.48431e-05
   8.49896e-10   1.48413e-05
   8.50914e-10   1.48395e-05
   8.51932e-10   1.48377e-05
   8.52950e-10   1.48359e-05
   8.53968e-10   1.48341e-05
   8.54986e-10   1.48323e-05
   8.56005e-10   1.48305e-05
   8.57023e-10   1.48287e-05
   8.58041e-10   1.48269e-05
   8.59060e-10   1.48251e-05
   8.60078e-10   1.48233e-05
   8.61097e-10   1.48214e-05
   8.62115e-10   1.48196e-05
   8.63134e-10   1.48178e-05
   8.64153e-10   1.48160e-05
   8.65172e-10   1.48142e-05
   8.66190e-10   1.48124e-05
   8.67209e-10   1.48106e-05
   8.68228e-10   1.48088e-05
   8.69247e-10   1.48070e-05
   8.70266e-10   1.48053e-05
   8.71285e-10   1.48035e-05
   8.72304e-10   1.48017e-05
   8.73324e-10   1.47999e-05
   8.74343e-10   1.47982e-05
   8.75362e-10   1.47964e-05
   8.76381e-10   1.47946e-05
   8.77401e-10   1.47928e-05
   8.78420e-10   1.47910e-05
   8.79440e-10   1.47892e-05
   8.80459e-10   1.47873e-05
   8.81479e-10   1.47855e-05
   8.82499e-10   1.47837e-05
   8.83518e-10   1.47818e-05
   8.84538e-10   1.47800e-05
   8.85558e-10   1.47781e-05
   8.86578e-10   1.47763e-05
   8.87598e-10   1.47744e-05
   8.88618e-10   1.47726e-05
   8.89638e-10   1.47707e-05
   8.90658e-10   1.47689e-05
   8.91678e-10   1.47670e-05
   8.92698e-10   1.47651e-05
   8.93719e-10   1.47632e-05
   8.94739e-10   1.47614e-05
   8.95759e-10   1.47595e-05
   8.96780e-10   1.47576e-05
   8.97800e-10   1.47557e-05
   8.98821e-10   1.47538e-05
   8.99841e-10   1.47519e-05
   9.00862e-10   1.47500e-05
   9.01882e-10   1.47481e-05
   9.02903e-10   1.47462e-05
   9.03924e-10   1.47443e-05
   9.04945e-10   1.47424e-05
   9.05966e-10   1.47405e-05
   9.06987e-10   1.47386e-05
   9.08008e-10   1.47367e-05
   9.09029e-10   1.47347e-05
   9.10050e-10   1.47328e-05
   9.11071e-10   1.47309e-05
   9.12092e-10   1.47290e-05
   9.13113e-10   1.47270e-05
   9.14135e-10   1.47251e-05
   9.15156e-10   1.47232e-05
   9.16177e-10   1.47212e-05
   9.17199e-10   1.47193e-05
   9.18220e-10   1.47173e-05
   9.19242e-10   1.47154e-05
   9.20263e-10   1.47135e-05
   9.21285e-10   1.47115e-05
   9.22307e-10   1.47095e-05
   9.23329e-10   1.47076e-05
   9.24350e-10   1.47056e-05
   9.25372e-10   1.47037e-05
   9.26394e-10   1.47017e-05
   9.27416e-10   1.46997e-05
   9.28438e-10   1.46978e-05
   9.29460e-10   1.46958e-05
   9.30482e-10   1.46938e-05
   9.31505e-10   1.46919e-05
   9.32527e-10   1.46899e-05
   9.33549e-10   1.46879e-05
   9.34571e-10   1.46859e-05
   9.35594e-10   1.46839e-05
   9.36616e-10   1.46820e-05
   9.37639e-10   1.46800e-05
   9.38661e-10   1.46780e-05
   9.39684e-10   1.46760e-05
   9.40706e-10   1.46740e-05
   9.41729e-10   1.46720e-05
   9.42752e-10   1.46700e-05
   9.43775e-10   1.46680e-05
   9.44798e-10   1.46660e-05
   9.45820e-10   1.46640e-05
   9.46843e-10   1.46620e-05
   9.47866e-10   1.46600e-05
   9.48889e-10   1.46579e-05
   9.49913e-10   1.46559e-05
   9.50936e-10   1.46539e-05
   9.51959e-10   1.46519e-05
   9.52982e-10   1.46499e-05
   9.54005e-10   1.46478e-05
   9.55029e-10   1.46458e-05
   9.56052e-10   1.46438e-05
   9.57076e-10   1.46418e-05
   9.58099e-10   1.46397e-05
   9.59123e-10   1.46377e-05
   9.60146e-10   1.46357e-05
   9.61170e-10   1.46336e-05
   9.62194e-10   1.46316e-05
   9.63218e-10   1.46295e-05
   9.64241e-10   1.46275e-05
   9.65265e-10   1.46255e-05
   9.66289e-10   1.46235e-05
   9.67313e-10   1.46214e-05
   9.68337e-10   1.46194e-05
   9.69361e-10   1.46174e-05
   9.70385e-10   1.46154e-05
   9.71409e-10   1.46134e-05
   9.72434e-10   1.46114e-05
   9.73458e-10   1.46094e-05
   9.74482e-10   1.46074e-05
   9.75507e-10   1.46055e-05
   9.76531e-10   1.46035e-05
   9.77556e-10   1.46015e-05
   9.78580e-10   1.45995e-05
   9.79605e-10   1.45975e-05
   9.80629e-10   1.45955e-05
   9.81654e-10   1.45935e-05
   9.82679e-10   1.45915e-05
   9.83703e-10   1.45896e-05
   9.84728e-10   1.45876e-05
   9.85753e-10   1.45856e-05
   9.86778e-10   1.45836e-05
   9.87803e-10   1.45816e-05
   9.88803e-10   1.45797e-05
   9.89803e-10   1.45777e-05
   9.90803e-10   1.45757e-05
   9.91803e-10   1.45738e-05
   9.92804e-10   1.45718e-05
   9.93804e-10   1.45698e-05
   9.94804e-10   1.45678e-05
   9.95804e-10   1.45658e-05
   9.96805e-10   1.45638e-05
   9.97805e-10   1.45618e-05
   9.98806e-10   1.45598e-05
   9.99806e-10   1.45578e-05
   1.00081e-09   1.45558e-05
   1.00181e-09   1.45538e-05
   1.00281e-09   1.45517e-05
   1.00381e-09   1.45497e-05
   1.00481e-09   1.45477e-05
   1.00581e-09   1.45457e-05
   1.00681e-09   1.45436e-05
   1.00781e-09   1.45416e-05
   1.00881e-09   1.45396e-05
   1.00981e-09   1.45375e-05
   1.01082e-09   1.45355e-05
   1.01182e-09   1.45335e-05
   1.01282e-09   1.45314e-05
   1.01382e-09   1.45294e-05
   1.01482e-09   1.45273e-05
   1.01582e-09   1.45253e-05
   1.01682e-09   1.45232e-05
   1.01782e-09   1.45211e-05
   1.01883e-09   1.45191e-05
   1.01983e-09   1.45170e-05
   1.02083e-09   1.45150e-05
   1.02183e-09   1.45129e-05
   1.02283e-09   1.45108e-05
   1.02383e-09   1.45088e-05
   1.02484e-09   1.45067e-05
   1.02584e-09   1.45046e-05
   1.02684e-09   1.45025e-05
   1.02784e-09   1.45005e-05
   1.02884e-09   1.44984e-05
   1.02984e-09   1.44963e-05
   1.03085e-09   1.44942e-05
   1.03185e-09   1.44921e-05
   1.03285e-09   1.44900e-05
   1.03385e-09   1.44879e-05
   1.03486e-09   1.44858e-05
   1.03586e-09   1.44838e-05
   1.03686e-09   1.44817e-05
   1.03786e-09   1.44796e-05
   1.03886e-09   1.44775e-05
   1.03987e-09   1.44754e-05
   1.04087e-09   1.44732e-05
   1.04187e-09   1.44711e-05
   1.04287e-09   1.44690e-05
   1.04388e-09   1.44669e-05
   1.04488e-09   1.44648e-05
   1.04588e-09   1.44627e-05
   1.04688e-09   1.44606e-05
   1.04789e-09   1.44585e-05
   1.04889e-09   1.44564e-05
   1.04989e-09   1.44542e-05
   1.05090e-09   1.44521e-05
   1.05190e-09   1.44500e-05
   1.05290e-09   1.44479e-05
   1.05391e-09   1.44457e-05
   1.05491e-09   1.44436e-05
   1.05591e-09   1.44415e-05
   1.05691e-09   1.44393e-05
   1.05792e-09   1.44372e-05
   1.05892e-09   1.44351e-05
   1.05992e-09   1.44330e-05
   1.06093e-09   1.44309e-05
   1.06193e-09   1.44288e-05
   1.06293e-09   1.44267e-05
   1.06394e-09   1.44246e-05
   1.06494e-09   1.44225e-05
   1.06595e-09   1.44204e-05
   1.06695e-09   1.44183e-05
   1.06795e-09   1.44162e-05
   1.06896e-09   1.44141e-05
   1.06996e-09   1.44120e-05
   1.07096e-09   1.44099e-05
   1.07197e-09   1.44078e-05
   1.07297e-09   1.44058e-05
   1.07398e-09   1.44037e-05
   1.07498e-09   1.44016e-05
   1.07598e-09   1.43995e-05
   1.07699e-09   1.43975e-05
   1.07799e-09   1.43954e-05
   1.07900e-09   1.43933e-05
   1.08000e-09   1.43912e-05
   1.08101e-09   1.43892e-05
   1.08201e-09   1.43871e-05
   1.08301e-09   1.43850e-05
   1.08402e-09   1.43829e-05
   1.08502e-09   1.43809e-05
   1.08603e-09   1.43788e-05
   1.08703e-09   1.43767e-05
   1.08804e-09   1.43747e-05
   1.08904e-09   1.43726e-05
   1.09005e-09   1.43705e-05
   1.09105e-09   1.43684e-05
   1.09206e-09   1.43663e-05
   1.09306e-09   1.43642e-05
   1.09407e-09   1.43621e-05
   1.09507e-09   1.43600e-05
   1.09608e-09   1.43578e-05
   1.09708e-09   1.43557e-05
   1.09809e-09   1.43536e-05
   1.09909e-09   1.43515e-05
   1.10010e-09   1.43493e-05
   1.10110e-09   1.43472e-05
   1.10211e-09   1.43451e-05
   1.10311e-09   1.43429e-05
   1.10412e-09   1.43408e-05
   1.10512e-09   1.43386e-05
   1.10613e-09   1.43365e-05
   1.10713e-09   1.43343e-05
   1.10814e-09   1.43321e-05
   1.10914e-09   1.43300e-05
   1.11015e-09   1.43278e-05
   1.11116e-09   1.43257e-05
   1.11216e-09   1.43235e-05
   1.11317e-09   1.43213e-05
   1.11417e-09   1.43192e-05
   1.11518e-09   1.43170e-05
   1.11618e-09   1.43148e-05
   1.11719e-09   1.43126e-05
   1.11820e-09   1.43105e-05
   1.11920e-09   1.43083e-05
   1.12021e-09   1.43061e-05
   1.12121e-09   1.43039e-05
   1.12222e-09   1.43017e-05
   1.12323e-09   1.42995e-05
   1.12423e-09   1.42974e-05
   1.12524e-09   1.42952e-05
   1.12625e-09   1.42930e-05
   1.12725e-09   1.42908e-05
   1.12826e-09   1.42886e-05
   1.12926e-09   1.42864e-05
   1.13027e-09   1.42842e-05
   1.13128e-09   1.42820e-05
   1.13228e-09   1.42798e-05
   1.13329e-09   1.42776e-05
   1.13430e-09   1.42754e-05
   1.13530e-09   1.42732e-05
   1.13631e-09   1.42709e-05
   1.13732e-09   1.42687e-05
   1.13832e-09   1.42665e-05
   1.13933e-09   1.42643e-05
   1.14034e-09   1.42621e-05
   1.14135e-09   1.42599e-05
   1.14235e-09   1.42577e-05
   1.14336e-09   1.42554e-05
   1.14437e-09   1.42532e-05
   1.14537e-09   1.42510e-05
   1.14638e-09   1.42488e-05
   1.14739e-09   1.42465e-05
   1.14840e-09   1.42443e-05
   1.14940e-09   1.42421e-05
   1.15041e-09   1.42399e-05
   1.15142e-09   1.42376e-05
   1.15242e-09   1.42354e-05
   1.15343e-09   1.42332e-05
   1.15444e-09   1.42310e-05
   1.15545e-09   1.42288e-05
   1.15646e-09   1.42267e-05
   1.15746e-09   1.42245e-05
   1.15847e-09   1.42223e-05
   1.15948e-09   1.42201e-05
   1.16049e-09   1.42179e-05
   1.16149e-09   1.42157e-05
   1.16250e-09   1.42135e-05
   1.16351e-09   1.42114e-05
   1.16452e-09   1.42092e-05
   1.16553e-09   1.42070e-05
   1.16653e-09   1.42048e-05
   1.16754e-09   1.42027e-05
   1.16855e-09   1.42005e-05
   1.16956e-09   1.41983e-05
   1.17057e-09   1.41962e-05
   1.17157e-09   1.41940e-05
   1.17258e-09   1.41918e-05
   1.17359e-09   1.41897e-05
   1.17460e-09   1.41875e-05
   1.17561e-09   1.41853e-05
   1.17662e-09   1.41832e-05
   1.17763e-09   1.41810e-05
   1.17863e-09   1.41788e-05
   1.17964e-09   1.41767e-05
   1.18065e-09   1.41745e-05
   1.18166e-09   1.41723e-05
   1.18267e-09   1.41702e-05
   1.18368e-09   1.41680e-05
   1.18469e-09   1.41659e-05
   1.18570e-09   1.41637e-05
   1.18670e-09   1.41615e-05
   1.18771e-09   1.41593e-05
   1.18872e-09   1.41571e-05
   1.18973e-09   1.41549e-05
   1.19074e-09   1.41527e-05
   1.19175e-09   1.41505e-05
   1.19276e-09   1.41483e-05
   1.19377e-09   1.41461e-05
   1.19478e-09   1.41438e-05
   1.19579e-09   1.41416e-05
   1.19680e-09   1.41394e-05
   1.19781e-09   1.41372e-05
   1.19881e-09   1.41349e-05
   1.19982e-09   1.41327e-05
   1.20083e-09   1.41305e-05
   1.20184e-09   1.41282e-05
   1.20285e-09   1.41260e-05
   1.20386e-09   1.41237e-05
   1.20487e-09   1.41215e-05
   1.20588e-09   1.41193e-05
   1.20689e-09   1.41170e-05
   1.20790e-09   1.41148e-05
   1.20891e-09   1.41125e-05
   1.20992e-09   1.41103e-05
   1.21093e-09   1.41080e-05
   1.21194e-09   1.41058e-05
   1.21295e-09   1.41035e-05
   1.21396e-09   1.41012e-05
   1.21497e-09   1.40990e-05
   1.21598e-09   1.40967e-05
   1.21699e-09   1.40944e-05
   1.21800e-09   1.40922e-05
   1.21901e-09   1.40899e-05
   1.22002e-09   1.40876e-05
   1.22103e-09   1.40854e-05
   1.22204e-09   1.40831e-05
   1.22305e-09   1.40808e-05
   1.22406e-09   1.40786e-05
   1.22508e-09   1.40763e-05
   1.22609e-09   1.40740e-05
   1.22710e-09   1.40717e-05
   1.22811e-09   1.40694e-05
   1.22912e-09   1.40672e-05
   1.23013e-09   1.40649e-05
   1.23114e-09   1.40626e-05
   1.23215e-09   1.40603e-05
   1.23316e-09   1.40580e-05
   1.23417e-09   1.40557e-05
   1.23518e-09   1.40534e-05
   1.23619e-09   1.40511e-05
   1.23720e-09   1.40489e-05
   1.23822e-09   1.40466e-05
   1.23923e-09   1.40443e-05
   1.24024e-09   1.40420e-05
   1.24125e-09   1.40397e-05
   1.24226e-09   1.40374e-05
   1.24327e-09   1.40352e-05
   1.24428e-09   1.40329e-05
   1.24529e-09   1.40307e-05
   1.24631e-09   1.40284e-05
   1.24732e-09   1.40261e-05
   1.24833e-09   1.40239e-05
   1.24934e-09   1.40216e-05
   1.25035e-09   1.40194e-05
   1.25136e-09   1.40172e-05
   1.25238e-09   1.40149e-05
   1.25339e-09   1.40127e-05
   1.25440e-09   1.40104e-05
   1.25541e-09   1.40082e-05
   1.25642e-09   1.40059e-05
   1.25743e-09   1.40037e-05
   1.25845e-09   1.40015e-05
   1.25946e-09   1.39992e-05
   1.26047e-09   1.39970e-05
   1.26148e-09   1.39948e-05
   1.26249e-09   1.39925e-05
   1.26351e-09   1.39903e-05
   1.26452e-09   1.39881e-05
   1.26553e-09   1.39858e-05
   1.26654e-09   1.39836e-05
   1.26756e-09   1.39814e-05
   1.26857e-09   1.39792e-05
   1.26958e-09   1.39769e-05
   1.27059e-09   1.39747e-05
   1.27161e-09   1.39725e-05
   1.27262e-09   1.39703e-05
   1.27363e-09   1.39680e-05
   1.27464e-09   1.39658e-05
   1.27566e-09   1.39636e-05
   1.27667e-09   1.39614e-05
   1.27768e-09   1.39591e-05
   1.27869e-09   1.39569e-05
   1.27971e-09   1.39546e-05
   1.28072e-09   1.39524e-05
   1.28173e-09   1.39501e-05
   1.28275e-09   1.39478e-05
   1.28376e-09   1.39456e-05
   1.28477e-09   1.39433e-05
   1.28578e-09   1.39410e-05
   1.28680e-09   1.39388e-05
   1.28781e-09   1.39365e-05
   1.28882e-09   1.39342e-05
   1.28984e-09   1.39319e-05
   1.29085e-09   1.39296e-05
   1.29186e-09   1.39273e-05
   1.29288e-09   1.39250e-05
   1.29389e-09   1.39228e-05
   1.29490e-09   1.39205e-05
   1.29592e-09   1.39182e-05
   1.29693e-09   1.39159e-05
   1.29794e-09   1.39136e-05
   1.29896e-09   1.39113e-05
   1.29997e-09   1.39090e-05
   1.30098e-09   1.39067e-05
   1.30200e-09   1.39044e-05
   1.30301e-09   1.39020e-05
   1.30403e-09   1.38997e-05
   1.30504e-09   1.38974e-05
   1.30605e-09   1.38951e-05
   1.30707e-09   1.38928e-05
   1.30808e-09   1.38905e-05
   1.30910e-09   1.38882e-05
   1.31011e-09   1.38859e-05
   1.31112e-09   1.38835e-05
   1.31214e-09   1.38812e-05
   1.31315e-09   1.38789e-05
   1.31417e-09   1.38766e-05
   1.31518e-09   1.38742e-05
   1.31619e-09   1.38719e-05
   1.31721e-09   1.38696e-05
   1.31822e-09   1.38673e-05
   1.31924e-09   1.38649e-05
   1.32025e-09   1.38626e-05
   1.32127e-09   1.38603e-05
   1.32228e-09   1.38579e-05
   1.32329e-09   1.38556e-05
   1.32431e-09   1.38533e-05
   1.32532e-09   1.38509e-05
   1.32634e-09   1.38486e-05
   1.32735e-09   1.38463e-05
   1.32837e-09   1.38439e-05
   1.32938e-09   1.38416e-05
   1.33040e-09   1.38393e-05
   1.33141e-09   1.38370e-05
   1.33243e-09   1.38347e-05
   1.33344e-09   1.38324e-05
   1.33446e-09   1.38301e-05
   1.33547e-09   1.38278e-05
   1.33649e-09   1.38255e-05
   1.33750e-09   1.38232e-05
   1.33852e-09   1.38209e-05
   1.33953e-09   1.38186e-05
   1.34055e-09   1.38163e-05
   1.34156e-09   1.38141e-05
   1.34258e-09   1.38118e-05
   1.34359e-09   1.38095e-05
   1.34461e-09   1.38072e-05
   1.34562e-09   1.38049e-05
   1.34664e-09   1.38027e-05
   1.34766e-09   1.38004e-05
   1.34867e-09   1.37981e-05
   1.34969e-09   1.37958e-05
   1.35070e-09   1.37935e-05
   1.35172e-09   1.37913e-05
   1.35273e-09   1.37890e-05
   1.35375e-09   1.37867e-05
   1.35477e-09   1.37845e-05
   1.35578e-09   1.37822e-05
   1.35680e-09   1.37799e-05
   1.35781e-09   1.37777e-05
   1.35883e-09   1.37754e-05
   1.35984e-09   1.37731e-05
   1.36086e-09   1.37709e-05
   1.36188e-09   1.37686e-05
   1.36289e-09   1.37663e-05
   1.36391e-09   1.37641e-05
   1.36492e-09   1.37618e-05
   1.36594e-09   1.37595e-05
   1.36696e-09   1.37573e-05
   1.36797e-09   1.37550e-05
   1.36899e-09   1.37527e-05
   1.37001e-09   1.37504e-05
   1.37102e-09   1.37481e-05
   1.37204e-09   1.37458e-05
   1.37306e-09   1.37435e-05
   1.37407e-09   1.37412e-05
   1.37509e-09   1.37389e-05
   1.37611e-09   1.37366e-05
   1.37712e-09   1.37343e-05
   1.37814e-09   1.37319e-05
   1.37916e-09   1.37296e-05
   1.38017e-09   1.37273e-05
   1.38119e-09   1.37250e-05
   1.38221e-09   1.37227e-05
   1.38322e-09   1.37203e-05
   1.38424e-09   1.37180e-05
   1.38526e-09   1.37157e-05
   1.38627e-09   1.37133e-05
   1.38729e-09   1.37110e-05
   1.38831e-09   1.37087e-05
   1.38932e-09   1.37063e-05
   1.39034e-09   1.37040e-05
   1.39136e-09   1.37017e-05
   1.39238e-09   1.36993e-05
   1.39339e-09   1.36970e-05
   1.39441e-09   1.36946e-05
   1.39543e-09   1.36923e-05
   1.39644e-09   1.36900e-05
   1.39746e-09   1.36876e-05
   1.39848e-09   1.36853e-05
   1.39950e-09   1.36829e-05
   1.40051e-09   1.36806e-05
   1.40153e-09   1.36782e-05
   1.40255e-09   1.36759e-05
   1.40357e-09   1.36735e-05
   1.40459e-09   1.36712e-05
   1.40560e-09   1.36688e-05
   1.40662e-09   1.36664e-05
   1.40764e-09   1.36641e-05
   1.40866e-09   1.36617e-05
   1.40967e-09   1.36594e-05
   1.41069e-09   1.36570e-05
   1.41171e-09   1.36546e-05
   1.41273e-09   1.36523e-05
   1.41375e-09   1.36499e-05
   1.41476e-09   1.36476e-05
   1.41578e-09   1.36452e-05
   1.41680e-09   1.36429e-05
   1.41782e-09   1.36405e-05
   1.41884e-09   1.36382e-05
   1.41985e-09   1.36359e-05
   1.42087e-09   1.36335e-05
   1.42189e-09   1.36312e-05
   1.42291e-09   1.36289e-05
   1.42393e-09   1.36266e-05
   1.42495e-09   1.36242e-05
   1.42596e-09   1.36219e-05
   1.42698e-09   1.36196e-05
   1.42800e-09   1.36173e-05
   1.42902e-09   1.36150e-05
   1.43004e-09   1.36127e-05
   1.43106e-09   1.36104e-05
   1.43208e-09   1.36080e-05
   1.43310e-09   1.36057e-05
   1.43411e-09   1.36034e-05
   1.43513e-09   1.36011e-05
   1.43615e-09   1.35988e-05
   1.43717e-09   1.35965e-05
   1.43819e-09   1.35942e-05
   1.43921e-09   1.35919e-05
   1.44023e-09   1.35896e-05
   1.44125e-09   1.35873e-05
   1.44227e-09   1.35850e-05
   1.44328e-09   1.35827e-05
   1.44430e-09   1.35804e-05
   1.44532e-09   1.35782e-05
   1.44634e-09   1.35759e-05
   1.44736e-09   1.35736e-05
   1.44838e-09   1.35713e-05
   1.44940e-09   1.35690e-05
   1.45042e-09   1.35667e-05
   1.45144e-09   1.35644e-05
   1.45246e-09   1.35621e-05
   1.45348e-09   1.35598e-05
   1.45450e-09   1.35575e-05
   1.45552e-09   1.35552e-05
   1.45654e-09   1.35529e-05
   1.45756e-09   1.35506e-05
   1.45858e-09   1.35483e-05
   1.45960e-09   1.35460e-05
   1.46062e-09   1.35437e-05
   1.46164e-09   1.35413e-05
   1.46266e-09   1.35390e-05
   1.46367e-09   1.35367e-05
   1.46469e-09   1.35344e-05
   1.46571e-09   1.35320e-05
   1.46673e-09   1.35297e-05
   1.46775e-09   1.35273e-05
   1.46877e-09   1.35250e-05
   1.46979e-09   1.35227e-05
   1.47082e-09   1.35203e-05
   1.47184e-09   1.35180e-05
   1.47286e-09   1.35156e-05
   1.47388e-09   1.35133e-05
   1.47490e-09   1.35109e-05
   1.47592e-09   1.35086e-05
   1.47694e-09   1.35062e-05
   1.47796e-09   1.35039e-05
   1.47898e-09   1.35015e-05
   1.48000e-09   1.34992e-05
   1.48102e-09   1.34968e-05
   1.48204e-09   1.34944e-05
   1.48306e-09   1.34921e-05
   1.48408e-09   1.34897e-05
   1.48510e-09   1.34874e-05
   1.48612e-09   1.34850e-05
   1.48714e-09   1.34826e-05
   1.48816e-09   1.34803e-05
   1.48918e-09   1.34779e-05
   1.49020e-09   1.34755e-05
   1.49123e-09   1.34732e-05
   1.49225e-09   1.34708e-05
   1.49327e-09   1.34684e-05
   1.49429e-09   1.34661e-05
   1.49531e-09   1.34637e-05
   1.49633e-09   1.34613e-05
   1.49735e-09   1.34589e-05
   1.49837e-09   1.34566e-05
   1.49939e-09   1.34542e-05
   1.50041e-09   1.34518e-05
   1.50144e-09   1.34494e-05
   1.50246e-09   1.34471e-05
   1.50348e-09   1.34447e-05
   1.50450e-09   1.34424e-05
   1.50552e-09   1.34400e-05
   1.50654e-09   1.34377e-05
   1.50756e-09   1.34353e-05
   1.50859e-09   1.34330e-05
   1.50961e-09   1.34306e-05
   1.51063e-09   1.34283e-05
   1.51165e-09   1.34260e-05
   1.51267e-09   1.34236e-05
   1.51369e-09   1.34213e-05
   1.51472e-09   1.34190e-05
   1.51574e-09   1.34166e-05
   1.51676e-09   1.34143e-05
   1.51778e-09   1.34120e-05
   1.51880e-09   1.34097e-05
   1.51982e-09   1.34074e-05
   1.52085e-09   1.34050e-05
   1.52187e-09   1.34027e-05
   1.52289e-09   1.34004e-05
   1.52391e-09   1.33981e-05
   1.52493e-09   1.33958e-05
   1.52596e-09   1.33935e-05
   1.52698e-09   1.33911e-05
   1.52800e-09   1.33888e-05
   1.52902e-09   1.33865e-05
   1.53005e-09   1.33842e-05
   1.53107e-09   1.33819e-05
   1.53209e-09   1.33796e-05
   1.53311e-09   1.33773e-05
   1.53413e-09   1.33750e-05
   1.53516e-09   1.33727e-05
   1.53618e-09   1.33704e-05
   1.53720e-09   1.33681e-05
   1.53822e-09   1.33658e-05
   1.53925e-09   1.33635e-05
   1.54027e-09   1.33612e-05
   1.54129e-09   1.33589e-05
   1.54232e-09   1.33566e-05
   1.54334e-09   1.33543e-05
   1.54436e-09   1.33520e-05
   1.54538e-09   1.33496e-05
   1.54641e-09   1.33473e-05
   1.54743e-09   1.33450e-05
   1.54845e-09   1.33427e-05
   1.54947e-09   1.33403e-05
   1.55050e-09   1.33380e-05
   1.55152e-09   1.33356e-05
   1.55254e-09   1.33333e-05
   1.55357e-09   1.33310e-05
   1.55459e-09   1.33286e-05
   1.55561e-09   1.33263e-05
   1.55664e-09   1.33239e-05
   1.55766e-09   1.33216e-05
   1.55868e-09   1.33192e-05
   1.55971e-09   1.33169e-05
   1.56073e-09   1.33145e-05
   1.56175e-09   1.33122e-05
   1.56278e-09   1.33098e-05
   1.56380e-09   1.33074e-05
   1.56482e-09   1.33051e-05
   1.56585e-09   1.33027e-05
   1.56687e-09   1.33004e-05
   1.56789e-09   1.32980e-05
   1.56892e-09   1.32956e-05
   1.56994e-09   1.32933e-05
   1.57096e-09   1.32909e-05
   1.57199e-09   1.32885e-05
   1.57301e-09   1.32862e-05
   1.57404e-09   1.32838e-05
   1.57506e-09   1.32814e-05
   1.57608e-09   1.32791e-05
   1.57711e-09   1.32767e-05
   1.57813e-09   1.32743e-05
   1.57916e-09   1.32720e-05
   1.58018e-09   1.32696e-05
   1.58120e-09   1.32672e-05
   1.58223e-09   1.32648e-05
   1.58325e-09   1.32625e-05
   1.58428e-09   1.32601e-05
   1.58530e-09   1.32577e-05
   1.58632e-09   1.32553e-05
   1.58735e-09   1.32529e-05
   1.58837e-09   1.32506e-05
   1.58940e-09   1.32482e-05
   1.59042e-09   1.32458e-05
   1.59145e-09   1.32435e-05
   1.59247e-09   1.32411e-05
   1.59349e-09   1.32388e-05
   1.59452e-09   1.32364e-05
   1.59554e-09   1.32341e-05
   1.59657e-09   1.32317e-05
   1.59759e-09   1.32294e-05
   1.59862e-09   1.32270e-05
   1.59964e-09   1.32247e-05
   1.60067e-09   1.32224e-05
   1.60169e-09   1.32200e-05
   1.60272e-09   1.32177e-05
   1.60374e-09   1.32154e-05
   1.60477e-09   1.32130e-05
   1.60579e-09   1.32107e-05
   1.60682e-09   1.32084e-05
   1.60784e-09   1.32061e-05
   1.60887e-09   1.32037e-05
   1.60989e-09   1.32014e-05
   1.61092e-09   1.31991e-05
   1.61194e-09   1.31968e-05
   1.61297e-09   1.31945e-05
   1.61399e-09   1.31922e-05
   1.61502e-09   1.31898e-05
   1.61604e-09   1.31875e-05
   1.61707e-09   1.31852e-05
   1.61809e-09   1.31829e-05
   1.61912e-09   1.31806e-05
   1.62014e-09   1.31783e-05
   1.62117e-09   1.31760e-05
   1.62219e-09   1.31737e-05
   1.62322e-09   1.31714e-05
   1.62424e-09   1.31691e-05
   1.62527e-09   1.31668e-05
   1.62630e-09   1.31645e-05
   1.62732e-09   1.31622e-05
   1.62835e-09   1.31599e-05
   1.62935e-09   1.31576e-05
   1.63035e-09   1.31554e-05
   1.63135e-09   1.31531e-05
   1.63235e-09   1.31508e-05
   1.63335e-09   1.31486e-05
   1.63435e-09   1.31463e-05
   1.63535e-09   1.31440e-05
   1.63635e-09   1.31418e-05
   1.63735e-09   1.31395e-05
   1.63835e-09   1.31372e-05
   1.63935e-09   1.31349e-05
   1.64035e-09   1.31326e-05
   1.64135e-09   1.31304e-05
   1.64235e-09   1.31281e-05
   1.64335e-09   1.31258e-05
   1.64435e-09   1.31235e-05
   1.64535e-09   1.31212e-05
   1.64635e-09   1.31189e-05
   1.64735e-09   1.31166e-05
   1.64835e-09   1.31143e-05
   1.64935e-09   1.31120e-05
   1.65035e-09   1.31098e-05
   1.65136e-09   1.31075e-05
   1.65236e-09   1.31052e-05
   1.65336e-09   1.31029e-05
   1.65436e-09   1.31006e-05
   1.65536e-09   1.30983e-05
   1.65636e-09   1.30960e-05
   1.65736e-09   1.30937e-05
   1.65836e-09   1.30914e-05
   1.65936e-09   1.30891e-05
   1.66036e-09   1.30867e-05
   1.66136e-09   1.30844e-05
   1.66237e-09   1.30821e-05
   1.66337e-09   1.30798e-05
   1.66437e-09   1.30775e-05
   1.66537e-09   1.30752e-05
   1.66637e-09   1.30729e-05
   1.66737e-09   1.30706e-05
   1.66837e-09   1.30683e-05
   1.66937e-09   1.30660e-05
   1.67038e-09   1.30637e-05
   1.67138e-09   1.30614e-05
   1.67238e-09   1.30590e-05
   1.67338e-09   1.30567e-05
   1.67438e-09   1.30544e-05
   1.67538e-09   1.30521e-05
   1.67638e-09   1.30498e-05
   1.67739e-09   1.30475e-05
   1.67839e-09   1.30452e-05
   1.67939e-09   1.30429e-05
   1.68039e-09   1.30406e-05
   1.68139e-09   1.30383e-05
   1.68239e-09   1.30360e-05
   1.68340e-09   1.30337e-05
   1.68440e-09   1.30314e-05
   1.68540e-09   1.30292e-05
   1.68640e-09   1.30269e-05
   1.68740e-09   1.30246e-05
   1.68841e-09   1.30223e-05
   1.68941e-09   1.30201e-05
   1.69041e-09   1.30178e-05
   1.69141e-09   1.30155e-05
   1.69241e-09   1.30133e-05
   1.69342e-09   1.30110e-05
   1.69442e-09   1.30087e-05
   1.69542e-09   1.30065e-05
   1.69642e-09   1.30042e-05
   1.69742e-09   1.30020e-05
   1.69843e-09   1.29997e-05
   1.69943e-09   1.29975e-05
   1.70043e-09   1.29952e-05
   1.70143e-09   1.29929e-05
   1.70244e-09   1.29907e-05
   1.70344e-09   1.29884e-05
   1.70444e-09   1.29862e-05
   1.70544e-09   1.29839e-05
   1.70645e-09   1.29817e-05
   1.70745e-09   1.29795e-05
   1.70845e-09   1.29772e-05
   1.70945e-09   1.29750e-05
   1.71046e-09   1.29727e-05
   1.71146e-09   1.29705e-05
   1.71246e-09   1.29682e-05
   1.71346e-09   1.29660e-05
   1.71447e-09   1.29638e-05
   1.71547e-09   1.29615e-05
   1.71647e-09   1.29593e-05
   1.71748e-09   1.29571e-05
   1.71848e-09   1.29548e-05
   1.71948e-09   1.29526e-05
   1.72048e-09   1.29503e-05
   1.72149e-09   1.29480e-05
   1.72249e-09   1.29458e-05
   1.72349e-09   1.29435e-05
   1.72450e-09   1.29412e-05
   1.72550e-09   1.29390e-05
   1.72650e-09   1.29367e-05
   1.72751e-09   1.29344e-05
   1.72851e-09   1.29322e-05
   1.72951e-09   1.29299e-05
   1.73052e-09   1.29276e-05
   1.73152e-09   1.29253e-05
   1.73252e-09   1.29230e-05
   1.73353e-09   1.29208e-05
   1.73453e-09   1.29185e-05
   1.73553e-09   1.29162e-05
   1.73654e-09   1.29139e-05
   1.73754e-09   1.29116e-05
   1.73854e-09   1.29093e-05
   1.73955e-09   1.29071e-05
   1.74055e-09   1.29048e-05
   1.74155e-09   1.29025e-05
   1.74256e-09   1.29002e-05
   1.74356e-09   1.28979e-05
   1.74456e-09   1.28956e-05
   1.74557e-09   1.28933e-05
   1.74657e-09   1.28910e-05
   1.74758e-09   1.28887e-05
   1.74858e-09   1.28864e-05
   1.74958e-09   1.28841e-05
   1.75059e-09   1.28818e-05
   1.75159e-09   1.28795e-05
   1.75259e-09   1.28773e-05
   1.75360e-09   1.28750e-05
   1.75460e-09   1.28727e-05
   1.75561e-09   1.28704e-05
   1.75661e-09   1.28681e-05
   1.75761e-09   1.28658e-05
   1.75862e-09   1.28635e-05
   1.75962e-09   1.28612e-05
   1.76063e-09   1.28589e-05
   1.76163e-09   1.28566e-05
   1.76264e-09   1.28543e-05
   1.76364e-09   1.28520e-05
   1.76464e-09   1.28496e-05
   1.76565e-09   1.28473e-05
   1.76665e-09   1.28451e-05
   1.76766e-09   1.28428e-05
   1.76866e-09   1.28405e-05
   1.76967e-09   1.28382e-05
   1.77067e-09   1.28359e-05
   1.77168e-09   1.28337e-05
   1.77268e-09   1.28314e-05
   1.77368e-09   1.28291e-05
   1.77469e-09   1.28269e-05
   1.77569e-09   1.28246e-05
   1.77670e-09   1.28223e-05
   1.77770e-09   1.28201e-05
   1.77871e-09   1.28178e-05
   1.77971e-09   1.28156e-05
   1.78072e-09   1.28133e-05
   1.78172e-09   1.28110e-05
   1.78273e-09   1.28088e-05
   1.78373e-09   1.28065e-05
   1.78474e-09   1.28043e-05
   1.78574e-09   1.28020e-05
   1.78675e-09   1.27998e-05
   1.78775e-09   1.27976e-05
   1.78876e-09   1.27953e-05
   1.78976e-09   1.27931e-05
   1.79077e-09   1.27908e-05
   1.79177e-09   1.27886e-05
   1.79278e-09   1.27864e-05
   1.79378e-09   1.27841e-05
   1.79479e-09   1.27819e-05
   1.79579e-09   1.27797e-05
   1.79680e-09   1.27774e-05
   1.79780e-09   1.27752e-05
   1.79881e-09   1.27730e-05
   1.79981e-09   1.27707e-05
   1.80082e-09   1.27685e-05
   1.80182e-09   1.27663e-05
   1.80283e-09   1.27640e-05
   1.80384e-09   1.27618e-05
   1.80484e-09   1.27596e-05
   1.80585e-09   1.27574e-05
   1.80685e-09   1.27551e-05
   1.80786e-09   1.27529e-05
   1.80886e-09   1.27506e-05
   1.80987e-09   1.27484e-05
   1.81087e-09   1.27461e-05
   1.81188e-09   1.27439e-05
   1.81289e-09   1.27416e-05
   1.81389e-09   1.27394e-05
   1.81490e-09   1.27371e-05
   1.81590e-09   1.27349e-05
   1.81691e-09   1.27326e-05
   1.81792e-09   1.27303e-05
   1.81892e-09   1.27281e-05
   1.81993e-09   1.27258e-05
   1.82093e-09   1.27236e-05
   1.82194e-09   1.27213e-05
   1.82295e-09   1.27190e-05
   1.82395e-09   1.27167e-05
   1.82496e-09   1.27145e-05
   1.82596e-09   1.27122e-05
   1.82697e-09   1.27099e-05
   1.82798e-09   1.27077e-05
   1.82898e-09   1.27054e-05
   1.82999e-09   1.27031e-05
   1.83100e-09   1.27008e-05
   1.83200e-09   1.26986e-05
   1.83301e-09   1.26963e-05
   1.83401e-09   1.26940e-05
   1.83502e-09   1.26917e-05
   1.83603e-09   1.26895e-05
   1.83703e-09   1.26872e-05
   1.83804e-09   1.26849e-05
   1.83905e-09   1.26826e-05
   1.84005e-09   1.26803e-05
   1.84106e-09   1.26781e-05
   1.84207e-09   1.26758e-05
   1.84307e-09   1.26735e-05
   1.84408e-09   1.26712e-05
   1.84509e-09   1.26689e-05
   1.84609e-09   1.26667e-05
   1.84710e-09   1.26644e-05
   1.84811e-09   1.26621e-05
   1.84911e-09   1.26598e-05
   1.85012e-09   1.26575e-05
   1.85113e-09   1.26552e-05
   1.85213e-09   1.26529e-05
   1.85314e-09   1.26507e-05
   1.85415e-09   1.26484e-05
   1.85515e-09   1.26461e-05
   1.85616e-09   1.26438e-05
   1.85717e-09   1.26415e-05
   1.85818e-09   1.26393e-05
   1.85918e-09   1.26370e-05
   1.86019e-09   1.26348e-05
   1.86120e-09   1.26325e-05
   1.86220e-09   1.26302e-05
   1.86321e-09   1.26280e-05
   1.86422e-09   1.26257e-05
   1.86523e-09   1.26235e-05
   1.86623e-09   1.26213e-05
   1.86724e-09   1.26190e-05
   1.86825e-09   1.26168e-05
   1.86926e-09   1.26145e-05
   1.87026e-09   1.26123e-05
   1.87127e-09   1.26101e-05
   1.87228e-09   1.26078e-05
   1.87329e-09   1.26056e-05
   1.87429e-09   1.26034e-05
   1.87530e-09   1.26011e-05
   1.87631e-09   1.25989e-05
   1.87732e-09   1.25967e-05
   1.87832e-09   1.25944e-05
   1.87933e-09   1.25922e-05
   1.88034e-09   1.25900e-05
   1.88135e-09   1.25878e-05
   1.88236e-09   1.25855e-05
   1.88336e-09   1.25833e-05
   1.88437e-09   1.25811e-05
   1.88538e-09   1.25789e-05
   1.88639e-09   1.25767e-05
   1.88739e-09   1.25745e-05
   1.88840e-09   1.25722e-05
   1.88941e-09   1.25700e-05
   1.89042e-09   1.25678e-05
   1.89143e-09   1.25656e-05
   1.89243e-09   1.25634e-05
   1.89344e-09   1.25612e-05
   1.89445e-09   1.25590e-05
   1.89546e-09   1.25568e-05
   1.89647e-09   1.25545e-05
   1.89748e-09   1.25523e-05
   1.89848e-09   1.25501e-05
   1.89949e-09   1.25479e-05
   1.90050e-09   1.25456e-05
   1.90151e-09   1.25434e-05
   1.90252e-09   1.25412e-05
   1.90353e-09   1.25389e-05
   1.90453e-09   1.25367e-05
   1.90554e-09   1.25344e-05
   1.90655e-09   1.25322e-05
   1.90756e-09   1.25299e-05
   1.90857e-09   1.25277e-05
   1.90958e-09   1.25255e-05
   1.91058e-09   1.25232e-05
   1.91159e-09   1.25210e-05
   1.91260e-09   1.25187e-05
   1.91361e-09   1.25165e-05
   1.91462e-09   1.25142e-05
   1.91563e-09   1.25120e-05
   1.91664e-09   1.25097e-05
   1.91765e-09   1.25074e-05
   1.91865e-09   1.25052e-05
   1.91966e-09   1.25029e-05
   1.92067e-09   1.25007e-05
   1.92168e-09   1.24984e-05
   1.92269e-09   1.24962e-05
   1.92370e-09   1.24939e-05
   1.92471e-09   1.24917e-05
   1.92572e-09   1.24894e-05
   1.92673e-09   1.24871e-05
   1.92774e-09   1.24849e-05
   1.92874e-09   1.24826e-05
   1.92975e-09   1.24804e-05
   1.93076e-09   1.24781e-05
   1.93177e-09   1.24758e-05
   1.93278e-09   1.24736e-05
   1.93379e-09   1.24713e-05
   1.93480e-09   1.24691e-05
   1.93581e-09   1.24668e-05
   1.93682e-09   1.24645e-05
   1.93783e-09   1.24623e-05
   1.93884e-09   1.24600e-05
   1.93985e-09   1.24577e-05
   1.94086e-09   1.24555e-05
   1.94187e-09   1.24532e-05
   1.94288e-09   1.24509e-05
   1.94388e-09   1.24487e-05
   1.94489e-09   1.24464e-05
   1.94590e-09   1.24441e-05
   1.94691e-09   1.24419e-05
   1.94792e-09   1.24396e-05
   1.94893e-09   1.24374e-05
   1.94994e-09   1.24352e-05
   1.95095e-09   1.24329e-05
   1.95196e-09   1.24307e-05
   1.95297e-09   1.24285e-05
   1.95398e-09   1.24262e-05
   1.95499e-09   1.24240e-05
   1.95600e-09   1.24218e-05
   1.95701e-09   1.24195e-05
   1.95802e-09   1.24173e-05
   1.95903e-09   1.24151e-05
   1.96004e-09   1.24129e-05
   1.96105e-09   1.24107e-05
   1.96206e-09   1.24085e-05
   1.96307e-09   1.24062e-05
   1.96408e-09   1.24040e-05
   1.96509e-09   1.24018e-05
   1.96610e-09   1.23996e-05
   1.96711e-09   1.23974e-05
   1.96812e-09   1.23952e-05
   1.96913e-09   1.23930e-05
   1.97014e-09   1.23908e-05
   1.97115e-09   1.23886e-05
   1.97216e-09   1.23864e-05
   1.97317e-09   1.23842e-05
   1.97418e-09   1.23820e-05
   1.97519e-09   1.23798e-05
   1.97620e-09   1.23776e-05
   1.97721e-09   1.23754e-05
   1.97823e-09   1.23732e-05
   1.97924e-09   1.23710e-05
   1.98025e-09   1.23688e-05
   1.98126e-09   1.23666e-05
   1.98227e-09   1.23644e-05
   1.98328e-09   1.23622e-05
   1.98429e-09   1.23601e-05
   1.98530e-09   1.23579e-05
   1.98631e-09   1.23557e-05
   1.98732e-09   1.23535e-05
   1.98833e-09   1.23512e-05
   1.98934e-09   1.23490e-05
   1.99035e-09   1.23468e-05
   1.99136e-09   1.23446e-05
   1.99238e-09   1.23424e-05
   1.99339e-09   1.23402e-05
   1.99440e-09   1.23380e-05
   1.99541e-09   1.23357e-05
   1.99642e-09   1.23335e-05
   1.99743e-09   1.23313e-05
   1.99844e-09   1.23291e-05
   1.99945e-09   1.23268e-05
   2.00046e-09   1.23246e-05
   2.00147e-09   1.23224e-05
   2.00249e-09   1.23202e-05
   2.00350e-09   1.23179e-05
   2.00451e-09   1.23157e-05
   2.00552e-09   1.23135e-05
   2.00653e-09   1.23113e-05
   2.00754e-09   1.23090e-05
   2.00855e-09   1.23068e-05
   2.00956e-09   1.23046e-05
   2.01058e-09   1.23023e-05
   2.01159e-09   1.23001e-05
   2.01260e-09   1.22979e-05
   2.01361e-09   1.22956e-05
   2.01462e-09   1.22934e-05
   2.01563e-09   1.22912e-05
   2.01664e-09   1.22889e-05
   2.01766e-09   1.22867e-05
   2.01867e-09   1.22844e-05
   2.01968e-09   1.22822e-05
   2.02069e-09   1.22800e-05
   2.02170e-09   1.22777e-05
   2.02271e-09   1.22755e-05
   2.02373e-09   1.22733e-05
   2.02474e-09   1.22710e-05
   2.02575e-09   1.22688e-05
   2.02676e-09   1.22665e-05
   2.02777e-09   1.22643e-05
   2.02878e-09   1.22621e-05
   2.02980e-09   1.22598e-05
   2.03081e-09   1.22576e-05
   2.03182e-09   1.22553e-05
   2.03283e-09   1.22531e-05
   2.03384e-09   1.22509e-05
   2.03486e-09   1.22486e-05
   2.03587e-09   1.22464e-05
   2.03688e-09   1.22441e-05
   2.03789e-09   1.22419e-05
   2.03890e-09   1.22397e-05
   2.03992e-09   1.22375e-05
   2.04093e-09   1.22352e-05
   2.04194e-09   1.22330e-05
   2.04295e-09   1.22308e-05
   2.04397e-09   1.22286e-05
   2.04498e-09   1.22264e-05
   2.04599e-09   1.22242e-05
   2.04700e-09   1.22220e-05
   2.04802e-09   1.22198e-05
   2.04903e-09   1.22176e-05
   2.05004e-09   1.22154e-05
   2.05105e-09   1.22132e-05
   2.05207e-09   1.22110e-05
   2.05308e-09   1.22088e-05
   2.05409e-09   1.22066e-05
   2.05510e-09   1.22044e-05
   2.05612e-09   1.22022e-05
   2.05713e-09   1.22000e-05
   2.05814e-09   1.21979e-05
   2.05915e-09   1.21957e-05
   2.06017e-09   1.21935e-05
   2.06118e-09   1.21913e-05
   2.06219e-09   1.21891e-05
   2.06320e-09   1.21869e-05
   2.06422e-09   1.21848e-05
   2.06523e-09   1.21826e-05
   2.06624e-09   1.21804e-05
   2.06726e-09   1.21782e-05
   2.06827e-09   1.21761e-05
   2.06928e-09   1.21739e-05
   2.07029e-09   1.21717e-05
   2.07131e-09   1.21696e-05
   2.07232e-09   1.21674e-05
   2.07333e-09   1.21652e-05
   2.07435e-09   1.21631e-05
   2.07536e-09   1.21609e-05
   2.07637e-09   1.21587e-05
   2.07739e-09   1.21565e-05
   2.07840e-09   1.21544e-05
   2.07941e-09   1.21522e-05
   2.08043e-09   1.21500e-05
   2.08144e-09   1.21478e-05
   2.08245e-09   1.21456e-05
   2.08347e-09   1.21434e-05
   2.08448e-09   1.21412e-05
   2.08549e-09   1.21390e-05
   2.08651e-09   1.21368e-05
   2.08752e-09   1.21346e-05
   2.08853e-09   1.21324e-05
   2.08955e-09   1.21302e-05
   2.09056e-09   1.21280e-05
   2.09157e-09   1.21258e-05
   2.09259e-09   1.21236e-05
   2.09360e-09   1.21214e-05
   2.09461e-09   1.21192e-05
   2.09563e-09   1.21170e-05
   2.09664e-09   1.21148e-05
   2.09765e-09   1.21126e-05
   2.09867e-09   1.21104e-05
   2.09968e-09   1.21082e-05
   2.10070e-09   1.21060e-05
   2.10171e-09   1.21038e-05
   2.10272e-09   1.21016e-05
   2.10374e-09   1.20994e-05
   2.10475e-09   1.20972e-05
   2.10576e-09   1.20950e-05
   2.10678e-09   1.20928e-05
   2.10779e-09   1.20905e-05
   2.10881e-09   1.20883e-05
   2.10982e-09   1.20861e-05
   2.11083e-09   1.20839e-05
   2.11185e-09   1.20817e-05
   2.11286e-09   1.20795e-05
   2.11388e-09   1.20773e-05
   2.11489e-09   1.20751e-05
   2.11590e-09   1.20729e-05
   2.11692e-09   1.20706e-05
   2.11793e-09   1.20684e-05
   2.11895e-09   1.20662e-05
   2.11996e-09   1.20640e-05
   2.12098e-09   1.20618e-05
   2.12199e-09   1.20596e-05
   2.12300e-09   1.20574e-05
   2.12402e-09   1.20552e-05
   2.12503e-09   1.20529e-05
   2.12605e-09   1.20507e-05
   2.12706e-09   1.20485e-05
   2.12808e-09   1.20463e-05
   2.12909e-09   1.20441e-05
   2.13011e-09   1.20419e-05
   2.13112e-09   1.20397e-05
   2.13213e-09   1.20375e-05
   2.13315e-09   1.20353e-05
   2.13416e-09   1.20331e-05
   2.13518e-09   1.20309e-05
   2.13619e-09   1.20287e-05
   2.13721e-09   1.20265e-05
   2.13822e-09   1.20243e-05
   2.13924e-09   1.20222e-05
   2.14025e-09   1.20200e-05
   2.14127e-09   1.20178e-05
   2.14228e-09   1.20156e-05
   2.14330e-09   1.20135e-05
   2.14431e-09   1.20113e-05
   2.14533e-09   1.20091e-05
   2.14634e-09   1.20070e-05
   2.14736e-09   1.20048e-05
   2.14837e-09   1.20026e-05
   2.14939e-09   1.20005e-05
   2.15040e-09   1.19983e-05
   2.15142e-09   1.19961e-05
   2.15243e-09   1.19940e-05
   2.15345e-09   1.19918e-05
   2.15446e-09   1.19897e-05
   2.15548e-09   1.19875e-05
   2.15649e-09   1.19854e-05
   2.15751e-09   1.19832e-05
   2.15852e-09   1.19811e-05
   2.15954e-09   1.19789e-05
   2.16055e-09   1.19768e-05
   2.16157e-09   1.19746e-05
   2.16258e-09   1.19725e-05
   2.16360e-09   1.19703e-05
   2.16461e-09   1.19682e-05
   2.16563e-09   1.19661e-05
   2.16665e-09   1.19639e-05
   2.16766e-09   1.19618e-05
   2.16868e-09   1.19596e-05
   2.16969e-09   1.19575e-05
   2.17071e-09   1.19553e-05
   2.17172e-09   1.19532e-05
   2.17274e-09   1.19510e-05
   2.17375e-09   1.19488e-05
   2.17477e-09   1.19467e-05
   2.17579e-09   1.19445e-05
   2.17680e-09   1.19423e-05
   2.17782e-09   1.19402e-05
   2.17883e-09   1.19380e-05
   2.17985e-09   1.19358e-05
   2.18086e-09   1.19337e-05
   2.18188e-09   1.19315e-05
   2.18290e-09   1.19293e-05
   2.18391e-09   1.19271e-05
   2.18493e-09   1.19250e-05
   2.18594e-09   1.19228e-05
   2.18696e-09   1.19206e-05
   2.18798e-09   1.19184e-05
   2.18899e-09   1.19163e-05
   2.19001e-09   1.19141e-05
   2.19102e-09   1.19119e-05
   2.19204e-09   1.19097e-05
   2.19306e-09   1.19075e-05
   2.19407e-09   1.19054e-05
   2.19509e-09   1.19032e-05
   2.19610e-09   1.19010e-05
   2.19712e-09   1.18988e-05
   2.19814e-09   1.18966e-05
   2.19915e-09   1.18945e-05
   2.20017e-09   1.18923e-05
   2.20119e-09   1.18901e-05
   2.20220e-09   1.18879e-05
   2.20322e-09   1.18857e-05
   2.20423e-09   1.18835e-05
   2.20525e-09   1.18814e-05
   2.20627e-09   1.18792e-05
   2.20728e-09   1.18770e-05
   2.20830e-09   1.18748e-05
   2.20932e-09   1.18726e-05
   2.21033e-09   1.18704e-05
   2.21135e-09   1.18683e-05
   2.21237e-09   1.18661e-05
   2.21338e-09   1.18639e-05
   2.21440e-09   1.18617e-05
   2.21542e-09   1.18595e-05
   2.21643e-09   1.18573e-05
   2.21745e-09   1.18551e-05
   2.21847e-09   1.18530e-05
   2.21948e-09   1.18508e-05
   2.22050e-09   1.18486e-05
   2.22152e-09   1.18464e-05
   2.22253e-09   1.18442e-05
   2.22355e-09   1.18420e-05
   2.22457e-09   1.18398e-05
   2.22558e-09   1.18377e-05
   2.22660e-09   1.18355e-05
   2.22762e-09   1.18333e-05
   2.22863e-09   1.18312e-05
   2.22965e-09   1.18290e-05
   2.23067e-09   1.18268e-05
   2.23169e-09   1.18247e-05
   2.23270e-09   1.18225e-05
   2.23372e-09   1.18204e-05
   2.23474e-09   1.18182e-05
   2.23575e-09   1.18161e-05
   2.23677e-09   1.18139e-05
   2.23779e-09   1.18118e-05
   2.23881e-09   1.18097e-05
   2.23982e-09   1.18075e-05
   2.24084e-09   1.18054e-05
   2.24186e-09   1.18032e-05
   2.24287e-09   1.18011e-05
   2.24389e-09   1.17990e-05
   2.24491e-09   1.17968e-05
   2.24593e-09   1.17947e-05
   2.24694e-09   1.17926e-05
   2.24796e-09   1.17905e-05
   2.24898e-09   1.17883e-05
   2.25000e-09   1.17862e-05
   2.25101e-09   1.17841e-05
   2.25203e-09   1.17820e-05
   2.25305e-09   1.17798e-05
   2.25407e-09   1.17777e-05
   2.25508e-09   1.17756e-05
   2.25610e-09   1.17735e-05
   2.25712e-09   1.17714e-05
   2.25814e-09   1.17693e-05
   2.25916e-09   1.17671e-05
   2.26017e-09   1.17650e-05
   2.26119e-09   1.17629e-05
   2.26221e-09   1.17608e-05
   2.26323e-09   1.17587e-05
   2.26424e-09   1.17565e-05
   2.26526e-09   1.17544e-05
   2.26628e-09   1.17523e-05
   2.26730e-09   1.17501e-05
   2.26832e-09   1.17480e-05
   2.26933e-09   1.17458e-05
   2.27035e-09   1.17437e-05
   2.27137e-09   1.17416e-05
   2.27239e-09   1.17394e-05
   2.27341e-09   1.17373e-05
   2.27442e-09   1.17351e-05
   2.27544e-09   1.17330e-05
   2.27646e-09   1.17308e-05
   2.27748e-09   1.17287e-05
   2.27850e-09   1.17266e-05
   2.27951e-09   1.17244e-05
   2.28053e-09   1.17223e-05
   2.28155e-09   1.17201e-05
   2.28257e-09   1.17180e-05
   2.28359e-09   1.17158e-05
   2.28461e-09   1.17137e-05
   2.28562e-09   1.17115e-05
   2.28664e-09   1.17094e-05
   2.28766e-09   1.17072e-05
   2.28868e-09   1.17051e-05
   2.28970e-09   1.17029e-05
   2.29072e-09   1.17008e-05
   2.29174e-09   1.16986e-05
   2.29275e-09   1.16965e-05
   2.29377e-09   1.16943e-05
   2.29479e-09   1.16921e-05
   2.29581e-09   1.16900e-05
   2.29683e-09   1.16878e-05
   2.29785e-09   1.16857e-05
   2.29887e-09   1.16835e-05
   2.29988e-09   1.16814e-05
   2.30090e-09   1.16792e-05
   2.30192e-09   1.16771e-05
   2.30294e-09   1.16749e-05
   2.30396e-09   1.16728e-05
   2.30498e-09   1.16706e-05
   2.30600e-09   1.16684e-05
   2.30702e-09   1.16663e-05
   2.30803e-09   1.16641e-05
   2.30905e-09   1.16620e-05
   2.31007e-09   1.16598e-05
   2.31109e-09   1.16577e-05
   2.31211e-09   1.16555e-05
   2.31313e-09   1.16534e-05
   2.31415e-09   1.16512e-05
   2.31517e-09   1.16490e-05
   2.31619e-09   1.16469e-05
   2.31721e-09   1.16447e-05
   2.31822e-09   1.16426e-05
   2.31924e-09   1.16404e-05
   2.32026e-09   1.16383e-05
   2.32128e-09   1.16361e-05
   2.32230e-09   1.16340e-05
   2.32332e-09   1.16318e-05
   2.32434e-09   1.16297e-05
   2.32536e-09   1.16276e-05
   2.32638e-09   1.16254e-05
   2.32740e-09   1.16233e-05
   2.32842e-09   1.16212e-05
   2.32944e-09   1.16191e-05
   2.33046e-09   1.16169e-05
   2.33148e-09   1.16148e-05
   2.33249e-09   1.16127e-05
   2.33351e-09   1.16106e-05
   2.33453e-09   1.16085e-05
   2.33555e-09   1.16064e-05
   2.33657e-09   1.16043e-05
   2.33759e-09   1.16021e-05
   2.33861e-09   1.16000e-05
   2.33963e-09   1.15979e-05
   2.34065e-09   1.15958e-05
   2.34167e-09   1.15937e-05
   2.34269e-09   1.15916e-05
   2.34371e-09   1.15895e-05
   2.34473e-09   1.15874e-05
   2.34575e-09   1.15853e-05
   2.34677e-09   1.15832e-05
   2.34779e-09   1.15812e-05
   2.34881e-09   1.15791e-05
   2.34983e-09   1.15770e-05
   2.35085e-09   1.15749e-05
   2.35187e-09   1.15728e-05
   2.35289e-09   1.15707e-05
   2.35391e-09   1.15686e-05
   2.35493e-09   1.15665e-05
   2.35595e-09   1.15644e-05
   2.35697e-09   1.15624e-05
   2.35799e-09   1.15603e-05
   2.35901e-09   1.15581e-05
   2.36003e-09   1.15560e-05
   2.36105e-09   1.15539e-05
   2.36207e-09   1.15518e-05
   2.36309e-09   1.15497e-05
   2.36411e-09   1.15476e-05
   2.36513e-09   1.15455e-05
   2.36615e-09   1.15434e-05
   2.36717e-09   1.15413e-05
   2.36819e-09   1.15392e-05
   2.36921e-09   1.15370e-05
   2.37023e-09   1.15349e-05
   2.37125e-09   1.15328e-05
   2.37227e-09   1.15307e-05
   2.37329e-09   1.15286e-05
   2.37431e-09   1.15265e-05
   2.37533e-09   1.15243e-05
   2.37635e-09   1.15222e-05
   2.37737e-09   1.15201e-05
   2.37839e-09   1.15180e-05
   2.37941e-09   1.15159e-05
   2.38044e-09   1.15137e-05
   2.38146e-09   1.15116e-05
   2.38248e-09   1.15095e-05
   2.38350e-09   1.15074e-05
   2.38452e-09   1.15053e-05
   2.38554e-09   1.15031e-05
   2.38656e-09   1.15010e-05
   2.38758e-09   1.14989e-05
   2.38860e-09   1.14968e-05
   2.38962e-09   1.14946e-05
   2.39064e-09   1.14925e-05
   2.39166e-09   1.14904e-05
   2.39268e-09   1.14883e-05
   2.39370e-09   1.14861e-05
   2.39473e-09   1.14840e-05
   2.39575e-09   1.14819e-05
   2.39677e-09   1.14798e-05
   2.39779e-09   1.14777e-05
   2.39881e-09   1.14755e-05
   2.39983e-09   1.14734e-05
   2.40085e-09   1.14713e-05
   2.40187e-09   1.14691e-05
   2.40289e-09   1.14670e-05
   2.40391e-09   1.14649e-05
   2.40494e-09   1.14628e-05
   2.40596e-09   1.14606e-05
   2.40698e-09   1.14585e-05
   2.40800e-09   1.14564e-05
   2.40902e-09   1.14543e-05
   2.41004e-09   1.14521e-05
   2.41106e-09   1.14500e-05
   2.41208e-09   1.14479e-05
   2.41311e-09   1.14458e-05
   2.41413e-09   1.14436e-05
   2.41515e-09   1.14415e-05
   2.41617e-09   1.14394e-05
   2.41719e-09   1.14373e-05
   2.41821e-09   1.14351e-05
   2.41923e-09   1.14330e-05
   2.42026e-09   1.14309e-05
   2.42128e-09   1.14288e-05
   2.42230e-09   1.14267e-05
   2.42332e-09   1.14246e-05
   2.42434e-09   1.14225e-05
   2.42536e-09   1.14204e-05
   2.42638e-09   1.14183e-05
   2.42741e-09   1.14162e-05
   2.42843e-09   1.14141e-05
   2.42945e-09   1.14120e-05
   2.43047e-09   1.14100e-05
   2.43149e-09   1.14079e-05
   2.43251e-09   1.14058e-05
   2.43354e-09   1.14037e-05
   2.43456e-09   1.14016e-05
   2.43558e-09   1.13996e-05
   2.43660e-09   1.13975e-05
   2.43762e-09   1.13954e-05
   2.43865e-09   1.13933e-05
   2.43967e-09   1.13913e-05
   2.44069e-09   1.13892e-05
   2.44171e-09   1.13871e-05
   2.44273e-09   1.13851e-05
   2.44376e-09   1.13830e-05
   2.44478e-09   1.13809e-05
   2.44580e-09   1.13789e-05
   2.44682e-09   1.13768e-05
   2.44784e-09   1.13748e-05
   2.44887e-09   1.13727e-05
   2.44989e-09   1.13706e-05
   2.45091e-09   1.13686e-05
   2.45193e-09   1.13665e-05
   2.45295e-09   1.13645e-05
   2.45398e-09   1.13624e-05
   2.45500e-09   1.13603e-05
   2.45602e-09   1.13582e-05
   2.45704e-09   1.13562e-05
   2.45807e-09   1.13541e-05
   2.45909e-09   1.13520e-05
   2.46011e-09   1.13499e-05
   2.46113e-09   1.13478e-05
   2.46215e-09   1.13458e-05
   2.46318e-09   1.13437e-05
   2.46420e-09   1.13416e-05
   2.46522e-09   1.13395e-05
   2.46624e-09   1.13374e-05
   2.46727e-09   1.13353e-05
   2.46829e-09   1.13332e-05
   2.46931e-09   1.13312e-05
   2.47033e-09   1.13291e-05
   2.47136e-09   1.13270e-05
   2.47238e-09   1.13249e-05
   2.47340e-09   1.13228e-05
   2.47443e-09   1.13207e-05
   2.47545e-09   1.13186e-05
   2.47647e-09   1.13165e-05
   2.47749e-09   1.13144e-05
   2.47852e-09   1.13123e-05
   2.47954e-09   1.13103e-05
   2.48056e-09   1.13082e-05
   2.48158e-09   1.13061e-05
   2.48261e-09   1.13040e-05
   2.48363e-09   1.13019e-05
   2.48465e-09   1.12998e-05
   2.48568e-09   1.12977e-05
   2.48670e-09   1.12956e-05
   2.48772e-09   1.12935e-05
   2.48874e-09   1.12914e-05
   2.48977e-09   1.12893e-05
   2.49079e-09   1.12872e-05
   2.49181e-09   1.12851e-05
   2.49284e-09   1.12830e-05
   2.49386e-09   1.12809e-05
   2.49488e-09   1.12789e-05
   2.49591e-09   1.12768e-05
   2.49693e-09   1.12747e-05
   2.49795e-09   1.12726e-05
   2.49898e-09   1.12705e-05
   2.50000e-09   1.12684e-05
   2.50102e-09   1.12663e-05
   2.50205e-09   1.12642e-05
   2.50307e-09   1.12621e-05
   2.50409e-09   1.12600e-05
   2.50512e-09   1.12579e-05
   2.50614e-09   1.12558e-05
   2.50716e-09   1.12537e-05
   2.50819e-09   1.12516e-05
   2.50921e-09   1.12495e-05
   2.51023e-09   1.12474e-05
   2.51126e-09   1.12453e-05
   2.51228e-09   1.12432e-05
   2.51330e-09   1.12411e-05
   2.51433e-09   1.12390e-05
   2.51535e-09   1.12369e-05
   2.51637e-09   1.12349e-05
   2.51740e-09   1.12328e-05
   2.51842e-09   1.12307e-05
   2.51944e-09   1.12286e-05
   2.52047e-09   1.12265e-05
   2.52149e-09   1.12245e-05
   2.52252e-09   1.12224e-05
   2.52354e-09   1.12203e-05
   2.52456e-09   1.12183e-05
   2.52559e-09   1.12162e-05
   2.52661e-09   1.12141e-05
   2.52763e-09   1.12121e-05
   2.52866e-09   1.12100e-05
   2.52968e-09   1.12080e-05
   2.53071e-09   1.12059e-05
   2.53173e-09   1.12039e-05
   2.53275e-09   1.12018e-05
   2.53378e-09   1.11998e-05
   2.53480e-09   1.11977e-05
   2.53583e-09   1.11957e-05
   2.53685e-09   1.11936e-05
   2.53787e-09   1.11916e-05
   2.53890e-09   1.11895e-05
   2.53992e-09   1.11875e-05
   2.54095e-09   1.11855e-05
   2.54197e-09   1.11834e-05
   2.54299e-09   1.11814e-05
   2.54402e-09   1.11794e-05
   2.54504e-09   1.11773e-05
   2.54607e-09   1.11753e-05
   2.54709e-09   1.11733e-05
   2.54812e-09   1.11713e-05
   2.54914e-09   1.11692e-05
   2.55016e-09   1.11672e-05
   2.55119e-09   1.11651e-05
   2.55221e-09   1.11631e-05
   2.55324e-09   1.11611e-05
   2.55426e-09   1.11590e-05
   2.55529e-09   1.11570e-05
   2.55631e-09   1.11549e-05
   2.55733e-09   1.11529e-05
   2.55836e-09   1.11508e-05
   2.55938e-09   1.11488e-05
   2.56041e-09   1.11467e-05
   2.56143e-09   1.11446e-05
   2.56246e-09   1.11426e-05
   2.56348e-09   1.11405e-05
   2.56451e-09   1.11385e-05
   2.56553e-09   1.11364e-05
   2.56656e-09   1.11344e-05
   2.56758e-09   1.11323e-05
   2.56860e-09   1.11303e-05
   2.56963e-09   1.11282e-05
   2.57065e-09   1.11261e-05
   2.57168e-09   1.11241e-05
   2.57270e-09   1.11220e-05
   2.57373e-09   1.11200e-05
   2.57475e-09   1.11179e-05
   2.57578e-09   1.11158e-05
   2.57680e-09   1.11138e-05
   2.57783e-09   1.11117e-05
   2.57885e-09   1.11096e-05
   2.57988e-09   1.11076e-05
   2.58090e-09   1.11055e-05
   2.58193e-09   1.11035e-05
   2.58295e-09   1.11014e-05
   2.58398e-09   1.10993e-05
   2.58500e-09   1.10973e-05
   2.58603e-09   1.10952e-05
   2.58705e-09   1.10931e-05
   2.58808e-09   1.10911e-05
   2.58910e-09   1.10890e-05
   2.59013e-09   1.10870e-05
   2.59115e-09   1.10849e-05
   2.59218e-09   1.10828e-05
   2.59320e-09   1.10808e-05
   2.59423e-09   1.10787e-05
   2.59525e-09   1.10766e-05
   2.59628e-09   1.10746e-05
   2.59730e-09   1.10725e-05
   2.59833e-09   1.10704e-05
   2.59936e-09   1.10684e-05
   2.60038e-09   1.10663e-05
   2.60141e-09   1.10642e-05
   2.60243e-09   1.10622e-05
   2.60346e-09   1.10601e-05
   2.60448e-09   1.10580e-05
   2.60551e-09   1.10560e-05
   2.60653e-09   1.10539e-05
   2.60756e-09   1.10519e-05
   2.60858e-09   1.10498e-05
   2.60961e-09   1.10477e-05
   2.61064e-09   1.10457e-05
   2.61166e-09   1.10436e-05
   2.61269e-09   1.10415e-05
   2.61371e-09   1.10395e-05
   2.61474e-09   1.10374e-05
   2.61576e-09   1.10353e-05
   2.61679e-09   1.10333e-05
   2.61782e-09   1.10312e-05
   2.61884e-09   1.10292e-05
   2.61987e-09   1.10271e-05
   2.62089e-09   1.10251e-05
   2.62192e-09   1.10230e-05
   2.62294e-09   1.10210e-05
   2.62397e-09   1.10189e-05
   2.62500e-09   1.10169e-05
   2.62602e-09   1.10149e-05
   2.62705e-09   1.10129e-05
   2.62807e-09   1.10108e-05
   2.62910e-09   1.10088e-05
   2.63013e-09   1.10068e-05
   2.63115e-09   1.10048e-05
   2.63218e-09   1.10027e-05
   2.63320e-09   1.10007e-05
   2.63423e-09   1.09987e-05
   2.63526e-09   1.09967e-05
   2.63628e-09   1.09947e-05
   2.63731e-09   1.09927e-05
   2.63833e-09   1.09906e-05
   2.63936e-09   1.09886e-05
   2.64039e-09   1.09866e-05
   2.64141e-09   1.09846e-05
   2.64244e-09   1.09826e-05
   2.64346e-09   1.09806e-05
   2.64449e-09   1.09786e-05
   2.64552e-09   1.09766e-05
   2.64654e-09   1.09746e-05
   2.64754e-09   1.09727e-05
   2.64854e-09   1.09707e-05
   2.64954e-09   1.09687e-05
   2.65054e-09   1.09668e-05
   2.65154e-09   1.09648e-05
   2.65254e-09   1.09629e-05
   2.65354e-09   1.09609e-05
   2.65454e-09   1.09589e-05
   2.65554e-09   1.09570e-05
   2.65654e-09   1.09550e-05
   2.65754e-09   1.09530e-05
   2.65855e-09   1.09510e-05
   2.65955e-09   1.09491e-05
   2.66055e-09   1.09471e-05
   2.66155e-09   1.09451e-05
   2.66255e-09   1.09432e-05
   2.66355e-09   1.09412e-05
   2.66455e-09   1.09392e-05
   2.66555e-09   1.09372e-05
   2.66655e-09   1.09353e-05
   2.66755e-09   1.09333e-05
   2.66855e-09   1.09313e-05
   2.66955e-09   1.09293e-05
   2.67055e-09   1.09273e-05
   2.67155e-09   1.09254e-05
   2.67255e-09   1.09234e-05
   2.67355e-09   1.09214e-05
   2.67455e-09   1.09194e-05
   2.67555e-09   1.09175e-05
   2.67655e-09   1.09155e-05
   2.67755e-09   1.09135e-05
   2.67855e-09   1.09115e-05
   2.67955e-09   1.09095e-05
   2.68055e-09   1.09076e-05
   2.68156e-09   1.09056e-05
   2.68256e-09   1.09036e-05
   2.68356e-09   1.09016e-05
   2.68456e-09   1.08996e-05
   2.68556e-09   1.08976e-05
   2.68656e-09   1.08957e-05
   2.68756e-09   1.08937e-05
   2.68856e-09   1.08917e-05
   2.68956e-09   1.08897e-05
   2.69056e-09   1.08877e-05
   2.69156e-09   1.08858e-05
   2.69256e-09   1.08838e-05
   2.69357e-09   1.08818e-05
   2.69457e-09   1.08798e-05
   2.69557e-09   1.08778e-05
   2.69657e-09   1.08759e-05
   2.69757e-09   1.08739e-05
   2.69857e-09   1.08719e-05
   2.69957e-09   1.08699e-05
   2.70057e-09   1.08679e-05
   2.70157e-09   1.08659e-05
   2.70257e-09   1.08640e-05
   2.70358e-09   1.08620e-05
   2.70458e-09   1.08600e-05
   2.70558e-09   1.08580e-05
   2.70658e-09   1.08560e-05
   2.70758e-09   1.08540e-05
   2.70858e-09   1.08521e-05
   2.70958e-09   1.08501e-05
   2.71058e-09   1.08481e-05
   2.71159e-09   1.08461e-05
   2.71259e-09   1.08441e-05
   2.71359e-09   1.08422e-05
   2.71459e-09   1.08402e-05
   2.71559e-09   1.08382e-05
   2.71659e-09   1.08362e-05
   2.71759e-09   1.08342e-05
   2.71859e-09   1.08322e-05
   2.71960e-09   1.08303e-05
   2.72060e-09   1.08283e-05
   2.72160e-09   1.08263e-05
   2.72260e-09   1.08244e-05
   2.72360e-09   1.08224e-05
   2.72460e-09   1.08204e-05
   2.72560e-09   1.08185e-05
   2.72661e-09   1.08165e-05
   2.72761e-09   1.08146e-05
   2.72861e-09   1.08126e-05
   2.72961e-09   1.08107e-05
   2.73061e-09   1.08087e-05
   2.73161e-09   1.08068e-05
   2.73262e-09   1.08049e-05
   2.73362e-09   1.08029e-05
   2.73462e-09   1.08010e-05
   2.73562e-09   1.07990e-05
   2.73662e-09   1.07971e-05
   2.73762e-09   1.07952e-05
   2.73863e-09   1.07932e-05
   2.73963e-09   1.07913e-05
   2.74063e-09   1.07894e-05
   2.74163e-09   1.07874e-05
   2.74263e-09   1.07855e-05
   2.74364e-09   1.07836e-05
   2.74464e-09   1.07817e-05
   2.74564e-09   1.07797e-05
   2.74664e-09   1.07778e-05
   2.74764e-09   1.07759e-05
   2.74865e-09   1.07740e-05
   2.74965e-09   1.07720e-05
   2.75065e-09   1.07701e-05
   2.75165e-09   1.07682e-05
   2.75265e-09   1.07663e-05
   2.75366e-09   1.07643e-05
   2.75466e-09   1.07624e-05
   2.75566e-09   1.07604e-05
   2.75666e-09   1.07585e-05
   2.75766e-09   1.07566e-05
   2.75867e-09   1.07546e-05
   2.75967e-09   1.07527e-05
   2.76067e-09   1.07507e-05
   2.76167e-09   1.07488e-05
   2.76268e-09   1.07468e-05
   2.76368e-09   1.07449e-05
   2.76468e-09   1.07429e-05
   2.76568e-09   1.07410e-05
   2.76668e-09   1.07391e-05
   2.76769e-09   1.07371e-05
   2.76869e-09   1.07352e-05
   2.76969e-09   1.07332e-05
   2.77069e-09   1.07313e-05
   2.77170e-09   1.07293e-05
   2.77270e-09   1.07274e-05
   2.77370e-09   1.07254e-05
   2.77470e-09   1.07235e-05
   2.77571e-09   1.07215e-05
   2.77671e-09   1.07196e-05
   2.77771e-09   1.07176e-05
   2.77871e-09   1.07157e-05
   2.77972e-09   1.07137e-05
   2.78072e-09   1.07118e-05
   2.78172e-09   1.07098e-05
   2.78272e-09   1.07079e-05
   2.78373e-09   1.07059e-05
   2.78473e-09   1.07040e-05
   2.78573e-09   1.07020e-05
   2.78673e-09   1.07000e-05
   2.78774e-09   1.06981e-05
   2.78874e-09   1.06961e-05
   2.78974e-09   1.06942e-05
   2.79075e-09   1.06922e-05
   2.79175e-09   1.06903e-05
   2.79275e-09   1.06883e-05
   2.79375e-09   1.06864e-05
   2.79476e-09   1.06844e-05
   2.79576e-09   1.06825e-05
   2.79676e-09   1.06805e-05
   2.79777e-09   1.06786e-05
   2.79877e-09   1.06766e-05
   2.79977e-09   1.06747e-05
   2.80077e-09   1.06727e-05
   2.80178e-09   1.06708e-05
   2.80278e-09   1.06688e-05
   2.80378e-09   1.06669e-05
   2.80479e-09   1.06649e-05
   2.80579e-09   1.06630e-05
   2.80679e-09   1.06610e-05
   2.80780e-09   1.06590e-05
   2.80880e-09   1.06571e-05
   2.80980e-09   1.06551e-05
   2.81080e-09   1.06532e-05
   2.81181e-09   1.06512e-05
   2.81281e-09   1.06493e-05
   2.81381e-09   1.06473e-05
   2.81482e-09   1.06454e-05
   2.81582e-09   1.06434e-05
   2.81682e-09   1.06415e-05
   2.81783e-09   1.06395e-05
   2.81883e-09   1.06376e-05
   2.81983e-09   1.06356e-05
   2.82084e-09   1.06337e-05
   2.82184e-09   1.06317e-05
   2.82284e-09   1.06298e-05
   2.82385e-09   1.06278e-05
   2.82485e-09   1.06259e-05
   2.82585e-09   1.06239e-05
   2.82686e-09   1.06220e-05
   2.82786e-09   1.06201e-05
   2.82886e-09   1.06181e-05
   2.82987e-09   1.06162e-05
   2.83087e-09   1.06143e-05
   2.83188e-09   1.06124e-05
   2.83288e-09   1.06104e-05
   2.83388e-09   1.06085e-05
   2.83489e-09   1.06066e-05
   2.83589e-09   1.06047e-05
   2.83689e-09   1.06028e-05
   2.83790e-09   1.06009e-05
   2.83890e-09   1.05990e-05
   2.83990e-09   1.05971e-05
   2.84091e-09   1.05952e-05
   2.84191e-09   1.05932e-05
   2.84292e-09   1.05913e-05
   2.84392e-09   1.05894e-05
   2.84492e-09   1.05875e-05
   2.84593e-09   1.05856e-05
   2.84693e-09   1.05837e-05
   2.84793e-09   1.05818e-05
   2.84894e-09   1.05800e-05
   2.84994e-09   1.05781e-05
   2.85095e-09   1.05762e-05
   2.85195e-09   1.05743e-05
   2.85295e-09   1.05724e-05
   2.85396e-09   1.05705e-05
   2.85496e-09   1.05686e-05
   2.85597e-09   1.05666e-05
   2.85697e-09   1.05647e-05
   2.85797e-09   1.05628e-05
   2.85898e-09   1.05609e-05
   2.85998e-09   1.05590e-05
   2.86099e-09   1.05571e-05
   2.86199e-09   1.05552e-05
   2.86299e-09   1.05533e-05
   2.86400e-09   1.05513e-05
   2.86500e-09   1.05494e-05
   2.86601e-09   1.05475e-05
   2.86701e-09   1.05456e-05
   2.86801e-09   1.05437e-05
   2.86902e-09   1.05417e-05
   2.87002e-09   1.05398e-05
   2.87103e-09   1.05379e-05
   2.87203e-09   1.05360e-05
   2.87304e-09   1.05341e-05
   2.87404e-09   1.05321e-05
   2.87504e-09   1.05302e-05
   2.87605e-09   1.05283e-05
   2.87705e-09   1.05264e-05
   2.87806e-09   1.05245e-05
   2.87906e-09   1.05225e-05
   2.88007e-09   1.05206e-05
   2.88107e-09   1.05187e-05
   2.88208e-09   1.05168e-05
   2.88308e-09   1.05149e-05
   2.88408e-09   1.05129e-05
   2.88509e-09   1.05110e-05
   2.88609e-09   1.05091e-05
   2.88710e-09   1.05072e-05
   2.88810e-09   1.05052e-05
   2.88911e-09   1.05033e-05
   2.89011e-09   1.05014e-05
   2.89112e-09   1.04995e-05
   2.89212e-09   1.04975e-05
   2.89313e-09   1.04956e-05
   2.89413e-09   1.04937e-05
   2.89513e-09   1.04918e-05
   2.89614e-09   1.04899e-05
   2.89714e-09   1.04879e-05
   2.89815e-09   1.04860e-05
   2.89915e-09   1.04841e-05
   2.90016e-09   1.04822e-05
   2.90116e-09   1.04802e-05
   2.90217e-09   1.04783e-05
   2.90317e-09   1.04764e-05
   2.90418e-09   1.04745e-05
   2.90518e-09   1.04725e-05
   2.90619e-09   1.04706e-05
   2.90719e-09   1.04687e-05
   2.90820e-09   1.04668e-05
   2.90920e-09   1.04648e-05
   2.91021e-09   1.04629e-05
   2.91121e-09   1.04610e-05
   2.91222e-09   1.04591e-05
   2.91322e-09   1.04571e-05
   2.91423e-09   1.04552e-05
   2.91523e-09   1.04533e-05
   2.91624e-09   1.04514e-05
   2.91724e-09   1.04495e-05
   2.91825e-09   1.04475e-05
   2.91925e-09   1.04456e-05
   2.92026e-09   1.04437e-05
   2.92126e-09   1.04418e-05
   2.92227e-09   1.04398e-05
   2.92327e-09   1.04379e-05
   2.92428e-09   1.04360e-05
   2.92528e-09   1.04341e-05
   2.92629e-09   1.04321e-05
   2.92729e-09   1.04302e-05
   2.92830e-09   1.04283e-05
   2.92930e-09   1.04264e-05
   2.93031e-09   1.04245e-05
   2.93132e-09   1.04225e-05
   2.93232e-09   1.04206e-05
   2.93333e-09   1.04187e-05
   2.93433e-09   1.04168e-05
   2.93534e-09   1.04149e-05
   2.93634e-09   1.04130e-05
   2.93735e-09   1.04112e-05
   2.93835e-09   1.04093e-05
   2.93936e-09   1.04074e-05
   2.94036e-09   1.04055e-05
   2.94137e-09   1.04036e-05
   2.94238e-09   1.04017e-05
   2.94338e-09   1.03998e-05
   2.94439e-09   1.03980e-05
   2.94539e-09   1.03961e-05
   2.94640e-09   1.03942e-05
   2.94740e-09   1.03923e-05
   2.94841e-09   1.03904e-05
   2.94941e-09   1.03886e-05
   2.95042e-09   1.03867e-05
   2.95143e-09   1.03848e-05
   2.95243e-09   1.03830e-05
   2.95344e-09   1.03811e-05
   2.95444e-09   1.03792e-05
   2.95545e-09   1.03774e-05
   2.95645e-09   1.03755e-05
   2.95746e-09   1.03736e-05
   2.95847e-09   1.03717e-05
   2.95947e-09   1.03699e-05
   2.96048e-09   1.03680e-05
   2.96148e-09   1.03661e-05
   2.96249e-09   1.03642e-05
   2.96350e-09   1.03623e-05
   2.96450e-09   1.03604e-05
   2.96551e-09   1.03585e-05
   2.96651e-09   1.03567e-05
   2.96752e-09   1.03548e-05
   2.96853e-09   1.03529e-05
   2.96953e-09   1.03510e-05
   2.97054e-09   1.03491e-05
   2.97154e-09   1.03472e-05
   2.97255e-09   1.03453e-05
   2.97356e-09   1.03434e-05
   2.97456e-09   1.03415e-05
   2.97557e-09   1.03396e-05
   2.97657e-09   1.03377e-05
   2.97758e-09   1.03359e-05
   2.97859e-09   1.03340e-05
   2.97959e-09   1.03321e-05
   2.98060e-09   1.03302e-05
   2.98160e-09   1.03283e-05
   2.98261e-09   1.03264e-05
   2.98362e-09   1.03245e-05
   2.98462e-09   1.03226e-05
   2.98563e-09   1.03207e-05
   2.98664e-09   1.03188e-05
   2.98764e-09   1.03169e-05
   2.98865e-09   1.03150e-05
   2.98966e-09   1.03131e-05
   2.99066e-09   1.03112e-05
   2.99167e-09   1.03093e-05
   2.99267e-09   1.03074e-05
   2.99368e-09   1.03055e-05
   2.99469e-09   1.03037e-05
   2.99569e-09   1.03018e-05
   2.99670e-09   1.02999e-05
   2.99771e-09   1.02980e-05
   2.99871e-09   1.02961e-05
   2.99972e-09   1.02942e-05
   3.00073e-09   1.02923e-05
   3.00173e-09   1.02904e-05
   3.00274e-09   1.02885e-05
   3.00375e-09   1.02866e-05
   3.00475e-09   1.02847e-05
   3.00576e-09   1.02828e-05
   3.00677e-09   1.02809e-05
   3.00777e-09   1.02790e-05
   3.00878e-09   1.02771e-05
   3.00979e-09   1.02752e-05
   3.01079e-09   1.02733e-05
   3.01180e-09   1.02714e-05
   3.01281e-09   1.02695e-05
   3.01381e-09   1.02676e-05
   3.01482e-09   1.02657e-05
   3.01583e-09   1.02638e-05
   3.01683e-09   1.02619e-05
   3.01784e-09   1.02601e-05
   3.01885e-09   1.02582e-05
   3.01985e-09   1.02563e-05
   3.02086e-09   1.02544e-05
   3.02187e-09   1.02525e-05
   3.02287e-09   1.02506e-05
   3.02388e-09   1.02487e-05
   3.02489e-09   1.02468e-05
   3.02590e-09   1.02449e-05
   3.02690e-09   1.02430e-05
   3.02791e-09   1.02411e-05
   3.02892e-09   1.02392e-05
   3.02992e-09   1.02373e-05
   3.03093e-09   1.02354e-05
   3.03194e-09   1.02335e-05
   3.03295e-09   1.02316e-05
   3.03395e-09   1.02297e-05
   3.03496e-09   1.02278e-05
   3.03597e-09   1.02259e-05
   3.03697e-09   1.02241e-05
   3.03798e-09   1.02222e-05
   3.03899e-09   1.02203e-05
   3.04000e-09   1.02184e-05
   3.04100e-09   1.02165e-05
   3.04201e-09   1.02147e-05
   3.04302e-09   1.02128e-05
   3.04402e-09   1.02109e-05
   3.04503e-09   1.02091e-05
   3.04604e-09   1.02072e-05
   3.04705e-09   1.02053e-05
   3.04805e-09   1.02035e-05
   3.04906e-09   1.02016e-05
   3.05007e-09   1.01998e-05
   3.05108e-09   1.01979e-05
   3.05208e-09   1.01961e-05
   3.05309e-09   1.01942e-05
   3.05410e-09   1.01924e-05
   3.05511e-09   1.01905e-05
   3.05611e-09   1.01887e-05
   3.05712e-09   1.01868e-05
   3.05813e-09   1.01850e-05
   3.05914e-09   1.01831e-05
   3.06014e-09   1.01813e-05
   3.06115e-09   1.01795e-05
   3.06216e-09   1.01776e-05
   3.06317e-09   1.01758e-05
   3.06417e-09   1.01739e-05
   3.06518e-09   1.01721e-05
   3.06619e-09   1.01702e-05
   3.06720e-09   1.01683e-05
   3.06820e-09   1.01665e-05
   3.06921e-09   1.01646e-05
   3.07022e-09   1.01628e-05
   3.07123e-09   1.01609e-05
   3.07224e-09   1.01591e-05
   3.07324e-09   1.01572e-05
   3.07425e-09   1.01553e-05
   3.07526e-09   1.01535e-05
   3.07627e-09   1.01516e-05
   3.07727e-09   1.01497e-05
   3.07828e-09   1.01479e-05
   3.07929e-09   1.01460e-05
   3.08030e-09   1.01441e-05
   3.08131e-09   1.01423e-05
   3.08231e-09   1.01404e-05
   3.08332e-09   1.01386e-05
   3.08433e-09   1.01367e-05
   3.08534e-09   1.01348e-05
   3.08635e-09   1.01330e-05
   3.08735e-09   1.01311e-05
   3.08836e-09   1.01292e-05
   3.08937e-09   1.01274e-05
   3.09038e-09   1.01255e-05
   3.09139e-09   1.01236e-05
   3.09239e-09   1.01218e-05
   3.09340e-09   1.01199e-05
   3.09441e-09   1.01180e-05
   3.09542e-09   1.01161e-05
   3.09643e-09   1.01143e-05
   3.09744e-09   1.01124e-05
   3.09844e-09   1.01105e-05
   3.09945e-09   1.01087e-05
   3.10046e-09   1.01068e-05
   3.10147e-09   1.01049e-05
   3.10248e-09   1.01031e-05
   3.10348e-09   1.01012e-05
   3.10449e-09   1.00993e-05
   3.10550e-09   1.00975e-05
   3.10651e-09   1.00956e-05
   3.10752e-09   1.00937e-05
   3.10853e-09   1.00919e-05
   3.10953e-09   1.00900e-05
   3.11054e-09   1.00881e-05
   3.11155e-09   1.00863e-05
   3.11256e-09   1.00844e-05
   3.11357e-09   1.00825e-05
   3.11458e-09   1.00807e-05
   3.11559e-09   1.00788e-05
   3.11659e-09   1.00769e-05
   3.11760e-09   1.00751e-05
   3.11861e-09   1.00732e-05
   3.11962e-09   1.00713e-05
   3.12063e-09   1.00694e-05
   3.12164e-09   1.00676e-05
   3.12265e-09   1.00657e-05
   3.12365e-09   1.00638e-05
   3.12466e-09   1.00620e-05
   3.12567e-09   1.00601e-05
   3.12668e-09   1.00582e-05
   3.12769e-09   1.00564e-05
   3.12870e-09   1.00545e-05
   3.12971e-09   1.00526e-05
   3.13071e-09   1.00508e-05
   3.13172e-09   1.00489e-05
   3.13273e-09   1.00470e-05
   3.13374e-09   1.00452e-05
   3.13475e-09   1.00433e-05
   3.13576e-09   1.00414e-05
   3.13677e-09   1.00396e-05
   3.13778e-09   1.00377e-05
   3.13879e-09   1.00358e-05
   3.13979e-09   1.00340e-05
   3.14080e-09   1.00321e-05
   3.14181e-09   1.00302e-05
   3.14282e-09   1.00284e-05
   3.14383e-09   1.00265e-05
   3.14484e-09   1.00246e-05
   3.14585e-09   1.00228e-05
   3.14686e-09   1.00209e-05
   3.14787e-09   1.00191e-05
   3.14888e-09   1.00172e-05
   3.14988e-09   1.00154e-05
   3.15089e-09   1.00135e-05
   3.15190e-09   1.00117e-05
   3.15291e-09   1.00098e-05
   3.15392e-09   1.00080e-05
   3.15493e-09   1.00062e-05
   3.15594e-09   1.00043e-05
   3.15695e-09   1.00025e-05
   3.15796e-09   1.00007e-05
   3.15897e-09   9.99884e-06
   3.15998e-09   9.99701e-06
   3.16098e-09   9.99519e-06
   3.16199e-09   9.99336e-06
   3.16300e-09   9.99154e-06
   3.16401e-09   9.98972e-06
   3.16502e-09   9.98790e-06
   3.16603e-09   9.98608e-06
   3.16704e-09   9.98426e-06
   3.16805e-09   9.98245e-06
   3.16906e-09   9.98063e-06
   3.17007e-09   9.97881e-06
   3.17108e-09   9.97699e-06
   3.17209e-09   9.97516e-06
   3.17310e-09   9.97334e-06
   3.17411e-09   9.97151e-06
   3.17512e-09   9.96967e-06
   3.17613e-09   9.96784e-06
   3.17713e-09   9.96601e-06
   3.17814e-09   9.96418e-06
   3.17915e-09   9.96234e-06
   3.18016e-09   9.96051e-06
   3.18117e-09   9.95867e-06
   3.18218e-09   9.95684e-06
   3.18319e-09   9.95500e-06
   3.18420e-09   9.95316e-06
   3.18521e-09   9.95132e-06
   3.18622e-09   9.94949e-06
   3.18723e-09   9.94765e-06
   3.18824e-09   9.94581e-06
   3.18925e-09   9.94397e-06
   3.19026e-09   9.94213e-06
   3.19127e-09   9.94029e-06
   3.19228e-09   9.93845e-06
   3.19329e-09   9.93661e-06
   3.19430e-09   9.93477e-06
   3.19531e-09   9.93293e-06
   3.19632e-09   9.93109e-06
   3.19733e-09   9.92925e-06
   3.19834e-09   9.92741e-06
   3.19935e-09   9.92557e-06
   3.20036e-09   9.92373e-06
   3.20137e-09   9.92189e-06
   3.20238e-09   9.92005e-06
   3.20339e-09   9.91821e-06
   3.20440e-09   9.91637e-06
   3.20541e-09   9.91453e-06
   3.20642e-09   9.91269e-06
   3.20743e-09   9.91084e-06
   3.20844e-09   9.90900e-06
   3.20945e-09   9.90716e-06
   3.21046e-09   9.90532e-06
   3.21147e-09   9.90348e-06
   3.21248e-09   9.90164e-06
   3.21349e-09   9.89980e-06
   3.21450e-09   9.89795e-06
   3.21551e-09   9.89611e-06
   3.21652e-09   9.89427e-06
   3.21753e-09   9.89243e-06
   3.21854e-09   9.89059e-06
   3.21955e-09   9.88875e-06
   3.22056e-09   9.88691e-06
   3.22157e-09   9.88506e-06
   3.22258e-09   9.88322e-06
   3.22359e-09   9.88138e-06
   3.22460e-09   9.87954e-06
   3.22561e-09   9.87770e-06
   3.22662e-09   9.87586e-06
   3.22763e-09   9.87402e-06
   3.22864e-09   9.87218e-06
   3.22965e-09   9.87033e-06
   3.23066e-09   9.86849e-06
   3.23167e-09   9.86665e-06
   3.23268e-09   9.86481e-06
   3.23369e-09   9.86297e-06
   3.23470e-09   9.86113e-06
   3.23571e-09   9.85929e-06
   3.23672e-09   9.85745e-06
   3.23773e-09   9.85561e-06
   3.23875e-09   9.85377e-06
   3.23976e-09   9.85193e-06
   3.24077e-09   9.85009e-06
   3.24178e-09   9.84824e-06
   3.24279e-09   9.84640e-06
   3.24380e-09   9.84456e-06
   3.24481e-09   9.84272e-06
   3.24582e-09   9.84088e-06
   3.24683e-09   9.83904e-06
   3.24784e-09   9.83720e-06
   3.24885e-09   9.83536e-06
   3.24986e-09   9.83352e-06
   3.25087e-09   9.83168e-06
   3.25188e-09   9.82984e-06
   3.25289e-09   9.82801e-06
   3.25390e-09   9.82617e-06
   3.25492e-09   9.82433e-06
   3.25593e-09   9.82249e-06
   3.25694e-09   9.82065e-06
   3.25795e-09   9.81882e-06
   3.25896e-09   9.81700e-06
   3.25997e-09   9.81518e-06
   3.26098e-09   9.81336e-06
   3.26199e-09   9.81154e-06
   3.26300e-09   9.80973e-06
   3.26401e-09   9.80791e-06
   3.26502e-09   9.80610e-06
   3.26603e-09   9.80430e-06
   3.26705e-09   9.80249e-06
   3.26806e-09   9.80068e-06
   3.26907e-09   9.79888e-06
   3.27008e-09   9.79708e-06
   3.27109e-09   9.79528e-06
   3.27210e-09   9.79348e-06
   3.27311e-09   9.79169e-06
   3.27412e-09   9.78989e-06
   3.27513e-09   9.78810e-06
   3.27614e-09   9.78630e-06
   3.27716e-09   9.78451e-06
   3.27817e-09   9.78272e-06
   3.27918e-09   9.78093e-06
   3.28019e-09   9.77913e-06
   3.28120e-09   9.77733e-06
   3.28221e-09   9.77553e-06
   3.28322e-09   9.77372e-06
   3.28423e-09   9.77192e-06
   3.28524e-09   9.77011e-06
   3.28626e-09   9.76830e-06
   3.28727e-09   9.76650e-06
   3.28828e-09   9.76469e-06
   3.28929e-09   9.76288e-06
   3.29030e-09   9.76107e-06
   3.29131e-09   9.75926e-06
   3.29232e-09   9.75745e-06
   3.29334e-09   9.75563e-06
   3.29435e-09   9.75382e-06
   3.29536e-09   9.75201e-06
   3.29637e-09   9.75020e-06
   3.29738e-09   9.74839e-06
   3.29839e-09   9.74657e-06
   3.29940e-09   9.74476e-06
   3.30041e-09   9.74295e-06
   3.30143e-09   9.74113e-06
   3.30244e-09   9.73932e-06
   3.30345e-09   9.73750e-06
   3.30446e-09   9.73569e-06
   3.30547e-09   9.73388e-06
   3.30648e-09   9.73206e-06
   3.30750e-09   9.73025e-06
   3.30851e-09   9.72843e-06
   3.30952e-09   9.72662e-06
   3.31053e-09   9.72480e-06
   3.31154e-09   9.72299e-06
   3.31255e-09   9.72117e-06
   3.31357e-09   9.71936e-06
   3.31458e-09   9.71754e-06
   3.31559e-09   9.71573e-06
   3.31660e-09   9.71391e-06
   3.31761e-09   9.71210e-06
   3.31862e-09   9.71028e-06
   3.31964e-09   9.70846e-06
   3.32065e-09   9.70665e-06
   3.32166e-09   9.70483e-06
   3.32267e-09   9.70302e-06
   3.32368e-09   9.70120e-06
   3.32469e-09   9.69939e-06
   3.32571e-09   9.69757e-06
   3.32672e-09   9.69576e-06
   3.32773e-09   9.69394e-06
   3.32874e-09   9.69213e-06
   3.32975e-09   9.69031e-06
   3.33077e-09   9.68849e-06
   3.33178e-09   9.68668e-06
   3.33279e-09   9.68486e-06
   3.33380e-09   9.68305e-06
   3.33481e-09   9.68123e-06
   3.33583e-09   9.67942e-06
   3.33684e-09   9.67760e-06
   3.33785e-09   9.67579e-06
   3.33886e-09   9.67397e-06
   3.33987e-09   9.67216e-06
   3.34089e-09   9.67034e-06
   3.34190e-09   9.66853e-06
   3.34291e-09   9.66671e-06
   3.34392e-09   9.66490e-06
   3.34493e-09   9.66308e-06
   3.34595e-09   9.66127e-06
   3.34696e-09   9.65946e-06
   3.34797e-09   9.65764e-06
   3.34898e-09   9.65583e-06
   3.35000e-09   9.65401e-06
   3.35101e-09   9.65220e-06
   3.35202e-09   9.65038e-06
   3.35303e-09   9.64857e-06
   3.35404e-09   9.64676e-06
   3.35506e-09   9.64494e-06
   3.35607e-09   9.64313e-06
   3.35708e-09   9.64131e-06
   3.35809e-09   9.63950e-06
   3.35911e-09   9.63769e-06
   3.36012e-09   9.63587e-06
   3.36113e-09   9.63406e-06
   3.36214e-09   9.63225e-06
   3.36316e-09   9.63043e-06
   3.36417e-09   9.62862e-06
   3.36518e-09   9.62681e-06
   3.36619e-09   9.62499e-06
   3.36721e-09   9.62318e-06
   3.36822e-09   9.62137e-06
   3.36923e-09   9.61956e-06
   3.37024e-09   9.61775e-06
   3.37126e-09   9.61595e-06
   3.37227e-09   9.61416e-06
   3.37328e-09   9.61236e-06
   3.37429e-09   9.61057e-06
   3.37531e-09   9.60878e-06
   3.37632e-09   9.60700e-06
   3.37733e-09   9.60521e-06
   3.37834e-09   9.60343e-06
   3.37936e-09   9.60165e-06
   3.38037e-09   9.59987e-06
   3.38138e-09   9.59809e-06
   3.38239e-09   9.59632e-06
   3.38341e-09   9.59454e-06
   3.38442e-09   9.59277e-06
   3.38543e-09   9.59100e-06
   3.38644e-09   9.58923e-06
   3.38746e-09   9.58746e-06
   3.38847e-09   9.58569e-06
   3.38948e-09   9.58393e-06
   3.39050e-09   9.58216e-06
   3.39151e-09   9.58038e-06
   3.39252e-09   9.57861e-06
   3.39353e-09   9.57683e-06
   3.39455e-09   9.57505e-06
   3.39556e-09   9.57327e-06
   3.39657e-09   9.57148e-06
   3.39759e-09   9.56970e-06
   3.39860e-09   9.56792e-06
   3.39961e-09   9.56613e-06
   3.40063e-09   9.56435e-06
   3.40164e-09   9.56256e-06
   3.40265e-09   9.56078e-06
   3.40366e-09   9.55899e-06
   3.40468e-09   9.55720e-06
   3.40569e-09   9.55542e-06
   3.40670e-09   9.55363e-06
   3.40772e-09   9.55184e-06
   3.40873e-09   9.55005e-06
   3.40974e-09   9.54826e-06
   3.41076e-09   9.54648e-06
   3.41177e-09   9.54469e-06
   3.41278e-09   9.54290e-06
   3.41380e-09   9.54111e-06
   3.41481e-09   9.53932e-06
   3.41582e-09   9.53753e-06
   3.41683e-09   9.53574e-06
   3.41785e-09   9.53395e-06
   3.41886e-09   9.53216e-06
   3.41987e-09   9.53037e-06
   3.42089e-09   9.52858e-06
   3.42190e-09   9.52679e-06
   3.42291e-09   9.52500e-06
   3.42393e-09   9.52321e-06
   3.42494e-09   9.52142e-06
   3.42595e-09   9.51963e-06
   3.42697e-09   9.51784e-06
   3.42798e-09   9.51605e-06
   3.42899e-09   9.51426e-06
   3.43001e-09   9.51247e-06
   3.43102e-09   9.51068e-06
   3.43203e-09   9.50889e-06
   3.43305e-09   9.50710e-06
   3.43406e-09   9.50531e-06
   3.43508e-09   9.50352e-06
   3.43609e-09   9.50173e-06
   3.43710e-09   9.49994e-06
   3.43812e-09   9.49815e-06
   3.43913e-09   9.49636e-06
   3.44014e-09   9.49457e-06
   3.44116e-09   9.49278e-06
   3.44217e-09   9.49099e-06
   3.44318e-09   9.48920e-06
   3.44420e-09   9.48741e-06
   3.44521e-09   9.48562e-06
   3.44622e-09   9.48383e-06
   3.44724e-09   9.48204e-06
   3.44825e-09   9.48025e-06
   3.44927e-09   9.47846e-06
   3.45028e-09   9.47667e-06
   3.45129e-09   9.47488e-06
   3.45231e-09   9.47309e-06
   3.45332e-09   9.47130e-06
   3.45433e-09   9.46952e-06
   3.45535e-09   9.46773e-06
   3.45636e-09   9.46594e-06
   3.45738e-09   9.46415e-06
   3.45839e-09   9.46236e-06
   3.45940e-09   9.46057e-06
   3.46042e-09   9.45878e-06
   3.46143e-09   9.45699e-06
   3.46245e-09   9.45520e-06
   3.46346e-09   9.45341e-06
   3.46447e-09   9.45163e-06
   3.46549e-09   9.44984e-06
   3.46650e-09   9.44805e-06
   3.46751e-09   9.44626e-06
   3.46853e-09   9.44447e-06
   3.46954e-09   9.44268e-06
   3.47056e-09   9.44090e-06
   3.47157e-09   9.43911e-06
   3.47258e-09   9.43732e-06
   3.47360e-09   9.43553e-06
   3.47461e-09   9.43374e-06
   3.47563e-09   9.43196e-06
   3.47664e-09   9.43017e-06
   3.47766e-09   9.42838e-06
   3.47867e-09   9.42659e-06
   3.47968e-09   9.42481e-06
   3.48070e-09   9.42302e-06
   3.48171e-09   9.42123e-06
   3.48273e-09   9.41945e-06
   3.48374e-09   9.41766e-06
   3.48475e-09   9.41589e-06
   3.48577e-09   9.41411e-06
   3.48678e-09   9.41234e-06
   3.48780e-09   9.41057e-06
   3.48881e-09   9.40881e-06
   3.48983e-09   9.40705e-06
   3.49084e-09   9.40528e-06
   3.49185e-09   9.40353e-06
   3.49287e-09   9.40177e-06
   3.49388e-09   9.40001e-06
   3.49490e-09   9.39826e-06
   3.49591e-09   9.39651e-06
   3.49693e-09   9.39476e-06
   3.49794e-09   9.39301e-06
   3.49896e-09   9.39126e-06
   3.49997e-09   9.38952e-06
   3.50098e-09   9.38777e-06
   3.50200e-09   9.38603e-06
   3.50301e-09   9.38429e-06
   3.50403e-09   9.38254e-06
   3.50504e-09   9.38078e-06
   3.50606e-09   9.37903e-06
   3.50707e-09   9.37727e-06
   3.50809e-09   9.37551e-06
   3.50910e-09   9.37376e-06
   3.51011e-09   9.37200e-06
   3.51113e-09   9.37024e-06
   3.51214e-09   9.36848e-06
   3.51316e-09   9.36672e-06
   3.51417e-09   9.36496e-06
   3.51519e-09   9.36319e-06
   3.51620e-09   9.36143e-06
   3.51722e-09   9.35967e-06
   3.51823e-09   9.35791e-06
   3.51925e-09   9.35614e-06
   3.52026e-09   9.35438e-06
   3.52128e-09   9.35262e-06
   3.52229e-09   9.35085e-06
   3.52331e-09   9.34909e-06
   3.52432e-09   9.34732e-06
   3.52534e-09   9.34556e-06
   3.52635e-09   9.34379e-06
   3.52736e-09   9.34203e-06
   3.52838e-09   9.34026e-06
   3.52939e-09   9.33850e-06
   3.53041e-09   9.33673e-06
   3.53142e-09   9.33497e-06
   3.53244e-09   9.33320e-06
   3.53345e-09   9.33144e-06
   3.53447e-09   9.32967e-06
   3.53548e-09   9.32791e-06
   3.53650e-09   9.32614e-06
   3.53751e-09   9.32438e-06
   3.53853e-09   9.32261e-06
   3.53954e-09   9.32085e-06
   3.54056e-09   9.31908e-06
   3.54157e-09   9.31731e-06
   3.54259e-09   9.31555e-06
   3.54360e-09   9.31378e-06
   3.54462e-09   9.31202e-06
   3.54563e-09   9.31025e-06
   3.54665e-09   9.30849e-06
   3.54766e-09   9.30672e-06
   3.54868e-09   9.30495e-06
   3.54969e-09   9.30319e-06
   3.55071e-09   9.30142e-06
   3.55173e-09   9.29966e-06
   3.55274e-09   9.29789e-06
   3.55376e-09   9.29613e-06
   3.55477e-09   9.29436e-06
   3.55579e-09   9.29260e-06
   3.55680e-09   9.29083e-06
   3.55782e-09   9.28907e-06
   3.55883e-09   9.28730e-06
   3.55985e-09   9.28554e-06
   3.56086e-09   9.28377e-06
   3.56188e-09   9.28200e-06
   3.56289e-09   9.28024e-06
   3.56391e-09   9.27847e-06
   3.56492e-09   9.27671e-06
   3.56594e-09   9.27495e-06
   3.56695e-09   9.27318e-06
   3.56797e-09   9.27142e-06
   3.56899e-09   9.26965e-06
   3.57000e-09   9.26789e-06
   3.57102e-09   9.26612e-06
   3.57203e-09   9.26436e-06
   3.57305e-09   9.26259e-06
   3.57406e-09   9.26083e-06
   3.57508e-09   9.25907e-06
   3.57609e-09   9.25730e-06
   3.57711e-09   9.25554e-06
   3.57812e-09   9.25377e-06
   3.57914e-09   9.25201e-06
   3.58016e-09   9.25025e-06
   3.58117e-09   9.24848e-06
   3.58219e-09   9.24672e-06
   3.58320e-09   9.24496e-06
   3.58422e-09   9.24319e-06
   3.58523e-09   9.24143e-06
   3.58625e-09   9.23967e-06
   3.58727e-09   9.23790e-06
   3.58828e-09   9.23614e-06
   3.58930e-09   9.23438e-06
   3.59031e-09   9.23262e-06
   3.59133e-09   9.23085e-06
   3.59234e-09   9.22909e-06
   3.59336e-09   9.22733e-06
   3.59438e-09   9.22557e-06
   3.59539e-09   9.22380e-06
   3.59641e-09   9.22204e-06
   3.59742e-09   9.22028e-06
   3.59844e-09   9.21852e-06
   3.59945e-09   9.21676e-06
   3.60047e-09   9.21500e-06
   3.60149e-09   9.21325e-06
   3.60250e-09   9.21151e-06
   3.60352e-09   9.20976e-06
   3.60453e-09   9.20802e-06
   3.60555e-09   9.20628e-06
   3.60657e-09   9.20455e-06
   3.60758e-09   9.20281e-06
   3.60860e-09   9.20108e-06
   3.60961e-09   9.19935e-06
   3.61063e-09   9.19762e-06
   3.61165e-09   9.19589e-06
   3.61266e-09   9.19417e-06
   3.61368e-09   9.19244e-06
   3.61469e-09   9.19072e-06
   3.61571e-09   9.18900e-06
   3.61673e-09   9.18728e-06
   3.61774e-09   9.18555e-06
   3.61876e-09   9.18382e-06
   3.61977e-09   9.18209e-06
   3.62079e-09   9.18036e-06
   3.62181e-09   9.17863e-06
   3.62282e-09   9.17689e-06
   3.62384e-09   9.17516e-06
   3.62486e-09   9.17342e-06
   3.62587e-09   9.17169e-06
   3.62689e-09   9.16995e-06
   3.62790e-09   9.16821e-06
   3.62892e-09   9.16647e-06
   3.62994e-09   9.16473e-06
   3.63095e-09   9.16300e-06
   3.63197e-09   9.16126e-06
   3.63299e-09   9.15952e-06
   3.63400e-09   9.15778e-06
   3.63502e-09   9.15604e-06
   3.63603e-09   9.15430e-06
   3.63705e-09   9.15256e-06
   3.63807e-09   9.15082e-06
   3.63908e-09   9.14908e-06
   3.64010e-09   9.14733e-06
   3.64112e-09   9.14559e-06
   3.64213e-09   9.14385e-06
   3.64315e-09   9.14211e-06
   3.64417e-09   9.14037e-06
   3.64518e-09   9.13863e-06
   3.64620e-09   9.13689e-06
   3.64722e-09   9.13514e-06
   3.64823e-09   9.13340e-06
   3.64925e-09   9.13166e-06
   3.65027e-09   9.12992e-06
   3.65128e-09   9.12818e-06
   3.65230e-09   9.12644e-06
   3.65331e-09   9.12469e-06
   3.65433e-09   9.12295e-06
   3.65535e-09   9.12121e-06
   3.65636e-09   9.11947e-06
   3.65738e-09   9.11773e-06
   3.65840e-09   9.11598e-06
   3.65941e-09   9.11424e-06
   3.66043e-09   9.11250e-06
   3.66145e-09   9.11076e-06
   3.66246e-09   9.10902e-06
   3.66348e-09   9.10728e-06
   3.66450e-09   9.10553e-06
   3.66552e-09   9.10379e-06
   3.66653e-09   9.10205e-06
   3.66755e-09   9.10031e-06
   3.66857e-09   9.09857e-06
   3.66958e-09   9.09683e-06
   3.67060e-09   9.09508e-06
   3.67162e-09   9.09334e-06
   3.67263e-09   9.09160e-06
   3.67365e-09   9.08986e-06
   3.67467e-09   9.08812e-06
   3.67568e-09   9.08638e-06
   3.67670e-09   9.08464e-06
   3.67772e-09   9.08290e-06
   3.67873e-09   9.08116e-06
   3.67975e-09   9.07941e-06
   3.68077e-09   9.07767e-06
   3.68179e-09   9.07593e-06
   3.68280e-09   9.07419e-06
   3.68382e-09   9.07245e-06
   3.68484e-09   9.07071e-06
   3.68585e-09   9.06897e-06
   3.68687e-09   9.06723e-06
   3.68789e-09   9.06549e-06
   3.68890e-09   9.06375e-06
   3.68992e-09   9.06201e-06
   3.69094e-09   9.06027e-06
   3.69196e-09   9.05853e-06
   3.69297e-09   9.05679e-06
   3.69399e-09   9.05505e-06
   3.69501e-09   9.05331e-06
   3.69602e-09   9.05157e-06
   3.69704e-09   9.04983e-06
   3.69806e-09   9.04809e-06
   3.69908e-09   9.04635e-06
   3.70009e-09   9.04461e-06
   3.70111e-09   9.04288e-06
   3.70213e-09   9.04114e-06
   3.70315e-09   9.03940e-06
   3.70416e-09   9.03766e-06
   3.70518e-09   9.03592e-06
   3.70620e-09   9.03418e-06
   3.70721e-09   9.03244e-06
   3.70823e-09   9.03071e-06
   3.70925e-09   9.02897e-06
   3.71027e-09   9.02723e-06
   3.71128e-09   9.02549e-06
   3.71230e-09   9.02375e-06
   3.71332e-09   9.02202e-06
   3.71434e-09   9.02028e-06
   3.71535e-09   9.01854e-06
   3.71637e-09   9.01680e-06
   3.71739e-09   9.01507e-06
   3.71841e-09   9.01334e-06
   3.71942e-09   9.01161e-06
   3.72044e-09   9.00989e-06
   3.72146e-09   9.00817e-06
   3.72248e-09   9.00646e-06
   3.72349e-09   9.00474e-06
   3.72451e-09   9.00303e-06
   3.72553e-09   9.00132e-06
   3.72655e-09   8.99961e-06
   3.72756e-09   8.99790e-06
   3.72858e-09   8.99620e-06
   3.72960e-09   8.99450e-06
   3.73062e-09   8.99279e-06
   3.73163e-09   8.99109e-06
   3.73265e-09   8.98940e-06
   3.73367e-09   8.98769e-06
   3.73469e-09   8.98599e-06
   3.73571e-09   8.98428e-06
   3.73672e-09   8.98257e-06
   3.73774e-09   8.98086e-06
   3.73876e-09   8.97915e-06
   3.73978e-09   8.97744e-06
   3.74079e-09   8.97573e-06
   3.74181e-09   8.97401e-06
   3.74283e-09   8.97230e-06
   3.74385e-09   8.97058e-06
   3.74487e-09   8.96887e-06
   3.74588e-09   8.96715e-06
   3.74690e-09   8.96543e-06
   3.74792e-09   8.96372e-06
   3.74894e-09   8.96200e-06
   3.74995e-09   8.96028e-06
   3.75097e-09   8.95857e-06
   3.75199e-09   8.95685e-06
   3.75301e-09   8.95513e-06
   3.75403e-09   8.95341e-06
   3.75504e-09   8.95170e-06
   3.75606e-09   8.94998e-06
   3.75708e-09   8.94826e-06
   3.75810e-09   8.94654e-06
   3.75912e-09   8.94482e-06
   3.76013e-09   8.94310e-06
   3.76115e-09   8.94139e-06
   3.76217e-09   8.93967e-06
   3.76319e-09   8.93795e-06
   3.76421e-09   8.93623e-06
   3.76522e-09   8.93451e-06
   3.76624e-09   8.93279e-06
   3.76726e-09   8.93107e-06
   3.76828e-09   8.92936e-06
   3.76930e-09   8.92764e-06
   3.77032e-09   8.92592e-06
   3.77133e-09   8.92420e-06
   3.77235e-09   8.92248e-06
   3.77337e-09   8.92076e-06
   3.77439e-09   8.91904e-06
   3.77541e-09   8.91732e-06
   3.77642e-09   8.91561e-06
   3.77744e-09   8.91389e-06
   3.77846e-09   8.91217e-06
   3.77948e-09   8.91045e-06
   3.78050e-09   8.90873e-06
   3.78152e-09   8.90701e-06
   3.78253e-09   8.90529e-06
   3.78355e-09   8.90358e-06
   3.78457e-09   8.90186e-06
   3.78559e-09   8.90014e-06
   3.78661e-09   8.89842e-06
   3.78763e-09   8.89670e-06
   3.78864e-09   8.89499e-06
   3.78966e-09   8.89327e-06
   3.79068e-09   8.89155e-06
   3.79170e-09   8.88983e-06
   3.79272e-09   8.88811e-06
   3.79374e-09   8.88640e-06
   3.79476e-09   8.88468e-06
   3.79577e-09   8.88296e-06
   3.79679e-09   8.88124e-06
   3.79781e-09   8.87953e-06
   3.79883e-09   8.87781e-06
   3.79985e-09   8.87609e-06
   3.80087e-09   8.87437e-06
   3.80189e-09   8.87266e-06
   3.80290e-09   8.87094e-06
   3.80392e-09   8.86922e-06
   3.80494e-09   8.86751e-06
   3.80596e-09   8.86579e-06
   3.80698e-09   8.86407e-06
   3.80800e-09   8.86236e-06
   3.80902e-09   8.86064e-06
   3.81003e-09   8.85892e-06
   3.81105e-09   8.85721e-06
   3.81207e-09   8.85549e-06
   3.81309e-09   8.85377e-06
   3.81411e-09   8.85206e-06
   3.81513e-09   8.85034e-06
   3.81615e-09   8.84863e-06
   3.81717e-09   8.84691e-06
   3.81818e-09   8.84520e-06
   3.81920e-09   8.84348e-06
   3.82022e-09   8.84177e-06
   3.82124e-09   8.84005e-06
   3.82226e-09   8.83834e-06
   3.82328e-09   8.83662e-06
   3.82430e-09   8.83491e-06
   3.82532e-09   8.83319e-06
   3.82634e-09   8.83148e-06
   3.82735e-09   8.82976e-06
   3.82837e-09   8.82805e-06
   3.82939e-09   8.82633e-06
   3.83041e-09   8.82462e-06
   3.83143e-09   8.82290e-06
   3.83245e-09   8.82119e-06
   3.83347e-09   8.81948e-06
   3.83449e-09   8.81776e-06
   3.83551e-09   8.81605e-06
   3.83653e-09   8.81434e-06
   3.83754e-09   8.81263e-06
   3.83856e-09   8.81092e-06
   3.83958e-09   8.80922e-06
   3.84060e-09   8.80753e-06
   3.84162e-09   8.80583e-06
   3.84264e-09   8.80414e-06
   3.84366e-09   8.80245e-06
   3.84468e-09   8.80076e-06
   3.84570e-09   8.79908e-06
   3.84672e-09   8.79740e-06
   3.84774e-09   8.79571e-06
   3.84875e-09   8.79403e-06
   3.84977e-09   8.79235e-06
   3.85079e-09   8.79068e-06
   3.85181e-09   8.78900e-06
   3.85283e-09   8.78731e-06
   3.85385e-09   8.78563e-06
   3.85487e-09   8.78394e-06
   3.85589e-09   8.78225e-06
   3.85691e-09   8.78056e-06
   3.85793e-09   8.77887e-06
   3.85895e-09   8.77718e-06
   3.85997e-09   8.77548e-06
   3.86099e-09   8.77379e-06
   3.86201e-09   8.77210e-06
   3.86302e-09   8.77040e-06
   3.86404e-09   8.76871e-06
   3.86506e-09   8.76702e-06
   3.86608e-09   8.76532e-06
   3.86710e-09   8.76363e-06
   3.86812e-09   8.76193e-06
   3.86914e-09   8.76024e-06
   3.87016e-09   8.75854e-06
   3.87118e-09   8.75685e-06
   3.87220e-09   8.75515e-06
   3.87322e-09   8.75345e-06
   3.87424e-09   8.75176e-06
   3.87526e-09   8.75006e-06
   3.87628e-09   8.74837e-06
   3.87730e-09   8.74667e-06
   3.87832e-09   8.74497e-06
   3.87934e-09   8.74328e-06
   3.88036e-09   8.74158e-06
   3.88138e-09   8.73989e-06
   3.88240e-09   8.73819e-06
   3.88341e-09   8.73649e-06
   3.88443e-09   8.73480e-06
   3.88545e-09   8.73310e-06
   3.88647e-09   8.73140e-06
   3.88749e-09   8.72971e-06
   3.88851e-09   8.72801e-06
   3.88953e-09   8.72632e-06
   3.89055e-09   8.72462e-06
   3.89157e-09   8.72292e-06
   3.89259e-09   8.72123e-06
   3.89361e-09   8.71953e-06
   3.89463e-09   8.71783e-06
   3.89565e-09   8.71614e-06
   3.89667e-09   8.71444e-06
   3.89769e-09   8.71275e-06
   3.89871e-09   8.71105e-06
   3.89973e-09   8.70935e-06
   3.90075e-09   8.70766e-06
   3.90177e-09   8.70596e-06
   3.90279e-09   8.70427e-06
   3.90381e-09   8.70257e-06
   3.90483e-09   8.70088e-06
   3.90585e-09   8.69918e-06
   3.90687e-09   8.69748e-06
   3.90789e-09   8.69579e-06
   3.90891e-09   8.69409e-06
   3.90993e-09   8.69240e-06
   3.91095e-09   8.69070e-06
   3.91197e-09   8.68901e-06
   3.91299e-09   8.68731e-06
   3.91401e-09   8.68562e-06
   3.91503e-09   8.68392e-06
   3.91605e-09   8.68223e-06
   3.91707e-09   8.68053e-06
   3.91809e-09   8.67884e-06
   3.91911e-09   8.67714e-06
   3.92013e-09   8.67545e-06
   3.92115e-09   8.67376e-06
   3.92217e-09   8.67206e-06
   3.92319e-09   8.67037e-06
   3.92421e-09   8.66867e-06
   3.92523e-09   8.66698e-06
   3.92625e-09   8.66529e-06
   3.92727e-09   8.66359e-06
   3.92829e-09   8.66190e-06
   3.92931e-09   8.66021e-06
   3.93033e-09   8.65851e-06
   3.93135e-09   8.65682e-06
   3.93237e-09   8.65513e-06
   3.93339e-09   8.65343e-06
   3.93441e-09   8.65174e-06
   3.93543e-09   8.65005e-06
   3.93645e-09   8.64835e-06
   3.93747e-09   8.64666e-06
   3.93849e-09   8.64497e-06
   3.93951e-09   8.64328e-06
   3.94054e-09   8.64158e-06
   3.94156e-09   8.63989e-06
   3.94258e-09   8.63820e-06
   3.94360e-09   8.63651e-06
   3.94462e-09   8.63482e-06
   3.94564e-09   8.63312e-06
   3.94666e-09   8.63143e-06
   3.94768e-09   8.62974e-06
   3.94870e-09   8.62805e-06
   3.94972e-09   8.62636e-06
   3.95074e-09   8.62467e-06
   3.95176e-09   8.62298e-06
   3.95278e-09   8.62129e-06
   3.95380e-09   8.61959e-06
   3.95482e-09   8.61790e-06
   3.95584e-09   8.61621e-06
   3.95686e-09   8.61452e-06
   3.95788e-09   8.61283e-06
   3.95890e-09   8.61115e-06
   3.95992e-09   8.60947e-06
   3.96095e-09   8.60779e-06
   3.96197e-09   8.60612e-06
   3.96299e-09   8.60445e-06
   3.96401e-09   8.60278e-06
   3.96503e-09   8.60111e-06
   3.96605e-09   8.59945e-06
   3.96707e-09   8.59778e-06
   3.96809e-09   8.59612e-06
   3.96911e-09   8.59446e-06
   3.97013e-09   8.59280e-06
   3.97115e-09   8.59115e-06
   3.97217e-09   8.58949e-06
   3.97319e-09   8.58782e-06
   3.97421e-09   8.58615e-06
   3.97524e-09   8.58449e-06
   3.97626e-09   8.58282e-06
   3.97728e-09   8.58115e-06
   3.97830e-09   8.57948e-06
   3.97932e-09   8.57781e-06
   3.98034e-09   8.57614e-06
   3.98136e-09   8.57446e-06
   3.98238e-09   8.57279e-06
   3.98340e-09   8.57112e-06
   3.98442e-09   8.56945e-06
   3.98544e-09   8.56777e-06
   3.98646e-09   8.56610e-06
   3.98749e-09   8.56443e-06
   3.98851e-09   8.56275e-06
   3.98953e-09   8.56108e-06
   3.99055e-09   8.55941e-06
   3.99157e-09   8.55773e-06
   3.99259e-09   8.55606e-06
   3.99361e-09   8.55438e-06
   3.99463e-09   8.55271e-06
   3.99565e-09   8.55103e-06
   3.99667e-09   8.54936e-06
   3.99770e-09   8.54769e-06
   3.99872e-09   8.54601e-06
   3.99974e-09   8.54434e-06
   4.00076e-09   8.54266e-06
   4.00178e-09   8.54099e-06
   4.00280e-09   8.53931e-06
   4.00382e-09   8.53764e-06
   4.00484e-09   8.53596e-06
   4.00586e-09   8.53429e-06
   4.00689e-09   8.53261e-06
   4.00791e-09   8.53094e-06
   4.00893e-09   8.52927e-06
   4.00995e-09   8.52759e-06
   4.01097e-09   8.52592e-06
   4.01199e-09   8.52424e-06
   4.01301e-09   8.52257e-06
   4.01403e-09   8.52089e-06
   4.01506e-09   8.51922e-06
   4.01608e-09   8.51755e-06
   4.01710e-09   8.51587e-06
   4.01812e-09   8.51420e-06
   4.01914e-09   8.51252e-06
   4.02016e-09   8.51085e-06
   4.02118e-09   8.50918e-06
   4.02221e-09   8.50750e-06
   4.02323e-09   8.50583e-06
   4.02425e-09   8.50415e-06
   4.02527e-09   8.50248e-06
   4.02629e-09   8.50081e-06
   4.02731e-09   8.49913e-06
   4.02833e-09   8.49746e-06
   4.02936e-09   8.49579e-06
   4.03038e-09   8.49411e-06
   4.03140e-09   8.49244e-06
   4.03242e-09   8.49077e-06
   4.03344e-09   8.48909e-06
   4.03446e-09   8.48742e-06
   4.03548e-09   8.48575e-06
   4.03651e-09   8.48408e-06
   4.03753e-09   8.48240e-06
   4.03855e-09   8.48073e-06
   4.03957e-09   8.47906e-06
   4.04059e-09   8.47739e-06
   4.04161e-09   8.47571e-06
   4.04264e-09   8.47404e-06
   4.04366e-09   8.47237e-06
   4.04468e-09   8.47070e-06
   4.04570e-09   8.46903e-06
   4.04672e-09   8.46735e-06
   4.04774e-09   8.46568e-06
   4.04877e-09   8.46401e-06
   4.04979e-09   8.46234e-06
   4.05081e-09   8.46067e-06
   4.05183e-09   8.45900e-06
   4.05285e-09   8.45733e-06
   4.05387e-09   8.45566e-06
   4.05490e-09   8.45398e-06
   4.05592e-09   8.45231e-06
   4.05694e-09   8.45064e-06
   4.05796e-09   8.44897e-06
   4.05898e-09   8.44730e-06
   4.06000e-09   8.44563e-06
   4.06103e-09   8.44396e-06
   4.06205e-09   8.44229e-06
   4.06307e-09   8.44062e-06
   4.06409e-09   8.43895e-06
   4.06511e-09   8.43728e-06
   4.06614e-09   8.43561e-06
   4.06716e-09   8.43394e-06
   4.06818e-09   8.43228e-06
   4.06920e-09   8.43061e-06
   4.07022e-09   8.42894e-06
   4.07125e-09   8.42727e-06
   4.07227e-09   8.42560e-06
   4.07329e-09   8.42393e-06
   4.07431e-09   8.42226e-06
   4.07533e-09   8.42059e-06
   4.07636e-09   8.41893e-06
   4.07738e-09   8.41726e-06
   4.07840e-09   8.41559e-06
   4.07942e-09   8.41392e-06
   4.08044e-09   8.41225e-06
   4.08147e-09   8.41059e-06
   4.08249e-09   8.40893e-06
   4.08351e-09   8.40727e-06
   4.08453e-09   8.40562e-06
   4.08555e-09   8.40397e-06
   4.08658e-09   8.40232e-06
   4.08760e-09   8.40068e-06
   4.08862e-09   8.39903e-06
   4.08964e-09   8.39739e-06
   4.09067e-09   8.39575e-06
   4.09169e-09   8.39411e-06
   4.09271e-09   8.39248e-06
   4.09373e-09   8.39083e-06
   4.09475e-09   8.38919e-06
   4.09578e-09   8.38754e-06
   4.09680e-09   8.38590e-06
   4.09782e-09   8.38425e-06
   4.09884e-09   8.38260e-06
   4.09987e-09   8.38095e-06
   4.10089e-09   8.37930e-06
   4.10191e-09   8.37765e-06
   4.10293e-09   8.37600e-06
   4.10395e-09   8.37434e-06
   4.10498e-09   8.37269e-06
   4.10600e-09   8.37104e-06
   4.10702e-09   8.36939e-06
   4.10804e-09   8.36774e-06
   4.10907e-09   8.36608e-06
   4.11009e-09   8.36443e-06
   4.11111e-09   8.36278e-06
   4.11213e-09   8.36112e-06
   4.11316e-09   8.35947e-06
   4.11418e-09   8.35782e-06
   4.11520e-09   8.35616e-06
   4.11622e-09   8.35451e-06
   4.11725e-09   8.35286e-06
   4.11827e-09   8.35120e-06
   4.11929e-09   8.34955e-06
   4.12031e-09   8.34790e-06
   4.12134e-09   8.34624e-06
   4.12236e-09   8.34459e-06
   4.12338e-09   8.34294e-06
   4.12440e-09   8.34128e-06
   4.12543e-09   8.33963e-06
   4.12645e-09   8.33798e-06
   4.12747e-09   8.33632e-06
   4.12850e-09   8.33467e-06
   4.12952e-09   8.33302e-06
   4.13054e-09   8.33136e-06
   4.13156e-09   8.32971e-06
   4.13259e-09   8.32806e-06
   4.13361e-09   8.32640e-06
   4.13463e-09   8.32475e-06
   4.13565e-09   8.32310e-06
   4.13668e-09   8.32144e-06
   4.13770e-09   8.31979e-06
   4.13872e-09   8.31814e-06
   4.13975e-09   8.31649e-06
   4.14077e-09   8.31483e-06
   4.14179e-09   8.31318e-06
   4.14281e-09   8.31153e-06
   4.14384e-09   8.30988e-06
   4.14486e-09   8.30822e-06
   4.14588e-09   8.30657e-06
   4.14690e-09   8.30492e-06
   4.14793e-09   8.30327e-06
   4.14895e-09   8.30161e-06
   4.14997e-09   8.29996e-06
   4.15100e-09   8.29831e-06
   4.15202e-09   8.29666e-06
   4.15304e-09   8.29501e-06
   4.15407e-09   8.29336e-06
   4.15509e-09   8.29170e-06
   4.15611e-09   8.29005e-06
   4.15713e-09   8.28840e-06
   4.15816e-09   8.28675e-06
   4.15918e-09   8.28510e-06
   4.16020e-09   8.28345e-06
   4.16123e-09   8.28180e-06
   4.16225e-09   8.28015e-06
   4.16327e-09   8.27849e-06
   4.16430e-09   8.27684e-06
   4.16532e-09   8.27519e-06
   4.16634e-09   8.27354e-06
   4.16736e-09   8.27189e-06
   4.16839e-09   8.27024e-06
   4.16941e-09   8.26859e-06
   4.17043e-09   8.26694e-06
   4.17146e-09   8.26529e-06
   4.17248e-09   8.26364e-06
   4.17350e-09   8.26199e-06
   4.17453e-09   8.26034e-06
   4.17555e-09   8.25869e-06
   4.17657e-09   8.25704e-06
   4.17760e-09   8.25540e-06
   4.17862e-09   8.25375e-06
   4.17964e-09   8.25210e-06
   4.18067e-09   8.25045e-06
   4.18169e-09   8.24880e-06
   4.18271e-09   8.24715e-06
   4.18374e-09   8.24550e-06
   4.18476e-09   8.24385e-06
   4.18578e-09   8.24221e-06
   4.18681e-09   8.24056e-06
   4.18783e-09   8.23891e-06
   4.18885e-09   8.23726e-06
   4.18988e-09   8.23561e-06
   4.19090e-09   8.23397e-06
   4.19192e-09   8.23232e-06
   4.19295e-09   8.23067e-06
   4.19397e-09   8.22903e-06
   4.19499e-09   8.22738e-06
   4.19602e-09   8.22573e-06
   4.19704e-09   8.22408e-06
   4.19806e-09   8.22244e-06
   4.19909e-09   8.22079e-06
   4.20011e-09   8.21914e-06
   4.20113e-09   8.21750e-06
   4.20216e-09   8.21585e-06
   4.20318e-09   8.21421e-06
   4.20420e-09   8.21256e-06
   4.20523e-09   8.21091e-06
   4.20625e-09   8.20927e-06
   4.20727e-09   8.20763e-06
   4.20830e-09   8.20600e-06
   4.20932e-09   8.20437e-06
   4.21035e-09   8.20274e-06
   4.21137e-09   8.20111e-06
   4.21239e-09   8.19949e-06
   4.21342e-09   8.19787e-06
   4.21444e-09   8.19625e-06
   4.21546e-09   8.19463e-06
   4.21649e-09   8.19301e-06
   4.21751e-09   8.19138e-06
   4.21853e-09   8.18976e-06
   4.21956e-09   8.18813e-06
   4.22058e-09   8.18650e-06
   4.22161e-09   8.18487e-06
   4.22263e-09   8.18324e-06
   4.22365e-09   8.18161e-06
   4.22468e-09   8.17998e-06
   4.22570e-09   8.17835e-06
   4.22672e-09   8.17672e-06
   4.22775e-09   8.17509e-06
   4.22877e-09   8.17346e-06
   4.22980e-09   8.17182e-06
   4.23082e-09   8.17019e-06
   4.23184e-09   8.16856e-06
   4.23287e-09   8.16693e-06
   4.23389e-09   8.16529e-06
   4.23492e-09   8.16366e-06
   4.23594e-09   8.16203e-06
   4.23696e-09   8.16040e-06
   4.23799e-09   8.15876e-06
   4.23901e-09   8.15713e-06
   4.24004e-09   8.15550e-06
   4.24106e-09   8.15386e-06
   4.24208e-09   8.15223e-06
   4.24311e-09   8.15060e-06
   4.24413e-09   8.14897e-06
   4.24516e-09   8.14733e-06
   4.24618e-09   8.14570e-06
   4.24720e-09   8.14407e-06
   4.24823e-09   8.14243e-06
   4.24925e-09   8.14080e-06
   4.25028e-09   8.13917e-06
   4.25130e-09   8.13754e-06
   4.25232e-09   8.13590e-06
   4.25335e-09   8.13427e-06
   4.25437e-09   8.13264e-06
   4.25540e-09   8.13101e-06
   4.25642e-09   8.12937e-06
   4.25744e-09   8.12774e-06
   4.25847e-09   8.12611e-06
   4.25949e-09   8.12448e-06
   4.26052e-09   8.12284e-06
   4.26154e-09   8.12121e-06
   4.26257e-09   8.11958e-06
   4.26359e-09   8.11795e-06
   4.26461e-09   8.11632e-06
   4.26564e-09   8.11468e-06
   4.26666e-09   8.11305e-06
   4.26769e-09   8.11142e-06
   4.26871e-09   8.10979e-06
   4.26973e-09   8.10816e-06
   4.27076e-09   8.10653e-06
   4.27178e-09   8.10489e-06
   4.27281e-09   8.10326e-06
   4.27383e-09   8.10163e-06
   4.27486e-09   8.10000e-06
   4.27588e-09   8.09837e-06
   4.27691e-09   8.09674e-06
   4.27793e-09   8.09511e-06
   4.27895e-09   8.09348e-06
   4.27998e-09   8.09185e-06
   4.28100e-09   8.09022e-06
   4.28203e-09   8.08859e-06
   4.28305e-09   8.08696e-06
   4.28408e-09   8.08533e-06
   4.28510e-09   8.08370e-06
   4.28612e-09   8.08207e-06
   4.28715e-09   8.08044e-06
   4.28817e-09   8.07881e-06
   4.28920e-09   8.07718e-06
   4.29022e-09   8.07555e-06
   4.29125e-09   8.07392e-06
   4.29227e-09   8.07229e-06
   4.29330e-09   8.07066e-06
   4.29432e-09   8.06903e-06
   4.29535e-09   8.06740e-06
   4.29637e-09   8.06577e-06
   4.29739e-09   8.06414e-06
   4.29842e-09   8.06252e-06
   4.29944e-09   8.06089e-06
   4.30047e-09   8.05926e-06
   4.30149e-09   8.05763e-06
   4.30252e-09   8.05600e-06
   4.30354e-09   8.05437e-06
   4.30457e-09   8.05275e-06
   4.30559e-09   8.05112e-06
   4.30662e-09   8.04949e-06
   4.30764e-09   8.04786e-06
   4.30867e-09   8.04624e-06
   4.30969e-09   8.04461e-06
   4.31072e-09   8.04298e-06
   4.31174e-09   8.04136e-06
   4.31277e-09   8.03973e-06
   4.31379e-09   8.03810e-06
   4.31481e-09   8.03647e-06
   4.31584e-09   8.03485e-06
   4.31686e-09   8.03322e-06
   4.31789e-09   8.03160e-06
   4.31891e-09   8.02997e-06
   4.31994e-09   8.02834e-06
   4.32096e-09   8.02672e-06
   4.32199e-09   8.02509e-06
   4.32301e-09   8.02347e-06
   4.32404e-09   8.02184e-06
   4.32506e-09   8.02022e-06
   4.32609e-09   8.01859e-06
   4.32711e-09   8.01697e-06
   4.32814e-09   8.01534e-06
   4.32916e-09   8.01372e-06
   4.33019e-09   8.01209e-06
   4.33121e-09   8.01047e-06
   4.33224e-09   8.00884e-06
   4.33326e-09   8.00722e-06
   4.33429e-09   8.00561e-06
   4.33531e-09   8.00400e-06
   4.33634e-09   8.00239e-06
   4.33736e-09   8.00078e-06
   4.33839e-09   7.99918e-06
   4.33941e-09   7.99758e-06
   4.34044e-09   7.99598e-06
   4.34146e-09   7.99438e-06
   4.34249e-09   7.99277e-06
   4.34351e-09   7.99116e-06
   4.34454e-09   7.98955e-06
   4.34556e-09   7.98794e-06
   4.34659e-09   7.98633e-06
   4.34761e-09   7.98472e-06
   4.34864e-09   7.98311e-06
   4.34966e-09   7.98150e-06
   4.35069e-09   7.97989e-06
   4.35171e-09   7.97828e-06
   4.35274e-09   7.97667e-06
   4.35377e-09   7.97505e-06
   4.35479e-09   7.97344e-06
   4.35582e-09   7.97183e-06
   4.35684e-09   7.97022e-06
   4.35787e-09   7.96860e-06
   4.35889e-09   7.96699e-06
   4.35992e-09   7.96538e-06
   4.36094e-09   7.96376e-06
   4.36197e-09   7.96215e-06
   4.36299e-09   7.96054e-06
   4.36402e-09   7.95892e-06
   4.36504e-09   7.95731e-06
   4.36607e-09   7.95570e-06
   4.36709e-09   7.95409e-06
   4.36812e-09   7.95247e-06
   4.36914e-09   7.95086e-06
   4.37017e-09   7.94925e-06
   4.37120e-09   7.94763e-06
   4.37222e-09   7.94602e-06
   4.37325e-09   7.94441e-06
   4.37427e-09   7.94279e-06
   4.37530e-09   7.94118e-06
   4.37632e-09   7.93957e-06
   4.37735e-09   7.93796e-06
   4.37837e-09   7.93634e-06
   4.37940e-09   7.93473e-06
   4.38042e-09   7.93312e-06
   4.38145e-09   7.93151e-06
   4.38248e-09   7.92989e-06
   4.38350e-09   7.92828e-06
   4.38453e-09   7.92667e-06
   4.38555e-09   7.92506e-06
   4.38658e-09   7.92345e-06
   4.38760e-09   7.92183e-06
   4.38863e-09   7.92022e-06
   4.38965e-09   7.91861e-06
   4.39068e-09   7.91700e-06
   4.39171e-09   7.91539e-06
   4.39273e-09   7.91378e-06
   4.39376e-09   7.91216e-06
   4.39478e-09   7.91055e-06
   4.39581e-09   7.90894e-06
   4.39683e-09   7.90733e-06
   4.39786e-09   7.90572e-06
   4.39889e-09   7.90411e-06
   4.39991e-09   7.90250e-06
   4.40094e-09   7.90089e-06
   4.40196e-09   7.89928e-06
   4.40299e-09   7.89767e-06
   4.40401e-09   7.89606e-06
   4.40504e-09   7.89444e-06
   4.40607e-09   7.89283e-06
   4.40709e-09   7.89122e-06
   4.40812e-09   7.88961e-06
   4.40914e-09   7.88800e-06
   4.41017e-09   7.88640e-06
   4.41120e-09   7.88479e-06
   4.41222e-09   7.88318e-06
   4.41325e-09   7.88157e-06
   4.41427e-09   7.87996e-06
   4.41530e-09   7.87835e-06
   4.41632e-09   7.87674e-06
   4.41735e-09   7.87513e-06
   4.41838e-09   7.87352e-06
   4.41940e-09   7.87191e-06
   4.42043e-09   7.87030e-06
   4.42145e-09   7.86870e-06
   4.42248e-09   7.86709e-06
   4.42351e-09   7.86548e-06
   4.42453e-09   7.86387e-06
   4.42556e-09   7.86226e-06
   4.42658e-09   7.86066e-06
   4.42761e-09   7.85905e-06
   4.42864e-09   7.85744e-06
   4.42966e-09   7.85583e-06
   4.43069e-09   7.85423e-06
   4.43171e-09   7.85262e-06
   4.43274e-09   7.85101e-06
   4.43377e-09   7.84940e-06
   4.43479e-09   7.84780e-06
   4.43582e-09   7.84619e-06
   4.43685e-09   7.84458e-06
   4.43787e-09   7.84298e-06
   4.43890e-09   7.84137e-06
   4.43992e-09   7.83977e-06
   4.44095e-09   7.83816e-06
   4.44198e-09   7.83655e-06
   4.44300e-09   7.83495e-06
   4.44403e-09   7.83334e-06
   4.44505e-09   7.83174e-06
   4.44608e-09   7.83013e-06
   4.44711e-09   7.82853e-06
   4.44813e-09   7.82692e-06
   4.44916e-09   7.82532e-06
   4.45019e-09   7.82371e-06
   4.45121e-09   7.82211e-06
   4.45224e-09   7.82050e-06
   4.45327e-09   7.81890e-06
   4.45429e-09   7.81729e-06
   4.45532e-09   7.81569e-06
   4.45634e-09   7.81409e-06
   4.45737e-09   7.81248e-06
   4.45840e-09   7.81088e-06
   4.45942e-09   7.80927e-06
   4.46045e-09   7.80767e-06
   4.46148e-09   7.80607e-06
   4.46250e-09   7.80448e-06
   4.46353e-09   7.80289e-06
   4.46456e-09   7.80130e-06
   4.46558e-09   7.79971e-06
   4.46661e-09   7.79813e-06
   4.46763e-09   7.79655e-06
   4.46866e-09   7.79496e-06
   4.46969e-09   7.79337e-06
   4.47071e-09   7.79178e-06
   4.47174e-09   7.79019e-06
   4.47277e-09   7.78860e-06
   4.47379e-09   7.78701e-06
   4.47482e-09   7.78542e-06
   4.47585e-09   7.78382e-06
   4.47687e-09   7.78223e-06
   4.47790e-09   7.78064e-06
   4.47893e-09   7.77905e-06
   4.47995e-09   7.77745e-06
   4.48098e-09   7.77586e-06
   4.48201e-09   7.77427e-06
   4.48303e-09   7.77267e-06
   4.48406e-09   7.77108e-06
   4.48509e-09   7.76948e-06
   4.48611e-09   7.76789e-06
   4.48714e-09   7.76630e-06
   4.48817e-09   7.76470e-06
   4.48919e-09   7.76311e-06
   4.49022e-09   7.76151e-06
   4.49125e-09   7.75992e-06
   4.49227e-09   7.75833e-06
   4.49330e-09   7.75673e-06
   4.49433e-09   7.75514e-06
   4.49535e-09   7.75355e-06
   4.49638e-09   7.75195e-06
   4.49741e-09   7.75036e-06
   4.49843e-09   7.74877e-06
   4.49946e-09   7.74717e-06
   4.50049e-09   7.74558e-06
   4.50151e-09   7.74399e-06
   4.50254e-09   7.74239e-06
   4.50357e-09   7.74080e-06
   4.50459e-09   7.73921e-06
   4.50562e-09   7.73761e-06
   4.50665e-09   7.73602e-06
   4.50768e-09   7.73443e-06
   4.50870e-09   7.73283e-06
   4.50973e-09   7.73124e-06
   4.51076e-09   7.72965e-06
   4.51178e-09   7.72806e-06
   4.51281e-09   7.72646e-06
   4.51384e-09   7.72487e-06
   4.51486e-09   7.72328e-06
   4.51589e-09   7.72169e-06
   4.51692e-09   7.72009e-06
   4.51794e-09   7.71850e-06
   4.51897e-09   7.71691e-06
   4.52000e-09   7.71532e-06
   4.52100e-09   7.71377e-06
   4.52200e-09   7.71222e-06
   4.52300e-09   7.71067e-06
   4.52400e-09   7.70912e-06
   4.52500e-09   7.70757e-06
   4.52600e-09   7.70602e-06
   4.52700e-09   7.70447e-06
   4.52800e-09   7.70292e-06
   4.52900e-09   7.70137e-06
   4.53000e-09   7.69983e-06
   4.53100e-09   7.69828e-06
   4.53200e-09   7.69673e-06
   4.53300e-09   7.69518e-06
   4.53400e-09   7.69363e-06
   4.53500e-09   7.69208e-06
   4.53600e-09   7.69053e-06
   4.53700e-09   7.68899e-06
   4.53800e-09   7.68744e-06
   4.53900e-09   7.68589e-06
   4.54000e-09   7.68434e-06
   4.54100e-09   7.68280e-06
   4.54200e-09   7.68125e-06
   4.54300e-09   7.67970e-06
   4.54400e-09   7.67815e-06
   4.54500e-09   7.67661e-06
   4.54600e-09   7.67506e-06
   4.54700e-09   7.67351e-06
   4.54800e-09   7.67197e-06
   4.54900e-09   7.67042e-06
   4.55000e-09   7.66887e-06
   4.55100e-09   7.66733e-06
   4.55200e-09   7.66578e-06
   4.55300e-09   7.66423e-06
   4.55400e-09   7.66269e-06
   4.55500e-09   7.66114e-06
   4.55601e-09   7.65960e-06
   4.55701e-09   7.65805e-06
   4.55801e-09   7.65650e-06
   4.55901e-09   7.65496e-06
   4.56001e-09   7.65341e-06
   4.56101e-09   7.65187e-06
   4.56201e-09   7.65032e-06
   4.56301e-09   7.64878e-06
   4.56401e-09   7.64723e-06
   4.56501e-09   7.64569e-06
   4.56601e-09   7.64414e-06
   4.56701e-09   7.64260e-06
   4.56801e-09   7.64105e-06
   4.56901e-09   7.63951e-06
   4.57001e-09   7.63797e-06
   4.57101e-09   7.63642e-06
   4.57201e-09   7.63488e-06
   4.57301e-09   7.63333e-06
   4.57401e-09   7.63179e-06
   4.57501e-09   7.63025e-06
   4.57601e-09   7.62870e-06
   4.57702e-09   7.62716e-06
   4.57802e-09   7.62562e-06
   4.57902e-09   7.62407e-06
   4.58002e-09   7.62253e-06
   4.58102e-09   7.62099e-06
   4.58202e-09   7.61945e-06
   4.58302e-09   7.61790e-06
   4.58402e-09   7.61636e-06
   4.58502e-09   7.61482e-06
   4.58602e-09   7.61328e-06
   4.58702e-09   7.61174e-06
   4.58802e-09   7.61019e-06
   4.58902e-09   7.60865e-06
   4.59002e-09   7.60711e-06
   4.59102e-09   7.60557e-06
   4.59202e-09   7.60404e-06
   4.59303e-09   7.60250e-06
   4.59403e-09   7.60098e-06
   4.59503e-09   7.59945e-06
   4.59603e-09   7.59793e-06
   4.59703e-09   7.59640e-06
   4.59803e-09   7.59487e-06
   4.59903e-09   7.59334e-06
   4.60003e-09   7.59181e-06
   4.60103e-09   7.59028e-06
   4.60203e-09   7.58874e-06
   4.60303e-09   7.58721e-06
   4.60403e-09   7.58568e-06
   4.60504e-09   7.58415e-06
   4.60604e-09   7.58261e-06
   4.60704e-09   7.58108e-06
   4.60804e-09   7.57955e-06
   4.60904e-09   7.57801e-06
   4.61004e-09   7.57648e-06
   4.61104e-09   7.57494e-06
   4.61204e-09   7.57341e-06
   4.61304e-09   7.57188e-06
   4.61404e-09   7.57034e-06
   4.61504e-09   7.56881e-06
   4.61605e-09   7.56728e-06
   4.61705e-09   7.56574e-06
   4.61805e-09   7.56421e-06
   4.61905e-09   7.56268e-06
   4.62005e-09   7.56114e-06
   4.62105e-09   7.55961e-06
   4.62205e-09   7.55807e-06
   4.62305e-09   7.55654e-06
   4.62405e-09   7.55501e-06
   4.62505e-09   7.55347e-06
   4.62606e-09   7.55194e-06
   4.62706e-09   7.55041e-06
   4.62806e-09   7.54888e-06
   4.62906e-09   7.54734e-06
   4.63006e-09   7.54581e-06
   4.63106e-09   7.54428e-06
   4.63206e-09   7.54274e-06
   4.63306e-09   7.54121e-06
   4.63406e-09   7.53968e-06
   4.63507e-09   7.53815e-06
   4.63607e-09   7.53661e-06
   4.63707e-09   7.53508e-06
   4.63807e-09   7.53355e-06
   4.63907e-09   7.53202e-06
   4.64007e-09   7.53048e-06
   4.64107e-09   7.52895e-06
   4.64207e-09   7.52742e-06
   4.64308e-09   7.52589e-06
   4.64408e-09   7.52436e-06
   4.64508e-09   7.52283e-06
   4.64608e-09   7.52129e-06
   4.64708e-09   7.51976e-06
   4.64808e-09   7.51823e-06
   4.64908e-09   7.51670e-06
   4.65008e-09   7.51517e-06
   4.65109e-09   7.51364e-06
   4.65209e-09   7.51211e-06
   4.65309e-09   7.51058e-06
   4.65409e-09   7.50905e-06
   4.65509e-09   7.50752e-06
   4.65609e-09   7.50599e-06
   4.65709e-09   7.50445e-06
   4.65809e-09   7.50292e-06
   4.65910e-09   7.50139e-06
   4.66010e-09   7.49986e-06
   4.66110e-09   7.49833e-06
   4.66210e-09   7.49681e-06
   4.66310e-09   7.49528e-06
   4.66410e-09   7.49375e-06
   4.66510e-09   7.49222e-06
   4.66611e-09   7.49069e-06
   4.66711e-09   7.48916e-06
   4.66811e-09   7.48763e-06
   4.66911e-09   7.48610e-06
   4.67011e-09   7.48457e-06
   4.67111e-09   7.48304e-06
   4.67212e-09   7.48151e-06
   4.67312e-09   7.47999e-06
   4.67412e-09   7.47846e-06
   4.67512e-09   7.47693e-06
   4.67612e-09   7.47540e-06
   4.67712e-09   7.47387e-06
   4.67812e-09   7.47235e-06
   4.67913e-09   7.47082e-06
   4.68013e-09   7.46929e-06
   4.68113e-09   7.46776e-06
   4.68213e-09   7.46624e-06
   4.68313e-09   7.46471e-06
   4.68413e-09   7.46318e-06
   4.68514e-09   7.46165e-06
   4.68614e-09   7.46013e-06
   4.68714e-09   7.45860e-06
   4.68814e-09   7.45707e-06
   4.68914e-09   7.45555e-06
   4.69014e-09   7.45402e-06
   4.69115e-09   7.45250e-06
   4.69215e-09   7.45097e-06
   4.69315e-09   7.44944e-06
   4.69415e-09   7.44792e-06
   4.69515e-09   7.44639e-06
   4.69615e-09   7.44487e-06
   4.69716e-09   7.44334e-06
   4.69816e-09   7.44182e-06
   4.69916e-09   7.44029e-06
   4.70016e-09   7.43877e-06
   4.70116e-09   7.43724e-06
   4.70217e-09   7.43572e-06
   4.70317e-09   7.43419e-06
   4.70417e-09   7.43267e-06
   4.70517e-09   7.43114e-06
   4.70617e-09   7.42962e-06
   4.70717e-09   7.42809e-06
   4.70818e-09   7.42657e-06
   4.70918e-09   7.42505e-06
   4.71018e-09   7.42352e-06
   4.71118e-09   7.42200e-06
   4.71218e-09   7.42047e-06
   4.71319e-09   7.41895e-06
   4.71419e-09   7.41743e-06
   4.71519e-09   7.41591e-06
   4.71619e-09   7.41438e-06
   4.71719e-09   7.41286e-06
   4.71820e-09   7.41134e-06
   4.71920e-09   7.40981e-06
   4.72020e-09   7.40829e-06
   4.72120e-09   7.40677e-06
   4.72220e-09   7.40525e-06
   4.72321e-09   7.40373e-06
   4.72421e-09   7.40221e-06
   4.72521e-09   7.40070e-06
   4.72621e-09   7.39920e-06
   4.72721e-09   7.39768e-06
   4.72822e-09   7.39617e-06
   4.72922e-09   7.39466e-06
   4.73022e-09   7.39314e-06
   4.73122e-09   7.39163e-06
   4.73222e-09   7.39011e-06
   4.73323e-09   7.38860e-06
   4.73423e-09   7.38708e-06
   4.73523e-09   7.38556e-06
   4.73623e-09   7.38405e-06
   4.73724e-09   7.38253e-06
   4.73824e-09   7.38102e-06
   4.73924e-09   7.37950e-06
   4.74024e-09   7.37798e-06
   4.74124e-09   7.37647e-06
   4.74225e-09   7.37495e-06
   4.74325e-09   7.37344e-06
   4.74425e-09   7.37192e-06
   4.74525e-09   7.37040e-06
   4.74626e-09   7.36889e-06
   4.74726e-09   7.36737e-06
   4.74826e-09   7.36586e-06
   4.74926e-09   7.36434e-06
   4.75026e-09   7.36282e-06
   4.75127e-09   7.36131e-06
   4.75227e-09   7.35979e-06
   4.75327e-09   7.35828e-06
   4.75427e-09   7.35676e-06
   4.75528e-09   7.35525e-06
   4.75628e-09   7.35373e-06
   4.75728e-09   7.35222e-06
   4.75828e-09   7.35070e-06
   4.75929e-09   7.34919e-06
   4.76029e-09   7.34767e-06
   4.76129e-09   7.34616e-06
   4.76229e-09   7.34464e-06
   4.76329e-09   7.34313e-06
   4.76430e-09   7.34161e-06
   4.76530e-09   7.34010e-06
   4.76630e-09   7.33858e-06
   4.76730e-09   7.33707e-06
   4.76831e-09   7.33555e-06
   4.76931e-09   7.33404e-06
   4.77031e-09   7.33253e-06
   4.77131e-09   7.33101e-06
   4.77232e-09   7.32950e-06
   4.77332e-09   7.32798e-06
   4.77432e-09   7.32647e-06
   4.77532e-09   7.32496e-06
   4.77633e-09   7.32344e-06
   4.77733e-09   7.32193e-06
   4.77833e-09   7.32042e-06
   4.77933e-09   7.31891e-06
   4.78034e-09   7.31739e-06
   4.78134e-09   7.31588e-06
   4.78234e-09   7.31437e-06
   4.78334e-09   7.31285e-06
   4.78435e-09   7.31134e-06
   4.78535e-09   7.30983e-06
   4.78635e-09   7.30832e-06
   4.78736e-09   7.30681e-06
   4.78836e-09   7.30529e-06
   4.78936e-09   7.30378e-06
   4.79036e-09   7.30227e-06
   4.79137e-09   7.30076e-06
   4.79237e-09   7.29925e-06
   4.79337e-09   7.29774e-06
   4.79437e-09   7.29622e-06
   4.79538e-09   7.29471e-06
   4.79638e-09   7.29320e-06
   4.79738e-09   7.29169e-06
   4.79839e-09   7.29018e-06
   4.79939e-09   7.28867e-06
   4.80039e-09   7.28716e-06
   4.80139e-09   7.28565e-06
   4.80240e-09   7.28414e-06
   4.80340e-09   7.28263e-06
   4.80440e-09   7.28112e-06
   4.80540e-09   7.27961e-06
   4.80641e-09   7.27810e-06
   4.80741e-09   7.27659e-06
   4.80841e-09   7.27508e-06
   4.80942e-09   7.27357e-06
   4.81042e-09   7.27206e-06
   4.81142e-09   7.27055e-06
   4.81242e-09   7.26904e-06
   4.81343e-09   7.26754e-06
   4.81443e-09   7.26603e-06
   4.81543e-09   7.26452e-06
   4.81644e-09   7.26301e-06
   4.81744e-09   7.26150e-06
   4.81844e-09   7.25999e-06
   4.81944e-09   7.25848e-06
   4.82045e-09   7.25698e-06
   4.82145e-09   7.25547e-06
   4.82245e-09   7.25396e-06
   4.82346e-09   7.25245e-06
   4.82446e-09   7.25095e-06
   4.82546e-09   7.24944e-06
   4.82647e-09   7.24793e-06
   4.82747e-09   7.24642e-06
   4.82847e-09   7.24492e-06
   4.82947e-09   7.24341e-06
   4.83048e-09   7.24190e-06
   4.83148e-09   7.24040e-06
   4.83248e-09   7.23889e-06
   4.83349e-09   7.23739e-06
   4.83449e-09   7.23588e-06
   4.83549e-09   7.23437e-06
   4.83650e-09   7.23287e-06
   4.83750e-09   7.23136e-06
   4.83850e-09   7.22986e-06
   4.83951e-09   7.22835e-06
   4.84051e-09   7.22685e-06
   4.84151e-09   7.22534e-06
   4.84252e-09   7.22383e-06
   4.84352e-09   7.22233e-06
   4.84452e-09   7.22083e-06
   4.84552e-09   7.21932e-06
   4.84653e-09   7.21782e-06
   4.84753e-09   7.21631e-06
   4.84853e-09   7.21481e-06
   4.84954e-09   7.21330e-06
   4.85054e-09   7.21180e-06
   4.85154e-09   7.21030e-06
   4.85255e-09   7.20879e-06
   4.85355e-09   7.20729e-06
   4.85455e-09   7.20578e-06
   4.85556e-09   7.20428e-06
   4.85656e-09   7.20278e-06
   4.85756e-09   7.20128e-06
   4.85857e-09   7.19979e-06
   4.85957e-09   7.19829e-06
   4.86057e-09   7.19679e-06
   4.86158e-09   7.19530e-06
   4.86258e-09   7.19380e-06
   4.86358e-09   7.19230e-06
   4.86459e-09   7.19080e-06
   4.86559e-09   7.18930e-06
   4.86659e-09   7.18780e-06
   4.86760e-09   7.18630e-06
   4.86860e-09   7.18480e-06
   4.86960e-09   7.18330e-06
   4.87061e-09   7.18180e-06
   4.87161e-09   7.18030e-06
   4.87261e-09   7.17881e-06
   4.87362e-09   7.17731e-06
   4.87462e-09   7.17581e-06
   4.87562e-09   7.17431e-06
   4.87663e-09   7.17281e-06
   4.87763e-09   7.17131e-06
   4.87864e-09   7.16981e-06
   4.87964e-09   7.16831e-06
   4.88064e-09   7.16681e-06
   4.88165e-09   7.16532e-06
   4.88265e-09   7.16382e-06
   4.88365e-09   7.16232e-06
   4.88466e-09   7.16082e-06
   4.88566e-09   7.15932e-06
   4.88666e-09   7.15782e-06
   4.88767e-09   7.15633e-06
   4.88867e-09   7.15483e-06
   4.88967e-09   7.15333e-06
   4.89068e-09   7.15183e-06
   4.89168e-09   7.15034e-06
   4.89269e-09   7.14884e-06
   4.89369e-09   7.14734e-06
   4.89469e-09   7.14584e-06
   4.89570e-09   7.14435e-06
   4.89670e-09   7.14285e-06
   4.89770e-09   7.14135e-06
   4.89871e-09   7.13986e-06
   4.89971e-09   7.13836e-06
   4.90071e-09   7.13686e-06
   4.90172e-09   7.13537e-06
   4.90272e-09   7.13387e-06
   4.90373e-09   7.13237e-06
   4.90473e-09   7.13088e-06
   4.90573e-09   7.12938e-06
   4.90674e-09   7.12789e-06
   4.90774e-09   7.12639e-06
   4.90874e-09   7.12489e-06
   4.90975e-09   7.12340e-06
   4.91075e-09   7.12190e-06
   4.91176e-09   7.12041e-06
   4.91276e-09   7.11891e-06
   4.91376e-09   7.11742e-06
   4.91477e-09   7.11592e-06
   4.91577e-09   7.11443e-06
   4.91678e-09   7.11293e-06
   4.91778e-09   7.11144e-06
   4.91878e-09   7.10995e-06
   4.91979e-09   7.10845e-06
   4.92079e-09   7.10696e-06
   4.92179e-09   7.10546e-06
   4.92280e-09   7.10397e-06
   4.92380e-09   7.10248e-06
   4.92481e-09   7.10098e-06
   4.92581e-09   7.09949e-06
   4.92681e-09   7.09800e-06
   4.92782e-09   7.09650e-06
   4.92882e-09   7.09501e-06
   4.92983e-09   7.09352e-06
   4.93083e-09   7.09202e-06
   4.93183e-09   7.09053e-06
   4.93284e-09   7.08904e-06
   4.93384e-09   7.08755e-06
   4.93485e-09   7.08605e-06
   4.93585e-09   7.08456e-06
   4.93685e-09   7.08307e-06
   4.93786e-09   7.08158e-06
   4.93886e-09   7.08009e-06
   4.93987e-09   7.07859e-06
   4.94087e-09   7.07710e-06
   4.94187e-09   7.07561e-06
   4.94288e-09   7.07412e-06
   4.94388e-09   7.07263e-06
   4.94489e-09   7.07114e-06
   4.94589e-09   7.06965e-06
   4.94690e-09   7.06816e-06
   4.94790e-09   7.06666e-06
   4.94890e-09   7.06517e-06
   4.94991e-09   7.06368e-06
   4.95091e-09   7.06219e-06
   4.95192e-09   7.06070e-06
   4.95292e-09   7.05921e-06
   4.95392e-09   7.05772e-06
   4.95493e-09   7.05623e-06
   4.95593e-09   7.05474e-06
   4.95694e-09   7.05325e-06
   4.95794e-09   7.05177e-06
   4.95895e-09   7.05028e-06
   4.95995e-09   7.04879e-06
   4.96095e-09   7.04730e-06
   4.96196e-09   7.04581e-06
   4.96296e-09   7.04432e-06
   4.96397e-09   7.04283e-06
   4.96497e-09   7.04134e-06
   4.96598e-09   7.03986e-06
   4.96698e-09   7.03837e-06
   4.96798e-09   7.03688e-06
   4.96899e-09   7.03539e-06
   4.96999e-09   7.03390e-06
   4.97100e-09   7.03242e-06
   4.97200e-09   7.03093e-06
   4.97301e-09   7.02944e-06
   4.97401e-09   7.02795e-06
   4.97501e-09   7.02647e-06
   4.97602e-09   7.02498e-06
   4.97702e-09   7.02349e-06
   4.97803e-09   7.02201e-06
   4.97903e-09   7.02052e-06
   4.98004e-09   7.01903e-06
   4.98104e-09   7.01755e-06
   4.98205e-09   7.01606e-06
   4.98305e-09   7.01458e-06
   4.98405e-09   7.01309e-06
   4.98506e-09   7.01160e-06
   4.98606e-09   7.01012e-06
   4.98707e-09   7.00863e-06
   4.98807e-09   7.00715e-06
   4.98908e-09   7.00566e-06
   4.99008e-09   7.00418e-06
   4.99109e-09   7.00269e-06
   4.99209e-09   7.00121e-06
   4.99310e-09   6.99973e-06
   4.99410e-09   6.99824e-06
   4.99510e-09   6.99676e-06
   4.99611e-09   6.99528e-06
   4.99711e-09   6.99379e-06
   4.99812e-09   6.99231e-06
   4.99912e-09   6.99083e-06
   5.00013e-09   6.98934e-06
   5.00113e-09   6.98786e-06
   5.00214e-09   6.98638e-06
   5.00314e-09   6.98489e-06
   5.00415e-09   6.98341e-06
   5.00515e-09   6.98193e-06
   5.00616e-09   6.98045e-06
   5.00716e-09   6.97896e-06
   5.00816e-09   6.97748e-06
   5.00917e-09   6.97600e-06
   5.01017e-09   6.97452e-06
   5.01118e-09   6.97303e-06
   5.01218e-09   6.97155e-06
   5.01319e-09   6.97007e-06
   5.01419e-09   6.96859e-06
   5.01520e-09   6.96711e-06
   5.01620e-09   6.96562e-06
   5.01721e-09   6.96414e-06
   5.01821e-09   6.96266e-06
   5.01922e-09   6.96118e-06
   5.02022e-09   6.95970e-06
   5.02123e-09   6.95822e-06
   5.02223e-09   6.95674e-06
   5.02324e-09   6.95526e-06
   5.02424e-09   6.95378e-06
   5.02525e-09   6.95230e-06
   5.02625e-09   6.95081e-06
   5.02726e-09   6.94933e-06
   5.02826e-09   6.94785e-06
   5.02927e-09   6.94637e-06
   5.03027e-09   6.94489e-06
   5.03127e-09   6.94341e-06
   5.03228e-09   6.94194e-06
   5.03328e-09   6.94046e-06
   5.03429e-09   6.93898e-06
   5.03529e-09   6.93750e-06
   5.03630e-09   6.93602e-06
   5.03730e-09   6.93454e-06
   5.03831e-09   6.93306e-06
   5.03931e-09   6.93158e-06
   5.04032e-09   6.93010e-06
   5.04132e-09   6.92862e-06
   5.04233e-09   6.92715e-06
   5.04333e-09   6.92567e-06
   5.04434e-09   6.92419e-06
   5.04534e-09   6.92271e-06
   5.04635e-09   6.92123e-06
   5.04735e-09   6.91976e-06
   5.04836e-09   6.91828e-06
   5.04936e-09   6.91680e-06
   5.05037e-09   6.91532e-06
   5.05137e-09   6.91385e-06
   5.05238e-09   6.91237e-06
   5.05338e-09   6.91089e-06
   5.05439e-09   6.90942e-06
   5.05540e-09   6.90794e-06
   5.05640e-09   6.90646e-06
   5.05741e-09   6.90499e-06
   5.05841e-09   6.90351e-06
   5.05942e-09   6.90203e-06
   5.06042e-09   6.90056e-06
   5.06143e-09   6.89908e-06
   5.06243e-09   6.89761e-06
   5.06344e-09   6.89613e-06
   5.06444e-09   6.89466e-06
   5.06545e-09   6.89318e-06
   5.06645e-09   6.89170e-06
   5.06746e-09   6.89023e-06
   5.06846e-09   6.88875e-06
   5.06947e-09   6.88728e-06
   5.07047e-09   6.88581e-06
   5.07148e-09   6.88433e-06
   5.07248e-09   6.88286e-06
   5.07349e-09   6.88138e-06
   5.07449e-09   6.87991e-06
   5.07550e-09   6.87843e-06
   5.07650e-09   6.87696e-06
   5.07751e-09   6.87549e-06
   5.07852e-09   6.87401e-06
   5.07952e-09   6.87254e-06
   5.08053e-09   6.87107e-06
   5.08153e-09   6.86959e-06
   5.08254e-09   6.86812e-06
   5.08354e-09   6.86665e-06
   5.08455e-09   6.86517e-06
   5.08555e-09   6.86370e-06
   5.08656e-09   6.86223e-06
   5.08756e-09   6.86076e-06
   5.08857e-09   6.85928e-06
   5.08957e-09   6.85781e-06
   5.09058e-09   6.85634e-06
   5.09158e-09   6.85487e-06
   5.09259e-09   6.85340e-06
   5.09360e-09   6.85193e-06
   5.09460e-09   6.85045e-06
   5.09561e-09   6.84898e-06
   5.09661e-09   6.84751e-06
   5.09762e-09   6.84604e-06
   5.09862e-09   6.84457e-06
   5.09963e-09   6.84310e-06
   5.10063e-09   6.84163e-06
   5.10164e-09   6.84016e-06
   5.10265e-09   6.83869e-06
   5.10365e-09   6.83722e-06
   5.10466e-09   6.83575e-06
   5.10566e-09   6.83428e-06
   5.10667e-09   6.83281e-06
   5.10767e-09   6.83134e-06
   5.10868e-09   6.82987e-06
   5.10968e-09   6.82840e-06
   5.11069e-09   6.82693e-06
   5.11170e-09   6.82546e-06
   5.11270e-09   6.82399e-06
   5.11371e-09   6.82252e-06
   5.11471e-09   6.82105e-06
   5.11572e-09   6.81958e-06
   5.11672e-09   6.81812e-06
   5.11773e-09   6.81665e-06
   5.11873e-09   6.81518e-06
   5.11974e-09   6.81371e-06
   5.12075e-09   6.81224e-06
   5.12175e-09   6.81078e-06
   5.12276e-09   6.80931e-06
   5.12376e-09   6.80784e-06
   5.12477e-09   6.80637e-06
   5.12577e-09   6.80491e-06
   5.12678e-09   6.80344e-06
   5.12779e-09   6.80197e-06
   5.12879e-09   6.80050e-06
   5.12980e-09   6.79903e-06
   5.13080e-09   6.79756e-06
   5.13181e-09   6.79609e-06
   5.13282e-09   6.79462e-06
   5.13382e-09   6.79315e-06
   5.13483e-09   6.79168e-06
   5.13583e-09   6.79021e-06
   5.13684e-09   6.78875e-06
   5.13784e-09   6.78728e-06
   5.13885e-09   6.78581e-06
   5.13986e-09   6.78435e-06
   5.14086e-09   6.78288e-06
   5.14187e-09   6.78141e-06
   5.14287e-09   6.77994e-06
   5.14388e-09   6.77848e-06
   5.14489e-09   6.77701e-06
   5.14589e-09   6.77555e-06
   5.14690e-09   6.77408e-06
   5.14790e-09   6.77261e-06
   5.14891e-09   6.77115e-06
   5.14992e-09   6.76968e-06
   5.15092e-09   6.76822e-06
   5.15193e-09   6.76675e-06
   5.15293e-09   6.76529e-06
   5.15394e-09   6.76382e-06
   5.15494e-09   6.76236e-06
   5.15595e-09   6.76089e-06
   5.15696e-09   6.75943e-06
   5.15796e-09   6.75797e-06
   5.15897e-09   6.75650e-06
   5.15997e-09   6.75504e-06
   5.16098e-09   6.75357e-06
   5.16199e-09   6.75211e-06
   5.16299e-09   6.75065e-06
   5.16400e-09   6.74918e-06
   5.16501e-09   6.74772e-06
   5.16601e-09   6.74626e-06
   5.16702e-09   6.74479e-06
   5.16802e-09   6.74333e-06
   5.16903e-09   6.74187e-06
   5.17004e-09   6.74041e-06
   5.17104e-09   6.73894e-06
   5.17205e-09   6.73748e-06
   5.17305e-09   6.73602e-06
   5.17406e-09   6.73456e-06
   5.17507e-09   6.73309e-06
   5.17607e-09   6.73163e-06
   5.17708e-09   6.73017e-06
   5.17808e-09   6.72871e-06
   5.17909e-09   6.72725e-06
   5.18010e-09   6.72579e-06
   5.18110e-09   6.72433e-06
   5.18211e-09   6.72286e-06
   5.18312e-09   6.72140e-06
   5.18412e-09   6.71994e-06
   5.18513e-09   6.71848e-06
   5.18613e-09   6.71702e-06
   5.18714e-09   6.71556e-06
   5.18815e-09   6.71410e-06
   5.18915e-09   6.71264e-06
   5.19016e-09   6.71118e-06
   5.19117e-09   6.70972e-06
   5.19217e-09   6.70826e-06
   5.19318e-09   6.70680e-06
   5.19419e-09   6.70534e-06
   5.19519e-09   6.70389e-06
   5.19620e-09   6.70243e-06
   5.19720e-09   6.70097e-06
   5.19821e-09   6.69951e-06
   5.19922e-09   6.69805e-06
   5.20022e-09   6.69659e-06
   5.20123e-09   6.69513e-06
   5.20224e-09   6.69368e-06
   5.20324e-09   6.69222e-06
   5.20425e-09   6.69076e-06
   5.20526e-09   6.68930e-06
   5.20626e-09   6.68784e-06
   5.20727e-09   6.68639e-06
   5.20827e-09   6.68493e-06
   5.20928e-09   6.68347e-06
   5.21029e-09   6.68201e-06
   5.21129e-09   6.68056e-06
   5.21230e-09   6.67910e-06
   5.21331e-09   6.67764e-06
   5.21431e-09   6.67619e-06
   5.21532e-09   6.67473e-06
   5.21633e-09   6.67328e-06
   5.21733e-09   6.67182e-06
   5.21834e-09   6.67036e-06
   5.21935e-09   6.66891e-06
   5.22035e-09   6.66745e-06
   5.22136e-09   6.66600e-06
   5.22237e-09   6.66454e-06
   5.22337e-09   6.66309e-06
   5.22438e-09   6.66163e-06
   5.22539e-09   6.66017e-06
   5.22639e-09   6.65872e-06
   5.22740e-09   6.65727e-06
   5.22841e-09   6.65581e-06
   5.22941e-09   6.65436e-06
   5.23042e-09   6.65290e-06
   5.23143e-09   6.65145e-06
   5.23243e-09   6.64999e-06
   5.23344e-09   6.64854e-06
   5.23445e-09   6.64709e-06
   5.23545e-09   6.64563e-06
   5.23646e-09   6.64418e-06
   5.23747e-09   6.64273e-06
   5.23847e-09   6.64127e-06
   5.23948e-09   6.63982e-06
   5.24049e-09   6.63837e-06
   5.24149e-09   6.63691e-06
   5.24250e-09   6.63546e-06
   5.24351e-09   6.63401e-06
   5.24451e-09   6.63256e-06
   5.24552e-09   6.63110e-06
   5.24653e-09   6.62965e-06
   5.24753e-09   6.62820e-06
   5.24854e-09   6.62675e-06
   5.24955e-09   6.62530e-06
   5.25055e-09   6.62384e-06
   5.25156e-09   6.62239e-06
   5.25257e-09   6.62094e-06
   5.25357e-09   6.61949e-06
   5.25458e-09   6.61804e-06
   5.25559e-09   6.61659e-06
   5.25659e-09   6.61514e-06
   5.25760e-09   6.61369e-06
   5.25861e-09   6.61224e-06
   5.25961e-09   6.61079e-06
   5.26062e-09   6.60934e-06
   5.26163e-09   6.60789e-06
   5.26264e-09   6.60644e-06
   5.26364e-09   6.60499e-06
   5.26465e-09   6.60353e-06
   5.26566e-09   6.60208e-06
   5.26666e-09   6.60062e-06
   5.26767e-09   6.59916e-06
   5.26868e-09   6.59770e-06
   5.26968e-09   6.59625e-06
   5.27069e-09   6.59479e-06
   5.27170e-09   6.59334e-06
   5.27270e-09   6.59189e-06
   5.27371e-09   6.59043e-06
   5.27472e-09   6.58898e-06
   5.27573e-09   6.58753e-06
   5.27673e-09   6.58608e-06
   5.27774e-09   6.58463e-06
   5.27875e-09   6.58318e-06
   5.27975e-09   6.58172e-06
   5.28076e-09   6.58027e-06
   5.28177e-09   6.57882e-06
   5.28278e-09   6.57737e-06
   5.28378e-09   6.57592e-06
   5.28479e-09   6.57447e-06
   5.28580e-09   6.57302e-06
   5.28680e-09   6.57157e-06
   5.28781e-09   6.57012e-06
   5.28882e-09   6.56867e-06
   5.28983e-09   6.56723e-06
   5.29083e-09   6.56578e-06
   5.29184e-09   6.56433e-06
   5.29285e-09   6.56288e-06
   5.29385e-09   6.56143e-06
   5.29486e-09   6.55998e-06
   5.29587e-09   6.55854e-06
   5.29688e-09   6.55709e-06
   5.29788e-09   6.55564e-06
   5.29889e-09   6.55419e-06
   5.29990e-09   6.55274e-06
   5.30090e-09   6.55130e-06
   5.30191e-09   6.54985e-06
   5.30292e-09   6.54840e-06
   5.30393e-09   6.54696e-06
   5.30493e-09   6.54551e-06
   5.30594e-09   6.54406e-06
   5.30695e-09   6.54262e-06
   5.30795e-09   6.54117e-06
   5.30896e-09   6.53973e-06
   5.30997e-09   6.53828e-06
   5.31098e-09   6.53683e-06
   5.31198e-09   6.53539e-06
   5.31299e-09   6.53394e-06
   5.31400e-09   6.53250e-06
   5.31501e-09   6.53105e-06
   5.31601e-09   6.52961e-06
   5.31702e-09   6.52816e-06
   5.31803e-09   6.52672e-06
   5.31904e-09   6.52527e-06
   5.32004e-09   6.52383e-06
   5.32105e-09   6.52238e-06
   5.32206e-09   6.52094e-06
   5.32307e-09   6.51950e-06
   5.32407e-09   6.51805e-06
   5.32508e-09   6.51661e-06
   5.32609e-09   6.51517e-06
   5.32710e-09   6.51372e-06
   5.32810e-09   6.51228e-06
   5.32911e-09   6.51084e-06
   5.33012e-09   6.50939e-06
   5.33112e-09   6.50795e-06
   5.33213e-09   6.50651e-06
   5.33314e-09   6.50507e-06
   5.33415e-09   6.50362e-06
   5.33515e-09   6.50218e-06
   5.33616e-09   6.50074e-06
   5.33717e-09   6.49930e-06
   5.33818e-09   6.49785e-06
   5.33919e-09   6.49641e-06
   5.34019e-09   6.49497e-06
   5.34120e-09   6.49353e-06
   5.34221e-09   6.49209e-06
   5.34322e-09   6.49065e-06
   5.34422e-09   6.48921e-06
   5.34523e-09   6.48777e-06
   5.34624e-09   6.48633e-06
   5.34725e-09   6.48489e-06
   5.34825e-09   6.48344e-06
   5.34926e-09   6.48200e-06
   5.35027e-09   6.48056e-06
   5.35128e-09   6.47912e-06
   5.35228e-09   6.47768e-06
   5.35329e-09   6.47625e-06
   5.35430e-09   6.47481e-06
   5.35531e-09   6.47337e-06
   5.35631e-09   6.47193e-06
   5.35732e-09   6.47049e-06
   5.35833e-09   6.46905e-06
   5.35934e-09   6.46761e-06
   5.36035e-09   6.46617e-06
   5.36135e-09   6.46473e-06
   5.36236e-09   6.46329e-06
   5.36337e-09   6.46186e-06
   5.36438e-09   6.46042e-06
   5.36538e-09   6.45898e-06
   5.36639e-09   6.45754e-06
   5.36740e-09   6.45610e-06
   5.36841e-09   6.45467e-06
   5.36942e-09   6.45323e-06
   5.37042e-09   6.45179e-06
   5.37143e-09   6.45035e-06
   5.37244e-09   6.44892e-06
   5.37345e-09   6.44748e-06
   5.37445e-09   6.44604e-06
   5.37546e-09   6.44461e-06
   5.37647e-09   6.44317e-06
   5.37748e-09   6.44173e-06
   5.37849e-09   6.44030e-06
   5.37949e-09   6.43886e-06
   5.38050e-09   6.43743e-06
   5.38151e-09   6.43599e-06
   5.38252e-09   6.43456e-06
   5.38353e-09   6.43312e-06
   5.38453e-09   6.43168e-06
   5.38554e-09   6.43025e-06
   5.38655e-09   6.42881e-06
   5.38756e-09   6.42738e-06
   5.38857e-09   6.42594e-06
   5.38957e-09   6.42451e-06
   5.39058e-09   6.42307e-06
   5.39159e-09   6.42164e-06
   5.39260e-09   6.42021e-06
   5.39360e-09   6.41877e-06
   5.39461e-09   6.41734e-06
   5.39562e-09   6.41590e-06
   5.39663e-09   6.41447e-06
   5.39764e-09   6.41304e-06
   5.39865e-09   6.41160e-06
   5.39965e-09   6.41017e-06
   5.40066e-09   6.40874e-06
   5.40167e-09   6.40730e-06
   5.40268e-09   6.40587e-06
   5.40369e-09   6.40444e-06
   5.40469e-09   6.40300e-06
   5.40570e-09   6.40155e-06
   5.40671e-09   6.40011e-06
   5.40772e-09   6.39866e-06
   5.40873e-09   6.39722e-06
   5.40973e-09   6.39578e-06
   5.41074e-09   6.39434e-06
   5.41175e-09   6.39290e-06
   5.41276e-09   6.39146e-06
   5.41377e-09   6.39002e-06
   5.41477e-09   6.38859e-06
   5.41578e-09   6.38715e-06
   5.41679e-09   6.38571e-06
   5.41780e-09   6.38428e-06
   5.41881e-09   6.38284e-06
   5.41982e-09   6.38140e-06
   5.42082e-09   6.37997e-06
   5.42183e-09   6.37853e-06
   5.42284e-09   6.37710e-06
   5.42385e-09   6.37567e-06
   5.42486e-09   6.37423e-06
   5.42587e-09   6.37280e-06
   5.42687e-09   6.37136e-06
   5.42788e-09   6.36993e-06
   5.42889e-09   6.36850e-06
   5.42990e-09   6.36706e-06
   5.43091e-09   6.36563e-06
   5.43191e-09   6.36420e-06
   5.43292e-09   6.36276e-06
   5.43393e-09   6.36133e-06
   5.43494e-09   6.35990e-06
   5.43595e-09   6.35847e-06
   5.43696e-09   6.35704e-06
   5.43796e-09   6.35560e-06
   5.43897e-09   6.35417e-06
   5.43998e-09   6.35274e-06
   5.44099e-09   6.35131e-06
   5.44200e-09   6.34988e-06
   5.44301e-09   6.34845e-06
   5.44402e-09   6.34702e-06
   5.44502e-09   6.34559e-06
   5.44603e-09   6.34416e-06
   5.44704e-09   6.34273e-06
   5.44805e-09   6.34130e-06
   5.44906e-09   6.33987e-06
   5.45007e-09   6.33844e-06
   5.45107e-09   6.33701e-06
   5.45208e-09   6.33558e-06
   5.45309e-09   6.33415e-06
   5.45410e-09   6.33272e-06
   5.45511e-09   6.33129e-06
   5.45612e-09   6.32986e-06
   5.45713e-09   6.32843e-06
   5.45813e-09   6.32700e-06
   5.45914e-09   6.32558e-06
   5.46015e-09   6.32415e-06
   5.46116e-09   6.32272e-06
   5.46217e-09   6.32129e-06
   5.46318e-09   6.31986e-06
   5.46419e-09   6.31844e-06
   5.46519e-09   6.31701e-06
   5.46620e-09   6.31558e-06
   5.46721e-09   6.31416e-06
   5.46822e-09   6.31273e-06
   5.46923e-09   6.31130e-06
   5.47024e-09   6.30987e-06
   5.47125e-09   6.30845e-06
   5.47225e-09   6.30702e-06
   5.47326e-09   6.30560e-06
   5.47427e-09   6.30417e-06
   5.47528e-09   6.30274e-06
   5.47629e-09   6.30132e-06
   5.47730e-09   6.29989e-06
   5.47831e-09   6.29847e-06
   5.47931e-09   6.29704e-06
   5.48032e-09   6.29562e-06
   5.48133e-09   6.29419e-06
   5.48234e-09   6.29277e-06
   5.48335e-09   6.29134e-06
   5.48436e-09   6.28992e-06
   5.48537e-09   6.28849e-06
   5.48638e-09   6.28707e-06
   5.48738e-09   6.28564e-06
   5.48839e-09   6.28422e-06
   5.48940e-09   6.28280e-06
   5.49041e-09   6.28137e-06
   5.49142e-09   6.27995e-06
   5.49243e-09   6.27853e-06
   5.49344e-09   6.27710e-06
   5.49445e-09   6.27568e-06
   5.49545e-09   6.27426e-06
   5.49646e-09   6.27283e-06
   5.49747e-09   6.27141e-06
   5.49848e-09   6.26999e-06
   5.49949e-09   6.26857e-06
   5.50050e-09   6.26714e-06
   5.50151e-09   6.26572e-06
   5.50252e-09   6.26430e-06
   5.50353e-09   6.26288e-06
   5.50453e-09   6.26146e-06
   5.50554e-09   6.26003e-06
   5.50655e-09   6.25861e-06
   5.50756e-09   6.25719e-06
   5.50857e-09   6.25577e-06
   5.50958e-09   6.25435e-06
   5.51059e-09   6.25293e-06
   5.51160e-09   6.25151e-06
   5.51261e-09   6.25009e-06
   5.51361e-09   6.24867e-06
   5.51462e-09   6.24725e-06
   5.51563e-09   6.24583e-06
   5.51664e-09   6.24441e-06
   5.51765e-09   6.24299e-06
   5.51866e-09   6.24157e-06
   5.51967e-09   6.24015e-06
   5.52068e-09   6.23873e-06
   5.52169e-09   6.23731e-06
   5.52270e-09   6.23589e-06
   5.52370e-09   6.23447e-06
   5.52471e-09   6.23305e-06
   5.52572e-09   6.23163e-06
   5.52673e-09   6.23021e-06
   5.52774e-09   6.22879e-06
   5.52875e-09   6.22738e-06
   5.52976e-09   6.22596e-06
   5.53077e-09   6.22454e-06
   5.53178e-09   6.22312e-06
   5.53279e-09   6.22170e-06
   5.53380e-09   6.22029e-06
   5.53480e-09   6.21887e-06
   5.53581e-09   6.21745e-06
   5.53682e-09   6.21603e-06
   5.53783e-09   6.21462e-06
   5.53884e-09   6.21320e-06
   5.53985e-09   6.21178e-06
   5.54086e-09   6.21037e-06
   5.54187e-09   6.20895e-06
   5.54288e-09   6.20753e-06
   5.54389e-09   6.20612e-06
   5.54490e-09   6.20470e-06
   5.54591e-09   6.20327e-06
   5.54692e-09   6.20184e-06
   5.54792e-09   6.20041e-06
   5.54893e-09   6.19898e-06
   5.54994e-09   6.19755e-06
   5.55095e-09   6.19612e-06
   5.55196e-09   6.19470e-06
   5.55297e-09   6.19327e-06
   5.55398e-09   6.19185e-06
   5.55499e-09   6.19042e-06
   5.55600e-09   6.18900e-06
   5.55701e-09   6.18758e-06
   5.55802e-09   6.18615e-06
   5.55903e-09   6.18473e-06
   5.56004e-09   6.18331e-06
   5.56105e-09   6.18189e-06
   5.56205e-09   6.18047e-06
   5.56306e-09   6.17905e-06
   5.56407e-09   6.17763e-06
   5.56508e-09   6.17621e-06
   5.56609e-09   6.17479e-06
   5.56710e-09   6.17337e-06
   5.56811e-09   6.17196e-06
   5.56912e-09   6.17054e-06
   5.57013e-09   6.16912e-06
   5.57114e-09   6.16770e-06
   5.57215e-09   6.16628e-06
   5.57316e-09   6.16487e-06
   5.57417e-09   6.16345e-06
   5.57518e-09   6.16203e-06
   5.57619e-09   6.16062e-06
   5.57720e-09   6.15920e-06
   5.57821e-09   6.15778e-06
   5.57921e-09   6.15637e-06
   5.58022e-09   6.15495e-06
   5.58123e-09   6.15353e-06
   5.58224e-09   6.15212e-06
   5.58325e-09   6.15070e-06
   5.58426e-09   6.14929e-06
   5.58527e-09   6.14787e-06
   5.58628e-09   6.14646e-06
   5.58729e-09   6.14504e-06
   5.58830e-09   6.14363e-06
   5.58931e-09   6.14221e-06
   5.59032e-09   6.14080e-06
   5.59133e-09   6.13939e-06
   5.59234e-09   6.13797e-06
   5.59335e-09   6.13656e-06
   5.59436e-09   6.13514e-06
   5.59537e-09   6.13373e-06
   5.59638e-09   6.13232e-06
   5.59739e-09   6.13091e-06
   5.59840e-09   6.12949e-06
   5.59941e-09   6.12808e-06
   5.60042e-09   6.12667e-06
   5.60143e-09   6.12525e-06
   5.60243e-09   6.12384e-06
   5.60344e-09   6.12243e-06
   5.60445e-09   6.12102e-06
   5.60546e-09   6.11961e-06
   5.60647e-09   6.11820e-06
   5.60748e-09   6.11678e-06
   5.60849e-09   6.11537e-06
   5.60950e-09   6.11396e-06
   5.61051e-09   6.11255e-06
   5.61152e-09   6.11114e-06
   5.61253e-09   6.10973e-06
   5.61354e-09   6.10832e-06
   5.61455e-09   6.10691e-06
   5.61556e-09   6.10550e-06
   5.61657e-09   6.10409e-06
   5.61758e-09   6.10268e-06
   5.61859e-09   6.10127e-06
   5.61960e-09   6.09986e-06
   5.62061e-09   6.09845e-06
   5.62162e-09   6.09704e-06
   5.62263e-09   6.09563e-06
   5.62364e-09   6.09422e-06
   5.62465e-09   6.09281e-06
   5.62566e-09   6.09140e-06
   5.62667e-09   6.09000e-06
   5.62768e-09   6.08859e-06
   5.62869e-09   6.08718e-06
   5.62970e-09   6.08577e-06
   5.63071e-09   6.08436e-06
   5.63172e-09   6.08296e-06
   5.63273e-09   6.08155e-06
   5.63374e-09   6.08014e-06
   5.63475e-09   6.07873e-06
   5.63576e-09   6.07733e-06
   5.63677e-09   6.07592e-06
   5.63778e-09   6.07451e-06
   5.63879e-09   6.07311e-06
   5.63980e-09   6.07170e-06
   5.64081e-09   6.07029e-06
   5.64182e-09   6.06889e-06
   5.64283e-09   6.06748e-06
   5.64384e-09   6.06607e-06
   5.64485e-09   6.06467e-06
   5.64586e-09   6.06326e-06
   5.64687e-09   6.06186e-06
   5.64788e-09   6.06045e-06
   5.64889e-09   6.05905e-06
   5.64990e-09   6.05764e-06
   5.65091e-09   6.05624e-06
   5.65192e-09   6.05483e-06
   5.65293e-09   6.05343e-06
   5.65394e-09   6.05202e-06
   5.65495e-09   6.05062e-06
   5.65596e-09   6.04921e-06
   5.65697e-09   6.04781e-06
   5.65798e-09   6.04640e-06
   5.65899e-09   6.04500e-06
   5.66000e-09   6.04360e-06
   5.66101e-09   6.04219e-06
   5.66202e-09   6.04079e-06
   5.66303e-09   6.03939e-06
   5.66404e-09   6.03798e-06
   5.66505e-09   6.03658e-06
   5.66606e-09   6.03518e-06
   5.66707e-09   6.03377e-06
   5.66808e-09   6.03237e-06
   5.66909e-09   6.03097e-06
   5.67010e-09   6.02957e-06
   5.67111e-09   6.02816e-06
   5.67212e-09   6.02676e-06
   5.67313e-09   6.02536e-06
   5.67414e-09   6.02396e-06
   5.67515e-09   6.02256e-06
   5.67616e-09   6.02116e-06
   5.67717e-09   6.01975e-06
   5.67818e-09   6.01835e-06
   5.67919e-09   6.01695e-06
   5.68020e-09   6.01555e-06
   5.68121e-09   6.01415e-06
   5.68222e-09   6.01275e-06
   5.68323e-09   6.01135e-06
   5.68424e-09   6.00995e-06
   5.68525e-09   6.00855e-06
   5.68626e-09   6.00715e-06
   5.68727e-09   6.00574e-06
   5.68828e-09   6.00433e-06
   5.68929e-09   6.00292e-06
   5.69031e-09   6.00151e-06
   5.69132e-09   6.00009e-06
   5.69233e-09   5.99868e-06
   5.69334e-09   5.99726e-06
   5.69435e-09   5.99584e-06
   5.69536e-09   5.99443e-06
   5.69637e-09   5.99302e-06
   5.69738e-09   5.99161e-06
   5.69839e-09   5.99020e-06
   5.69940e-09   5.98879e-06
   5.70041e-09   5.98738e-06
   5.70142e-09   5.98597e-06
   5.70243e-09   5.98457e-06
   5.70344e-09   5.98316e-06
   5.70445e-09   5.98175e-06
   5.70546e-09   5.98035e-06
   5.70647e-09   5.97894e-06
   5.70748e-09   5.97754e-06
   5.70849e-09   5.97613e-06
   5.70950e-09   5.97473e-06
   5.71051e-09   5.97333e-06
   5.71152e-09   5.97192e-06
   5.71253e-09   5.97052e-06
   5.71355e-09   5.96912e-06
   5.71456e-09   5.96771e-06
   5.71557e-09   5.96631e-06
   5.71658e-09   5.96491e-06
   5.71759e-09   5.96351e-06
   5.71860e-09   5.96210e-06
   5.71961e-09   5.96070e-06
   5.72062e-09   5.95930e-06
   5.72163e-09   5.95790e-06
   5.72264e-09   5.95650e-06
   5.72365e-09   5.95510e-06
   5.72466e-09   5.95370e-06
   5.72567e-09   5.95230e-06
   5.72668e-09   5.95090e-06
   5.72769e-09   5.94950e-06
   5.72870e-09   5.94810e-06
   5.72971e-09   5.94670e-06
   5.73072e-09   5.94530e-06
   5.73174e-09   5.94390e-06
   5.73275e-09   5.94250e-06
   5.73376e-09   5.94110e-06
   5.73477e-09   5.93970e-06
   5.73578e-09   5.93831e-06
   5.73679e-09   5.93691e-06
   5.73780e-09   5.93551e-06
   5.73881e-09   5.93411e-06
   5.73982e-09   5.93271e-06
   5.74083e-09   5.93132e-06
   5.74184e-09   5.92992e-06
   5.74285e-09   5.92852e-06
   5.74386e-09   5.92712e-06
   5.74487e-09   5.92573e-06
   5.74589e-09   5.92433e-06
   5.74690e-09   5.92293e-06
   5.74791e-09   5.92154e-06
   5.74892e-09   5.92014e-06
   5.74993e-09   5.91875e-06
   5.75094e-09   5.91735e-06
   5.75195e-09   5.91595e-06
   5.75296e-09   5.91456e-06
   5.75397e-09   5.91316e-06
   5.75498e-09   5.91177e-06
   5.75599e-09   5.91037e-06
   5.75700e-09   5.90898e-06
   5.75802e-09   5.90758e-06
   5.75903e-09   5.90619e-06
   5.76004e-09   5.90479e-06
   5.76105e-09   5.90340e-06
   5.76206e-09   5.90201e-06
   5.76307e-09   5.90061e-06
   5.76408e-09   5.89922e-06
   5.76509e-09   5.89782e-06
   5.76610e-09   5.89643e-06
   5.76711e-09   5.89504e-06
   5.76812e-09   5.89364e-06
   5.76914e-09   5.89225e-06
   5.77015e-09   5.89086e-06
   5.77116e-09   5.88946e-06
   5.77217e-09   5.88807e-06
   5.77318e-09   5.88668e-06
   5.77419e-09   5.88529e-06
   5.77520e-09   5.88390e-06
   5.77621e-09   5.88250e-06
   5.77722e-09   5.88111e-06
   5.77823e-09   5.87972e-06
   5.77924e-09   5.87833e-06
   5.78026e-09   5.87694e-06
   5.78127e-09   5.87555e-06
   5.78228e-09   5.87415e-06
   5.78329e-09   5.87276e-06
   5.78430e-09   5.87137e-06
   5.78531e-09   5.86998e-06
   5.78632e-09   5.86859e-06
   5.78733e-09   5.86720e-06
   5.78834e-09   5.86581e-06
   5.78936e-09   5.86442e-06
   5.79037e-09   5.86303e-06
   5.79138e-09   5.86164e-06
   5.79239e-09   5.86025e-06
   5.79340e-09   5.85886e-06
   5.79441e-09   5.85747e-06
   5.79542e-09   5.85608e-06
   5.79643e-09   5.85469e-06
   5.79744e-09   5.85330e-06
   5.79846e-09   5.85192e-06
   5.79947e-09   5.85053e-06
   5.80048e-09   5.84914e-06
   5.80149e-09   5.84775e-06
   5.80250e-09   5.84636e-06
   5.80351e-09   5.84497e-06
   5.80452e-09   5.84359e-06
   5.80553e-09   5.84220e-06
   5.80654e-09   5.84081e-06
   5.80756e-09   5.83942e-06
   5.80857e-09   5.83804e-06
   5.80958e-09   5.83665e-06
   5.81059e-09   5.83526e-06
   5.81160e-09   5.83387e-06
   5.81261e-09   5.83249e-06
   5.81362e-09   5.83110e-06
   5.81463e-09   5.82971e-06
   5.81565e-09   5.82833e-06
   5.81666e-09   5.82694e-06
   5.81767e-09   5.82556e-06
   5.81868e-09   5.82417e-06
   5.81969e-09   5.82278e-06
   5.82070e-09   5.82140e-06
   5.82171e-09   5.82001e-06
   5.82273e-09   5.81863e-06
   5.82374e-09   5.81724e-06
   5.82475e-09   5.81586e-06
   5.82576e-09   5.81447e-06
   5.82677e-09   5.81309e-06
   5.82778e-09   5.81170e-06
   5.82879e-09   5.81032e-06
   5.82980e-09   5.80893e-06
   5.83082e-09   5.80755e-06
   5.83183e-09   5.80616e-06
   5.83284e-09   5.80476e-06
   5.83385e-09   5.80337e-06
   5.83486e-09   5.80197e-06
   5.83587e-09   5.80057e-06
   5.83688e-09   5.79917e-06
   5.83790e-09   5.79776e-06
   5.83891e-09   5.79636e-06
   5.83992e-09   5.79496e-06
   5.84093e-09   5.79356e-06
   5.84194e-09   5.79216e-06
   5.84295e-09   5.79076e-06
   5.84397e-09   5.78937e-06
   5.84498e-09   5.78797e-06
   5.84599e-09   5.78658e-06
   5.84700e-09   5.78519e-06
   5.84801e-09   5.78379e-06
   5.84902e-09   5.78240e-06
   5.85003e-09   5.78101e-06
   5.85105e-09   5.77962e-06
   5.85206e-09   5.77823e-06
   5.85307e-09   5.77684e-06
   5.85408e-09   5.77545e-06
   5.85509e-09   5.77406e-06
   5.85610e-09   5.77267e-06
   5.85712e-09   5.77128e-06
   5.85813e-09   5.76989e-06
   5.85914e-09   5.76851e-06
   5.86015e-09   5.76712e-06
   5.86116e-09   5.76573e-06
   5.86217e-09   5.76434e-06
   5.86318e-09   5.76296e-06
   5.86420e-09   5.76157e-06
   5.86521e-09   5.76018e-06
   5.86622e-09   5.75880e-06
   5.86723e-09   5.75741e-06
   5.86824e-09   5.75602e-06
   5.86925e-09   5.75464e-06
   5.87027e-09   5.75325e-06
   5.87128e-09   5.75187e-06
   5.87229e-09   5.75048e-06
   5.87330e-09   5.74910e-06
   5.87431e-09   5.74771e-06
   5.87532e-09   5.74633e-06
   5.87634e-09   5.74494e-06
   5.87735e-09   5.74356e-06
   5.87836e-09   5.74218e-06
   5.87937e-09   5.74079e-06
   5.88038e-09   5.73941e-06
   5.88140e-09   5.73803e-06
   5.88241e-09   5.73664e-06
   5.88342e-09   5.73526e-06
   5.88443e-09   5.73388e-06
   5.88544e-09   5.73249e-06
   5.88645e-09   5.73111e-06
   5.88747e-09   5.72973e-06
   5.88848e-09   5.72835e-06
   5.88949e-09   5.72697e-06
   5.89050e-09   5.72558e-06
   5.89151e-09   5.72420e-06
   5.89253e-09   5.72282e-06
   5.89354e-09   5.72144e-06
   5.89455e-09   5.72006e-06
   5.89556e-09   5.71868e-06
   5.89657e-09   5.71730e-06
   5.89758e-09   5.71592e-06
   5.89860e-09   5.71454e-06
   5.89961e-09   5.71316e-06
   5.90062e-09   5.71178e-06
   5.90163e-09   5.71040e-06
   5.90264e-09   5.70902e-06
   5.90366e-09   5.70764e-06
   5.90467e-09   5.70626e-06
   5.90568e-09   5.70488e-06
   5.90669e-09   5.70350e-06
   5.90770e-09   5.70212e-06
   5.90872e-09   5.70074e-06
   5.90973e-09   5.69936e-06
   5.91074e-09   5.69799e-06
   5.91175e-09   5.69661e-06
   5.91276e-09   5.69523e-06
   5.91378e-09   5.69385e-06
   5.91479e-09   5.69247e-06
   5.91580e-09   5.69110e-06
   5.91681e-09   5.68972e-06
   5.91782e-09   5.68834e-06
   5.91884e-09   5.68696e-06
   5.91985e-09   5.68559e-06
   5.92086e-09   5.68421e-06
   5.92187e-09   5.68283e-06
   5.92288e-09   5.68146e-06
   5.92390e-09   5.68008e-06
   5.92491e-09   5.67871e-06
   5.92592e-09   5.67733e-06
   5.92693e-09   5.67595e-06
   5.92794e-09   5.67458e-06
   5.92896e-09   5.67320e-06
   5.92997e-09   5.67183e-06
   5.93098e-09   5.67045e-06
   5.93199e-09   5.66908e-06
   5.93300e-09   5.66770e-06
   5.93402e-09   5.66633e-06
   5.93503e-09   5.66495e-06
   5.93604e-09   5.66358e-06
   5.93705e-09   5.66220e-06
   5.93807e-09   5.66083e-06
   5.93908e-09   5.65945e-06
   5.94009e-09   5.65808e-06
   5.94110e-09   5.65671e-06
   5.94211e-09   5.65533e-06
   5.94313e-09   5.65396e-06
   5.94414e-09   5.65259e-06
   5.94515e-09   5.65121e-06
   5.94616e-09   5.64984e-06
   5.94718e-09   5.64847e-06
   5.94819e-09   5.64709e-06
   5.94920e-09   5.64572e-06
   5.95021e-09   5.64435e-06
   5.95122e-09   5.64298e-06
   5.95224e-09   5.64160e-06
   5.95325e-09   5.64023e-06
   5.95426e-09   5.63886e-06
   5.95527e-09   5.63749e-06
   5.95629e-09   5.63612e-06
   5.95730e-09   5.63474e-06
   5.95831e-09   5.63337e-06
   5.95932e-09   5.63200e-06
   5.96034e-09   5.63063e-06
   5.96135e-09   5.62926e-06
   5.96236e-09   5.62789e-06
   5.96337e-09   5.62652e-06
   5.96438e-09   5.62515e-06
   5.96540e-09   5.62378e-06
   5.96641e-09   5.62241e-06
   5.96742e-09   5.62104e-06
   5.96843e-09   5.61967e-06
   5.96945e-09   5.61830e-06
   5.97046e-09   5.61693e-06
   5.97147e-09   5.61556e-06
   5.97248e-09   5.61419e-06
   5.97350e-09   5.61282e-06
   5.97451e-09   5.61145e-06
   5.97552e-09   5.61008e-06
   5.97653e-09   5.60871e-06
   5.97755e-09   5.60733e-06
   5.97856e-09   5.60596e-06
   5.97957e-09   5.60458e-06
   5.98058e-09   5.60319e-06
   5.98160e-09   5.60181e-06
   5.98261e-09   5.60042e-06
   5.98362e-09   5.59904e-06
   5.98463e-09   5.59765e-06
   5.98565e-09   5.59626e-06
   5.98666e-09   5.59487e-06
   5.98767e-09   5.59348e-06
   5.98868e-09   5.59210e-06
   5.98970e-09   5.59071e-06
   5.99071e-09   5.58933e-06
   5.99172e-09   5.58795e-06
   5.99273e-09   5.58657e-06
   5.99375e-09   5.58519e-06
   5.99476e-09   5.58381e-06
   5.99577e-09   5.58244e-06
   5.99678e-09   5.58106e-06
   5.99780e-09   5.57968e-06
   5.99881e-09   5.57831e-06
   5.99982e-09   5.57693e-06
   6.00083e-09   5.57555e-06
   6.00185e-09   5.57418e-06
   6.00286e-09   5.57280e-06
   6.00387e-09   5.57143e-06
   6.00489e-09   5.57006e-06
   6.00590e-09   5.56868e-06
   6.00691e-09   5.56731e-06
   6.00792e-09   5.56593e-06
   6.00894e-09   5.56456e-06
   6.00995e-09   5.56319e-06
   6.01096e-09   5.56182e-06
   6.01197e-09   5.56044e-06
   6.01299e-09   5.55907e-06
   6.01400e-09   5.55770e-06
   6.01501e-09   5.55633e-06
   6.01602e-09   5.55496e-06
   6.01704e-09   5.55359e-06
   6.01805e-09   5.55222e-06
   6.01906e-09   5.55085e-06
   6.02008e-09   5.54948e-06
   6.02109e-09   5.54811e-06
   6.02210e-09   5.54674e-06
   6.02311e-09   5.54537e-06
   6.02413e-09   5.54400e-06
   6.02514e-09   5.54263e-06
   6.02615e-09   5.54126e-06
   6.02717e-09   5.53989e-06
   6.02818e-09   5.53852e-06
   6.02919e-09   5.53715e-06
   6.03020e-09   5.53579e-06
   6.03122e-09   5.53442e-06
   6.03223e-09   5.53305e-06
   6.03324e-09   5.53168e-06
   6.03426e-09   5.53031e-06
   6.03527e-09   5.52895e-06
   6.03628e-09   5.52758e-06
   6.03729e-09   5.52621e-06
   6.03831e-09   5.52485e-06
   6.03932e-09   5.52348e-06
   6.04033e-09   5.52211e-06
   6.04135e-09   5.52075e-06
   6.04236e-09   5.51938e-06
   6.04337e-09   5.51802e-06
   6.04438e-09   5.51665e-06
   6.04540e-09   5.51528e-06
   6.04641e-09   5.51392e-06
   6.04742e-09   5.51255e-06
   6.04844e-09   5.51119e-06
   6.04945e-09   5.50982e-06
   6.05046e-09   5.50846e-06
   6.05147e-09   5.50710e-06
   6.05249e-09   5.50573e-06
   6.05350e-09   5.50437e-06
   6.05451e-09   5.50300e-06
   6.05553e-09   5.50164e-06
   6.05654e-09   5.50028e-06
   6.05755e-09   5.49891e-06
   6.05857e-09   5.49755e-06
   6.05958e-09   5.49619e-06
   6.06059e-09   5.49482e-06
   6.06161e-09   5.49346e-06
   6.06262e-09   5.49210e-06
   6.06363e-09   5.49073e-06
   6.06464e-09   5.48937e-06
   6.06566e-09   5.48801e-06
   6.06667e-09   5.48665e-06
   6.06768e-09   5.48529e-06
   6.06870e-09   5.48392e-06
   6.06971e-09   5.48256e-06
   6.07072e-09   5.48120e-06
   6.07174e-09   5.47984e-06
   6.07275e-09   5.47848e-06
   6.07376e-09   5.47712e-06
   6.07478e-09   5.47576e-06
   6.07579e-09   5.47440e-06
   6.07680e-09   5.47303e-06
   6.07781e-09   5.47167e-06
   6.07883e-09   5.47031e-06
   6.07984e-09   5.46895e-06
   6.08085e-09   5.46759e-06
   6.08187e-09   5.46623e-06
   6.08288e-09   5.46487e-06
   6.08389e-09   5.46352e-06
   6.08491e-09   5.46216e-06
   6.08592e-09   5.46080e-06
   6.08693e-09   5.45944e-06
   6.08795e-09   5.45808e-06
   6.08896e-09   5.45672e-06
   6.08997e-09   5.45536e-06
   6.09099e-09   5.45400e-06
   6.09200e-09   5.45264e-06
   6.09301e-09   5.45129e-06
   6.09403e-09   5.44993e-06
   6.09504e-09   5.44857e-06
   6.09605e-09   5.44721e-06
   6.09707e-09   5.44586e-06
   6.09808e-09   5.44450e-06
   6.09909e-09   5.44314e-06
   6.10011e-09   5.44178e-06
   6.10112e-09   5.44043e-06
   6.10213e-09   5.43907e-06
   6.10315e-09   5.43771e-06
   6.10416e-09   5.43636e-06
   6.10517e-09   5.43500e-06
   6.10619e-09   5.43364e-06
   6.10720e-09   5.43229e-06
   6.10821e-09   5.43093e-06
   6.10923e-09   5.42958e-06
   6.11024e-09   5.42822e-06
   6.11125e-09   5.42686e-06
   6.11227e-09   5.42551e-06
   6.11328e-09   5.42415e-06
   6.11429e-09   5.42280e-06
   6.11531e-09   5.42144e-06
   6.11632e-09   5.42009e-06
   6.11733e-09   5.41873e-06
   6.11835e-09   5.41738e-06
   6.11936e-09   5.41603e-06
   6.12037e-09   5.41467e-06
   6.12139e-09   5.41332e-06
   6.12240e-09   5.41196e-06
   6.12341e-09   5.41061e-06
   6.12443e-09   5.40925e-06
   6.12544e-09   5.40789e-06
   6.12645e-09   5.40653e-06
   6.12747e-09   5.40516e-06
   6.12848e-09   5.40379e-06
   6.12950e-09   5.40242e-06
   6.13051e-09   5.40105e-06
   6.13152e-09   5.39968e-06
   6.13254e-09   5.39831e-06
   6.13355e-09   5.39693e-06
   6.13456e-09   5.39556e-06
   6.13558e-09   5.39418e-06
   6.13659e-09   5.39281e-06
   6.13760e-09   5.39143e-06
   6.13862e-09   5.39006e-06
   6.13963e-09   5.38870e-06
   6.14064e-09   5.38733e-06
   6.14166e-09   5.38596e-06
   6.14267e-09   5.38460e-06
   6.14369e-09   5.38323e-06
   6.14470e-09   5.38187e-06
   6.14571e-09   5.38051e-06
   6.14673e-09   5.37914e-06
   6.14774e-09   5.37778e-06
   6.14875e-09   5.37642e-06
   6.14977e-09   5.37506e-06
   6.15078e-09   5.37370e-06
   6.15179e-09   5.37234e-06
   6.15281e-09   5.37098e-06
   6.15382e-09   5.36962e-06
   6.15484e-09   5.36826e-06
   6.15585e-09   5.36690e-06
   6.15686e-09   5.36554e-06
   6.15788e-09   5.36418e-06
   6.15889e-09   5.36282e-06
   6.15990e-09   5.36146e-06
   6.16092e-09   5.36011e-06
   6.16193e-09   5.35875e-06
   6.16295e-09   5.35739e-06
   6.16396e-09   5.35603e-06
   6.16497e-09   5.35468e-06
   6.16599e-09   5.35332e-06
   6.16700e-09   5.35196e-06
   6.16801e-09   5.35061e-06
   6.16903e-09   5.34925e-06
   6.17004e-09   5.34790e-06
   6.17106e-09   5.34654e-06
   6.17207e-09   5.34519e-06
   6.17308e-09   5.34383e-06
   6.17410e-09   5.34248e-06
   6.17511e-09   5.34112e-06
   6.17613e-09   5.33977e-06
   6.17714e-09   5.33841e-06
   6.17815e-09   5.33706e-06
   6.17917e-09   5.33571e-06
   6.18018e-09   5.33435e-06
   6.18119e-09   5.33300e-06
   6.18221e-09   5.33165e-06
   6.18322e-09   5.33029e-06
   6.18424e-09   5.32894e-06
   6.18525e-09   5.32759e-06
   6.18626e-09   5.32624e-06
   6.18728e-09   5.32488e-06
   6.18829e-09   5.32353e-06
   6.18931e-09   5.32218e-06
   6.19032e-09   5.32083e-06
   6.19133e-09   5.31948e-06
   6.19235e-09   5.31813e-06
   6.19336e-09   5.31677e-06
   6.19438e-09   5.31542e-06
   6.19539e-09   5.31407e-06
   6.19640e-09   5.31272e-06
   6.19742e-09   5.31137e-06
   6.19843e-09   5.31002e-06
   6.19945e-09   5.30867e-06
   6.20046e-09   5.30732e-06
   6.20147e-09   5.30597e-06
   6.20249e-09   5.30462e-06
   6.20350e-09   5.30327e-06
   6.20452e-09   5.30192e-06
   6.20553e-09   5.30058e-06
   6.20654e-09   5.29923e-06
   6.20756e-09   5.29788e-06
   6.20857e-09   5.29653e-06
   6.20959e-09   5.29518e-06
   6.21060e-09   5.29383e-06
   6.21161e-09   5.29248e-06
   6.21263e-09   5.29114e-06
   6.21364e-09   5.28979e-06
   6.21466e-09   5.28844e-06
   6.21567e-09   5.28709e-06
   6.21668e-09   5.28575e-06
   6.21770e-09   5.28440e-06
   6.21871e-09   5.28305e-06
   6.21973e-09   5.28171e-06
   6.22074e-09   5.28036e-06
   6.22176e-09   5.27901e-06
   6.22277e-09   5.27767e-06
   6.22378e-09   5.27632e-06
   6.22480e-09   5.27497e-06
   6.22581e-09   5.27363e-06
   6.22683e-09   5.27228e-06
   6.22784e-09   5.27094e-06
   6.22885e-09   5.26959e-06
   6.22987e-09   5.26825e-06
   6.23088e-09   5.26690e-06
   6.23190e-09   5.26556e-06
   6.23291e-09   5.26421e-06
   6.23393e-09   5.26287e-06
   6.23494e-09   5.26152e-06
   6.23595e-09   5.26018e-06
   6.23697e-09   5.25883e-06
   6.23798e-09   5.25749e-06
   6.23900e-09   5.25615e-06
   6.24001e-09   5.25480e-06
   6.24103e-09   5.25346e-06
   6.24204e-09   5.25211e-06
   6.24305e-09   5.25077e-06
   6.24407e-09   5.24943e-06
   6.24508e-09   5.24809e-06
   6.24610e-09   5.24674e-06
   6.24711e-09   5.24540e-06
   6.24813e-09   5.24406e-06
   6.24914e-09   5.24271e-06
   6.25015e-09   5.24137e-06
   6.25117e-09   5.24003e-06
   6.25218e-09   5.23869e-06
   6.25320e-09   5.23735e-06
   6.25421e-09   5.23600e-06
   6.25523e-09   5.23466e-06
   6.25624e-09   5.23332e-06
   6.25725e-09   5.23198e-06
   6.25827e-09   5.23064e-06
   6.25928e-09   5.22930e-06
   6.26030e-09   5.22796e-06
   6.26131e-09   5.22662e-06
   6.26233e-09   5.22528e-06
   6.26334e-09   5.22394e-06
   6.26436e-09   5.22260e-06
   6.26537e-09   5.22126e-06
   6.26638e-09   5.21992e-06
   6.26740e-09   5.21858e-06
   6.26841e-09   5.21724e-06
   6.26943e-09   5.21590e-06
   6.27044e-09   5.21456e-06
   6.27146e-09   5.21322e-06
   6.27247e-09   5.21188e-06
   6.27349e-09   5.21054e-06
   6.27450e-09   5.20919e-06
   6.27551e-09   5.20784e-06
   6.27653e-09   5.20649e-06
   6.27754e-09   5.20514e-06
   6.27856e-09   5.20379e-06
   6.27957e-09   5.20243e-06
   6.28059e-09   5.20107e-06
   6.28160e-09   5.19972e-06
   6.28262e-09   5.19836e-06
   6.28363e-09   5.19700e-06
   6.28465e-09   5.19563e-06
   6.28566e-09   5.19427e-06
   6.28668e-09   5.19291e-06
   6.28769e-09   5.19155e-06
   6.28870e-09   5.19019e-06
   6.28972e-09   5.18884e-06
   6.29073e-09   5.18748e-06
   6.29175e-09   5.18613e-06
   6.29276e-09   5.18478e-06
   6.29378e-09   5.18343e-06
   6.29479e-09   5.18207e-06
   6.29581e-09   5.18072e-06
   6.29682e-09   5.17938e-06
   6.29784e-09   5.17803e-06
   6.29885e-09   5.17668e-06
   6.29987e-09   5.17533e-06
   6.30088e-09   5.17398e-06
   6.30189e-09   5.17264e-06
   6.30291e-09   5.17129e-06
   6.30392e-09   5.16994e-06
   6.30494e-09   5.16860e-06
   6.30595e-09   5.16725e-06
   6.30697e-09   5.16591e-06
   6.30798e-09   5.16456e-06
   6.30900e-09   5.16322e-06
   6.31001e-09   5.16187e-06
   6.31103e-09   5.16053e-06
   6.31204e-09   5.15919e-06
   6.31306e-09   5.15784e-06
   6.31407e-09   5.15650e-06
   6.31509e-09   5.15516e-06
   6.31610e-09   5.15381e-06
   6.31712e-09   5.15247e-06
   6.31813e-09   5.15113e-06
   6.31915e-09   5.14979e-06
   6.32016e-09   5.14845e-06
   6.32118e-09   5.14710e-06
   6.32219e-09   5.14576e-06
   6.32320e-09   5.14442e-06
   6.32422e-09   5.14308e-06
   6.32523e-09   5.14174e-06
   6.32625e-09   5.14040e-06
   6.32726e-09   5.13906e-06
   6.32828e-09   5.13772e-06
   6.32929e-09   5.13638e-06
   6.33031e-09   5.13504e-06
   6.33132e-09   5.13370e-06
   6.33234e-09   5.13236e-06
   6.33335e-09   5.13103e-06
   6.33437e-09   5.12969e-06
   6.33538e-09   5.12835e-06
   6.33640e-09   5.12701e-06
   6.33741e-09   5.12567e-06
   6.33843e-09   5.12433e-06
   6.33944e-09   5.12300e-06
   6.34046e-09   5.12166e-06
   6.34147e-09   5.12032e-06
   6.34249e-09   5.11898e-06
   6.34350e-09   5.11765e-06
   6.34452e-09   5.11631e-06
   6.34553e-09   5.11497e-06
   6.34655e-09   5.11364e-06
   6.34756e-09   5.11230e-06
   6.34858e-09   5.11097e-06
   6.34959e-09   5.10963e-06
   6.35061e-09   5.10829e-06
   6.35162e-09   5.10696e-06
   6.35264e-09   5.10562e-06
   6.35365e-09   5.10429e-06
   6.35467e-09   5.10295e-06
   6.35568e-09   5.10162e-06
   6.35670e-09   5.10028e-06
   6.35771e-09   5.09895e-06
   6.35873e-09   5.09761e-06
   6.35974e-09   5.09628e-06
   6.36076e-09   5.09495e-06
   6.36177e-09   5.09361e-06
   6.36279e-09   5.09228e-06
   6.36380e-09   5.09095e-06
   6.36482e-09   5.08961e-06
   6.36583e-09   5.08828e-06
   6.36685e-09   5.08695e-06
   6.36786e-09   5.08561e-06
   6.36888e-09   5.08428e-06
   6.36989e-09   5.08295e-06
   6.37091e-09   5.08162e-06
   6.37192e-09   5.08028e-06
   6.37294e-09   5.07895e-06
   6.37395e-09   5.07762e-06
   6.37497e-09   5.07629e-06
   6.37599e-09   5.07496e-06
   6.37700e-09   5.07362e-06
   6.37802e-09   5.07229e-06
   6.37903e-09   5.07096e-06
   6.38005e-09   5.06963e-06
   6.38106e-09   5.06830e-06
   6.38208e-09   5.06697e-06
   6.38309e-09   5.06564e-06
   6.38411e-09   5.06431e-06
   6.38512e-09   5.06298e-06
   6.38614e-09   5.06165e-06
   6.38715e-09   5.06032e-06
   6.38817e-09   5.05899e-06
   6.38918e-09   5.05766e-06
   6.39020e-09   5.05633e-06
   6.39121e-09   5.05500e-06
   6.39223e-09   5.05367e-06
   6.39324e-09   5.05234e-06
   6.39426e-09   5.05101e-06
   6.39527e-09   5.04969e-06
   6.39629e-09   5.04836e-06
   6.39731e-09   5.04703e-06
   6.39832e-09   5.04570e-06
   6.39934e-09   5.04437e-06
   6.40035e-09   5.04304e-06
   6.40137e-09   5.04172e-06
   6.40238e-09   5.04039e-06
   6.40340e-09   5.03906e-06
   6.40441e-09   5.03773e-06
   6.40543e-09   5.03641e-06
   6.40644e-09   5.03508e-06
   6.40746e-09   5.03375e-06
   6.40847e-09   5.03243e-06
   6.40949e-09   5.03110e-06
   6.41051e-09   5.02977e-06
   6.41152e-09   5.02845e-06
   6.41254e-09   5.02712e-06
   6.41355e-09   5.02579e-06
   6.41457e-09   5.02447e-06
   6.41558e-09   5.02314e-06
   6.41660e-09   5.02182e-06
   6.41761e-09   5.02049e-06
   6.41863e-09   5.01917e-06
   6.41964e-09   5.01784e-06
   6.42066e-09   5.01652e-06
   6.42168e-09   5.01519e-06
   6.42269e-09   5.01387e-06
   6.42371e-09   5.01254e-06
   6.42472e-09   5.01121e-06
   6.42574e-09   5.00988e-06
   6.42675e-09   5.00855e-06
   6.42777e-09   5.00721e-06
   6.42878e-09   5.00587e-06
   6.42980e-09   5.00453e-06
   6.43081e-09   5.00319e-06
   6.43183e-09   5.00185e-06
   6.43285e-09   5.00050e-06
   6.43386e-09   4.99916e-06
   6.43488e-09   4.99781e-06
   6.43589e-09   4.99647e-06
   6.43691e-09   4.99512e-06
   6.43792e-09   4.99377e-06
   6.43894e-09   4.99242e-06
   6.43995e-09   4.99107e-06
   6.44097e-09   4.98973e-06
   6.44199e-09   4.98838e-06
   6.44300e-09   4.98704e-06
   6.44402e-09   4.98570e-06
   6.44503e-09   4.98436e-06
   6.44605e-09   4.98303e-06
   6.44706e-09   4.98169e-06
   6.44808e-09   4.98035e-06
   6.44910e-09   4.97902e-06
   6.45011e-09   4.97768e-06
   6.45113e-09   4.97635e-06
   6.45214e-09   4.97501e-06
   6.45316e-09   4.97368e-06
   6.45417e-09   4.97234e-06
   6.45519e-09   4.97101e-06
   6.45621e-09   4.96968e-06
   6.45722e-09   4.96835e-06
   6.45824e-09   4.96702e-06
   6.45925e-09   4.96568e-06
   6.46027e-09   4.96435e-06
   6.46128e-09   4.96302e-06
   6.46230e-09   4.96169e-06
   6.46332e-09   4.96036e-06
   6.46433e-09   4.95903e-06
   6.46535e-09   4.95770e-06
   6.46636e-09   4.95637e-06
   6.46738e-09   4.95504e-06
   6.46839e-09   4.95371e-06
   6.46941e-09   4.95239e-06
   6.47043e-09   4.95106e-06
   6.47144e-09   4.94973e-06
   6.47246e-09   4.94840e-06
   6.47347e-09   4.94707e-06
   6.47449e-09   4.94575e-06
   6.47550e-09   4.94442e-06
   6.47652e-09   4.94309e-06
   6.47754e-09   4.94177e-06
   6.47855e-09   4.94044e-06
   6.47957e-09   4.93911e-06
   6.48058e-09   4.93779e-06
   6.48160e-09   4.93646e-06
   6.48262e-09   4.93514e-06
   6.48363e-09   4.93381e-06
   6.48465e-09   4.93249e-06
   6.48566e-09   4.93116e-06
   6.48668e-09   4.92984e-06
   6.48770e-09   4.92851e-06
   6.48871e-09   4.92719e-06
   6.48973e-09   4.92586e-06
   6.49074e-09   4.92454e-06
   6.49176e-09   4.92321e-06
   6.49277e-09   4.92189e-06
   6.49379e-09   4.92057e-06
   6.49481e-09   4.91924e-06
   6.49582e-09   4.91792e-06
   6.49684e-09   4.91660e-06
   6.49785e-09   4.91528e-06
   6.49887e-09   4.91395e-06
   6.49989e-09   4.91263e-06
   6.50090e-09   4.91131e-06
   6.50192e-09   4.90999e-06
   6.50293e-09   4.90867e-06
   6.50395e-09   4.90734e-06
   6.50497e-09   4.90602e-06
   6.50598e-09   4.90470e-06
   6.50700e-09   4.90338e-06
   6.50801e-09   4.90206e-06
   6.50903e-09   4.90074e-06
   6.51005e-09   4.89942e-06
   6.51106e-09   4.89810e-06
   6.51208e-09   4.89678e-06
   6.51309e-09   4.89546e-06
   6.51411e-09   4.89414e-06
   6.51513e-09   4.89282e-06
   6.51614e-09   4.89150e-06
   6.51716e-09   4.89018e-06
   6.51818e-09   4.88886e-06
   6.51919e-09   4.88754e-06
   6.52021e-09   4.88622e-06
   6.52122e-09   4.88490e-06
   6.52224e-09   4.88359e-06
   6.52326e-09   4.88227e-06
   6.52427e-09   4.88095e-06
   6.52529e-09   4.87963e-06
   6.52630e-09   4.87831e-06
   6.52732e-09   4.87700e-06
   6.52834e-09   4.87568e-06
   6.52935e-09   4.87436e-06
   6.53037e-09   4.87304e-06
   6.53138e-09   4.87173e-06
   6.53240e-09   4.87041e-06
   6.53342e-09   4.86909e-06
   6.53443e-09   4.86778e-06
   6.53545e-09   4.86646e-06
   6.53647e-09   4.86514e-06
   6.53748e-09   4.86383e-06
   6.53850e-09   4.86251e-06
   6.53951e-09   4.86120e-06
   6.54053e-09   4.85988e-06
   6.54155e-09   4.85856e-06
   6.54256e-09   4.85725e-06
   6.54358e-09   4.85593e-06
   6.54460e-09   4.85462e-06
   6.54561e-09   4.85330e-06
   6.54663e-09   4.85199e-06
   6.54764e-09   4.85067e-06
   6.54866e-09   4.84936e-06
   6.54968e-09   4.84805e-06
   6.55069e-09   4.84673e-06
   6.55171e-09   4.84542e-06
   6.55273e-09   4.84410e-06
   6.55374e-09   4.84279e-06
   6.55476e-09   4.84148e-06
   6.55578e-09   4.84016e-06
   6.55679e-09   4.83885e-06
   6.55781e-09   4.83754e-06
   6.55882e-09   4.83622e-06
   6.55984e-09   4.83491e-06
   6.56086e-09   4.83360e-06
   6.56187e-09   4.83228e-06
   6.56289e-09   4.83097e-06
   6.56391e-09   4.82966e-06
   6.56492e-09   4.82835e-06
   6.56594e-09   4.82704e-06
   6.56696e-09   4.82572e-06
   6.56797e-09   4.82441e-06
   6.56899e-09   4.82310e-06
   6.57000e-09   4.82179e-06
   6.57102e-09   4.82048e-06
   6.57204e-09   4.81917e-06
   6.57305e-09   4.81786e-06
   6.57407e-09   4.81655e-06
   6.57509e-09   4.81523e-06
   6.57610e-09   4.81392e-06
   6.57712e-09   4.81261e-06
   6.57814e-09   4.81129e-06
   6.57915e-09   4.80998e-06
   6.58017e-09   4.80865e-06
   6.58119e-09   4.80733e-06
   6.58220e-09   4.80601e-06
   6.58322e-09   4.80468e-06
   6.58423e-09   4.80335e-06
   6.58525e-09   4.80202e-06
   6.58627e-09   4.80069e-06
   6.58728e-09   4.79936e-06
   6.58830e-09   4.79803e-06
   6.58932e-09   4.79670e-06
   6.59033e-09   4.79536e-06
   6.59135e-09   4.79403e-06
   6.59237e-09   4.79269e-06
   6.59338e-09   4.79135e-06
   6.59440e-09   4.79002e-06
   6.59542e-09   4.78869e-06
   6.59643e-09   4.78736e-06
   6.59745e-09   4.78603e-06
   6.59847e-09   4.78470e-06
   6.59948e-09   4.78338e-06
   6.60050e-09   4.78205e-06
   6.60152e-09   4.78073e-06
   6.60253e-09   4.77941e-06
   6.60355e-09   4.77809e-06
   6.60457e-09   4.77676e-06
   6.60558e-09   4.77544e-06
   6.60660e-09   4.77412e-06
   6.60762e-09   4.77280e-06
   6.60863e-09   4.77148e-06
   6.60965e-09   4.77016e-06
   6.61067e-09   4.76884e-06
   6.61168e-09   4.76752e-06
   6.61270e-09   4.76620e-06
   6.61372e-09   4.76489e-06
   6.61473e-09   4.76357e-06
   6.61575e-09   4.76225e-06
   6.61677e-09   4.76093e-06
   6.61778e-09   4.75962e-06
   6.61880e-09   4.75830e-06
   6.61982e-09   4.75699e-06
   6.62083e-09   4.75567e-06
   6.62185e-09   4.75435e-06
   6.62287e-09   4.75304e-06
   6.62388e-09   4.75172e-06
   6.62490e-09   4.75041e-06
   6.62592e-09   4.74909e-06
   6.62693e-09   4.74778e-06
   6.62795e-09   4.74647e-06
   6.62897e-09   4.74515e-06
   6.62998e-09   4.74384e-06
   6.63100e-09   4.74253e-06
   6.63202e-09   4.74121e-06
   6.63303e-09   4.73990e-06
   6.63405e-09   4.73859e-06
   6.63507e-09   4.73728e-06
   6.63609e-09   4.73596e-06
   6.63710e-09   4.73465e-06
   6.63812e-09   4.73334e-06
   6.63914e-09   4.73203e-06
   6.64015e-09   4.73072e-06
   6.64117e-09   4.72941e-06
   6.64219e-09   4.72810e-06
   6.64320e-09   4.72678e-06
   6.64422e-09   4.72547e-06
   6.64524e-09   4.72416e-06
   6.64625e-09   4.72285e-06
   6.64727e-09   4.72154e-06
   6.64829e-09   4.72023e-06
   6.64930e-09   4.71893e-06
   6.65032e-09   4.71762e-06
   6.65134e-09   4.71631e-06
   6.65236e-09   4.71500e-06
   6.65337e-09   4.71369e-06
   6.65439e-09   4.71238e-06
   6.65541e-09   4.71107e-06
   6.65642e-09   4.70976e-06
   6.65744e-09   4.70846e-06
   6.65846e-09   4.70715e-06
   6.65947e-09   4.70584e-06
   6.66049e-09   4.70453e-06
   6.66151e-09   4.70323e-06
   6.66253e-09   4.70192e-06
   6.66354e-09   4.70061e-06
   6.66456e-09   4.69931e-06
   6.66558e-09   4.69800e-06
   6.66659e-09   4.69669e-06
   6.66761e-09   4.69539e-06
   6.66863e-09   4.69408e-06
   6.66964e-09   4.69277e-06
   6.67066e-09   4.69147e-06
   6.67168e-09   4.69016e-06
   6.67270e-09   4.68886e-06
   6.67371e-09   4.68755e-06
   6.67473e-09   4.68625e-06
   6.67575e-09   4.68494e-06
   6.67676e-09   4.68364e-06
   6.67778e-09   4.68233e-06
   6.67880e-09   4.68103e-06
   6.67982e-09   4.67973e-06
   6.68083e-09   4.67842e-06
   6.68185e-09   4.67712e-06
   6.68287e-09   4.67581e-06
   6.68388e-09   4.67451e-06
   6.68490e-09   4.67321e-06
   6.68592e-09   4.67190e-06
   6.68694e-09   4.67060e-06
   6.68795e-09   4.66930e-06
   6.68897e-09   4.66799e-06
   6.68999e-09   4.66669e-06
   6.69100e-09   4.66539e-06
   6.69202e-09   4.66409e-06
   6.69304e-09   4.66278e-06
   6.69406e-09   4.66148e-06
   6.69507e-09   4.66018e-06
   6.69609e-09   4.65888e-06
   6.69711e-09   4.65758e-06
   6.69812e-09   4.65628e-06
   6.69914e-09   4.65497e-06
   6.70016e-09   4.65367e-06
   6.70118e-09   4.65237e-06
   6.70219e-09   4.65107e-06
   6.70321e-09   4.64977e-06
   6.70423e-09   4.64847e-06
   6.70524e-09   4.64717e-06
   6.70626e-09   4.64587e-06
   6.70728e-09   4.64457e-06
   6.70830e-09   4.64327e-06
   6.70931e-09   4.64197e-06
   6.71033e-09   4.64067e-06
   6.71135e-09   4.63937e-06
   6.71237e-09   4.63807e-06
   6.71338e-09   4.63677e-06
   6.71440e-09   4.63547e-06
   6.71542e-09   4.63417e-06
   6.71644e-09   4.63288e-06
   6.71745e-09   4.63158e-06
   6.71847e-09   4.63028e-06
   6.71949e-09   4.62898e-06
   6.72050e-09   4.62768e-06
   6.72152e-09   4.62638e-06
   6.72254e-09   4.62509e-06
   6.72356e-09   4.62379e-06
   6.72457e-09   4.62249e-06
   6.72559e-09   4.62119e-06
   6.72661e-09   4.61990e-06
   6.72763e-09   4.61860e-06
   6.72864e-09   4.61730e-06
   6.72966e-09   4.61601e-06
   6.73068e-09   4.61471e-06
   6.73170e-09   4.61341e-06
   6.73271e-09   4.61211e-06
   6.73373e-09   4.61080e-06
   6.73475e-09   4.60949e-06
   6.73577e-09   4.60818e-06
   6.73678e-09   4.60687e-06
   6.73780e-09   4.60556e-06
   6.73882e-09   4.60425e-06
   6.73984e-09   4.60293e-06
   6.74085e-09   4.60162e-06
   6.74187e-09   4.60030e-06
   6.74289e-09   4.59898e-06
   6.74391e-09   4.59766e-06
   6.74492e-09   4.59634e-06
   6.74594e-09   4.59502e-06
   6.74696e-09   4.59370e-06
   6.74798e-09   4.59238e-06
   6.74899e-09   4.59105e-06
   6.75001e-09   4.58973e-06
   6.75103e-09   4.58841e-06
   6.75205e-09   4.58709e-06
   6.75306e-09   4.58578e-06
   6.75408e-09   4.58446e-06
   6.75510e-09   4.58315e-06
   6.75612e-09   4.58184e-06
   6.75713e-09   4.58053e-06
   6.75815e-09   4.57922e-06
   6.75917e-09   4.57791e-06
   6.76019e-09   4.57660e-06
   6.76120e-09   4.57529e-06
   6.76222e-09   4.57398e-06
   6.76324e-09   4.57267e-06
   6.76426e-09   4.57137e-06
   6.76527e-09   4.57006e-06
   6.76629e-09   4.56875e-06
   6.76731e-09   4.56745e-06
   6.76833e-09   4.56614e-06
   6.76934e-09   4.56484e-06
   6.77036e-09   4.56353e-06
   6.77138e-09   4.56223e-06
   6.77240e-09   4.56092e-06
   6.77342e-09   4.55962e-06
   6.77443e-09   4.55832e-06
   6.77545e-09   4.55701e-06
   6.77647e-09   4.55571e-06
   6.77749e-09   4.55441e-06
   6.77850e-09   4.55311e-06
   6.77952e-09   4.55181e-06
   6.78054e-09   4.55050e-06
   6.78156e-09   4.54920e-06
   6.78257e-09   4.54790e-06
   6.78359e-09   4.54660e-06
   6.78461e-09   4.54530e-06
   6.78563e-09   4.54400e-06
   6.78665e-09   4.54270e-06
   6.78766e-09   4.54140e-06
   6.78868e-09   4.54010e-06
   6.78970e-09   4.53880e-06
   6.79072e-09   4.53750e-06
   6.79173e-09   4.53620e-06
   6.79275e-09   4.53491e-06
   6.79377e-09   4.53361e-06
   6.79479e-09   4.53231e-06
   6.79581e-09   4.53101e-06
   6.79682e-09   4.52971e-06
   6.79784e-09   4.52842e-06
   6.79886e-09   4.52712e-06
   6.79988e-09   4.52582e-06
   6.80089e-09   4.52452e-06
   6.80191e-09   4.52323e-06
   6.80293e-09   4.52193e-06
   6.80395e-09   4.52064e-06
   6.80497e-09   4.51934e-06
   6.80598e-09   4.51804e-06
   6.80700e-09   4.51675e-06
   6.80802e-09   4.51545e-06
   6.80904e-09   4.51416e-06
   6.81006e-09   4.51286e-06
   6.81107e-09   4.51157e-06
   6.81209e-09   4.51027e-06
   6.81311e-09   4.50898e-06
   6.81413e-09   4.50768e-06
   6.81515e-09   4.50639e-06
   6.81616e-09   4.50509e-06
   6.81718e-09   4.50380e-06
   6.81820e-09   4.50251e-06
   6.81922e-09   4.50121e-06
   6.82023e-09   4.49992e-06
   6.82125e-09   4.49863e-06
   6.82227e-09   4.49733e-06
   6.82329e-09   4.49604e-06
   6.82431e-09   4.49475e-06
   6.82532e-09   4.49346e-06
   6.82634e-09   4.49216e-06
   6.82736e-09   4.49087e-06
   6.82838e-09   4.48958e-06
   6.82940e-09   4.48829e-06
   6.83041e-09   4.48700e-06
   6.83143e-09   4.48570e-06
   6.83245e-09   4.48441e-06
   6.83347e-09   4.48312e-06
   6.83449e-09   4.48183e-06
   6.83550e-09   4.48054e-06
   6.83652e-09   4.47925e-06
   6.83754e-09   4.47796e-06
   6.83856e-09   4.47667e-06
   6.83958e-09   4.47538e-06
   6.84060e-09   4.47409e-06
   6.84161e-09   4.47280e-06
   6.84263e-09   4.47151e-06
   6.84365e-09   4.47022e-06
   6.84467e-09   4.46893e-06
   6.84569e-09   4.46764e-06
   6.84670e-09   4.46635e-06
   6.84772e-09   4.46506e-06
   6.84874e-09   4.46377e-06
   6.84976e-09   4.46249e-06
   6.85078e-09   4.46120e-06
   6.85179e-09   4.45991e-06
   6.85281e-09   4.45862e-06
   6.85383e-09   4.45733e-06
   6.85485e-09   4.45605e-06
   6.85587e-09   4.45476e-06
   6.85689e-09   4.45347e-06
   6.85790e-09   4.45218e-06
   6.85892e-09   4.45090e-06
   6.85994e-09   4.44961e-06
   6.86096e-09   4.44832e-06
   6.86198e-09   4.44703e-06
   6.86299e-09   4.44575e-06
   6.86401e-09   4.44446e-06
   6.86503e-09   4.44318e-06
   6.86605e-09   4.44189e-06
   6.86707e-09   4.44060e-06
   6.86809e-09   4.43932e-06
   6.86910e-09   4.43803e-06
   6.87012e-09   4.43675e-06
   6.87114e-09   4.43546e-06
   6.87216e-09   4.43418e-06
   6.87318e-09   4.43289e-06
   6.87420e-09   4.43161e-06
   6.87521e-09   4.43032e-06
   6.87623e-09   4.42904e-06
   6.87725e-09   4.42775e-06
   6.87827e-09   4.42647e-06
   6.87929e-09   4.42518e-06
   6.88030e-09   4.42390e-06
   6.88132e-09   4.42261e-06
   6.88234e-09   4.42133e-06
   6.88336e-09   4.42005e-06
   6.88438e-09   4.41876e-06
   6.88540e-09   4.41748e-06
   6.88641e-09   4.41620e-06
   6.88743e-09   4.41491e-06
   6.88845e-09   4.41363e-06
   6.88947e-09   4.41233e-06
   6.89049e-09   4.41104e-06
   6.89151e-09   4.40975e-06
   6.89253e-09   4.40845e-06
   6.89354e-09   4.40715e-06
   6.89456e-09   4.40585e-06
   6.89558e-09   4.40455e-06
   6.89660e-09   4.40325e-06
   6.89762e-09   4.40195e-06
   6.89864e-09   4.40064e-06
   6.89965e-09   4.39934e-06
   6.90067e-09   4.39803e-06
   6.90169e-09   4.39673e-06
   6.90271e-09   4.39542e-06
   6.90373e-09   4.39411e-06
   6.90475e-09   4.39280e-06
   6.90576e-09   4.39149e-06
   6.90678e-09   4.39018e-06
   6.90780e-09   4.38887e-06
   6.90882e-09   4.38756e-06
   6.90984e-09   4.38626e-06
   6.91086e-09   4.38496e-06
   6.91188e-09   4.38365e-06
   6.91289e-09   4.38235e-06
   6.91391e-09   4.38105e-06
   6.91493e-09   4.37976e-06
   6.91595e-09   4.37846e-06
   6.91697e-09   4.37716e-06
   6.91799e-09   4.37587e-06
   6.91901e-09   4.37457e-06
   6.92002e-09   4.37327e-06
   6.92104e-09   4.37198e-06
   6.92206e-09   4.37069e-06
   6.92308e-09   4.36939e-06
   6.92410e-09   4.36810e-06
   6.92512e-09   4.36681e-06
   6.92614e-09   4.36551e-06
   6.92715e-09   4.36422e-06
   6.92817e-09   4.36293e-06
   6.92919e-09   4.36164e-06
   6.93021e-09   4.36035e-06
   6.93123e-09   4.35906e-06
   6.93225e-09   4.35777e-06
   6.93327e-09   4.35648e-06
   6.93428e-09   4.35519e-06
   6.93530e-09   4.35390e-06
   6.93632e-09   4.35261e-06
   6.93734e-09   4.35132e-06
   6.93836e-09   4.35003e-06
   6.93938e-09   4.34874e-06
   6.94040e-09   4.34746e-06
   6.94141e-09   4.34617e-06
   6.94243e-09   4.34488e-06
   6.94345e-09   4.34359e-06
   6.94447e-09   4.34231e-06
   6.94549e-09   4.34102e-06
   6.94651e-09   4.33973e-06
   6.94753e-09   4.33845e-06
   6.94855e-09   4.33716e-06
   6.94956e-09   4.33588e-06
   6.95058e-09   4.33459e-06
   6.95160e-09   4.33330e-06
   6.95262e-09   4.33202e-06
   6.95364e-09   4.33073e-06
   6.95466e-09   4.32945e-06
   6.95568e-09   4.32817e-06
   6.95670e-09   4.32688e-06
   6.95771e-09   4.32560e-06
   6.95873e-09   4.32431e-06
   6.95975e-09   4.32303e-06
   6.96077e-09   4.32175e-06
   6.96179e-09   4.32046e-06
   6.96281e-09   4.31918e-06
   6.96383e-09   4.31790e-06
   6.96485e-09   4.31662e-06
   6.96586e-09   4.31533e-06
   6.96688e-09   4.31405e-06
   6.96790e-09   4.31277e-06
   6.96892e-09   4.31149e-06
   6.96994e-09   4.31021e-06
   6.97096e-09   4.30892e-06
   6.97198e-09   4.30764e-06
   6.97300e-09   4.30636e-06
   6.97402e-09   4.30508e-06
   6.97503e-09   4.30380e-06
   6.97605e-09   4.30252e-06
   6.97707e-09   4.30124e-06
   6.97809e-09   4.29996e-06
   6.97911e-09   4.29868e-06
   6.98013e-09   4.29740e-06
   6.98115e-09   4.29612e-06
   6.98217e-09   4.29484e-06
   6.98319e-09   4.29356e-06
   6.98420e-09   4.29228e-06
   6.98522e-09   4.29100e-06
   6.98624e-09   4.28972e-06
   6.98726e-09   4.28845e-06
   6.98828e-09   4.28717e-06
   6.98930e-09   4.28589e-06
   6.99032e-09   4.28461e-06
   6.99134e-09   4.28333e-06
   6.99236e-09   4.28206e-06
   6.99337e-09   4.28078e-06
   6.99439e-09   4.27950e-06
   6.99541e-09   4.27822e-06
   6.99643e-09   4.27695e-06
   6.99745e-09   4.27567e-06
   6.99847e-09   4.27439e-06
   6.99949e-09   4.27312e-06
   7.00051e-09   4.27184e-06
   7.00153e-09   4.27056e-06
   7.00255e-09   4.26929e-06
   7.00356e-09   4.26801e-06
   7.00458e-09   4.26674e-06
   7.00560e-09   4.26546e-06
   7.00662e-09   4.26418e-06
   7.00764e-09   4.26291e-06
   7.00866e-09   4.26163e-06
   7.00968e-09   4.26036e-06
   7.01070e-09   4.25908e-06
   7.01172e-09   4.25781e-06
   7.01274e-09   4.25653e-06
   7.01376e-09   4.25526e-06
   7.01477e-09   4.25399e-06
   7.01579e-09   4.25271e-06
   7.01681e-09   4.25144e-06
   7.01783e-09   4.25016e-06
   7.01885e-09   4.24889e-06
   7.01987e-09   4.24762e-06
   7.02089e-09   4.24634e-06
   7.02191e-09   4.24507e-06
   7.02293e-09   4.24380e-06
   7.02395e-09   4.24252e-06
   7.02497e-09   4.24125e-06
   7.02598e-09   4.23998e-06
   7.02700e-09   4.23871e-06
   7.02802e-09   4.23743e-06
   7.02904e-09   4.23616e-06
   7.03006e-09   4.23489e-06
   7.03108e-09   4.23362e-06
   7.03210e-09   4.23235e-06
   7.03312e-09   4.23107e-06
   7.03414e-09   4.22980e-06
   7.03516e-09   4.22853e-06
   7.03618e-09   4.22726e-06
   7.03720e-09   4.22599e-06
   7.03821e-09   4.22472e-06
   7.03923e-09   4.22345e-06
   7.04025e-09   4.22218e-06
   7.04127e-09   4.22091e-06
   7.04229e-09   4.21964e-06
   7.04331e-09   4.21837e-06
   7.04433e-09   4.21710e-06
   7.04535e-09   4.21583e-06
   7.04637e-09   4.21455e-06
   7.04739e-09   4.21327e-06
   7.04841e-09   4.21200e-06
   7.04943e-09   4.21071e-06
   7.05045e-09   4.20943e-06
   7.05147e-09   4.20815e-06
   7.05248e-09   4.20686e-06
   7.05350e-09   4.20557e-06
   7.05452e-09   4.20428e-06
   7.05554e-09   4.20299e-06
   7.05656e-09   4.20170e-06
   7.05758e-09   4.20041e-06
   7.05860e-09   4.19912e-06
   7.05962e-09   4.19783e-06
   7.06064e-09   4.19653e-06
   7.06166e-09   4.19524e-06
   7.06268e-09   4.19394e-06
   7.06370e-09   4.19265e-06
   7.06472e-09   4.19135e-06
   7.06574e-09   4.19005e-06
   7.06676e-09   4.18875e-06
   7.06778e-09   4.18746e-06
   7.06879e-09   4.18616e-06
   7.06981e-09   4.18487e-06
   7.07083e-09   4.18358e-06
   7.07185e-09   4.18229e-06
   7.07287e-09   4.18101e-06
   7.07389e-09   4.17972e-06
   7.07491e-09   4.17844e-06
   7.07593e-09   4.17715e-06
   7.07695e-09   4.17587e-06
   7.07797e-09   4.17458e-06
   7.07899e-09   4.17330e-06
   7.08001e-09   4.17202e-06
   7.08103e-09   4.17074e-06
   7.08205e-09   4.16946e-06
   7.08307e-09   4.16817e-06
   7.08409e-09   4.16689e-06
   7.08511e-09   4.16561e-06
   7.08613e-09   4.16433e-06
   7.08714e-09   4.16306e-06
   7.08816e-09   4.16178e-06
   7.08918e-09   4.16050e-06
   7.09020e-09   4.15922e-06
   7.09122e-09   4.15794e-06
   7.09224e-09   4.15667e-06
   7.09326e-09   4.15539e-06
   7.09428e-09   4.15411e-06
   7.09530e-09   4.15284e-06
   7.09632e-09   4.15156e-06
   7.09734e-09   4.15028e-06
   7.09836e-09   4.14901e-06
   7.09938e-09   4.14773e-06
   7.10040e-09   4.14646e-06
   7.10142e-09   4.14518e-06
   7.10244e-09   4.14391e-06
   7.10346e-09   4.14263e-06
   7.10448e-09   4.14136e-06
   7.10550e-09   4.14009e-06
   7.10652e-09   4.13881e-06
   7.10754e-09   4.13754e-06
   7.10856e-09   4.13627e-06
   7.10958e-09   4.13499e-06
   7.11059e-09   4.13372e-06
   7.11161e-09   4.13245e-06
   7.11263e-09   4.13118e-06
   7.11365e-09   4.12990e-06
   7.11467e-09   4.12863e-06
   7.11569e-09   4.12736e-06
   7.11671e-09   4.12609e-06
   7.11773e-09   4.12482e-06
   7.11875e-09   4.12355e-06
   7.11977e-09   4.12228e-06
   7.12079e-09   4.12101e-06
   7.12181e-09   4.11974e-06
   7.12283e-09   4.11847e-06
   7.12385e-09   4.11720e-06
   7.12487e-09   4.11593e-06
   7.12589e-09   4.11466e-06
   7.12691e-09   4.11339e-06
   7.12793e-09   4.11212e-06
   7.12895e-09   4.11085e-06
   7.12997e-09   4.10958e-06
   7.13099e-09   4.10831e-06
   7.13201e-09   4.10705e-06
   7.13303e-09   4.10578e-06
   7.13405e-09   4.10451e-06
   7.13507e-09   4.10324e-06
   7.13609e-09   4.10198e-06
   7.13711e-09   4.10071e-06
   7.13813e-09   4.09944e-06
   7.13915e-09   4.09817e-06
   7.14017e-09   4.09691e-06
   7.14119e-09   4.09564e-06
   7.14221e-09   4.09437e-06
   7.14323e-09   4.09311e-06
   7.14425e-09   4.09184e-06
   7.14527e-09   4.09058e-06
   7.14629e-09   4.08931e-06
   7.14731e-09   4.08804e-06
   7.14833e-09   4.08678e-06
   7.14935e-09   4.08551e-06
   7.15037e-09   4.08425e-06
   7.15139e-09   4.08298e-06
   7.15241e-09   4.08172e-06
   7.15342e-09   4.08045e-06
   7.15444e-09   4.07919e-06
   7.15546e-09   4.07793e-06
   7.15648e-09   4.07666e-06
   7.15750e-09   4.07540e-06
   7.15852e-09   4.07413e-06
   7.15954e-09   4.07287e-06
   7.16056e-09   4.07161e-06
   7.16158e-09   4.07034e-06
   7.16260e-09   4.06908e-06
   7.16362e-09   4.06782e-06
   7.16464e-09   4.06656e-06
   7.16566e-09   4.06529e-06
   7.16668e-09   4.06403e-06
   7.16770e-09   4.06277e-06
   7.16872e-09   4.06151e-06
   7.16974e-09   4.06024e-06
   7.17076e-09   4.05898e-06
   7.17178e-09   4.05772e-06
   7.17280e-09   4.05646e-06
   7.17382e-09   4.05520e-06
   7.17484e-09   4.05394e-06
   7.17586e-09   4.05268e-06
   7.17688e-09   4.05141e-06
   7.17790e-09   4.05015e-06
   7.17892e-09   4.04889e-06
   7.17994e-09   4.04763e-06
   7.18096e-09   4.04637e-06
   7.18198e-09   4.04511e-06
   7.18300e-09   4.04385e-06
   7.18402e-09   4.04259e-06
   7.18504e-09   4.04133e-06
   7.18606e-09   4.04007e-06
   7.18708e-09   4.03881e-06
   7.18810e-09   4.03755e-06
   7.18912e-09   4.03630e-06
   7.19014e-09   4.03504e-06
   7.19116e-09   4.03378e-06
   7.19218e-09   4.03252e-06
   7.19320e-09   4.03126e-06
   7.19422e-09   4.03000e-06
   7.19524e-09   4.02874e-06
   7.19626e-09   4.02749e-06
   7.19729e-09   4.02623e-06
   7.19831e-09   4.02497e-06
   7.19933e-09   4.02371e-06
   7.20035e-09   4.02245e-06
   7.20137e-09   4.02120e-06
   7.20239e-09   4.01994e-06
   7.20341e-09   4.01868e-06
   7.20443e-09   4.01743e-06
   7.20545e-09   4.01617e-06
   7.20647e-09   4.01490e-06
   7.20749e-09   4.01364e-06
   7.20851e-09   4.01237e-06
   7.20953e-09   4.01110e-06
   7.21055e-09   4.00983e-06
   7.21157e-09   4.00856e-06
   7.21259e-09   4.00729e-06
   7.21361e-09   4.00601e-06
   7.21463e-09   4.00474e-06
   7.21565e-09   4.00346e-06
   7.21667e-09   4.00218e-06
   7.21769e-09   4.00090e-06
   7.21871e-09   3.99962e-06
   7.21973e-09   3.99834e-06
   7.22075e-09   3.99706e-06
   7.22177e-09   3.99578e-06
   7.22279e-09   3.99450e-06
   7.22381e-09   3.99322e-06
   7.22483e-09   3.99193e-06
   7.22585e-09   3.99065e-06
   7.22687e-09   3.98936e-06
   7.22789e-09   3.98808e-06
   7.22891e-09   3.98679e-06
   7.22993e-09   3.98551e-06
   7.23095e-09   3.98423e-06
   7.23197e-09   3.98295e-06
   7.23299e-09   3.98168e-06
   7.23401e-09   3.98040e-06
   7.23503e-09   3.97913e-06
   7.23605e-09   3.97785e-06
   7.23707e-09   3.97658e-06
   7.23809e-09   3.97531e-06
   7.23911e-09   3.97404e-06
   7.24014e-09   3.97277e-06
   7.24116e-09   3.97150e-06
   7.24218e-09   3.97023e-06
   7.24320e-09   3.96896e-06
   7.24422e-09   3.96769e-06
   7.24524e-09   3.96642e-06
   7.24626e-09   3.96516e-06
   7.24728e-09   3.96389e-06
   7.24830e-09   3.96262e-06
   7.24932e-09   3.96136e-06
   7.25034e-09   3.96009e-06
   7.25136e-09   3.95882e-06
   7.25238e-09   3.95756e-06
   7.25340e-09   3.95629e-06
   7.25442e-09   3.95503e-06
   7.25544e-09   3.95377e-06
   7.25646e-09   3.95250e-06
   7.25748e-09   3.95124e-06
   7.25850e-09   3.94997e-06
   7.25952e-09   3.94871e-06
   7.26054e-09   3.94745e-06
   7.26156e-09   3.94619e-06
   7.26258e-09   3.94492e-06
   7.26361e-09   3.94366e-06
   7.26463e-09   3.94240e-06
   7.26565e-09   3.94114e-06
   7.26667e-09   3.93988e-06
   7.26769e-09   3.93862e-06
   7.26871e-09   3.93736e-06
   7.26973e-09   3.93610e-06
   7.27075e-09   3.93484e-06
   7.27177e-09   3.93358e-06
   7.27279e-09   3.93232e-06
   7.27381e-09   3.93106e-06
   7.27483e-09   3.92980e-06
   7.27585e-09   3.92854e-06
   7.27687e-09   3.92728e-06
   7.27789e-09   3.92602e-06
   7.27891e-09   3.92476e-06
   7.27993e-09   3.92350e-06
   7.28095e-09   3.92225e-06
   7.28197e-09   3.92099e-06
   7.28300e-09   3.91973e-06
   7.28402e-09   3.91847e-06
   7.28504e-09   3.91722e-06
   7.28606e-09   3.91596e-06
   7.28708e-09   3.91470e-06
   7.28810e-09   3.91345e-06
   7.28912e-09   3.91219e-06
   7.29014e-09   3.91093e-06
   7.29116e-09   3.90968e-06
   7.29218e-09   3.90842e-06
   7.29320e-09   3.90717e-06
   7.29422e-09   3.90591e-06
   7.29524e-09   3.90466e-06
   7.29626e-09   3.90340e-06
   7.29728e-09   3.90215e-06
   7.29831e-09   3.90089e-06
   7.29933e-09   3.89964e-06
   7.30035e-09   3.89838e-06
   7.30137e-09   3.89713e-06
   7.30239e-09   3.89587e-06
   7.30341e-09   3.89462e-06
   7.30443e-09   3.89337e-06
   7.30545e-09   3.89211e-06
   7.30647e-09   3.89086e-06
   7.30749e-09   3.88961e-06
   7.30851e-09   3.88835e-06
   7.30953e-09   3.88710e-06
   7.31055e-09   3.88585e-06
   7.31157e-09   3.88460e-06
   7.31260e-09   3.88334e-06
   7.31362e-09   3.88209e-06
   7.31464e-09   3.88084e-06
   7.31566e-09   3.87959e-06
   7.31668e-09   3.87834e-06
   7.31770e-09   3.87709e-06
   7.31872e-09   3.87583e-06
   7.31974e-09   3.87458e-06
   7.32076e-09   3.87333e-06
   7.32178e-09   3.87208e-06
   7.32280e-09   3.87083e-06
   7.32382e-09   3.86958e-06
   7.32484e-09   3.86833e-06
   7.32587e-09   3.86708e-06
   7.32689e-09   3.86583e-06
   7.32791e-09   3.86458e-06
   7.32893e-09   3.86333e-06
   7.32995e-09   3.86208e-06
   7.33097e-09   3.86083e-06
   7.33199e-09   3.85958e-06
   7.33301e-09   3.85833e-06
   7.33403e-09   3.85708e-06
   7.33505e-09   3.85584e-06
   7.33607e-09   3.85459e-06
   7.33709e-09   3.85334e-06
   7.33812e-09   3.85209e-06
   7.33914e-09   3.85084e-06
   7.34016e-09   3.84960e-06
   7.34118e-09   3.84835e-06
   7.34220e-09   3.84710e-06
   7.34322e-09   3.84585e-06
   7.34424e-09   3.84461e-06
   7.34526e-09   3.84336e-06
   7.34628e-09   3.84211e-06
   7.34730e-09   3.84086e-06
   7.34833e-09   3.83962e-06
   7.34935e-09   3.83837e-06
   7.35037e-09   3.83712e-06
   7.35139e-09   3.83588e-06
   7.35241e-09   3.83463e-06
   7.35343e-09   3.83339e-06
   7.35445e-09   3.83214e-06
   7.35547e-09   3.83089e-06
   7.35649e-09   3.82965e-06
   7.35751e-09   3.82840e-06
   7.35853e-09   3.82716e-06
   7.35956e-09   3.82591e-06
   7.36058e-09   3.82467e-06
   7.36160e-09   3.82342e-06
   7.36262e-09   3.82218e-06
   7.36364e-09   3.82093e-06
   7.36466e-09   3.81969e-06
   7.36568e-09   3.81845e-06
   7.36670e-09   3.81720e-06
   7.36772e-09   3.81595e-06
   7.36875e-09   3.81470e-06
   7.36977e-09   3.81344e-06
   7.37079e-09   3.81219e-06
   7.37181e-09   3.81093e-06
   7.37283e-09   3.80967e-06
   7.37385e-09   3.80841e-06
   7.37487e-09   3.80715e-06
   7.37589e-09   3.80589e-06
   7.37691e-09   3.80462e-06
   7.37793e-09   3.80336e-06
   7.37896e-09   3.80209e-06
   7.37998e-09   3.80083e-06
   7.38100e-09   3.79956e-06
   7.38202e-09   3.79829e-06
   7.38304e-09   3.79702e-06
   7.38406e-09   3.79575e-06
   7.38508e-09   3.79448e-06
   7.38610e-09   3.79321e-06
   7.38713e-09   3.79194e-06
   7.38815e-09   3.79067e-06
   7.38917e-09   3.78940e-06
   7.39019e-09   3.78812e-06
   7.39121e-09   3.78685e-06
   7.39223e-09   3.78558e-06
   7.39325e-09   3.78431e-06
   7.39427e-09   3.78304e-06
   7.39529e-09   3.78178e-06
   7.39632e-09   3.78052e-06
   7.39734e-09   3.77925e-06
   7.39836e-09   3.77799e-06
   7.39938e-09   3.77673e-06
   7.40040e-09   3.77547e-06
   7.40142e-09   3.77421e-06
   7.40244e-09   3.77295e-06
   7.40346e-09   3.77169e-06
   7.40449e-09   3.77044e-06
   7.40551e-09   3.76918e-06
   7.40653e-09   3.76792e-06
   7.40755e-09   3.76667e-06
   7.40857e-09   3.76541e-06
   7.40959e-09   3.76416e-06
   7.41061e-09   3.76290e-06
   7.41163e-09   3.76165e-06
   7.41266e-09   3.76039e-06
   7.41368e-09   3.75914e-06
   7.41470e-09   3.75789e-06
   7.41572e-09   3.75663e-06
   7.41674e-09   3.75538e-06
   7.41776e-09   3.75413e-06
   7.41878e-09   3.75288e-06
   7.41981e-09   3.75162e-06
   7.42083e-09   3.75037e-06
   7.42185e-09   3.74912e-06
   7.42287e-09   3.74787e-06
   7.42389e-09   3.74662e-06
   7.42491e-09   3.74537e-06
   7.42593e-09   3.74412e-06
   7.42695e-09   3.74287e-06
   7.42798e-09   3.74162e-06
   7.42900e-09   3.74037e-06
   7.43002e-09   3.73912e-06
   7.43104e-09   3.73788e-06
   7.43206e-09   3.73663e-06
   7.43308e-09   3.73538e-06
   7.43410e-09   3.73413e-06
   7.43513e-09   3.73288e-06
   7.43615e-09   3.73164e-06
   7.43717e-09   3.73039e-06
   7.43819e-09   3.72914e-06
   7.43921e-09   3.72790e-06
   7.44023e-09   3.72665e-06
   7.44125e-09   3.72540e-06
   7.44228e-09   3.72416e-06
   7.44330e-09   3.72291e-06
   7.44432e-09   3.72167e-06
   7.44534e-09   3.72042e-06
   7.44636e-09   3.71918e-06
   7.44738e-09   3.71793e-06
   7.44840e-09   3.71669e-06
   7.44943e-09   3.71544e-06
   7.45045e-09   3.71420e-06
   7.45147e-09   3.71295e-06
   7.45249e-09   3.71171e-06
   7.45351e-09   3.71047e-06
   7.45453e-09   3.70922e-06
   7.45556e-09   3.70798e-06
   7.45658e-09   3.70674e-06
   7.45760e-09   3.70549e-06
   7.45862e-09   3.70425e-06
   7.45964e-09   3.70301e-06
   7.46066e-09   3.70177e-06
   7.46168e-09   3.70052e-06
   7.46271e-09   3.69928e-06
   7.46373e-09   3.69804e-06
   7.46475e-09   3.69680e-06
   7.46577e-09   3.69556e-06
   7.46679e-09   3.69431e-06
   7.46781e-09   3.69307e-06
   7.46884e-09   3.69183e-06
   7.46986e-09   3.69059e-06
   7.47088e-09   3.68935e-06
   7.47190e-09   3.68811e-06
   7.47292e-09   3.68687e-06
   7.47394e-09   3.68563e-06
   7.47496e-09   3.68439e-06
   7.47599e-09   3.68315e-06
   7.47701e-09   3.68191e-06
   7.47803e-09   3.68067e-06
   7.47905e-09   3.67943e-06
   7.48007e-09   3.67819e-06
   7.48109e-09   3.67695e-06
   7.48212e-09   3.67572e-06
   7.48314e-09   3.67448e-06
   7.48416e-09   3.67324e-06
   7.48518e-09   3.67200e-06
   7.48620e-09   3.67076e-06
   7.48722e-09   3.66952e-06
   7.48825e-09   3.66829e-06
   7.48927e-09   3.66705e-06
   7.49029e-09   3.66581e-06
   7.49131e-09   3.66457e-06
   7.49233e-09   3.66334e-06
   7.49336e-09   3.66210e-06
   7.49438e-09   3.66086e-06
   7.49540e-09   3.65963e-06
   7.49642e-09   3.65839e-06
   7.49744e-09   3.65715e-06
   7.49846e-09   3.65592e-06
   7.49949e-09   3.65468e-06
   7.50051e-09   3.65345e-06
   7.50153e-09   3.65221e-06
   7.50255e-09   3.65098e-06
   7.50357e-09   3.64974e-06
   7.50459e-09   3.64850e-06
   7.50562e-09   3.64727e-06
   7.50664e-09   3.64603e-06
   7.50766e-09   3.64480e-06
   7.50868e-09   3.64357e-06
   7.50970e-09   3.64233e-06
   7.51073e-09   3.64110e-06
   7.51175e-09   3.63986e-06
   7.51277e-09   3.63863e-06
   7.51379e-09   3.63739e-06
   7.51481e-09   3.63616e-06
   7.51583e-09   3.63493e-06
   7.51686e-09   3.63369e-06
   7.51788e-09   3.63246e-06
   7.51890e-09   3.63123e-06
   7.51992e-09   3.62999e-06
   7.52094e-09   3.62876e-06
   7.52197e-09   3.62753e-06
   7.52299e-09   3.62630e-06
   7.52401e-09   3.62506e-06
   7.52503e-09   3.62383e-06
   7.52605e-09   3.62260e-06
   7.52707e-09   3.62137e-06
   7.52810e-09   3.62014e-06
   7.52912e-09   3.61890e-06
   7.53014e-09   3.61767e-06
   7.53116e-09   3.61643e-06
   7.53218e-09   3.61519e-06
   7.53321e-09   3.61395e-06
   7.53423e-09   3.61271e-06
   7.53525e-09   3.61146e-06
   7.53627e-09   3.61021e-06
   7.53729e-09   3.60897e-06
   7.53832e-09   3.60772e-06
   7.53934e-09   3.60647e-06
   7.54036e-09   3.60521e-06
   7.54138e-09   3.60396e-06
   7.54240e-09   3.60271e-06
   7.54343e-09   3.60146e-06
   7.54445e-09   3.60020e-06
   7.54547e-09   3.59895e-06
   7.54649e-09   3.59769e-06
   7.54751e-09   3.59643e-06
   7.54854e-09   3.59518e-06
   7.54956e-09   3.59392e-06
   7.55058e-09   3.59266e-06
   7.55160e-09   3.59140e-06
   7.55262e-09   3.59014e-06
   7.55365e-09   3.58888e-06
   7.55467e-09   3.58762e-06
   7.55569e-09   3.58635e-06
   7.55671e-09   3.58509e-06
   7.55773e-09   3.58384e-06
   7.55876e-09   3.58258e-06
   7.55978e-09   3.58133e-06
   7.56080e-09   3.58008e-06
   7.56182e-09   3.57883e-06
   7.56284e-09   3.57758e-06
   7.56387e-09   3.57633e-06
   7.56489e-09   3.57508e-06
   7.56591e-09   3.57383e-06
   7.56693e-09   3.57258e-06
   7.56795e-09   3.57134e-06
   7.56898e-09   3.57009e-06
   7.57000e-09   3.56885e-06
   7.57102e-09   3.56760e-06
   7.57204e-09   3.56636e-06
   7.57307e-09   3.56511e-06
   7.57409e-09   3.56387e-06
   7.57511e-09   3.56263e-06
   7.57613e-09   3.56138e-06
   7.57715e-09   3.56014e-06
   7.57818e-09   3.55890e-06
   7.57920e-09   3.55766e-06
   7.58022e-09   3.55642e-06
   7.58124e-09   3.55518e-06
   7.58227e-09   3.55394e-06
   7.58329e-09   3.55270e-06
   7.58431e-09   3.55146e-06
   7.58533e-09   3.55022e-06
   7.58635e-09   3.54898e-06
   7.58738e-09   3.54774e-06
   7.58840e-09   3.54650e-06
   7.58942e-09   3.54526e-06
   7.59044e-09   3.54403e-06
   7.59146e-09   3.54279e-06
   7.59249e-09   3.54155e-06
   7.59351e-09   3.54031e-06
   7.59453e-09   3.53908e-06
   7.59555e-09   3.53784e-06
   7.59658e-09   3.53661e-06
   7.59760e-09   3.53537e-06
   7.59862e-09   3.53413e-06
   7.59964e-09   3.53290e-06
   7.60067e-09   3.53166e-06
   7.60169e-09   3.53043e-06
   7.60271e-09   3.52919e-06
   7.60373e-09   3.52796e-06
   7.60475e-09   3.52672e-06
   7.60578e-09   3.52549e-06
   7.60680e-09   3.52426e-06
   7.60782e-09   3.52302e-06
   7.60884e-09   3.52179e-06
   7.60987e-09   3.52056e-06
   7.61089e-09   3.51932e-06
   7.61191e-09   3.51809e-06
   7.61293e-09   3.51686e-06
   7.61396e-09   3.51562e-06
   7.61498e-09   3.51439e-06
   7.61600e-09   3.51316e-06
   7.61702e-09   3.51193e-06
   7.61804e-09   3.51070e-06
   7.61907e-09   3.50947e-06
   7.62009e-09   3.50823e-06
   7.62111e-09   3.50700e-06
   7.62213e-09   3.50577e-06
   7.62316e-09   3.50454e-06
   7.62418e-09   3.50331e-06
   7.62520e-09   3.50208e-06
   7.62622e-09   3.50085e-06
   7.62725e-09   3.49962e-06
   7.62827e-09   3.49839e-06
   7.62929e-09   3.49716e-06
   7.63031e-09   3.49593e-06
   7.63134e-09   3.49470e-06
   7.63236e-09   3.49347e-06
   7.63338e-09   3.49225e-06
   7.63440e-09   3.49102e-06
   7.63543e-09   3.48979e-06
   7.63645e-09   3.48856e-06
   7.63747e-09   3.48733e-06
   7.63849e-09   3.48610e-06
   7.63952e-09   3.48488e-06
   7.64054e-09   3.48365e-06
   7.64156e-09   3.48242e-06
   7.64258e-09   3.48119e-06
   7.64361e-09   3.47997e-06
   7.64463e-09   3.47874e-06
   7.64565e-09   3.47751e-06
   7.64667e-09   3.47629e-06
   7.64770e-09   3.47506e-06
   7.64872e-09   3.47383e-06
   7.64974e-09   3.47261e-06
   7.65076e-09   3.47138e-06
   7.65179e-09   3.47016e-06
   7.65281e-09   3.46893e-06
   7.65383e-09   3.46771e-06
   7.65485e-09   3.46648e-06
   7.65588e-09   3.46526e-06
   7.65690e-09   3.46403e-06
   7.65792e-09   3.46281e-06
   7.65894e-09   3.46158e-06
   7.65997e-09   3.46036e-06
   7.66099e-09   3.45913e-06
   7.66201e-09   3.45791e-06
   7.66303e-09   3.45668e-06
   7.66406e-09   3.45546e-06
   7.66508e-09   3.45424e-06
   7.66610e-09   3.45301e-06
   7.66712e-09   3.45179e-06
   7.66815e-09   3.45057e-06
   7.66917e-09   3.44934e-06
   7.67019e-09   3.44812e-06
   7.67121e-09   3.44690e-06
   7.67224e-09   3.44568e-06
   7.67326e-09   3.44445e-06
   7.67428e-09   3.44323e-06
   7.67531e-09   3.44201e-06
   7.67633e-09   3.44079e-06
   7.67735e-09   3.43956e-06
   7.67837e-09   3.43834e-06
   7.67940e-09   3.43712e-06
   7.68042e-09   3.43590e-06
   7.68144e-09   3.43468e-06
   7.68246e-09   3.43346e-06
   7.68349e-09   3.43224e-06
   7.68451e-09   3.43102e-06
   7.68553e-09   3.42980e-06
   7.68656e-09   3.42857e-06
   7.68758e-09   3.42735e-06
   7.68860e-09   3.42613e-06
   7.68962e-09   3.42491e-06
   7.69065e-09   3.42369e-06
   7.69167e-09   3.42247e-06
   7.69269e-09   3.42125e-06
   7.69371e-09   3.42004e-06
   7.69474e-09   3.41881e-06
   7.69576e-09   3.41759e-06
   7.69678e-09   3.41636e-06
   7.69781e-09   3.41513e-06
   7.69883e-09   3.41390e-06
   7.69985e-09   3.41267e-06
   7.70087e-09   3.41144e-06
   7.70190e-09   3.41020e-06
   7.70292e-09   3.40896e-06
   7.70394e-09   3.40773e-06
   7.70496e-09   3.40649e-06
   7.70599e-09   3.40525e-06
   7.70701e-09   3.40401e-06
   7.70803e-09   3.40277e-06
   7.70906e-09   3.40153e-06
   7.71008e-09   3.40028e-06
   7.71110e-09   3.39904e-06
   7.71212e-09   3.39779e-06
   7.71315e-09   3.39655e-06
   7.71417e-09   3.39530e-06
   7.71519e-09   3.39406e-06
   7.71622e-09   3.39281e-06
   7.71724e-09   3.39156e-06
   7.71826e-09   3.39032e-06
   7.71928e-09   3.38907e-06
   7.72031e-09   3.38782e-06
   7.72133e-09   3.38657e-06
   7.72235e-09   3.38532e-06
   7.72338e-09   3.38407e-06
   7.72440e-09   3.38282e-06
   7.72542e-09   3.38158e-06
   7.72644e-09   3.38034e-06
   7.72747e-09   3.37910e-06
   7.72849e-09   3.37786e-06
   7.72951e-09   3.37662e-06
   7.73054e-09   3.37539e-06
   7.73156e-09   3.37415e-06
   7.73258e-09   3.37291e-06
   7.73361e-09   3.37168e-06
   7.73463e-09   3.37044e-06
   7.73565e-09   3.36921e-06
   7.73667e-09   3.36798e-06
   7.73770e-09   3.36674e-06
   7.73872e-09   3.36551e-06
   7.73974e-09   3.36428e-06
   7.74077e-09   3.36305e-06
   7.74179e-09   3.36182e-06
   7.74281e-09   3.36059e-06
   7.74384e-09   3.35936e-06
   7.74486e-09   3.35813e-06
   7.74588e-09   3.35690e-06
   7.74690e-09   3.35567e-06
   7.74793e-09   3.35444e-06
   7.74895e-09   3.35321e-06
   7.74997e-09   3.35198e-06
   7.75100e-09   3.35075e-06
   7.75202e-09   3.34953e-06
   7.75304e-09   3.34830e-06
   7.75407e-09   3.34707e-06
   7.75509e-09   3.34585e-06
   7.75611e-09   3.34462e-06
   7.75713e-09   3.34339e-06
   7.75816e-09   3.34217e-06
   7.75918e-09   3.34094e-06
   7.76020e-09   3.33972e-06
   7.76123e-09   3.33849e-06
   7.76225e-09   3.33727e-06
   7.76327e-09   3.33604e-06
   7.76430e-09   3.33482e-06
   7.76532e-09   3.33360e-06
   7.76634e-09   3.33237e-06
   7.76737e-09   3.33115e-06
   7.76839e-09   3.32993e-06
   7.76941e-09   3.32870e-06
   7.77044e-09   3.32748e-06
   7.77146e-09   3.32626e-06
   7.77248e-09   3.32504e-06
   7.77350e-09   3.32381e-06
   7.77453e-09   3.32259e-06
   7.77555e-09   3.32137e-06
   7.77657e-09   3.32015e-06
   7.77760e-09   3.31893e-06
   7.77862e-09   3.31771e-06
   7.77964e-09   3.31649e-06
   7.78067e-09   3.31527e-06
   7.78169e-09   3.31405e-06
   7.78271e-09   3.31283e-06
   7.78374e-09   3.31161e-06
   7.78476e-09   3.31039e-06
   7.78578e-09   3.30917e-06
   7.78681e-09   3.30795e-06
   7.78783e-09   3.30673e-06
   7.78885e-09   3.30551e-06
   7.78988e-09   3.30429e-06
   7.79090e-09   3.30307e-06
   7.79192e-09   3.30186e-06
   7.79295e-09   3.30064e-06
   7.79397e-09   3.29942e-06
   7.79499e-09   3.29820e-06
   7.79602e-09   3.29698e-06
   7.79704e-09   3.29577e-06
   7.79806e-09   3.29455e-06
   7.79909e-09   3.29333e-06
   7.80011e-09   3.29212e-06
   7.80113e-09   3.29090e-06
   7.80215e-09   3.28968e-06
   7.80318e-09   3.28847e-06
   7.80420e-09   3.28725e-06
   7.80522e-09   3.28603e-06
   7.80625e-09   3.28482e-06
   7.80727e-09   3.28360e-06
   7.80829e-09   3.28239e-06
   7.80932e-09   3.28117e-06
   7.81034e-09   3.27996e-06
   7.81136e-09   3.27874e-06
   7.81239e-09   3.27753e-06
   7.81341e-09   3.27631e-06
   7.81443e-09   3.27510e-06
   7.81546e-09   3.27388e-06
   7.81648e-09   3.27267e-06
   7.81750e-09   3.27146e-06
   7.81853e-09   3.27024e-06
   7.81955e-09   3.26903e-06
   7.82058e-09   3.26782e-06
   7.82160e-09   3.26660e-06
   7.82262e-09   3.26539e-06
   7.82365e-09   3.26418e-06
   7.82467e-09   3.26296e-06
   7.82569e-09   3.26175e-06
   7.82672e-09   3.26054e-06
   7.82774e-09   3.25933e-06
   7.82876e-09   3.25811e-06
   7.82979e-09   3.25690e-06
   7.83081e-09   3.25569e-06
   7.83183e-09   3.25448e-06
   7.83286e-09   3.25327e-06
   7.83388e-09   3.25206e-06
   7.83490e-09   3.25084e-06
   7.83593e-09   3.24963e-06
   7.83695e-09   3.24842e-06
   7.83797e-09   3.24721e-06
   7.83900e-09   3.24600e-06
   7.84002e-09   3.24479e-06
   7.84104e-09   3.24358e-06
   7.84207e-09   3.24237e-06
   7.84309e-09   3.24116e-06
   7.84411e-09   3.23995e-06
   7.84514e-09   3.23874e-06
   7.84616e-09   3.23753e-06
   7.84718e-09   3.23632e-06
   7.84821e-09   3.23511e-06
   7.84923e-09   3.23390e-06
   7.85026e-09   3.23269e-06
   7.85128e-09   3.23149e-06
   7.85230e-09   3.23028e-06
   7.85333e-09   3.22907e-06
   7.85435e-09   3.22786e-06
   7.85537e-09   3.22665e-06
   7.85640e-09   3.22544e-06
   7.85742e-09   3.22424e-06
   7.85844e-09   3.22303e-06
   7.85947e-09   3.22182e-06
   7.86049e-09   3.22061e-06
   7.86151e-09   3.21940e-06
   7.86254e-09   3.21819e-06
   7.86356e-09   3.21697e-06
   7.86459e-09   3.21576e-06
   7.86561e-09   3.21454e-06
   7.86663e-09   3.21332e-06
   7.86766e-09   3.21209e-06
   7.86868e-09   3.21087e-06
   7.86970e-09   3.20965e-06
   7.87073e-09   3.20842e-06
   7.87175e-09   3.20720e-06
   7.87277e-09   3.20597e-06
   7.87380e-09   3.20474e-06
   7.87482e-09   3.20351e-06
   7.87585e-09   3.20228e-06
   7.87687e-09   3.20105e-06
   7.87789e-09   3.19982e-06
   7.87892e-09   3.19859e-06
   7.87994e-09   3.19735e-06
   7.88096e-09   3.19612e-06
   7.88199e-09   3.19489e-06
   7.88301e-09   3.19365e-06
   7.88403e-09   3.19242e-06
   7.88506e-09   3.19118e-06
   7.88608e-09   3.18994e-06
   7.88711e-09   3.18871e-06
   7.88813e-09   3.18747e-06
   7.88915e-09   3.18623e-06
   7.89018e-09   3.18499e-06
   7.89120e-09   3.18376e-06
   7.89222e-09   3.18252e-06
   7.89325e-09   3.18129e-06
   7.89427e-09   3.18006e-06
   7.89530e-09   3.17883e-06
   7.89632e-09   3.17760e-06
   7.89734e-09   3.17637e-06
   7.89837e-09   3.17515e-06
   7.89939e-09   3.17392e-06
   7.90041e-09   3.17270e-06
   7.90144e-09   3.17147e-06
   7.90246e-09   3.17025e-06
   7.90349e-09   3.16903e-06
   7.90451e-09   3.16781e-06
   7.90553e-09   3.16658e-06
   7.90656e-09   3.16536e-06
   7.90758e-09   3.16414e-06
   7.90860e-09   3.16292e-06
   7.90963e-09   3.16170e-06
   7.91065e-09   3.16048e-06
   7.91168e-09   3.15927e-06
   7.91270e-09   3.15805e-06
   7.91372e-09   3.15683e-06
   7.91475e-09   3.15561e-06
   7.91577e-09   3.15439e-06
   7.91680e-09   3.15318e-06
   7.91782e-09   3.15196e-06
   7.91884e-09   3.15074e-06
   7.91987e-09   3.14953e-06
   7.92089e-09   3.14831e-06
   7.92192e-09   3.14710e-06
   7.92294e-09   3.14588e-06
   7.92396e-09   3.14467e-06
   7.92499e-09   3.14345e-06
   7.92601e-09   3.14224e-06
   7.92703e-09   3.14103e-06
   7.92806e-09   3.13981e-06
   7.92908e-09   3.13860e-06
   7.93011e-09   3.13739e-06
   7.93113e-09   3.13617e-06
   7.93215e-09   3.13496e-06
   7.93318e-09   3.13375e-06
   7.93420e-09   3.13254e-06
   7.93523e-09   3.13132e-06
   7.93625e-09   3.13011e-06
   7.93727e-09   3.12890e-06
   7.93830e-09   3.12769e-06
   7.93932e-09   3.12648e-06
   7.94035e-09   3.12527e-06
   7.94137e-09   3.12406e-06
   7.94239e-09   3.12285e-06
   7.94342e-09   3.12164e-06
   7.94444e-09   3.12043e-06
   7.94547e-09   3.11922e-06
   7.94649e-09   3.11801e-06
   7.94751e-09   3.11680e-06
   7.94854e-09   3.11559e-06
   7.94956e-09   3.11438e-06
   7.95059e-09   3.11318e-06
   7.95161e-09   3.11197e-06
   7.95263e-09   3.11076e-06
   7.95366e-09   3.10955e-06
   7.95468e-09   3.10834e-06
   7.95571e-09   3.10714e-06
   7.95673e-09   3.10593e-06
   7.95775e-09   3.10472e-06
   7.95878e-09   3.10352e-06
   7.95980e-09   3.10231e-06
   7.96083e-09   3.10110e-06
   7.96185e-09   3.09990e-06
   7.96287e-09   3.09869e-06
   7.96390e-09   3.09748e-06
   7.96492e-09   3.09628e-06
   7.96595e-09   3.09507e-06
   7.96697e-09   3.09387e-06
   7.96799e-09   3.09266e-06
   7.96902e-09   3.09146e-06
   7.97004e-09   3.09025e-06
   7.97107e-09   3.08905e-06
   7.97209e-09   3.08784e-06
   7.97312e-09   3.08664e-06
   7.97414e-09   3.08543e-06
   7.97516e-09   3.08423e-06
   7.97619e-09   3.08303e-06
   7.97721e-09   3.08182e-06
   7.97824e-09   3.08062e-06
   7.97926e-09   3.07942e-06
   7.98028e-09   3.07821e-06
   7.98131e-09   3.07701e-06
   7.98233e-09   3.07581e-06
   7.98336e-09   3.07461e-06
   7.98438e-09   3.07340e-06
   7.98541e-09   3.07220e-06
   7.98643e-09   3.07100e-06
   7.98745e-09   3.06980e-06
   7.98848e-09   3.06860e-06
   7.98950e-09   3.06739e-06
   7.99053e-09   3.06619e-06
   7.99155e-09   3.06499e-06
   7.99257e-09   3.06379e-06
   7.99360e-09   3.06259e-06
   7.99462e-09   3.06139e-06
   7.99565e-09   3.06019e-06
   7.99667e-09   3.05899e-06
   7.99770e-09   3.05779e-06
   7.99872e-09   3.05659e-06
   7.99974e-09   3.05539e-06
   8.00077e-09   3.05419e-06
   8.00179e-09   3.05299e-06
   8.00282e-09   3.05179e-06
   8.00384e-09   3.05059e-06
   8.00487e-09   3.04939e-06
   8.00589e-09   3.04819e-06
   8.00691e-09   3.04699e-06
   8.00794e-09   3.04579e-06
   8.00896e-09   3.04459e-06
   8.00999e-09   3.04340e-06
   8.01101e-09   3.04220e-06
   8.01204e-09   3.04100e-06
   8.01306e-09   3.03980e-06
   8.01408e-09   3.03860e-06
   8.01511e-09   3.03741e-06
   8.01613e-09   3.03621e-06
   8.01716e-09   3.03501e-06
   8.01818e-09   3.03381e-06
   8.01921e-09   3.03262e-06
   8.02023e-09   3.03142e-06
   8.02125e-09   3.03022e-06
   8.02228e-09   3.02903e-06
   8.02330e-09   3.02783e-06
   8.02433e-09   3.02663e-06
   8.02535e-09   3.02544e-06
   8.02638e-09   3.02424e-06
   8.02740e-09   3.02304e-06
   8.02843e-09   3.02185e-06
   8.02945e-09   3.02065e-06
   8.03047e-09   3.01945e-06
   8.03150e-09   3.01825e-06
   8.03252e-09   3.01704e-06
   8.03355e-09   3.01584e-06
   8.03457e-09   3.01463e-06
   8.03560e-09   3.01342e-06
   8.03662e-09   3.01221e-06
   8.03765e-09   3.01100e-06
   8.03867e-09   3.00978e-06
   8.03969e-09   3.00857e-06
   8.04072e-09   3.00735e-06
   8.04174e-09   3.00614e-06
   8.04277e-09   3.00492e-06
   8.04379e-09   3.00370e-06
   8.04482e-09   3.00249e-06
   8.04584e-09   3.00127e-06
   8.04687e-09   3.00005e-06
   8.04789e-09   2.99883e-06
   8.04891e-09   2.99761e-06
   8.04994e-09   2.99638e-06
   8.05096e-09   2.99516e-06
   8.05199e-09   2.99394e-06
   8.05301e-09   2.99272e-06
   8.05404e-09   2.99149e-06
   8.05506e-09   2.99027e-06
   8.05609e-09   2.98904e-06
   8.05711e-09   2.98782e-06
   8.05814e-09   2.98659e-06
   8.05916e-09   2.98536e-06
   8.06018e-09   2.98413e-06
   8.06121e-09   2.98291e-06
   8.06223e-09   2.98168e-06
   8.06326e-09   2.98046e-06
   8.06428e-09   2.97924e-06
   8.06531e-09   2.97803e-06
   8.06633e-09   2.97681e-06
   8.06736e-09   2.97559e-06
   8.06838e-09   2.97438e-06
   8.06941e-09   2.97317e-06
   8.07043e-09   2.97195e-06
   8.07145e-09   2.97074e-06
   8.07248e-09   2.96953e-06
   8.07350e-09   2.96832e-06
   8.07453e-09   2.96711e-06
   8.07555e-09   2.96590e-06
   8.07658e-09   2.96469e-06
   8.07760e-09   2.96348e-06
   8.07863e-09   2.96227e-06
   8.07965e-09   2.96106e-06
   8.08068e-09   2.95985e-06
   8.08170e-09   2.95865e-06
   8.08273e-09   2.95744e-06
   8.08375e-09   2.95623e-06
   8.08477e-09   2.95503e-06
   8.08580e-09   2.95382e-06
   8.08682e-09   2.95261e-06
   8.08785e-09   2.95141e-06
   8.08887e-09   2.95020e-06
   8.08990e-09   2.94900e-06
   8.09092e-09   2.94780e-06
   8.09195e-09   2.94659e-06
   8.09297e-09   2.94539e-06
   8.09400e-09   2.94418e-06
   8.09502e-09   2.94298e-06
   8.09605e-09   2.94178e-06
   8.09707e-09   2.94058e-06
   8.09810e-09   2.93937e-06
   8.09912e-09   2.93817e-06
   8.10015e-09   2.93697e-06
   8.10117e-09   2.93577e-06
   8.10219e-09   2.93457e-06
   8.10322e-09   2.93337e-06
   8.10424e-09   2.93217e-06
   8.10527e-09   2.93097e-06
   8.10629e-09   2.92977e-06
   8.10732e-09   2.92857e-06
   8.10834e-09   2.92737e-06
   8.10937e-09   2.92617e-06
   8.11039e-09   2.92497e-06
   8.11142e-09   2.92377e-06
   8.11244e-09   2.92257e-06
   8.11347e-09   2.92137e-06
   8.11449e-09   2.92018e-06
   8.11552e-09   2.91898e-06
   8.11654e-09   2.91778e-06
   8.11757e-09   2.91658e-06
   8.11859e-09   2.91538e-06
   8.11962e-09   2.91419e-06
   8.12064e-09   2.91299e-06
   8.12167e-09   2.91179e-06
   8.12269e-09   2.91060e-06
   8.12372e-09   2.90940e-06
   8.12474e-09   2.90820e-06
   8.12577e-09   2.90701e-06
   8.12679e-09   2.90581e-06
   8.12781e-09   2.90462e-06
   8.12884e-09   2.90342e-06
   8.12986e-09   2.90223e-06
   8.13089e-09   2.90103e-06
   8.13191e-09   2.89984e-06
   8.13294e-09   2.89864e-06
   8.13396e-09   2.89745e-06
   8.13499e-09   2.89625e-06
   8.13601e-09   2.89506e-06
   8.13704e-09   2.89387e-06
   8.13806e-09   2.89267e-06
   8.13909e-09   2.89148e-06
   8.14011e-09   2.89029e-06
   8.14114e-09   2.88909e-06
   8.14216e-09   2.88790e-06
   8.14319e-09   2.88671e-06
   8.14421e-09   2.88551e-06
   8.14524e-09   2.88432e-06
   8.14626e-09   2.88313e-06
   8.14729e-09   2.88194e-06
   8.14831e-09   2.88075e-06
   8.14934e-09   2.87955e-06
   8.15036e-09   2.87836e-06
   8.15139e-09   2.87717e-06
   8.15241e-09   2.87598e-06
   8.15344e-09   2.87479e-06
   8.15446e-09   2.87360e-06
   8.15549e-09   2.87241e-06
   8.15651e-09   2.87122e-06
   8.15754e-09   2.87003e-06
   8.15856e-09   2.86884e-06
   8.15959e-09   2.86765e-06
   8.16061e-09   2.86646e-06
   8.16164e-09   2.86527e-06
   8.16266e-09   2.86408e-06
   8.16369e-09   2.86289e-06
   8.16471e-09   2.86170e-06
   8.16574e-09   2.86051e-06
   8.16676e-09   2.85932e-06
   8.16779e-09   2.85813e-06
   8.16881e-09   2.85694e-06
   8.16984e-09   2.85575e-06
   8.17086e-09   2.85457e-06
   8.17189e-09   2.85338e-06
   8.17291e-09   2.85219e-06
   8.17394e-09   2.85100e-06
   8.17496e-09   2.84981e-06
   8.17599e-09   2.84863e-06
   8.17701e-09   2.84744e-06
   8.17804e-09   2.84625e-06
   8.17906e-09   2.84506e-06
   8.18009e-09   2.84388e-06
   8.18111e-09   2.84269e-06
   8.18214e-09   2.84150e-06
   8.18316e-09   2.84032e-06
   8.18419e-09   2.83913e-06
   8.18521e-09   2.83795e-06
   8.18624e-09   2.83676e-06
   8.18726e-09   2.83557e-06
   8.18829e-09   2.83439e-06
   8.18932e-09   2.83320e-06
   8.19034e-09   2.83202e-06
   8.19137e-09   2.83083e-06
   8.19239e-09   2.82965e-06
   8.19342e-09   2.82846e-06
   8.19444e-09   2.82728e-06
   8.19547e-09   2.82609e-06
   8.19649e-09   2.82491e-06
   8.19752e-09   2.82372e-06
   8.19854e-09   2.82254e-06
   8.19957e-09   2.82135e-06
   8.20059e-09   2.82017e-06
   8.20162e-09   2.81897e-06
   8.20264e-09   2.81778e-06
   8.20367e-09   2.81658e-06
   8.20469e-09   2.81539e-06
   8.20572e-09   2.81419e-06
   8.20674e-09   2.81299e-06
   8.20777e-09   2.81179e-06
   8.20879e-09   2.81059e-06
   8.20982e-09   2.80939e-06
   8.21084e-09   2.80818e-06
   8.21187e-09   2.80698e-06
   8.21289e-09   2.80577e-06
   8.21392e-09   2.80457e-06
   8.21495e-09   2.80336e-06
   8.21597e-09   2.80215e-06
   8.21700e-09   2.80095e-06
   8.21802e-09   2.79974e-06
   8.21905e-09   2.79853e-06
   8.22007e-09   2.79732e-06
   8.22110e-09   2.79611e-06
   8.22212e-09   2.79490e-06
   8.22315e-09   2.79369e-06
   8.22417e-09   2.79247e-06
   8.22520e-09   2.79126e-06
   8.22622e-09   2.79005e-06
   8.22725e-09   2.78883e-06
   8.22827e-09   2.78762e-06
   8.22930e-09   2.78640e-06
   8.23033e-09   2.78519e-06
   8.23135e-09   2.78397e-06
   8.23238e-09   2.78276e-06
   8.23340e-09   2.78154e-06
   8.23443e-09   2.78033e-06
   8.23545e-09   2.77912e-06
   8.23648e-09   2.77791e-06
   8.23750e-09   2.77671e-06
   8.23853e-09   2.77550e-06
   8.23955e-09   2.77430e-06
   8.24058e-09   2.77310e-06
   8.24160e-09   2.77189e-06
   8.24263e-09   2.77069e-06
   8.24365e-09   2.76949e-06
   8.24468e-09   2.76829e-06
   8.24571e-09   2.76709e-06
   8.24673e-09   2.76589e-06
   8.24776e-09   2.76469e-06
   8.24878e-09   2.76349e-06
   8.24981e-09   2.76230e-06
   8.25083e-09   2.76110e-06
   8.25186e-09   2.75990e-06
   8.25288e-09   2.75871e-06
   8.25391e-09   2.75751e-06
   8.25493e-09   2.75631e-06
   8.25596e-09   2.75512e-06
   8.25699e-09   2.75392e-06
   8.25801e-09   2.75273e-06
   8.25904e-09   2.75154e-06
   8.26006e-09   2.75034e-06
   8.26109e-09   2.74915e-06
   8.26211e-09   2.74796e-06
   8.26314e-09   2.74676e-06
   8.26416e-09   2.74557e-06
   8.26519e-09   2.74438e-06
   8.26621e-09   2.74319e-06
   8.26724e-09   2.74199e-06
   8.26827e-09   2.74080e-06
   8.26929e-09   2.73961e-06
   8.27032e-09   2.73842e-06
   8.27134e-09   2.73723e-06
   8.27237e-09   2.73604e-06
   8.27339e-09   2.73485e-06
   8.27442e-09   2.73366e-06
   8.27544e-09   2.73247e-06
   8.27647e-09   2.73128e-06
   8.27750e-09   2.73009e-06
   8.27852e-09   2.72890e-06
   8.27955e-09   2.72772e-06
   8.28057e-09   2.72653e-06
   8.28160e-09   2.72534e-06
   8.28262e-09   2.72415e-06
   8.28365e-09   2.72296e-06
   8.28467e-09   2.72178e-06
   8.28570e-09   2.72059e-06
   8.28673e-09   2.71940e-06
   8.28775e-09   2.71822e-06
   8.28878e-09   2.71703e-06
   8.28980e-09   2.71584e-06
   8.29083e-09   2.71466e-06
   8.29185e-09   2.71347e-06
   8.29288e-09   2.71229e-06
   8.29391e-09   2.71110e-06
   8.29493e-09   2.70992e-06
   8.29596e-09   2.70873e-06
   8.29698e-09   2.70755e-06
   8.29801e-09   2.70636e-06
   8.29903e-09   2.70518e-06
   8.30006e-09   2.70399e-06
   8.30108e-09   2.70281e-06
   8.30211e-09   2.70163e-06
   8.30314e-09   2.70044e-06
   8.30416e-09   2.69926e-06
   8.30519e-09   2.69808e-06
   8.30621e-09   2.69689e-06
   8.30724e-09   2.69571e-06
   8.30826e-09   2.69453e-06
   8.30929e-09   2.69334e-06
   8.31032e-09   2.69216e-06
   8.31134e-09   2.69098e-06
   8.31237e-09   2.68980e-06
   8.31339e-09   2.68862e-06
   8.31442e-09   2.68743e-06
   8.31544e-09   2.68625e-06
   8.31647e-09   2.68507e-06
   8.31750e-09   2.68389e-06
   8.31852e-09   2.68271e-06
   8.31955e-09   2.68153e-06
   8.32057e-09   2.68035e-06
   8.32160e-09   2.67917e-06
   8.32262e-09   2.67799e-06
   8.32365e-09   2.67681e-06
   8.32468e-09   2.67563e-06
   8.32570e-09   2.67445e-06
   8.32673e-09   2.67327e-06
   8.32775e-09   2.67209e-06
   8.32878e-09   2.67091e-06
   8.32981e-09   2.66973e-06
   8.33083e-09   2.66855e-06
   8.33186e-09   2.66737e-06
   8.33288e-09   2.66620e-06
   8.33391e-09   2.66502e-06
   8.33493e-09   2.66384e-06
   8.33596e-09   2.66266e-06
   8.33699e-09   2.66148e-06
   8.33801e-09   2.66031e-06
   8.33904e-09   2.65913e-06
   8.34006e-09   2.65795e-06
   8.34109e-09   2.65677e-06
   8.34211e-09   2.65560e-06
   8.34314e-09   2.65442e-06
   8.34417e-09   2.65324e-06
   8.34519e-09   2.65207e-06
   8.34622e-09   2.65089e-06
   8.34724e-09   2.64971e-06
   8.34827e-09   2.64854e-06
   8.34930e-09   2.64736e-06
   8.35032e-09   2.64619e-06
   8.35135e-09   2.64501e-06
   8.35237e-09   2.64383e-06
   8.35340e-09   2.64266e-06
   8.35443e-09   2.64148e-06
   8.35545e-09   2.64031e-06
   8.35648e-09   2.63913e-06
   8.35750e-09   2.63796e-06
   8.35853e-09   2.63678e-06
   8.35956e-09   2.63561e-06
   8.36058e-09   2.63444e-06
   8.36161e-09   2.63326e-06
   8.36263e-09   2.63209e-06
   8.36366e-09   2.63091e-06
   8.36468e-09   2.62974e-06
   8.36571e-09   2.62857e-06
   8.36674e-09   2.62739e-06
   8.36776e-09   2.62622e-06
   8.36879e-09   2.62505e-06
   8.36981e-09   2.62387e-06
   8.37084e-09   2.62270e-06
   8.37187e-09   2.62152e-06
   8.37289e-09   2.62035e-06
   8.37392e-09   2.61916e-06
   8.37494e-09   2.61798e-06
   8.37597e-09   2.61680e-06
   8.37700e-09   2.61561e-06
   8.37802e-09   2.61442e-06
   8.37905e-09   2.61324e-06
   8.38007e-09   2.61205e-06
   8.38110e-09   2.61086e-06
   8.38213e-09   2.60966e-06
   8.38315e-09   2.60847e-06
   8.38418e-09   2.60728e-06
   8.38520e-09   2.60609e-06
   8.38623e-09   2.60489e-06
   8.38726e-09   2.60370e-06
   8.38828e-09   2.60250e-06
   8.38931e-09   2.60130e-06
   8.39034e-09   2.60010e-06
   8.39136e-09   2.59891e-06
   8.39239e-09   2.59771e-06
   8.39341e-09   2.59651e-06
   8.39444e-09   2.59531e-06
   8.39547e-09   2.59411e-06
   8.39649e-09   2.59291e-06
   8.39752e-09   2.59171e-06
   8.39854e-09   2.59050e-06
   8.39957e-09   2.58930e-06
   8.40060e-09   2.58810e-06
   8.40162e-09   2.58689e-06
   8.40265e-09   2.58569e-06
   8.40367e-09   2.58449e-06
   8.40470e-09   2.58328e-06
   8.40573e-09   2.58208e-06
   8.40675e-09   2.58087e-06
   8.40778e-09   2.57967e-06
   8.40880e-09   2.57847e-06
   8.40983e-09   2.57728e-06
   8.41086e-09   2.57608e-06
   8.41188e-09   2.57489e-06
   8.41291e-09   2.57370e-06
   8.41394e-09   2.57250e-06
   8.41496e-09   2.57131e-06
   8.41599e-09   2.57012e-06
   8.41701e-09   2.56893e-06
   8.41804e-09   2.56774e-06
   8.41907e-09   2.56655e-06
   8.42009e-09   2.56536e-06
   8.42112e-09   2.56418e-06
   8.42215e-09   2.56299e-06
   8.42317e-09   2.56180e-06
   8.42420e-09   2.56061e-06
   8.42522e-09   2.55943e-06
   8.42625e-09   2.55824e-06
   8.42728e-09   2.55706e-06
   8.42830e-09   2.55587e-06
   8.42933e-09   2.55469e-06
   8.43036e-09   2.55351e-06
   8.43138e-09   2.55232e-06
   8.43241e-09   2.55114e-06
   8.43343e-09   2.54996e-06
   8.43446e-09   2.54877e-06
   8.43549e-09   2.54759e-06
   8.43651e-09   2.54641e-06
   8.43754e-09   2.54523e-06
   8.43857e-09   2.54405e-06
   8.43959e-09   2.54287e-06
   8.44062e-09   2.54169e-06
   8.44164e-09   2.54050e-06
   8.44267e-09   2.53932e-06
   8.44370e-09   2.53814e-06
   8.44472e-09   2.53697e-06
   8.44575e-09   2.53579e-06
   8.44678e-09   2.53461e-06
   8.44780e-09   2.53343e-06
   8.44883e-09   2.53225e-06
   8.44985e-09   2.53107e-06
   8.45088e-09   2.52989e-06
   8.45191e-09   2.52872e-06
   8.45293e-09   2.52754e-06
   8.45396e-09   2.52636e-06
   8.45499e-09   2.52518e-06
   8.45601e-09   2.52401e-06
   8.45704e-09   2.52283e-06
   8.45807e-09   2.52165e-06
   8.45909e-09   2.52048e-06
   8.46012e-09   2.51930e-06
   8.46114e-09   2.51813e-06
   8.46217e-09   2.51695e-06
   8.46320e-09   2.51578e-06
   8.46422e-09   2.51460e-06
   8.46525e-09   2.51343e-06
   8.46628e-09   2.51225e-06
   8.46730e-09   2.51108e-06
   8.46833e-09   2.50990e-06
   8.46936e-09   2.50873e-06
   8.47038e-09   2.50756e-06
   8.47141e-09   2.50638e-06
   8.47243e-09   2.50521e-06
   8.47346e-09   2.50404e-06
   8.47449e-09   2.50286e-06
   8.47551e-09   2.50169e-06
   8.47654e-09   2.50052e-06
   8.47757e-09   2.49935e-06
   8.47859e-09   2.49817e-06
   8.47962e-09   2.49700e-06
   8.48065e-09   2.49583e-06
   8.48167e-09   2.49466e-06
   8.48270e-09   2.49349e-06
   8.48373e-09   2.49232e-06
   8.48475e-09   2.49114e-06
   8.48578e-09   2.48997e-06
   8.48681e-09   2.48880e-06
   8.48783e-09   2.48763e-06
   8.48886e-09   2.48646e-06
   8.48988e-09   2.48529e-06
   8.49091e-09   2.48412e-06
   8.49194e-09   2.48295e-06
   8.49296e-09   2.48178e-06
   8.49399e-09   2.48061e-06
   8.49502e-09   2.47944e-06
   8.49604e-09   2.47827e-06
   8.49707e-09   2.47711e-06
   8.49810e-09   2.47594e-06
   8.49912e-09   2.47477e-06
   8.50015e-09   2.47360e-06
   8.50118e-09   2.47243e-06
   8.50220e-09   2.47126e-06
   8.50323e-09   2.47010e-06
   8.50426e-09   2.46893e-06
   8.50528e-09   2.46776e-06
   8.50631e-09   2.46659e-06
   8.50734e-09   2.46543e-06
   8.50836e-09   2.46426e-06
   8.50939e-09   2.46309e-06
   8.51042e-09   2.46192e-06
   8.51144e-09   2.46076e-06
   8.51247e-09   2.45959e-06
   8.51350e-09   2.45843e-06
   8.51452e-09   2.45726e-06
   8.51555e-09   2.45609e-06
   8.51658e-09   2.45493e-06
   8.51760e-09   2.45376e-06
   8.51863e-09   2.45260e-06
   8.51966e-09   2.45143e-06
   8.52068e-09   2.45027e-06
   8.52171e-09   2.44910e-06
   8.52274e-09   2.44794e-06
   8.52376e-09   2.44677e-06
   8.52479e-09   2.44561e-06
   8.52582e-09   2.44444e-06
   8.52684e-09   2.44328e-06
   8.52787e-09   2.44211e-06
   8.52890e-09   2.44095e-06
   8.52992e-09   2.43979e-06
   8.53095e-09   2.43862e-06
   8.53198e-09   2.43746e-06
   8.53300e-09   2.43629e-06
   8.53403e-09   2.43513e-06
   8.53506e-09   2.43397e-06
   8.53608e-09   2.43281e-06
   8.53711e-09   2.43164e-06
   8.53814e-09   2.43048e-06
   8.53916e-09   2.42932e-06
   8.54019e-09   2.42816e-06
   8.54122e-09   2.42699e-06
   8.54224e-09   2.42583e-06
   8.54327e-09   2.42467e-06
   8.54430e-09   2.42351e-06
   8.54532e-09   2.42234e-06
   8.54635e-09   2.42118e-06
   8.54738e-09   2.42001e-06
   8.54840e-09   2.41883e-06
   8.54943e-09   2.41766e-06
   8.55046e-09   2.41649e-06
   8.55148e-09   2.41531e-06
   8.55251e-09   2.41413e-06
   8.55354e-09   2.41296e-06
   8.55456e-09   2.41178e-06
   8.55559e-09   2.41060e-06
   8.55662e-09   2.40942e-06
   8.55764e-09   2.40823e-06
   8.55867e-09   2.40705e-06
   8.55970e-09   2.40587e-06
   8.56072e-09   2.40468e-06
   8.56175e-09   2.40350e-06
   8.56278e-09   2.40231e-06
   8.56381e-09   2.40113e-06
   8.56483e-09   2.39994e-06
   8.56586e-09   2.39875e-06
   8.56689e-09   2.39757e-06
   8.56791e-09   2.39638e-06
   8.56894e-09   2.39519e-06
   8.56997e-09   2.39400e-06
   8.57099e-09   2.39281e-06
   8.57202e-09   2.39162e-06
   8.57305e-09   2.39043e-06
   8.57407e-09   2.38924e-06
   8.57510e-09   2.38804e-06
   8.57613e-09   2.38685e-06
   8.57715e-09   2.38566e-06
   8.57818e-09   2.38446e-06
   8.57921e-09   2.38327e-06
   8.58024e-09   2.38208e-06
   8.58126e-09   2.38088e-06
   8.58229e-09   2.37969e-06
   8.58332e-09   2.37850e-06
   8.58434e-09   2.37732e-06
   8.58537e-09   2.37613e-06
   8.58640e-09   2.37495e-06
   8.58742e-09   2.37376e-06
   8.58845e-09   2.37258e-06
   8.58948e-09   2.37140e-06
   8.59050e-09   2.37022e-06
   8.59153e-09   2.36904e-06
   8.59256e-09   2.36786e-06
   8.59359e-09   2.36668e-06
   8.59461e-09   2.36550e-06
   8.59564e-09   2.36433e-06
   8.59667e-09   2.36315e-06
   8.59769e-09   2.36197e-06
   8.59872e-09   2.36080e-06
   8.59975e-09   2.35962e-06
   8.60077e-09   2.35845e-06
   8.60180e-09   2.35727e-06
   8.60283e-09   2.35610e-06
   8.60386e-09   2.35492e-06
   8.60488e-09   2.35375e-06
   8.60591e-09   2.35258e-06
   8.60694e-09   2.35140e-06
   8.60796e-09   2.35023e-06
   8.60899e-09   2.34906e-06
   8.61002e-09   2.34789e-06
   8.61104e-09   2.34672e-06
   8.61207e-09   2.34555e-06
   8.61310e-09   2.34438e-06
   8.61413e-09   2.34321e-06
   8.61515e-09   2.34204e-06
   8.61618e-09   2.34087e-06
   8.61721e-09   2.33970e-06
   8.61823e-09   2.33853e-06
   8.61926e-09   2.33736e-06
   8.62029e-09   2.33619e-06
   8.62131e-09   2.33502e-06
   8.62234e-09   2.33385e-06
   8.62337e-09   2.33269e-06
   8.62440e-09   2.33152e-06
   8.62542e-09   2.33035e-06
   8.62645e-09   2.32918e-06
   8.62748e-09   2.32802e-06
   8.62850e-09   2.32685e-06
   8.62953e-09   2.32568e-06
   8.63056e-09   2.32452e-06
   8.63159e-09   2.32335e-06
   8.63261e-09   2.32219e-06
   8.63364e-09   2.32102e-06
   8.63467e-09   2.31986e-06
   8.63569e-09   2.31869e-06
   8.63672e-09   2.31753e-06
   8.63775e-09   2.31636e-06
   8.63878e-09   2.31520e-06
   8.63980e-09   2.31403e-06
   8.64083e-09   2.31287e-06
   8.64186e-09   2.31171e-06
   8.64288e-09   2.31054e-06
   8.64391e-09   2.30938e-06
   8.64494e-09   2.30822e-06
   8.64597e-09   2.30705e-06
   8.64699e-09   2.30589e-06
   8.64802e-09   2.30473e-06
   8.64905e-09   2.30357e-06
   8.65007e-09   2.30240e-06
   8.65110e-09   2.30124e-06
   8.65213e-09   2.30008e-06
   8.65316e-09   2.29892e-06
   8.65418e-09   2.29776e-06
   8.65521e-09   2.29660e-06
   8.65624e-09   2.29544e-06
   8.65727e-09   2.29428e-06
   8.65829e-09   2.29312e-06
   8.65932e-09   2.29196e-06
   8.66035e-09   2.29080e-06
   8.66137e-09   2.28964e-06
   8.66240e-09   2.28848e-06
   8.66343e-09   2.28732e-06
   8.66446e-09   2.28616e-06
   8.66548e-09   2.28500e-06
   8.66651e-09   2.28384e-06
   8.66754e-09   2.28268e-06
   8.66857e-09   2.28152e-06
   8.66959e-09   2.28036e-06
   8.67062e-09   2.27920e-06
   8.67165e-09   2.27805e-06
   8.67267e-09   2.27689e-06
   8.67370e-09   2.27573e-06
   8.67473e-09   2.27457e-06
   8.67576e-09   2.27341e-06
   8.67678e-09   2.27226e-06
   8.67781e-09   2.27110e-06
   8.67884e-09   2.26994e-06
   8.67987e-09   2.26879e-06
   8.68089e-09   2.26763e-06
   8.68192e-09   2.26647e-06
   8.68295e-09   2.26532e-06
   8.68397e-09   2.26416e-06
   8.68500e-09   2.26300e-06
   8.68603e-09   2.26185e-06
   8.68706e-09   2.26069e-06
   8.68808e-09   2.25954e-06
   8.68911e-09   2.25838e-06
   8.69014e-09   2.25723e-06
   8.69117e-09   2.25607e-06
   8.69219e-09   2.25492e-06
   8.69322e-09   2.25376e-06
   8.69425e-09   2.25261e-06
   8.69528e-09   2.25145e-06
   8.69630e-09   2.25030e-06
   8.69733e-09   2.24915e-06
   8.69836e-09   2.24799e-06
   8.69939e-09   2.24684e-06
   8.70041e-09   2.24568e-06
   8.70144e-09   2.24453e-06
   8.70247e-09   2.24338e-06
   8.70350e-09   2.24222e-06
   8.70452e-09   2.24107e-06
   8.70555e-09   2.23992e-06
   8.70658e-09   2.23876e-06
   8.70761e-09   2.23761e-06
   8.70863e-09   2.23646e-06
   8.70966e-09   2.23531e-06
   8.71069e-09   2.23416e-06
   8.71171e-09   2.23300e-06
   8.71274e-09   2.23185e-06
   8.71377e-09   2.23070e-06
   8.71480e-09   2.22955e-06
   8.71582e-09   2.22840e-06
   8.71685e-09   2.22725e-06
   8.71788e-09   2.22609e-06
   8.71891e-09   2.22494e-06
   8.71993e-09   2.22379e-06
   8.72096e-09   2.22264e-06
   8.72199e-09   2.22148e-06
   8.72302e-09   2.22032e-06
   8.72404e-09   2.21916e-06
   8.72507e-09   2.21800e-06
   8.72610e-09   2.21683e-06
   8.72713e-09   2.21567e-06
   8.72816e-09   2.21450e-06
   8.72918e-09   2.21333e-06
   8.73021e-09   2.21216e-06
   8.73124e-09   2.21100e-06
   8.73227e-09   2.20983e-06
   8.73329e-09   2.20865e-06
   8.73432e-09   2.20748e-06
   8.73535e-09   2.20631e-06
   8.73638e-09   2.20514e-06
   8.73740e-09   2.20396e-06
   8.73843e-09   2.20279e-06
   8.73946e-09   2.20161e-06
   8.74049e-09   2.20044e-06
   8.74151e-09   2.19926e-06
   8.74254e-09   2.19808e-06
   8.74357e-09   2.19691e-06
   8.74460e-09   2.19573e-06
   8.74562e-09   2.19455e-06
   8.74665e-09   2.19337e-06
   8.74768e-09   2.19219e-06
   8.74871e-09   2.19101e-06
   8.74973e-09   2.18983e-06
   8.75076e-09   2.18865e-06
   8.75179e-09   2.18747e-06
   8.75282e-09   2.18629e-06
   8.75384e-09   2.18510e-06
   8.75487e-09   2.18392e-06
   8.75590e-09   2.18274e-06
   8.75693e-09   2.18155e-06
   8.75796e-09   2.18037e-06
   8.75898e-09   2.17919e-06
   8.76001e-09   2.17801e-06
   8.76104e-09   2.17683e-06
   8.76207e-09   2.17566e-06
   8.76309e-09   2.17449e-06
   8.76412e-09   2.17331e-06
   8.76515e-09   2.17214e-06
   8.76618e-09   2.17097e-06
   8.76720e-09   2.16980e-06
   8.76823e-09   2.16863e-06
   8.76926e-09   2.16746e-06
   8.77029e-09   2.16629e-06
   8.77132e-09   2.16513e-06
   8.77234e-09   2.16396e-06
   8.77337e-09   2.16279e-06
   8.77440e-09   2.16163e-06
   8.77543e-09   2.16046e-06
   8.77645e-09   2.15930e-06
   8.77748e-09   2.15813e-06
   8.77851e-09   2.15697e-06
   8.77954e-09   2.15580e-06
   8.78057e-09   2.15464e-06
   8.78159e-09   2.15348e-06
   8.78262e-09   2.15232e-06
   8.78365e-09   2.15115e-06
   8.78468e-09   2.14999e-06
   8.78570e-09   2.14883e-06
   8.78670e-09   2.14770e-06
   8.78770e-09   2.14657e-06
   8.78870e-09   2.14544e-06
   8.78970e-09   2.14431e-06
   8.79070e-09   2.14318e-06
   8.79170e-09   2.14206e-06
   8.79270e-09   2.14093e-06
   8.79370e-09   2.13980e-06
   8.79470e-09   2.13867e-06
   8.79570e-09   2.13755e-06
   8.79670e-09   2.13642e-06
   8.79770e-09   2.13529e-06
   8.79870e-09   2.13417e-06
   8.79970e-09   2.13304e-06
   8.80070e-09   2.13192e-06
   8.80170e-09   2.13079e-06
   8.80270e-09   2.12966e-06
   8.80370e-09   2.12854e-06
   8.80470e-09   2.12741e-06
   8.80570e-09   2.12629e-06
   8.80670e-09   2.12517e-06
   8.80770e-09   2.12404e-06
   8.80871e-09   2.12292e-06
   8.80971e-09   2.12179e-06
   8.81071e-09   2.12067e-06
   8.81171e-09   2.11955e-06
   8.81271e-09   2.11842e-06
   8.81371e-09   2.11730e-06
   8.81471e-09   2.11618e-06
   8.81571e-09   2.11506e-06
   8.81671e-09   2.11393e-06
   8.81771e-09   2.11281e-06
   8.81871e-09   2.11169e-06
   8.81971e-09   2.11057e-06
   8.82071e-09   2.10945e-06
   8.82171e-09   2.10833e-06
   8.82271e-09   2.10720e-06
   8.82371e-09   2.10608e-06
   8.82471e-09   2.10496e-06
   8.82571e-09   2.10384e-06
   8.82671e-09   2.10272e-06
   8.82771e-09   2.10160e-06
   8.82871e-09   2.10048e-06
   8.82971e-09   2.09936e-06
   8.83071e-09   2.09824e-06
   8.83171e-09   2.09712e-06
   8.83271e-09   2.09600e-06
   8.83371e-09   2.09489e-06
   8.83471e-09   2.09377e-06
   8.83571e-09   2.09265e-06
   8.83671e-09   2.09153e-06
   8.83771e-09   2.09041e-06
   8.83871e-09   2.08929e-06
   8.83971e-09   2.08818e-06
   8.84071e-09   2.08706e-06
   8.84171e-09   2.08594e-06
   8.84271e-09   2.08482e-06
   8.84371e-09   2.08371e-06
   8.84471e-09   2.08259e-06
   8.84571e-09   2.08147e-06
   8.84671e-09   2.08035e-06
   8.84771e-09   2.07924e-06
   8.84871e-09   2.07812e-06
   8.84971e-09   2.07701e-06
   8.85071e-09   2.07589e-06
   8.85171e-09   2.07477e-06
   8.85271e-09   2.07366e-06
   8.85371e-09   2.07254e-06
   8.85471e-09   2.07143e-06
   8.85571e-09   2.07031e-06
   8.85671e-09   2.06920e-06
   8.85771e-09   2.06808e-06
   8.85871e-09   2.06697e-06
   8.85972e-09   2.06585e-06
   8.86072e-09   2.06474e-06
   8.86172e-09   2.06362e-06
   8.86272e-09   2.06251e-06
   8.86372e-09   2.06139e-06
   8.86472e-09   2.06028e-06
   8.86572e-09   2.05917e-06
   8.86672e-09   2.05805e-06
   8.86772e-09   2.05694e-06
   8.86872e-09   2.05583e-06
   8.86972e-09   2.05471e-06
   8.87072e-09   2.05360e-06
   8.87172e-09   2.05249e-06
   8.87272e-09   2.05137e-06
   8.87372e-09   2.05026e-06
   8.87472e-09   2.04915e-06
   8.87572e-09   2.04804e-06
   8.87672e-09   2.04692e-06
   8.87772e-09   2.04581e-06
   8.87872e-09   2.04470e-06
   8.87972e-09   2.04359e-06
   8.88072e-09   2.04248e-06
   8.88172e-09   2.04136e-06
   8.88272e-09   2.04025e-06
   8.88372e-09   2.03914e-06
   8.88472e-09   2.03803e-06
   8.88572e-09   2.03692e-06
   8.88672e-09   2.03581e-06
   8.88773e-09   2.03470e-06
   8.88873e-09   2.03359e-06
   8.88973e-09   2.03248e-06
   8.89073e-09   2.03137e-06
   8.89173e-09   2.03026e-06
   8.89273e-09   2.02915e-06
   8.89373e-09   2.02804e-06
   8.89473e-09   2.02693e-06
   8.89573e-09   2.02582e-06
   8.89673e-09   2.02471e-06
   8.89773e-09   2.02360e-06
   8.89873e-09   2.02248e-06
   8.89973e-09   2.02136e-06
   8.90073e-09   2.02025e-06
   8.90173e-09   2.01913e-06
   8.90273e-09   2.01800e-06
   8.90373e-09   2.01688e-06
   8.90473e-09   2.01576e-06
   8.90573e-09   2.01463e-06
   8.90673e-09   2.01351e-06
   8.90773e-09   2.01238e-06
   8.90873e-09   2.01125e-06
   8.90974e-09   2.01012e-06
   8.91074e-09   2.00899e-06
   8.91174e-09   2.00787e-06
   8.91274e-09   2.00673e-06
   8.91374e-09   2.00560e-06
   8.91474e-09   2.00447e-06
   8.91574e-09   2.00334e-06
   8.91674e-09   2.00221e-06
   8.91774e-09   2.00107e-06
   8.91874e-09   1.99994e-06
   8.91974e-09   1.99880e-06
   8.92074e-09   1.99767e-06
   8.92174e-09   1.99653e-06
   8.92274e-09   1.99540e-06
   8.92374e-09   1.99426e-06
   8.92474e-09   1.99312e-06
   8.92574e-09   1.99199e-06
   8.92674e-09   1.99085e-06
   8.92775e-09   1.98971e-06
   8.92875e-09   1.98857e-06
   8.92975e-09   1.98743e-06
   8.93075e-09   1.98629e-06
   8.93175e-09   1.98515e-06
   8.93275e-09   1.98401e-06
   8.93375e-09   1.98287e-06
   8.93475e-09   1.98173e-06
   8.93575e-09   1.98059e-06
   8.93675e-09   1.97945e-06
   8.93775e-09   1.97831e-06
   8.93875e-09   1.97717e-06
   8.93975e-09   1.97604e-06
   8.94075e-09   1.97490e-06
   8.94175e-09   1.97377e-06
   8.94275e-09   1.97264e-06
   8.94375e-09   1.97151e-06
   8.94476e-09   1.97038e-06
   8.94576e-09   1.96925e-06
   8.94676e-09   1.96813e-06
   8.94776e-09   1.96700e-06
   8.94876e-09   1.96587e-06
   8.94976e-09   1.96475e-06
   8.95076e-09   1.96362e-06
   8.95176e-09   1.96250e-06
   8.95276e-09   1.96137e-06
   8.95376e-09   1.96025e-06
   8.95476e-09   1.95912e-06
   8.95576e-09   1.95800e-06
   8.95676e-09   1.95688e-06
   8.95776e-09   1.95576e-06
   8.95876e-09   1.95463e-06
   8.95977e-09   1.95351e-06
   8.96077e-09   1.95239e-06
   8.96177e-09   1.95127e-06
   8.96277e-09   1.95015e-06
   8.96377e-09   1.94903e-06
   8.96477e-09   1.94791e-06
   8.96577e-09   1.94679e-06
   8.96677e-09   1.94567e-06
   8.96777e-09   1.94455e-06
   8.96877e-09   1.94343e-06
   8.96977e-09   1.94232e-06
   8.97077e-09   1.94120e-06
   8.97177e-09   1.94008e-06
   8.97277e-09   1.93896e-06
   8.97378e-09   1.93785e-06
   8.97478e-09   1.93673e-06
   8.97578e-09   1.93561e-06
   8.97678e-09   1.93450e-06
   8.97778e-09   1.93338e-06
   8.97878e-09   1.93226e-06
   8.97978e-09   1.93115e-06
   8.98078e-09   1.93003e-06
   8.98178e-09   1.92892e-06
   8.98278e-09   1.92780e-06
   8.98378e-09   1.92669e-06
   8.98478e-09   1.92558e-06
   8.98579e-09   1.92446e-06
   8.98679e-09   1.92335e-06
   8.98779e-09   1.92223e-06
   8.98879e-09   1.92112e-06
   8.98979e-09   1.92001e-06
   8.99079e-09   1.91889e-06
   8.99179e-09   1.91778e-06
   8.99279e-09   1.91667e-06
   8.99379e-09   1.91556e-06
   8.99479e-09   1.91444e-06
   8.99579e-09   1.91333e-06
   8.99679e-09   1.91222e-06
   8.99780e-09   1.91111e-06
   8.99880e-09   1.91000e-06
   8.99980e-09   1.90889e-06
   9.00080e-09   1.90778e-06
   9.00180e-09   1.90666e-06
   9.00280e-09   1.90555e-06
   9.00380e-09   1.90444e-06
   9.00480e-09   1.90333e-06
   9.00580e-09   1.90222e-06
   9.00680e-09   1.90111e-06
   9.00780e-09   1.90000e-06
   9.00880e-09   1.89889e-06
   9.00981e-09   1.89778e-06
   9.01081e-09   1.89668e-06
   9.01181e-09   1.89557e-06
   9.01281e-09   1.89446e-06
   9.01381e-09   1.89335e-06
   9.01481e-09   1.89224e-06
   9.01581e-09   1.89113e-06
   9.01681e-09   1.89002e-06
   9.01781e-09   1.88892e-06
   9.01881e-09   1.88781e-06
   9.01981e-09   1.88670e-06
   9.02082e-09   1.88559e-06
   9.02182e-09   1.88449e-06
   9.02282e-09   1.88338e-06
   9.02382e-09   1.88227e-06
   9.02482e-09   1.88117e-06
   9.02582e-09   1.88006e-06
   9.02682e-09   1.87895e-06
   9.02782e-09   1.87785e-06
   9.02882e-09   1.87674e-06
   9.02982e-09   1.87564e-06
   9.03083e-09   1.87453e-06
   9.03183e-09   1.87342e-06
   9.03283e-09   1.87232e-06
   9.03383e-09   1.87121e-06
   9.03483e-09   1.87011e-06
   9.03583e-09   1.86900e-06
   9.03683e-09   1.86790e-06
   9.03783e-09   1.86679e-06
   9.03883e-09   1.86569e-06
   9.03983e-09   1.86459e-06
   9.04084e-09   1.86348e-06
   9.04184e-09   1.86238e-06
   9.04284e-09   1.86127e-06
   9.04384e-09   1.86017e-06
   9.04484e-09   1.85907e-06
   9.04584e-09   1.85796e-06
   9.04684e-09   1.85686e-06
   9.04784e-09   1.85576e-06
   9.04884e-09   1.85465e-06
   9.04984e-09   1.85355e-06
   9.05085e-09   1.85245e-06
   9.05185e-09   1.85135e-06
   9.05285e-09   1.85024e-06
   9.05385e-09   1.84914e-06
   9.05485e-09   1.84804e-06
   9.05585e-09   1.84694e-06
   9.05685e-09   1.84584e-06
   9.05785e-09   1.84473e-06
   9.05885e-09   1.84363e-06
   9.05986e-09   1.84253e-06
   9.06086e-09   1.84143e-06
   9.06186e-09   1.84033e-06
   9.06286e-09   1.83923e-06
   9.06386e-09   1.83813e-06
   9.06486e-09   1.83703e-06
   9.06586e-09   1.83593e-06
   9.06686e-09   1.83483e-06
   9.06786e-09   1.83373e-06
   9.06887e-09   1.83263e-06
   9.06987e-09   1.83153e-06
   9.07087e-09   1.83043e-06
   9.07187e-09   1.82933e-06
   9.07287e-09   1.82823e-06
   9.07387e-09   1.82713e-06
   9.07487e-09   1.82603e-06
   9.07587e-09   1.82493e-06
   9.07687e-09   1.82382e-06
   9.07788e-09   1.82272e-06
   9.07888e-09   1.82161e-06
   9.07988e-09   1.82050e-06
   9.08088e-09   1.81939e-06
   9.08188e-09   1.81828e-06
   9.08288e-09   1.81717e-06
   9.08388e-09   1.81605e-06
   9.08488e-09   1.81494e-06
   9.08589e-09   1.81382e-06
   9.08689e-09   1.81270e-06
   9.08789e-09   1.81159e-06
   9.08889e-09   1.81047e-06
   9.08989e-09   1.80935e-06
   9.09089e-09   1.80823e-06
   9.09189e-09   1.80711e-06
   9.09289e-09   1.80599e-06
   9.09390e-09   1.80487e-06
   9.09490e-09   1.80375e-06
   9.09590e-09   1.80262e-06
   9.09690e-09   1.80150e-06
   9.09790e-09   1.80038e-06
   9.09890e-09   1.79925e-06
   9.09990e-09   1.79813e-06
   9.10090e-09   1.79700e-06
   9.10191e-09   1.79588e-06
   9.10291e-09   1.79475e-06
   9.10391e-09   1.79362e-06
   9.10491e-09   1.79250e-06
   9.10591e-09   1.79137e-06
   9.10691e-09   1.79024e-06
   9.10791e-09   1.78911e-06
   9.10891e-09   1.78798e-06
   9.10992e-09   1.78685e-06
   9.11092e-09   1.78572e-06
   9.11192e-09   1.78459e-06
   9.11292e-09   1.78346e-06
   9.11392e-09   1.78233e-06
   9.11492e-09   1.78120e-06
   9.11592e-09   1.78007e-06
   9.11692e-09   1.77894e-06
   9.11793e-09   1.77781e-06
   9.11893e-09   1.77668e-06
   9.11993e-09   1.77556e-06
   9.12093e-09   1.77443e-06
   9.12193e-09   1.77331e-06
   9.12293e-09   1.77219e-06
   9.12393e-09   1.77107e-06
   9.12494e-09   1.76995e-06
   9.12594e-09   1.76883e-06
   9.12694e-09   1.76771e-06
   9.12794e-09   1.76659e-06
   9.12894e-09   1.76548e-06
   9.12994e-09   1.76436e-06
   9.13094e-09   1.76325e-06
   9.13194e-09   1.76213e-06
   9.13295e-09   1.76102e-06
   9.13395e-09   1.75990e-06
   9.13495e-09   1.75879e-06
   9.13595e-09   1.75768e-06
   9.13695e-09   1.75656e-06
   9.13795e-09   1.75545e-06
   9.13895e-09   1.75434e-06
   9.13996e-09   1.75323e-06
   9.14096e-09   1.75212e-06
   9.14196e-09   1.75100e-06
   9.14296e-09   1.74989e-06
   9.14396e-09   1.74878e-06
   9.14496e-09   1.74767e-06
   9.14596e-09   1.74656e-06
   9.14697e-09   1.74546e-06
   9.14797e-09   1.74435e-06
   9.14897e-09   1.74324e-06
   9.14997e-09   1.74213e-06
   9.15097e-09   1.74102e-06
   9.15197e-09   1.73991e-06
   9.15297e-09   1.73881e-06
   9.15398e-09   1.73770e-06
   9.15498e-09   1.73659e-06
   9.15598e-09   1.73549e-06
   9.15698e-09   1.73438e-06
   9.15798e-09   1.73327e-06
   9.15898e-09   1.73217e-06
   9.15998e-09   1.73106e-06
   9.16099e-09   1.72996e-06
   9.16199e-09   1.72885e-06
   9.16299e-09   1.72775e-06
   9.16399e-09   1.72664e-06
   9.16499e-09   1.72554e-06
   9.16599e-09   1.72443e-06
   9.16700e-09   1.72333e-06
   9.16800e-09   1.72223e-06
   9.16900e-09   1.72112e-06
   9.17000e-09   1.72002e-06
   9.17100e-09   1.71892e-06
   9.17200e-09   1.71781e-06
   9.17300e-09   1.71671e-06
   9.17401e-09   1.71561e-06
   9.17501e-09   1.71451e-06
   9.17601e-09   1.71340e-06
   9.17701e-09   1.71230e-06
   9.17801e-09   1.71120e-06
   9.17901e-09   1.71010e-06
   9.18002e-09   1.70900e-06
   9.18102e-09   1.70790e-06
   9.18202e-09   1.70680e-06
   9.18302e-09   1.70570e-06
   9.18402e-09   1.70460e-06
   9.18502e-09   1.70350e-06
   9.18602e-09   1.70239e-06
   9.18703e-09   1.70130e-06
   9.18803e-09   1.70020e-06
   9.18903e-09   1.69910e-06
   9.19003e-09   1.69800e-06
   9.19103e-09   1.69690e-06
   9.19203e-09   1.69580e-06
   9.19304e-09   1.69470e-06
   9.19404e-09   1.69360e-06
   9.19504e-09   1.69250e-06
   9.19604e-09   1.69140e-06
   9.19704e-09   1.69031e-06
   9.19804e-09   1.68921e-06
   9.19905e-09   1.68811e-06
   9.20005e-09   1.68701e-06
   9.20105e-09   1.68592e-06
   9.20205e-09   1.68482e-06
   9.20305e-09   1.68372e-06
   9.20405e-09   1.68262e-06
   9.20506e-09   1.68153e-06
   9.20606e-09   1.68043e-06
   9.20706e-09   1.67934e-06
   9.20806e-09   1.67824e-06
   9.20906e-09   1.67714e-06
   9.21006e-09   1.67605e-06
   9.21107e-09   1.67495e-06
   9.21207e-09   1.67386e-06
   9.21307e-09   1.67276e-06
   9.21407e-09   1.67167e-06
   9.21507e-09   1.67057e-06
   9.21607e-09   1.66948e-06
   9.21708e-09   1.66838e-06
   9.21808e-09   1.66729e-06
   9.21908e-09   1.66619e-06
   9.22008e-09   1.66510e-06
   9.22108e-09   1.66400e-06
   9.22208e-09   1.66291e-06
   9.22309e-09   1.66181e-06
   9.22409e-09   1.66072e-06
   9.22509e-09   1.65963e-06
   9.22609e-09   1.65853e-06
   9.22709e-09   1.65744e-06
   9.22809e-09   1.65635e-06
   9.22910e-09   1.65525e-06
   9.23010e-09   1.65416e-06
   9.23110e-09   1.65307e-06
   9.23210e-09   1.65198e-06
   9.23310e-09   1.65088e-06
   9.23411e-09   1.64979e-06
   9.23511e-09   1.64870e-06
   9.23611e-09   1.64761e-06
   9.23711e-09   1.64652e-06
   9.23811e-09   1.64542e-06
   9.23911e-09   1.64433e-06
   9.24012e-09   1.64324e-06
   9.24112e-09   1.64215e-06
   9.24212e-09   1.64106e-06
   9.24312e-09   1.63997e-06
   9.24412e-09   1.63888e-06
   9.24512e-09   1.63779e-06
   9.24613e-09   1.63670e-06
   9.24713e-09   1.63561e-06
   9.24813e-09   1.63452e-06
   9.24913e-09   1.63343e-06
   9.25013e-09   1.63234e-06
   9.25114e-09   1.63125e-06
   9.25214e-09   1.63016e-06
   9.25314e-09   1.62907e-06
   9.25414e-09   1.62798e-06
   9.25514e-09   1.62689e-06
   9.25614e-09   1.62580e-06
   9.25715e-09   1.62471e-06
   9.25815e-09   1.62361e-06
   9.25915e-09   1.62251e-06
   9.26015e-09   1.62141e-06
   9.26115e-09   1.62031e-06
   9.26216e-09   1.61921e-06
   9.26316e-09   1.61811e-06
   9.26416e-09   1.61701e-06
   9.26516e-09   1.61590e-06
   9.26616e-09   1.61480e-06
   9.26717e-09   1.61369e-06
   9.26817e-09   1.61258e-06
   9.26917e-09   1.61148e-06
   9.27017e-09   1.61037e-06
   9.27117e-09   1.60926e-06
   9.27218e-09   1.60815e-06
   9.27318e-09   1.60704e-06
   9.27418e-09   1.60593e-06
   9.27518e-09   1.60481e-06
   9.27618e-09   1.60370e-06
   9.27718e-09   1.60259e-06
   9.27819e-09   1.60148e-06
   9.27919e-09   1.60036e-06
   9.28019e-09   1.59925e-06
   9.28119e-09   1.59813e-06
   9.28219e-09   1.59702e-06
   9.28320e-09   1.59590e-06
   9.28420e-09   1.59478e-06
   9.28520e-09   1.59367e-06
   9.28620e-09   1.59255e-06
   9.28720e-09   1.59143e-06
   9.28821e-09   1.59031e-06
   9.28921e-09   1.58920e-06
   9.29021e-09   1.58808e-06
   9.29121e-09   1.58696e-06
   9.29221e-09   1.58584e-06
   9.29322e-09   1.58472e-06
   9.29422e-09   1.58360e-06
   9.29522e-09   1.58248e-06
   9.29622e-09   1.58135e-06
   9.29722e-09   1.58023e-06
   9.29823e-09   1.57911e-06
   9.29923e-09   1.57799e-06
   9.30023e-09   1.57687e-06
   9.30123e-09   1.57575e-06
   9.30223e-09   1.57464e-06
   9.30324e-09   1.57353e-06
   9.30424e-09   1.57241e-06
   9.30524e-09   1.57130e-06
   9.30624e-09   1.57019e-06
   9.30724e-09   1.56908e-06
   9.30825e-09   1.56797e-06
   9.30925e-09   1.56687e-06
   9.31025e-09   1.56576e-06
   9.31125e-09   1.56465e-06
   9.31225e-09   1.56355e-06
   9.31326e-09   1.56244e-06
   9.31426e-09   1.56133e-06
   9.31526e-09   1.56023e-06
   9.31626e-09   1.55913e-06
   9.31727e-09   1.55802e-06
   9.31827e-09   1.55692e-06
   9.31927e-09   1.55582e-06
   9.32027e-09   1.55471e-06
   9.32127e-09   1.55361e-06
   9.32228e-09   1.55251e-06
   9.32328e-09   1.55141e-06
   9.32428e-09   1.55031e-06
   9.32528e-09   1.54921e-06
   9.32628e-09   1.54811e-06
   9.32729e-09   1.54701e-06
   9.32829e-09   1.54591e-06
   9.32929e-09   1.54481e-06
   9.33029e-09   1.54371e-06
   9.33129e-09   1.54261e-06
   9.33230e-09   1.54151e-06
   9.33330e-09   1.54041e-06
   9.33430e-09   1.53931e-06
   9.33530e-09   1.53822e-06
   9.33631e-09   1.53712e-06
   9.33731e-09   1.53602e-06
   9.33831e-09   1.53493e-06
   9.33931e-09   1.53383e-06
   9.34031e-09   1.53273e-06
   9.34132e-09   1.53164e-06
   9.34232e-09   1.53054e-06
   9.34332e-09   1.52945e-06
   9.34432e-09   1.52835e-06
   9.34532e-09   1.52726e-06
   9.34633e-09   1.52616e-06
   9.34733e-09   1.52507e-06
   9.34833e-09   1.52397e-06
   9.34933e-09   1.52288e-06
   9.35034e-09   1.52178e-06
   9.35134e-09   1.52069e-06
   9.35234e-09   1.51960e-06
   9.35334e-09   1.51850e-06
   9.35434e-09   1.51741e-06
   9.35535e-09   1.51632e-06
   9.35635e-09   1.51523e-06
   9.35735e-09   1.51413e-06
   9.35835e-09   1.51304e-06
   9.35936e-09   1.51195e-06
   9.36036e-09   1.51086e-06
   9.36136e-09   1.50977e-06
   9.36236e-09   1.50867e-06
   9.36336e-09   1.50758e-06
   9.36437e-09   1.50649e-06
   9.36537e-09   1.50540e-06
   9.36637e-09   1.50431e-06
   9.36737e-09   1.50322e-06
   9.36838e-09   1.50213e-06
   9.36938e-09   1.50104e-06
   9.37038e-09   1.49995e-06
   9.37138e-09   1.49886e-06
   9.37239e-09   1.49777e-06
   9.37339e-09   1.49668e-06
   9.37439e-09   1.49559e-06
   9.37539e-09   1.49450e-06
   9.37639e-09   1.49342e-06
   9.37740e-09   1.49233e-06
   9.37840e-09   1.49124e-06
   9.37940e-09   1.49015e-06
   9.38040e-09   1.48906e-06
   9.38141e-09   1.48797e-06
   9.38241e-09   1.48689e-06
   9.38341e-09   1.48580e-06
   9.38441e-09   1.48471e-06
   9.38542e-09   1.48362e-06
   9.38642e-09   1.48254e-06
   9.38742e-09   1.48145e-06
   9.38842e-09   1.48036e-06
   9.38942e-09   1.47928e-06
   9.39043e-09   1.47819e-06
   9.39143e-09   1.47710e-06
   9.39243e-09   1.47602e-06
   9.39343e-09   1.47493e-06
   9.39444e-09   1.47385e-06
   9.39544e-09   1.47276e-06
   9.39644e-09   1.47168e-06
   9.39744e-09   1.47059e-06
   9.39845e-09   1.46951e-06
   9.39945e-09   1.46842e-06
   9.40045e-09   1.46734e-06
   9.40145e-09   1.46625e-06
   9.40246e-09   1.46517e-06
   9.40346e-09   1.46408e-06
   9.40446e-09   1.46300e-06
   9.40546e-09   1.46192e-06
   9.40647e-09   1.46083e-06
   9.40747e-09   1.45975e-06
   9.40847e-09   1.45866e-06
   9.40947e-09   1.45758e-06
   9.41048e-09   1.45650e-06
   9.41148e-09   1.45541e-06
   9.41248e-09   1.45433e-06
   9.41348e-09   1.45325e-06
   9.41448e-09   1.45217e-06
   9.41549e-09   1.45108e-06
   9.41649e-09   1.45000e-06
   9.41749e-09   1.44892e-06
   9.41849e-09   1.44784e-06
   9.41950e-09   1.44675e-06
   9.42050e-09   1.44567e-06
   9.42150e-09   1.44459e-06
   9.42250e-09   1.44351e-06
   9.42351e-09   1.44243e-06
   9.42451e-09   1.44135e-06
   9.42551e-09   1.44027e-06
   9.42651e-09   1.43919e-06
   9.42752e-09   1.43810e-06
   9.42852e-09   1.43702e-06
   9.42952e-09   1.43594e-06
   9.43052e-09   1.43486e-06
   9.43153e-09   1.43378e-06
   9.43253e-09   1.43270e-06
   9.43353e-09   1.43162e-06
   9.43453e-09   1.43054e-06
   9.43554e-09   1.42946e-06
   9.43654e-09   1.42838e-06
   9.43754e-09   1.42730e-06
   9.43854e-09   1.42622e-06
   9.43955e-09   1.42514e-06
   9.44055e-09   1.42405e-06
   9.44155e-09   1.42297e-06
   9.44255e-09   1.42188e-06
   9.44356e-09   1.42079e-06
   9.44456e-09   1.41970e-06
   9.44556e-09   1.41860e-06
   9.44656e-09   1.41751e-06
   9.44757e-09   1.41641e-06
   9.44857e-09   1.41532e-06
   9.44957e-09   1.41422e-06
   9.45058e-09   1.41312e-06
   9.45158e-09   1.41203e-06
   9.45258e-09   1.41093e-06
   9.45358e-09   1.40983e-06
   9.45459e-09   1.40873e-06
   9.45559e-09   1.40763e-06
   9.45659e-09   1.40653e-06
   9.45759e-09   1.40542e-06
   9.45860e-09   1.40432e-06
   9.45960e-09   1.40322e-06
   9.46060e-09   1.40212e-06
   9.46160e-09   1.40101e-06
   9.46261e-09   1.39991e-06
   9.46361e-09   1.39880e-06
   9.46461e-09   1.39770e-06
   9.46561e-09   1.39659e-06
   9.46662e-09   1.39548e-06
   9.46762e-09   1.39438e-06
   9.46862e-09   1.39327e-06
   9.46962e-09   1.39216e-06
   9.47063e-09   1.39105e-06
   9.47163e-09   1.38995e-06
   9.47263e-09   1.38884e-06
   9.47364e-09   1.38773e-06
   9.47464e-09   1.38662e-06
   9.47564e-09   1.38551e-06
   9.47664e-09   1.38440e-06
   9.47765e-09   1.38329e-06
   9.47865e-09   1.38218e-06
   9.47965e-09   1.38106e-06
   9.48065e-09   1.37995e-06
   9.48166e-09   1.37884e-06
   9.48266e-09   1.37773e-06
   9.48366e-09   1.37662e-06
   9.48467e-09   1.37551e-06
   9.48567e-09   1.37440e-06
   9.48667e-09   1.37330e-06
   9.48767e-09   1.37220e-06
   9.48868e-09   1.37109e-06
   9.48968e-09   1.36999e-06
   9.49068e-09   1.36889e-06
   9.49168e-09   1.36779e-06
   9.49269e-09   1.36670e-06
   9.49369e-09   1.36560e-06
   9.49469e-09   1.36450e-06
   9.49569e-09   1.36340e-06
   9.49670e-09   1.36231e-06
   9.49770e-09   1.36121e-06
   9.49870e-09   1.36012e-06
   9.49971e-09   1.35902e-06
   9.50071e-09   1.35793e-06
   9.50171e-09   1.35683e-06
   9.50271e-09   1.35574e-06
   9.50372e-09   1.35465e-06
   9.50472e-09   1.35355e-06
   9.50572e-09   1.35246e-06
   9.50673e-09   1.35137e-06
   9.50773e-09   1.35028e-06
   9.50873e-09   1.34919e-06
   9.50973e-09   1.34810e-06
   9.51074e-09   1.34700e-06
   9.51174e-09   1.34591e-06
   9.51274e-09   1.34482e-06
   9.51374e-09   1.34374e-06
   9.51475e-09   1.34265e-06
   9.51575e-09   1.34156e-06
   9.51675e-09   1.34047e-06
   9.51776e-09   1.33938e-06
   9.51876e-09   1.33829e-06
   9.51976e-09   1.33720e-06
   9.52076e-09   1.33612e-06
   9.52177e-09   1.33503e-06
   9.52277e-09   1.33394e-06
   9.52377e-09   1.33286e-06
   9.52478e-09   1.33177e-06
   9.52578e-09   1.33068e-06
   9.52678e-09   1.32960e-06
   9.52778e-09   1.32851e-06
   9.52879e-09   1.32743e-06
   9.52979e-09   1.32634e-06
   9.53079e-09   1.32526e-06
   9.53180e-09   1.32417e-06
   9.53280e-09   1.32309e-06
   9.53380e-09   1.32200e-06
   9.53480e-09   1.32092e-06
   9.53581e-09   1.31983e-06
   9.53681e-09   1.31875e-06
   9.53781e-09   1.31767e-06
   9.53882e-09   1.31658e-06
   9.53982e-09   1.31550e-06
   9.54082e-09   1.31442e-06
   9.54183e-09   1.31334e-06
   9.54283e-09   1.31225e-06
   9.54383e-09   1.31117e-06
   9.54483e-09   1.31009e-06
   9.54584e-09   1.30901e-06
   9.54684e-09   1.30793e-06
   9.54784e-09   1.30684e-06
   9.54885e-09   1.30576e-06
   9.54985e-09   1.30468e-06
   9.55085e-09   1.30360e-06
   9.55185e-09   1.30252e-06
   9.55286e-09   1.30144e-06
   9.55386e-09   1.30036e-06
   9.55486e-09   1.29928e-06
   9.55587e-09   1.29820e-06
   9.55687e-09   1.29712e-06
   9.55787e-09   1.29604e-06
   9.55888e-09   1.29496e-06
   9.55988e-09   1.29388e-06
   9.56088e-09   1.29280e-06
   9.56188e-09   1.29172e-06
   9.56289e-09   1.29065e-06
   9.56389e-09   1.28957e-06
   9.56489e-09   1.28849e-06
   9.56590e-09   1.28741e-06
   9.56690e-09   1.28633e-06
   9.56790e-09   1.28526e-06
   9.56891e-09   1.28418e-06
   9.56991e-09   1.28310e-06
   9.57091e-09   1.28202e-06
   9.57191e-09   1.28095e-06
   9.57292e-09   1.27987e-06
   9.57392e-09   1.27879e-06
   9.57492e-09   1.27772e-06
   9.57593e-09   1.27664e-06
   9.57693e-09   1.27556e-06
   9.57793e-09   1.27449e-06
   9.57894e-09   1.27341e-06
   9.57994e-09   1.27234e-06
   9.58094e-09   1.27126e-06
   9.58194e-09   1.27018e-06
   9.58295e-09   1.26911e-06
   9.58395e-09   1.26803e-06
   9.58495e-09   1.26696e-06
   9.58596e-09   1.26588e-06
   9.58696e-09   1.26481e-06
   9.58796e-09   1.26373e-06
   9.58897e-09   1.26266e-06
   9.58997e-09   1.26159e-06
   9.59097e-09   1.26051e-06
   9.59198e-09   1.25944e-06
   9.59298e-09   1.25836e-06
   9.59398e-09   1.25729e-06
   9.59498e-09   1.25622e-06
   9.59599e-09   1.25514e-06
   9.59699e-09   1.25407e-06
   9.59799e-09   1.25300e-06
   9.59900e-09   1.25193e-06
   9.60000e-09   1.25085e-06
   9.60100e-09   1.24978e-06
   9.60201e-09   1.24871e-06
   9.60301e-09   1.24763e-06
   9.60401e-09   1.24656e-06
   9.60502e-09   1.24549e-06
   9.60602e-09   1.24442e-06
   9.60702e-09   1.24335e-06
   9.60803e-09   1.24228e-06
   9.60903e-09   1.24120e-06
   9.61003e-09   1.24013e-06
   9.61103e-09   1.23906e-06
   9.61204e-09   1.23799e-06
   9.61304e-09   1.23692e-06
   9.61404e-09   1.23585e-06
   9.61505e-09   1.23478e-06
   9.61605e-09   1.23371e-06
   9.61705e-09   1.23264e-06
   9.61806e-09   1.23157e-06
   9.61906e-09   1.23050e-06
   9.62006e-09   1.22943e-06
   9.62107e-09   1.22836e-06
   9.62207e-09   1.22729e-06
   9.62307e-09   1.22622e-06
   9.62408e-09   1.22514e-06
   9.62508e-09   1.22406e-06
   9.62608e-09   1.22298e-06
   9.62709e-09   1.22190e-06
   9.62809e-09   1.22082e-06
   9.62909e-09   1.21974e-06
   9.63010e-09   1.21865e-06
   9.63110e-09   1.21757e-06
   9.63210e-09   1.21648e-06
   9.63311e-09   1.21540e-06
   9.63411e-09   1.21431e-06
   9.63511e-09   1.21322e-06
   9.63611e-09   1.21213e-06
   9.63712e-09   1.21105e-06
   9.63812e-09   1.20996e-06
   9.63912e-09   1.20887e-06
   9.64013e-09   1.20777e-06
   9.64113e-09   1.20668e-06
   9.64213e-09   1.20559e-06
   9.64314e-09   1.20450e-06
   9.64414e-09   1.20340e-06
   9.64514e-09   1.20231e-06
   9.64615e-09   1.20122e-06
   9.64715e-09   1.20012e-06
   9.64815e-09   1.19903e-06
   9.64916e-09   1.19793e-06
   9.65016e-09   1.19683e-06
   9.65116e-09   1.19574e-06
   9.65217e-09   1.19464e-06
   9.65317e-09   1.19354e-06
   9.65417e-09   1.19244e-06
   9.65518e-09   1.19135e-06
   9.65618e-09   1.19025e-06
   9.65718e-09   1.18915e-06
   9.65819e-09   1.18805e-06
   9.65919e-09   1.18695e-06
   9.66019e-09   1.18585e-06
   9.66120e-09   1.18475e-06
   9.66220e-09   1.18365e-06
   9.66320e-09   1.18254e-06
   9.66421e-09   1.18144e-06
   9.66521e-09   1.18034e-06
   9.66621e-09   1.17924e-06
   9.66722e-09   1.17813e-06
   9.66822e-09   1.17703e-06
   9.66922e-09   1.17593e-06
   9.67023e-09   1.17483e-06
   9.67123e-09   1.17374e-06
   9.67223e-09   1.17264e-06
   9.67324e-09   1.17155e-06
   9.67424e-09   1.17046e-06
   9.67524e-09   1.16936e-06
   9.67625e-09   1.16827e-06
   9.67725e-09   1.16718e-06
   9.67825e-09   1.16609e-06
   9.67926e-09   1.16501e-06
   9.68026e-09   1.16392e-06
   9.68126e-09   1.16283e-06
   9.68227e-09   1.16174e-06
   9.68327e-09   1.16066e-06
   9.68428e-09   1.15957e-06
   9.68528e-09   1.15849e-06
   9.68628e-09   1.15740e-06
   9.68729e-09   1.15632e-06
   9.68829e-09   1.15523e-06
   9.68929e-09   1.15415e-06
   9.69030e-09   1.15307e-06
   9.69130e-09   1.15198e-06
   9.69230e-09   1.15090e-06
   9.69331e-09   1.14982e-06
   9.69431e-09   1.14874e-06
   9.69531e-09   1.14765e-06
   9.69632e-09   1.14657e-06
   9.69732e-09   1.14549e-06
   9.69832e-09   1.14441e-06
   9.69933e-09   1.14333e-06
   9.70033e-09   1.14225e-06
   9.70133e-09   1.14117e-06
   9.70234e-09   1.14009e-06
   9.70334e-09   1.13901e-06
   9.70434e-09   1.13794e-06
   9.70535e-09   1.13686e-06
   9.70635e-09   1.13578e-06
   9.70735e-09   1.13470e-06
   9.70836e-09   1.13362e-06
   9.70936e-09   1.13255e-06
   9.71037e-09   1.13147e-06
   9.71137e-09   1.13039e-06
   9.71237e-09   1.12932e-06
   9.71338e-09   1.12824e-06
   9.71438e-09   1.12716e-06
   9.71538e-09   1.12609e-06
   9.71639e-09   1.12501e-06
   9.71739e-09   1.12394e-06
   9.71839e-09   1.12286e-06
   9.71940e-09   1.12179e-06
   9.72040e-09   1.12071e-06
   9.72140e-09   1.11964e-06
   9.72241e-09   1.11857e-06
   9.72341e-09   1.11749e-06
   9.72441e-09   1.11642e-06
   9.72542e-09   1.11534e-06
   9.72642e-09   1.11427e-06
   9.72743e-09   1.11320e-06
   9.72843e-09   1.11212e-06
   9.72943e-09   1.11105e-06
   9.73044e-09   1.10998e-06
   9.73144e-09   1.10891e-06
   9.73244e-09   1.10784e-06
   9.73345e-09   1.10676e-06
   9.73445e-09   1.10569e-06
   9.73545e-09   1.10462e-06
   9.73646e-09   1.10355e-06
   9.73746e-09   1.10248e-06
   9.73847e-09   1.10141e-06
   9.73947e-09   1.10034e-06
   9.74047e-09   1.09927e-06
   9.74148e-09   1.09819e-06
   9.74248e-09   1.09712e-06
   9.74348e-09   1.09605e-06
   9.74449e-09   1.09498e-06
   9.74549e-09   1.09392e-06
   9.74649e-09   1.09285e-06
   9.74750e-09   1.09178e-06
   9.74850e-09   1.09071e-06
   9.74951e-09   1.08964e-06
   9.75051e-09   1.08857e-06
   9.75151e-09   1.08750e-06
   9.75252e-09   1.08643e-06
   9.75352e-09   1.08536e-06
   9.75452e-09   1.08430e-06
   9.75553e-09   1.08323e-06
   9.75653e-09   1.08216e-06
   9.75753e-09   1.08109e-06
   9.75854e-09   1.08003e-06
   9.75954e-09   1.07896e-06
   9.76055e-09   1.07789e-06
   9.76155e-09   1.07682e-06
   9.76255e-09   1.07576e-06
   9.76356e-09   1.07469e-06
   9.76456e-09   1.07362e-06
   9.76556e-09   1.07256e-06
   9.76657e-09   1.07149e-06
   9.76757e-09   1.07043e-06
   9.76858e-09   1.06936e-06
   9.76958e-09   1.06829e-06
   9.77058e-09   1.06723e-06
   9.77159e-09   1.06616e-06
   9.77259e-09   1.06510e-06
   9.77359e-09   1.06403e-06
   9.77460e-09   1.06297e-06
   9.77560e-09   1.06190e-06
   9.77661e-09   1.06084e-06
   9.77761e-09   1.05977e-06
   9.77861e-09   1.05871e-06
   9.77962e-09   1.05765e-06
   9.78062e-09   1.05658e-06
   9.78162e-09   1.05552e-06
   9.78263e-09   1.05446e-06
   9.78363e-09   1.05339e-06
   9.78464e-09   1.05233e-06
   9.78564e-09   1.05126e-06
   9.78664e-09   1.05020e-06
   9.78765e-09   1.04914e-06
   9.78865e-09   1.04808e-06
   9.78965e-09   1.04701e-06
   9.79066e-09   1.04595e-06
   9.79166e-09   1.04489e-06
   9.79267e-09   1.04383e-06
   9.79367e-09   1.04276e-06
   9.79467e-09   1.04170e-06
   9.79568e-09   1.04064e-06
   9.79668e-09   1.03958e-06
   9.79768e-09   1.03852e-06
   9.79869e-09   1.03746e-06
   9.79969e-09   1.03639e-06
   9.80070e-09   1.03533e-06
   9.80170e-09   1.03427e-06
   9.80270e-09   1.03321e-06
   9.80371e-09   1.03215e-06
   9.80471e-09   1.03109e-06
   9.80572e-09   1.03003e-06
   9.80672e-09   1.02897e-06
   9.80772e-09   1.02791e-06
   9.80873e-09   1.02685e-06
   9.80973e-09   1.02578e-06
   9.81073e-09   1.02471e-06
   9.81174e-09   1.02364e-06
   9.81274e-09   1.02257e-06
   9.81375e-09   1.02150e-06
   9.81475e-09   1.02043e-06
   9.81575e-09   1.01935e-06
   9.81676e-09   1.01828e-06
   9.81776e-09   1.01720e-06
   9.81877e-09   1.01612e-06
   9.81977e-09   1.01505e-06
   9.82077e-09   1.01397e-06
   9.82178e-09   1.01289e-06
   9.82278e-09   1.01181e-06
   9.82379e-09   1.01073e-06
   9.82479e-09   1.00965e-06
   9.82579e-09   1.00857e-06
   9.82680e-09   1.00749e-06
   9.82780e-09   1.00640e-06
   9.82880e-09   1.00532e-06
   9.82981e-09   1.00424e-06
   9.83081e-09   1.00315e-06
   9.83182e-09   1.00207e-06
   9.83282e-09   1.00098e-06
   9.83382e-09   9.99898e-07
   9.83483e-09   9.98812e-07
   9.83583e-09   9.97725e-07
   9.83684e-09   9.96638e-07
   9.83784e-09   9.95551e-07
   9.83884e-09   9.94463e-07
   9.83985e-09   9.93375e-07
   9.84085e-09   9.92286e-07
   9.84186e-09   9.91197e-07
   9.84286e-09   9.90108e-07
   9.84386e-09   9.89018e-07
   9.84487e-09   9.87928e-07
   9.84587e-09   9.86837e-07
   9.84688e-09   9.85746e-07
   9.84788e-09   9.84655e-07
   9.84888e-09   9.83563e-07
   9.84989e-09   9.82471e-07
   9.85089e-09   9.81379e-07
   9.85190e-09   9.80286e-07
   9.85290e-09   9.79193e-07
   9.85390e-09   9.78100e-07
   9.85491e-09   9.77006e-07
   9.85591e-09   9.75913e-07
   9.85692e-09   9.74823e-07
   9.85792e-09   9.73735e-07
   9.85892e-09   9.72649e-07
   9.85993e-09   9.71564e-07
   9.86093e-09   9.70480e-07
   9.86194e-09   9.69397e-07
   9.86294e-09   9.68315e-07
   9.86394e-09   9.67234e-07
   9.86495e-09   9.66153e-07
   9.86595e-09   9.65074e-07
   9.86696e-09   9.63995e-07
   9.86796e-09   9.62916e-07
   9.86897e-09   9.61838e-07
   9.86997e-09   9.60761e-07
   9.87097e-09   9.59684e-07
   9.87198e-09   9.58607e-07
   9.87298e-09   9.57531e-07
   9.87399e-09   9.56456e-07
   9.87499e-09   9.55381e-07
   9.87599e-09   9.54306e-07
   9.87700e-09   9.53232e-07
   9.87800e-09   9.52158e-07
   9.87901e-09   9.51085e-07
   9.88001e-09   9.50012e-07
   9.88101e-09   9.48939e-07
   9.88202e-09   9.47867e-07
   9.88302e-09   9.46795e-07
   9.88403e-09   9.45723e-07
   9.88503e-09   9.44652e-07
   9.88603e-09   9.43581e-07
   9.88704e-09   9.42510e-07
   9.88804e-09   9.41440e-07
   9.88905e-09   9.40370e-07
   9.89005e-09   9.39300e-07
   9.89106e-09   9.38231e-07
   9.89206e-09   9.37161e-07
   9.89306e-09   9.36092e-07
   9.89407e-09   9.35024e-07
   9.89507e-09   9.33955e-07
   9.89608e-09   9.32887e-07
   9.89708e-09   9.31819e-07
   9.89808e-09   9.30752e-07
   9.89909e-09   9.29685e-07
   9.90009e-09   9.28617e-07
   9.90110e-09   9.27551e-07
   9.90210e-09   9.26484e-07
   9.90311e-09   9.25418e-07
   9.90411e-09   9.24351e-07
   9.90511e-09   9.23286e-07
   9.90612e-09   9.22220e-07
   9.90712e-09   9.21154e-07
   9.90813e-09   9.20089e-07
   9.90913e-09   9.19024e-07
   9.91013e-09   9.17960e-07
   9.91114e-09   9.16895e-07
   9.91214e-09   9.15831e-07
   9.91315e-09   9.14766e-07
   9.91415e-09   9.13703e-07
   9.91516e-09   9.12639e-07
   9.91616e-09   9.11575e-07
   9.91716e-09   9.10512e-07
   9.91817e-09   9.09449e-07
   9.91917e-09   9.08386e-07
   9.92018e-09   9.07323e-07
   9.92118e-09   9.06261e-07
   9.92219e-09   9.05199e-07
   9.92319e-09   9.04136e-07
   9.92419e-09   9.03075e-07
   9.92520e-09   9.02013e-07
   9.92620e-09   9.00951e-07
   9.92721e-09   8.99890e-07
   9.92821e-09   8.98829e-07
   9.92922e-09   8.97768e-07
   9.93022e-09   8.96707e-07
   9.93122e-09   8.95646e-07
   9.93223e-09   8.94586e-07
   9.93323e-09   8.93526e-07
   9.93424e-09   8.92466e-07
   9.93524e-09   8.91406e-07
   9.93625e-09   8.90346e-07
   9.93725e-09   8.89286e-07
   9.93825e-09   8.88227e-07
   9.93926e-09   8.87168e-07
   9.94026e-09   8.86109e-07
   9.94127e-09   8.85050e-07
   9.94227e-09   8.83991e-07
   9.94328e-09   8.82933e-07
   9.94428e-09   8.81874e-07
   9.94528e-09   8.80816e-07
   9.94629e-09   8.79758e-07
   9.94729e-09   8.78700e-07
   9.94830e-09   8.77643e-07
   9.94930e-09   8.76585e-07
   9.95031e-09   8.75528e-07
   9.95131e-09   8.74470e-07
   9.95231e-09   8.73413e-07
   9.95332e-09   8.72356e-07
   9.95432e-09   8.71300e-07
   9.95533e-09   8.70243e-07
   9.95633e-09   8.69187e-07
   9.95734e-09   8.68130e-07
   9.95834e-09   8.67074e-07
   9.95935e-09   8.66018e-07
   9.96035e-09   8.64963e-07
   9.96135e-09   8.63907e-07
   9.96236e-09   8.62851e-07
   9.96336e-09   8.61796e-07
   9.96437e-09   8.60741e-07
   9.96537e-09   8.59686e-07
   9.96638e-09   8.58631e-07
   9.96738e-09   8.57576e-07
   9.96839e-09   8.56522e-07
   9.96939e-09   8.55467e-07
   9.97039e-09   8.54413e-07
   9.97140e-09   8.53359e-07
   9.97240e-09   8.52305e-07
   9.97341e-09   8.51251e-07
   9.97441e-09   8.50197e-07
   9.97542e-09   8.49144e-07
   9.97642e-09   8.48090e-07
   9.97743e-09   8.47037e-07
   9.97843e-09   8.45984e-07
   9.97943e-09   8.44931e-07
   9.98044e-09   8.43878e-07
   9.98144e-09   8.42825e-07
   9.98245e-09   8.41773e-07
   9.98345e-09   8.40720e-07
   9.98446e-09   8.39668e-07
   9.98546e-09   8.38616e-07
   9.98647e-09   8.37564e-07
   9.98747e-09   8.36512e-07
   9.98847e-09   8.35460e-07
   9.98948e-09   8.34409e-07
   9.99048e-09   8.33357e-07
   9.99149e-09   8.32306e-07
   9.99249e-09   8.31255e-07
   9.99350e-09   8.30204e-07
   9.99450e-09   8.29153e-07
   9.99551e-09   8.28101e-07
   9.99651e-09   8.27046e-07
   9.99751e-09   8.25988e-07
   9.99852e-09   8.24929e-07
   9.99952e-09   8.23868e-07
   1.00005e-08   8.22806e-07
   1.00015e-08   8.21743e-07
   1.00025e-08   8.20679e-07
   1.00035e-08   8.19614e-07
   1.00045e-08   8.18548e-07
   1.00056e-08   8.17482e-07
   1.00066e-08   8.16414e-07
   1.00076e-08   8.15346e-07
   1.00086e-08   8.14277e-07
   1.00096e-08   8.13207e-07
   1.00106e-08   8.12137e-07
   1.00116e-08   8.11066e-07
   1.00126e-08   8.09994e-07
   1.00136e-08   8.08922e-07
   1.00146e-08   8.07850e-07
   1.00156e-08   8.06776e-07
   1.00166e-08   8.05703e-07
   1.00176e-08   8.04628e-07
   1.00186e-08   8.03554e-07
   1.00196e-08   8.02478e-07
   1.00206e-08   8.01403e-07
   1.00216e-08   8.00326e-07
   1.00226e-08   7.99250e-07
   1.00236e-08   7.98173e-07
   1.00246e-08   7.97095e-07
   1.00256e-08   7.96017e-07
   1.00266e-08   7.94939e-07
   1.00277e-08   7.93860e-07
   1.00287e-08   7.92781e-07
   1.00297e-08   7.91701e-07
   1.00307e-08   7.90621e-07
   1.00317e-08   7.89541e-07
   1.00327e-08   7.88460e-07
   1.00337e-08   7.87379e-07
   1.00347e-08   7.86298e-07
   1.00357e-08   7.85216e-07
   1.00367e-08   7.84134e-07
   1.00377e-08   7.83051e-07
   1.00387e-08   7.81968e-07
   1.00397e-08   7.80885e-07
   1.00407e-08   7.79802e-07
   1.00417e-08   7.78718e-07
   1.00427e-08   7.77634e-07
   1.00437e-08   7.76549e-07
   1.00447e-08   7.75465e-07
   1.00457e-08   7.74384e-07
   1.00467e-08   7.73304e-07
   1.00477e-08   7.72227e-07
   1.00487e-08   7.71151e-07
   1.00498e-08   7.70076e-07
   1.00508e-08   7.69002e-07
   1.00518e-08   7.67929e-07
   1.00528e-08   7.66857e-07
   1.00538e-08   7.65785e-07
   1.00548e-08   7.64715e-07
   1.00558e-08   7.63645e-07
   1.00568e-08   7.62575e-07
   1.00578e-08   7.61506e-07
   1.00588e-08   7.60438e-07
   1.00598e-08   7.59370e-07
   1.00608e-08   7.58302e-07
   1.00618e-08   7.57236e-07
   1.00628e-08   7.56169e-07
   1.00638e-08   7.55103e-07
   1.00648e-08   7.54038e-07
   1.00658e-08   7.52972e-07
   1.00668e-08   7.51908e-07
   1.00678e-08   7.50843e-07
   1.00688e-08   7.49779e-07
   1.00698e-08   7.48716e-07
   1.00709e-08   7.47653e-07
   1.00719e-08   7.46590e-07
   1.00729e-08   7.45527e-07
   1.00739e-08   7.44465e-07
   1.00749e-08   7.43403e-07
   1.00759e-08   7.42341e-07
   1.00769e-08   7.41280e-07
   1.00779e-08   7.40219e-07
   1.00789e-08   7.39158e-07
   1.00799e-08   7.38098e-07
   1.00809e-08   7.37038e-07
   1.00819e-08   7.35978e-07
   1.00829e-08   7.34918e-07
   1.00839e-08   7.33859e-07
   1.00849e-08   7.32800e-07
   1.00859e-08   7.31741e-07
   1.00869e-08   7.30683e-07
   1.00879e-08   7.29625e-07
   1.00889e-08   7.28567e-07
   1.00899e-08   7.27509e-07
   1.00909e-08   7.26451e-07
   1.00920e-08   7.25394e-07
   1.00930e-08   7.24337e-07
   1.00940e-08   7.23280e-07
   1.00950e-08   7.22224e-07
   1.00960e-08   7.21167e-07
   1.00970e-08   7.20111e-07
   1.00980e-08   7.19055e-07
   1.00990e-08   7.18000e-07
   1.01000e-08   7.16944e-07
   1.01010e-08   7.15889e-07
   1.01020e-08   7.14834e-07
   1.01030e-08   7.13779e-07
   1.01040e-08   7.12725e-07
   1.01050e-08   7.11670e-07
   1.01060e-08   7.10616e-07
   1.01070e-08   7.09562e-07
   1.01080e-08   7.08508e-07
   1.01090e-08   7.07455e-07
   1.01100e-08   7.06401e-07
   1.01110e-08   7.05348e-07
   1.01121e-08   7.04295e-07
   1.01131e-08   7.03242e-07
   1.01141e-08   7.02190e-07
   1.01151e-08   7.01137e-07
   1.01161e-08   7.00085e-07
   1.01171e-08   6.99033e-07
   1.01181e-08   6.97981e-07
   1.01191e-08   6.96930e-07
   1.01201e-08   6.95878e-07
   1.01211e-08   6.94827e-07
   1.01221e-08   6.93776e-07
   1.01231e-08   6.92725e-07
   1.01241e-08   6.91674e-07
   1.01251e-08   6.90623e-07
   1.01261e-08   6.89573e-07
   1.01271e-08   6.88523e-07
   1.01281e-08   6.87473e-07
   1.01291e-08   6.86423e-07
   1.01301e-08   6.85373e-07
   1.01311e-08   6.84323e-07
   1.01321e-08   6.83274e-07
   1.01332e-08   6.82225e-07
   1.01342e-08   6.81176e-07
   1.01352e-08   6.80127e-07
   1.01362e-08   6.79078e-07
   1.01372e-08   6.78029e-07
   1.01382e-08   6.76981e-07
   1.01392e-08   6.75933e-07
   1.01402e-08   6.74885e-07
   1.01412e-08   6.73837e-07
   1.01422e-08   6.72789e-07
   1.01432e-08   6.71741e-07
   1.01442e-08   6.70694e-07
   1.01452e-08   6.69647e-07
   1.01462e-08   6.68600e-07
   1.01472e-08   6.67553e-07
   1.01482e-08   6.66506e-07
   1.01492e-08   6.65459e-07
   1.01502e-08   6.64413e-07
   1.01512e-08   6.63366e-07
   1.01522e-08   6.62320e-07
   1.01533e-08   6.61274e-07
   1.01543e-08   6.60228e-07
   1.01553e-08   6.59182e-07
   1.01563e-08   6.58137e-07
   1.01573e-08   6.57091e-07
   1.01583e-08   6.56046e-07
   1.01593e-08   6.55001e-07
   1.01603e-08   6.53956e-07
   1.01613e-08   6.52911e-07
   1.01623e-08   6.51866e-07
   1.01633e-08   6.50822e-07
   1.01643e-08   6.49777e-07
   1.01653e-08   6.48733e-07
   1.01663e-08   6.47689e-07
   1.01673e-08   6.46645e-07
   1.01683e-08   6.45601e-07
   1.01693e-08   6.44557e-07
   1.01703e-08   6.43514e-07
   1.01713e-08   6.42470e-07
   1.01724e-08   6.41427e-07
   1.01734e-08   6.40384e-07
   1.01744e-08   6.39341e-07
   1.01754e-08   6.38298e-07
   1.01764e-08   6.37255e-07
   1.01774e-08   6.36213e-07
   1.01784e-08   6.35170e-07
   1.01794e-08   6.34128e-07
   1.01804e-08   6.33086e-07
   1.01814e-08   6.32044e-07
   1.01824e-08   6.31002e-07
   1.01834e-08   6.29960e-07
   1.01844e-08   6.28918e-07
   1.01854e-08   6.27872e-07
   1.01864e-08   6.26824e-07
   1.01874e-08   6.25775e-07
   1.01884e-08   6.24723e-07
   1.01894e-08   6.23671e-07
   1.01904e-08   6.22617e-07
   1.01914e-08   6.21563e-07
   1.01925e-08   6.20507e-07
   1.01935e-08   6.19451e-07
   1.01945e-08   6.18394e-07
   1.01955e-08   6.17336e-07
   1.01965e-08   6.16277e-07
   1.01975e-08   6.15217e-07
   1.01985e-08   6.14157e-07
   1.01995e-08   6.13096e-07
   1.02005e-08   6.12035e-07
   1.02015e-08   6.10973e-07
   1.02025e-08   6.09910e-07
   1.02035e-08   6.08847e-07
   1.02045e-08   6.07783e-07
   1.02055e-08   6.06719e-07
   1.02065e-08   6.05654e-07
   1.02075e-08   6.04589e-07
   1.02085e-08   6.03523e-07
   1.02095e-08   6.02457e-07
   1.02105e-08   6.01390e-07
   1.02116e-08   6.00323e-07
   1.02126e-08   5.99255e-07
   1.02136e-08   5.98187e-07
   1.02146e-08   5.97119e-07
   1.02156e-08   5.96050e-07
   1.02166e-08   5.94981e-07
   1.02176e-08   5.93911e-07
   1.02186e-08   5.92841e-07
   1.02196e-08   5.91770e-07
   1.02206e-08   5.90700e-07
   1.02216e-08   5.89628e-07
   1.02226e-08   5.88557e-07
   1.02236e-08   5.87485e-07
   1.02246e-08   5.86413e-07
   1.02256e-08   5.85340e-07
   1.02266e-08   5.84267e-07
   1.02276e-08   5.83194e-07
   1.02286e-08   5.82120e-07
   1.02296e-08   5.81046e-07
   1.02307e-08   5.79972e-07
   1.02317e-08   5.78898e-07
   1.02327e-08   5.77823e-07
   1.02337e-08   5.76748e-07
   1.02347e-08   5.75672e-07
   1.02357e-08   5.74597e-07
   1.02367e-08   5.73525e-07
   1.02377e-08   5.72456e-07
   1.02387e-08   5.71388e-07
   1.02397e-08   5.70321e-07
   1.02407e-08   5.69255e-07
   1.02417e-08   5.68190e-07
   1.02427e-08   5.67126e-07
   1.02437e-08   5.66063e-07
   1.02447e-08   5.65001e-07
   1.02457e-08   5.63939e-07
   1.02467e-08   5.62878e-07
   1.02477e-08   5.61818e-07
   1.02487e-08   5.60758e-07
   1.02498e-08   5.59699e-07
   1.02508e-08   5.58640e-07
   1.02518e-08   5.57582e-07
   1.02528e-08   5.56524e-07
   1.02538e-08   5.55466e-07
   1.02548e-08   5.54409e-07
   1.02558e-08   5.53353e-07
   1.02568e-08   5.52297e-07
   1.02578e-08   5.51241e-07
   1.02588e-08   5.50186e-07
   1.02598e-08   5.49131e-07
   1.02608e-08   5.48076e-07
   1.02618e-08   5.47022e-07
   1.02628e-08   5.45968e-07
   1.02638e-08   5.44915e-07
   1.02648e-08   5.43862e-07
   1.02658e-08   5.42809e-07
   1.02668e-08   5.41756e-07
   1.02679e-08   5.40704e-07
   1.02689e-08   5.39652e-07
   1.02699e-08   5.38600e-07
   1.02709e-08   5.37549e-07
   1.02719e-08   5.36498e-07
   1.02729e-08   5.35447e-07
   1.02739e-08   5.34397e-07
   1.02749e-08   5.33346e-07
   1.02759e-08   5.32296e-07
   1.02769e-08   5.31247e-07
   1.02779e-08   5.30197e-07
   1.02789e-08   5.29148e-07
   1.02799e-08   5.28099e-07
   1.02809e-08   5.27050e-07
   1.02819e-08   5.26002e-07
   1.02829e-08   5.24954e-07
   1.02839e-08   5.23906e-07
   1.02849e-08   5.22858e-07
   1.02859e-08   5.21810e-07
   1.02870e-08   5.20763e-07
   1.02880e-08   5.19716e-07
   1.02890e-08   5.18669e-07
   1.02900e-08   5.17623e-07
   1.02910e-08   5.16576e-07
   1.02920e-08   5.15530e-07
   1.02930e-08   5.14484e-07
   1.02940e-08   5.13438e-07
   1.02950e-08   5.12393e-07
   1.02960e-08   5.11347e-07
   1.02970e-08   5.10302e-07
   1.02980e-08   5.09257e-07
   1.02990e-08   5.08212e-07
   1.03000e-08   5.07168e-07
   1.03010e-08   5.06124e-07
   1.03020e-08   5.05079e-07
   1.03030e-08   5.04036e-07
   1.03040e-08   5.02992e-07
   1.03051e-08   5.01948e-07
   1.03061e-08   5.00905e-07
   1.03071e-08   4.99862e-07
   1.03081e-08   4.98819e-07
   1.03091e-08   4.97776e-07
   1.03101e-08   4.96733e-07
   1.03111e-08   4.95691e-07
   1.03121e-08   4.94648e-07
   1.03131e-08   4.93606e-07
   1.03141e-08   4.92564e-07
   1.03151e-08   4.91523e-07
   1.03161e-08   4.90481e-07
   1.03171e-08   4.89440e-07
   1.03181e-08   4.88399e-07
   1.03191e-08   4.87358e-07
   1.03201e-08   4.86317e-07
   1.03211e-08   4.85276e-07
   1.03221e-08   4.84235e-07
   1.03232e-08   4.83195e-07
   1.03242e-08   4.82155e-07
   1.03252e-08   4.81115e-07
   1.03262e-08   4.80075e-07
   1.03272e-08   4.79035e-07
   1.03282e-08   4.77996e-07
   1.03292e-08   4.76957e-07
   1.03302e-08   4.75917e-07
   1.03312e-08   4.74878e-07
   1.03322e-08   4.73839e-07
   1.03332e-08   4.72801e-07
   1.03342e-08   4.71762e-07
   1.03352e-08   4.70724e-07
   1.03362e-08   4.69685e-07
   1.03372e-08   4.68647e-07
   1.03382e-08   4.67609e-07
   1.03392e-08   4.66572e-07
   1.03402e-08   4.65534e-07
   1.03413e-08   4.64497e-07
   1.03423e-08   4.63459e-07
   1.03433e-08   4.62422e-07
   1.03443e-08   4.61385e-07
   1.03453e-08   4.60348e-07
   1.03463e-08   4.59311e-07
   1.03473e-08   4.58275e-07
   1.03483e-08   4.57239e-07
   1.03493e-08   4.56202e-07
   1.03503e-08   4.55166e-07
   1.03513e-08   4.54130e-07
   1.03523e-08   4.53094e-07
   1.03533e-08   4.52059e-07
   1.03543e-08   4.51023e-07
   1.03553e-08   4.49988e-07
   1.03563e-08   4.48952e-07
   1.03573e-08   4.47917e-07
   1.03584e-08   4.46882e-07
   1.03594e-08   4.45848e-07
   1.03604e-08   4.44813e-07
   1.03614e-08   4.43778e-07
   1.03624e-08   4.42744e-07
   1.03634e-08   4.41710e-07
   1.03644e-08   4.40676e-07
   1.03654e-08   4.39642e-07
   1.03664e-08   4.38608e-07
   1.03674e-08   4.37574e-07
   1.03684e-08   4.36541e-07
   1.03694e-08   4.35507e-07
   1.03704e-08   4.34474e-07
   1.03714e-08   4.33441e-07
   1.03724e-08   4.32408e-07
   1.03734e-08   4.31375e-07
   1.03744e-08   4.30342e-07
   1.03754e-08   4.29308e-07
   1.03765e-08   4.28271e-07
   1.03775e-08   4.27232e-07
   1.03785e-08   4.26191e-07
   1.03795e-08   4.25149e-07
   1.03805e-08   4.24105e-07
   1.03815e-08   4.23060e-07
   1.03825e-08   4.22015e-07
   1.03835e-08   4.20968e-07
   1.03845e-08   4.19921e-07
   1.03855e-08   4.18872e-07
   1.03865e-08   4.17823e-07
   1.03875e-08   4.16774e-07
   1.03885e-08   4.15723e-07
   1.03895e-08   4.14672e-07
   1.03905e-08   4.13620e-07
   1.03915e-08   4.12568e-07
   1.03925e-08   4.11515e-07
   1.03936e-08   4.10461e-07
   1.03946e-08   4.09407e-07
   1.03956e-08   4.08352e-07
   1.03966e-08   4.07297e-07
   1.03976e-08   4.06242e-07
   1.03986e-08   4.05186e-07
   1.03996e-08   4.04129e-07
   1.04006e-08   4.03072e-07
   1.04016e-08   4.02014e-07
   1.04026e-08   4.00956e-07
   1.04036e-08   3.99898e-07
   1.04046e-08   3.98839e-07
   1.04056e-08   3.97780e-07
   1.04066e-08   3.96720e-07
   1.04076e-08   3.95660e-07
   1.04086e-08   3.94599e-07
   1.04096e-08   3.93539e-07
   1.04107e-08   3.92477e-07
   1.04117e-08   3.91416e-07
   1.04127e-08   3.90354e-07
   1.04137e-08   3.89291e-07
   1.04147e-08   3.88229e-07
   1.04157e-08   3.87166e-07
   1.04167e-08   3.86102e-07
   1.04177e-08   3.85039e-07
   1.04187e-08   3.83975e-07
   1.04197e-08   3.82910e-07
   1.04207e-08   3.81846e-07
   1.04217e-08   3.80781e-07
   1.04227e-08   3.79715e-07
   1.04237e-08   3.78650e-07
   1.04247e-08   3.77584e-07
   1.04257e-08   3.76518e-07
   1.04267e-08   3.75451e-07
   1.04278e-08   3.74385e-07
   1.04288e-08   3.73320e-07
   1.04298e-08   3.72259e-07
   1.04308e-08   3.71199e-07
   1.04318e-08   3.70141e-07
   1.04328e-08   3.69083e-07
   1.04338e-08   3.68027e-07
   1.04348e-08   3.66972e-07
   1.04358e-08   3.65917e-07
   1.04368e-08   3.64863e-07
   1.04378e-08   3.63810e-07
   1.04388e-08   3.62758e-07
   1.04398e-08   3.61706e-07
   1.04408e-08   3.60655e-07
   1.04418e-08   3.59604e-07
   1.04428e-08   3.58554e-07
   1.04438e-08   3.57504e-07
   1.04449e-08   3.56455e-07
   1.04459e-08   3.55406e-07
   1.04469e-08   3.54358e-07
   1.04479e-08   3.53310e-07
   1.04489e-08   3.52263e-07
   1.04499e-08   3.51216e-07
   1.04509e-08   3.50169e-07
   1.04519e-08   3.49123e-07
   1.04529e-08   3.48077e-07
   1.04539e-08   3.47031e-07
   1.04549e-08   3.45986e-07
   1.04559e-08   3.44941e-07
   1.04569e-08   3.43897e-07
   1.04579e-08   3.42853e-07
   1.04589e-08   3.41809e-07
   1.04599e-08   3.40765e-07
   1.04609e-08   3.39722e-07
   1.04620e-08   3.38679e-07
   1.04630e-08   3.37637e-07
   1.04640e-08   3.36594e-07
   1.04650e-08   3.35552e-07
   1.04660e-08   3.34510e-07
   1.04670e-08   3.33469e-07
   1.04680e-08   3.32428e-07
   1.04690e-08   3.31387e-07
   1.04700e-08   3.30346e-07
   1.04710e-08   3.29305e-07
   1.04720e-08   3.28265e-07
   1.04730e-08   3.27225e-07
   1.04740e-08   3.26185e-07
   1.04750e-08   3.25146e-07
   1.04760e-08   3.24107e-07
   1.04770e-08   3.23068e-07
   1.04781e-08   3.22029e-07
   1.04791e-08   3.20990e-07
   1.04801e-08   3.19952e-07
   1.04811e-08   3.18914e-07
   1.04821e-08   3.17876e-07
   1.04831e-08   3.16839e-07
   1.04841e-08   3.15801e-07
   1.04851e-08   3.14764e-07
   1.04861e-08   3.13727e-07
   1.04871e-08   3.12690e-07
   1.04881e-08   3.11654e-07
   1.04891e-08   3.10617e-07
   1.04901e-08   3.09581e-07
   1.04911e-08   3.08545e-07
   1.04921e-08   3.07509e-07
   1.04931e-08   3.06474e-07
   1.04942e-08   3.05438e-07
   1.04952e-08   3.04403e-07
   1.04962e-08   3.03368e-07
   1.04972e-08   3.02333e-07
   1.04982e-08   3.01299e-07
   1.04992e-08   3.00264e-07
   1.05002e-08   2.99230e-07
   1.05012e-08   2.98196e-07
   1.05022e-08   2.97162e-07
   1.05032e-08   2.96129e-07
   1.05042e-08   2.95095e-07
   1.05052e-08   2.94062e-07
   1.05062e-08   2.93029e-07
   1.05072e-08   2.91996e-07
   1.05082e-08   2.90963e-07
   1.05092e-08   2.89930e-07
   1.05102e-08   2.88898e-07
   1.05113e-08   2.87866e-07
   1.05123e-08   2.86834e-07
   1.05133e-08   2.85802e-07
   1.05143e-08   2.84770e-07
   1.05153e-08   2.83738e-07
   1.05163e-08   2.82707e-07
   1.05173e-08   2.81676e-07
   1.05183e-08   2.80645e-07
   1.05193e-08   2.79614e-07
   1.05203e-08   2.78583e-07
   1.05213e-08   2.77552e-07
   1.05223e-08   2.76522e-07
   1.05233e-08   2.75492e-07
   1.05243e-08   2.74462e-07
   1.05253e-08   2.73432e-07
   1.05263e-08   2.72402e-07
   1.05274e-08   2.71372e-07
   1.05284e-08   2.70343e-07
   1.05294e-08   2.69314e-07
   1.05304e-08   2.68285e-07
   1.05314e-08   2.67256e-07
   1.05324e-08   2.66227e-07
   1.05334e-08   2.65198e-07
   1.05344e-08   2.64170e-07
   1.05354e-08   2.63141e-07
   1.05364e-08   2.62113e-07
   1.05374e-08   2.61085e-07
   1.05384e-08   2.60057e-07
   1.05394e-08   2.59029e-07
   1.05404e-08   2.58002e-07
   1.05414e-08   2.56974e-07
   1.05424e-08   2.55947e-07
   1.05435e-08   2.54920e-07
   1.05445e-08   2.53893e-07
   1.05455e-08   2.52866e-07
   1.05465e-08   2.51839e-07
   1.05475e-08   2.50812e-07
   1.05485e-08   2.49786e-07
   1.05495e-08   2.48760e-07
   1.05505e-08   2.47733e-07
   1.05515e-08   2.46707e-07
   1.05525e-08   2.45682e-07
   1.05535e-08   2.44656e-07
   1.05545e-08   2.43630e-07
   1.05555e-08   2.42605e-07
   1.05565e-08   2.41579e-07
   1.05575e-08   2.40554e-07
   1.05586e-08   2.39529e-07
   1.05596e-08   2.38504e-07
   1.05606e-08   2.37480e-07
   1.05616e-08   2.36455e-07
   1.05626e-08   2.35430e-07
   1.05636e-08   2.34406e-07
   1.05646e-08   2.33382e-07
   1.05656e-08   2.32358e-07
   1.05666e-08   2.31334e-07
   1.05676e-08   2.30310e-07
   1.05686e-08   2.29283e-07
   1.05696e-08   2.28253e-07
   1.05706e-08   2.27222e-07
   1.05716e-08   2.26189e-07
   1.05726e-08   2.25155e-07
   1.05736e-08   2.24119e-07
   1.05747e-08   2.23083e-07
   1.05757e-08   2.22046e-07
   1.05767e-08   2.21008e-07
   1.05777e-08   2.19969e-07
   1.05787e-08   2.18929e-07
   1.05797e-08   2.17888e-07
   1.05807e-08   2.16847e-07
   1.05817e-08   2.15805e-07
   1.05827e-08   2.14763e-07
   1.05837e-08   2.13720e-07
   1.05847e-08   2.12676e-07
   1.05857e-08   2.11632e-07
   1.05867e-08   2.10587e-07
   1.05877e-08   2.09542e-07
   1.05887e-08   2.08496e-07
   1.05897e-08   2.07449e-07
   1.05908e-08   2.06402e-07
   1.05918e-08   2.05355e-07
   1.05928e-08   2.04307e-07
   1.05938e-08   2.03259e-07
   1.05948e-08   2.02210e-07
   1.05958e-08   2.01161e-07
   1.05968e-08   2.00111e-07
   1.05978e-08   1.99061e-07
   1.05988e-08   1.98011e-07
   1.05998e-08   1.96960e-07
   1.06008e-08   1.95909e-07
   1.06018e-08   1.94857e-07
   1.06028e-08   1.93805e-07
   1.06038e-08   1.92753e-07
   1.06048e-08   1.91700e-07
   1.06059e-08   1.90647e-07
   1.06069e-08   1.89594e-07
   1.06079e-08   1.88540e-07
   1.06089e-08   1.87486e-07
   1.06099e-08   1.86432e-07
   1.06109e-08   1.85377e-07
   1.06119e-08   1.84322e-07
   1.06129e-08   1.83267e-07
   1.06139e-08   1.82211e-07
   1.06149e-08   1.81155e-07
   1.06159e-08   1.80099e-07
   1.06169e-08   1.79042e-07
   1.06179e-08   1.77985e-07
   1.06189e-08   1.76928e-07
   1.06199e-08   1.75870e-07
   1.06209e-08   1.74813e-07
   1.06220e-08   1.73755e-07
   1.06230e-08   1.72699e-07
   1.06240e-08   1.71647e-07
   1.06250e-08   1.70596e-07
   1.06260e-08   1.69546e-07
   1.06270e-08   1.68497e-07
   1.06280e-08   1.67450e-07
   1.06290e-08   1.66403e-07
   1.06300e-08   1.65357e-07
   1.06310e-08   1.64312e-07
   1.06320e-08   1.63267e-07
   1.06330e-08   1.62224e-07
   1.06340e-08   1.61181e-07
   1.06350e-08   1.60138e-07
   1.06360e-08   1.59096e-07
   1.06371e-08   1.58054e-07
   1.06381e-08   1.57013e-07
   1.06391e-08   1.55973e-07
   1.06401e-08   1.54933e-07
   1.06411e-08   1.53893e-07
   1.06421e-08   1.52854e-07
   1.06431e-08   1.51815e-07
   1.06441e-08   1.50777e-07
   1.06451e-08   1.49739e-07
   1.06461e-08   1.48702e-07
   1.06471e-08   1.47664e-07
   1.06481e-08   1.46628e-07
   1.06491e-08   1.45591e-07
   1.06501e-08   1.44555e-07
   1.06511e-08   1.43519e-07
   1.06522e-08   1.42484e-07
   1.06532e-08   1.41448e-07
   1.06542e-08   1.40414e-07
   1.06552e-08   1.39379e-07
   1.06562e-08   1.38345e-07
   1.06572e-08   1.37311e-07
   1.06582e-08   1.36277e-07
   1.06592e-08   1.35244e-07
   1.06602e-08   1.34211e-07
   1.06612e-08   1.33178e-07
   1.06622e-08   1.32145e-07
   1.06632e-08   1.31113e-07
   1.06642e-08   1.30081e-07
   1.06652e-08   1.29049e-07
   1.06662e-08   1.28018e-07
   1.06673e-08   1.26986e-07
   1.06683e-08   1.25955e-07
   1.06693e-08   1.24925e-07
   1.06703e-08   1.23894e-07
   1.06713e-08   1.22864e-07
   1.06723e-08   1.21834e-07
   1.06733e-08   1.20804e-07
   1.06743e-08   1.19774e-07
   1.06753e-08   1.18745e-07
   1.06763e-08   1.17716e-07
   1.06773e-08   1.16687e-07
   1.06783e-08   1.15658e-07
   1.06793e-08   1.14629e-07
   1.06803e-08   1.13601e-07
   1.06813e-08   1.12573e-07
   1.06824e-08   1.11545e-07
   1.06834e-08   1.10518e-07
   1.06844e-08   1.09490e-07
   1.06854e-08   1.08463e-07
   1.06864e-08   1.07436e-07
   1.06874e-08   1.06409e-07
   1.06884e-08   1.05382e-07
   1.06894e-08   1.04356e-07
   1.06904e-08   1.03329e-07
   1.06914e-08   1.02303e-07
   1.06924e-08   1.01277e-07
   1.06934e-08   1.00252e-07
   1.06944e-08   9.92262e-08
   1.06954e-08   9.82009e-08
   1.06964e-08   9.71757e-08
   1.06975e-08   9.61508e-08
   1.06985e-08   9.51260e-08
   1.06995e-08   9.41014e-08
   1.07005e-08   9.30769e-08
   1.07015e-08   9.20527e-08
   1.07025e-08   9.10286e-08
   1.07035e-08   9.00047e-08
   1.07045e-08   8.89810e-08
   1.07055e-08   8.79575e-08
   1.07065e-08   8.69341e-08
   1.07075e-08   8.59109e-08
   1.07085e-08   8.48879e-08
   1.07095e-08   8.38650e-08
   1.07105e-08   8.28423e-08
   1.07116e-08   8.18198e-08
   1.07126e-08   8.07974e-08
   1.07136e-08   7.97752e-08
   1.07146e-08   7.87532e-08
   1.07156e-08   7.77313e-08
   1.07166e-08   7.67096e-08
   1.07176e-08   7.56881e-08
   1.07186e-08   7.46667e-08
   1.07196e-08   7.36455e-08
   1.07206e-08   7.26244e-08
   1.07216e-08   7.16035e-08
   1.07226e-08   7.05831e-08
