 4.12407554057229e-13   4.92e+02 
 8.26309591889960e-13   9.90e+02 
 1.24209196608111e-12   1.50e+03 
 1.66069954788661e-12   1.45e+03 
 2.08236948681100e-12   1.38e+03 
 2.50699866783643e-12   1.32e+03 
 2.93444948106539e-12   1.25e+03 
 3.36457283304146e-12   1.18e+03 
 3.79721444781657e-12   1.11e+03 
 4.23221731492307e-12   1.04e+03 
 4.66942311260702e-12   9.64e+02 
 5.10867319878555e-12   8.88e+02 
 5.54980930198412e-12   8.12e+02 
 5.99267396713021e-12   7.33e+02 
 6.43711080253433e-12   6.54e+02 
 6.88296457188344e-12   5.74e+02 
 7.33008116979854e-12   4.93e+02 
 7.77830751246832e-12   4.11e+02 
 8.22749136771162e-12   3.29e+02 
 8.67748114246618e-12   2.46e+02 
 9.12812564046640e-12   1.62e+02 
 9.57927379875055e-12   7.83e+01 
 1.00307744084785e-11   0.00e+00 
 1.04824924232331e-11   0.00e+00 
 1.09343812994047e-11   0.00e+00 
 1.13864306771822e-11   0.00e+00 
 1.18386338000470e-11   0.00e+00 
 1.22909853679347e-11   0.00e+00 
 1.27434808298035e-11   0.00e+00 
 1.31961161330240e-11   0.00e+00 
 1.36488876159619e-11   0.00e+00 
 1.41017919433783e-11   0.00e+00 
 1.45548260564080e-11   0.00e+00 
 1.50079871302737e-11   0.00e+00 
 1.54612725383821e-11   0.00e+00 
 1.59146798224026e-11   0.00e+00 
 1.63682066678366e-11   0.00e+00 
 1.68218508843950e-11   0.00e+00 
 1.72756103904133e-11   0.00e+00 
 1.77294832005506e-11   0.00e+00 
 1.81834674160923e-11   0.00e+00 
 1.86375612172765e-11   0.00e+00 
 1.90917628571706e-11   0.00e+00 
 1.95460706567166e-11   0.00e+00 
 2.00004830006522e-11   0.00e+00 
 2.04549983340786e-11   0.00e+00 
 2.09096151595041e-11   0.00e+00 
 2.13643320342366e-11   0.00e+00 
 2.18191475680299e-11   0.00e+00 
 2.22740604209164e-11   0.00e+00 
 2.27290693011782e-11   0.00e+00 
 2.31841729634218e-11   0.00e+00 
 2.36393702067341e-11   0.00e+00 
 2.40946598729038e-11   0.00e+00 
 2.45500408446991e-11   0.00e+00 
 2.50055120441948e-11   0.00e+00 
 2.54610724311469e-11   0.00e+00 
 2.59167210014126e-11   0.00e+00 
 2.63724567854149e-11   0.00e+00 
 2.68282788466539e-11   0.00e+00 
 2.72841862802631e-11   0.00e+00 
 2.77401782116136e-11   0.00e+00 
 2.81962537949656e-11   0.00e+00 
 2.86524122121682e-11   0.00e+00 
 2.91086526714077e-11   0.00e+00 
 2.95649744060046e-11   0.00e+00 
 3.00213766732592e-11   0.00e+00 
 3.04778587533449e-11   0.00e+00 
 3.09344199482500e-11   0.00e+00 
 3.13910595807653e-11   0.00e+00 
 3.18477769935177e-11   0.00e+00 
 3.23045715480493e-11   0.00e+00 
 3.27614426239394e-11   0.00e+00 
 3.32183896179685e-11   0.00e+00 
 3.36754119433241e-11   0.00e+00 
 3.41325090288449e-11   0.00e+00 
 3.45896803183038e-11   0.00e+00 
 3.50469252697272e-11   0.00e+00 
 3.55042433547487e-11   0.00e+00 
 3.59616340579970e-11   0.00e+00 
 3.64190968765155e-11   0.00e+00 
 3.68766313192126e-11   0.00e+00 
 3.73342369063408e-11   0.00e+00 
 3.77919131690039e-11   0.00e+00 
 3.82496596486899e-11   0.00e+00 
 3.87074758968301e-11   0.00e+00 
 3.91653614743806e-11   0.00e+00 
 3.96233159514269e-11   0.00e+00 
 4.00813389068104e-11   0.00e+00 
 4.05394299277737e-11   0.00e+00 
 4.09975886096266e-11   0.00e+00 
 4.14558145554291e-11   0.00e+00 
 4.19141073756913e-11   0.00e+00 
 4.23724666880908e-11   0.00e+00 
 4.28308921172033e-11   0.00e+00 
 4.32893832942497e-11   0.00e+00 
 4.37479398568549e-11   0.00e+00 
 4.42065614488208e-11   0.00e+00 
 4.46652477199100e-11   0.00e+00 
 4.51239983256423e-11   0.00e+00 
 4.55828129271010e-11   0.00e+00 
 4.60416911907490e-11   0.00e+00 
 4.65006327882556e-11   0.00e+00 
 4.69596373963309e-11   0.00e+00 
 4.74187046965694e-11   0.00e+00 
 4.78778343753017e-11   0.00e+00 
 4.83370261234527e-11   0.00e+00 
 4.87962796364082e-11   0.00e+00 
 4.92555946138866e-11   0.00e+00 
 4.97149707598181e-11   0.00e+00 
 5.01744077822292e-11   0.00e+00 
 5.06339053931329e-11   0.00e+00 
 5.10934633084233e-11   0.00e+00 
 5.15530812477769e-11   0.00e+00 
 5.20127589345565e-11   0.00e+00 
 5.24724960957205e-11   0.00e+00 
 5.29322924617366e-11   0.00e+00 
 5.33921477664981e-11   0.00e+00 
 5.38520617472453e-11   0.00e+00 
 5.43120341444890e-11   0.00e+00 
 5.47720647019384e-11   0.00e+00 
 5.52321531664311e-11   0.00e+00 
 5.56922992878661e-11   0.00e+00 
 5.61525028191402e-11   0.00e+00 
 5.66127635160863e-11   0.00e+00 
 5.70730811374141e-11   0.00e+00 
 5.75334554446532e-11   0.00e+00 
 5.79938862020985e-11   0.00e+00 
 5.84543731767575e-11   0.00e+00 
 5.89149161382993e-11   0.00e+00 
 5.93755148590055e-11   0.00e+00 
 5.98361691137234e-11   0.00e+00 
 6.02968786798194e-11   0.00e+00 
 6.07576433371357e-11   0.00e+00 
 6.12184628679469e-11   0.00e+00 
 6.16793370569190e-11   0.00e+00 
 6.21402656910689e-11   0.00e+00 
 6.26012485597261e-11   0.00e+00 
 6.30622854544943e-11   0.00e+00 
 6.35233761692153e-11   0.00e+00 
 6.39845204999333e-11   0.00e+00 
 6.44457182448601e-11   0.00e+00 
 6.49069692043416e-11   0.00e+00 
 6.53682731808253e-11   0.00e+00 
 6.58296299788279e-11   0.00e+00 
 6.62910394049050e-11   0.00e+00 
 6.67525012676197e-11   0.00e+00 
 6.72140153775140e-11   0.00e+00 
 6.76755815470796e-11   0.00e+00 
 6.81371995907297e-11   0.00e+00 
 6.85988693247712e-11   0.00e+00 
 6.90605905673784e-11   0.00e+00 
 6.95223631385660e-11   0.00e+00 
 6.99841868601638e-11   0.00e+00 
 7.04460615557911e-11   0.00e+00 
 7.09079870508321e-11   0.00e+00 
 7.13699631724119e-11   0.00e+00 
 7.18319897493723e-11   0.00e+00 
 7.22940666122490e-11   0.00e+00 
 7.27561935932483e-11   0.00e+00 
 7.32183705262250e-11   0.00e+00 
 7.36805972466600e-11   0.00e+00 
 7.41428735916392e-11   0.00e+00 
 7.46051993998319e-11   0.00e+00 
 7.50675745114699e-11   0.00e+00 
 7.55299987683272e-11   0.00e+00 
 7.59924720136995e-11   0.00e+00 
 7.64549940923847e-11   0.00e+00 
 7.69175648506633e-11   0.00e+00 
 7.73801841362788e-11   0.00e+00 
 7.78428517984196e-11   0.00e+00 
 7.83055676876994e-11   0.00e+00 
 7.87683316561398e-11   0.00e+00 
 7.92311435571515e-11   0.00e+00 
 7.96940032455172e-11   0.00e+00 
 8.01569105773735e-11   0.00e+00 
 8.06198654101941e-11   0.00e+00 
 8.10828676027725e-11   0.00e+00 
 8.15459170152054e-11   0.00e+00 
 8.20090135088763e-11   0.00e+00 
 8.24721569464389e-11   0.00e+00 
 8.29353471918012e-11   0.00e+00 
 8.33985841101100e-11   0.00e+00 
 8.38618675677348e-11   0.00e+00 
 8.43251974322526e-11   0.00e+00 
 8.47885735724330e-11   0.00e+00 
 8.52519958582227e-11   0.00e+00 
 8.57154641607312e-11   0.00e+00 
 8.61789783522159e-11   0.00e+00 
 8.66425383060680e-11   0.00e+00 
 8.71061438967982e-11   0.00e+00 
 8.75697950000227e-11   0.00e+00 
 8.80334914924492e-11   0.00e+00 
 8.84972332518637e-11   0.00e+00 
 8.89610201571167e-11   0.00e+00 
 8.94248520881101e-11   0.00e+00 
 8.98887289257841e-11   0.00e+00 
 9.03526505521040e-11   0.00e+00 
 9.08166168500480e-11   0.00e+00 
 9.12806277035940e-11   0.00e+00 
 9.17446829977075e-11   0.00e+00 
 9.22087826183293e-11   0.00e+00 
 9.26729264523634e-11   0.00e+00 
 9.31371143876649e-11   0.00e+00 
 9.36013463130283e-11   0.00e+00 
 9.40656221181760e-11   0.00e+00 
 9.45299416937465e-11   0.00e+00 
 9.49943049312832e-11   0.00e+00 
 9.54587117232233e-11   0.00e+00 
 9.59231619628863e-11   0.00e+00 
 9.63876555444639e-11   0.00e+00 
 9.68521923630082e-11   0.00e+00 
 9.73167723144220e-11   0.00e+00 
 9.77813952954475e-11   0.00e+00 
 9.82460612036565e-11   0.00e+00 
 9.87107699374398e-11   0.00e+00 
 9.91755213959975e-11   0.00e+00 
 9.96403154793284e-11   0.00e+00 
 1.00105152088221e-10   0.00e+00 
 1.00570031124242e-10   0.00e+00 
 1.01034952489730e-10   0.00e+00 
 1.01499916087783e-10   0.00e+00 
 1.01964921822249e-10   0.00e+00 
 1.02429969597720e-10   0.00e+00 
 1.02895059319518e-10   0.00e+00 
 1.03360190893691e-10   0.00e+00 
 1.03825364227000e-10   0.00e+00 
 1.04290579226915e-10   0.00e+00 
 1.04755835801600e-10   0.00e+00 
 1.05221133859909e-10   0.00e+00 
 1.05686473311377e-10   0.00e+00 
 1.06151854066211e-10   0.00e+00 
 1.06617276035281e-10   0.00e+00 
 1.07082739130114e-10   0.00e+00 
 1.07548243262883e-10   0.00e+00 
 1.08013788346403e-10   0.00e+00 
 1.08479374294120e-10   0.00e+00 
 1.08945001020103e-10   0.00e+00 
 1.09410668439040e-10   0.00e+00 
 1.09876376466228e-10   0.00e+00 
 1.10342125017565e-10   0.00e+00 
 1.10807914009542e-10   0.00e+00 
 1.11273743359242e-10   0.00e+00 
 1.11739612984323e-10   0.00e+00 
 1.12205522803020e-10   0.00e+00 
 1.12671472734133e-10   0.00e+00 
 1.13137462697020e-10   0.00e+00 
 1.13603492611595e-10   0.00e+00 
 1.14069562398315e-10   0.00e+00 
 1.14535671978178e-10   0.00e+00 
 1.15001821272715e-10   0.00e+00 
 1.15468010203983e-10   0.00e+00 
 1.15934238694560e-10   0.00e+00 
 1.16400506667537e-10   0.00e+00 
 1.16866814046515e-10   0.00e+00 
 1.17333160755594e-10   0.00e+00 
 1.17799546719372e-10   0.00e+00 
 1.18265971862937e-10   0.00e+00 
 1.18732436111860e-10   0.00e+00 
 1.19198939392191e-10   0.00e+00 
 1.19665481630453e-10   0.00e+00 
 1.20132062753635e-10   0.00e+00 
 1.20598682689189e-10   0.00e+00 
 1.21065341365023e-10   0.00e+00 
 1.21532038709495e-10   0.00e+00 
 1.21998774651409e-10   0.00e+00 
 1.22465549120009e-10   0.00e+00 
 1.22932362044974e-10   0.00e+00 
 1.23399213356414e-10   0.00e+00 
 1.23866102984862e-10   0.00e+00 
 1.24333030861273e-10   0.00e+00 
 1.24799996917017e-10   0.00e+00 
 1.25267001083872e-10   0.00e+00 
 1.25734043294025e-10   0.00e+00 
 1.26201123480061e-10   0.00e+00 
 1.26668241574962e-10   0.00e+00 
 1.27135397512102e-10   0.00e+00 
 1.27602591225242e-10   0.00e+00 
 1.28069822648526e-10   0.00e+00 
 1.28537091716476e-10   0.00e+00 
 1.29004398363988e-10   0.00e+00 
 1.29471742526327e-10   0.00e+00 
 1.29939124139124e-10   0.00e+00 
 1.30406543138372e-10   0.00e+00 
 1.30873999460420e-10   0.00e+00 
 1.31341493041972e-10   0.00e+00 
 1.31809023820078e-10   0.00e+00 
 1.32276591732137e-10   0.00e+00 
 1.32744196715886e-10   0.00e+00 
 1.33211838709403e-10   0.00e+00 
 1.33679517651096e-10   0.00e+00 
 1.34147233479706e-10   0.00e+00 
 1.34614986134298e-10   0.00e+00 
 1.35082775554263e-10   0.00e+00 
 1.35550601679307e-10   0.00e+00 
 1.36018464449454e-10   0.00e+00 
 1.36486363805041e-10   0.00e+00 
 1.36954299686711e-10   0.00e+00 
 1.37422272035415e-10   0.00e+00 
 1.37890280792404e-10   0.00e+00 
 1.38358325899229e-10   0.00e+00 
 1.38826407297735e-10   0.00e+00 
 1.39294524930061e-10   0.00e+00 
 1.39762678738634e-10   0.00e+00 
 1.40230868666167e-10   0.00e+00 
 1.40699094655655e-10   0.00e+00 
 1.41167356650374e-10   0.00e+00 
 1.41635654593877e-10   0.00e+00 
 1.42103988429990e-10   0.00e+00 
 1.42572358102810e-10   0.00e+00 
 1.43040763556703e-10   0.00e+00 
 1.43509204736299e-10   0.00e+00 
 1.43977681586491e-10   0.00e+00 
 1.44446194052432e-10   0.00e+00 
 1.44914742079531e-10   0.00e+00 
 1.45383325613452e-10   0.00e+00 
 1.45851944600111e-10   0.00e+00 
 1.46320598985672e-10   0.00e+00 
 1.46789288716545e-10   0.00e+00 
 1.47258013739386e-10   0.00e+00 
 1.47726774001091e-10   0.00e+00 
 1.48195569448795e-10   0.00e+00 
 1.48664400029868e-10   0.00e+00 
 1.49133265691917e-10   0.00e+00 
 1.49602166382778e-10   0.00e+00 
 1.50071102050518e-10   0.00e+00 
 1.50540072643430e-10   0.00e+00 
 1.51009078110033e-10   0.00e+00 
 1.51478118399067e-10   0.00e+00 
 1.51947193459493e-10   0.00e+00 
 1.52416303240490e-10   0.00e+00 
 1.52885447691452e-10   0.00e+00 
 1.53354626761988e-10   0.00e+00 
 1.53823840401919e-10   0.00e+00 
 1.54293088561274e-10   0.00e+00 
 1.54762371190291e-10   0.00e+00 
 1.55231688239413e-10   0.00e+00 
 1.55701039659285e-10   0.00e+00 
 1.56170425400757e-10   0.00e+00 
 1.56639845414875e-10   0.00e+00 
 1.57109299652886e-10   0.00e+00 
 1.57578788066229e-10   0.00e+00 
 1.58048310606541e-10   0.00e+00 
 1.58517867225649e-10   0.00e+00 
 1.58987457875570e-10   0.00e+00 
 1.59457082508510e-10   0.00e+00 
 1.59926741076863e-10   0.00e+00 
 1.60396433533206e-10   0.00e+00 
 1.60866159830300e-10   0.00e+00 
 1.61335919921089e-10   0.00e+00 
 1.61805713758695e-10   0.00e+00 
 1.62275541296419e-10   0.00e+00 
 1.62745402487739e-10   0.00e+00 
 1.63215297286308e-10   0.00e+00 
 1.63685225645952e-10   0.00e+00 
 1.64155187520669e-10   0.00e+00 
 1.64625182864627e-10   0.00e+00 
 1.65095211632165e-10   0.00e+00 
 1.65565273777787e-10   0.00e+00 
 1.66035369256164e-10   0.00e+00 
 1.66505498022129e-10   0.00e+00 
 1.66975660030682e-10   0.00e+00 
 1.67445855236982e-10   0.00e+00 
 1.67916083596348e-10   0.00e+00 
 1.68386345064258e-10   0.00e+00 
 1.68856639596349e-10   0.00e+00 
 1.69326967148412e-10   0.00e+00 
 1.69797327676393e-10   0.00e+00 
 1.70267721136392e-10   0.00e+00 
 1.70738147484660e-10   0.00e+00 
 1.71208606677600e-10   0.00e+00 
 1.71679098671765e-10   0.00e+00 
 1.72149623423854e-10   0.00e+00 
 1.72620180890714e-10   0.00e+00 
 1.73090771029340e-10   0.00e+00 
 1.73561393796867e-10   0.00e+00 
 1.74032049150579e-10   0.00e+00 
 1.74502737047897e-10   0.00e+00 
 1.74973457446387e-10   0.00e+00 
 1.75444210303752e-10   0.00e+00 
 1.75914995577837e-10   0.00e+00 
 1.76385813226622e-10   0.00e+00 
 1.76856663208224e-10   0.00e+00 
 1.77327545480897e-10   0.00e+00 
 1.77798460003029e-10   0.00e+00 
 1.78269406733140e-10   0.00e+00 
 1.78740385629884e-10   0.00e+00 
 1.79211396652045e-10   0.00e+00 
 1.79682439758539e-10   0.00e+00 
 1.80153514908410e-10   0.00e+00 
 1.80624622060830e-10   0.00e+00 
 1.81095761175099e-10   0.00e+00 
 1.81566932210645e-10   0.00e+00 
 1.82038135127019e-10   0.00e+00 
 1.82509369883896e-10   0.00e+00 
 1.82980636441078e-10   0.00e+00 
 1.83451934758487e-10   0.00e+00 
 1.83923264796167e-10   0.00e+00 
 1.84394626514282e-10   0.00e+00 
 1.84866019873119e-10   0.00e+00 
 1.85337444833082e-10   0.00e+00 
 1.85808901354692e-10   0.00e+00 
 1.86280389398590e-10   0.00e+00 
 1.86751908925533e-10   0.00e+00 
 1.87223459896391e-10   0.00e+00 
 1.87695042272152e-10   0.00e+00 
 1.88166656013918e-10   0.00e+00 
 1.88638301082901e-10   0.00e+00 
 1.89109977440430e-10   0.00e+00 
 1.89581685047943e-10   0.00e+00 
 1.90053423866988e-10   0.00e+00 
 1.90525193859226e-10   0.00e+00 
 1.90996994986425e-10   0.00e+00 
 1.91468827210464e-10   0.00e+00 
 1.91940690493328e-10   0.00e+00 
 1.92412584797109e-10   0.00e+00 
 1.92884510084007e-10   0.00e+00 
 1.93356466316328e-10   0.00e+00 
 1.93828453456481e-10   0.00e+00 
 1.94300471466980e-10   0.00e+00 
 1.94772520310446e-10   0.00e+00 
 1.95244599949598e-10   0.00e+00 
 1.95716710347260e-10   0.00e+00 
 1.96188851466358e-10   0.00e+00 
 1.96661023269919e-10   0.00e+00 
 1.97133225721070e-10   0.00e+00 
 1.97605458783036e-10   0.00e+00 
 1.98077722419145e-10   0.00e+00 
 1.98550016592821e-10   0.00e+00 
 1.99022341267585e-10   0.00e+00 
 1.99494696407058e-10   0.00e+00 
 1.99967081974957e-10   0.00e+00 
 2.00439497935094e-10   0.00e+00 
 2.00911944251376e-10   0.00e+00 
 2.01384420887807e-10   0.00e+00 
 2.01856927808484e-10   0.00e+00 
 2.02329464977600e-10   0.00e+00 
 2.02802032359437e-10   0.00e+00 
 2.03274629918374e-10   0.00e+00 
 2.03747257618880e-10   0.00e+00 
 2.04219915425516e-10   0.00e+00 
 2.04692603302934e-10   0.00e+00 
 2.05165321215877e-10   0.00e+00 
 2.05638069129177e-10   0.00e+00 
 2.06110847007758e-10   0.00e+00 
 2.06583654816629e-10   0.00e+00 
 2.07056492520892e-10   0.00e+00 
 2.07529360085734e-10   0.00e+00 
 2.08002257476429e-10   0.00e+00 
 2.08475184658342e-10   0.00e+00 
 2.08948141596919e-10   0.00e+00 
 2.09421128257698e-10   0.00e+00 
 2.09894144606297e-10   0.00e+00 
 2.10367190608423e-10   0.00e+00 
 2.10840266229866e-10   0.00e+00 
 2.11313371436501e-10   0.00e+00 
 2.11786506194285e-10   0.00e+00 
 2.12259670469262e-10   0.00e+00 
 2.12732864227555e-10   0.00e+00 
 2.13206087435371e-10   0.00e+00 
 2.13679340058999e-10   0.00e+00 
 2.14152622064810e-10   0.00e+00 
 2.14625933419256e-10   0.00e+00 
 2.15099274088868e-10   0.00e+00 
 2.15572644040260e-10   0.00e+00 
 2.16046043240124e-10   0.00e+00 
 2.16519471655232e-10   0.00e+00 
 2.16992929252435e-10   0.00e+00 
 2.17466415998664e-10   0.00e+00 
 2.17939931860927e-10   0.00e+00 
 2.18413476806309e-10   0.00e+00 
 2.18887050801974e-10   0.00e+00 
 2.19360653815163e-10   0.00e+00 
 2.19834285813194e-10   0.00e+00 
 2.20307946763460e-10   0.00e+00 
 2.20781636633432e-10   0.00e+00 
 2.21255355390655e-10   0.00e+00 
 2.21729103002750e-10   0.00e+00 
 2.22202879437413e-10   0.00e+00 
 2.22676684662414e-10   0.00e+00 
 2.23150518645598e-10   0.00e+00 
 2.23624381354883e-10   0.00e+00 
 2.24098272758261e-10   0.00e+00 
 2.24572192823799e-10   0.00e+00 
 2.25046141519633e-10   0.00e+00 
 2.25520118813974e-10   0.00e+00 
 2.25994124675106e-10   0.00e+00 
 2.26468159071382e-10   0.00e+00 
 2.26942221971229e-10   0.00e+00 
 2.27416313343145e-10   0.00e+00 
 2.27890433155697e-10   0.00e+00 
 2.28364581377525e-10   0.00e+00 
 2.28838757977337e-10   0.00e+00 
 2.29312962923913e-10   0.00e+00 
 2.29787196186101e-10   0.00e+00 
 2.30261457732820e-10   0.00e+00 
 2.30735747533056e-10   0.00e+00 
 2.31210065555866e-10   0.00e+00 
 2.31684411770372e-10   0.00e+00 
 2.32158786145769e-10   0.00e+00 
 2.32633188651316e-10   0.00e+00 
 2.33107619256341e-10   0.00e+00 
 2.33582077930239e-10   0.00e+00 
 2.34056564642472e-10   0.00e+00 
 2.34531079362569e-10   0.00e+00 
 2.35005622060126e-10   0.00e+00 
 2.35480192704803e-10   0.00e+00 
 2.35954791266329e-10   0.00e+00 
 2.36429417714495e-10   0.00e+00 
 2.36904072019161e-10   0.00e+00 
 2.37378754150249e-10   0.00e+00 
 2.37853464077749e-10   0.00e+00 
 2.38328201771713e-10   0.00e+00 
 2.38802967202257e-10   0.00e+00 
 2.39277760339564e-10   0.00e+00 
 2.39752581153877e-10   0.00e+00 
 2.40227429615507e-10   0.00e+00 
 2.40702305694824e-10   0.00e+00 
 2.41177209362262e-10   0.00e+00 
 2.41652140588321e-10   0.00e+00 
 2.42127099343560e-10   0.00e+00 
 2.42602085598602e-10   0.00e+00 
 2.43077099324131e-10   0.00e+00 
 2.43552140490894e-10   0.00e+00 
 2.44027209069698e-10   0.00e+00 
 2.44502305031413e-10   0.00e+00 
 2.44977428346971e-10   0.00e+00 
 2.45452578987361e-10   0.00e+00 
 2.45927756923636e-10   0.00e+00 
 2.46402962126910e-10   0.00e+00 
 2.46878194568354e-10   0.00e+00 
 2.47353454219202e-10   0.00e+00 
 2.47828741050745e-10   0.00e+00 
 2.48304055034337e-10   0.00e+00 
 2.48779396141389e-10   0.00e+00 
 2.49254764343371e-10   0.00e+00 
 2.49730159611813e-10   0.00e+00 
 2.50205581918304e-10   0.00e+00 
 2.50681031234489e-10   0.00e+00 
 2.51156507532074e-10   0.00e+00 
 2.51632010782823e-10   0.00e+00 
 2.52107540958555e-10   0.00e+00 
 2.52583098031151e-10   0.00e+00 
 2.53058681972545e-10   0.00e+00 
 2.53534292754732e-10   0.00e+00 
 2.54009930349761e-10   0.00e+00 
 2.54485594729740e-10   0.00e+00 
 2.54961285866833e-10   0.00e+00 
 2.55437003733261e-10   0.00e+00 
 2.55912748301300e-10   0.00e+00 
 2.56388519543282e-10   0.00e+00 
 2.56864317431597e-10   0.00e+00 
 2.57340141938689e-10   0.00e+00 
 2.57815993037057e-10   0.00e+00 
 2.58291870699258e-10   0.00e+00 
 2.58767774897900e-10   0.00e+00 
 2.59243705605651e-10   0.00e+00 
 2.59719662795229e-10   0.00e+00 
 2.60195646439409e-10   0.00e+00 
 2.60671656511021e-10   0.00e+00 
 2.61147692982947e-10   0.00e+00 
 2.61623755828126e-10   0.00e+00 
 2.62099845019547e-10   0.00e+00 
 2.62575960530257e-10   0.00e+00 
 2.63052102333353e-10   0.00e+00 
 2.63528270401987e-10   0.00e+00 
 2.64004464709365e-10   0.00e+00 
 2.64480685228743e-10   0.00e+00 
 2.64956931933434e-10   0.00e+00 
 2.65433204796799e-10   0.00e+00 
 2.65909503792256e-10   0.00e+00 
 2.66385828893272e-10   0.00e+00 
 2.66862180073368e-10   0.00e+00 
 2.67338557306116e-10   0.00e+00 
 2.67814960565140e-10   0.00e+00 
 2.68291389824117e-10   0.00e+00 
 2.68767845056773e-10   0.00e+00 
 2.69244326236887e-10   0.00e+00 
 2.69720833338290e-10   0.00e+00 
 2.70197366334862e-10   0.00e+00 
 2.70673925200535e-10   0.00e+00 
 2.71150509909292e-10   0.00e+00 
 2.71627120435165e-10   0.00e+00 
 2.72103756752238e-10   0.00e+00 
 2.72580418834645e-10   0.00e+00 
 2.73057106656570e-10   0.00e+00 
 2.73533820192246e-10   0.00e+00 
 2.74010559415957e-10   0.00e+00 
 2.74487324302036e-10   0.00e+00 
 2.74964114824866e-10   0.00e+00 
 2.75440930958878e-10   0.00e+00 
 2.75917772678554e-10   0.00e+00 
 2.76394639958425e-10   0.00e+00 
 2.76871532773069e-10   0.00e+00 
 2.77348451097113e-10   0.00e+00 
 2.77825394905236e-10   0.00e+00 
 2.78302364172161e-10   0.00e+00 
 2.78779358872662e-10   0.00e+00 
 2.79256378981561e-10   0.00e+00 
 2.79733424473726e-10   0.00e+00 
 2.80210495324076e-10   0.00e+00 
 2.80687591507575e-10   0.00e+00 
 2.81164712999237e-10   0.00e+00 
 2.81641859774121e-10   0.00e+00 
 2.82119031807335e-10   0.00e+00 
 2.82596229074034e-10   0.00e+00 
 2.83073451549420e-10   0.00e+00 
 2.83550699208741e-10   0.00e+00 
 2.84027972027293e-10   0.00e+00 
 2.84505269980419e-10   0.00e+00 
 2.84982593043508e-10   0.00e+00 
 2.85459941191993e-10   0.00e+00 
 2.85937314401358e-10   0.00e+00 
 2.86414712647130e-10   0.00e+00 
 2.86892135904881e-10   0.00e+00 
 2.87369584150233e-10   0.00e+00 
 2.87847057358849e-10   0.00e+00 
 2.88324555506442e-10   0.00e+00 
 2.88802078568766e-10   0.00e+00 
 2.89279626521625e-10   0.00e+00 
 2.89757199340864e-10   0.00e+00 
 2.90234797002377e-10   0.00e+00 
 2.90712419482100e-10   0.00e+00 
 2.91190066756014e-10   0.00e+00 
 2.91667738800148e-10   0.00e+00 
 2.92145435590571e-10   0.00e+00 
 2.92623157103401e-10   0.00e+00 
 2.93100903314796e-10   0.00e+00 
 2.93578674200962e-10   0.00e+00 
 2.94056469738146e-10   0.00e+00 
 2.94534289902642e-10   0.00e+00 
 2.95012134670785e-10   0.00e+00 
 2.95490004018957e-10   0.00e+00 
 2.95967897923580e-10   0.00e+00 
 2.96445816361123e-10   0.00e+00 
 2.96923759308095e-10   0.00e+00 
 2.97401726741052e-10   0.00e+00 
 2.97879718636589e-10   0.00e+00 
 2.98357734971349e-10   0.00e+00 
 2.98835775722012e-10   0.00e+00 
 2.99313840865307e-10   0.00e+00 
 2.99791930378002e-10   0.00e+00 
 3.00270044236907e-10   0.00e+00 
 3.00748182418878e-10   0.00e+00 
 3.01226344900809e-10   0.00e+00 
 3.01704531659641e-10   0.00e+00 
 3.02182742672352e-10   0.00e+00 
 3.02660977915967e-10   0.00e+00 
 3.03139237367550e-10   0.00e+00 
 3.03617521004206e-10   0.00e+00 
 3.04095828803085e-10   0.00e+00 
 3.04574160741376e-10   0.00e+00 
 3.05052516796311e-10   0.00e+00 
 3.05530896945161e-10   0.00e+00 
 3.06009301165242e-10   0.00e+00 
 3.06487729433907e-10   0.00e+00 
 3.06966181728553e-10   0.00e+00 
 3.07444658026618e-10   0.00e+00 
 3.07923158305578e-10   0.00e+00 
 3.08401682542953e-10   0.00e+00 
 3.08880230716302e-10   0.00e+00 
 3.09358802803225e-10   0.00e+00 
 3.09837398781361e-10   0.00e+00 
 3.10316018628392e-10   0.00e+00 
 3.10794662322038e-10   0.00e+00 
 3.11273329840061e-10   0.00e+00 
 3.11752021160260e-10   0.00e+00 
 3.12230736260477e-10   0.00e+00 
 3.12709475118592e-10   0.00e+00 
 3.13188237712525e-10   0.00e+00 
 3.13667024020237e-10   0.00e+00 
 3.14145834019727e-10   0.00e+00 
 3.14624667689033e-10   0.00e+00 
 3.15103525006233e-10   0.00e+00 
 3.15582405949445e-10   0.00e+00 
 3.16061310496825e-10   0.00e+00 
 3.16540238626568e-10   0.00e+00 
 3.17019190316909e-10   0.00e+00 
 3.17498165546121e-10   0.00e+00 
 3.17977164292514e-10   0.00e+00 
 3.18456186534441e-10   0.00e+00 
 3.18935232250289e-10   0.00e+00 
 3.19414301418485e-10   0.00e+00 
 3.19893394017496e-10   0.00e+00 
 3.20372510025825e-10   0.00e+00 
 3.20851649422014e-10   0.00e+00 
 3.21330812184642e-10   0.00e+00 
 3.21809998292328e-10   0.00e+00 
 3.22289207723727e-10   0.00e+00 
 3.22768440457534e-10   0.00e+00 
 3.23247696472478e-10   0.00e+00 
 3.23726975747328e-10   0.00e+00 
 3.24206278260891e-10   0.00e+00 
 3.24685603992010e-10   0.00e+00 
 3.25164952919565e-10   0.00e+00 
 3.25644325022475e-10   0.00e+00 
 3.26123720279695e-10   0.00e+00 
 3.26603138670216e-10   0.00e+00 
 3.27082580173068e-10   0.00e+00 
 3.27562044767316e-10   0.00e+00 
 3.28041532432063e-10   0.00e+00 
 3.28521043146447e-10   0.00e+00 
 3.29000576889645e-10   0.00e+00 
 3.29480133640869e-10   0.00e+00 
 3.29959713379366e-10   0.00e+00 
 3.30439316084422e-10   0.00e+00 
 3.30918941735358e-10   0.00e+00 
 3.31398590311531e-10   0.00e+00 
 3.31878261792333e-10   0.00e+00 
 3.32357956157194e-10   0.00e+00 
 3.32837673385578e-10   0.00e+00 
 3.33317413456987e-10   0.00e+00 
 3.33797176350956e-10   0.00e+00 
 3.34276962047058e-10   0.00e+00 
 3.34756770524899e-10   0.00e+00 
 3.35236601764122e-10   0.00e+00 
 3.35716455744406e-10   0.00e+00 
 3.36196332445464e-10   0.00e+00 
 3.36676231847044e-10   0.00e+00 
 3.37156153928930e-10   0.00e+00 
 3.37636098670940e-10   0.00e+00 
 3.38116066052928e-10   0.00e+00 
 3.38596056054782e-10   0.00e+00 
 3.39076068656425e-10   0.00e+00 
 3.39556103837816e-10   0.00e+00 
 3.40036161578945e-10   0.00e+00 
 3.40516241859841e-10   0.00e+00 
 3.40996344660563e-10   0.00e+00 
 3.41476469961209e-10   0.00e+00 
 3.41956617741907e-10   0.00e+00 
 3.42436787982821e-10   0.00e+00 
 3.42916980664150e-10   0.00e+00 
 3.43397195766126e-10   0.00e+00 
 3.43877433269015e-10   0.00e+00 
 3.44357693153116e-10   0.00e+00 
 3.44837975398764e-10   0.00e+00 
 3.45318279986326e-10   0.00e+00 
 3.45798606896203e-10   0.00e+00 
 3.46278956108830e-10   0.00e+00 
 3.46759327604674e-10   0.00e+00 
 3.47239721364238e-10   0.00e+00 
 3.47720137368056e-10   0.00e+00 
 3.48200575596696e-10   0.00e+00 
 3.48681036030759e-10   0.00e+00 
 3.49161518650880e-10   0.00e+00 
 3.49642023437727e-10   0.00e+00 
 3.50122550371999e-10   0.00e+00 
 3.50603099434430e-10   0.00e+00 
 3.51083670605786e-10   0.00e+00 
 3.51564263866867e-10   0.00e+00 
 3.52044879198502e-10   0.00e+00 
 3.52525516581558e-10   0.00e+00 
 3.53006175996929e-10   0.00e+00 
 3.53486857425546e-10   0.00e+00 
 3.53967560848369e-10   0.00e+00 
 3.54448286246394e-10   0.00e+00 
 3.54929033600645e-10   0.00e+00 
 3.55409802892181e-10   0.00e+00 
 3.55890594102092e-10   0.00e+00 
 3.56371407211502e-10   0.00e+00 
 3.56852242201563e-10   0.00e+00 
 3.57333099053463e-10   0.00e+00 
 3.57813977748420e-10   0.00e+00 
 3.58294878267684e-10   0.00e+00 
 3.58775800592537e-10   0.00e+00 
 3.59256744704291e-10   0.00e+00 
 3.59737710584291e-10   0.00e+00 
 3.60218698213915e-10   0.00e+00 
 3.60699707574570e-10   0.00e+00 
 3.61180738647695e-10   0.00e+00 
 3.61661791414762e-10   0.00e+00 
 3.62142865857271e-10   0.00e+00 
 3.62623961956756e-10   0.00e+00 
 3.63105079694782e-10   0.00e+00 
 3.63586219052943e-10   0.00e+00 
 3.64067380012866e-10   0.00e+00 
 3.64548562556209e-10   0.00e+00 
 3.65029766664659e-10   0.00e+00 
 3.65510992319936e-10   0.00e+00 
 3.65992239503790e-10   0.00e+00 
 3.66473508198001e-10   0.00e+00 
 3.66954798384381e-10   0.00e+00 
 3.67436110044771e-10   0.00e+00 
 3.67917443161043e-10   0.00e+00 
 3.68398797715102e-10   0.00e+00 
 3.68880173688880e-10   0.00e+00 
 3.69361571064341e-10   0.00e+00 
 3.69842989823478e-10   0.00e+00 
 3.70324429948317e-10   0.00e+00 
 3.70805891420912e-10   0.00e+00 
 3.71287374223348e-10   0.00e+00 
 3.71768878337740e-10   0.00e+00 
 3.72250403746231e-10   0.00e+00 
 3.72731950430999e-10   0.00e+00 
 3.73213518374246e-10   0.00e+00 
 3.73695107558208e-10   0.00e+00 
 3.74176717965150e-10   0.00e+00 
 3.74658349577366e-10   0.00e+00 
 3.75140002377179e-10   0.00e+00 
 3.75621676346944e-10   0.00e+00 
 3.76103371469045e-10   0.00e+00 
 3.76585087725894e-10   0.00e+00 
 3.77066825099933e-10   0.00e+00 
 3.77548583573635e-10   0.00e+00 
 3.78030363129501e-10   0.00e+00 
 3.78512163750061e-10   0.00e+00 
 3.78993985417877e-10   0.00e+00 
 3.79475828115538e-10   0.00e+00 
 3.79957691825661e-10   0.00e+00 
 3.80439576530895e-10   0.00e+00 
 3.80921482213918e-10   0.00e+00 
 3.81403408857434e-10   0.00e+00 
 3.81885356444179e-10   0.00e+00 
 3.82367324956918e-10   0.00e+00 
 3.82849314378442e-10   0.00e+00 
 3.83331324691575e-10   0.00e+00 
 3.83813355879167e-10   0.00e+00 
 3.84295407924097e-10   0.00e+00 
 3.84777480809274e-10   0.00e+00 
 3.85259574517635e-10   0.00e+00 
 3.85741689032146e-10   0.00e+00 
 3.86223824335801e-10   0.00e+00 
 3.86705980411623e-10   0.00e+00 
 3.87188157242664e-10   0.00e+00 
 3.87670354812002e-10   0.00e+00 
 3.88152573102748e-10   0.00e+00 
 3.88634812098037e-10   0.00e+00 
 3.89117071781036e-10   0.00e+00 
 3.89599352134936e-10   0.00e+00 
 3.90081653142961e-10   0.00e+00 
 3.90563974788359e-10   0.00e+00 
 3.91046317054410e-10   0.00e+00 
 3.91528679924419e-10   0.00e+00 
 3.92011063381721e-10   0.00e+00 
 3.92493467409678e-10   0.00e+00 
 3.92975891991681e-10   0.00e+00 
 3.93458337111148e-10   0.00e+00 
 3.93940802751526e-10   0.00e+00 
 3.94423288896289e-10   0.00e+00 
 3.94905795528938e-10   0.00e+00 
 3.95388322633004e-10   0.00e+00 
 3.95870870192044e-10   0.00e+00 
 3.96353438189644e-10   0.00e+00 
 3.96836026609417e-10   0.00e+00 
 3.97318635435002e-10   0.00e+00 
 3.97801264650070e-10   0.00e+00 
 3.98283914238315e-10   0.00e+00 
 3.98766584183461e-10   0.00e+00 
 3.99249274469258e-10   0.00e+00 
 3.99731985079485e-10   0.00e+00 
 4.00214715997948e-10   0.00e+00 
 4.00697467208479e-10   0.00e+00 
 4.01180238694939e-10   0.00e+00 
 4.01663030441215e-10   0.00e+00 
 4.02145842431222e-10   0.00e+00 
 4.02628674648902e-10   0.00e+00 
 4.03111527078225e-10   0.00e+00 
 4.03594399703186e-10   0.00e+00 
 4.04077292507809e-10   0.00e+00 
 4.04560205476144e-10   0.00e+00 
 4.05043138592269e-10   0.00e+00 
 4.05526091840288e-10   0.00e+00 
 4.06009065204332e-10   0.00e+00 
 4.06492058668559e-10   0.00e+00 
 4.06975072217155e-10   0.00e+00 
 4.07458105834331e-10   0.00e+00 
 4.07941159504325e-10   0.00e+00 
 4.08424233211403e-10   0.00e+00 
 4.08907326939857e-10   0.00e+00 
 4.09390440674005e-10   0.00e+00 
 4.09873574398193e-10   0.00e+00 
 4.10356728096792e-10   0.00e+00 
 4.10839901754201e-10   0.00e+00 
 4.11323095354844e-10   0.00e+00 
 4.11806308883173e-10   0.00e+00 
 4.12289542323665e-10   0.00e+00 
 4.12772795660824e-10   0.00e+00 
 4.13256068879181e-10   0.00e+00 
 4.13739361963293e-10   0.00e+00 
 4.14222674897741e-10   0.00e+00 
 4.14706007667136e-10   0.00e+00 
 4.15189360256113e-10   0.00e+00 
 4.15672732649334e-10   0.00e+00 
 4.16156124831485e-10   0.00e+00 
 4.16639536787281e-10   0.00e+00 
 4.17122968501461e-10   0.00e+00 
 4.17606419958791e-10   0.00e+00 
 4.18089891144063e-10   0.00e+00 
 4.18573382042094e-10   0.00e+00 
 4.19056892637728e-10   0.00e+00 
 4.19540422915834e-10   0.00e+00 
 4.20023972861308e-10   0.00e+00 
 4.20507542459069e-10   0.00e+00 
 4.20991131694066e-10   0.00e+00 
 4.21474740551270e-10   0.00e+00 
 4.21958369015679e-10   0.00e+00 
 4.22442017072317e-10   0.00e+00 
 4.22925684706233e-10   0.00e+00 
 4.23409371902502e-10   0.00e+00 
 4.23893078646224e-10   0.00e+00 
 4.24376804922525e-10   0.00e+00 
 4.24860550716557e-10   0.00e+00 
 4.25344316013495e-10   0.00e+00 
 4.25828100798542e-10   0.00e+00 
 4.26311905056925e-10   0.00e+00 
 4.26795728773897e-10   0.00e+00 
 4.27279571934735e-10   0.00e+00 
 4.27763434524743e-10   0.00e+00 
 4.28247316529249e-10   0.00e+00 
 4.28731217933606e-10   0.00e+00 
 4.29215138723194e-10   0.00e+00 
 4.29699078883414e-10   0.00e+00 
 4.30183038399697e-10   0.00e+00 
 4.30667017257496e-10   0.00e+00 
 4.31151015442289e-10   0.00e+00 
 4.31635032939580e-10   0.00e+00 
 4.32119069734898e-10   0.00e+00 
 4.32603125813795e-10   0.00e+00 
 4.33087201161850e-10   0.00e+00 
 4.33571295764666e-10   0.00e+00 
 4.34055409607870e-10   0.00e+00 
 4.34539542677116e-10   0.00e+00 
 4.35023694958079e-10   0.00e+00 
 4.35507866436463e-10   0.00e+00 
 4.35992057097992e-10   0.00e+00 
 4.36476266928419e-10   0.00e+00 
 4.36960495913518e-10   0.00e+00 
 4.37444744039090e-10   0.00e+00 
 4.37929011290960e-10   0.00e+00 
 4.38413297654975e-10   0.00e+00 
 4.38897603117010e-10   0.00e+00 
 4.39381927662962e-10   0.00e+00 
 4.39866271278754e-10   0.00e+00 
 4.40350633950332e-10   0.00e+00 
 4.40835015663666e-10   0.00e+00 
 4.41319416404751e-10   0.00e+00 
 4.41803836159607e-10   0.00e+00 
 4.42288274914277e-10   0.00e+00 
 4.42772732654829e-10   0.00e+00 
 4.43257209367353e-10   0.00e+00 
 4.43741705037967e-10   0.00e+00 
 4.44226219652808e-10   0.00e+00 
 4.44710753198042e-10   0.00e+00 
 4.45195305659856e-10   0.00e+00 
 4.45679877024461e-10   0.00e+00 
 4.46164467278094e-10   0.00e+00 
 4.46649076407013e-10   0.00e+00 
 4.47133704397503e-10   0.00e+00 
 4.47618351235870e-10   0.00e+00 
 4.48103016908445e-10   0.00e+00 
 4.48587701401583e-10   0.00e+00 
 4.49072404701662e-10   0.00e+00 
 4.49557126795086e-10   0.00e+00 
 4.50041867668278e-10   0.00e+00 
 4.50526627307690e-10   0.00e+00 
 4.51011405699795e-10   0.00e+00 
 4.51496202831088e-10   0.00e+00 
 4.51981018688090e-10   0.00e+00 
 4.52465853257345e-10   0.00e+00 
 4.52950706525419e-10   0.00e+00 
 4.53435578478905e-10   0.00e+00 
 4.53920469104416e-10   0.00e+00 
 4.54405378388589e-10   0.00e+00 
 4.54890306318086e-10   0.00e+00 
 4.55375252879590e-10   0.00e+00 
 4.55860218059809e-10   0.00e+00 
 4.56345201845474e-10   0.00e+00 
 4.56830204223339e-10   0.00e+00 
 4.57315225180181e-10   0.00e+00 
 4.57800264702801e-10   0.00e+00 
 4.58285322778023e-10   0.00e+00 
 4.58770399392692e-10   0.00e+00 
 4.59255494533680e-10   0.00e+00 
 4.59740608187878e-10   0.00e+00 
 4.60225740342204e-10   0.00e+00 
 4.60710890983595e-10   0.00e+00 
 4.61196060099014e-10   0.00e+00 
 4.61681247675446e-10   0.00e+00 
 4.62166453699898e-10   0.00e+00 
 4.62651678159402e-10   0.00e+00 
 4.63136921041011e-10   0.00e+00 
 4.63622182331802e-10   0.00e+00 
 4.64107462018873e-10   0.00e+00 
 4.64592760089346e-10   0.00e+00 
 4.65078076530368e-10   0.00e+00 
 4.65563411329104e-10   0.00e+00 
 4.66048764472746e-10   0.00e+00 
 4.66534135948506e-10   0.00e+00 
 4.67019525743620e-10   0.00e+00 
 4.67504933845345e-10   0.00e+00 
 4.67990360240964e-10   0.00e+00 
 4.68475804917778e-10   0.00e+00 
 4.68961267863113e-10   0.00e+00 
 4.69446749064319e-10   0.00e+00 
 4.69932248508765e-10   0.00e+00 
 4.70417766183845e-10   0.00e+00 
 4.70903302076974e-10   0.00e+00 
 4.71388856175590e-10   0.00e+00 
 4.71874428467154e-10   0.00e+00 
 4.72360018939148e-10   0.00e+00 
 4.72845627579078e-10   0.00e+00 
 4.73331254374470e-10   0.00e+00 
 4.73816899312873e-10   0.00e+00 
 4.74302562381860e-10   0.00e+00 
 4.74788243569023e-10   0.00e+00 
 4.75273942861980e-10   0.00e+00 
 4.75759660248368e-10   0.00e+00 
 4.76245395715847e-10   0.00e+00 
 4.76731149252099e-10   0.00e+00 
 4.77216920844829e-10   0.00e+00 
 4.77702710481762e-10   0.00e+00 
 4.78188518150647e-10   0.00e+00 
 4.78674343839255e-10   0.00e+00 
 4.79160187535376e-10   0.00e+00 
 4.79646049226825e-10   0.00e+00 
 4.80131928901437e-10   0.00e+00 
 4.80617826547071e-10   0.00e+00 
 4.81103742151606e-10   0.00e+00 
 4.81589675702942e-10   0.00e+00 
 4.82075627189003e-10   0.00e+00 
 4.82561596597732e-10   0.00e+00 
 4.83047583917097e-10   0.00e+00 
 4.83533589135085e-10   0.00e+00 
 4.84019612239705e-10   0.00e+00 
 4.84505653218989e-10   0.00e+00 
 4.84991712060989e-10   0.00e+00 
 4.85477788753779e-10   0.00e+00 
 4.85963883285455e-10   0.00e+00 
 4.86449995644133e-10   0.00e+00 
 4.86936125817953e-10   0.00e+00 
 4.87422273795075e-10   0.00e+00 
 4.87908439563678e-10   0.00e+00 
 4.88394623111966e-10   0.00e+00 
 4.88880824428163e-10   0.00e+00 
 4.89367043500514e-10   0.00e+00 
 4.89853280317284e-10   0.00e+00 
 4.90339534866763e-10   0.00e+00 
 4.90825807137257e-10   0.00e+00 
 4.91312097117098e-10   0.00e+00 
 4.91798404794637e-10   0.00e+00 
 4.92284730158244e-10   0.00e+00 
 4.92771073196314e-10   0.00e+00 
 4.93257433897260e-10   0.00e+00 
 4.93743812249518e-10   0.00e+00 
 4.94230208241543e-10   0.00e+00 
 4.94716621861813e-10   0.00e+00 
 4.95203053098825e-10   0.00e+00 
 4.95689501941098e-10   0.00e+00 
 4.96175968377172e-10   0.00e+00 
 4.96662452395607e-10   0.00e+00 
 4.97148953984983e-10   0.00e+00 
 4.97635473133904e-10   0.00e+00 
 4.98122009830990e-10   0.00e+00 
 4.98608564064886e-10   0.00e+00 
 4.99095135824255e-10   0.00e+00 
 4.99581725097782e-10   0.00e+00 
 5.00068331874170e-10   0.00e+00 
 5.00554956142146e-10   0.00e+00 
 5.01041597890456e-10   0.00e+00 
 5.01528257107865e-10   0.00e+00 
 5.02014933783161e-10   0.00e+00 
 5.02501627905151e-10   0.00e+00 
 5.02988339462662e-10   0.00e+00 
 5.03475068444542e-10   0.00e+00 
 5.03961814839659e-10   0.00e+00 
 5.04448578636902e-10   0.00e+00 
 5.04935359825179e-10   0.00e+00 
 5.05422158393419e-10   0.00e+00 
 5.05908974330571e-10   0.00e+00 
 5.06395807625603e-10   0.00e+00 
 5.06882658267505e-10   0.00e+00 
 5.07369526245286e-10   0.00e+00 
 5.07856411547975e-10   0.00e+00 
 5.08343314164621e-10   0.00e+00 
 5.08830234084293e-10   0.00e+00 
 5.09317171296081e-10   0.00e+00 
 5.09804125789093e-10   0.00e+00 
 5.10291097552457e-10   0.00e+00 
 5.10778086575322e-10   0.00e+00 
 5.11265092846857e-10   0.00e+00 
 5.11752116356248e-10   0.00e+00 
 5.12239157092705e-10   0.00e+00 
 5.12726215045454e-10   0.00e+00 
 5.13213290203742e-10   0.00e+00 
 5.13700382556835e-10   0.00e+00 
 5.14187492094019e-10   0.00e+00 
 5.14674618804601e-10   0.00e+00 
 5.15161762677905e-10   0.00e+00 
 5.15648923703275e-10   0.00e+00 
 5.16136101870076e-10   0.00e+00 
 5.16623297167690e-10   0.00e+00 
 5.17110509585521e-10   0.00e+00 
 5.17597739112989e-10   0.00e+00 
 5.18084985739536e-10   0.00e+00 
 5.18572249454623e-10   0.00e+00 
 5.19059530247729e-10   0.00e+00 
 5.19546828108353e-10   0.00e+00 
 5.20034143026011e-10   0.00e+00 
 5.20521474990242e-10   0.00e+00 
 5.21008823990601e-10   0.00e+00 
 5.21496190016663e-10   0.00e+00 
 5.21983573058022e-10   0.00e+00 
 5.22470973104291e-10   0.00e+00 
 5.22958390145101e-10   0.00e+00 
 5.23445824170103e-10   0.00e+00 
 5.23933275168966e-10   0.00e+00 
 5.24420743131379e-10   0.00e+00 
 5.24908228047048e-10   0.00e+00 
 5.25395729905698e-10   0.00e+00 
 5.25883248697075e-10   0.00e+00 
 5.26370784410941e-10   0.00e+00 
 5.26858337037078e-10   0.00e+00 
 5.27345906565284e-10   0.00e+00 
 5.27833492985381e-10   0.00e+00 
 5.28321096287203e-10   0.00e+00 
 5.28808716460607e-10   0.00e+00 
 5.29296353495467e-10   0.00e+00 
 5.29784007381674e-10   0.00e+00 
 5.30271678109140e-10   0.00e+00 
 5.30759365667793e-10   0.00e+00 
 5.31247070047582e-10   0.00e+00 
 5.31734791238470e-10   0.00e+00 
 5.32222529230441e-10   0.00e+00 
 5.32710284013498e-10   0.00e+00 
 5.33198055577660e-10   0.00e+00 
 5.33685843912965e-10   0.00e+00 
 5.34173649009470e-10   0.00e+00 
 5.34661470857247e-10   0.00e+00 
 5.35149309446389e-10   0.00e+00 
 5.35637164767005e-10   0.00e+00 
 5.36125036809224e-10   0.00e+00 
 5.36612925563191e-10   0.00e+00 
 5.37100831019070e-10   0.00e+00 
 5.37588753167041e-10   0.00e+00 
 5.38076691997303e-10   0.00e+00 
 5.38564647500073e-10   0.00e+00 
 5.39052619665585e-10   0.00e+00 
 5.39540608484091e-10   0.00e+00 
 5.40028613945861e-10   0.00e+00 
 5.40516636041182e-10   0.00e+00 
 5.41004674760357e-10   0.00e+00 
 5.41492730093708e-10   0.00e+00 
 5.41980802031577e-10   0.00e+00 
 5.42468890564318e-10   0.00e+00 
 5.42956995682306e-10   0.00e+00 
 5.43445117375933e-10   0.00e+00 
 5.43933255635608e-10   0.00e+00 
 5.44421410451755e-10   0.00e+00 
 5.44909581814820e-10   0.00e+00 
 5.45397769715261e-10   0.00e+00 
 5.45885974143556e-10   0.00e+00 
 5.46374195090201e-10   0.00e+00 
 5.46862432545706e-10   0.00e+00 
 5.47350686500601e-10   0.00e+00 
 5.47838956945431e-10   0.00e+00 
 5.48327243870758e-10   0.00e+00 
 5.48815547267162e-10   0.00e+00 
 5.49303867125240e-10   0.00e+00 
 5.49792203435605e-10   0.00e+00 
 5.50280556188886e-10   0.00e+00 
 5.50768925375731e-10   0.00e+00 
 5.51257310986803e-10   0.00e+00 
 5.51745713012781e-10   0.00e+00 
 5.52234131444364e-10   0.00e+00 
 5.52722566272263e-10   0.00e+00 
 5.53211017487210e-10   0.00e+00 
 5.53699485079951e-10   0.00e+00 
 5.54187969041249e-10   0.00e+00 
 5.54676469361883e-10   0.00e+00 
 5.55164986032649e-10   0.00e+00 
 5.55653519044360e-10   0.00e+00 
 5.56142068387844e-10   0.00e+00 
 5.56630634053945e-10   0.00e+00 
 5.57119216033526e-10   0.00e+00 
 5.57607814317464e-10   0.00e+00 
 5.58096428896651e-10   0.00e+00 
 5.58585059761999e-10   0.00e+00 
 5.59073706904433e-10   0.00e+00 
 5.59562370314896e-10   0.00e+00 
 5.60051049984344e-10   0.00e+00 
 5.60539745903753e-10   0.00e+00 
 5.61028458064112e-10   0.00e+00 
 5.61517186456427e-10   0.00e+00 
 5.62005931071721e-10   0.00e+00 
 5.62494691901031e-10   0.00e+00 
 5.62983468935410e-10   0.00e+00 
 5.63472262165929e-10   0.00e+00 
 5.63961071583672e-10   0.00e+00 
 5.64449897179740e-10   0.00e+00 
 5.64938738945250e-10   0.00e+00 
 5.65427596871334e-10   0.00e+00 
 5.65916470949140e-10   0.00e+00 
 5.66405361169832e-10   0.00e+00 
 5.66894267524587e-10   0.00e+00 
 5.67383190004602e-10   0.00e+00 
 5.67872128601086e-10   0.00e+00 
 5.68361083305264e-10   0.00e+00 
 5.68850054108376e-10   0.00e+00 
 5.69339041001680e-10   0.00e+00 
 5.69828043976447e-10   0.00e+00 
 5.70317063023963e-10   0.00e+00 
 5.70806098135530e-10   0.00e+00 
 5.71295149302466e-10   0.00e+00 
 5.71784216516104e-10   0.00e+00 
 5.72273299767790e-10   0.00e+00 
 5.72762399048887e-10   0.00e+00 
 5.73251514350774e-10   0.00e+00 
 5.73740645664843e-10   0.00e+00 
 5.74229792982501e-10   0.00e+00 
 5.74718956295172e-10   0.00e+00 
 5.75208135594293e-10   0.00e+00 
 5.75697330871318e-10   0.00e+00 
 5.76186542117713e-10   0.00e+00 
 5.76675769324960e-10   0.00e+00 
 5.77165012484558e-10   0.00e+00 
 5.77654271588017e-10   0.00e+00 
 5.78143546626865e-10   0.00e+00 
 5.78632837592642e-10   0.00e+00 
 5.79122144476905e-10   0.00e+00 
 5.79611467271225e-10   0.00e+00 
 5.80100805967186e-10   0.00e+00 
 5.80590160556388e-10   0.00e+00 
 5.81079531030446e-10   0.00e+00 
 5.81568917380987e-10   0.00e+00 
 5.82058319599656e-10   0.00e+00 
 5.82547737678110e-10   0.00e+00 
 5.83037171608022e-10   0.00e+00 
 5.83526621381076e-10   0.00e+00 
 5.84016086988974e-10   0.00e+00 
 5.84505568423431e-10   0.00e+00 
 5.84995065676176e-10   0.00e+00 
 5.85484578738952e-10   0.00e+00 
 5.85974107603518e-10   0.00e+00 
 5.86463652261644e-10   0.00e+00 
 5.86953212705116e-10   0.00e+00 
 5.87442788925735e-10   0.00e+00 
 5.87932380915314e-10   0.00e+00 
 5.88421988665681e-10   0.00e+00 
 5.88911612168679e-10   0.00e+00 
 5.89401251416162e-10   0.00e+00 
 5.89890906400001e-10   0.00e+00 
 5.90380577112080e-10   0.00e+00 
 5.90870263544296e-10   0.00e+00 
 5.91359965688559e-10   0.00e+00 
 5.91849683536796e-10   0.00e+00 
 5.92339417080945e-10   0.00e+00 
 5.92829166312959e-10   0.00e+00 
 5.93318931224804e-10   0.00e+00 
 5.93808711808460e-10   0.00e+00 
 5.94298508055920e-10   0.00e+00 
 5.94788319959191e-10   0.00e+00 
 5.95278147510295e-10   0.00e+00 
 5.95767990701264e-10   0.00e+00 
 5.96257849524147e-10   0.00e+00 
 5.96747723971004e-10   0.00e+00 
 5.97237614033911e-10   0.00e+00 
 5.97727519704955e-10   0.00e+00 
 5.98217440976238e-10   0.00e+00 
 5.98707377839873e-10   0.00e+00 
 5.99197330287989e-10   0.00e+00 
 5.99687298312727e-10   0.00e+00 
 6.00177281906241e-10   0.00e+00 
 6.00667281060698e-10   0.00e+00 
 6.01157295768280e-10   0.00e+00 
 6.01647326021181e-10   0.00e+00 
 6.02137371811607e-10   0.00e+00 
 6.02627433131777e-10   0.00e+00 
 6.03117509973926e-10   0.00e+00 
 6.03607602330300e-10   0.00e+00 
 6.04097710193156e-10   0.00e+00 
 6.04587833554768e-10   0.00e+00 
 6.05077972407420e-10   0.00e+00 
 6.05568126743410e-10   0.00e+00 
 6.06058296555049e-10   0.00e+00 
 6.06548481834659e-10   0.00e+00 
 6.07038682574578e-10   0.00e+00 
 6.07528898767154e-10   0.00e+00 
 6.08019130404749e-10   0.00e+00 
 6.08509377479738e-10   0.00e+00 
 6.08999639984507e-10   0.00e+00 
 6.09489917911457e-10   0.00e+00 
 6.09980211252999e-10   0.00e+00 
 6.10470520001558e-10   0.00e+00 
 6.10960844149573e-10   0.00e+00 
 6.11451183689492e-10   0.00e+00 
 6.11941538613779e-10   0.00e+00 
 6.12431908914909e-10   0.00e+00 
 6.12922294585368e-10   0.00e+00 
 6.13412695617657e-10   0.00e+00 
 6.13903112004288e-10   0.00e+00 
 6.14393543737785e-10   0.00e+00 
 6.14883990810685e-10   0.00e+00 
 6.15374453215537e-10   0.00e+00 
 6.15864930944902e-10   0.00e+00 
 6.16355423991355e-10   0.00e+00 
 6.16845932347480e-10   0.00e+00 
 6.17336456005876e-10   0.00e+00 
 6.17826994959152e-10   0.00e+00 
 6.18317549199932e-10   0.00e+00 
 6.18808118720848e-10   0.00e+00 
 6.19298703514547e-10   0.00e+00 
 6.19789303573688e-10   0.00e+00 
 6.20279918890941e-10   0.00e+00 
 6.20770549458988e-10   0.00e+00 
 6.21261195270523e-10   0.00e+00 
 6.21751856318253e-10   0.00e+00 
 6.22242532594895e-10   0.00e+00 
 6.22733224093179e-10   0.00e+00 
 6.23223930805846e-10   0.00e+00 
 6.23714652725651e-10   0.00e+00 
 6.24205389845358e-10   0.00e+00 
 6.24696142157745e-10   0.00e+00 
 6.25186909655599e-10   0.00e+00 
 6.25677692331721e-10   0.00e+00 
 6.26168490178923e-10   0.00e+00 
 6.26659303190029e-10   0.00e+00 
 6.27150131357874e-10   0.00e+00 
 6.27640974675304e-10   0.00e+00 
 6.28131833135178e-10   0.00e+00 
 6.28622706730366e-10   0.00e+00 
 6.29113595453748e-10   0.00e+00 
 6.29604499298218e-10   0.00e+00 
 6.30095418256680e-10   0.00e+00 
 6.30586352322049e-10   0.00e+00 
 6.31077301487253e-10   0.00e+00 
 6.31568265745229e-10   0.00e+00 
 6.32059245088927e-10   0.00e+00 
 6.32550239511308e-10   0.00e+00 
 6.33041249005345e-10   0.00e+00 
 6.33532273564020e-10   0.00e+00 
 6.34023313180329e-10   0.00e+00 
 6.34514367847277e-10   0.00e+00 
 6.35005437557881e-10   0.00e+00 
 6.35496522305169e-10   0.00e+00 
 6.35987622082181e-10   0.00e+00 
 6.36478736881966e-10   0.00e+00 
 6.36969866697587e-10   0.00e+00 
 6.37461011522116e-10   0.00e+00 
 6.37952171348635e-10   0.00e+00 
 6.38443346170240e-10   0.00e+00 
 6.38934535980035e-10   0.00e+00 
 6.39425740771138e-10   0.00e+00 
 6.39916960536675e-10   0.00e+00 
 6.40408195269784e-10   0.00e+00 
 6.40899444963614e-10   0.00e+00 
 6.41390709611325e-10   0.00e+00 
 6.41881989206088e-10   0.00e+00 
 6.42373283741083e-10   0.00e+00 
 6.42864593209503e-10   0.00e+00 
 6.43355917604549e-10   0.00e+00 
 6.43847256919437e-10   0.00e+00 
 6.44338611147391e-10   0.00e+00 
 6.44829980281644e-10   0.00e+00 
 6.45321364315442e-10   0.00e+00 
 6.45812763242041e-10   0.00e+00 
 6.46304177054708e-10   0.00e+00 
 6.46795605746720e-10   0.00e+00 
 6.47287049311365e-10   0.00e+00 
 6.47778507741940e-10   0.00e+00 
 6.48269981031754e-10   0.00e+00 
 6.48761469174126e-10   0.00e+00 
 6.49252972162386e-10   0.00e+00 
 6.49744489989874e-10   0.00e+00 
 6.50236022649939e-10   0.00e+00 
 6.50727570135943e-10   0.00e+00 
 6.51219132441256e-10   0.00e+00 
 6.51710709559259e-10   0.00e+00 
 6.52202301483345e-10   0.00e+00 
 6.52693908206914e-10   0.00e+00 
 6.53185529723379e-10   0.00e+00 
 6.53677166026161e-10   0.00e+00 
 6.54168817108694e-10   0.00e+00 
 6.54660482964419e-10   0.00e+00 
 6.55152163586790e-10   0.00e+00 
 6.55643858969268e-10   0.00e+00 
 6.56135569105328e-10   0.00e+00 
 6.56627293988452e-10   0.00e+00 
 6.57119033612132e-10   0.00e+00 
 6.57610787969872e-10   0.00e+00 
 6.58102557055184e-10   0.00e+00 
 6.58594340861592e-10   0.00e+00 
 6.59086139382629e-10   0.00e+00 
 6.59577952611836e-10   0.00e+00 
 6.60069780542768e-10   0.00e+00 
 6.60561623168986e-10   0.00e+00 
 6.61053480484063e-10   0.00e+00 
 6.61545352481581e-10   0.00e+00 
 6.62037239155132e-10   0.00e+00 
 6.62529140498318e-10   0.00e+00 
 6.63021056504750e-10   0.00e+00 
 6.63512987168050e-10   0.00e+00 
 6.64004932481849e-10   0.00e+00 
 6.64496892439788e-10   0.00e+00 
 6.64988867035516e-10   0.00e+00 
 6.65480856262695e-10   0.00e+00 
 6.65972860114993e-10   0.00e+00 
 6.66464878586091e-10   0.00e+00 
 6.66956911669676e-10   0.00e+00 
 6.67448959359448e-10   0.00e+00 
 6.67941021649114e-10   0.00e+00 
 6.68433098532392e-10   0.00e+00 
 6.68925190003009e-10   0.00e+00 
 6.69417296054701e-10   0.00e+00 
 6.69909416681214e-10   0.00e+00 
 6.70401551876303e-10   0.00e+00 
 6.70893701633734e-10   0.00e+00 
 6.71385865947280e-10   0.00e+00 
 6.71878044810724e-10   0.00e+00 
 6.72370238217861e-10   0.00e+00 
 6.72862446162490e-10   0.00e+00 
 6.73354668638425e-10   0.00e+00 
 6.73846905639486e-10   0.00e+00 
 6.74339157159503e-10   0.00e+00 
 6.74831423192314e-10   0.00e+00 
 6.75323703731769e-10   0.00e+00 
 6.75815998771725e-10   0.00e+00 
 6.76308308306049e-10   0.00e+00 
 6.76800632328617e-10   0.00e+00 
 6.77292970833313e-10   0.00e+00 
 6.77785323814032e-10   0.00e+00 
 6.78277691264678e-10   0.00e+00 
 6.78770073179161e-10   0.00e+00 
 6.79262469551405e-10   0.00e+00 
 6.79754880375339e-10   0.00e+00 
 6.80247305644902e-10   0.00e+00 
 6.80739745354043e-10   0.00e+00 
 6.81232199496720e-10   0.00e+00 
 6.81724668066898e-10   0.00e+00 
 6.82217151058553e-10   0.00e+00 
 6.82709648465669e-10   0.00e+00 
 6.83202160282238e-10   0.00e+00 
 6.83694686502264e-10   0.00e+00 
 6.84187227119755e-10   0.00e+00 
 6.84679782128732e-10   0.00e+00 
 6.85172351523223e-10   0.00e+00 
 6.85664935297266e-10   0.00e+00 
 6.86157533444905e-10   0.00e+00 
 6.86650145960196e-10   0.00e+00 
 6.87142772837202e-10   0.00e+00 
 6.87635414069994e-10   0.00e+00 
 6.88128069652654e-10   0.00e+00 
 6.88620739579271e-10   0.00e+00 
 6.89113423843943e-10   0.00e+00 
 6.89606122440776e-10   0.00e+00 
 6.90098835363886e-10   0.00e+00 
 6.90591562607396e-10   0.00e+00 
 6.91084304165439e-10   0.00e+00 
 6.91577060032156e-10   0.00e+00 
 6.92069830201695e-10   0.00e+00 
 6.92562614668215e-10   0.00e+00 
 6.93055413425883e-10   0.00e+00 
 6.93548226468873e-10   0.00e+00 
 6.94041053791369e-10   0.00e+00 
 6.94533895387561e-10   0.00e+00 
 6.95026751251651e-10   0.00e+00 
 6.95519621377847e-10   0.00e+00 
 6.96012505760366e-10   0.00e+00 
 6.96505404393433e-10   0.00e+00 
 6.96998317271282e-10   0.00e+00 
 6.97491244388154e-10   0.00e+00 
 6.97984185738300e-10   0.00e+00 
 6.98477141315978e-10   0.00e+00 
 6.98970111115456e-10   0.00e+00 
 6.99463095131007e-10   0.00e+00 
 6.99956093356915e-10   0.00e+00 
 7.00449105787473e-10   0.00e+00 
 7.00942132416978e-10   0.00e+00 
 7.01435173239740e-10   0.00e+00 
 7.01928228250073e-10   0.00e+00 
 7.02421297442302e-10   0.00e+00 
 7.02914380810759e-10   0.00e+00 
 7.03407478349785e-10   0.00e+00 
 7.03900590053727e-10   0.00e+00 
 7.04393715916943e-10   0.00e+00 
 7.04886855933795e-10   0.00e+00 
 7.05380010098658e-10   0.00e+00 
 7.05873178405910e-10   0.00e+00 
 7.06366360849942e-10   0.00e+00 
 7.06859557425148e-10   0.00e+00 
 7.07352768125934e-10   0.00e+00 
 7.07845992946712e-10   0.00e+00 
 7.08339231881901e-10   0.00e+00 
 7.08832484925930e-10   0.00e+00 
 7.09325752073235e-10   0.00e+00 
 7.09819033318260e-10   0.00e+00 
 7.10312328655456e-10   0.00e+00 
 7.10805638079282e-10   0.00e+00 
 7.11298961584207e-10   0.00e+00 
 7.11792299164705e-10   0.00e+00 
 7.12285650815260e-10   0.00e+00 
 7.12779016530360e-10   0.00e+00 
 7.13272396304506e-10   0.00e+00 
 7.13765790132202e-10   0.00e+00 
 7.14259198007963e-10   0.00e+00 
 7.14752619926310e-10   0.00e+00 
 7.15246055881772e-10   0.00e+00 
 7.15739505868886e-10   0.00e+00 
 7.16232969882197e-10   0.00e+00 
 7.16726447916255e-10   0.00e+00 
 7.17219939965622e-10   0.00e+00 
 7.17713446024863e-10   0.00e+00 
 7.18206966088554e-10   0.00e+00 
 7.18700500151277e-10   0.00e+00 
 7.19194048207622e-10   0.00e+00 
 7.19687610252185e-10   0.00e+00 
 7.20181186279573e-10   0.00e+00 
 7.20674776284396e-10   0.00e+00 
 7.21168380261275e-10   0.00e+00 
 7.21661998204837e-10   0.00e+00 
 7.22155630109716e-10   0.00e+00 
 7.22649275970554e-10   0.00e+00 
 7.23142935782001e-10   0.00e+00 
 7.23636609538712e-10   0.00e+00 
 7.24130297235353e-10   0.00e+00 
 7.24623998866594e-10   0.00e+00 
 7.25117714427115e-10   0.00e+00 
 7.25611443911600e-10   0.00e+00 
 7.26105187314744e-10   0.00e+00 
 7.26598944631247e-10   0.00e+00 
 7.27092715855815e-10   0.00e+00 
 7.27586500983165e-10   0.00e+00 
 7.28080300008019e-10   0.00e+00 
 7.28574112925104e-10   0.00e+00 
 7.29067939729159e-10   0.00e+00 
 7.29561780414926e-10   0.00e+00 
 7.30055634977156e-10   0.00e+00 
 7.30549503410607e-10   0.00e+00 
 7.31043385710044e-10   0.00e+00 
 7.31537281870238e-10   0.00e+00 
 7.32031191885969e-10   0.00e+00 
 7.32525115752023e-10   0.00e+00 
 7.33019053463191e-10   0.00e+00 
 7.33513005014275e-10   0.00e+00 
 7.34006970400081e-10   0.00e+00 
 7.34500949615423e-10   0.00e+00 
 7.34994942655122e-10   0.00e+00 
 7.35488949514005e-10   0.00e+00 
 7.35982970186907e-10   0.00e+00 
 7.36477004668669e-10   0.00e+00 
 7.36971052954140e-10   0.00e+00 
 7.37465115038174e-10   0.00e+00 
 7.37959190915633e-10   0.00e+00 
 7.38453280581386e-10   0.00e+00 
 7.38947384030308e-10   0.00e+00 
 7.39441501257282e-10   0.00e+00 
 7.39935632257195e-10   0.00e+00 
 7.40429777024944e-10   0.00e+00 
 7.40923935555431e-10   0.00e+00 
 7.41418107843564e-10   0.00e+00 
 7.41912293884259e-10   0.00e+00 
 7.42406493672438e-10   0.00e+00 
 7.42900707203029e-10   0.00e+00 
 7.43394934470968e-10   0.00e+00 
 7.43889175471196e-10   0.00e+00 
 7.44383430198661e-10   0.00e+00 
 7.44877698648318e-10   0.00e+00 
 7.45371980815129e-10   0.00e+00 
 7.45866276694061e-10   0.00e+00 
 7.46360586280088e-10   0.00e+00 
 7.46854909568190e-10   0.00e+00 
 7.47349246553354e-10   0.00e+00 
 7.47843597230573e-10   0.00e+00 
 7.48337961594847e-10   0.00e+00 
 7.48832339641181e-10   0.00e+00 
 7.49326731364588e-10   0.00e+00 
 7.49821136760087e-10   0.00e+00 
 7.50315555822701e-10   0.00e+00 
 7.50809988547461e-10   0.00e+00 
 7.51304434929405e-10   0.00e+00 
 7.51798894963576e-10   0.00e+00 
 7.52293368645022e-10   0.00e+00 
 7.52787855968800e-10   0.00e+00 
 7.53282356929971e-10   0.00e+00 
 7.53776871523603e-10   0.00e+00 
 7.54271399744770e-10   0.00e+00 
 7.54765941588550e-10   0.00e+00 
 7.55260497050031e-10   0.00e+00 
 7.55755066124302e-10   0.00e+00 
 7.56249648806464e-10   0.00e+00 
 7.56744245091617e-10   0.00e+00 
 7.57238854974874e-10   0.00e+00 
 7.57733478451349e-10   0.00e+00 
 7.58228115516162e-10   0.00e+00 
 7.58722766164442e-10   0.00e+00 
 7.59217430391322e-10   0.00e+00 
 7.59712108191939e-10   0.00e+00 
 7.60206799561439e-10   0.00e+00 
 7.60701504494972e-10   0.00e+00 
 7.61196222987695e-10   0.00e+00 
 7.61690955034768e-10   0.00e+00 
 7.62185700631359e-10   0.00e+00 
 7.62680459772642e-10   0.00e+00 
 7.63175232453794e-10   0.00e+00 
 7.63670018670001e-10   0.00e+00 
 7.64164818416452e-10   0.00e+00 
 7.64659631688343e-10   0.00e+00 
 7.65154458480875e-10   0.00e+00 
 7.65649298789254e-10   0.00e+00 
 7.66144152608692e-10   0.00e+00 
 7.66639019934408e-10   0.00e+00 
 7.67133900761623e-10   0.00e+00 
 7.67628795085566e-10   0.00e+00 
 7.68123702901472e-10   0.00e+00 
 7.68618624204579e-10   0.00e+00 
 7.69113558990132e-10   0.00e+00 
 7.69608507253381e-10   0.00e+00 
 7.70103468989580e-10   0.00e+00 
 7.70598444193992e-10   0.00e+00 
 7.71093432861880e-10   0.00e+00 
 7.71588434988518e-10   0.00e+00 
 7.72083450569180e-10   0.00e+00 
 7.72578479599148e-10   0.00e+00 
 7.73073522073709e-10   0.00e+00 
 7.73568577988155e-10   0.00e+00 
 7.74063647337784e-10   0.00e+00 
 7.74558730117895e-10   0.00e+00 
 7.75053826323799e-10   0.00e+00 
 7.75548935950805e-10   0.00e+00 
 7.76044058994232e-10   0.00e+00 
 7.76539195449402e-10   0.00e+00 
 7.77034345311643e-10   0.00e+00 
 7.77529508576287e-10   0.00e+00 
 7.78024685238672e-10   0.00e+00 
 7.78519875294139e-10   0.00e+00 
 7.79015078738036e-10   0.00e+00 
 7.79510295565716e-10   0.00e+00 
 7.80005525772535e-10   0.00e+00 
 7.80500769353855e-10   0.00e+00 
 7.80996026305044e-10   0.00e+00 
 7.81491296621473e-10   0.00e+00 
 7.81986580298519e-10   0.00e+00 
 7.82481877331562e-10   0.00e+00 
 7.82977187715989e-10   0.00e+00 
 7.83472511447191e-10   0.00e+00 
 7.83967848520564e-10   0.00e+00 
 7.84463198931507e-10   0.00e+00 
 7.84958562675425e-10   0.00e+00 
 7.85453939747730e-10   0.00e+00 
 7.85949330143834e-10   0.00e+00 
 7.86444733859157e-10   0.00e+00 
 7.86940150889123e-10   0.00e+00 
 7.87435581229160e-10   0.00e+00 
 7.87931024874701e-10   0.00e+00 
 7.88426481821183e-10   0.00e+00 
 7.88921952064049e-10   0.00e+00 
 7.89417435598745e-10   0.00e+00 
 7.89912932420722e-10   0.00e+00 
 7.90408442525436e-10   0.00e+00 
 7.90903965908346e-10   0.00e+00 
 7.91399502564919e-10   0.00e+00 
 7.91895052490623e-10   0.00e+00 
 7.92390615680931e-10   0.00e+00 
 7.92886192131322e-10   0.00e+00 
 7.93381781837277e-10   0.00e+00 
 7.93877384794284e-10   0.00e+00 
 7.94373000997834e-10   0.00e+00 
 7.94868630443423e-10   0.00e+00 
 7.95364273126550e-10   0.00e+00 
 7.95859929042720e-10   0.00e+00 
 7.96355598187442e-10   0.00e+00 
 7.96851280556228e-10   0.00e+00 
 7.97346976144596e-10   0.00e+00 
 7.97842684948067e-10   0.00e+00 
 7.98338406962167e-10   0.00e+00 
 7.98834142182426e-10   0.00e+00 
 7.99329890604378e-10   0.00e+00 
 7.99825652223563e-10   0.00e+00 
 8.00321427035522e-10   0.00e+00 
 8.00817215035804e-10   0.00e+00 
 8.01313016219958e-10   0.00e+00 
 8.01808830583540e-10   0.00e+00 
 8.02304658122111e-10   0.00e+00 
 8.02800498831233e-10   0.00e+00 
 8.03296352706474e-10   0.00e+00 
 8.03792219743406e-10   0.00e+00 
 8.04288099937606e-10   0.00e+00 
 8.04783993284653e-10   0.00e+00 
 8.05279899780132e-10   0.00e+00 
 8.05775819419632e-10   0.00e+00 
 8.06271752198744e-10   0.00e+00 
 8.06767698113065e-10   0.00e+00 
 8.07263657158195e-10   0.00e+00 
 8.07759629329740e-10   0.00e+00 
 8.08255614623308e-10   0.00e+00 
 8.08751613034511e-10   0.00e+00 
 8.09247624558966e-10   0.00e+00 
 8.09743649192294e-10   0.00e+00 
 8.10239686930119e-10   0.00e+00 
 8.10735737768069e-10   0.00e+00 
 8.11231801701778e-10   0.00e+00 
 8.11727878726882e-10   0.00e+00 
 8.12223968839022e-10   0.00e+00 
 8.12720072033841e-10   0.00e+00 
 8.13216188306988e-10   0.00e+00 
 8.13712317654115e-10   0.00e+00 
 8.14208460070879e-10   0.00e+00 
 8.14704615552940e-10   0.00e+00 
 8.15200784095960e-10   0.00e+00 
 8.15696965695609e-10   0.00e+00 
 8.16193160347558e-10   0.00e+00 
 8.16689368047481e-10   0.00e+00 
 8.17185588791060e-10   0.00e+00 
 8.17681822573977e-10   0.00e+00 
 8.18178069391919e-10   0.00e+00 
 8.18674329240576e-10   0.00e+00 
 8.19170602115645e-10   0.00e+00 
 8.19666888012823e-10   0.00e+00 
 8.20163186927813e-10   0.00e+00 
 8.20659498856320e-10   0.00e+00 
 8.21155823794055e-10   0.00e+00 
 8.21652161736732e-10   0.00e+00 
 8.22148512680068e-10   0.00e+00 
 8.22644876619784e-10   0.00e+00 
 8.23141253551605e-10   0.00e+00 
 8.23637643471261e-10   0.00e+00 
 8.24134046374484e-10   0.00e+00 
 8.24630462257010e-10   0.00e+00 
 8.25126891114580e-10   0.00e+00 
 8.25623332942936e-10   0.00e+00 
 8.26119787737827e-10   0.00e+00 
 8.26616255495004e-10   0.00e+00 
 8.27112736210221e-10   0.00e+00 
 8.27609229879238e-10   0.00e+00 
 8.28105736497816e-10   0.00e+00 
 8.28602256061723e-10   0.00e+00 
 8.29098788566726e-10   0.00e+00 
 8.29595334008601e-10   0.00e+00 
 8.30091892383123e-10   0.00e+00 
 8.30588463686075e-10   0.00e+00 
 8.31085047913240e-10   0.00e+00 
 8.31581645060406e-10   0.00e+00 
 8.32078255123366e-10   0.00e+00 
 8.32574878097914e-10   0.00e+00 
 8.33071513979850e-10   0.00e+00 
 8.33568162764976e-10   0.00e+00 
 8.34064824449098e-10   0.00e+00 
 8.34561499028028e-10   0.00e+00 
 8.35058186497578e-10   0.00e+00 
 8.35554886853566e-10   0.00e+00 
 8.36051600091813e-10   0.00e+00 
 8.36548326208142e-10   0.00e+00 
 8.37045065198382e-10   0.00e+00 
 8.37541817058366e-10   0.00e+00 
 8.38038581783927e-10   0.00e+00 
 8.38535359370905e-10   0.00e+00 
 8.39032149815143e-10   0.00e+00 
 8.39528953112486e-10   0.00e+00 
 8.40025769258785e-10   0.00e+00 
 8.40522598249892e-10   0.00e+00 
 8.41019440081665e-10   0.00e+00 
 8.41516294749963e-10   0.00e+00 
 8.42013162250652e-10   0.00e+00 
 8.42510042579597e-10   0.00e+00 
 8.43006935732671e-10   0.00e+00 
 8.43503841705748e-10   0.00e+00 
 8.44000760494707e-10   0.00e+00 
 8.44497692095429e-10   0.00e+00 
 8.44994636503799e-10   0.00e+00 
 8.45491593715707e-10   0.00e+00 
 8.45988563727045e-10   0.00e+00 
 8.46485546533709e-10   0.00e+00 
 8.46982542131599e-10   0.00e+00 
 8.47479550516617e-10   0.00e+00 
 8.47976571684670e-10   0.00e+00 
 8.48473605631669e-10   0.00e+00 
 8.48970652353527e-10   0.00e+00 
 8.49467711846161e-10   0.00e+00 
 8.49964784105491e-10   0.00e+00 
 8.50461869127443e-10   0.00e+00 
 8.50958966907944e-10   0.00e+00 
 8.51456077442926e-10   0.00e+00 
 8.51953200728322e-10   0.00e+00 
 8.52450336760071e-10   0.00e+00 
 8.52947485534116e-10   0.00e+00 
 8.53444647046400e-10   0.00e+00 
 8.53941821292874e-10   0.00e+00 
 8.54439008269490e-10   0.00e+00 
 8.54936207972203e-10   0.00e+00 
 8.55433420396973e-10   0.00e+00 
 8.55930645539762e-10   0.00e+00 
 8.56427883396537e-10   0.00e+00 
 8.56925133963267e-10   0.00e+00 
 8.57422397235927e-10   0.00e+00 
 8.57919673210492e-10   0.00e+00 
 8.58416961882943e-10   0.00e+00 
 8.58914263249263e-10   0.00e+00 
 8.59411577305440e-10   0.00e+00 
 8.59908904047464e-10   0.00e+00 
 8.60406243471330e-10   0.00e+00 
 8.60903595573036e-10   0.00e+00 
 8.61400960348582e-10   0.00e+00 
 8.61898337793972e-10   0.00e+00 
 8.62395727905215e-10   0.00e+00 
 8.62893130678323e-10   0.00e+00 
 8.63390546109311e-10   0.00e+00 
 8.63887974194196e-10   0.00e+00 
 8.64385414929001e-10   0.00e+00 
 8.64882868309751e-10   0.00e+00 
 8.65380334332475e-10   0.00e+00 
 8.65877812993205e-10   0.00e+00 
 8.66375304287976e-10   0.00e+00 
 8.66872808212829e-10   0.00e+00 
 8.67370324763805e-10   0.00e+00 
 8.67867853936951e-10   0.00e+00 
 8.68365395728316e-10   0.00e+00 
 8.68862950133953e-10   0.00e+00 
 8.69360517149918e-10   0.00e+00 
 8.69858096772271e-10   0.00e+00 
 8.70355688997076e-10   0.00e+00 
 8.70853293820399e-10   0.00e+00 
 8.71350911238311e-10   0.00e+00 
 8.71848541246884e-10   0.00e+00 
 8.72346183842196e-10   0.00e+00 
 8.72843839020327e-10   0.00e+00 
 8.73341506777361e-10   0.00e+00 
 8.73839187109386e-10   0.00e+00 
 8.74336880012492e-10   0.00e+00 
 8.74834585482772e-10   0.00e+00 
 8.75332303516325e-10   0.00e+00 
 8.75830034109251e-10   0.00e+00 
 8.76327777257655e-10   0.00e+00 
 8.76825532957644e-10   0.00e+00 
 8.77323301205330e-10   0.00e+00 
 8.77821081996827e-10   0.00e+00 
 8.78318875328253e-10   0.00e+00 
 8.78816681195728e-10   0.00e+00 
 8.79314499595380e-10   0.00e+00 
 8.79812330523333e-10   0.00e+00 
 8.80310173975722e-10   0.00e+00 
 8.80808029948680e-10   0.00e+00 
 8.81305898438345e-10   0.00e+00 
 8.81803779440859e-10   0.00e+00 
 8.82301672952368e-10   0.00e+00 
 8.82799578969019e-10   0.00e+00 
 8.83297497486964e-10   0.00e+00 
 8.83795428502359e-10   0.00e+00 
 8.84293372011360e-10   0.00e+00 
 8.84791328010132e-10   0.00e+00 
 8.85289296494837e-10   0.00e+00 
 8.85787277461646e-10   0.00e+00 
 8.86285270906729e-10   0.00e+00 
 8.86783276826262e-10   0.00e+00 
 8.87281295216424e-10   0.00e+00 
 8.87779326073395e-10   0.00e+00 
 8.88277369393361e-10   0.00e+00 
 8.88775425172511e-10   0.00e+00 
 8.89273493407036e-10   0.00e+00 
 8.89771574093131e-10   0.00e+00 
 8.90269667226994e-10   0.00e+00 
 8.90767772804827e-10   0.00e+00 
 8.91265890822835e-10   0.00e+00 
 8.91764021277226e-10   0.00e+00 
 8.92262164164212e-10   0.00e+00 
 8.92760319480006e-10   0.00e+00 
 8.93258487220828e-10   0.00e+00 
 8.93756667382898e-10   0.00e+00 
 8.94254859962440e-10   0.00e+00 
 8.94753064955683e-10   0.00e+00 
 8.95251282358857e-10   0.00e+00 
 8.95749512168196e-10   0.00e+00 
 8.96247754379938e-10   0.00e+00 
 8.96746008990323e-10   0.00e+00 
 8.97244275995595e-10   0.00e+00 
 8.97742555392001e-10   0.00e+00 
 8.98240847175791e-10   0.00e+00 
 8.98739151343219e-10   0.00e+00 
 8.99237467890540e-10   0.00e+00 
 8.99735796814015e-10   0.00e+00 
 9.00234138109906e-10   0.00e+00 
 9.00732491774479e-10   0.00e+00 
 9.01230857804004e-10   0.00e+00 
 9.01729236194752e-10   0.00e+00 
 9.02227626942999e-10   0.00e+00 
 9.02726030045023e-10   0.00e+00 
 9.03224445497107e-10   0.00e+00 
 9.03722873295534e-10   0.00e+00 
 9.04221313436593e-10   0.00e+00 
 9.04719765916573e-10   0.00e+00 
 9.05218230731770e-10   0.00e+00 
 9.05716707878479e-10   0.00e+00 
 9.06215197353002e-10   0.00e+00 
 9.06713699151640e-10   0.00e+00 
 9.07212213270701e-10   0.00e+00 
 9.07710739706492e-10   0.00e+00 
 9.08209278455327e-10   0.00e+00 
 9.08707829513520e-10   0.00e+00 
 9.09206392877390e-10   0.00e+00 
 9.09704968543256e-10   0.00e+00 
 9.10203556507445e-10   0.00e+00 
 9.10702156766281e-10   0.00e+00 
 9.11200769316096e-10   0.00e+00 
 9.11699394153222e-10   0.00e+00 
 9.12198031273995e-10   0.00e+00 
 9.12696680674754e-10   0.00e+00 
 9.13195342351840e-10   0.00e+00 
 9.13694016301597e-10   0.00e+00 
 9.14192702520374e-10   0.00e+00 
 9.14691401004521e-10   0.00e+00 
 9.15190111750390e-10   0.00e+00 
 9.15688834754338e-10   0.00e+00 
 9.16187570012723e-10   0.00e+00 
 9.16686317521907e-10   0.00e+00 
 9.17185077278255e-10   0.00e+00 
 9.17683849278134e-10   0.00e+00 
 9.18182633517914e-10   0.00e+00 
 9.18681429993968e-10   0.00e+00 
 9.19180238702671e-10   0.00e+00 
 9.19679059640402e-10   0.00e+00 
 9.20177892803543e-10   0.00e+00 
 9.20676738188476e-10   0.00e+00 
 9.21175595791590e-10   0.00e+00 
 9.21674465609272e-10   0.00e+00 
 9.22173347637916e-10   0.00e+00 
 9.22672241873916e-10   0.00e+00 
 9.23171148313670e-10   0.00e+00 
 9.23670066953577e-10   0.00e+00 
 9.24168997790041e-10   0.00e+00 
 9.24667940819467e-10   0.00e+00 
 9.25166896038264e-10   0.00e+00 
 9.25665863442841e-10   0.00e+00 
 9.26164843029613e-10   0.00e+00 
 9.26663834794996e-10   0.00e+00 
 9.27162838735408e-10   0.00e+00 
 9.27661854847270e-10   0.00e+00 
 9.28160883127007e-10   0.00e+00 
 9.28659923571044e-10   0.00e+00 
 9.29158976175811e-10   0.00e+00 
 9.29658040937739e-10   0.00e+00 
 9.30157117853262e-10   0.00e+00 
 9.30656206918818e-10   0.00e+00 
 9.31155308130844e-10   0.00e+00 
 9.31654421485782e-10   0.00e+00 
 9.32153546980078e-10   0.00e+00 
 9.32652684610177e-10   0.00e+00 
 9.33151834372528e-10   0.00e+00 
 9.33650996263583e-10   0.00e+00 
 9.34150170279797e-10   0.00e+00 
 9.34649356417625e-10   0.00e+00 
 9.35148554673527e-10   0.00e+00 
 9.35647765043963e-10   0.00e+00 
 9.36146987525398e-10   0.00e+00 
 9.36646222114298e-10   0.00e+00 
 9.37145468807132e-10   0.00e+00 
 9.37644727600370e-10   0.00e+00 
 9.38143998490485e-10   0.00e+00 
 9.38643281473955e-10   0.00e+00 
 9.39142576547256e-10   0.00e+00 
 9.39641883706870e-10   0.00e+00 
 9.40141202949279e-10   0.00e+00 
 9.40640534270970e-10   0.00e+00 
 9.41139877668428e-10   0.00e+00 
 9.41639233138143e-10   0.00e+00 
 9.42138600676609e-10   0.00e+00 
 9.42637980280320e-10   0.00e+00 
 9.43137371945771e-10   0.00e+00 
 9.43636775669464e-10   0.00e+00 
 9.44136191447898e-10   0.00e+00 
 9.44635619277578e-10   0.00e+00 
 9.45135059155009e-10   0.00e+00 
 9.45634511076700e-10   0.00e+00 
 9.46133975039161e-10   0.00e+00 
 9.46633451038905e-10   0.00e+00 
 9.47132939072446e-10   0.00e+00 
 9.47632439136302e-10   0.00e+00 
 9.48131951226992e-10   0.00e+00 
 9.48631475341038e-10   0.00e+00 
 9.49131011474964e-10   0.00e+00 
 9.49630559625295e-10   0.00e+00 
 9.50130119788560e-10   0.00e+00 
 9.50629691961290e-10   0.00e+00 
 9.51129276140015e-10   0.00e+00 
 9.51628872321272e-10   0.00e+00 
 9.52128480501598e-10   0.00e+00 
 9.52628100677530e-10   0.00e+00 
 9.53127732845612e-10   0.00e+00 
 9.53627377002386e-10   0.00e+00 
 9.54127033144398e-10   0.00e+00 
 9.54626701268195e-10   0.00e+00 
 9.55126381370327e-10   0.00e+00 
 9.55626073447347e-10   0.00e+00 
 9.56125777495808e-10   0.00e+00 
 9.56625493512266e-10   0.00e+00 
 9.57125221493280e-10   0.00e+00 
 9.57624961435409e-10   0.00e+00 
 9.58124713335218e-10   0.00e+00 
 9.58624477189269e-10   0.00e+00 
 9.59124252994131e-10   0.00e+00 
 9.59624040746372e-10   0.00e+00 
 9.60123840442562e-10   0.00e+00 
 9.60623652079274e-10   0.00e+00 
 9.61123475653084e-10   0.00e+00 
 9.61623311160568e-10   0.00e+00 
 9.62123158598307e-10   0.00e+00 
 9.62623017962881e-10   0.00e+00 
 9.63122889250873e-10   0.00e+00 
 9.63622772458869e-10   0.00e+00 
 9.64122667583456e-10   0.00e+00 
 9.64622574621223e-10   0.00e+00 
 9.65122493568762e-10   0.00e+00 
 9.65622424422667e-10   0.00e+00 
 9.66122367179533e-10   0.00e+00 
 9.66622321835958e-10   0.00e+00 
 9.67122288388540e-10   0.00e+00 
 9.67622266833883e-10   0.00e+00 
 9.68122257168589e-10   0.00e+00 
 9.68622259389265e-10   0.00e+00 
 9.69122273492518e-10   0.00e+00 
 9.69622299474957e-10   0.00e+00 
 9.70122337333194e-10   0.00e+00 
 9.70622387063844e-10   0.00e+00 
 9.71122448663522e-10   0.00e+00 
 9.71622522128845e-10   0.00e+00 
 9.72122607456433e-10   0.00e+00 
 9.72622704642909e-10   0.00e+00 
 9.73122813684896e-10   0.00e+00 
 9.73622934579020e-10   0.00e+00 
 9.74123067321908e-10   0.00e+00 
 9.74623211910190e-10   0.00e+00 
 9.75123368340498e-10   0.00e+00 
 9.75623536609466e-10   0.00e+00 
 9.76123716713729e-10   0.00e+00 
 9.76623908649926e-10   0.00e+00 
 9.77124112414695e-10   0.00e+00 
 9.77624328004678e-10   0.00e+00 
 9.78124555416521e-10   0.00e+00 
 9.78624794646866e-10   0.00e+00 
 9.79125045692363e-10   0.00e+00 
 9.79625308549661e-10   0.00e+00 
 9.80125583215412e-10   0.00e+00 
 9.80625869686269e-10   0.00e+00 
 9.81126167958887e-10   0.00e+00 
 9.81626478029924e-10   0.00e+00 
 9.82126799896040e-10   0.00e+00 
 9.82627133553896e-10   0.00e+00 
 9.83127479000155e-10   0.00e+00 
 9.83627836231483e-10   0.00e+00 
 9.84128205244547e-10   0.00e+00 
 9.84628586036018e-10   0.00e+00 
 9.85128978602565e-10   0.00e+00 
 9.85629382940862e-10   0.00e+00 
 9.86129799047585e-10   0.00e+00 
 9.86630226919410e-10   0.00e+00 
 9.87130666553017e-10   0.00e+00 
 9.87631117945087e-10   0.00e+00 
 9.88131581092303e-10   0.00e+00 
 9.88632055991350e-10   0.00e+00 
 9.89132542638916e-10   0.00e+00 
 9.89633041031689e-10   0.00e+00 
 9.90133551166360e-10   0.00e+00 
 9.90634073039622e-10   0.00e+00 
 9.91134606648170e-10   0.00e+00 
 9.91635151988703e-10   0.00e+00 
 9.92135709057916e-10   0.00e+00 
 9.92636277852513e-10   0.00e+00 
 9.93136858369195e-10   0.00e+00 
 9.93637450604667e-10   0.00e+00 
 9.94138054555637e-10   0.00e+00 
 9.94638670218812e-10   0.00e+00 
 9.95139297590904e-10   0.00e+00 
 9.95639936668624e-10   0.00e+00 
 9.96140587448689e-10   0.00e+00 
 9.96641249927813e-10   0.00e+00 
 9.97141924102717e-10   0.00e+00 
 9.97642609970119e-10   0.00e+00 
 9.98143307526744e-10   0.00e+00 
 9.98644016769314e-10   0.00e+00 
 9.99144737694558e-10   0.00e+00 
 9.99645470299201e-10   0.00e+00 
 1.00014621457998e-09   0.00e+00 
 1.00064697053361e-09   0.00e+00 
 1.00114773815685e-09   0.00e+00 
 1.00164851744642e-09   0.00e+00 
 1.00214930839906e-09   0.00e+00 
 1.00265011101151e-09   0.00e+00 
 1.00315092528052e-09   0.00e+00 
 1.00365175120282e-09   0.00e+00 
 1.00415258877517e-09   0.00e+00 
 1.00465343799431e-09   0.00e+00 
 1.00515429885699e-09   0.00e+00 
 1.00565517135997e-09   0.00e+00 
 1.00615605549999e-09   0.00e+00 
 1.00665695127381e-09   0.00e+00 
 1.00715785867820e-09   0.00e+00 
 1.00765877770990e-09   0.00e+00 
 1.00815970836569e-09   0.00e+00 
 1.00866065064232e-09   0.00e+00 
 1.00916160453656e-09   0.00e+00 
 1.00966257004518e-09   0.00e+00 
 1.01016354716494e-09   0.00e+00 
 1.01066453589262e-09   0.00e+00 
 1.01116553622500e-09   0.00e+00 
 1.01166654815884e-09   0.00e+00 
 1.01216757169092e-09   0.00e+00 
 1.01266860681802e-09   0.00e+00 
 1.01316965353693e-09   0.00e+00 
 1.01367071184442e-09   0.00e+00 
 1.01417178173728e-09   0.00e+00 
 1.01467286321230e-09   0.00e+00 
 1.01517395626626e-09   0.00e+00 
 1.01567506089596e-09   0.00e+00 
 1.01617617709819e-09   0.00e+00 
 1.01667730486973e-09   0.00e+00 
 1.01717844420740e-09   0.00e+00 
 1.01767959510797e-09   0.00e+00 
 1.01818075756827e-09   0.00e+00 
 1.01868193158508e-09   0.00e+00 
 1.01918311715521e-09   0.00e+00 
 1.01968431427546e-09   0.00e+00 
 1.02018552294265e-09   0.00e+00 
 1.02068674315358e-09   0.00e+00 
 1.02118797490506e-09   0.00e+00 
 1.02168921819390e-09   0.00e+00 
 1.02219047301693e-09   0.00e+00 
 1.02269173937095e-09   0.00e+00 
 1.02319301725279e-09   0.00e+00 
 1.02369430665926e-09   0.00e+00 
 1.02419560758719e-09   0.00e+00 
 1.02469692003340e-09   0.00e+00 
 1.02519824399472e-09   0.00e+00 
 1.02569957946797e-09   0.00e+00 
 1.02620092644999e-09   0.00e+00 
 1.02670228493759e-09   0.00e+00 
 1.02720365492763e-09   0.00e+00 
 1.02770503641693e-09   0.00e+00 
 1.02820642940232e-09   0.00e+00 
 1.02870783388066e-09   0.00e+00 
 1.02920924984877e-09   0.00e+00 
 1.02971067730349e-09   0.00e+00 
 1.03021211624168e-09   0.00e+00 
 1.03071356666018e-09   0.00e+00 
 1.03121502855583e-09   0.00e+00 
 1.03171650192549e-09   0.00e+00 
 1.03221798676599e-09   0.00e+00 
 1.03271948307421e-09   0.00e+00 
 1.03322099084698e-09   0.00e+00 
 1.03372251008117e-09   0.00e+00 
 1.03422404077364e-09   0.00e+00 
 1.03472558292123e-09   0.00e+00 
 1.03522713652082e-09   0.00e+00 
 1.03572870156927e-09   0.00e+00 
 1.03623027806344e-09   0.00e+00 
 1.03673186600019e-09   0.00e+00 
 1.03723346537640e-09   0.00e+00 
 1.03773507618893e-09   0.00e+00 
 1.03823669843466e-09   0.00e+00 
 1.03873833211045e-09   0.00e+00 
 1.03923997721319e-09   0.00e+00 
 1.03974163373974e-09   0.00e+00 
 1.04024330168699e-09   0.00e+00 
 1.04074498105181e-09   0.00e+00 
 1.04124667183109e-09   0.00e+00 
 1.04174837402171e-09   0.00e+00 
 1.04225008762055e-09   0.00e+00 
 1.04275181262450e-09   0.00e+00 
 1.04325354903045e-09   0.00e+00 
 1.04375529683528e-09   0.00e+00 
 1.04425705603589e-09   0.00e+00 
 1.04475882662916e-09   0.00e+00 
 1.04526060861200e-09   0.00e+00 
 1.04576240198130e-09   0.00e+00 
 1.04626420673395e-09   0.00e+00 
 1.04676602286685e-09   0.00e+00 
 1.04726785037691e-09   0.00e+00 
 1.04776968926102e-09   0.00e+00 
 1.04827153951609e-09   0.00e+00 
 1.04877340113902e-09   0.00e+00 
 1.04927527412672e-09   0.00e+00 
 1.04977715847610e-09   0.00e+00 
 1.05027905418407e-09   0.00e+00 
 1.05078096124753e-09   0.00e+00 
 1.05128287966341e-09   0.00e+00 
 1.05178480942861e-09   0.00e+00 
 1.05228675054005e-09   0.00e+00 
 1.05278870299465e-09   0.00e+00 
 1.05329066678932e-09   0.00e+00 
 1.05379264192099e-09   0.00e+00 
 1.05429462838657e-09   0.00e+00 
 1.05479662618300e-09   0.00e+00 
 1.05529863530719e-09   0.00e+00 
 1.05580065575607e-09   0.00e+00 
 1.05630268752657e-09   0.00e+00 
 1.05680473061561e-09   0.00e+00 
 1.05730678502014e-09   0.00e+00 
 1.05780885073707e-09   0.00e+00 
 1.05831092776334e-09   0.00e+00 
 1.05881301609590e-09   0.00e+00 
 1.05931511573166e-09   0.00e+00 
 1.05981722666758e-09   0.00e+00 
 1.06031934890058e-09   0.00e+00 
 1.06082148242762e-09   0.00e+00 
 1.06132362724563e-09   0.00e+00 
 1.06182578335155e-09   0.00e+00 
 1.06232795074233e-09   0.00e+00 
 1.06283012941492e-09   0.00e+00 
 1.06333231936627e-09   0.00e+00 
 1.06383452059332e-09   0.00e+00 
 1.06433673309302e-09   0.00e+00 
 1.06483895686232e-09   0.00e+00 
 1.06534119189818e-09   0.00e+00 
 1.06584343819756e-09   0.00e+00 
 1.06634569575740e-09   0.00e+00 
 1.06684796457467e-09   0.00e+00 
 1.06735024464633e-09   0.00e+00 
 1.06785253596933e-09   0.00e+00 
 1.06835483854063e-09   0.00e+00 
 1.06885715235721e-09   0.00e+00 
 1.06935947741601e-09   0.00e+00 
 1.06986181371402e-09   0.00e+00 
 1.07036416124819e-09   0.00e+00 
 1.07086652001549e-09   0.00e+00 
 1.07136889001290e-09   0.00e+00 
 1.07187127123738e-09   0.00e+00 
 1.07237366368591e-09   0.00e+00 
 1.07287606735546e-09   0.00e+00 
 1.07337848224300e-09   0.00e+00 
 1.07388090834552e-09   0.00e+00 
 1.07438334565998e-09   0.00e+00 
 1.07488579418337e-09   0.00e+00 
 1.07538825391267e-09   0.00e+00 
 1.07589072484486e-09   0.00e+00 
 1.07639320697693e-09   0.00e+00 
 1.07689570030585e-09   0.00e+00 
 1.07739820482862e-09   0.00e+00 
 1.07790072054221e-09   0.00e+00 
 1.07840324744363e-09   0.00e+00 
 1.07890578552985e-09   0.00e+00 
 1.07940833479787e-09   0.00e+00 
 1.07991089524468e-09   0.00e+00 
 1.08041346686728e-09   0.00e+00 
 1.08091604966266e-09   0.00e+00 
 1.08141864362782e-09   0.00e+00 
 1.08192124875975e-09   0.00e+00 
 1.08242386505546e-09   0.00e+00 
 1.08292649251193e-09   0.00e+00 
 1.08342913112619e-09   0.00e+00 
 1.08393178089522e-09   0.00e+00 
 1.08443444181603e-09   0.00e+00 
 1.08493711388563e-09   0.00e+00 
 1.08543979710103e-09   0.00e+00 
 1.08594249145923e-09   0.00e+00 
 1.08644519695724e-09   0.00e+00 
 1.08694791359207e-09   0.00e+00 
 1.08745064136074e-09   0.00e+00 
 1.08795338026026e-09   0.00e+00 
 1.08845613028764e-09   0.00e+00 
 1.08895889143990e-09   0.00e+00 
 1.08946166371405e-09   0.00e+00 
 1.08996444710712e-09   0.00e+00 
 1.09046724161613e-09   0.00e+00 
 1.09097004723810e-09   0.00e+00 
 1.09147286397004e-09   0.00e+00 
 1.09197569180899e-09   0.00e+00 
 1.09247853075196e-09   0.00e+00 
 1.09298138079599e-09   0.00e+00 
 1.09348424193810e-09   0.00e+00 
 1.09398711417533e-09   0.00e+00 
 1.09448999750469e-09   0.00e+00 
 1.09499289192324e-09   0.00e+00 
 1.09549579742799e-09   0.00e+00 
 1.09599871401598e-09   0.00e+00 
 1.09650164168424e-09   0.00e+00 
 1.09700458042983e-09   0.00e+00 
 1.09750753024976e-09   0.00e+00 
 1.09801049114109e-09   0.00e+00 
 1.09851346310086e-09   0.00e+00 
 1.09901644612610e-09   0.00e+00 
 1.09951944021386e-09   0.00e+00 
 1.10002244536118e-09   0.00e+00 
 1.10052546156512e-09   0.00e+00 
 1.10102848882272e-09   0.00e+00 
 1.10153152713102e-09   0.00e+00 
 1.10203457648708e-09   0.00e+00 
 1.10253763688796e-09   0.00e+00 
 1.10304070833069e-09   0.00e+00 
 1.10354379081235e-09   0.00e+00 
 1.10404688432997e-09   0.00e+00 
 1.10454998888063e-09   0.00e+00 
 1.10505310446137e-09   0.00e+00 
 1.10555623106927e-09   0.00e+00 
 1.10605936870137e-09   0.00e+00 
 1.10656251735474e-09   0.00e+00 
 1.10706567702645e-09   0.00e+00 
 1.10756884771355e-09   0.00e+00 
 1.10807202941312e-09   0.00e+00 
 1.10857522212223e-09   0.00e+00 
 1.10907842583794e-09   0.00e+00 
 1.10958164055732e-09   0.00e+00 
 1.11008486627744e-09   0.00e+00 
 1.11058810299538e-09   0.00e+00 
 1.11109135070821e-09   0.00e+00 
 1.11159460941301e-09   0.00e+00 
 1.11209787910686e-09   0.00e+00 
 1.11260115978682e-09   0.00e+00 
 1.11310445144998e-09   0.00e+00 
 1.11360775409343e-09   0.00e+00 
 1.11411106771424e-09   0.00e+00 
 1.11461439230950e-09   0.00e+00 
 1.11511772787630e-09   0.00e+00 
 1.11562107441171e-09   0.00e+00 
 1.11612443191282e-09   0.00e+00 
 1.11662780037674e-09   0.00e+00 
 1.11713117980053e-09   0.00e+00 
 1.11763457018131e-09   0.00e+00 
 1.11813797151615e-09   0.00e+00 
 1.11864138380216e-09   0.00e+00 
 1.11914480703643e-09   0.00e+00 
 1.11964824121605e-09   0.00e+00 
 1.12015168633813e-09   0.00e+00 
 1.12065514239975e-09   0.00e+00 
 1.12115860939804e-09   0.00e+00 
 1.12166208733008e-09   0.00e+00 
 1.12216557619297e-09   0.00e+00 
 1.12266907598383e-09   0.00e+00 
 1.12317258669976e-09   0.00e+00 
 1.12367610833787e-09   0.00e+00 
 1.12417964089527e-09   0.00e+00 
 1.12468318436905e-09   0.00e+00 
 1.12518673875635e-09   0.00e+00 
 1.12569030405426e-09   0.00e+00 
 1.12619388025990e-09   0.00e+00 
 1.12669746737040e-09   0.00e+00 
 1.12720106538285e-09   0.00e+00 
 1.12770467429439e-09   0.00e+00 
 1.12820829410212e-09   0.00e+00 
 1.12871192480318e-09   0.00e+00 
 1.12921556639468e-09   0.00e+00 
 1.12971921887374e-09   0.00e+00 
 1.13022288223749e-09   0.00e+00 
 1.13072655648305e-09   0.00e+00 
 1.13123024160756e-09   0.00e+00 
 1.13173393760813e-09   0.00e+00 
 1.13223764448190e-09   0.00e+00 
 1.13274136222599e-09   0.00e+00 
 1.13324509083754e-09   0.00e+00 
 1.13374883031369e-09   0.00e+00 
 1.13425258065155e-09   0.00e+00 
 1.13475634184828e-09   0.00e+00 
 1.13526011390101e-09   0.00e+00 
 1.13576389680687e-09   0.00e+00 
 1.13626769056301e-09   0.00e+00 
 1.13677149516656e-09   0.00e+00 
 1.13727531061466e-09   0.00e+00 
 1.13777913690447e-09   0.00e+00 
 1.13828297403311e-09   0.00e+00 
 1.13878682199775e-09   0.00e+00 
 1.13929068079551e-09   0.00e+00 
 1.13979455042356e-09   0.00e+00 
 1.14029843087904e-09   0.00e+00 
 1.14080232215910e-09   0.00e+00 
 1.14130622426089e-09   0.00e+00 
 1.14181013718156e-09   0.00e+00 
 1.14231406091827e-09   0.00e+00 
 1.14281799546817e-09   0.00e+00 
 1.14332194082843e-09   0.00e+00 
 1.14382589699618e-09   0.00e+00 
 1.14432986396860e-09   0.00e+00 
 1.14483384174284e-09   0.00e+00 
 1.14533783031607e-09   0.00e+00 
 1.14584182968544e-09   0.00e+00 
 1.14634583984812e-09   0.00e+00 
 1.14684986080128e-09   0.00e+00 
 1.14735389254207e-09   0.00e+00 
 1.14785793506766e-09   0.00e+00 
 1.14836198837523e-09   0.00e+00 
 1.14886605246194e-09   0.00e+00 
 1.14937012732496e-09   0.00e+00 
 1.14987421296147e-09   0.00e+00 
 1.15037830936862e-09   0.00e+00 
 1.15088241654361e-09   0.00e+00 
 1.15138653448359e-09   0.00e+00 
 1.15189066318576e-09   0.00e+00 
 1.15239480264728e-09   0.00e+00 
 1.15289895286533e-09   0.00e+00 
 1.15340311383709e-09   0.00e+00 
 1.15390728555975e-09   0.00e+00 
 1.15441146803047e-09   0.00e+00 
 1.15491566124645e-09   0.00e+00 
 1.15541986520487e-09   0.00e+00 
 1.15592407990292e-09   0.00e+00 
 1.15642830533777e-09   0.00e+00 
 1.15693254150661e-09   0.00e+00 
 1.15743678840664e-09   0.00e+00 
 1.15794104603504e-09   0.00e+00 
 1.15844531438900e-09   0.00e+00 
 1.15894959346571e-09   0.00e+00 
 1.15945388326237e-09   0.00e+00 
 1.15995818377617e-09   0.00e+00 
 1.16046249500430e-09   0.00e+00 
 1.16096681694395e-09   0.00e+00 
 1.16147114959233e-09   0.00e+00 
 1.16197549294663e-09   0.00e+00 
 1.16247984700405e-09   0.00e+00 
 1.16298421176178e-09   0.00e+00 
 1.16348858721704e-09   0.00e+00 
 1.16399297336702e-09   0.00e+00 
 1.16449737020892e-09   0.00e+00 
 1.16500177773995e-09   0.00e+00 
 1.16550619595731e-09   0.00e+00 
 1.16601062485821e-09   0.00e+00 
 1.16651506443986e-09   0.00e+00 
 1.16701951469945e-09   0.00e+00 
 1.16752397563421e-09   0.00e+00 
 1.16802844724134e-09   0.00e+00 
 1.16853292951806e-09   0.00e+00 
 1.16903742246157e-09   0.00e+00 
 1.16954192606909e-09   0.00e+00 
 1.17004644033782e-09   0.00e+00 
 1.17055096526500e-09   0.00e+00 
 1.17105550084783e-09   0.00e+00 
 1.17156004708352e-09   0.00e+00 
 1.17206460396931e-09   0.00e+00 
 1.17256917150240e-09   0.00e+00 
 1.17307374968002e-09   0.00e+00 
 1.17357833849939e-09   0.00e+00 
 1.17408293795773e-09   0.00e+00 
 1.17458754805227e-09   0.00e+00 
 1.17509216878022e-09   0.00e+00 
 1.17559680013882e-09   0.00e+00 
 1.17610144212528e-09   0.00e+00 
 1.17660609473684e-09   0.00e+00 
 1.17711075797073e-09   0.00e+00 
 1.17761543182417e-09   0.00e+00 
 1.17812011629439e-09   0.00e+00 
 1.17862481137863e-09   0.00e+00 
 1.17912951707412e-09   0.00e+00 
 1.17963423337809e-09   0.00e+00 
 1.18013896028778e-09   0.00e+00 
 1.18064369780041e-09   0.00e+00 
 1.18114844591323e-09   0.00e+00 
 1.18165320462348e-09   0.00e+00 
 1.18215797392838e-09   0.00e+00 
 1.18266275382519e-09   0.00e+00 
 1.18316754431114e-09   0.00e+00 
 1.18367234538347e-09   0.00e+00 
 1.18417715703943e-09   0.00e+00 
 1.18468197927625e-09   0.00e+00 
 1.18518681209119e-09   0.00e+00 
 1.18569165548148e-09   0.00e+00 
 1.18619650944438e-09   0.00e+00 
 1.18670137397713e-09   0.00e+00 
 1.18720624907697e-09   0.00e+00 
 1.18771113474116e-09   0.00e+00 
 1.18821603096696e-09   0.00e+00 
 1.18872093775160e-09   0.00e+00 
 1.18922585509234e-09   0.00e+00 
 1.18973078298643e-09   0.00e+00 
 1.19023572143114e-09   0.00e+00 
 1.19074067042370e-09   0.00e+00 
 1.19124562996139e-09   0.00e+00 
 1.19175060004145e-09   0.00e+00 
 1.19225558066115e-09   0.00e+00 
 1.19276057181774e-09   0.00e+00 
 1.19326557350849e-09   0.00e+00 
 1.19377058573065e-09   0.00e+00 
 1.19427560848149e-09   0.00e+00 
 1.19478064175827e-09   0.00e+00 
 1.19528568555826e-09   0.00e+00 
 1.19579073987871e-09   0.00e+00 
 1.19629580471690e-09   0.00e+00 
 1.19680088007010e-09   0.00e+00 
 1.19730596593556e-09   0.00e+00 
 1.19781106231057e-09   0.00e+00 
 1.19831616919238e-09   0.00e+00 
 1.19882128657828e-09   0.00e+00 
 1.19932641446553e-09   0.00e+00 
 1.19983155285141e-09   0.00e+00 
 1.20033670173319e-09   0.00e+00 
 1.20084186110815e-09   0.00e+00 
 1.20134703097356e-09   0.00e+00 
 1.20185221132670e-09   0.00e+00 
 1.20235740216484e-09   0.00e+00 
 1.20286260348528e-09   0.00e+00 
 1.20336781528529e-09   0.00e+00 
 1.20387303756214e-09   0.00e+00 
 1.20437827031312e-09   0.00e+00 
 1.20488351353552e-09   0.00e+00 
 1.20538876722662e-09   0.00e+00 
 1.20589403138371e-09   0.00e+00 
 1.20639930600407e-09   0.00e+00 
 1.20690459108498e-09   0.00e+00 
 1.20740988662374e-09   0.00e+00 
 1.20791519261764e-09   0.00e+00 
 1.20842050906397e-09   0.00e+00 
 1.20892583596002e-09   0.00e+00 
 1.20943117330307e-09   0.00e+00 
 1.20993652109043e-09   0.00e+00 
 1.21044187931940e-09   0.00e+00 
 1.21094724798725e-09   0.00e+00 
 1.21145262709130e-09   0.00e+00 
 1.21195801662884e-09   0.00e+00 
 1.21246341659717e-09   0.00e+00 
 1.21296882699358e-09   0.00e+00 
 1.21347424781539e-09   0.00e+00 
 1.21397967905988e-09   0.00e+00 
 1.21448512072437e-09   0.00e+00 
 1.21499057280616e-09   0.00e+00 
 1.21549603530255e-09   0.00e+00 
 1.21600150821085e-09   0.00e+00 
 1.21650699152836e-09   0.00e+00 
 1.21701248525240e-09   0.00e+00 
 1.21751798938026e-09   0.00e+00 
 1.21802350390927e-09   0.00e+00 
 1.21852902883674e-09   0.00e+00 
 1.21903456415997e-09   0.00e+00 
 1.21954010987627e-09   0.00e+00 
 1.22004566598297e-09   0.00e+00 
 1.22055123247738e-09   0.00e+00 
 1.22105680935681e-09   0.00e+00 
 1.22156239661858e-09   0.00e+00 
 1.22206799426002e-09   0.00e+00 
 1.22257360227843e-09   0.00e+00 
 1.22307922067113e-09   0.00e+00 
 1.22358484943546e-09   0.00e+00 
 1.22409048856873e-09   0.00e+00 
 1.22459613806827e-09   0.00e+00 
 1.22510179793139e-09   0.00e+00 
 1.22560746815543e-09   0.00e+00 
 1.22611314873772e-09   0.00e+00 
 1.22661883967557e-09   0.00e+00 
 1.22712454096631e-09   0.00e+00 
 1.22763025260729e-09   0.00e+00 
 1.22813597459582e-09   0.00e+00 
 1.22864170692923e-09   0.00e+00 
 1.22914744960487e-09   0.00e+00 
 1.22965320262006e-09   0.00e+00 
 1.23015896597214e-09   0.00e+00 
 1.23066473965845e-09   0.00e+00 
 1.23117052367631e-09   0.00e+00 
 1.23167631802307e-09   0.00e+00 
 1.23218212269606e-09   0.00e+00 
 1.23268793769263e-09   0.00e+00 
 1.23319376301011e-09   0.00e+00 
 1.23369959864585e-09   0.00e+00 
 1.23420544459719e-09   0.00e+00 
 1.23471130086147e-09   0.00e+00 
 1.23521716743603e-09   0.00e+00 
 1.23572304431823e-09   0.00e+00 
 1.23622893150540e-09   0.00e+00 
 1.23673482899490e-09   0.00e+00 
 1.23724073678407e-09   0.00e+00 
 1.23774665487026e-09   0.00e+00 
 1.23825258325082e-09   0.00e+00 
 1.23875852192310e-09   0.00e+00 
 1.23926447088446e-09   0.00e+00 
 1.23977043013225e-09   0.00e+00 
 1.24027639966382e-09   0.00e+00 
 1.24078237947652e-09   0.00e+00 
 1.24128836956771e-09   0.00e+00 
 1.24179436993475e-09   0.00e+00 
 1.24230038057500e-09   0.00e+00 
 1.24280640148581e-09   0.00e+00 
 1.24331243266455e-09   0.00e+00 
 1.24381847410857e-09   0.00e+00 
 1.24432452581524e-09   0.00e+00 
 1.24483058778192e-09   0.00e+00 
 1.24533666000596e-09   0.00e+00 
 1.24584274248475e-09   0.00e+00 
 1.24634883521563e-09   0.00e+00 
 1.24685493819599e-09   0.00e+00 
 1.24736105142317e-09   0.00e+00 
 1.24786717489456e-09   0.00e+00 
 1.24837330860752e-09   0.00e+00 
 1.24887945255942e-09   0.00e+00 
 1.24938560674763e-09   0.00e+00 
 1.24989177116952e-09   0.00e+00 
 1.25039794582247e-09   0.00e+00 
 1.25090413070385e-09   0.00e+00 
 1.25141032581103e-09   0.00e+00 
 1.25191653114139e-09   0.00e+00 
 1.25242274669230e-09   0.00e+00 
 1.25292897246114e-09   0.00e+00 
 1.25343520844529e-09   0.00e+00 
 1.25394145464213e-09   0.00e+00 
 1.25444771104904e-09   0.00e+00 
 1.25495397766340e-09   0.00e+00 
 1.25546025448258e-09   0.00e+00 
 1.25596654150398e-09   0.00e+00 
 1.25647283872497e-09   0.00e+00 
 1.25697914614294e-09   0.00e+00 
 1.25748546375527e-09   0.00e+00 
 1.25799179155935e-09   0.00e+00 
 1.25849812955257e-09   0.00e+00 
 1.25900447773231e-09   0.00e+00 
 1.25951083609597e-09   0.00e+00 
 1.26001720464093e-09   0.00e+00 
 1.26052358336457e-09   0.00e+00 
 1.26102997226430e-09   0.00e+00 
 1.26153637133751e-09   0.00e+00 
 1.26204278058158e-09   0.00e+00 
 1.26254919999391e-09   0.00e+00 
 1.26305562957190e-09   0.00e+00 
 1.26356206931294e-09   0.00e+00 
 1.26406851921442e-09   0.00e+00 
 1.26457497927375e-09   0.00e+00 
 1.26508144948832e-09   0.00e+00 
 1.26558792985553e-09   0.00e+00 
 1.26609442037278e-09   0.00e+00 
 1.26660092103747e-09   0.00e+00 
 1.26710743184700e-09   0.00e+00 
 1.26761395279877e-09   0.00e+00 
 1.26812048389019e-09   0.00e+00 
 1.26862702511866e-09   0.00e+00 
 1.26913357648159e-09   0.00e+00 
 1.26964013797637e-09   0.00e+00 
 1.27014670960043e-09   0.00e+00 
 1.27065329135115e-09   0.00e+00 
 1.27115988322596e-09   0.00e+00 
 1.27166648522225e-09   0.00e+00 
 1.27217309733745e-09   0.00e+00 
 1.27267971956896e-09   0.00e+00 
 1.27318635191419e-09   0.00e+00 
 1.27369299437055e-09   0.00e+00 
 1.27419964693546e-09   0.00e+00 
 1.27470630960633e-09   0.00e+00 
 1.27521298238058e-09   0.00e+00 
 1.27571966525561e-09   0.00e+00 
 1.27622635822886e-09   0.00e+00 
 1.27673306129772e-09   0.00e+00 
 1.27723977445963e-09   0.00e+00 
 1.27774649771200e-09   0.00e+00 
 1.27825323105225e-09   0.00e+00 
 1.27875997447781e-09   0.00e+00 
 1.27926672798608e-09   0.00e+00 
 1.27977349157450e-09   0.00e+00 
 1.28028026524049e-09   0.00e+00 
 1.28078704898146e-09   0.00e+00 
 1.28129384279486e-09   0.00e+00 
 1.28180064667809e-09   0.00e+00 
 1.28230746062859e-09   0.00e+00 
 1.28281428464379e-09   0.00e+00 
 1.28332111872111e-09   0.00e+00 
 1.28382796285798e-09   0.00e+00 
 1.28433481705183e-09   0.00e+00 
 1.28484168130009e-09   0.00e+00 
 1.28534855560019e-09   0.00e+00 
 1.28585543994957e-09   0.00e+00 
 1.28636233434566e-09   0.00e+00 
 1.28686923878589e-09   0.00e+00 
 1.28737615326770e-09   0.00e+00 
 1.28788307778851e-09   0.00e+00 
 1.28839001234578e-09   0.00e+00 
 1.28889695693693e-09   0.00e+00 
 1.28940391155940e-09   0.00e+00 
 1.28991087621064e-09   0.00e+00 
 1.29041785088807e-09   0.00e+00 
 1.29092483558915e-09   0.00e+00 
 1.29143183031132e-09   0.00e+00 
 1.29193883505200e-09   0.00e+00 
 1.29244584980866e-09   0.00e+00 
 1.29295287457873e-09   0.00e+00 
 1.29345990935966e-09   0.00e+00 
 1.29396695414889e-09   0.00e+00 
 1.29447400894387e-09   0.00e+00 
 1.29498107374205e-09   0.00e+00 
 1.29548814854087e-09   0.00e+00 
 1.29599523333778e-09   0.00e+00 
 1.29650232813024e-09   0.00e+00 
 1.29700943291570e-09   0.00e+00 
 1.29751654769160e-09   0.00e+00 
 1.29802367245540e-09   0.00e+00 
 1.29853080720455e-09   0.00e+00 
 1.29903795193650e-09   0.00e+00 
 1.29954510664872e-09   0.00e+00 
 1.30005227133865e-09   0.00e+00 
 1.30055944600376e-09   0.00e+00 
 1.30106663064150e-09   0.00e+00 
 1.30157382524933e-09   0.00e+00 
 1.30208102982470e-09   0.00e+00 
 1.30258824436509e-09   0.00e+00 
 1.30309546886794e-09   0.00e+00 
 1.30360270333073e-09   0.00e+00 
 1.30410994775091e-09   0.00e+00 
 1.30461720212595e-09   0.00e+00 
 1.30512446645331e-09   0.00e+00 
 1.30563174073046e-09   0.00e+00 
 1.30613902495487e-09   0.00e+00 
 1.30664631912399e-09   0.00e+00 
 1.30715362323531e-09   0.00e+00 
 1.30766093728628e-09   0.00e+00 
 1.30816826127438e-09   0.00e+00 
 1.30867559519708e-09   0.00e+00 
 1.30918293905184e-09   0.00e+00 
 1.30969029283615e-09   0.00e+00 
 1.31019765654748e-09   0.00e+00 
 1.31070503018329e-09   0.00e+00 
 1.31121241374106e-09   0.00e+00 
 1.31171980721828e-09   0.00e+00 
 1.31222721061241e-09   0.00e+00 
 1.31273462392094e-09   0.00e+00 
 1.31324204714134e-09   0.00e+00 
 1.31374948027109e-09   0.00e+00 
 1.31425692330767e-09   0.00e+00 
 1.31476437624856e-09   0.00e+00 
 1.31527183909125e-09   0.00e+00 
 1.31577931183321e-09   0.00e+00 
 1.31628679447193e-09   0.00e+00 
 1.31679428700490e-09   0.00e+00 
 1.31730178942960e-09   0.00e+00 
 1.31780930174352e-09   0.00e+00 
 1.31831682394414e-09   0.00e+00 
 1.31882435602895e-09   0.00e+00 
 1.31933189799544e-09   0.00e+00 
 1.31983944984110e-09   0.00e+00 
 1.32034701156342e-09   0.00e+00 
 1.32085458315989e-09   0.00e+00 
 1.32136216462800e-09   0.00e+00 
 1.32186975596525e-09   0.00e+00 
 1.32237735716914e-09   0.00e+00 
 1.32288496823714e-09   0.00e+00 
 1.32339258916677e-09   0.00e+00 
 1.32390021995552e-09   0.00e+00 
 1.32440786060088e-09   0.00e+00 
 1.32491551110036e-09   0.00e+00 
 1.32542317145144e-09   0.00e+00 
 1.32593084165164e-09   0.00e+00 
 1.32643852169845e-09   0.00e+00 
 1.32694621158938e-09   0.00e+00 
 1.32745391132192e-09   0.00e+00 
 1.32796162089359e-09   0.00e+00 
 1.32846934030188e-09   0.00e+00 
 1.32897706954429e-09   0.00e+00 
 1.32948480861835e-09   0.00e+00 
 1.32999255752154e-09   0.00e+00 
 1.33050031625139e-09   0.00e+00 
 1.33100808480539e-09   0.00e+00 
 1.33151586318106e-09   0.00e+00 
 1.33202365137591e-09   0.00e+00 
 1.33253144938744e-09   0.00e+00 
 1.33303925721317e-09   0.00e+00 
 1.33354707485062e-09   0.00e+00 
 1.33405490229729e-09   0.00e+00 
 1.33456273955071e-09   0.00e+00 
 1.33507058660837e-09   0.00e+00 
 1.33557844346781e-09   0.00e+00 
 1.33608631012653e-09   0.00e+00 
 1.33659418658206e-09   0.00e+00 
 1.33710207283192e-09   0.00e+00 
 1.33760996887361e-09   0.00e+00 
 1.33811787470467e-09   0.00e+00 
 1.33862579032261e-09   0.00e+00 
 1.33913371572495e-09   0.00e+00 
 1.33964165090922e-09   0.00e+00 
 1.34014959587294e-09   0.00e+00 
 1.34065755061363e-09   0.00e+00 
 1.34116551512882e-09   0.00e+00 
 1.34167348941604e-09   0.00e+00 
 1.34218147347281e-09   0.00e+00 
 1.34268946729665e-09   0.00e+00 
 1.34319747088511e-09   0.00e+00 
 1.34370548423569e-09   0.00e+00 
 1.34421350734594e-09   0.00e+00 
 1.34472154021339e-09   0.00e+00 
 1.34522958283555e-09   0.00e+00 
 1.34573763520998e-09   0.00e+00 
 1.34624569733420e-09   0.00e+00 
 1.34675376920574e-09   0.00e+00 
 1.34726185082214e-09   0.00e+00 
 1.34776994218093e-09   0.00e+00 
 1.34827804327966e-09   0.00e+00 
 1.34878615411584e-09   0.00e+00 
 1.34929427468703e-09   0.00e+00 
 1.34980240499077e-09   0.00e+00 
 1.35031054502458e-09   0.00e+00 
 1.35081869478601e-09   0.00e+00 
 1.35132685427260e-09   0.00e+00 
 1.35183502348190e-09   0.00e+00 
 1.35234320241143e-09   0.00e+00 
 1.35285139105876e-09   0.00e+00 
 1.35335958942142e-09   0.00e+00 
 1.35386779749695e-09   0.00e+00 
 1.35437601528290e-09   0.00e+00 
 1.35488424277681e-09   0.00e+00 
 1.35539247997624e-09   0.00e+00 
 1.35590072687873e-09   0.00e+00 
 1.35640898348182e-09   0.00e+00 
 1.35691724978308e-09   0.00e+00 
 1.35742552578004e-09   0.00e+00 
 1.35793381147025e-09   0.00e+00 
 1.35844210685128e-09   0.00e+00 
 1.35895041192066e-09   0.00e+00 
 1.35945872667596e-09   0.00e+00 
 1.35996705111472e-09   0.00e+00 
 1.36047538523450e-09   0.00e+00 
 1.36098372903286e-09   0.00e+00 
 1.36149208250735e-09   0.00e+00 
 1.36200044565553e-09   0.00e+00 
 1.36250881847495e-09   0.00e+00 
 1.36301720096317e-09   0.00e+00 
 1.36352559311776e-09   0.00e+00 
 1.36403399493627e-09   0.00e+00 
 1.36454240641625e-09   0.00e+00 
 1.36505082755528e-09   0.00e+00 
 1.36555925835091e-09   0.00e+00 
 1.36606769880071e-09   0.00e+00 
 1.36657614890224e-09   0.00e+00 
 1.36708460865306e-09   0.00e+00 
 1.36759307805073e-09   0.00e+00 
 1.36810155709283e-09   0.00e+00 
 1.36861004577692e-09   0.00e+00 
 1.36911854410057e-09   0.00e+00 
 1.36962705206133e-09   0.00e+00 
 1.37013556965679e-09   0.00e+00 
 1.37064409688451e-09   0.00e+00 
 1.37115263374207e-09   0.00e+00 
 1.37166118022702e-09   0.00e+00 
 1.37216973633694e-09   0.00e+00 
 1.37267830206941e-09   0.00e+00 
 1.37318687742200e-09   0.00e+00 
 1.37369546239228e-09   0.00e+00 
 1.37420405697782e-09   0.00e+00 
 1.37471266117620e-09   0.00e+00 
 1.37522127498500e-09   0.00e+00 
 1.37572989840179e-09   0.00e+00 
 1.37623853142415e-09   0.00e+00 
 1.37674717404966e-09   0.00e+00 
 1.37725582627590e-09   0.00e+00 
 1.37776448810044e-09   0.00e+00 
 1.37827315952087e-09   0.00e+00 
 1.37878184053476e-09   0.00e+00 
 1.37929053113970e-09   0.00e+00 
 1.37979923133328e-09   0.00e+00 
 1.38030794111307e-09   0.00e+00 
 1.38081666047666e-09   0.00e+00 
 1.38132538942163e-09   0.00e+00 
 1.38183412794557e-09   0.00e+00 
 1.38234287604606e-09   0.00e+00 
 1.38285163372070e-09   0.00e+00 
 1.38336040096707e-09   0.00e+00 
 1.38386917778275e-09   0.00e+00 
 1.38437796416535e-09   0.00e+00 
 1.38488676011244e-09   0.00e+00 
 1.38539556562161e-09   0.00e+00 
 1.38590438069047e-09   0.00e+00 
 1.38641320531660e-09   0.00e+00 
 1.38692203949760e-09   0.00e+00 
 1.38743088323105e-09   0.00e+00 
 1.38793973651456e-09   0.00e+00 
 1.38844859934571e-09   0.00e+00 
 1.38895747172211e-09   0.00e+00 
 1.38946635364136e-09   0.00e+00 
 1.38997524510104e-09   0.00e+00 
 1.39048414609875e-09   0.00e+00 
 1.39099305663211e-09   0.00e+00 
 1.39150197669870e-09   0.00e+00 
 1.39201090629613e-09   0.00e+00 
 1.39251984542200e-09   0.00e+00 
 1.39302879407390e-09   0.00e+00 
 1.39353775224946e-09   0.00e+00 
 1.39404671994626e-09   0.00e+00 
 1.39455569716191e-09   0.00e+00 
 1.39506468389401e-09   0.00e+00 
 1.39557368014019e-09   0.00e+00 
 1.39608268589803e-09   0.00e+00 
 1.39659170116514e-09   0.00e+00 
 1.39710072593915e-09   0.00e+00 
 1.39760976021765e-09   0.00e+00 
 1.39811880399825e-09   0.00e+00 
 1.39862785727857e-09   0.00e+00 
 1.39913692005622e-09   0.00e+00 
 1.39964599232881e-09   0.00e+00 
 1.40015507409395e-09   0.00e+00 
 1.40066416534925e-09   0.00e+00 
 1.40117326609234e-09   0.00e+00 
 1.40168237632082e-09   0.00e+00 
 1.40219149603231e-09   0.00e+00 
 1.40270062522443e-09   0.00e+00 
 1.40320976389480e-09   0.00e+00 
 1.40371891204104e-09   0.00e+00 
 1.40422806966076e-09   0.00e+00 
 1.40473723675158e-09   0.00e+00 
 1.40524641331113e-09   0.00e+00 
 1.40575559933702e-09   0.00e+00 
 1.40626479482689e-09   0.00e+00 
 1.40677399977835e-09   0.00e+00 
 1.40728321418902e-09   0.00e+00 
 1.40779243805653e-09   0.00e+00 
 1.40830167137851e-09   0.00e+00 
 1.40881091415258e-09   0.00e+00 
 1.40932016637637e-09   0.00e+00 
 1.40982942804751e-09   0.00e+00 
 1.41033869916363e-09   0.00e+00 
 1.41084797972235e-09   0.00e+00 
 1.41135726972130e-09   0.00e+00 
 1.41186656915813e-09   0.00e+00 
 1.41237587803045e-09   0.00e+00 
 1.41288519633590e-09   0.00e+00 
 1.41339452407211e-09   0.00e+00 
 1.41390386123672e-09   0.00e+00 
 1.41441320782737e-09   0.00e+00 
 1.41492256384168e-09   0.00e+00 
 1.41543192927729e-09   0.00e+00 
 1.41594130413185e-09   0.00e+00 
 1.41645068840299e-09   0.00e+00 
 1.41696008208834e-09   0.00e+00 
 1.41746948518556e-09   0.00e+00 
 1.41797889769227e-09   0.00e+00 
 1.41848831960612e-09   0.00e+00 
 1.41899775092474e-09   0.00e+00 
 1.41950719164580e-09   0.00e+00 
 1.42001664176691e-09   0.00e+00 
 1.42052610128574e-09   0.00e+00 
 1.42103557019993e-09   0.00e+00 
 1.42154504850711e-09   0.00e+00 
 1.42205453620494e-09   0.00e+00 
 1.42256403329106e-09   0.00e+00 
 1.42307353976313e-09   0.00e+00 
 1.42358305561878e-09   0.00e+00 
 1.42409258085568e-09   0.00e+00 
 1.42460211547146e-09   0.00e+00 
 1.42511165946379e-09   0.00e+00 
 1.42562121283030e-09   0.00e+00 
 1.42613077556866e-09   0.00e+00 
 1.42664034767652e-09   0.00e+00 
 1.42714992915154e-09   0.00e+00 
 1.42765951999135e-09   0.00e+00 
 1.42816912019363e-09   0.00e+00 
 1.42867872975603e-09   0.00e+00 
 1.42918834867620e-09   0.00e+00 
 1.42969797695180e-09   0.00e+00 
 1.43020761458050e-09   0.00e+00 
 1.43071726155994e-09   0.00e+00 
 1.43122691788779e-09   0.00e+00 
 1.43173658356171e-09   0.00e+00 
 1.43224625857937e-09   0.00e+00 
 1.43275594293841e-09   0.00e+00 
 1.43326563663652e-09   0.00e+00 
 1.43377533967134e-09   0.00e+00 
 1.43428505204054e-09   0.00e+00 
 1.43479477374180e-09   0.00e+00 
 1.43530450477277e-09   0.00e+00 
 1.43581424513112e-09   0.00e+00 
 1.43632399481452e-09   0.00e+00 
 1.43683375382063e-09   0.00e+00 
 1.43734352214713e-09   0.00e+00 
 1.43785329979169e-09   0.00e+00 
 1.43836308675196e-09   0.00e+00 
 1.43887288302564e-09   0.00e+00 
 1.43938268861037e-09   0.00e+00 
 1.43989250350385e-09   0.00e+00 
 1.44040232770374e-09   0.00e+00 
 1.44091216120771e-09   0.00e+00 
 1.44142200401344e-09   0.00e+00 
 1.44193185611861e-09   0.00e+00 
 1.44244171752089e-09   0.00e+00 
 1.44295158821795e-09   0.00e+00 
 1.44346146820748e-09   0.00e+00 
 1.44397135748715e-09   0.00e+00 
 1.44448125605464e-09   0.00e+00 
 1.44499116390763e-09   0.00e+00 
 1.44550108104380e-09   0.00e+00 
 1.44601100746084e-09   0.00e+00 
 1.44652094315641e-09   0.00e+00 
 1.44703088812821e-09   0.00e+00 
 1.44754084237391e-09   0.00e+00 
 1.44805080589121e-09   0.00e+00 
 1.44856077867778e-09   0.00e+00 
 1.44907076073130e-09   0.00e+00 
 1.44958075204948e-09   0.00e+00 
 1.45009075262999e-09   0.00e+00 
 1.45060076247051e-09   0.00e+00 
 1.45111078156875e-09   0.00e+00 
 1.45162080992237e-09   0.00e+00 
 1.45213084752908e-09   0.00e+00 
 1.45264089438657e-09   0.00e+00 
 1.45315095049252e-09   0.00e+00 
 1.45366101584463e-09   0.00e+00 
 1.45417109044058e-09   0.00e+00 
 1.45468117427807e-09   0.00e+00 
 1.45519126735480e-09   0.00e+00 
 1.45570136966845e-09   0.00e+00 
 1.45621148121673e-09   0.00e+00 
 1.45672160199732e-09   0.00e+00 
 1.45723173200793e-09   0.00e+00 
 1.45774187124625e-09   0.00e+00 
 1.45825201970997e-09   0.00e+00 
 1.45876217739680e-09   0.00e+00 
 1.45927234430443e-09   0.00e+00 
 1.45978252043057e-09   0.00e+00 
 1.46029270577292e-09   0.00e+00 
 1.46080290032916e-09   0.00e+00 
 1.46131310409702e-09   0.00e+00 
 1.46182331707418e-09   0.00e+00 
 1.46233353925835e-09   0.00e+00 
 1.46284377064724e-09   0.00e+00 
 1.46335401123855e-09   0.00e+00 
 1.46386426102999e-09   0.00e+00 
 1.46437452001925e-09   0.00e+00 
 1.46488478820405e-09   0.00e+00 
 1.46539506558209e-09   0.00e+00 
 1.46590535215109e-09   0.00e+00 
 1.46641564790874e-09   0.00e+00 
 1.46692595285277e-09   0.00e+00 
 1.46743626698087e-09   0.00e+00 
 1.46794659029076e-09   0.00e+00 
 1.46845692278015e-09   0.00e+00 
 1.46896726444676e-09   0.00e+00 
 1.46947761528829e-09   0.00e+00 
 1.46998797530245e-09   0.00e+00 
 1.47049834448697e-09   0.00e+00 
 1.47100872283956e-09   0.00e+00 
 1.47151911035793e-09   0.00e+00 
 1.47202950703979e-09   0.00e+00 
 1.47253991288287e-09   0.00e+00 
 1.47305032788488e-09   0.00e+00 
 1.47356075204355e-09   0.00e+00 
 1.47407118535658e-09   0.00e+00 
 1.47458162782170e-09   0.00e+00 
 1.47509207943663e-09   0.00e+00 
 1.47560254019909e-09   0.00e+00 
 1.47611301010680e-09   0.00e+00 
 1.47662348915749e-09   0.00e+00 
 1.47713397734887e-09   0.00e+00 
 1.47764447467867e-09   0.00e+00 
 1.47815498114462e-09   0.00e+00 
 1.47866549674443e-09   0.00e+00 
 1.47917602147585e-09   0.00e+00 
 1.47968655533658e-09   0.00e+00 
 1.48019709832437e-09   0.00e+00 
 1.48070765043693e-09   0.00e+00 
 1.48121821167200e-09   0.00e+00 
 1.48172878202730e-09   0.00e+00 
 1.48223936150057e-09   0.00e+00 
 1.48274995008954e-09   0.00e+00 
 1.48326054779193e-09   0.00e+00 
 1.48377115460549e-09   0.00e+00 
 1.48428177052793e-09   0.00e+00 
 1.48479239555701e-09   0.00e+00 
 1.48530302969044e-09   0.00e+00 
 1.48581367292597e-09   0.00e+00 
 1.48632432526133e-09   0.00e+00 
 1.48683498669426e-09   0.00e+00 
 1.48734565722250e-09   0.00e+00 
 1.48785633684377e-09   0.00e+00 
 1.48836702555583e-09   0.00e+00 
 1.48887772335642e-09   0.00e+00 
 1.48938843024326e-09   0.00e+00 
 1.48989914621410e-09   0.00e+00 
 1.49040987126669e-09   0.00e+00 
 1.49092060539876e-09   0.00e+00 
 1.49143134860806e-09   0.00e+00 
 1.49194210089234e-09   0.00e+00 
 1.49245286224933e-09   0.00e+00 
 1.49296363267678e-09   0.00e+00 
 1.49347441217244e-09   0.00e+00 
 1.49398520073405e-09   0.00e+00 
 1.49449599835937e-09   0.00e+00 
 1.49500680504613e-09   0.00e+00 
 1.49551762079209e-09   0.00e+00 
 1.49602844559500e-09   0.00e+00 
 1.49653927945260e-09   0.00e+00 
 1.49705012236266e-09   0.00e+00 
 1.49756097432291e-09   0.00e+00 
 1.49807183533111e-09   0.00e+00 
 1.49858270538502e-09   0.00e+00 
 1.49909358448239e-09   0.00e+00 
 1.49960447262097e-09   0.00e+00 
 1.50011536979852e-09   0.00e+00 
 1.50062627601280e-09   0.00e+00 
 1.50113719126155e-09   0.00e+00 
 1.50164811554254e-09   0.00e+00 
 1.50215904885353e-09   0.00e+00 
 1.50266999119227e-09   0.00e+00 
 1.50318094255653e-09   0.00e+00 
 1.50369190294406e-09   0.00e+00 
 1.50420287235263e-09   0.00e+00 
 1.50471385078000e-09   0.00e+00 
 1.50522483822392e-09   0.00e+00 
 1.50573583468217e-09   0.00e+00 
 1.50624684015250e-09   0.00e+00 
 1.50675785463269e-09   0.00e+00 
 1.50726887812049e-09   0.00e+00 
 1.50777991061367e-09   0.00e+00 
 1.50829095211001e-09   0.00e+00 
 1.50880200260725e-09   0.00e+00 
 1.50931306210319e-09   0.00e+00 
 1.50982413059557e-09   0.00e+00 
 1.51033520808218e-09   0.00e+00 
 1.51084629456078e-09   0.00e+00 
 1.51135739002915e-09   0.00e+00 
 1.51186849448505e-09   0.00e+00 
 1.51237960792626e-09   0.00e+00 
 1.51289073035055e-09   0.00e+00 
 1.51340186175570e-09   0.00e+00 
 1.51391300213947e-09   0.00e+00 
 1.51442415149965e-09   0.00e+00 
 1.51493530983402e-09   0.00e+00 
 1.51544647714033e-09   0.00e+00 
 1.51595765341639e-09   0.00e+00 
 1.51646883865995e-09   0.00e+00 
 1.51698003286881e-09   0.00e+00 
 1.51749123604074e-09   0.00e+00 
 1.51800244817352e-09   0.00e+00 
 1.51851366926493e-09   0.00e+00 
 1.51902489931275e-09   0.00e+00 
 1.51953613831477e-09   0.00e+00 
 1.52004738626877e-09   0.00e+00 
 1.52055864317253e-09   0.00e+00 
 1.52106990902383e-09   0.00e+00 
 1.52158118382047e-09   0.00e+00 
 1.52209246756023e-09   0.00e+00 
 1.52260376024089e-09   0.00e+00 
 1.52311506186024e-09   0.00e+00 
 1.52362637241607e-09   0.00e+00 
 1.52413769190617e-09   0.00e+00 
 1.52464902032832e-09   0.00e+00 
 1.52516035768032e-09   0.00e+00 
 1.52567170395995e-09   0.00e+00 
 1.52618305916502e-09   0.00e+00 
 1.52669442329330e-09   0.00e+00 
 1.52720579634260e-09   0.00e+00 
 1.52771717831070e-09   0.00e+00 
 1.52822856919540e-09   0.00e+00 
 1.52873996899450e-09   0.00e+00 
 1.52925137770578e-09   0.00e+00 
 1.52976279532705e-09   0.00e+00 
 1.53027422185611e-09   0.00e+00 
 1.53078565729074e-09   0.00e+00 
 1.53129710162875e-09   0.00e+00 
 1.53180855486794e-09   0.00e+00 
 1.53232001700610e-09   0.00e+00 
 1.53283148804104e-09   0.00e+00 
 1.53334296797056e-09   0.00e+00 
 1.53385445679245e-09   0.00e+00 
 1.53436595450452e-09   0.00e+00 
 1.53487746110458e-09   0.00e+00 
 1.53538897659042e-09   0.00e+00 
 1.53590050095985e-09   0.00e+00 
 1.53641203421068e-09   0.00e+00 
 1.53692357634071e-09   0.00e+00 
 1.53743512734774e-09   0.00e+00 
 1.53794668722959e-09   0.00e+00 
 1.53845825598406e-09   0.00e+00 
 1.53896983360895e-09   0.00e+00 
 1.53948142010208e-09   0.00e+00 
 1.53999301546126e-09   0.00e+00 
 1.54050461968430e-09   0.00e+00 
 1.54101623276900e-09   0.00e+00 
 1.54152785471318e-09   0.00e+00 
 1.54203948551465e-09   0.00e+00 
 1.54255112517122e-09   0.00e+00 
 1.54306277368071e-09   0.00e+00 
 1.54357443104093e-09   0.00e+00 
 1.54408609724970e-09   0.00e+00 
 1.54459777230482e-09   0.00e+00 
 1.54510945620412e-09   0.00e+00 
 1.54562114894542e-09   0.00e+00 
 1.54613285052652e-09   0.00e+00 
 1.54664456094525e-09   0.00e+00 
 1.54715628019942e-09   0.00e+00 
 1.54766800828687e-09   0.00e+00 
 1.54817974520539e-09   0.00e+00 
 1.54869149095282e-09   0.00e+00 
 1.54920324552698e-09   0.00e+00 
 1.54971500892569e-09   0.00e+00 
 1.55022678114677e-09   0.00e+00 
 1.55073856218804e-09   0.00e+00 
 1.55125035204733e-09   0.00e+00 
 1.55176215072246e-09   0.00e+00 
 1.55227395821126e-09   0.00e+00 
 1.55278577451155e-09   0.00e+00 
 1.55329759962116e-09   0.00e+00 
 1.55380943353792e-09   0.00e+00 
 1.55432127625965e-09   0.00e+00 
 1.55483312778418e-09   0.00e+00 
 1.55534498810935e-09   0.00e+00 
 1.55585685723297e-09   0.00e+00 
 1.55636873515288e-09   0.00e+00 
 1.55688062186692e-09   0.00e+00 
 1.55739251737291e-09   0.00e+00 
 1.55790442166869e-09   0.00e+00 
 1.55841633475208e-09   0.00e+00 
 1.55892825662092e-09   0.00e+00 
 1.55944018727305e-09   0.00e+00 
 1.55995212670630e-09   0.00e+00 
 1.56046407491851e-09   0.00e+00 
 1.56097603190751e-09   0.00e+00 
 1.56148799767114e-09   0.00e+00 
 1.56199997220724e-09   0.00e+00 
 1.56251195551364e-09   0.00e+00 
 1.56302394758818e-09   0.00e+00 
 1.56353594842871e-09   0.00e+00 
 1.56404795803305e-09   0.00e+00 
 1.56455997639907e-09   0.00e+00 
 1.56507200352458e-09   0.00e+00 
 1.56558403940745e-09   0.00e+00 
 1.56609608404550e-09   0.00e+00 
 1.56660813743659e-09   0.00e+00 
 1.56712019957855e-09   0.00e+00 
 1.56763227046923e-09   0.00e+00 
 1.56814435010649e-09   0.00e+00 
 1.56865643848815e-09   0.00e+00 
 1.56916853561207e-09   0.00e+00 
 1.56968064147611e-09   0.00e+00 
 1.57019275607809e-09   0.00e+00 
 1.57070487941588e-09   0.00e+00 
 1.57121701148732e-09   0.00e+00 
 1.57172915229027e-09   0.00e+00 
 1.57224130182256e-09   0.00e+00 
 1.57275346008207e-09   0.00e+00 
 1.57326562706663e-09   0.00e+00 
 1.57377780277410e-09   0.00e+00 
 1.57428998720233e-09   0.00e+00 
 1.57480218034918e-09   0.00e+00 
 1.57531438221250e-09   0.00e+00 
 1.57582659279014e-09   0.00e+00 
 1.57633881207997e-09   0.00e+00 
 1.57685104007984e-09   0.00e+00 
 1.57736327678761e-09   0.00e+00 
 1.57787552220113e-09   0.00e+00 
 1.57838777631826e-09   0.00e+00 
 1.57890003913687e-09   0.00e+00 
 1.57941231065481e-09   0.00e+00 
 1.57992459086994e-09   0.00e+00 
 1.58043687978013e-09   0.00e+00 
 1.58094917738323e-09   0.00e+00 
 1.58146148367712e-09   0.00e+00 
 1.58197379865965e-09   0.00e+00 
 1.58248612232868e-09   0.00e+00 
 1.58299845468209e-09   0.00e+00 
 1.58351079571773e-09   0.00e+00 
 1.58402314543348e-09   0.00e+00 
 1.58453550382720e-09   0.00e+00 
 1.58504787089676e-09   0.00e+00 
 1.58556024664002e-09   0.00e+00 
 1.58607263105486e-09   0.00e+00 
 1.58658502413915e-09   0.00e+00 
 1.58709742589074e-09   0.00e+00 
 1.58760983630753e-09   0.00e+00 
 1.58812225538737e-09   0.00e+00 
 1.58863468312814e-09   0.00e+00 
 1.58914711952771e-09   0.00e+00 
 1.58965956458396e-09   0.00e+00 
 1.59017201829476e-09   0.00e+00 
 1.59068448065799e-09   0.00e+00 
 1.59119695167151e-09   0.00e+00 
 1.59170943133321e-09   0.00e+00 
 1.59222191964097e-09   0.00e+00 
 1.59273441659266e-09   0.00e+00 
 1.59324692218616e-09   0.00e+00 
 1.59375943641935e-09   0.00e+00 
 1.59427195929010e-09   0.00e+00 
 1.59478449079631e-09   0.00e+00 
 1.59529703093585e-09   0.00e+00 
 1.59580957970660e-09   0.00e+00 
 1.59632213710644e-09   0.00e+00 
 1.59683470313326e-09   0.00e+00 
 1.59734727778495e-09   0.00e+00 
 1.59785986105938e-09   0.00e+00 
 1.59837245295444e-09   0.00e+00 
 1.59888505346802e-09   0.00e+00 
 1.59939766259800e-09   0.00e+00 
 1.59991028034227e-09   0.00e+00 
 1.60042290669873e-09   0.00e+00 
 1.60093554166524e-09   0.00e+00 
 1.60144818523972e-09   0.00e+00 
 1.60196083742004e-09   0.00e+00 
 1.60247349820410e-09   0.00e+00 
 1.60298616758978e-09   0.00e+00 
 1.60349884557499e-09   0.00e+00 
 1.60401153215761e-09   0.00e+00 
 1.60452422733553e-09   0.00e+00 
 1.60503693110665e-09   0.00e+00 
 1.60554964346887e-09   0.00e+00 
 1.60606236442008e-09   0.00e+00 
 1.60657509395817e-09   0.00e+00 
 1.60708783208104e-09   0.00e+00 
 1.60760057878659e-09   0.00e+00 
 1.60811333407272e-09   0.00e+00 
 1.60862609793732e-09   0.00e+00 
 1.60913887037830e-09   0.00e+00 
 1.60965165139356e-09   0.00e+00 
 1.61016444098098e-09   0.00e+00 
 1.61067723913849e-09   0.00e+00 
 1.61119004586397e-09   0.00e+00 
 1.61170286115533e-09   0.00e+00 
 1.61221568501048e-09   0.00e+00 
 1.61272851742731e-09   0.00e+00 
 1.61324135840374e-09   0.00e+00 
 1.61375420793766e-09   0.00e+00 
 1.61426706602698e-09   0.00e+00 
 1.61477993266962e-09   0.00e+00 
 1.61529280786347e-09   0.00e+00 
 1.61580569160645e-09   0.00e+00 
 1.61631858389646e-09   0.00e+00 
 1.61683148473141e-09   0.00e+00 
 1.61734439410921e-09   0.00e+00 
 1.61785731202777e-09   0.00e+00 
 1.61837023848501e-09   0.00e+00 
 1.61888317347883e-09   0.00e+00 
 1.61939611700714e-09   0.00e+00 
 1.61990906906787e-09   0.00e+00 
 1.62042202965892e-09   0.00e+00 
 1.62093499877821e-09   0.00e+00 
 1.62144797642365e-09   0.00e+00 
 1.62196096259315e-09   0.00e+00 
 1.62247395728464e-09   0.00e+00 
 1.62298696049603e-09   0.00e+00 
 1.62349997222524e-09   0.00e+00 
 1.62401299247019e-09   0.00e+00 
 1.62452602122879e-09   0.00e+00 
 1.62503905849896e-09   0.00e+00 
 1.62555210427863e-09   0.00e+00 
 1.62606515856572e-09   0.00e+00 
 1.62657822135814e-09   0.00e+00 
 1.62709129265381e-09   0.00e+00 
 1.62760437245067e-09   0.00e+00 
 1.62811746074663e-09   0.00e+00 
 1.62863055753962e-09   0.00e+00 
 1.62914366282756e-09   0.00e+00 
 1.62965677660837e-09   0.00e+00 
 1.63016989887999e-09   0.00e+00 
 1.63068302964034e-09   0.00e+00 
 1.63119616888734e-09   0.00e+00 
 1.63170931661893e-09   0.00e+00 
 1.63222247283302e-09   0.00e+00 
 1.63273563752756e-09   0.00e+00 
 1.63324881070047e-09   0.00e+00 
 1.63376199234967e-09   0.00e+00 
 1.63427518247311e-09   0.00e+00 
 1.63478838106870e-09   0.00e+00 
 1.63530158813439e-09   0.00e+00 
 1.63581480366811e-09   0.00e+00 
 1.63632802766778e-09   0.00e+00 
 1.63684126013135e-09   0.00e+00 
 1.63735450105675e-09   0.00e+00 
 1.63786775044190e-09   0.00e+00 
 1.63838100828476e-09   0.00e+00 
 1.63889427458325e-09   0.00e+00 
 1.63940754933531e-09   0.00e+00 
 1.63992083253887e-09   0.00e+00 
 1.64043412419189e-09   0.00e+00 
 1.64094742429229e-09   0.00e+00 
 1.64146073283801e-09   0.00e+00 
 1.64197404982700e-09   0.00e+00 
 1.64248737525720e-09   0.00e+00 
 1.64300070912654e-09   0.00e+00 
 1.64351405143297e-09   0.00e+00 
 1.64402740217443e-09   0.00e+00 
 1.64454076134886e-09   0.00e+00 
 1.64505412895422e-09   0.00e+00 
 1.64556750498843e-09   0.00e+00 
 1.64608088944945e-09   0.00e+00 
 1.64659428233523e-09   0.00e+00 
 1.64710768364370e-09   0.00e+00 
 1.64762109337282e-09   0.00e+00 
 1.64813451152053e-09   0.00e+00 
 1.64864793808479e-09   0.00e+00 
 1.64916137306353e-09   0.00e+00 
 1.64967481645471e-09   0.00e+00 
 1.65018826825629e-09   0.00e+00 
 1.65070172846620e-09   0.00e+00 
 1.65121519708240e-09   0.00e+00 
 1.65172867410285e-09   0.00e+00 
 1.65224215952549e-09   0.00e+00 
 1.65275565334828e-09   0.00e+00 
 1.65326915556917e-09   0.00e+00 
 1.65378266618612e-09   0.00e+00 
 1.65429618519708e-09   0.00e+00 
 1.65480971260001e-09   0.00e+00 
 1.65532324839286e-09   0.00e+00 
 1.65583679257359e-09   0.00e+00 
 1.65635034514015e-09   0.00e+00 
 1.65686390609052e-09   0.00e+00 
 1.65737747542263e-09   0.00e+00 
 1.65789105313446e-09   0.00e+00 
 1.65840463922397e-09   0.00e+00 
 1.65891823368911e-09   0.00e+00 
 1.65943183652784e-09   0.00e+00 
 1.65994544773813e-09   0.00e+00 
 1.66045906731794e-09   0.00e+00 
 1.66097269526523e-09   0.00e+00 
 1.66148633157797e-09   0.00e+00 
 1.66199997625412e-09   0.00e+00 
 1.66251362929165e-09   0.00e+00 
 1.66302729068851e-09   0.00e+00 
 1.66354096044269e-09   0.00e+00 
 1.66405463855214e-09   0.00e+00 
 1.66456832501483e-09   0.00e+00 
 1.66508201982874e-09   0.00e+00 
 1.66559572299182e-09   0.00e+00 
 1.66610943450205e-09   0.00e+00 
 1.66662315435740e-09   0.00e+00 
 1.66713688255585e-09   0.00e+00 
 1.66765061909535e-09   0.00e+00 
 1.66816436397388e-09   0.00e+00 
 1.66867811718942e-09   0.00e+00 
 1.66919187873995e-09   0.00e+00 
 1.66970564862342e-09   0.00e+00 
 1.67021942683782e-09   0.00e+00 
 1.67073321338113e-09   0.00e+00 
 1.67124700825131e-09   0.00e+00 
 1.67176081144635e-09   0.00e+00 
 1.67227462296422e-09   0.00e+00 
 1.67278844280290e-09   0.00e+00 
 1.67330227096037e-09   0.00e+00 
 1.67381610743461e-09   0.00e+00 
 1.67432995222360e-09   0.00e+00 
 1.67484380532531e-09   0.00e+00 
 1.67535766673774e-09   0.00e+00 
 1.67587153645885e-09   0.00e+00 
 1.67638541448664e-09   0.00e+00 
 1.67689930081909e-09   0.00e+00 
 1.67741319545417e-09   0.00e+00 
 1.67792709838988e-09   0.00e+00 
 1.67844100962419e-09   0.00e+00 
 1.67895492915510e-09   0.00e+00 
 1.67946885698059e-09   0.00e+00 
 1.67998279309865e-09   0.00e+00 
 1.68049673750726e-09   0.00e+00 
 1.68101069020442e-09   0.00e+00 
 1.68152465118811e-09   0.00e+00 
 1.68203862045632e-09   0.00e+00 
 1.68255259800704e-09   0.00e+00 
 1.68306658383826e-09   0.00e+00 
 1.68358057794797e-09   0.00e+00 
 1.68409458033417e-09   0.00e+00 
 1.68460859099485e-09   0.00e+00 
 1.68512260992800e-09   0.00e+00 
 1.68563663713161e-09   0.00e+00 
 1.68615067260368e-09   0.00e+00 
 1.68666471634221e-09   0.00e+00 
 1.68717876834519e-09   0.00e+00 
 1.68769282861062e-09   0.00e+00 
 1.68820689713649e-09   0.00e+00 
 1.68872097392080e-09   0.00e+00 
 1.68923505896155e-09   0.00e+00 
 1.68974915225674e-09   0.00e+00 
 1.69026325380438e-09   0.00e+00 
 1.69077736360245e-09   0.00e+00 
 1.69129148164896e-09   0.00e+00 
 1.69180560794191e-09   0.00e+00 
 1.69231974247931e-09   0.00e+00 
 1.69283388525916e-09   0.00e+00 
 1.69334803627945e-09   0.00e+00 
 1.69386219553820e-09   0.00e+00 
 1.69437636303341e-09   0.00e+00 
 1.69489053876309e-09   0.00e+00 
 1.69540472272524e-09   0.00e+00 
 1.69591891491787e-09   0.00e+00 
 1.69643311533898e-09   0.00e+00 
 1.69694732398659e-09   0.00e+00 
 1.69746154085869e-09   0.00e+00 
 1.69797576595331e-09   0.00e+00 
 1.69848999926845e-09   0.00e+00 
 1.69900424080213e-09   0.00e+00 
 1.69951849055234e-09   0.00e+00 
 1.70003274851711e-09   0.00e+00 
 1.70054701469445e-09   0.00e+00 
 1.70106128908237e-09   0.00e+00 
 1.70157557167888e-09   0.00e+00 
 1.70208986248200e-09   0.00e+00 
 1.70260416148974e-09   0.00e+00 
 1.70311846870013e-09   0.00e+00 
 1.70363278411116e-09   0.00e+00 
 1.70414710772087e-09   0.00e+00 
 1.70466143952727e-09   0.00e+00 
 1.70517577952838e-09   0.00e+00 
 1.70569012772221e-09   0.00e+00 
 1.70620448410678e-09   0.00e+00 
 1.70671884868013e-09   0.00e+00 
 1.70723322144025e-09   0.00e+00 
 1.70774760238519e-09   0.00e+00 
 1.70826199151295e-09   0.00e+00 
 1.70877638882156e-09   0.00e+00 
 1.70929079430905e-09   0.00e+00 
 1.70980520797344e-09   0.00e+00 
 1.71031962981275e-09   0.00e+00 
 1.71083405982500e-09   0.00e+00 
 1.71134849800823e-09   0.00e+00 
 1.71186294436045e-09   0.00e+00 
 1.71237739887970e-09   0.00e+00 
 1.71289186156400e-09   0.00e+00 
 1.71340633241138e-09   0.00e+00 
 1.71392081141988e-09   0.00e+00 
 1.71443529858750e-09   0.00e+00 
 1.71494979391230e-09   0.00e+00 
 1.71546429739229e-09   0.00e+00 
 1.71597880902552e-09   0.00e+00 
 1.71649332881000e-09   0.00e+00 
 1.71700785674378e-09   0.00e+00 
 1.71752239282488e-09   0.00e+00 
 1.71803693705134e-09   0.00e+00 
 1.71855148942119e-09   0.00e+00 
 1.71906604993247e-09   0.00e+00 
 1.71958061858322e-09   0.00e+00 
 1.72009519537146e-09   0.00e+00 
 1.72060978029523e-09   0.00e+00 
 1.72112437335258e-09   0.00e+00 
 1.72163897454154e-09   0.00e+00 
 1.72215358386014e-09   0.00e+00 
 1.72266820130644e-09   0.00e+00 
 1.72318282687845e-09   0.00e+00 
 1.72369746057424e-09   0.00e+00 
 1.72421210239183e-09   0.00e+00 
 1.72472675232926e-09   0.00e+00 
 1.72524141038459e-09   0.00e+00 
 1.72575607655585e-09   0.00e+00 
 1.72627075084108e-09   0.00e+00 
 1.72678543323833e-09   0.00e+00 
 1.72730012374564e-09   0.00e+00 
 1.72781482236106e-09   0.00e+00 
 1.72832952908264e-09   0.00e+00 
 1.72884424390841e-09   0.00e+00 
 1.72935896683643e-09   0.00e+00 
 1.72987369786474e-09   0.00e+00 
 1.73038843699138e-09   0.00e+00 
 1.73090318421442e-09   0.00e+00 
 1.73141793953190e-09   0.00e+00 
 1.73193270294186e-09   0.00e+00 
 1.73244747444236e-09   0.00e+00 
 1.73296225403144e-09   0.00e+00 
 1.73347704170717e-09   0.00e+00 
 1.73399183746758e-09   0.00e+00 
 1.73450664131074e-09   0.00e+00 
 1.73502145323470e-09   0.00e+00 
 1.73553627323751e-09   0.00e+00 
 1.73605110131722e-09   0.00e+00 
 1.73656593747189e-09   0.00e+00 
 1.73708078169957e-09   0.00e+00 
 1.73759563399833e-09   0.00e+00 
 1.73811049436621e-09   0.00e+00 
 1.73862536280128e-09   0.00e+00 
 1.73914023930159e-09   0.00e+00 
 1.73965512386520e-09   0.00e+00 
 1.74017001649017e-09   0.00e+00 
 1.74068491717457e-09   0.00e+00 
 1.74119982591644e-09   0.00e+00 
 1.74171474271385e-09   0.00e+00 
 1.74222966756487e-09   0.00e+00 
 1.74274460046755e-09   0.00e+00 
 1.74325954141995e-09   0.00e+00 
 1.74377449042015e-09   0.00e+00 
 1.74428944746620e-09   0.00e+00 
 1.74480441255617e-09   0.00e+00 
 1.74531938568812e-09   0.00e+00 
 1.74583436686012e-09   0.00e+00 
 1.74634935607024e-09   0.00e+00 
 1.74686435331654e-09   0.00e+00 
 1.74737935859709e-09   0.00e+00 
 1.74789437190995e-09   0.00e+00 
 1.74840939325320e-09   0.00e+00 
 1.74892442262491e-09   0.00e+00 
 1.74943946002314e-09   0.00e+00 
 1.74995450544597e-09   0.00e+00 
 1.75046955889146e-09   0.00e+00 
 1.75098462035769e-09   0.00e+00 
 1.75149968984273e-09   0.00e+00 
 1.75201476734466e-09   0.00e+00 
 1.75252985286154e-09   0.00e+00 
 1.75304494639145e-09   0.00e+00 
 1.75356004793247e-09   0.00e+00 
 1.75407515748267e-09   0.00e+00 
 1.75459027504012e-09   0.00e+00 
 1.75510540060291e-09   0.00e+00 
 1.75562053416911e-09   0.00e+00 
 1.75613567573679e-09   0.00e+00 
 1.75665082530404e-09   0.00e+00 
 1.75716598286894e-09   0.00e+00 
 1.75768114842956e-09   0.00e+00 
 1.75819632198398e-09   0.00e+00 
 1.75871150353029e-09   0.00e+00 
 1.75922669306656e-09   0.00e+00 
 1.75974189059089e-09   0.00e+00 
 1.76025709610134e-09   0.00e+00 
 1.76077230959601e-09   0.00e+00 
 1.76128753107297e-09   0.00e+00 
 1.76180276053032e-09   0.00e+00 
 1.76231799796613e-09   0.00e+00 
 1.76283324337850e-09   0.00e+00 
 1.76334849676551e-09   0.00e+00 
 1.76386375812524e-09   0.00e+00 
 1.76437902745578e-09   0.00e+00 
 1.76489430475523e-09   0.00e+00 
 1.76540959002166e-09   0.00e+00 
 1.76592488325317e-09   0.00e+00 
 1.76644018444786e-09   0.00e+00 
 1.76695549360380e-09   0.00e+00 
 1.76747081071909e-09   0.00e+00 
 1.76798613579182e-09   0.00e+00 
 1.76850146882009e-09   0.00e+00 
 1.76901680980199e-09   0.00e+00 
 1.76953215873561e-09   0.00e+00 
 1.77004751561904e-09   0.00e+00 
 1.77056288045038e-09   0.00e+00 
 1.77107825322773e-09   0.00e+00 
 1.77159363394918e-09   0.00e+00 
 1.77210902261282e-09   0.00e+00 
 1.77262441921676e-09   0.00e+00 
 1.77313982375910e-09   0.00e+00 
 1.77365523623793e-09   0.00e+00 
 1.77417065665134e-09   0.00e+00 
 1.77468608499745e-09   0.00e+00 
 1.77520152127435e-09   0.00e+00 
 1.77571696548014e-09   0.00e+00 
 1.77623241761292e-09   0.00e+00 
 1.77674787767080e-09   0.00e+00 
 1.77726334565187e-09   0.00e+00 
 1.77777882155425e-09   0.00e+00 
 1.77829430537603e-09   0.00e+00 
 1.77880979711532e-09   0.00e+00 
 1.77932529677023e-09   0.00e+00 
 1.77984080433886e-09   0.00e+00 
 1.78035631981931e-09   0.00e+00 
 1.78087184320971e-09   0.00e+00 
 1.78138737450814e-09   0.00e+00 
 1.78190291371272e-09   0.00e+00 
 1.78241846082156e-09   0.00e+00 
 1.78293401583277e-09   0.00e+00 
 1.78344957874446e-09   0.00e+00 
 1.78396514955474e-09   0.00e+00 
 1.78448072826172e-09   0.00e+00 
 1.78499631486351e-09   0.00e+00 
 1.78551190935822e-09   0.00e+00 
 1.78602751174398e-09   0.00e+00 
 1.78654312201889e-09   0.00e+00 
 1.78705874018106e-09   0.00e+00 
 1.78757436622861e-09   0.00e+00 
 1.78809000015966e-09   0.00e+00 
 1.78860564197233e-09   0.00e+00 
 1.78912129166472e-09   0.00e+00 
 1.78963694923496e-09   0.00e+00 
 1.79015261468117e-09   0.00e+00 
 1.79066828800146e-09   0.00e+00 
 1.79118396919395e-09   0.00e+00 
 1.79169965825676e-09   0.00e+00 
 1.79221535518802e-09   0.00e+00 
 1.79273105998584e-09   0.00e+00 
 1.79324677264835e-09   0.00e+00 
 1.79376249317366e-09   0.00e+00 
 1.79427822155990e-09   0.00e+00 
 1.79479395780520e-09   0.00e+00 
 1.79530970190767e-09   0.00e+00 
 1.79582545386545e-09   0.00e+00 
 1.79634121367665e-09   0.00e+00 
 1.79685698133941e-09   0.00e+00 
 1.79737275685184e-09   0.00e+00 
 1.79788854021208e-09   0.00e+00 
 1.79840433141826e-09   0.00e+00 
 1.79892013046849e-09   0.00e+00 
 1.79943593736092e-09   0.00e+00 
 1.79995175209366e-09   0.00e+00 
 1.80046757466486e-09   0.00e+00 
 1.80098340507263e-09   0.00e+00 
 1.80149924331512e-09   0.00e+00 
 1.80201508939044e-09   0.00e+00 
 1.80253094329674e-09   0.00e+00 
 1.80304680503215e-09   0.00e+00 
 1.80356267459480e-09   0.00e+00 
 1.80407855198282e-09   0.00e+00 
 1.80459443719436e-09   0.00e+00 
 1.80511033022753e-09   0.00e+00 
 1.80562623108049e-09   0.00e+00 
 1.80614213975136e-09   0.00e+00 
 1.80665805623829e-09   0.00e+00 
 1.80717398053940e-09   0.00e+00 
 1.80768991265285e-09   0.00e+00 
 1.80820585257676e-09   0.00e+00 
 1.80872180030928e-09   0.00e+00 
 1.80923775584854e-09   0.00e+00 
 1.80975371919269e-09   0.00e+00 
 1.81026969033987e-09   0.00e+00 
 1.81078566928821e-09   0.00e+00 
 1.81130165603587e-09   0.00e+00 
 1.81181765058097e-09   0.00e+00 
 1.81233365292168e-09   0.00e+00 
 1.81284966305612e-09   0.00e+00 
 1.81336568098245e-09   0.00e+00 
 1.81388170669881e-09   0.00e+00 
 1.81439774020335e-09   0.00e+00 
 1.81491378149420e-09   0.00e+00 
 1.81542983056952e-09   0.00e+00 
 1.81594588742746e-09   0.00e+00 
 1.81646195206616e-09   0.00e+00 
 1.81697802448377e-09   0.00e+00 
 1.81749410467844e-09   0.00e+00 
 1.81801019264832e-09   0.00e+00 
 1.81852628839156e-09   0.00e+00 
 1.81904239190631e-09   0.00e+00 
 1.81955850319072e-09   0.00e+00 
 1.82007462224294e-09   0.00e+00 
 1.82059074906113e-09   0.00e+00 
 1.82110688364343e-09   0.00e+00 
 1.82162302598801e-09   0.00e+00 
 1.82213917609301e-09   0.00e+00 
 1.82265533395660e-09   0.00e+00 
 1.82317149957692e-09   0.00e+00 
 1.82368767295213e-09   0.00e+00 
 1.82420385408038e-09   0.00e+00 
 1.82472004295985e-09   0.00e+00 
 1.82523623958867e-09   0.00e+00 
 1.82575244396501e-09   0.00e+00 
 1.82626865608704e-09   0.00e+00 
 1.82678487595289e-09   0.00e+00 
 1.82730110356075e-09   0.00e+00 
 1.82781733890876e-09   0.00e+00 
 1.82833358199510e-09   0.00e+00 
 1.82884983281791e-09   0.00e+00 
 1.82936609137536e-09   0.00e+00 
 1.82988235766562e-09   0.00e+00 
 1.83039863168685e-09   0.00e+00 
 1.83091491343720e-09   0.00e+00 
 1.83143120291485e-09   0.00e+00 
 1.83194750011797e-09   0.00e+00 
 1.83246380504470e-09   0.00e+00 
 1.83298011769323e-09   0.00e+00 
 1.83349643806172e-09   0.00e+00 
 1.83401276614833e-09   0.00e+00 
 1.83452910195124e-09   0.00e+00 
 1.83504544546860e-09   0.00e+00 
 1.83556179669860e-09   0.00e+00 
 1.83607815563940e-09   0.00e+00 
 1.83659452228916e-09   0.00e+00 
 1.83711089664606e-09   0.00e+00 
 1.83762727870828e-09   0.00e+00 
 1.83814366847398e-09   0.00e+00 
 1.83866006594133e-09   0.00e+00 
 1.83917647110851e-09   0.00e+00 
 1.83969288397369e-09   0.00e+00 
 1.84020930453505e-09   0.00e+00 
 1.84072573279075e-09   0.00e+00 
 1.84124216873898e-09   0.00e+00 
 1.84175861237792e-09   0.00e+00 
 1.84227506370572e-09   0.00e+00 
 1.84279152272058e-09   0.00e+00 
 1.84330798942067e-09   0.00e+00 
 1.84382446380418e-09   0.00e+00 
 1.84434094586926e-09   0.00e+00 
 1.84485743561412e-09   0.00e+00 
 1.84537393303692e-09   0.00e+00 
 1.84589043813584e-09   0.00e+00 
 1.84640695090908e-09   0.00e+00 
 1.84692347135480e-09   0.00e+00 
 1.84743999947119e-09   0.00e+00 
 1.84795653525644e-09   0.00e+00 
 1.84847307870872e-09   0.00e+00 
 1.84898962982623e-09   0.00e+00 
 1.84950618860713e-09   0.00e+00 
 1.85002275504963e-09   0.00e+00 
 1.85053932915190e-09   0.00e+00 
 1.85105591091214e-09   0.00e+00 
 1.85157250032852e-09   0.00e+00 
 1.85208909739924e-09   0.00e+00 
 1.85260570212248e-09   0.00e+00 
 1.85312231449643e-09   0.00e+00 
 1.85363893451928e-09   0.00e+00 
 1.85415556218922e-09   0.00e+00 
 1.85467219750444e-09   0.00e+00 
 1.85518884046313e-09   0.00e+00 
 1.85570549106349e-09   0.00e+00 
 1.85622214930369e-09   0.00e+00 
 1.85673881518195e-09   0.00e+00 
 1.85725548869644e-09   0.00e+00 
 1.85777216984537e-09   0.00e+00 
 1.85828885862692e-09   0.00e+00 
 1.85880555503930e-09   0.00e+00 
 1.85932225908069e-09   0.00e+00 
 1.85983897074930e-09   0.00e+00 
 1.86035569004331e-09   0.00e+00 
 1.86087241696094e-09   0.00e+00 
 1.86138915150037e-09   0.00e+00 
 1.86190589365980e-09   0.00e+00 
 1.86242264343743e-09   0.00e+00 
 1.86293940083147e-09   0.00e+00 
 1.86345616584011e-09   0.00e+00 
 1.86397293846154e-09   0.00e+00 
 1.86448971869399e-09   0.00e+00 
 1.86500650653564e-09   0.00e+00 
 1.86552330198469e-09   0.00e+00 
 1.86604010503936e-09   0.00e+00 
 1.86655691569784e-09   0.00e+00 
 1.86707373395834e-09   0.00e+00 
 1.86759055981906e-09   0.00e+00 
 1.86810739327822e-09   0.00e+00 
 1.86862423433400e-09   0.00e+00 
 1.86914108298463e-09   0.00e+00 
 1.86965793922830e-09   0.00e+00 
 1.87017480306323e-09   0.00e+00 
 1.87069167448762e-09   0.00e+00 
 1.87120855349969e-09   0.00e+00 
 1.87172544009764e-09   0.00e+00 
 1.87224233427968e-09   0.00e+00 
 1.87275923604402e-09   0.00e+00 
 1.87327614538887e-09   0.00e+00 
 1.87379306231246e-09   0.00e+00 
 1.87430998681297e-09   0.00e+00 
 1.87482691888864e-09   0.00e+00 
 1.87534385853767e-09   0.00e+00 
 1.87586080575829e-09   0.00e+00 
 1.87637776054869e-09   0.00e+00 
 1.87689472290710e-09   0.00e+00 
 1.87741169283173e-09   0.00e+00 
 1.87792867032080e-09   0.00e+00 
 1.87844565537253e-09   0.00e+00 
 1.87896264798513e-09   0.00e+00 
 1.87947964815683e-09   0.00e+00 
 1.87999665588584e-09   0.00e+00 
 1.88051367117037e-09   0.00e+00 
 1.88103069400865e-09   0.00e+00 
 1.88154772439891e-09   0.00e+00 
 1.88206476233935e-09   0.00e+00 
 1.88258180782821e-09   0.00e+00 
 1.88309886086371e-09   0.00e+00 
 1.88361592144405e-09   0.00e+00 
 1.88413298956748e-09   0.00e+00 
 1.88465006523222e-09   0.00e+00 
 1.88516714843648e-09   0.00e+00 
 1.88568423917849e-09   0.00e+00 
 1.88620133745649e-09   0.00e+00 
 1.88671844326869e-09   0.00e+00 
 1.88723555661332e-09   0.00e+00 
 1.88775267748861e-09   0.00e+00 
 1.88826980589278e-09   0.00e+00 
 1.88878694182407e-09   0.00e+00 
 1.88930408528070e-09   0.00e+00 
 1.88982123626091e-09   0.00e+00 
 1.89033839476292e-09   0.00e+00 
 1.89085556078496e-09   0.00e+00 
 1.89137273432526e-09   0.00e+00 
 1.89188991538206e-09   0.00e+00 
 1.89240710395359e-09   0.00e+00 
 1.89292430003808e-09   0.00e+00 
 1.89344150363377e-09   0.00e+00 
 1.89395871473888e-09   0.00e+00 
 1.89447593335166e-09   0.00e+00 
 1.89499315947033e-09   0.00e+00 
 1.89551039309314e-09   0.00e+00 
 1.89602763421831e-09   0.00e+00 
 1.89654488284409e-09   0.00e+00 
 1.89706213896872e-09   0.00e+00 
 1.89757940259043e-09   0.00e+00 
 1.89809667370745e-09   0.00e+00 
 1.89861395231803e-09   0.00e+00 
 1.89913123842042e-09   0.00e+00 
 1.89964853201283e-09   0.00e+00 
 1.90016583309353e-09   0.00e+00 
 1.90068314166075e-09   0.00e+00 
 1.90120045771273e-09   0.00e+00 
 1.90171778124771e-09   0.00e+00 
 1.90223511226394e-09   0.00e+00 
 1.90275245075966e-09   0.00e+00 
 1.90326979673311e-09   0.00e+00 
 1.90378715018253e-09   0.00e+00 
 1.90430451110618e-09   0.00e+00 
 1.90482187950230e-09   0.00e+00 
 1.90533925536913e-09   0.00e+00 
 1.90585663870492e-09   0.00e+00 
 1.90637402950793e-09   0.00e+00 
 1.90689142777638e-09   0.00e+00 
 1.90740883350854e-09   0.00e+00 
 1.90792624670265e-09   0.00e+00 
 1.90844366735696e-09   0.00e+00 
 1.90896109546973e-09   0.00e+00 
 1.90947853103919e-09   0.00e+00 
 1.90999597406361e-09   0.00e+00 
 1.91051342454124e-09   0.00e+00 
 1.91103088247032e-09   0.00e+00 
 1.91154834784910e-09   0.00e+00 
 1.91206582067585e-09   0.00e+00 
 1.91258330094882e-09   0.00e+00 
 1.91310078866626e-09   0.00e+00 
 1.91361828382642e-09   0.00e+00 
 1.91413578642756e-09   0.00e+00 
 1.91465329646794e-09   0.00e+00 
 1.91517081394580e-09   0.00e+00 
 1.91568833885942e-09   0.00e+00 
 1.91620587120704e-09   0.00e+00 
 1.91672341098693e-09   0.00e+00 
 1.91724095819734e-09   0.00e+00 
 1.91775851283653e-09   0.00e+00 
 1.91827607490277e-09   0.00e+00 
 1.91879364439430e-09   0.00e+00 
 1.91931122130940e-09   0.00e+00 
 1.91982880564632e-09   0.00e+00 
 1.92034639740333e-09   0.00e+00 
 1.92086399657868e-09   0.00e+00 
 1.92138160317065e-09   0.00e+00 
 1.92189921717749e-09   0.00e+00 
 1.92241683859746e-09   0.00e+00 
 1.92293446742884e-09   0.00e+00 
 1.92345210366989e-09   0.00e+00 
 1.92396974731887e-09   0.00e+00 
 1.92448739837404e-09   0.00e+00 
 1.92500505683369e-09   0.00e+00 
 1.92552272269606e-09   0.00e+00 
 1.92604039595944e-09   0.00e+00 
 1.92655807662208e-09   0.00e+00 
 1.92707576468227e-09   0.00e+00 
 1.92759346013826e-09   0.00e+00 
 1.92811116298832e-09   0.00e+00 
 1.92862887323074e-09   0.00e+00 
 1.92914659086377e-09   0.00e+00 
 1.92966431588569e-09   0.00e+00 
 1.93018204829478e-09   0.00e+00 
 1.93069978808930e-09   0.00e+00 
 1.93121753526753e-09   0.00e+00 
 1.93173528982773e-09   0.00e+00 
 1.93225305176820e-09   0.00e+00 
 1.93277082108719e-09   0.00e+00 
 1.93328859778299e-09   0.00e+00 
 1.93380638185388e-09   0.00e+00 
 1.93432417329812e-09   0.00e+00 
 1.93484197211399e-09   0.00e+00 
 1.93535977829978e-09   0.00e+00 
 1.93587759185376e-09   0.00e+00 
 1.93639541277421e-09   0.00e+00 
 1.93691324105940e-09   0.00e+00 
 1.93743107670763e-09   0.00e+00 
 1.93794891971716e-09   0.00e+00 
 1.93846677008628e-09   0.00e+00 
 1.93898462781328e-09   0.00e+00 
 1.93950249289642e-09   0.00e+00 
 1.94002036533401e-09   0.00e+00 
 1.94053824512431e-09   0.00e+00 
 1.94105613226561e-09   0.00e+00 
 1.94157402675620e-09   0.00e+00 
 1.94209192859435e-09   0.00e+00 
 1.94260983777837e-09   0.00e+00 
 1.94312775430652e-09   0.00e+00 
 1.94364567817711e-09   0.00e+00 
 1.94416360938840e-09   0.00e+00 
 1.94468154793870e-09   0.00e+00 
 1.94519949382629e-09   0.00e+00 
 1.94571744704946e-09   0.00e+00 
 1.94623540760650e-09   0.00e+00 
 1.94675337549570e-09   0.00e+00 
 1.94727135071534e-09   0.00e+00 
 1.94778933326372e-09   0.00e+00 
 1.94830732313913e-09   0.00e+00 
 1.94882532033986e-09   0.00e+00 
 1.94934332486421e-09   0.00e+00 
 1.94986133671046e-09   0.00e+00 
 1.95037935587692e-09   0.00e+00 
 1.95089738236186e-09   0.00e+00 
 1.95141541616360e-09   0.00e+00 
 1.95193345728042e-09   0.00e+00 
 1.95245150571062e-09   0.00e+00 
 1.95296956145250e-09   0.00e+00 
 1.95348762450435e-09   0.00e+00 
 1.95400569486447e-09   0.00e+00 
 1.95452377253116e-09   0.00e+00 
 1.95504185750272e-09   0.00e+00 
 1.95555994977745e-09   0.00e+00 
 1.95607804935363e-09   0.00e+00 
 1.95659615622959e-09   0.00e+00 
 1.95711427040361e-09   0.00e+00 
 1.95763239187400e-09   0.00e+00 
 1.95815052063906e-09   0.00e+00 
 1.95866865669709e-09   0.00e+00 
 1.95918680004639e-09   0.00e+00 
 1.95970495068528e-09   0.00e+00 
 1.96022310861205e-09   0.00e+00 
 1.96074127382500e-09   0.00e+00 
 1.96125944632245e-09   0.00e+00 
 1.96177762610269e-09   0.00e+00 
 1.96229581316404e-09   0.00e+00 
 1.96281400750480e-09   0.00e+00 
 1.96333220912327e-09   0.00e+00 
 1.96385041801778e-09   0.00e+00 
 1.96436863418661e-09   0.00e+00 
 1.96488685762810e-09   0.00e+00 
 1.96540508834053e-09   0.00e+00 
 1.96592332632223e-09   0.00e+00 
 1.96644157157150e-09   0.00e+00 
 1.96695982408666e-09   0.00e+00 
 1.96747808386601e-09   0.00e+00 
 1.96799635090787e-09   0.00e+00 
 1.96851462521056e-09   0.00e+00 
 1.96903290677238e-09   0.00e+00 
 1.96955119559165e-09   0.00e+00 
 1.97006949166668e-09   0.00e+00 
 1.97058779499579e-09   0.00e+00 
 1.97110610557729e-09   0.00e+00 
 1.97162442340951e-09   0.00e+00 
 1.97214274849075e-09   0.00e+00 
 1.97266108081934e-09   0.00e+00 
 1.97317942039359e-09   0.00e+00 
 1.97369776721182e-09   0.00e+00 
 1.97421612127235e-09   0.00e+00 
 1.97473448257350e-09   0.00e+00 
 1.97525285111358e-09   0.00e+00 
 1.97577122689093e-09   0.00e+00 
 1.97628960990386e-09   0.00e+00 
 1.97680800015068e-09   0.00e+00 
 1.97732639762973e-09   0.00e+00 
 1.97784480233933e-09   0.00e+00 
 1.97836321427780e-09   0.00e+00 
 1.97888163344346e-09   0.00e+00 
 1.97940005983463e-09   0.00e+00 
 1.97991849344965e-09   0.00e+00 
 1.98043693428684e-09   0.00e+00 
 1.98095538234452e-09   0.00e+00 
 1.98147383762101e-09   0.00e+00 
 1.98199230011466e-09   0.00e+00 
 1.98251076982378e-09   0.00e+00 
 1.98302924674670e-09   0.00e+00 
 1.98354773088175e-09   0.00e+00 
 1.98406622222726e-09   0.00e+00 
 1.98458472078157e-09   0.00e+00 
 1.98510322654298e-09   0.00e+00 
 1.98562173950985e-09   0.00e+00 
 1.98614025968050e-09   0.00e+00 
 1.98665878705327e-09   0.00e+00 
 1.98717732162648e-09   0.00e+00 
 1.98769586339846e-09   0.00e+00 
 1.98821441236756e-09   0.00e+00 
 1.98873296853210e-09   0.00e+00 
 1.98925153189042e-09   0.00e+00 
 1.98977010244086e-09   0.00e+00 
 1.99028868018174e-09   0.00e+00 
 1.99080726511141e-09   0.00e+00 
 1.99132585722821e-09   0.00e+00 
 1.99184445653046e-09   0.00e+00 
 1.99236306301650e-09   0.00e+00 
 1.99288167668469e-09   0.00e+00 
 1.99340029753334e-09   0.00e+00 
 1.99391892556081e-09   0.00e+00 
 1.99443756076542e-09   0.00e+00 
 1.99495620314553e-09   0.00e+00 
 1.99547485269948e-09   0.00e+00 
 1.99599350942559e-09   0.00e+00 
 1.99651217332222e-09   0.00e+00 
 1.99703084438771e-09   0.00e+00 
 1.99754952262040e-09   0.00e+00 
 1.99806820801863e-09   0.00e+00 
 1.99858690058075e-09   0.00e+00 
 1.99910560030510e-09   0.00e+00 
 1.99962430719003e-09   0.00e+00 
 2.00014302123387e-09   0.00e+00 
 2.00066174243499e-09   0.00e+00 
 2.00118047079172e-09   0.00e+00 
 2.00169920630240e-09   0.00e+00 
 2.00221794896540e-09   0.00e+00 
 2.00273669877905e-09   0.00e+00 
 2.00325545574171e-09   0.00e+00 
 2.00377421985172e-09   0.00e+00 
 2.00429299110743e-09   0.00e+00 
 2.00481176950719e-09   0.00e+00 
 2.00533055504936e-09   0.00e+00 
 2.00584934773228e-09   0.00e+00 
 2.00636814755430e-09   0.00e+00 
 2.00688695451379e-09   0.00e+00 
 2.00740576860908e-09   0.00e+00 
 2.00792458983854e-09   0.00e+00 
 2.00844341820051e-09   0.00e+00 
 2.00896225369335e-09   0.00e+00 
 2.00948109631542e-09   0.00e+00 
 2.00999994606507e-09   0.00e+00 
 2.01051880294065e-09   0.00e+00 
 2.01103766694053e-09   0.00e+00 
 2.01155653806305e-09   0.00e+00 
 2.01207541630658e-09   0.00e+00 
 2.01259430166948e-09   0.00e+00 
 2.01311319415009e-09   0.00e+00 
 2.01363209374679e-09   0.00e+00 
 2.01415100045793e-09   0.00e+00 
 2.01466991428186e-09   0.00e+00 
 2.01518883521695e-09   0.00e+00 
 2.01570776326157e-09   0.00e+00 
 2.01622669841406e-09   0.00e+00 
 2.01674564067280e-09   0.00e+00 
 2.01726459003615e-09   0.00e+00 
 2.01778354650246e-09   0.00e+00 
 2.01830251007010e-09   0.00e+00 
 2.01882148073744e-09   0.00e+00 
 2.01934045850285e-09   0.00e+00 
 2.01985944336467e-09   0.00e+00 
 2.02037843532129e-09   0.00e+00 
 2.02089743437106e-09   0.00e+00 
 2.02141644051235e-09   0.00e+00 
 2.02193545374353e-09   0.00e+00 
 2.02245447406297e-09   0.00e+00 
 2.02297350146904e-09   0.00e+00 
 2.02349253596010e-09   0.00e+00 
 2.02401157753452e-09   0.00e+00 
 2.02453062619067e-09   0.00e+00 
 2.02504968192693e-09   0.00e+00 
 2.02556874474165e-09   0.00e+00 
 2.02608781463323e-09   0.00e+00 
 2.02660689160001e-09   0.00e+00 
 2.02712597564039e-09   0.00e+00 
 2.02764506675272e-09   0.00e+00 
 2.02816416493538e-09   0.00e+00 
 2.02868327018676e-09   0.00e+00 
 2.02920238250521e-09   0.00e+00 
 2.02972150188912e-09   0.00e+00 
 2.03024062833686e-09   0.00e+00 
 2.03075976184681e-09   0.00e+00 
 2.03127890241734e-09   0.00e+00 
 2.03179805004682e-09   0.00e+00 
 2.03231720473365e-09   0.00e+00 
 2.03283636647619e-09   0.00e+00 
 2.03335553527283e-09   0.00e+00 
 2.03387471112193e-09   0.00e+00 
 2.03439389402189e-09   0.00e+00 
 2.03491308397108e-09   0.00e+00 
 2.03543228096788e-09   0.00e+00 
 2.03595148501067e-09   0.00e+00 
 2.03647069609784e-09   0.00e+00 
 2.03698991422776e-09   0.00e+00 
 2.03750913939882e-09   0.00e+00 
 2.03802837160941e-09   0.00e+00 
 2.03854761085790e-09   0.00e+00 
 2.03906685714268e-09   0.00e+00 
 2.03958611046213e-09   0.00e+00 
 2.04010537081464e-09   0.00e+00 
 2.04062463819859e-09   0.00e+00 
 2.04114391261238e-09   0.00e+00 
 2.04166319405439e-09   0.00e+00 
 2.04218248252300e-09   0.00e+00 
 2.04270177801660e-09   0.00e+00 
 2.04322108053358e-09   0.00e+00 
 2.04374039007234e-09   0.00e+00 
 2.04425970663125e-09   0.00e+00 
 2.04477903020871e-09   0.00e+00 
 2.04529836080311e-09   0.00e+00 
 2.04581769841284e-09   0.00e+00 
 2.04633704303629e-09   0.00e+00 
 2.04685639467186e-09   0.00e+00 
 2.04737575331793e-09   0.00e+00 
 2.04789511897290e-09   0.00e+00 
 2.04841449163517e-09   0.00e+00 
 2.04893387130312e-09   0.00e+00 
 2.04945325797515e-09   0.00e+00 
 2.04997265164966e-09   0.00e+00 
 2.05049205232504e-09   0.00e+00 
 2.05101145999969e-09   0.00e+00 
 2.05153087467201e-09   0.00e+00 
 2.05205029634038e-09   0.00e+00 
 2.05256972500322e-09   0.00e+00 
 2.05308916065891e-09   0.00e+00 
 2.05360860330586e-09   0.00e+00 
 2.05412805294247e-09   0.00e+00 
 2.05464750956713e-09   0.00e+00 
 2.05516697317825e-09   0.00e+00 
 2.05568644377422e-09   0.00e+00 
 2.05620592135346e-09   0.00e+00 
 2.05672540591435e-09   0.00e+00 
 2.05724489745531e-09   0.00e+00 
 2.05776439597473e-09   0.00e+00 
 2.05828390147102e-09   0.00e+00 
 2.05880341394258e-09   0.00e+00 
 2.05932293338782e-09   0.00e+00 
 2.05984245980515e-09   0.00e+00 
 2.06036199319296e-09   0.00e+00 
 2.06088153354967e-09   0.00e+00 
 2.06140108087368e-09   0.00e+00 
 2.06192063516339e-09   0.00e+00 
 2.06244019641722e-09   0.00e+00 
 2.06295976463358e-09   0.00e+00 
 2.06347933981087e-09   0.00e+00 
 2.06399892194749e-09   0.00e+00 
 2.06451851104187e-09   0.00e+00 
 2.06503810709241e-09   0.00e+00 
 2.06555771009753e-09   0.00e+00 
 2.06607732005562e-09   0.00e+00 
 2.06659693696511e-09   0.00e+00 
 2.06711656082441e-09   0.00e+00 
 2.06763619163193e-09   0.00e+00 
 2.06815582938608e-09   0.00e+00 
 2.06867547408528e-09   0.00e+00 
 2.06919512572794e-09   0.00e+00 
 2.06971478431247e-09   0.00e+00 
 2.07023444983730e-09   0.00e+00 
 2.07075412230083e-09   0.00e+00 
 2.07127380170149e-09   0.00e+00 
 2.07179348803769e-09   0.00e+00 
 2.07231318130785e-09   0.00e+00 
 2.07283288151038e-09   0.00e+00 
 2.07335258864371e-09   0.00e+00 
 2.07387230270625e-09   0.00e+00 
 2.07439202369642e-09   0.00e+00 
 2.07491175161264e-09   0.00e+00 
 2.07543148645334e-09   0.00e+00 
 2.07595122821693e-09   0.00e+00 
 2.07647097690184e-09   0.00e+00 
 2.07699073250648e-09   0.00e+00 
 2.07751049502929e-09   0.00e+00 
 2.07803026446867e-09   0.00e+00 
 2.07855004082306e-09   0.00e+00 
 2.07906982409089e-09   0.00e+00 
 2.07958961427056e-09   0.00e+00 
 2.08010941136052e-09   0.00e+00 
 2.08062921535918e-09   0.00e+00 
 2.08114902626497e-09   0.00e+00 
 2.08166884407632e-09   0.00e+00 
 2.08218866879165e-09   0.00e+00 
 2.08270850040939e-09   0.00e+00 
 2.08322833892798e-09   0.00e+00 
 2.08374818434583e-09   0.00e+00 
 2.08426803666138e-09   0.00e+00 
 2.08478789587305e-09   0.00e+00 
 2.08530776197928e-09   0.00e+00 
 2.08582763497850e-09   0.00e+00 
 2.08634751486913e-09   0.00e+00 
 2.08686740164962e-09   0.00e+00 
 2.08738729531838e-09   0.00e+00 
 2.08790719587386e-09   0.00e+00 
 2.08842710331448e-09   0.00e+00 
 2.08894701763869e-09   0.00e+00 
 2.08946693884491e-09   0.00e+00 
 2.08998686693157e-09   0.00e+00 
 2.09050680189712e-09   0.00e+00 
 2.09102674373999e-09   0.00e+00 
 2.09154669245861e-09   0.00e+00 
 2.09206664805142e-09   0.00e+00 
 2.09258661051686e-09   0.00e+00 
 2.09310657985337e-09   0.00e+00 
 2.09362655605937e-09   0.00e+00 
 2.09414653913332e-09   0.00e+00 
 2.09466652907365e-09   0.00e+00 
 2.09518652587879e-09   0.00e+00 
 2.09570652954720e-09   0.00e+00 
 2.09622654007730e-09   0.00e+00 
 2.09674655746754e-09   0.00e+00 
 2.09726658171637e-09   0.00e+00 
 2.09778661282221e-09   0.00e+00 
 2.09830665078353e-09   0.00e+00 
 2.09882669559874e-09   0.00e+00 
 2.09934674726631e-09   0.00e+00 
 2.09986680578468e-09   0.00e+00 
 2.10038687115228e-09   0.00e+00 
 2.10090694336757e-09   0.00e+00 
 2.10142702242899e-09   0.00e+00 
 2.10194710833498e-09   0.00e+00 
 2.10246720108399e-09   0.00e+00 
 2.10298730067447e-09   0.00e+00 
 2.10350740710486e-09   0.00e+00 
 2.10402752037361e-09   0.00e+00 
 2.10454764047918e-09   0.00e+00 
 2.10506776742000e-09   0.00e+00 
 2.10558790119453e-09   0.00e+00 
 2.10610804180122e-09   0.00e+00 
 2.10662818923851e-09   0.00e+00 
 2.10714834350486e-09   0.00e+00 
 2.10766850459872e-09   0.00e+00 
 2.10818867251854e-09   0.00e+00 
 2.10870884726277e-09   0.00e+00 
 2.10922902882987e-09   0.00e+00 
 2.10974921721828e-09   0.00e+00 
 2.11026941242646e-09   0.00e+00 
 2.11078961445287e-09   0.00e+00 
 2.11130982329596e-09   0.00e+00 
 2.11183003895418e-09   0.00e+00 
 2.11235026142600e-09   0.00e+00 
 2.11287049070985e-09   0.00e+00 
 2.11339072680421e-09   0.00e+00 
 2.11391096970753e-09   0.00e+00 
 2.11443121941826e-09   0.00e+00 
 2.11495147593487e-09   0.00e+00 
 2.11547173925581e-09   0.00e+00 
 2.11599200937954e-09   0.00e+00 
 2.11651228630452e-09   0.00e+00 
 2.11703257002921e-09   0.00e+00 
 2.11755286055207e-09   0.00e+00 
 2.11807315787156e-09   0.00e+00 
 2.11859346198614e-09   0.00e+00 
 2.11911377289428e-09   0.00e+00 
 2.11963409059443e-09   0.00e+00 
 2.12015441508507e-09   0.00e+00 
 2.12067474636464e-09   0.00e+00 
 2.12119508443162e-09   0.00e+00 
 2.12171542928447e-09   0.00e+00 
 2.12223578092165e-09   0.00e+00 
 2.12275613934164e-09   0.00e+00 
 2.12327650454289e-09   0.00e+00 
 2.12379687652387e-09   0.00e+00 
 2.12431725528305e-09   0.00e+00 
 2.12483764081889e-09   0.00e+00 
 2.12535803312987e-09   0.00e+00 
 2.12587843221445e-09   0.00e+00 
 2.12639883807109e-09   0.00e+00 
 2.12691925069828e-09   0.00e+00 
 2.12743967009447e-09   0.00e+00 
 2.12796009625815e-09   0.00e+00 
 2.12848052918777e-09   0.00e+00 
 2.12900096888181e-09   0.00e+00 
 2.12952141533874e-09   0.00e+00 
 2.13004186855704e-09   0.00e+00 
 2.13056232853517e-09   0.00e+00 
 2.13108279527161e-09   0.00e+00 
 2.13160326876484e-09   0.00e+00 
 2.13212374901332e-09   0.00e+00 
 2.13264423601553e-09   0.00e+00 
 2.13316472976995e-09   0.00e+00 
 2.13368523027505e-09   0.00e+00 
 2.13420573752931e-09   0.00e+00 
 2.13472625153120e-09   0.00e+00 
 2.13524677227921e-09   0.00e+00 
 2.13576729977180e-09   0.00e+00 
 2.13628783400746e-09   0.00e+00 
 2.13680837498467e-09   0.00e+00 
 2.13732892270190e-09   0.00e+00 
 2.13784947715763e-09   0.00e+00 
 2.13837003835035e-09   0.00e+00 
 2.13889060627853e-09   0.00e+00 
 2.13941118094065e-09   0.00e+00 
 2.13993176233521e-09   0.00e+00 
 2.14045235046067e-09   0.00e+00 
 2.14097294531552e-09   0.00e+00 
 2.14149354689824e-09   0.00e+00 
 2.14201415520732e-09   0.00e+00 
 2.14253477024125e-09   0.00e+00 
 2.14305539199850e-09   0.00e+00 
 2.14357602047756e-09   0.00e+00 
 2.14409665567691e-09   0.00e+00 
 2.14461729759505e-09   0.00e+00 
 2.14513794623045e-09   0.00e+00 
 2.14565860158161e-09   0.00e+00 
 2.14617926364702e-09   0.00e+00 
 2.14669993242515e-09   0.00e+00 
 2.14722060791450e-09   0.00e+00 
 2.14774129011356e-09   0.00e+00 
 2.14826197902081e-09   0.00e+00 
 2.14878267463476e-09   0.00e+00 
 2.14930337695387e-09   0.00e+00 
 2.14982408597666e-09   0.00e+00 
 2.15034480170161e-09   0.00e+00 
 2.15086552412720e-09   0.00e+00 
 2.15138625325194e-09   0.00e+00 
 2.15190698907432e-09   0.00e+00 
 2.15242773159282e-09   0.00e+00 
 2.15294848080595e-09   0.00e+00 
 2.15346923671220e-09   0.00e+00 
 2.15398999931006e-09   0.00e+00 
 2.15451076859802e-09   0.00e+00 
 2.15503154457459e-09   0.00e+00 
 2.15555232723826e-09   0.00e+00 
 2.15607311658753e-09   0.00e+00 
 2.15659391262088e-09   0.00e+00 
 2.15711471533683e-09   0.00e+00 
 2.15763552473387e-09   0.00e+00 
 2.15815634081049e-09   0.00e+00 
 2.15867716356521e-09   0.00e+00 
 2.15919799299650e-09   0.00e+00 
 2.15971882910289e-09   0.00e+00 
 2.16023967188286e-09   0.00e+00 
 2.16076052133493e-09   0.00e+00 
 2.16128137745758e-09   0.00e+00 
 2.16180224024932e-09   0.00e+00 
 2.16232310970866e-09   0.00e+00 
 2.16284398583410e-09   0.00e+00 
 2.16336486862414e-09   0.00e+00 
 2.16388575807728e-09   0.00e+00 
 2.16440665419203e-09   0.00e+00 
 2.16492755696690e-09   0.00e+00 
 2.16544846640039e-09   0.00e+00 
 2.16596938249101e-09   0.00e+00 
 2.16649030523725e-09   0.00e+00 
 2.16701123463764e-09   0.00e+00 
 2.16753217069067e-09   0.00e+00 
 2.16805311339486e-09   0.00e+00 
 2.16857406274871e-09   0.00e+00 
 2.16909501875074e-09   0.00e+00 
 2.16961598139944e-09   0.00e+00 
 2.17013695069334e-09   0.00e+00 
 2.17065792663094e-09   0.00e+00 
 2.17117890921075e-09   0.00e+00 
 2.17169989843128e-09   0.00e+00 
 2.17222089429105e-09   0.00e+00 
 2.17274189678856e-09   0.00e+00 
 2.17326290592233e-09   0.00e+00 
 2.17378392169088e-09   0.00e+00 
 2.17430494409271e-09   0.00e+00 
 2.17482597312635e-09   0.00e+00 
 2.17534700879030e-09   0.00e+00 
 2.17586805108308e-09   0.00e+00 
 2.17638910000320e-09   0.00e+00 
 2.17691015554919e-09   0.00e+00 
 2.17743121771955e-09   0.00e+00 
 2.17795228651281e-09   0.00e+00 
 2.17847336192747e-09   0.00e+00 
 2.17899444396207e-09   0.00e+00 
 2.17951553261512e-09   0.00e+00 
 2.18003662788514e-09   0.00e+00 
 2.18055772977064e-09   0.00e+00 
 2.18107883827014e-09   0.00e+00 
 2.18159995338217e-09   0.00e+00 
 2.18212107510525e-09   0.00e+00 
 2.18264220343790e-09   0.00e+00 
 2.18316333837863e-09   0.00e+00 
 2.18368447992598e-09   0.00e+00 
 2.18420562807846e-09   0.00e+00 
 2.18472678283460e-09   0.00e+00 
 2.18524794419292e-09   0.00e+00 
 2.18576911215194e-09   0.00e+00 
 2.18629028671019e-09   0.00e+00 
 2.18681146786619e-09   0.00e+00 
 2.18733265561847e-09   0.00e+00 
 2.18785384996556e-09   0.00e+00 
 2.18837505090598e-09   0.00e+00 
 2.18889625843825e-09   0.00e+00 
 2.18941747256091e-09   0.00e+00 
 2.18993869327248e-09   0.00e+00 
 2.19045992057148e-09   0.00e+00 
 2.19098115445646e-09   0.00e+00 
 2.19150239492594e-09   0.00e+00 
 2.19202364197844e-09   0.00e+00 
 2.19254489561250e-09   0.00e+00 
 2.19306615582665e-09   0.00e+00 
 2.19358742261941e-09   0.00e+00 
 2.19410869598932e-09   0.00e+00 
 2.19462997593491e-09   0.00e+00 
 2.19515126245472e-09   0.00e+00 
 2.19567255554728e-09   0.00e+00 
 2.19619385521111e-09   0.00e+00 
 2.19671516144475e-09   0.00e+00 
 2.19723647424674e-09   0.00e+00 
 2.19775779361561e-09   0.00e+00 
 2.19827911954990e-09   0.00e+00 
 2.19880045204814e-09   0.00e+00 
 2.19932179110887e-09   0.00e+00 
 2.19984313673062e-09   0.00e+00 
 2.20036448891193e-09   0.00e+00 
 2.20088584765134e-09   0.00e+00 
 2.20140721294739e-09   0.00e+00 
 2.20192858479860e-09   0.00e+00 
 2.20244996320353e-09   0.00e+00 
 2.20297134816072e-09   0.00e+00 
 2.20349273966869e-09   0.00e+00 
 2.20401413772599e-09   0.00e+00 
 2.20453554233117e-09   0.00e+00 
 2.20505695348276e-09   0.00e+00 
 2.20557837117930e-09   0.00e+00 
 2.20609979541934e-09   0.00e+00 
 2.20662122620141e-09   0.00e+00 
 2.20714266352407e-09   0.00e+00 
 2.20766410738585e-09   0.00e+00 
 2.20818555778530e-09   0.00e+00 
 2.20870701472096e-09   0.00e+00 
 2.20922847819137e-09   0.00e+00 
 2.20974994819509e-09   0.00e+00 
 2.21027142473065e-09   0.00e+00 
 2.21079290779661e-09   0.00e+00 
 2.21131439739151e-09   0.00e+00 
 2.21183589351389e-09   0.00e+00 
 2.21235739616231e-09   0.00e+00 
 2.21287890533531e-09   0.00e+00 
 2.21340042103143e-09   0.00e+00 
 2.21392194324924e-09   0.00e+00 
 2.21444347198727e-09   0.00e+00 
 2.21496500724409e-09   0.00e+00 
 2.21548654901823e-09   0.00e+00 
 2.21600809730824e-09   0.00e+00 
 2.21652965211269e-09   0.00e+00 
 2.21705121343012e-09   0.00e+00 
 2.21757278125908e-09   0.00e+00 
 2.21809435559813e-09   0.00e+00 
 2.21861593644581e-09   0.00e+00 
 2.21913752380069e-09   0.00e+00 
 2.21965911766131e-09   0.00e+00 
 2.22018071802623e-09   0.00e+00 
 2.22070232489400e-09   0.00e+00 
 2.22122393826319e-09   0.00e+00 
 2.22174555813234e-09   0.00e+00 
 2.22226718450001e-09   0.00e+00 
 2.22278881736476e-09   0.00e+00 
 2.22331045672514e-09   0.00e+00 
 2.22383210257972e-09   0.00e+00 
 2.22435375492705e-09   0.00e+00 
 2.22487541376569e-09   0.00e+00 
 2.22539707909419e-09   0.00e+00 
 2.22591875091112e-09   0.00e+00 
 2.22644042921505e-09   0.00e+00 
 2.22696211400451e-09   0.00e+00 
 2.22748380527809e-09   0.00e+00 
 2.22800550303434e-09   0.00e+00 
 2.22852720727181e-09   0.00e+00 
 2.22904891798909e-09   0.00e+00 
 2.22957063518472e-09   0.00e+00 
 2.23009235885726e-09   0.00e+00 
 2.23061408900529e-09   0.00e+00 
 2.23113582562737e-09   0.00e+00 
 2.23165756872206e-09   0.00e+00 
 2.23217931828793e-09   0.00e+00 
 2.23270107432354e-09   0.00e+00 
 2.23322283682745e-09   0.00e+00 
 2.23374460579824e-09   0.00e+00 
 2.23426638123448e-09   0.00e+00 
 2.23478816313472e-09   0.00e+00 
 2.23530995149753e-09   0.00e+00 
 2.23583174632149e-09   0.00e+00 
 2.23635354760517e-09   0.00e+00 
 2.23687535534713e-09   0.00e+00 
 2.23739716954594e-09   0.00e+00 
 2.23791899020017e-09   0.00e+00 
 2.23844081730839e-09   0.00e+00 
 2.23896265086918e-09   0.00e+00 
 2.23948449088110e-09   0.00e+00 
 2.24000633734274e-09   0.00e+00 
 2.24052819025265e-09   0.00e+00 
 2.24105004960941e-09   0.00e+00 
 2.24157191541160e-09   0.00e+00 
 2.24209378765779e-09   0.00e+00 
 2.24261566634655e-09   0.00e+00 
 2.24313755147646e-09   0.00e+00 
 2.24365944304610e-09   0.00e+00 
 2.24418134105403e-09   0.00e+00 
 2.24470324549884e-09   0.00e+00 
 2.24522515637911e-09   0.00e+00 
 2.24574707369340e-09   0.00e+00 
 2.24626899744030e-09   0.00e+00 
 2.24679092761839e-09   0.00e+00 
 2.24731286422624e-09   0.00e+00 
 2.24783480726243e-09   0.00e+00 
 2.24835675672554e-09   0.00e+00 
 2.24887871261416e-09   0.00e+00 
 2.24940067492686e-09   0.00e+00 
 2.24992264366222e-09   0.00e+00 
 2.25044461881882e-09   0.00e+00 
 2.25096660039525e-09   0.00e+00 
 2.25148858839009e-09   0.00e+00 
 2.25201058280192e-09   0.00e+00 
 2.25253258362932e-09   0.00e+00 
 2.25305459087088e-09   0.00e+00 
 2.25357660452518e-09   0.00e+00 
 2.25409862459080e-09   0.00e+00 
 2.25462065106634e-09   0.00e+00 
 2.25514268395037e-09   0.00e+00 
 2.25566472324148e-09   0.00e+00 
 2.25618676893826e-09   0.00e+00 
 2.25670882103930e-09   0.00e+00 
 2.25723087954317e-09   0.00e+00 
 2.25775294444848e-09   0.00e+00 
 2.25827501575381e-09   0.00e+00 
 2.25879709345774e-09   0.00e+00 
 2.25931917755886e-09   0.00e+00 
 2.25984126805577e-09   0.00e+00 
 2.26036336494706e-09   0.00e+00 
 2.26088546823131e-09   0.00e+00 
 2.26140757790711e-09   0.00e+00 
 2.26192969397307e-09   0.00e+00 
 2.26245181642776e-09   0.00e+00 
 2.26297394526978e-09   0.00e+00 
 2.26349608049773e-09   0.00e+00 
 2.26401822211019e-09   0.00e+00 
 2.26454037010576e-09   0.00e+00 
 2.26506252448304e-09   0.00e+00 
 2.26558468524061e-09   0.00e+00 
 2.26610685237708e-09   0.00e+00 
 2.26662902589104e-09   0.00e+00 
 2.26715120578108e-09   0.00e+00 
 2.26767339204581e-09   0.00e+00 
 2.26819558468381e-09   0.00e+00 
 2.26871778369369e-09   0.00e+00 
 2.26923998907403e-09   0.00e+00 
 2.26976220082345e-09   0.00e+00 
 2.27028441894054e-09   0.00e+00 
 2.27080664342390e-09   0.00e+00 
 2.27132887427212e-09   0.00e+00 
 2.27185111148381e-09   0.00e+00 
 2.27237335505756e-09   0.00e+00 
 2.27289560499199e-09   0.00e+00 
 2.27341786128568e-09   0.00e+00 
 2.27394012393724e-09   0.00e+00 
 2.27446239294528e-09   0.00e+00 
 2.27498466830839e-09   0.00e+00 
 2.27550695002518e-09   0.00e+00 
 2.27602923809425e-09   0.00e+00 
 2.27655153251420e-09   0.00e+00 
 2.27707383328365e-09   0.00e+00 
 2.27759614040119e-09   0.00e+00 
 2.27811845386542e-09   0.00e+00 
 2.27864077367496e-09   0.00e+00 
 2.27916309982842e-09   0.00e+00 
 2.27968543232438e-09   0.00e+00 
 2.28020777116148e-09   0.00e+00 
 2.28073011633830e-09   0.00e+00 
 2.28125246785346e-09   0.00e+00 
 2.28177482570557e-09   0.00e+00 
 2.28229718989324e-09   0.00e+00 
 2.28281956041507e-09   0.00e+00 
 2.28334193726967e-09   0.00e+00 
 2.28386432045566e-09   0.00e+00 
 2.28438670997164e-09   0.00e+00 
 2.28490910581623e-09   0.00e+00 
 2.28543150798803e-09   0.00e+00 
 2.28595391648566e-09   0.00e+00 
 2.28647633130773e-09   0.00e+00 
 2.28699875245286e-09   0.00e+00 
 2.28752117991965e-09   0.00e+00 
 2.28804361370671e-09   0.00e+00 
 2.28856605381267e-09   0.00e+00 
 2.28908850023614e-09   0.00e+00 
 2.28961095297573e-09   0.00e+00 
 2.29013341203006e-09   0.00e+00 
 2.29065587739774e-09   0.00e+00 
 2.29117834907738e-09   0.00e+00 
 2.29170082706762e-09   0.00e+00 
 2.29222331136705e-09   0.00e+00 
 2.29274580197430e-09   0.00e+00 
 2.29326829888799e-09   0.00e+00 
 2.29379080210674e-09   0.00e+00 
 2.29431331162916e-09   0.00e+00 
 2.29483582745387e-09   0.00e+00 
 2.29535834957949e-09   0.00e+00 
 2.29588087800464e-09   0.00e+00 
 2.29640341272795e-09   0.00e+00 
 2.29692595374803e-09   0.00e+00 
 2.29744850106350e-09   0.00e+00 
 2.29797105467299e-09   0.00e+00 
 2.29849361457512e-09   0.00e+00 
 2.29901618076850e-09   0.00e+00 
 2.29953875325177e-09   0.00e+00 
 2.30006133202355e-09   0.00e+00 
 2.30058391708245e-09   0.00e+00 
 2.30110650842711e-09   0.00e+00 
 2.30162910605615e-09   0.00e+00 
 2.30215170996819e-09   0.00e+00 
 2.30267432016187e-09   0.00e+00 
 2.30319693663579e-09   0.00e+00 
 2.30371955938860e-09   0.00e+00 
 2.30424218841892e-09   0.00e+00 
 2.30476482372538e-09   0.00e+00 
 2.30528746530659e-09   0.00e+00 
 2.30581011316120e-09   0.00e+00 
 2.30633276728783e-09   0.00e+00 
 2.30685542768511e-09   0.00e+00 
 2.30737809435167e-09   0.00e+00 
 2.30790076728613e-09   0.00e+00 
 2.30842344648714e-09   0.00e+00 
 2.30894613195331e-09   0.00e+00 
 2.30946882368328e-09   0.00e+00 
 2.30999152167569e-09   0.00e+00 
 2.31051422592915e-09   0.00e+00 
 2.31103693644232e-09   0.00e+00 
 2.31155965321381e-09   0.00e+00 
 2.31208237624227e-09   0.00e+00 
 2.31260510552632e-09   0.00e+00 
 2.31312784106460e-09   0.00e+00 
 2.31365058285575e-09   0.00e+00 
 2.31417333089840e-09   0.00e+00 
 2.31469608519118e-09   0.00e+00 
 2.31521884573273e-09   0.00e+00 
 2.31574161252170e-09   0.00e+00 
 2.31626438555670e-09   0.00e+00 
 2.31678716483639e-09   0.00e+00 
 2.31730995035939e-09   0.00e+00 
 2.31783274212436e-09   0.00e+00 
 2.31835554012992e-09   0.00e+00 
 2.31887834437471e-09   0.00e+00 
 2.31940115485737e-09   0.00e+00 
 2.31992397157656e-09   0.00e+00 
 2.32044679453089e-09   0.00e+00 
 2.32096962371902e-09   0.00e+00 
 2.32149245913958e-09   0.00e+00 
 2.32201530079123e-09   0.00e+00 
 2.32253814867259e-09   0.00e+00 
 2.32306100278231e-09   0.00e+00 
 2.32358386311904e-09   0.00e+00 
 2.32410672968141e-09   0.00e+00 
 2.32462960246808e-09   0.00e+00 
 2.32515248147768e-09   0.00e+00 
 2.32567536670887e-09   0.00e+00 
 2.32619825816028e-09   0.00e+00 
 2.32672115583056e-09   0.00e+00 
 2.32724405971835e-09   0.00e+00 
 2.32776696982231e-09   0.00e+00 
 2.32828988614108e-09   0.00e+00 
 2.32881280867331e-09   0.00e+00 
 2.32933573741764e-09   0.00e+00 
 2.32985867237272e-09   0.00e+00 
 2.33038161353721e-09   0.00e+00 
 2.33090456090974e-09   0.00e+00 
 2.33142751448898e-09   0.00e+00 
 2.33195047427356e-09   0.00e+00 
 2.33247344026215e-09   0.00e+00 
 2.33299641245339e-09   0.00e+00 
 2.33351939084592e-09   0.00e+00 
 2.33404237543841e-09   0.00e+00 
 2.33456536622951e-09   0.00e+00 
 2.33508836321786e-09   0.00e+00 
 2.33561136640213e-09   0.00e+00 
 2.33613437578096e-09   0.00e+00 
 2.33665739135301e-09   0.00e+00 
 2.33718041311693e-09   0.00e+00 
 2.33770344107137e-09   0.00e+00 
 2.33822647521500e-09   0.00e+00 
 2.33874951554646e-09   0.00e+00 
 2.33927256206442e-09   0.00e+00 
 2.33979561476753e-09   0.00e+00 
 2.34031867365444e-09   0.00e+00 
 2.34084173872382e-09   0.00e+00 
 2.34136480997432e-09   0.00e+00 
 2.34188788740460e-09   0.00e+00 
 2.34241097101332e-09   0.00e+00 
 2.34293406079914e-09   0.00e+00 
 2.34345715676071e-09   0.00e+00 
 2.34398025889669e-09   0.00e+00 
 2.34450336720576e-09   0.00e+00 
 2.34502648168656e-09   0.00e+00 
 2.34554960233776e-09   0.00e+00 
 2.34607272915802e-09   0.00e+00 
 2.34659586214601e-09   0.00e+00 
 2.34711900130038e-09   0.00e+00 
 2.34764214661979e-09   0.00e+00 
 2.34816529810292e-09   0.00e+00 
 2.34868845574842e-09   0.00e+00 
 2.34921161955496e-09   0.00e+00 
 2.34973478952121e-09   0.00e+00 
 2.35025796564582e-09   0.00e+00 
 2.35078114792747e-09   0.00e+00 
 2.35130433636482e-09   0.00e+00 
 2.35182753095653e-09   0.00e+00 
 2.35235073170128e-09   0.00e+00 
 2.35287393859773e-09   0.00e+00 
 2.35339715164454e-09   0.00e+00 
 2.35392037084040e-09   0.00e+00 
 2.35444359618395e-09   0.00e+00 
 2.35496682767389e-09   0.00e+00 
 2.35549006530886e-09   0.00e+00 
 2.35601330908755e-09   0.00e+00 
 2.35653655900862e-09   0.00e+00 
 2.35705981507074e-09   0.00e+00 
 2.35758307727259e-09   0.00e+00 
 2.35810634561283e-09   0.00e+00 
 2.35862962009014e-09   0.00e+00 
 2.35915290070319e-09   0.00e+00 
 2.35967618745066e-09   0.00e+00 
 2.36019948033121e-09   0.00e+00 
 2.36072277934352e-09   0.00e+00 
 2.36124608448627e-09   0.00e+00 
 2.36176939575812e-09   0.00e+00 
 2.36229271315776e-09   0.00e+00 
 2.36281603668385e-09   0.00e+00 
 2.36333936633508e-09   0.00e+00 
 2.36386270211012e-09   0.00e+00 
 2.36438604400765e-09   0.00e+00 
 2.36490939202634e-09   0.00e+00 
 2.36543274616487e-09   0.00e+00 
 2.36595610642192e-09   0.00e+00 
 2.36647947279616e-09   0.00e+00 
 2.36700284528628e-09   0.00e+00 
 2.36752622389096e-09   0.00e+00 
 2.36804960860888e-09   0.00e+00 
 2.36857299943870e-09   0.00e+00 
 2.36909639637912e-09   0.00e+00 
 2.36961979942882e-09   0.00e+00 
 2.37014320858648e-09   0.00e+00 
 2.37066662385077e-09   0.00e+00 
 2.37119004522038e-09   0.00e+00 
 2.37171347269400e-09   0.00e+00 
 2.37223690627030e-09   0.00e+00 
 2.37276034594796e-09   0.00e+00 
 2.37328379172568e-09   0.00e+00 
 2.37380724360214e-09   0.00e+00 
 2.37433070157602e-09   0.00e+00 
 2.37485416564600e-09   0.00e+00 
 2.37537763581078e-09   0.00e+00 
 2.37590111206903e-09   0.00e+00 
 2.37642459441944e-09   0.00e+00 
 2.37694808286070e-09   0.00e+00 
 2.37747157739150e-09   0.00e+00 
 2.37799507801052e-09   0.00e+00 
 2.37851858471646e-09   0.00e+00 
 2.37904209750799e-09   0.00e+00 
 2.37956561638381e-09   0.00e+00 
 2.38008914134261e-09   0.00e+00 
 2.38061267238307e-09   0.00e+00 
 2.38113620950389e-09   0.00e+00 
 2.38165975270376e-09   0.00e+00 
 2.38218330198137e-09   0.00e+00 
 2.38270685733540e-09   0.00e+00 
 2.38323041876455e-09   0.00e+00 
 2.38375398626751e-09   0.00e+00 
 2.38427755984298e-09   0.00e+00 
 2.38480113948964e-09   0.00e+00 
 2.38532472520619e-09   0.00e+00 
 2.38584831699133e-09   0.00e+00 
 2.38637191484374e-09   0.00e+00 
 2.38689551876212e-09   0.00e+00 
 2.38741912874517e-09   0.00e+00 
 2.38794274479158e-09   0.00e+00 
 2.38846636690005e-09   0.00e+00 
 2.38898999506926e-09   0.00e+00 
 2.38951362929793e-09   0.00e+00 
 2.39003726958474e-09   0.00e+00 
 2.39056091592839e-09   0.00e+00 
 2.39108456832759e-09   0.00e+00 
 2.39160822678102e-09   0.00e+00 
 2.39213189128739e-09   0.00e+00 
 2.39265556184539e-09   0.00e+00 
 2.39317923845373e-09   0.00e+00 
 2.39370292111110e-09   0.00e+00 
 2.39422660981620e-09   0.00e+00 
 2.39475030456774e-09   0.00e+00 
 2.39527400536442e-09   0.00e+00 
 2.39579771220492e-09   0.00e+00 
 2.39632142508797e-09   0.00e+00 
 2.39684514401226e-09   0.00e+00 
 2.39736886897649e-09   0.00e+00 
 2.39789259997936e-09   0.00e+00 
 2.39841633701958e-09   0.00e+00 
 2.39894008009586e-09   0.00e+00 
 2.39946382920689e-09   0.00e+00 
 2.39998758435137e-09   0.00e+00 
 2.40051134552803e-09   0.00e+00 
 2.40103511273555e-09   0.00e+00 
 2.40155888597265e-09   0.00e+00 
 2.40208266523803e-09   0.00e+00 
 2.40260645053040e-09   0.00e+00 
 2.40313024184847e-09   0.00e+00 
 2.40365403919093e-09   0.00e+00 
 2.40417784255651e-09   0.00e+00 
 2.40470165194390e-09   0.00e+00 
 2.40522546735182e-09   0.00e+00 
 2.40574928877898e-09   0.00e+00 
 2.40627311622408e-09   0.00e+00 
 2.40679694968584e-09   0.00e+00 
 2.40732078916295e-09   0.00e+00 
 2.40784463465415e-09   0.00e+00 
 2.40836848615813e-09   0.00e+00 
 2.40889234367361e-09   0.00e+00 
 2.40941620719929e-09   0.00e+00 
 2.40994007673390e-09   0.00e+00 
 2.41046395227614e-09   0.00e+00 
 2.41098783382473e-09   0.00e+00 
 2.41151172137837e-09   0.00e+00 
 2.41203561493579e-09   0.00e+00 
 2.41255951449570e-09   0.00e+00 
 2.41308342005681e-09   0.00e+00 
 2.41360733161784e-09   0.00e+00 
 2.41413124917750e-09   0.00e+00 
 2.41465517273451e-09   0.00e+00 
 2.41517910228758e-09   0.00e+00 
 2.41570303783544e-09   0.00e+00 
 2.41622697937679e-09   0.00e+00 
 2.41675092691036e-09   0.00e+00 
 2.41727488043486e-09   0.00e+00 
 2.41779883994901e-09   0.00e+00 
 2.41832280545153e-09   0.00e+00 
 2.41884677694115e-09   0.00e+00 
 2.41937075441657e-09   0.00e+00 
 2.41989473787652e-09   0.00e+00 
 2.42041872731972e-09   0.00e+00 
 2.42094272274489e-09   0.00e+00 
 2.42146672415075e-09   0.00e+00 
 2.42199073153602e-09   0.00e+00 
 2.42251474489942e-09   0.00e+00 
 2.42303876423968e-09   0.00e+00 
 2.42356278955552e-09   0.00e+00 
 2.42408682084567e-09   0.00e+00 
 2.42461085810883e-09   0.00e+00 
 2.42513490134375e-09   0.00e+00 
 2.42565895054915e-09   0.00e+00 
 2.42618300572374e-09   0.00e+00 
 2.42670706686625e-09   0.00e+00 
 2.42723113397542e-09   0.00e+00 
 2.42775520704996e-09   0.00e+00 
 2.42827928608860e-09   0.00e+00 
 2.42880337109007e-09   0.00e+00 
 2.42932746205310e-09   0.00e+00 
 2.42985155897641e-09   0.00e+00 
 2.43037566185873e-09   0.00e+00 
 2.43089977069880e-09   0.00e+00 
 2.43142388549533e-09   0.00e+00 
 2.43194800624706e-09   0.00e+00 
 2.43247213295272e-09   0.00e+00 
 2.43299626561103e-09   0.00e+00 
 2.43352040422074e-09   0.00e+00 
 2.43404454878056e-09   0.00e+00 
 2.43456869928924e-09   0.00e+00 
 2.43509285574549e-09   0.00e+00 
 2.43561701814806e-09   0.00e+00 
 2.43614118649568e-09   0.00e+00 
 2.43666536078708e-09   0.00e+00 
 2.43718954102099e-09   0.00e+00 
 2.43771372719615e-09   0.00e+00 
 2.43823791931129e-09   0.00e+00 
 2.43876211736515e-09   0.00e+00 
 2.43928632135646e-09   0.00e+00 
 2.43981053128395e-09   0.00e+00 
 2.44033474714637e-09   0.00e+00 
 2.44085896894244e-09   0.00e+00 
 2.44138319667091e-09   0.00e+00 
 2.44190743033051e-09   0.00e+00 
 2.44243166991998e-09   0.00e+00 
 2.44295591543806e-09   0.00e+00 
 2.44348016688348e-09   0.00e+00 
 2.44400442425499e-09   0.00e+00 
 2.44452868755132e-09   0.00e+00 
 2.44505295677121e-09   0.00e+00 
 2.44557723191340e-09   0.00e+00 
 2.44610151297664e-09   0.00e+00 
 2.44662579995966e-09   0.00e+00 
 2.44715009286121e-09   0.00e+00 
 2.44767439168002e-09   0.00e+00 
 2.44819869641483e-09   0.00e+00 
 2.44872300706440e-09   0.00e+00 
 2.44924732362746e-09   0.00e+00 
 2.44977164610276e-09   0.00e+00 
 2.45029597448903e-09   0.00e+00 
 2.45082030878503e-09   0.00e+00 
 2.45134464898950e-09   0.00e+00 
 2.45186899510118e-09   0.00e+00 
 2.45239334711881e-09   0.00e+00 
 2.45291770504115e-09   0.00e+00 
 2.45344206886694e-09   0.00e+00 
 2.45396643859492e-09   0.00e+00 
 2.45449081422384e-09   0.00e+00 
 2.45501519575245e-09   0.00e+00 
 2.45553958317950e-09   0.00e+00 
 2.45606397650373e-09   0.00e+00 
 2.45658837572390e-09   0.00e+00 
 2.45711278083874e-09   0.00e+00 
 2.45763719184701e-09   0.00e+00 
 2.45816160874747e-09   0.00e+00 
 2.45868603153885e-09   0.00e+00 
 2.45921046021991e-09   0.00e+00 
 2.45973489478941e-09   0.00e+00 
 2.46025933524608e-09   0.00e+00 
 2.46078378158869e-09   0.00e+00 
 2.46130823381598e-09   0.00e+00 
 2.46183269192671e-09   0.00e+00 
 2.46235715591962e-09   0.00e+00 
 2.46288162579348e-09   0.00e+00 
 2.46340610154704e-09   0.00e+00 
 2.46393058317905e-09   0.00e+00 
 2.46445507068826e-09   0.00e+00 
 2.46497956407342e-09   0.00e+00 
 2.46550406333331e-09   0.00e+00 
 2.46602856846666e-09   0.00e+00 
 2.46655307947223e-09   0.00e+00 
 2.46707759634879e-09   0.00e+00 
 2.46760211909508e-09   0.00e+00 
 2.46812664770987e-09   0.00e+00 
 2.46865118219191e-09   0.00e+00 
 2.46917572253996e-09   0.00e+00 
 2.46970026875278e-09   0.00e+00 
 2.47022482082912e-09   0.00e+00 
 2.47074937876775e-09   0.00e+00 
 2.47127394256742e-09   0.00e+00 
 2.47179851222690e-09   0.00e+00 
 2.47232308774494e-09   0.00e+00 
 2.47284766912030e-09   0.00e+00 
 2.47337225635175e-09   0.00e+00 
 2.47389684943805e-09   0.00e+00 
 2.47442144837795e-09   0.00e+00 
 2.47494605317022e-09   0.00e+00 
 2.47547066381363e-09   0.00e+00 
 2.47599528030693e-09   0.00e+00 
 2.47651990264889e-09   0.00e+00 
 2.47704453083827e-09   0.00e+00 
 2.47756916487384e-09   0.00e+00 
 2.47809380475435e-09   0.00e+00 
 2.47861845047859e-09   0.00e+00 
 2.47914310204530e-09   0.00e+00 
 2.47966775945325e-09   0.00e+00 
 2.48019242270122e-09   0.00e+00 
 2.48071709178796e-09   0.00e+00 
 2.48124176671225e-09   0.00e+00 
 2.48176644747285e-09   0.00e+00 
 2.48229113406853e-09   0.00e+00 
 2.48281582649805e-09   0.00e+00 
 2.48334052476018e-09   0.00e+00 
 2.48386522885370e-09   0.00e+00 
 2.48438993877737e-09   0.00e+00 
 2.48491465452996e-09   0.00e+00 
 2.48543937611024e-09   0.00e+00 
 2.48596410351698e-09   0.00e+00 
 2.48648883674895e-09   0.00e+00 
 2.48701357580492e-09   0.00e+00 
 2.48753832068367e-09   0.00e+00 
 2.48806307138396e-09   0.00e+00 
 2.48858782790456e-09   0.00e+00 
 2.48911259024425e-09   0.00e+00 
 2.48963735840180e-09   0.00e+00 
 2.49016213237599e-09   0.00e+00 
 2.49068691216558e-09   0.00e+00 
 2.49121169776936e-09   0.00e+00 
 2.49173648918609e-09   0.00e+00 
 2.49226128641455e-09   0.00e+00 
 2.49278608945351e-09   0.00e+00 
 2.49331089830176e-09   0.00e+00 
 2.49383571295806e-09   0.00e+00 
 2.49436053342119e-09   0.00e+00 
 2.49488535968993e-09   0.00e+00 
 2.49541019176306e-09   0.00e+00 
 2.49593502963935e-09   0.00e+00 
 2.49645987331758e-09   0.00e+00 
 2.49698472279652e-09   0.00e+00 
 2.49750957807497e-09   0.00e+00 
 2.49803443915168e-09   0.00e+00 
 2.49855930602546e-09   0.00e+00 
 2.49908417869506e-09   0.00e+00 
 2.49960905715928e-09   0.00e+00 
 2.50013394141689e-09   0.00e+00 
 2.50065883146668e-09   0.00e+00 
 2.50118372730742e-09   0.00e+00 
 2.50170862893790e-09   0.00e+00 
 2.50223353635689e-09   0.00e+00 
 2.50275844956319e-09   0.00e+00 
 2.50328336855557e-09   0.00e+00 
 2.50380829333282e-09   0.00e+00 
 2.50433322389371e-09   0.00e+00 
 2.50485816023704e-09   0.00e+00 
 2.50538310236158e-09   0.00e+00 
 2.50590805026613e-09   0.00e+00 
 2.50643300394946e-09   0.00e+00 
 2.50695796341037e-09   0.00e+00 
 2.50748292864763e-09   0.00e+00 
 2.50800789966003e-09   0.00e+00 
 2.50853287644636e-09   0.00e+00 
 2.50905785900541e-09   0.00e+00 
 2.50958284733596e-09   0.00e+00 
 2.51010784143680e-09   0.00e+00 
 2.51063284130671e-09   0.00e+00 
 2.51115784694450e-09   0.00e+00 
 2.51168285834894e-09   0.00e+00 
 2.51220787551882e-09   0.00e+00 
 2.51273289845294e-09   0.00e+00 
 2.51325792715008e-09   0.00e+00 
 2.51378296160903e-09   0.00e+00 
 2.51430800182858e-09   0.00e+00 
 2.51483304780753e-09   0.00e+00 
 2.51535809954466e-09   0.00e+00 
 2.51588315703877e-09   0.00e+00 
 2.51640822028865e-09   0.00e+00 
 2.51693328929310e-09   0.00e+00 
 2.51745836405089e-09   0.00e+00 
 2.51798344456083e-09   0.00e+00 
 2.51850853082172e-09   0.00e+00 
 2.51903362283234e-09   0.00e+00 
 2.51955872059149e-09   0.00e+00 
 2.52008382409796e-09   0.00e+00 
 2.52060893335055e-09   0.00e+00 
 2.52113404834805e-09   0.00e+00 
 2.52165916908927e-09   0.00e+00 
 2.52218429557299e-09   0.00e+00 
 2.52270942779801e-09   0.00e+00 
 2.52323456576314e-09   0.00e+00 
 2.52375970946716e-09   0.00e+00 
 2.52428485890887e-09   0.00e+00 
 2.52481001408708e-09   0.00e+00 
 2.52533517500058e-09   0.00e+00 
 2.52586034164817e-09   0.00e+00 
 2.52638551402865e-09   0.00e+00 
 2.52691069214082e-09   0.00e+00 
 2.52743587598348e-09   0.00e+00 
 2.52796106555543e-09   0.00e+00 
 2.52848626085547e-09   0.00e+00 
 2.52901146188240e-09   0.00e+00 
 2.52953666863502e-09   0.00e+00 
 2.53006188111214e-09   0.00e+00 
 2.53058709931255e-09   0.00e+00 
 2.53111232323507e-09   0.00e+00 
 2.53163755287849e-09   0.00e+00 
 2.53216278824162e-09   0.00e+00 
 2.53268802932325e-09   0.00e+00 
 2.53321327612220e-09   0.00e+00 
 2.53373852863727e-09   0.00e+00 
 2.53426378686727e-09   0.00e+00 
 2.53478905081099e-09   0.00e+00 
 2.53531432046725e-09   0.00e+00 
 2.53583959583485e-09   0.00e+00 
 2.53636487691260e-09   0.00e+00 
 2.53689016369931e-09   0.00e+00 
 2.53741545619377e-09   0.00e+00 
 2.53794075439481e-09   0.00e+00 
 2.53846605830122e-09   0.00e+00 
 2.53899136791182e-09   0.00e+00 
 2.53951668322542e-09   0.00e+00 
 2.54004200424081e-09   0.00e+00 
 2.54056733095683e-09   0.00e+00 
 2.54109266337226e-09   0.00e+00 
 2.54161800148593e-09   0.00e+00 
 2.54214334529665e-09   0.00e+00 
 2.54266869480322e-09   0.00e+00 
 2.54319405000446e-09   0.00e+00 
 2.54371941089917e-09   0.00e+00 
 2.54424477748618e-09   0.00e+00 
 2.54477014976429e-09   0.00e+00 
 2.54529552773232e-09   0.00e+00 
 2.54582091138908e-09   0.00e+00 
 2.54634630073338e-09   0.00e+00 
 2.54687169576404e-09   0.00e+00 
 2.54739709647987e-09   0.00e+00 
 2.54792250287969e-09   0.00e+00 
 2.54844791496231e-09   0.00e+00 
 2.54897333272655e-09   0.00e+00 
 2.54949875617123e-09   0.00e+00 
 2.55002418529515e-09   0.00e+00 
 2.55054962009714e-09   0.00e+00 
 2.55107506057602e-09   0.00e+00 
 2.55160050673059e-09   0.00e+00 
 2.55212595855969e-09   0.00e+00 
 2.55265141606212e-09   0.00e+00 
 2.55317687923672e-09   0.00e+00 
 2.55370234808228e-09   0.00e+00 
 2.55422782259764e-09   0.00e+00 
 2.55475330278162e-09   0.00e+00 
 2.55527878863303e-09   0.00e+00 
 2.55580428015069e-09   0.00e+00 
 2.55632977733343e-09   0.00e+00 
 2.55685528018006e-09   0.00e+00 
 2.55738078868942e-09   0.00e+00 
 2.55790630286031e-09   0.00e+00 
 2.55843182269157e-09   0.00e+00 
 2.55895734818201e-09   0.00e+00 
 2.55948287933046e-09   0.00e+00 
 2.56000841613575e-09   0.00e+00 
 2.56053395859669e-09   0.00e+00 
 2.56105950671211e-09   0.00e+00 
 2.56158506048083e-09   0.00e+00 
 2.56211061990168e-09   0.00e+00 
 2.56263618497349e-09   0.00e+00 
 2.56316175569507e-09   0.00e+00 
 2.56368733206527e-09   0.00e+00 
 2.56421291408289e-09   0.00e+00 
 2.56473850174678e-09   0.00e+00 
 2.56526409505575e-09   0.00e+00 
 2.56578969400863e-09   0.00e+00 
 2.56631529860426e-09   0.00e+00 
 2.56684090884145e-09   0.00e+00 
 2.56736652471905e-09   0.00e+00 
 2.56789214623587e-09   0.00e+00 
 2.56841777339075e-09   0.00e+00 
 2.56894340618251e-09   0.00e+00 
 2.56946904460999e-09   0.00e+00 
 2.56999468867202e-09   0.00e+00 
 2.57052033836742e-09   0.00e+00 
 2.57104599369504e-09   0.00e+00 
 2.57157165465369e-09   0.00e+00 
 2.57209732124221e-09   0.00e+00 
 2.57262299345944e-09   0.00e+00 
 2.57314867130420e-09   0.00e+00 
 2.57367435477534e-09   0.00e+00 
 2.57420004387167e-09   0.00e+00 
 2.57472573859205e-09   0.00e+00 
 2.57525143893529e-09   0.00e+00 
 2.57577714490024e-09   0.00e+00 
 2.57630285648572e-09   0.00e+00 
 2.57682857369058e-09   0.00e+00 
 2.57735429651365e-09   0.00e+00 
 2.57788002495377e-09   0.00e+00 
 2.57840575900977e-09   0.00e+00 
 2.57893149868048e-09   0.00e+00 
 2.57945724396476e-09   0.00e+00 
 2.57998299486142e-09   0.00e+00 
 2.58050875136931e-09   0.00e+00 
 2.58103451348727e-09   0.00e+00 
 2.58156028121414e-09   0.00e+00 
 2.58208605454875e-09   0.00e+00 
 2.58261183348994e-09   0.00e+00 
 2.58313761803656e-09   0.00e+00 
 2.58366340818744e-09   0.00e+00 
 2.58418920394142e-09   0.00e+00 
 2.58471500529735e-09   0.00e+00 
 2.58524081225406e-09   0.00e+00 
 2.58576662481039e-09   0.00e+00 
 2.58629244296519e-09   0.00e+00 
 2.58681826671730e-09   0.00e+00 
 2.58734409606556e-09   0.00e+00 
 2.58786993100882e-09   0.00e+00 
 2.58839577154591e-09   0.00e+00 
 2.58892161767567e-09   0.00e+00 
 2.58944746939696e-09   0.00e+00 
 2.58997332670862e-09   0.00e+00 
 2.59049918960949e-09   0.00e+00 
 2.59102505809841e-09   0.00e+00 
 2.59155093217424e-09   0.00e+00 
 2.59207681183581e-09   0.00e+00 
 2.59260269708197e-09   0.00e+00 
 2.59312858791157e-09   0.00e+00 
 2.59365448432346e-09   0.00e+00 
 2.59418038631647e-09   0.00e+00 
 2.59470629388947e-09   0.00e+00 
 2.59523220704129e-09   0.00e+00 
 2.59575812577078e-09   0.00e+00 
 2.59628405007680e-09   0.00e+00 
 2.59680997995819e-09   0.00e+00 
 2.59733591541379e-09   0.00e+00 
 2.59786185644247e-09   0.00e+00 
 2.59838780304306e-09   0.00e+00 
 2.59891375521442e-09   0.00e+00 
 2.59943971295540e-09   0.00e+00 
 2.59996567626484e-09   0.00e+00 
 2.60049164514161e-09   0.00e+00 
 2.60101761958455e-09   0.00e+00 
 2.60154359959251e-09   0.00e+00 
 2.60206958516435e-09   0.00e+00 
 2.60259557629892e-09   0.00e+00 
 2.60312157299506e-09   0.00e+00 
 2.60364757525164e-09   0.00e+00 
 2.60417358306751e-09   0.00e+00 
 2.60469959644151e-09   0.00e+00 
 2.60522561537252e-09   0.00e+00 
 2.60575163985937e-09   0.00e+00 
 2.60627766990092e-09   0.00e+00 
 2.60680370549604e-09   0.00e+00 
 2.60732974664357e-09   0.00e+00 
 2.60785579334237e-09   0.00e+00 
 2.60838184559131e-09   0.00e+00 
 2.60890790338922e-09   0.00e+00 
 2.60943396673498e-09   0.00e+00 
 2.60996003562743e-09   0.00e+00 
 2.61048611006544e-09   0.00e+00 
 2.61101219004787e-09   0.00e+00 
 2.61153827557357e-09   0.00e+00 
 2.61206436664140e-09   0.00e+00 
 2.61259046325022e-09   0.00e+00 
 2.61311656539890e-09   0.00e+00 
 2.61364267308628e-09   0.00e+00 
 2.61416878631123e-09   0.00e+00 
 2.61469490507262e-09   0.00e+00 
 2.61522102936929e-09   0.00e+00 
 2.61574715920012e-09   0.00e+00 
 2.61627329456397e-09   0.00e+00 
 2.61679943545969e-09   0.00e+00 
 2.61732558188615e-09   0.00e+00 
 2.61785173384221e-09   0.00e+00 
 2.61837789132674e-09   0.00e+00 
 2.61890405433860e-09   0.00e+00 
 2.61943022287665e-09   0.00e+00 
 2.61995639693975e-09   0.00e+00 
 2.62048257652678e-09   0.00e+00 
 2.62100876163659e-09   0.00e+00 
 2.62153495226805e-09   0.00e+00 
 2.62206114842003e-09   0.00e+00 
 2.62258735009139e-09   0.00e+00 
 2.62311355728100e-09   0.00e+00 
 2.62363976998773e-09   0.00e+00 
 2.62416598821043e-09   0.00e+00 
 2.62469221194799e-09   0.00e+00 
 2.62521844119926e-09   0.00e+00 
 2.62574467596312e-09   0.00e+00 
 2.62627091623843e-09   0.00e+00 
 2.62679716202406e-09   0.00e+00 
 2.62732341331889e-09   0.00e+00 
 2.62784967012178e-09   0.00e+00 
 2.62837593243159e-09   0.00e+00 
 2.62890220024721e-09   0.00e+00 
 2.62942847356750e-09   0.00e+00 
 2.62995475239133e-09   0.00e+00 
 2.63048103671757e-09   0.00e+00 
 2.63100732654510e-09   0.00e+00 
 2.63153362187279e-09   0.00e+00 
 2.63205992269950e-09   0.00e+00 
 2.63258622902412e-09   0.00e+00 
 2.63311254084551e-09   0.00e+00 
 2.63363885816255e-09   0.00e+00 
 2.63416518097411e-09   0.00e+00 
 2.63469150927907e-09   0.00e+00 
 2.63521784307630e-09   0.00e+00 
 2.63574418236467e-09   0.00e+00 
 2.63627052714306e-09   0.00e+00 
 2.63679687741035e-09   0.00e+00 
 2.63732323316541e-09   0.00e+00 
 2.63784959440712e-09   0.00e+00 
 2.63837596113436e-09   0.00e+00 
 2.63890233334599e-09   0.00e+00 
 2.63942871104091e-09   0.00e+00 
 2.63995509421798e-09   0.00e+00 
 2.64048148287608e-09   0.00e+00 
 2.64100787701410e-09   0.00e+00 
 2.64153427663091e-09   0.00e+00 
 2.64206068172539e-09   0.00e+00 
 2.64258709229642e-09   0.00e+00 
 2.64311350834287e-09   0.00e+00 
 2.64363992986364e-09   0.00e+00 
 2.64416635685760e-09   0.00e+00 
 2.64469278932363e-09   0.00e+00 
 2.64521922726061e-09   0.00e+00 
 2.64574567066742e-09   0.00e+00 
 2.64627211954295e-09   0.00e+00 
 2.64679857388608e-09   0.00e+00 
 2.64732503369569e-09   0.00e+00 
 2.64785149897066e-09   0.00e+00 
 2.64837796970988e-09   0.00e+00 
 2.64890444591222e-09   0.00e+00 
 2.64943092757659e-09   0.00e+00 
 2.64995741470185e-09   0.00e+00 
 2.65048390728689e-09   0.00e+00 
 2.65101040533060e-09   0.00e+00 
 2.65153690883186e-09   0.00e+00 
 2.65206341778956e-09   0.00e+00 
 2.65258993220259e-09   0.00e+00 
 2.65311645206984e-09   0.00e+00 
 2.65364297739017e-09   0.00e+00 
 2.65416950816250e-09   0.00e+00 
 2.65469604438570e-09   0.00e+00 
 2.65522258605866e-09   0.00e+00 
 2.65574913318026e-09   0.00e+00 
 2.65627568574941e-09   0.00e+00 
 2.65680224376498e-09   0.00e+00 
 2.65732880722586e-09   0.00e+00 
 2.65785537613096e-09   0.00e+00 
 2.65838195047914e-09   0.00e+00 
 2.65890853026932e-09   0.00e+00 
 2.65943511550037e-09   0.00e+00 
 2.65996170617118e-09   0.00e+00 
 2.66048830228065e-09   0.00e+00 
 2.66101490382768e-09   0.00e+00 
 2.66154151081114e-09   0.00e+00 
 2.66206812322994e-09   0.00e+00 
 2.66259474108297e-09   0.00e+00 
 2.66312136436911e-09   0.00e+00 
 2.66364799308727e-09   0.00e+00 
 2.66417462723634e-09   0.00e+00 
 2.66470126681520e-09   0.00e+00 
 2.66522791182276e-09   0.00e+00 
 2.66575456225791e-09   0.00e+00 
 2.66628121811955e-09   0.00e+00 
 2.66680787940657e-09   0.00e+00 
 2.66733454611786e-09   0.00e+00 
 2.66786121825232e-09   0.00e+00 
 2.66838789580885e-09   0.00e+00 
 2.66891457878635e-09   0.00e+00 
 2.66944126718371e-09   0.00e+00 
 2.66996796099983e-09   0.00e+00 
 2.67049466023361e-09   0.00e+00 
 2.67102136488394e-09   0.00e+00 
 2.67154807494973e-09   0.00e+00 
 2.67207479042987e-09   0.00e+00 
 2.67260151132326e-09   0.00e+00 
 2.67312823762880e-09   0.00e+00 
 2.67365496934540e-09   0.00e+00 
 2.67418170647194e-09   0.00e+00 
 2.67470844900734e-09   0.00e+00 
 2.67523519695049e-09   0.00e+00 
 2.67576195030030e-09   0.00e+00 
 2.67628870905566e-09   0.00e+00 
 2.67681547321547e-09   0.00e+00 
 2.67734224277865e-09   0.00e+00 
 2.67786901774408e-09   0.00e+00 
 2.67839579811069e-09   0.00e+00 
 2.67892258387736e-09   0.00e+00 
 2.67944937504300e-09   0.00e+00 
 2.67997617160651e-09   0.00e+00 
 2.68050297356681e-09   0.00e+00 
 2.68102978092279e-09   0.00e+00 
 2.68155659367335e-09   0.00e+00 
 2.68208341181741e-09   0.00e+00 
 2.68261023535387e-09   0.00e+00 
 2.68313706428164e-09   0.00e+00 
 2.68366389859961e-09   0.00e+00 
 2.68419073830671e-09   0.00e+00 
 2.68471758340182e-09   0.00e+00 
 2.68524443388387e-09   0.00e+00 
 2.68577128975176e-09   0.00e+00 
 2.68629815100439e-09   0.00e+00 
 2.68682501764068e-09   0.00e+00 
 2.68735188965954e-09   0.00e+00 
 2.68787876705986e-09   0.00e+00 
 2.68840564984057e-09   0.00e+00 
 2.68893253800056e-09   0.00e+00 
 2.68945943153876e-09   0.00e+00 
 2.68998633045406e-09   0.00e+00 
 2.69051323474539e-09   0.00e+00 
 2.69104014441165e-09   0.00e+00 
 2.69156705945176e-09   0.00e+00 
 2.69209397986461e-09   0.00e+00 
 2.69262090564914e-09   0.00e+00 
 2.69314783680424e-09   0.00e+00 
 2.69367477332883e-09   0.00e+00 
 2.69420171522183e-09   0.00e+00 
 2.69472866248214e-09   0.00e+00 
 2.69525561510868e-09   0.00e+00 
 2.69578257310036e-09   0.00e+00 
 2.69630953645611e-09   0.00e+00 
 2.69683650517482e-09   0.00e+00 
 2.69736347925542e-09   0.00e+00 
 2.69789045869683e-09   0.00e+00 
 2.69841744349795e-09   0.00e+00 
 2.69894443365770e-09   0.00e+00 
 2.69947142917500e-09   0.00e+00 
 2.69999843004877e-09   0.00e+00 
 2.70052543627792e-09   0.00e+00 
 2.70105244786136e-09   0.00e+00 
 2.70157946479803e-09   0.00e+00 
 2.70210648708683e-09   0.00e+00 
 2.70263351472667e-09   0.00e+00 
 2.70316054771649e-09   0.00e+00 
 2.70368758605520e-09   0.00e+00 
 2.70421462974172e-09   0.00e+00 
 2.70474167877497e-09   0.00e+00 
 2.70526873315386e-09   0.00e+00 
 2.70579579287732e-09   0.00e+00 
 2.70632285794426e-09   0.00e+00 
 2.70684992835362e-09   0.00e+00 
 2.70737700410430e-09   0.00e+00 
 2.70790408519523e-09   0.00e+00 
 2.70843117162533e-09   0.00e+00 
 2.70895826339353e-09   0.00e+00 
 2.70948536049875e-09   0.00e+00 
 2.71001246293990e-09   0.00e+00 
 2.71053957071591e-09   0.00e+00 
 2.71106668382571e-09   0.00e+00 
 2.71159380226822e-09   0.00e+00 
 2.71212092604235e-09   0.00e+00 
 2.71264805514705e-09   0.00e+00 
 2.71317518958123e-09   0.00e+00 
 2.71370232934381e-09   0.00e+00 
 2.71422947443372e-09   0.00e+00 
 2.71475662484989e-09   0.00e+00 
 2.71528378059124e-09   0.00e+00 
 2.71581094165671e-09   0.00e+00 
 2.71633810804520e-09   0.00e+00 
 2.71686527975566e-09   0.00e+00 
 2.71739245678701e-09   0.00e+00 
 2.71791963913818e-09   0.00e+00 
 2.71844682680809e-09   0.00e+00 
 2.71897401979567e-09   0.00e+00 
 2.71950121809986e-09   0.00e+00 
 2.72002842171957e-09   0.00e+00 
 2.72055563065375e-09   0.00e+00 
 2.72108284490132e-09   0.00e+00 
 2.72161006446120e-09   0.00e+00 
 2.72213728933233e-09   0.00e+00 
 2.72266451951365e-09   0.00e+00 
 2.72319175500407e-09   0.00e+00 
 2.72371899580254e-09   0.00e+00 
 2.72424624190798e-09   0.00e+00 
 2.72477349331932e-09   0.00e+00 
 2.72530075003551e-09   0.00e+00 
 2.72582801205546e-09   0.00e+00 
 2.72635527937811e-09   0.00e+00 
 2.72688255200240e-09   0.00e+00 
 2.72740982992726e-09   0.00e+00 
 2.72793711315163e-09   0.00e+00 
 2.72846440167443e-09   0.00e+00 
 2.72899169549460e-09   0.00e+00 
 2.72951899461108e-09   0.00e+00 
 2.73004629902280e-09   0.00e+00 
 2.73057360872870e-09   0.00e+00 
 2.73110092372772e-09   0.00e+00 
 2.73162824401878e-09   0.00e+00 
 2.73215556960083e-09   0.00e+00 
 2.73268290047280e-09   0.00e+00 
 2.73321023663363e-09   0.00e+00 
 2.73373757808225e-09   0.00e+00 
 2.73426492481762e-09   0.00e+00 
 2.73479227683865e-09   0.00e+00 
 2.73531963414430e-09   0.00e+00 
 2.73584699673349e-09   0.00e+00 
 2.73637436460518e-09   0.00e+00 
 2.73690173775830e-09   0.00e+00 
 2.73742911619178e-09   0.00e+00 
 2.73795649990457e-09   0.00e+00 
 2.73848388889562e-09   0.00e+00 
 2.73901128316385e-09   0.00e+00 
 2.73953868270821e-09   0.00e+00 
 2.74006608752765e-09   0.00e+00 
 2.74059349762110e-09   0.00e+00 
 2.74112091298751e-09   0.00e+00 
 2.74164833362582e-09   0.00e+00 
 2.74217575953496e-09   0.00e+00 
 2.74270319071390e-09   0.00e+00 
 2.74323062716156e-09   0.00e+00 
 2.74375806887689e-09   0.00e+00 
 2.74428551585884e-09   0.00e+00 
 2.74481296810635e-09   0.00e+00 
 2.74534042561837e-09   0.00e+00 
 2.74586788839383e-09   0.00e+00 
 2.74639535643169e-09   0.00e+00 
 2.74692282973089e-09   0.00e+00 
 2.74745030829038e-09   0.00e+00 
 2.74797779210911e-09   0.00e+00 
 2.74850528118601e-09   0.00e+00 
 2.74903277552004e-09   0.00e+00 
 2.74956027511015e-09   0.00e+00 
 2.75008777995528e-09   0.00e+00 
 2.75061529005437e-09   0.00e+00 
 2.75114280540639e-09   0.00e+00 
 2.75167032601028e-09   0.00e+00 
 2.75219785186498e-09   0.00e+00 
 2.75272538296944e-09   0.00e+00 
 2.75325291932263e-09   0.00e+00 
 2.75378046092348e-09   0.00e+00 
 2.75430800777094e-09   0.00e+00 
 2.75483555986397e-09   0.00e+00 
 2.75536311720152e-09   0.00e+00 
 2.75589067978254e-09   0.00e+00 
 2.75641824760597e-09   0.00e+00 
 2.75694582067078e-09   0.00e+00 
 2.75747339897591e-09   0.00e+00 
 2.75800098252033e-09   0.00e+00 
 2.75852857130297e-09   0.00e+00 
 2.75905616532279e-09   0.00e+00 
 2.75958376457875e-09   0.00e+00 
 2.76011136906980e-09   0.00e+00 
 2.76063897879489e-09   0.00e+00 
 2.76116659375299e-09   0.00e+00 
 2.76169421394303e-09   0.00e+00 
 2.76222183936399e-09   0.00e+00 
 2.76274947001481e-09   0.00e+00 
 2.76327710589445e-09   0.00e+00 
 2.76380474700187e-09   0.00e+00 
 2.76433239333602e-09   0.00e+00 
 2.76486004489586e-09   0.00e+00 
 2.76538770168035e-09   0.00e+00 
 2.76591536368844e-09   0.00e+00 
 2.76644303091909e-09   0.00e+00 
 2.76697070337127e-09   0.00e+00 
 2.76749838104392e-09   0.00e+00 
 2.76802606393600e-09   0.00e+00 
 2.76855375204649e-09   0.00e+00 
 2.76908144537433e-09   0.00e+00 
 2.76960914391848e-09   0.00e+00 
 2.77013684767791e-09   0.00e+00 
 2.77066455665157e-09   0.00e+00 
 2.77119227083843e-09   0.00e+00 
 2.77171999023745e-09   0.00e+00 
 2.77224771484758e-09   0.00e+00 
 2.77277544466779e-09   0.00e+00 
 2.77330317969704e-09   0.00e+00 
 2.77383091993430e-09   0.00e+00 
 2.77435866537852e-09   0.00e+00 
 2.77488641602867e-09   0.00e+00 
 2.77541417188371e-09   0.00e+00 
 2.77594193294261e-09   0.00e+00 
 2.77646969920432e-09   0.00e+00 
 2.77699747066782e-09   0.00e+00 
 2.77752524733206e-09   0.00e+00 
 2.77805302919601e-09   0.00e+00 
 2.77858081625864e-09   0.00e+00 
 2.77910860851892e-09   0.00e+00 
 2.77963640597580e-09   0.00e+00 
 2.78016420862825e-09   0.00e+00 
 2.78069201647524e-09   0.00e+00 
 2.78121982951574e-09   0.00e+00 
 2.78174764774871e-09   0.00e+00 
 2.78227547117313e-09   0.00e+00 
 2.78280329978794e-09   0.00e+00 
 2.78333113359214e-09   0.00e+00 
 2.78385897258468e-09   0.00e+00 
 2.78438681676453e-09   0.00e+00 
 2.78491466613065e-09   0.00e+00 
 2.78544252068203e-09   0.00e+00 
 2.78597038041763e-09   0.00e+00 
 2.78649824533642e-09   0.00e+00 
 2.78702611543736e-09   0.00e+00 
 2.78755399071943e-09   0.00e+00 
 2.78808187118160e-09   0.00e+00 
 2.78860975682284e-09   0.00e+00 
 2.78913764764213e-09   0.00e+00 
 2.78966554363842e-09   0.00e+00 
 2.79019344481070e-09   0.00e+00 
 2.79072135115794e-09   0.00e+00 
 2.79124926267910e-09   0.00e+00 
 2.79177717937316e-09   0.00e+00 
 2.79230510123910e-09   0.00e+00 
 2.79283302827589e-09   0.00e+00 
 2.79336096048250e-09   0.00e+00 
 2.79388889785790e-09   0.00e+00 
 2.79441684040108e-09   0.00e+00 
 2.79494478811100e-09   0.00e+00 
 2.79547274098663e-09   0.00e+00 
 2.79600069902696e-09   0.00e+00 
 2.79652866223096e-09   0.00e+00 
 2.79705663059761e-09   0.00e+00 
 2.79758460412588e-09   0.00e+00 
 2.79811258281474e-09   0.00e+00 
 2.79864056666318e-09   0.00e+00 
 2.79916855567017e-09   0.00e+00 
 2.79969654983469e-09   0.00e+00 
 2.80022454915572e-09   0.00e+00 
 2.80075255363223e-09   0.00e+00 
 2.80128056326320e-09   0.00e+00 
 2.80180857804761e-09   0.00e+00 
 2.80233659798445e-09   0.00e+00 
 2.80286462307268e-09   0.00e+00 
 2.80339265331129e-09   0.00e+00 
 2.80392068869926e-09   0.00e+00 
 2.80444872923556e-09   0.00e+00 
 2.80497677491919e-09   0.00e+00 
 2.80550482574911e-09   0.00e+00 
 2.80603288172432e-09   0.00e+00 
 2.80656094284378e-09   0.00e+00 
 2.80708900910649e-09   0.00e+00 
 2.80761708051142e-09   0.00e+00 
 2.80814515705756e-09   0.00e+00 
 2.80867323874389e-09   0.00e+00 
 2.80920132556939e-09   0.00e+00 
 2.80972941753304e-09   0.00e+00 
 2.81025751463384e-09   0.00e+00 
 2.81078561687075e-09   0.00e+00 
 2.81131372424278e-09   0.00e+00 
 2.81184183674889e-09   0.00e+00 
 2.81236995438808e-09   0.00e+00 
 2.81289807715933e-09   0.00e+00 
 2.81342620506162e-09   0.00e+00 
 2.81395433809395e-09   0.00e+00 
 2.81448247625529e-09   0.00e+00 
 2.81501061954464e-09   0.00e+00 
 2.81553876796097e-09   0.00e+00 
 2.81606692150328e-09   0.00e+00 
 2.81659508017056e-09   0.00e+00 
 2.81712324396178e-09   0.00e+00 
 2.81765141287594e-09   0.00e+00 
 2.81817958691203e-09   0.00e+00 
 2.81870776606903e-09   0.00e+00 
 2.81923595034594e-09   0.00e+00 
 2.81976413974174e-09   0.00e+00 
 2.82029233425542e-09   0.00e+00 
 2.82082053388597e-09   0.00e+00 
 2.82134873863238e-09   0.00e+00 
 2.82187694849364e-09   0.00e+00 
 2.82240516346874e-09   0.00e+00 
 2.82293338355668e-09   0.00e+00 
 2.82346160875643e-09   0.00e+00 
 2.82398983906700e-09   0.00e+00 
 2.82451807448738e-09   0.00e+00 
 2.82504631501655e-09   0.00e+00 
 2.82557456065352e-09   0.00e+00 
 2.82610281139727e-09   0.00e+00 
 2.82663106724679e-09   0.00e+00 
 2.82715932820108e-09   0.00e+00 
 2.82768759425913e-09   0.00e+00 
 2.82821586541994e-09   0.00e+00 
 2.82874414168250e-09   0.00e+00 
 2.82927242304581e-09   0.00e+00 
 2.82980070950885e-09   0.00e+00 
 2.83032900107063e-09   0.00e+00 
 2.83085729773013e-09   0.00e+00 
 2.83138559948637e-09   0.00e+00 
 2.83191390633832e-09   0.00e+00 
 2.83244221828499e-09   0.00e+00 
 2.83297053532538e-09   0.00e+00 
 2.83349885745847e-09   0.00e+00 
 2.83402718468328e-09   0.00e+00 
 2.83455551699879e-09   0.00e+00 
 2.83508385440400e-09   0.00e+00 
 2.83561219689791e-09   0.00e+00 
 2.83614054447953e-09   0.00e+00 
 2.83666889714784e-09   0.00e+00 
 2.83719725490185e-09   0.00e+00 
 2.83772561774056e-09   0.00e+00 
 2.83825398566296e-09   0.00e+00 
 2.83878235866806e-09   0.00e+00 
 2.83931073675486e-09   0.00e+00 
 2.83983911992235e-09   0.00e+00 
 2.84036750816955e-09   0.00e+00 
 2.84089590149544e-09   0.00e+00 
 2.84142429989904e-09   0.00e+00 
 2.84195270337933e-09   0.00e+00 
 2.84248111193533e-09   0.00e+00 
 2.84300952556604e-09   0.00e+00 
 2.84353794427046e-09   0.00e+00 
 2.84406636804759e-09   0.00e+00 
 2.84459479689644e-09   0.00e+00 
 2.84512323081601e-09   0.00e+00 
 2.84565166980530e-09   0.00e+00 
 2.84618011386332e-09   0.00e+00 
 2.84670856298907e-09   0.00e+00 
 2.84723701718156e-09   0.00e+00 
 2.84776547643979e-09   0.00e+00 
 2.84829394076277e-09   0.00e+00 
 2.84882241014951e-09   0.00e+00 
 2.84935088459900e-09   0.00e+00 
 2.84987936411027e-09   0.00e+00 
 2.85040784868230e-09   0.00e+00 
 2.85093633831411e-09   0.00e+00 
 2.85146483300472e-09   0.00e+00 
 2.85199333275311e-09   0.00e+00 
 2.85252183755831e-09   0.00e+00 
 2.85305034741933e-09   0.00e+00 
 2.85357886233516e-09   0.00e+00 
 2.85410738230481e-09   0.00e+00 
 2.85463590732731e-09   0.00e+00 
 2.85516443740166e-09   0.00e+00 
 2.85569297252686e-09   0.00e+00 
 2.85622151270193e-09   0.00e+00 
 2.85675005792587e-09   0.00e+00 
 2.85727860819770e-09   0.00e+00 
 2.85780716351643e-09   0.00e+00 
 2.85833572388108e-09   0.00e+00 
 2.85886428929064e-09   0.00e+00 
 2.85939285974413e-09   0.00e+00 
 2.85992143524058e-09   0.00e+00 
 2.86045001577898e-09   0.00e+00 
 2.86097860135835e-09   0.00e+00 
 2.86150719197770e-09   0.00e+00 
 2.86203578763606e-09   0.00e+00 
 2.86256438833242e-09   0.00e+00 
 2.86309299406581e-09   0.00e+00 
 2.86362160483524e-09   0.00e+00 
 2.86415022063972e-09   0.00e+00 
 2.86467884147826e-09   0.00e+00 
 2.86520746734990e-09   0.00e+00 
 2.86573609825363e-09   0.00e+00 
 2.86626473418848e-09   0.00e+00 
 2.86679337515346e-09   0.00e+00 
 2.86732202114758e-09   0.00e+00 
 2.86785067216987e-09   0.00e+00 
 2.86837932821934e-09   0.00e+00 
 2.86890798929501e-09   0.00e+00 
 2.86943665539590e-09   0.00e+00 
 2.86996532652102e-09   0.00e+00 
 2.87049400266939e-09   0.00e+00 
 2.87102268384003e-09   0.00e+00 
 2.87155137003196e-09   0.00e+00 
 2.87208006124419e-09   0.00e+00 
 2.87260875747576e-09   0.00e+00 
 2.87313745872567e-09   0.00e+00 
 2.87366616499295e-09   0.00e+00 
 2.87419487627661e-09   0.00e+00 
 2.87472359257569e-09   0.00e+00 
 2.87525231388919e-09   0.00e+00 
 2.87578104021614e-09   0.00e+00 
 2.87630977155556e-09   0.00e+00 
 2.87683850790647e-09   0.00e+00 
 2.87736724926790e-09   0.00e+00 
 2.87789599563887e-09   0.00e+00 
 2.87842474701839e-09   0.00e+00 
 2.87895350340550e-09   0.00e+00 
 2.87948226479921e-09   0.00e+00 
 2.88001103119855e-09   0.00e+00 
 2.88053980260255e-09   0.00e+00 
 2.88106857901022e-09   0.00e+00 
 2.88159736042059e-09   0.00e+00 
 2.88212614683268e-09   0.00e+00 
 2.88265493824553e-09   0.00e+00 
 2.88318373465815e-09   0.00e+00 
 2.88371253606958e-09   0.00e+00 
 2.88424134247883e-09   0.00e+00 
 2.88477015388493e-09   0.00e+00 
 2.88529897028691e-09   0.00e+00 
 2.88582779168380e-09   0.00e+00 
 2.88635661807462e-09   0.00e+00 
 2.88688544945840e-09   0.00e+00 
 2.88741428583416e-09   0.00e+00 
 2.88794312720095e-09   0.00e+00 
 2.88847197355777e-09   0.00e+00 
 2.88900082490367e-09   0.00e+00 
 2.88952968123767e-09   0.00e+00 
 2.89005854255880e-09   0.00e+00 
 2.89058740886608e-09   0.00e+00 
 2.89111628015856e-09   0.00e+00 
 2.89164515643525e-09   0.00e+00 
 2.89217403769519e-09   0.00e+00 
 2.89270292393740e-09   0.00e+00 
 2.89323181516093e-09   0.00e+00 
 2.89376071136479e-09   0.00e+00 
 2.89428961254803e-09   0.00e+00 
 2.89481851870967e-09   0.00e+00 
 2.89534742984874e-09   0.00e+00 
 2.89587634596428e-09   0.00e+00 
 2.89640526705532e-09   0.00e+00 
 2.89693419312089e-09   0.00e+00 
 2.89746312416002e-09   0.00e+00 
 2.89799206017175e-09   0.00e+00 
 2.89852100115511e-09   0.00e+00 
 2.89904994710914e-09   0.00e+00 
 2.89957889803287e-09   0.00e+00 
 2.90010785392533e-09   0.00e+00 
 2.90063681478556e-09   0.00e+00 
 2.90116578061259e-09   0.00e+00 
 2.90169475140546e-09   0.00e+00 
 2.90222372716320e-09   0.00e+00 
 2.90275270788485e-09   0.00e+00 
 2.90328169356945e-09   0.00e+00 
 2.90381068421602e-09   0.00e+00 
 2.90433967982362e-09   0.00e+00 
 2.90486868039127e-09   0.00e+00 
 2.90539768591801e-09   0.00e+00 
 2.90592669640289e-09   0.00e+00 
 2.90645571184493e-09   0.00e+00 
 2.90698473224318e-09   0.00e+00 
 2.90751375759667e-09   0.00e+00 
 2.90804278790444e-09   0.00e+00 
 2.90857182316554e-09   0.00e+00 
 2.90910086337899e-09   0.00e+00 
 2.90962990854385e-09   0.00e+00 
 2.91015895865915e-09   0.00e+00 
 2.91068801372392e-09   0.00e+00 
 2.91121707373722e-09   0.00e+00 
 2.91174613869808e-09   0.00e+00 
 2.91227520860554e-09   0.00e+00 
 2.91280428345864e-09   0.00e+00 
 2.91333336325642e-09   0.00e+00 
 2.91386244799794e-09   0.00e+00 
 2.91439153768222e-09   0.00e+00 
 2.91492063230831e-09   0.00e+00 
 2.91544973187525e-09   0.00e+00 
 2.91597883638209e-09   0.00e+00 
 2.91650794582787e-09   0.00e+00 
 2.91703706021163e-09   0.00e+00 
 2.91756617953242e-09   0.00e+00 
 2.91809530378927e-09   0.00e+00 
 2.91862443298125e-09   0.00e+00 
 2.91915356710738e-09   0.00e+00 
 2.91968270616671e-09   0.00e+00 
 2.92021185015829e-09   0.00e+00 
 2.92074099908117e-09   0.00e+00 
 2.92127015293438e-09   0.00e+00 
 2.92179931171699e-09   0.00e+00 
 2.92232847542802e-09   0.00e+00 
 2.92285764406653e-09   0.00e+00 
 2.92338681763157e-09   0.00e+00 
 2.92391599612218e-09   0.00e+00 
 2.92444517953741e-09   0.00e+00 
 2.92497436787631e-09   0.00e+00 
 2.92550356113792e-09   0.00e+00 
 2.92603275932130e-09   0.00e+00 
 2.92656196242549e-09   0.00e+00 
 2.92709117044954e-09   0.00e+00 
 2.92762038339251e-09   0.00e+00 
 2.92814960125343e-09   0.00e+00 
 2.92867882403136e-09   0.00e+00 
 2.92920805172535e-09   0.00e+00 
 2.92973728433445e-09   0.00e+00 
 2.93026652185771e-09   0.00e+00 
 2.93079576429418e-09   0.00e+00 
 2.93132501164291e-09   0.00e+00 
 2.93185426390295e-09   0.00e+00 
 2.93238352107336e-09   0.00e+00 
 2.93291278315319e-09   0.00e+00 
 2.93344205014149e-09   0.00e+00 
 2.93397132203730e-09   0.00e+00 
 2.93450059883970e-09   0.00e+00 
 2.93502988054772e-09   0.00e+00 
 2.93555916716042e-09   0.00e+00 
 2.93608845867685e-09   0.00e+00 
 2.93661775509607e-09   0.00e+00 
 2.93714705641714e-09   0.00e+00 
 2.93767636263910e-09   0.00e+00 
 2.93820567376102e-09   0.00e+00 
 2.93873498978194e-09   0.00e+00 
 2.93926431070092e-09   0.00e+00 
 2.93979363651703e-09   0.00e+00 
 2.94032296722930e-09   0.00e+00 
 2.94085230283681e-09   0.00e+00 
 2.94138164333860e-09   0.00e+00 
 2.94191098873374e-09   0.00e+00 
 2.94244033902127e-09   0.00e+00 
 2.94296969420027e-09   0.00e+00 
 2.94349905426978e-09   0.00e+00 
 2.94402841922886e-09   0.00e+00 
 2.94455778907658e-09   0.00e+00 
 2.94508716381198e-09   0.00e+00 
 2.94561654343414e-09   0.00e+00 
 2.94614592794210e-09   0.00e+00 
 2.94667531733493e-09   0.00e+00 
 2.94720471161169e-09   0.00e+00 
 2.94773411077143e-09   0.00e+00 
 2.94826351481322e-09   0.00e+00 
 2.94879292373612e-09   0.00e+00 
 2.94932233753918e-09   0.00e+00 
 2.94985175622148e-09   0.00e+00 
 2.95038117978206e-09   0.00e+00 
 2.95091060822000e-09   0.00e+00 
 2.95144004153435e-09   0.00e+00 
 2.95196947972418e-09   0.00e+00 
 2.95249892278855e-09   0.00e+00 
 2.95302837072652e-09   0.00e+00 
 2.95355782353715e-09   0.00e+00 
 2.95408728121951e-09   0.00e+00 
 2.95461674377266e-09   0.00e+00 
 2.95514621119567e-09   0.00e+00 
 2.95567568348760e-09   0.00e+00 
 2.95620516064751e-09   0.00e+00 
 2.95673464267448e-09   0.00e+00 
 2.95726412956755e-09   0.00e+00 
 2.95779362132581e-09   0.00e+00 
 2.95832311794831e-09   0.00e+00 
 2.95885261943412e-09   0.00e+00 
 2.95938212578230e-09   0.00e+00 
 2.95991163699193e-09   0.00e+00 
 2.96044115306207e-09   0.00e+00 
 2.96097067399179e-09   0.00e+00 
 2.96150019978015e-09   0.00e+00 
 2.96202973042623e-09   0.00e+00 
 2.96255926592908e-09   0.00e+00 
 2.96308880628778e-09   0.00e+00 
 2.96361835150140e-09   0.00e+00 
 2.96414790156900e-09   0.00e+00 
 2.96467745648966e-09   0.00e+00 
 2.96520701626244e-09   0.00e+00 
 2.96573658088641e-09   0.00e+00 
 2.96626615036065e-09   0.00e+00 
 2.96679572468421e-09   0.00e+00 
 2.96732530385618e-09   0.00e+00 
 2.96785488787563e-09   0.00e+00 
 2.96838447674162e-09   0.00e+00 
 2.96891407045322e-09   0.00e+00 
 2.96944366900951e-09   0.00e+00 
 2.96997327240957e-09   0.00e+00 
 2.97050288065245e-09   0.00e+00 
 2.97103249373723e-09   0.00e+00 
 2.97156211166300e-09   0.00e+00 
 2.97209173442881e-09   0.00e+00 
 2.97262136203374e-09   0.00e+00 
 2.97315099447687e-09   0.00e+00 
 2.97368063175726e-09   0.00e+00 
 2.97421027387400e-09   0.00e+00 
 2.97473992082616e-09   0.00e+00 
 2.97526957261281e-09   0.00e+00 
 2.97579922923303e-09   0.00e+00 
 2.97632889068589e-09   0.00e+00 
 2.97685855697047e-09   0.00e+00 
 2.97738822808583e-09   0.00e+00 
 2.97791790403107e-09   0.00e+00 
 2.97844758480526e-09   0.00e+00 
 2.97897727040746e-09   0.00e+00 
 2.97950696083676e-09   0.00e+00 
 2.98003665609224e-09   0.00e+00 
 2.98056635617297e-09   0.00e+00 
 2.98109606107803e-09   0.00e+00 
 2.98162577080650e-09   0.00e+00 
 2.98215548535745e-09   0.00e+00 
 2.98268520472997e-09   0.00e+00 
 2.98321492892313e-09   0.00e+00 
 2.98374465793602e-09   0.00e+00 
 2.98427439176770e-09   0.00e+00 
 2.98480413041727e-09   0.00e+00 
 2.98533387388379e-09   0.00e+00 
 2.98586362216636e-09   0.00e+00 
 2.98639337526405e-09   0.00e+00 
 2.98692313317594e-09   0.00e+00 
 2.98745289590111e-09   0.00e+00 
 2.98798266343864e-09   0.00e+00 
 2.98851243578762e-09   0.00e+00 
 2.98904221294712e-09   0.00e+00 
 2.98957199491623e-09   0.00e+00 
 2.99010178169403e-09   0.00e+00 
 2.99063157327961e-09   0.00e+00 
 2.99116136967204e-09   0.00e+00 
 2.99169117087041e-09   0.00e+00 
 2.99222097687380e-09   0.00e+00 
 2.99275078768129e-09   0.00e+00 
 2.99328060329197e-09   0.00e+00 
 2.99381042370493e-09   0.00e+00 
 2.99434024891924e-09   0.00e+00 
 2.99487007893400e-09   0.00e+00 
 2.99539991374828e-09   0.00e+00 
 2.99592975336117e-09   0.00e+00 
 2.99645959777176e-09   0.00e+00 
 2.99698944697913e-09   0.00e+00 
 2.99751930098238e-09   0.00e+00 
 2.99804915978057e-09   0.00e+00 
 2.99857902337281e-09   0.00e+00 
 2.99910889175817e-09   0.00e+00 
 2.99963876493575e-09   0.00e+00 
 3.00016864290464e-09   0.00e+00 
 3.00069852566391e-09   0.00e+00 
 3.00122841321266e-09   0.00e+00 
 3.00175830554997e-09   0.00e+00 
 3.00228820267494e-09   0.00e+00 
 3.00281810458665e-09   0.00e+00 
 3.00334801128419e-09   0.00e+00 
 3.00387792276665e-09   0.00e+00 
 3.00440783903312e-09   0.00e+00 
 3.00493776008270e-09   0.00e+00 
 3.00546768591446e-09   0.00e+00 
 3.00599761652749e-09   0.00e+00 
 3.00652755192090e-09   0.00e+00 
 3.00705749209377e-09   0.00e+00 
 3.00758743704519e-09   0.00e+00 
 3.00811738677425e-09   0.00e+00 
 3.00864734128005e-09   0.00e+00 
 3.00917730056167e-09   0.00e+00 
 3.00970726461821e-09   0.00e+00 
 3.01023723344876e-09   0.00e+00 
 3.01076720705241e-09   0.00e+00 
 3.01129718542825e-09   0.00e+00 
 3.01182716857539e-09   0.00e+00 
 3.01235715649290e-09   0.00e+00 
 3.01288714917989e-09   0.00e+00 
 3.01341714663545e-09   0.00e+00 
 3.01394714885867e-09   0.00e+00 
 3.01447715584865e-09   0.00e+00 
 3.01500716760448e-09   0.00e+00 
 3.01553718412526e-09   0.00e+00 
 3.01606720541008e-09   0.00e+00 
 3.01659723145804e-09   0.00e+00 
 3.01712726226823e-09   0.00e+00 
 3.01765729783975e-09   0.00e+00 
 3.01818733817169e-09   0.00e+00 
 3.01871738326315e-09   0.00e+00 
 3.01924743311324e-09   0.00e+00 
 3.01977748772103e-09   0.00e+00 
 3.02030754708564e-09   0.00e+00 
 3.02083761120616e-09   0.00e+00 
 3.02136768008169e-09   0.00e+00 
 3.02189775371133e-09   0.00e+00 
 3.02242783209416e-09   0.00e+00 
 3.02295791522930e-09   0.00e+00 
 3.02348800311584e-09   0.00e+00 
 3.02401809575288e-09   0.00e+00 
 3.02454819313952e-09   0.00e+00 
 3.02507829527486e-09   0.00e+00 
 3.02560840215800e-09   0.00e+00 
 3.02613851378804e-09   0.00e+00 
 3.02666863016408e-09   0.00e+00 
 3.02719875128521e-09   0.00e+00 
 3.02772887715055e-09   0.00e+00 
 3.02825900775919e-09   0.00e+00 
 3.02878914311024e-09   0.00e+00 
 3.02931928320279e-09   0.00e+00 
 3.02984942803595e-09   0.00e+00 
 3.03037957760882e-09   0.00e+00 
 3.03090973192050e-09   0.00e+00 
 3.03143989097009e-09   0.00e+00 
 3.03197005475670e-09   0.00e+00 
 3.03250022327944e-09   0.00e+00 
 3.03303039653739e-09   0.00e+00 
 3.03356057452968e-09   0.00e+00 
 3.03409075725540e-09   0.00e+00 
 3.03462094471365e-09   0.00e+00 
 3.03515113690355e-09   0.00e+00 
 3.03568133382419e-09   0.00e+00 
 3.03621153547469e-09   0.00e+00 
 3.03674174185414e-09   0.00e+00 
 3.03727195296165e-09   0.00e+00 
 3.03780216879634e-09   0.00e+00 
 3.03833238935729e-09   0.00e+00 
 3.03886261464363e-09   0.00e+00 
 3.03939284465445e-09   0.00e+00 
 3.03992307938887e-09   0.00e+00 
 3.04045331884599e-09   0.00e+00 
 3.04098356302492e-09   0.00e+00 
 3.04151381192477e-09   0.00e+00 
 3.04204406554464e-09   0.00e+00 
 3.04257432388365e-09   0.00e+00 
 3.04310458694089e-09   0.00e+00 
 3.04363485471549e-09   0.00e+00 
 3.04416512720654e-09   0.00e+00 
 3.04469540441317e-09   0.00e+00 
 3.04522568633447e-09   0.00e+00 
 3.04575597296957e-09   0.00e+00 
 3.04628626431756e-09   0.00e+00 
 3.04681656037756e-09   0.00e+00 
 3.04734686114868e-09   0.00e+00 
 3.04787716663003e-09   0.00e+00 
 3.04840747682072e-09   0.00e+00 
 3.04893779171987e-09   0.00e+00 
 3.04946811132658e-09   0.00e+00 
 3.04999843563996e-09   0.00e+00 
 3.05052876465914e-09   0.00e+00 
 3.05105909838321e-09   0.00e+00 
 3.05158943681131e-09   0.00e+00 
 3.05211977994252e-09   0.00e+00 
 3.05265012777598e-09   0.00e+00 
 3.05318048031080e-09   0.00e+00 
 3.05371083754608e-09   0.00e+00 
 3.05424119948094e-09   0.00e+00 
 3.05477156611450e-09   0.00e+00 
 3.05530193744587e-09   0.00e+00 
 3.05583231347417e-09   0.00e+00 
 3.05636269419851e-09   0.00e+00 
 3.05689307961800e-09   0.00e+00 
 3.05742346973177e-09   0.00e+00 
 3.05795386453892e-09   0.00e+00 
 3.05848426403858e-09   0.00e+00 
 3.05901466822986e-09   0.00e+00 
 3.05954507711187e-09   0.00e+00 
 3.06007549068375e-09   0.00e+00 
 3.06060590894459e-09   0.00e+00 
 3.06113633189352e-09   0.00e+00 
 3.06166675952966e-09   0.00e+00 
 3.06219719185212e-09   0.00e+00 
 3.06272762886003e-09   0.00e+00 
 3.06325807055250e-09   0.00e+00 
 3.06378851692865e-09   0.00e+00 
 3.06431896798759e-09   0.00e+00 
 3.06484942372846e-09   0.00e+00 
 3.06537988415037e-09   0.00e+00 
 3.06591034925243e-09   0.00e+00 
 3.06644081903377e-09   0.00e+00 
 3.06697129349352e-09   0.00e+00 
 3.06750177263078e-09   0.00e+00 
 3.06803225644468e-09   0.00e+00 
 3.06856274493434e-09   0.00e+00 
 3.06909323809889e-09   0.00e+00 
 3.06962373593744e-09   0.00e+00 
 3.07015423844912e-09   0.00e+00 
 3.07068474563305e-09   0.00e+00 
 3.07121525748835e-09   0.00e+00 
 3.07174577401415e-09   0.00e+00 
 3.07227629520956e-09   0.00e+00 
 3.07280682107371e-09   0.00e+00 
 3.07333735160573e-09   0.00e+00 
 3.07386788680473e-09   0.00e+00 
 3.07439842666985e-09   0.00e+00 
 3.07492897120020e-09   0.00e+00 
 3.07545952039492e-09   0.00e+00 
 3.07599007425312e-09   0.00e+00 
 3.07652063277393e-09   0.00e+00 
 3.07705119595647e-09   0.00e+00 
 3.07758176379988e-09   0.00e+00 
 3.07811233630328e-09   0.00e+00 
 3.07864291346578e-09   0.00e+00 
 3.07917349528653e-09   0.00e+00 
 3.07970408176465e-09   0.00e+00 
 3.08023467289926e-09   0.00e+00 
 3.08076526868948e-09   0.00e+00 
 3.08129586913446e-09   0.00e+00 
 3.08182647423332e-09   0.00e+00 
 3.08235708398517e-09   0.00e+00 
 3.08288769838916e-09   0.00e+00 
 3.08341831744441e-09   0.00e+00 
 3.08394894115005e-09   0.00e+00 
 3.08447956950520e-09   0.00e+00 
 3.08501020250900e-09   0.00e+00 
 3.08554084016058e-09   0.00e+00 
 3.08607148245906e-09   0.00e+00 
 3.08660212940358e-09   0.00e+00 
 3.08713278099327e-09   0.00e+00 
 3.08766343722725e-09   0.00e+00 
 3.08819409810466e-09   0.00e+00 
 3.08872476362463e-09   0.00e+00 
 3.08925543378629e-09   0.00e+00 
 3.08978610858877e-09   0.00e+00 
 3.09031678803120e-09   0.00e+00 
 3.09084747211272e-09   0.00e+00 
 3.09137816083245e-09   0.00e+00 
 3.09190885418953e-09   0.00e+00 
 3.09243955218310e-09   0.00e+00 
 3.09297025481228e-09   0.00e+00 
 3.09350096207621e-09   0.00e+00 
 3.09403167397402e-09   0.00e+00 
 3.09456239050485e-09   0.00e+00 
 3.09509311166782e-09   0.00e+00 
 3.09562383746208e-09   0.00e+00 
 3.09615456788676e-09   0.00e+00 
 3.09668530294099e-09   0.00e+00 
 3.09721604262391e-09   0.00e+00 
 3.09774678693465e-09   0.00e+00 
 3.09827753587235e-09   0.00e+00 
 3.09880828943615e-09   0.00e+00 
 3.09933904762518e-09   0.00e+00 
 3.09986981043857e-09   0.00e+00 
 3.10040057787546e-09   0.00e+00 
 3.10093134993500e-09   0.00e+00 
 3.10146212661631e-09   0.00e+00 
 3.10199290791854e-09   0.00e+00 
 3.10252369384082e-09   0.00e+00 
 3.10305448438229e-09   0.00e+00 
 3.10358527954208e-09   0.00e+00 
 3.10411607931934e-09   0.00e+00 
 3.10464688371321e-09   0.00e+00 
 3.10517769272281e-09   0.00e+00 
 3.10570850634730e-09   0.00e+00 
 3.10623932458581e-09   0.00e+00 
 3.10677014743748e-09   0.00e+00 
 3.10730097490145e-09   0.00e+00 
 3.10783180697686e-09   0.00e+00 
 3.10836264366285e-09   0.00e+00 
 3.10889348495856e-09   0.00e+00 
 3.10942433086314e-09   0.00e+00 
 3.10995518137571e-09   0.00e+00 
 3.11048603649543e-09   0.00e+00 
 3.11101689622143e-09   0.00e+00 
 3.11154776055286e-09   0.00e+00 
 3.11207862948885e-09   0.00e+00 
 3.11260950302856e-09   0.00e+00 
 3.11314038117112e-09   0.00e+00 
 3.11367126391567e-09   0.00e+00 
 3.11420215126137e-09   0.00e+00 
 3.11473304320734e-09   0.00e+00 
 3.11526393975274e-09   0.00e+00 
 3.11579484089671e-09   0.00e+00 
 3.11632574663839e-09   0.00e+00 
 3.11685665697693e-09   0.00e+00 
 3.11738757191146e-09   0.00e+00 
 3.11791849144115e-09   0.00e+00 
 3.11844941556512e-09   0.00e+00 
 3.11898034428253e-09   0.00e+00 
 3.11951127759252e-09   0.00e+00 
 3.12004221549423e-09   0.00e+00 
 3.12057315798682e-09   0.00e+00 
 3.12110410506942e-09   0.00e+00 
 3.12163505674119e-09   0.00e+00 
 3.12216601300127e-09   0.00e+00 
 3.12269697384880e-09   0.00e+00 
 3.12322793928294e-09   0.00e+00 
 3.12375890930284e-09   0.00e+00 
 3.12428988390763e-09   0.00e+00 
 3.12482086309646e-09   0.00e+00 
 3.12535184686850e-09   0.00e+00 
 3.12588283522287e-09   0.00e+00 
 3.12641382815874e-09   0.00e+00 
 3.12694482567525e-09   0.00e+00 
 3.12747582777155e-09   0.00e+00 
 3.12800683444678e-09   0.00e+00 
 3.12853784570011e-09   0.00e+00 
 3.12906886153067e-09   0.00e+00 
 3.12959988193762e-09   0.00e+00 
 3.13013090692011e-09   0.00e+00 
 3.13066193647728e-09   0.00e+00 
 3.13119297060830e-09   0.00e+00 
 3.13172400931230e-09   0.00e+00 
 3.13225505258844e-09   0.00e+00 
 3.13278610043588e-09   0.00e+00 
 3.13331715285376e-09   0.00e+00 
 3.13384820984124e-09   0.00e+00 
 3.13437927139746e-09   0.00e+00 
 3.13491033752158e-09   0.00e+00 
 3.13544140821276e-09   0.00e+00 
 3.13597248347014e-09   0.00e+00 
 3.13650356329288e-09   0.00e+00 
 3.13703464768014e-09   0.00e+00 
 3.13756573663105e-09   0.00e+00 
 3.13809683014479e-09   0.00e+00 
 3.13862792822050e-09   0.00e+00 
 3.13915903085734e-09   0.00e+00 
 3.13969013805446e-09   0.00e+00 
 3.14022124981102e-09   0.00e+00 
 3.14075236612617e-09   0.00e+00 
 3.14128348699907e-09   0.00e+00 
 3.14181461242887e-09   0.00e+00 
 3.14234574241473e-09   0.00e+00 
 3.14287687695580e-09   0.00e+00 
 3.14340801605124e-09   0.00e+00 
 3.14393915970021e-09   0.00e+00 
 3.14447030790187e-09   0.00e+00 
 3.14500146065537e-09   0.00e+00 
 3.14553261795986e-09   0.00e+00 
 3.14606377981451e-09   0.00e+00 
 3.14659494621848e-09   0.00e+00 
 3.14712611717091e-09   0.00e+00 
 3.14765729267097e-09   0.00e+00 
 3.14818847271783e-09   0.00e+00 
 3.14871965731063e-09   0.00e+00 
 3.14925084644853e-09   0.00e+00 
 3.14978204013070e-09   0.00e+00 
 3.15031323835629e-09   0.00e+00 
 3.15084444112447e-09   0.00e+00 
 3.15137564843439e-09   0.00e+00 
 3.15190686028522e-09   0.00e+00 
 3.15243807667611e-09   0.00e+00 
 3.15296929760622e-09   0.00e+00 
 3.15350052307472e-09   0.00e+00 
 3.15403175308077e-09   0.00e+00 
 3.15456298762352e-09   0.00e+00 
 3.15509422670214e-09   0.00e+00 
 3.15562547031580e-09   0.00e+00 
 3.15615671846365e-09   0.00e+00 
 3.15668797114486e-09   0.00e+00 
 3.15721922835858e-09   0.00e+00 
 3.15775049010399e-09   0.00e+00 
 3.15828175638024e-09   0.00e+00 
 3.15881302718650e-09   0.00e+00 
 3.15934430252194e-09   0.00e+00 
 3.15987558238570e-09   0.00e+00 
 3.16040686677697e-09   0.00e+00 
 3.16093815569490e-09   0.00e+00 
 3.16146944913866e-09   0.00e+00 
 3.16200074710741e-09   0.00e+00 
 3.16253204960032e-09   0.00e+00 
 3.16306335661655e-09   0.00e+00 
 3.16359466815527e-09   0.00e+00 
 3.16412598421564e-09   0.00e+00 
 3.16465730479684e-09   0.00e+00 
 3.16518862989803e-09   0.00e+00 
 3.16571995951836e-09   0.00e+00 
 3.16625129365702e-09   0.00e+00 
 3.16678263231316e-09   0.00e+00 
 3.16731397548596e-09   0.00e+00 
 3.16784532317458e-09   0.00e+00 
 3.16837667537819e-09   0.00e+00 
 3.16890803209596e-09   0.00e+00 
 3.16943939332705e-09   0.00e+00 
 3.16997075907064e-09   0.00e+00 
 3.17050212932589e-09   0.00e+00 
 3.17103350409197e-09   0.00e+00 
 3.17156488336805e-09   0.00e+00 
 3.17209626715331e-09   0.00e+00 
 3.17262765544690e-09   0.00e+00 
 3.17315904824800e-09   0.00e+00 
 3.17369044555578e-09   0.00e+00 
 3.17422184736942e-09   0.00e+00 
 3.17475325368807e-09   0.00e+00 
 3.17528466451092e-09   0.00e+00 
 3.17581607983713e-09   0.00e+00 
 3.17634749966587e-09   0.00e+00 
 3.17687892399632e-09   0.00e+00 
 3.17741035282765e-09   0.00e+00 
 3.17794178615903e-09   0.00e+00 
 3.17847322398963e-09   0.00e+00 
 3.17900466631863e-09   0.00e+00 
 3.17953611314519e-09   0.00e+00 
 3.18006756446850e-09   0.00e+00 
 3.18059902028772e-09   0.00e+00 
 3.18113048060202e-09   0.00e+00 
 3.18166194541059e-09   0.00e+00 
 3.18219341471259e-09   0.00e+00 
 3.18272488850720e-09   0.00e+00 
 3.18325636679360e-09   0.00e+00 
 3.18378784957096e-09   0.00e+00 
 3.18431933683845e-09   0.00e+00 
 3.18485082859525e-09   0.00e+00 
 3.18538232484053e-09   0.00e+00 
 3.18591382557347e-09   0.00e+00 
 3.18644533079325e-09   0.00e+00 
 3.18697684049904e-09   0.00e+00 
 3.18750835469003e-09   0.00e+00 
 3.18803987336537e-09   0.00e+00 
 3.18857139652426e-09   0.00e+00 
 3.18910292416587e-09   0.00e+00 
 3.18963445628938e-09   0.00e+00 
 3.19016599289396e-09   0.00e+00 
 3.19069753397879e-09   0.00e+00 
 3.19122907954305e-09   0.00e+00 
 3.19176062958592e-09   0.00e+00 
 3.19229218410658e-09   0.00e+00 
 3.19282374310421e-09   0.00e+00 
 3.19335530657798e-09   0.00e+00 
 3.19388687452707e-09   0.00e+00 
 3.19441844695067e-09   0.00e+00 
 3.19495002384795e-09   0.00e+00 
 3.19548160521810e-09   0.00e+00 
 3.19601319106029e-09   0.00e+00 
 3.19654478137370e-09   0.00e+00 
 3.19707637615752e-09   0.00e+00 
 3.19760797541093e-09   0.00e+00 
 3.19813957913310e-09   0.00e+00 
 3.19867118732322e-09   0.00e+00 
 3.19920279998047e-09   0.00e+00 
 3.19973441710403e-09   0.00e+00 
 3.20026603869309e-09   0.00e+00 
 3.20079766474682e-09   0.00e+00 
 3.20132929526441e-09   0.00e+00 
 3.20186093024505e-09   0.00e+00 
 3.20239256968791e-09   0.00e+00 
 3.20292421359217e-09   0.00e+00 
 3.20345586195703e-09   0.00e+00 
 3.20398751478166e-09   0.00e+00 
 3.20451917206526e-09   0.00e+00 
 3.20505083380699e-09   0.00e+00 
 3.20558250000606e-09   0.00e+00 
 3.20611417066163e-09   0.00e+00 
 3.20664584577291e-09   0.00e+00 
 3.20717752533906e-09   0.00e+00 
 3.20770920935929e-09   0.00e+00 
 3.20824089783276e-09   0.00e+00 
 3.20877259075868e-09   0.00e+00 
 3.20930428813622e-09   0.00e+00 
 3.20983598996458e-09   0.00e+00 
 3.21036769624293e-09   0.00e+00 
 3.21089940697046e-09   0.00e+00 
 3.21143112214637e-09   0.00e+00 
 3.21196284176984e-09   0.00e+00 
 3.21249456584005e-09   0.00e+00 
 3.21302629435620e-09   0.00e+00 
 3.21355802731747e-09   0.00e+00 
 3.21408976472305e-09   0.00e+00 
 3.21462150657212e-09   0.00e+00 
 3.21515325286388e-09   0.00e+00 
 3.21568500359752e-09   0.00e+00 
 3.21621675877223e-09   0.00e+00 
 3.21674851838718e-09   0.00e+00 
 3.21728028244159e-09   0.00e+00 
 3.21781205093462e-09   0.00e+00 
 3.21834382386548e-09   0.00e+00 
 3.21887560123335e-09   0.00e+00 
 3.21940738303742e-09   0.00e+00 
 3.21993916927689e-09   0.00e+00 
 3.22047095995094e-09   0.00e+00 
 3.22100275505877e-09   0.00e+00 
 3.22153455459956e-09   0.00e+00 
 3.22206635857252e-09   0.00e+00 
 3.22259816697682e-09   0.00e+00 
 3.22312997981167e-09   0.00e+00 
 3.22366179707625e-09   0.00e+00 
 3.22419361876976e-09   0.00e+00 
 3.22472544489139e-09   0.00e+00 
 3.22525727544033e-09   0.00e+00 
 3.22578911041578e-09   0.00e+00 
 3.22632094981693e-09   0.00e+00 
 3.22685279364296e-09   0.00e+00 
 3.22738464189309e-09   0.00e+00 
 3.22791649456649e-09   0.00e+00 
 3.22844835166238e-09   0.00e+00 
 3.22898021317992e-09   0.00e+00 
 3.22951207911834e-09   0.00e+00 
 3.23004394947681e-09   0.00e+00 
 3.23057582425453e-09   0.00e+00 
 3.23110770345071e-09   0.00e+00 
 3.23163958706453e-09   0.00e+00 
 3.23217147509518e-09   0.00e+00 
 3.23270336754188e-09   0.00e+00 
 3.23323526440381e-09   0.00e+00 
 3.23376716568017e-09   0.00e+00 
 3.23429907137015e-09   0.00e+00 
 3.23483098147296e-09   0.00e+00 
 3.23536289598778e-09   0.00e+00 
 3.23589481491383e-09   0.00e+00 
 3.23642673825028e-09   0.00e+00 
 3.23695866599635e-09   0.00e+00 
 3.23749059815124e-09   0.00e+00 
 3.23802253471413e-09   0.00e+00 
 3.23855447568422e-09   0.00e+00 
 3.23908642106073e-09   0.00e+00 
 3.23961837084284e-09   0.00e+00 
 3.24015032502975e-09   0.00e+00 
 3.24068228362067e-09   0.00e+00 
 3.24121424661479e-09   0.00e+00 
 3.24174621401132e-09   0.00e+00 
 3.24227818580944e-09   0.00e+00 
 3.24281016200837e-09   0.00e+00 
 3.24334214260731e-09   0.00e+00 
 3.24387412760545e-09   0.00e+00 
 3.24440611700199e-09   0.00e+00 
 3.24493811079614e-09   0.00e+00 
 3.24547010898710e-09   0.00e+00 
 3.24600211157407e-09   0.00e+00 
 3.24653411855626e-09   0.00e+00 
 3.24706612993285e-09   0.00e+00 
 3.24759814570306e-09   0.00e+00 
 3.24813016586609e-09   0.00e+00 
 3.24866219042115e-09   0.00e+00 
 3.24919421936742e-09   0.00e+00 
 3.24972625270413e-09   0.00e+00 
 3.25025829043046e-09   0.00e+00 
 3.25079033254563e-09   0.00e+00 
 3.25132237904884e-09   0.00e+00 
 3.25185442993929e-09   0.00e+00 
 3.25238648521619e-09   0.00e+00 
 3.25291854487874e-09   0.00e+00 
 3.25345060892615e-09   0.00e+00 
 3.25398267735762e-09   0.00e+00 
 3.25451475017235e-09   0.00e+00 
 3.25504682736956e-09   0.00e+00 
 3.25557890894844e-09   0.00e+00 
 3.25611099490821e-09   0.00e+00 
 3.25664308524807e-09   0.00e+00 
 3.25717517996722e-09   0.00e+00 
 3.25770727906488e-09   0.00e+00 
 3.25823938254024e-09   0.00e+00 
 3.25877149039252e-09   0.00e+00 
 3.25930360262093e-09   0.00e+00 
 3.25983571922467e-09   0.00e+00 
 3.26036784020294e-09   0.00e+00 
 3.26089996555497e-09   0.00e+00 
 3.26143209527995e-09   0.00e+00 
 3.26196422937709e-09   0.00e+00 
 3.26249636784560e-09   0.00e+00 
 3.26302851068470e-09   0.00e+00 
 3.26356065789358e-09   0.00e+00 
 3.26409280947147e-09   0.00e+00 
 3.26462496541756e-09   0.00e+00 
 3.26515712573107e-09   0.00e+00 
 3.26568929041121e-09   0.00e+00 
 3.26622145945719e-09   0.00e+00 
 3.26675363286822e-09   0.00e+00 
 3.26728581064351e-09   0.00e+00 
 3.26781799278227e-09   0.00e+00 
 3.26835017928371e-09   0.00e+00 
 3.26888237014705e-09   0.00e+00 
 3.26941456537148e-09   0.00e+00 
 3.26994676495624e-09   0.00e+00 
 3.27047896890052e-09   0.00e+00 
 3.27101117720355e-09   0.00e+00 
 3.27154338986453e-09   0.00e+00 
 3.27207560688267e-09   0.00e+00 
 3.27260782825719e-09   0.00e+00 
 3.27314005398731e-09   0.00e+00 
 3.27367228407222e-09   0.00e+00 
 3.27420451851116e-09   0.00e+00 
 3.27473675730333e-09   0.00e+00 
 3.27526900044795e-09   0.00e+00 
 3.27580124794423e-09   0.00e+00 
 3.27633349979138e-09   0.00e+00 
 3.27686575598863e-09   0.00e+00 
 3.27739801653518e-09   0.00e+00 
 3.27793028143025e-09   0.00e+00 
 3.27846255067305e-09   0.00e+00 
 3.27899482426281e-09   0.00e+00 
 3.27952710219873e-09   0.00e+00 
 3.28005938448003e-09   0.00e+00 
 3.28059167110594e-09   0.00e+00 
 3.28112396207566e-09   0.00e+00 
 3.28165625738842e-09   0.00e+00 
 3.28218855704342e-09   0.00e+00 
 3.28272086103989e-09   0.00e+00 
 3.28325316937705e-09   0.00e+00 
 3.28378548205411e-09   0.00e+00 
 3.28431779907029e-09   0.00e+00 
 3.28485012042480e-09   0.00e+00 
 3.28538244611687e-09   0.00e+00 
 3.28591477614572e-09   0.00e+00 
 3.28644711051056e-09   0.00e+00 
 3.28697944921061e-09   0.00e+00 
 3.28751179224510e-09   0.00e+00 
 3.28804413961323e-09   0.00e+00 
 3.28857649131424e-09   0.00e+00 
 3.28910884734734e-09   0.00e+00 
 3.28964120771174e-09   0.00e+00 
 3.29017357240668e-09   0.00e+00 
 3.29070594143137e-09   0.00e+00 
 3.29123831478504e-09   0.00e+00 
 3.29177069246689e-09   0.00e+00 
 3.29230307447617e-09   0.00e+00 
 3.29283546081207e-09   0.00e+00 
 3.29336785147384e-09   0.00e+00 
 3.29390024646069e-09   0.00e+00 
 3.29443264577183e-09   0.00e+00 
 3.29496504940651e-09   0.00e+00 
 3.29549745736393e-09   0.00e+00 
 3.29602986964331e-09   0.00e+00 
 3.29656228624390e-09   0.00e+00 
 3.29709470716489e-09   0.00e+00 
 3.29762713240553e-09   0.00e+00 
 3.29815956196503e-09   0.00e+00 
 3.29869199584262e-09   0.00e+00 
 3.29922443403752e-09   0.00e+00 
 3.29975687654895e-09   0.00e+00 
 3.30028932337614e-09   0.00e+00 
 3.30082177451832e-09   0.00e+00 
 3.30135422997471e-09   0.00e+00 
 3.30188668974453e-09   0.00e+00 
 3.30241915382701e-09   0.00e+00 
 3.30295162222138e-09   0.00e+00 
 3.30348409492686e-09   0.00e+00 
 3.30401657194268e-09   0.00e+00 
 3.30454905326807e-09   0.00e+00 
 3.30508153890224e-09   0.00e+00 
 3.30561402884443e-09   0.00e+00 
 3.30614652309387e-09   0.00e+00 
 3.30667902164978e-09   0.00e+00 
 3.30721152451138e-09   0.00e+00 
 3.30774403167792e-09   0.00e+00 
 3.30827654314861e-09   0.00e+00 
 3.30880905892268e-09   0.00e+00 
 3.30934157899936e-09   0.00e+00 
 3.30987410337789e-09   0.00e+00 
 3.31040663205748e-09   0.00e+00 
 3.31093916503736e-09   0.00e+00 
 3.31147170231678e-09   0.00e+00 
 3.31200424389495e-09   0.00e+00 
 3.31253678977111e-09   0.00e+00 
 3.31306933994448e-09   0.00e+00 
 3.31360189441429e-09   0.00e+00 
 3.31413445317978e-09   0.00e+00 
 3.31466701624018e-09   0.00e+00 
 3.31519958359472e-09   0.00e+00 
 3.31573215524262e-09   0.00e+00 
 3.31626473118312e-09   0.00e+00 
 3.31679731141545e-09   0.00e+00 
 3.31732989593884e-09   0.00e+00 
 3.31786248475252e-09   0.00e+00 
 3.31839507785573e-09   0.00e+00 
 3.31892767524769e-09   0.00e+00 
 3.31946027692765e-09   0.00e+00 
 3.31999288289483e-09   0.00e+00 
 3.32052549314846e-09   0.00e+00 
 3.32105810768778e-09   0.00e+00 
 3.32159072651202e-09   0.00e+00 
 3.32212334962042e-09   0.00e+00 
 3.32265597701220e-09   0.00e+00 
 3.32318860868661e-09   0.00e+00 
 3.32372124464287e-09   0.00e+00 
 3.32425388488022e-09   0.00e+00 
 3.32478652939790e-09   0.00e+00 
 3.32531917819514e-09   0.00e+00 
 3.32585183127117e-09   0.00e+00 
 3.32638448862523e-09   0.00e+00 
 3.32691715025656e-09   0.00e+00 
 3.32744981616438e-09   0.00e+00 
 3.32798248634795e-09   0.00e+00 
 3.32851516080648e-09   0.00e+00 
 3.32904783953923e-09   0.00e+00 
 3.32958052254542e-09   0.00e+00 
 3.33011320982429e-09   0.00e+00 
 3.33064590137508e-09   0.00e+00 
 3.33117859719703e-09   0.00e+00 
 3.33171129728937e-09   0.00e+00 
 3.33224400165134e-09   0.00e+00 
 3.33277671028217e-09   0.00e+00 
 3.33330942318112e-09   0.00e+00 
 3.33384214034740e-09   0.00e+00 
 3.33437486178027e-09   0.00e+00 
 3.33490758747896e-09   0.00e+00 
 3.33544031744271e-09   0.00e+00 
 3.33597305167076e-09   0.00e+00 
 3.33650579016234e-09   0.00e+00 
 3.33703853291670e-09   0.00e+00 
 3.33757127993308e-09   0.00e+00 
 3.33810403121071e-09   0.00e+00 
 3.33863678674884e-09   0.00e+00 
 3.33916954654671e-09   0.00e+00 
 3.33970231060355e-09   0.00e+00 
 3.34023507891861e-09   0.00e+00 
 3.34076785149113e-09   0.00e+00 
 3.34130062832034e-09   0.00e+00 
 3.34183340940550e-09   0.00e+00 
 3.34236619474583e-09   0.00e+00 
 3.34289898434060e-09   0.00e+00 
 3.34343177818902e-09   0.00e+00 
 3.34396457629035e-09   0.00e+00 
 3.34449737864384e-09   0.00e+00 
 3.34503018524871e-09   0.00e+00 
 3.34556299610422e-09   0.00e+00 
 3.34609581120961e-09   0.00e+00 
 3.34662863056411e-09   0.00e+00 
 3.34716145416698e-09   0.00e+00 
 3.34769428201746e-09   0.00e+00 
 3.34822711411479e-09   0.00e+00 
 3.34875995045821e-09   0.00e+00 
 3.34929279104698e-09   0.00e+00 
 3.34982563588032e-09   0.00e+00 
 3.35035848495749e-09   0.00e+00 
 3.35089133827774e-09   0.00e+00 
 3.35142419584030e-09   0.00e+00 
 3.35195705764443e-09   0.00e+00 
 3.35248992368936e-09   0.00e+00 
 3.35302279397435e-09   0.00e+00 
 3.35355566849864e-09   0.00e+00 
 3.35408854726147e-09   0.00e+00 
 3.35462143026209e-09   0.00e+00 
 3.35515431749976e-09   0.00e+00 
 3.35568720897370e-09   0.00e+00 
 3.35622010468318e-09   0.00e+00 
 3.35675300462744e-09   0.00e+00 
 3.35728590880572e-09   0.00e+00 
 3.35781881721727e-09   0.00e+00 
 3.35835172986135e-09   0.00e+00 
 3.35888464673720e-09   0.00e+00 
 3.35941756784406e-09   0.00e+00 
 3.35995049318118e-09   0.00e+00 
 3.36048342274782e-09   0.00e+00 
 3.36101635654322e-09   0.00e+00 
 3.36154929456664e-09   0.00e+00 
 3.36208223681731e-09   0.00e+00 
 3.36261518329449e-09   0.00e+00 
 3.36314813399743e-09   0.00e+00 
 3.36368108892538e-09   0.00e+00 
 3.36421404807759e-09   0.00e+00 
 3.36474701145331e-09   0.00e+00 
 3.36527997905178e-09   0.00e+00 
 3.36581295087227e-09   0.00e+00 
 3.36634592691402e-09   0.00e+00 
 3.36687890717627e-09   0.00e+00 
 3.36741189165829e-09   0.00e+00 
 3.36794488035933e-09   0.00e+00 
 3.36847787327863e-09   0.00e+00 
 3.36901087041544e-09   0.00e+00 
 3.36954387176903e-09   0.00e+00 
 3.37007687733863e-09   0.00e+00 
 3.37060988712351e-09   0.00e+00 
 3.37114290112292e-09   0.00e+00 
 3.37167591933611e-09   0.00e+00 
 3.37220894176233e-09   0.00e+00 
 3.37274196840084e-09   0.00e+00 
 3.37327499925088e-09   0.00e+00 
 3.37380803431172e-09   0.00e+00 
 3.37434107358261e-09   0.00e+00 
 3.37487411706279e-09   0.00e+00 
 3.37540716475154e-09   0.00e+00 
 3.37594021664809e-09   0.00e+00 
 3.37647327275170e-09   0.00e+00 
 3.37700633306164e-09   0.00e+00 
 3.37753939757715e-09   0.00e+00 
 3.37807246629748e-09   0.00e+00 
 3.37860553922191e-09   0.00e+00 
 3.37913861634967e-09   0.00e+00 
 3.37967169768004e-09   0.00e+00 
 3.38020478321225e-09   0.00e+00 
 3.38073787294558e-09   0.00e+00 
 3.38127096687928e-09   0.00e+00 
 3.38180406501259e-09   0.00e+00 
 3.38233716734479e-09   0.00e+00 
 3.38287027387512e-09   0.00e+00 
 3.38340338460285e-09   0.00e+00 
 3.38393649952724e-09   0.00e+00 
 3.38446961864753e-09   0.00e+00 
 3.38500274196299e-09   0.00e+00 
 3.38553586947287e-09   0.00e+00 
 3.38606900117645e-09   0.00e+00 
 3.38660213707297e-09   0.00e+00 
 3.38713527716169e-09   0.00e+00 
 3.38766842144187e-09   0.00e+00 
 3.38820156991277e-09   0.00e+00 
 3.38873472257365e-09   0.00e+00 
 3.38926787942378e-09   0.00e+00 
 3.38980104046240e-09   0.00e+00 
 3.39033420568879e-09   0.00e+00 
 3.39086737510220e-09   0.00e+00 
 3.39140054870189e-09   0.00e+00 
 3.39193372648712e-09   0.00e+00 
 3.39246690845715e-09   0.00e+00 
 3.39300009461125e-09   0.00e+00 
 3.39353328494868e-09   0.00e+00 
 3.39406647946869e-09   0.00e+00 
 3.39459967817055e-09   0.00e+00 
 3.39513288105353e-09   0.00e+00 
 3.39566608811688e-09   0.00e+00 
 3.39619929935986e-09   0.00e+00 
 3.39673251478174e-09   0.00e+00 
 3.39726573438179e-09   0.00e+00 
 3.39779895815926e-09   0.00e+00 
 3.39833218611342e-09   0.00e+00 
 3.39886541824353e-09   0.00e+00 
 3.39939865454885e-09   0.00e+00 
 3.39993189502866e-09   0.00e+00 
 3.40046513968220e-09   0.00e+00 
 3.40099838850876e-09   0.00e+00 
 3.40153164150759e-09   0.00e+00 
 3.40206489867795e-09   0.00e+00 
 3.40259816001912e-09   0.00e+00 
 3.40313142553035e-09   0.00e+00 
 3.40366469521092e-09   0.00e+00 
 3.40419796906008e-09   0.00e+00 
 3.40473124707711e-09   0.00e+00 
 3.40526452926126e-09   0.00e+00 
 3.40579781561182e-09   0.00e+00 
 3.40633110612803e-09   0.00e+00 
 3.40686440080918e-09   0.00e+00 
 3.40739769965452e-09   0.00e+00 
 3.40793100266332e-09   0.00e+00 
 3.40846430983485e-09   0.00e+00 
 3.40899762116838e-09   0.00e+00 
 3.40953093666317e-09   0.00e+00 
 3.41006425631850e-09   0.00e+00 
 3.41059758013363e-09   0.00e+00 
 3.41113090810783e-09   0.00e+00 
 3.41166424024036e-09   0.00e+00 
 3.41219757653050e-09   0.00e+00 
 3.41273091697752e-09   0.00e+00 
 3.41326426158068e-09   0.00e+00 
 3.41379761033926e-09   0.00e+00 
 3.41433096325251e-09   0.00e+00 
 3.41486432031972e-09   0.00e+00 
 3.41539768154015e-09   0.00e+00 
 3.41593104691307e-09   0.00e+00 
 3.41646441643776e-09   0.00e+00 
 3.41699779011348e-09   0.00e+00 
 3.41753116793950e-09   0.00e+00 
 3.41806454991510e-09   0.00e+00 
 3.41859793603954e-09   0.00e+00 
 3.41913132631210e-09   0.00e+00 
 3.41966472073205e-09   0.00e+00 
 3.42019811929866e-09   0.00e+00 
 3.42073152201120e-09   0.00e+00 
 3.42126492886895e-09   0.00e+00 
 3.42179833987117e-09   0.00e+00 
 3.42233175501714e-09   0.00e+00 
 3.42286517430614e-09   0.00e+00 
 3.42339859773742e-09   0.00e+00 
 3.42393202531028e-09   0.00e+00 
 3.42446545702398e-09   0.00e+00 
 3.42499889287779e-09   0.00e+00 
 3.42553233287099e-09   0.00e+00 
 3.42606577700285e-09   0.00e+00 
 3.42659922527265e-09   0.00e+00 
 3.42713267767966e-09   0.00e+00 
 3.42766613422315e-09   0.00e+00 
 3.42819959490241e-09   0.00e+00 
 3.42873305971670e-09   0.00e+00 
 3.42926652866530e-09   0.00e+00 
 3.42980000174748e-09   0.00e+00 
 3.43033347896253e-09   0.00e+00 
 3.43086696030971e-09   0.00e+00 
 3.43140044578830e-09   0.00e+00 
 3.43193393539758e-09   0.00e+00 
 3.43246742913683e-09   0.00e+00 
 3.43300092700531e-09   0.00e+00 
 3.43353442900232e-09   0.00e+00 
 3.43406793512712e-09   0.00e+00 
 3.43460144537899e-09   0.00e+00 
 3.43513495975721e-09   0.00e+00 
 3.43566847826106e-09   0.00e+00 
 3.43620200088981e-09   0.00e+00 
 3.43673552764274e-09   0.00e+00 
 3.43726905851914e-09   0.00e+00 
 3.43780259351827e-09   0.00e+00 
 3.43833613263942e-09   0.00e+00 
 3.43886967588186e-09   0.00e+00 
 3.43940322324488e-09   0.00e+00 
 3.43993677472776e-09   0.00e+00 
 3.44047033032976e-09   0.00e+00 
 3.44100389005018e-09   0.00e+00 
 3.44153745388829e-09   0.00e+00 
 3.44207102184337e-09   0.00e+00 
 3.44260459391471e-09   0.00e+00 
 3.44313817010157e-09   0.00e+00 
 3.44367175040325e-09   0.00e+00 
 3.44420533481901e-09   0.00e+00 
 3.44473892334816e-09   0.00e+00 
 3.44527251598995e-09   0.00e+00 
 3.44580611274369e-09   0.00e+00 
 3.44633971360864e-09   0.00e+00 
 3.44687331858409e-09   0.00e+00 
 3.44740692766932e-09   0.00e+00 
 3.44794054086361e-09   0.00e+00 
 3.44847415816625e-09   0.00e+00 
 3.44900777957651e-09   0.00e+00 
 3.44954140509369e-09   0.00e+00 
 3.45007503471705e-09   0.00e+00 
 3.45060866844589e-09   0.00e+00 
 3.45114230627949e-09   0.00e+00 
 3.45167594821713e-09   0.00e+00 
 3.45220959425810e-09   0.00e+00 
 3.45274324440167e-09   0.00e+00 
 3.45327689864714e-09   0.00e+00 
 3.45381055699379e-09   0.00e+00 
 3.45434421944089e-09   0.00e+00 
 3.45487788598774e-09   0.00e+00 
 3.45541155663362e-09   0.00e+00 
 3.45594523137782e-09   0.00e+00 
 3.45647891021962e-09   0.00e+00 
 3.45701259315830e-09   0.00e+00 
 3.45754628019315e-09   0.00e+00 
 3.45807997132346e-09   0.00e+00 
 3.45861366654851e-09   0.00e+00 
 3.45914736586759e-09   0.00e+00 
 3.45968106927999e-09   0.00e+00 
 3.46021477678498e-09   0.00e+00 
 3.46074848838187e-09   0.00e+00 
 3.46128220406992e-09   0.00e+00 
 3.46181592384844e-09   0.00e+00 
 3.46234964771671e-09   0.00e+00 
 3.46288337567401e-09   0.00e+00 
 3.46341710771964e-09   0.00e+00 
 3.46395084385287e-09   0.00e+00 
 3.46448458407301e-09   0.00e+00 
 3.46501832837933e-09   0.00e+00 
 3.46555207677113e-09   0.00e+00 
 3.46608582924769e-09   0.00e+00 
 3.46661958580830e-09   0.00e+00 
 3.46715334645226e-09   0.00e+00 
 3.46768711117884e-09   0.00e+00 
 3.46822087998735e-09   0.00e+00 
 3.46875465287706e-09   0.00e+00 
 3.46928842984728e-09   0.00e+00 
 3.46982221089728e-09   0.00e+00 
 3.47035599602636e-09   0.00e+00 
 3.47088978523381e-09   0.00e+00 
 3.47142357851892e-09   0.00e+00 
 3.47195737588097e-09   0.00e+00 
 3.47249117731927e-09   0.00e+00 
 3.47302498283310e-09   0.00e+00 
 3.47355879242176e-09   0.00e+00 
 3.47409260608453e-09   0.00e+00 
 3.47462642382070e-09   0.00e+00 
 3.47516024562957e-09   0.00e+00 
 3.47569407151043e-09   0.00e+00 
 3.47622790146258e-09   0.00e+00 
 3.47676173548529e-09   0.00e+00 
 3.47729557357788e-09   0.00e+00 
 3.47782941573962e-09   0.00e+00 
 3.47836326196981e-09   0.00e+00 
 3.47889711226775e-09   0.00e+00 
 3.47943096663273e-09   0.00e+00 
 3.47996482506404e-09   0.00e+00 
 3.48049868756098e-09   0.00e+00 
 3.48103255412284e-09   0.00e+00 
 3.48156642474891e-09   0.00e+00 
 3.48210029943849e-09   0.00e+00 
 3.48263417819087e-09   0.00e+00 
 3.48316806100535e-09   0.00e+00 
 3.48370194788122e-09   0.00e+00 
 3.48423583881777e-09   0.00e+00 
 3.48476973381431e-09   0.00e+00 
 3.48530363287013e-09   0.00e+00 
 3.48583753598452e-09   0.00e+00 
 3.48637144315678e-09   0.00e+00 
 3.48690535438620e-09   0.00e+00 
 3.48743926967209e-09   0.00e+00 
 3.48797318901373e-09   0.00e+00 
 3.48850711241043e-09   0.00e+00 
 3.48904103986147e-09   0.00e+00 
 3.48957497136617e-09   0.00e+00 
 3.49010890692381e-09   0.00e+00 
 3.49064284653369e-09   0.00e+00 
 3.49117679019511e-09   0.00e+00 
 3.49171073790737e-09   0.00e+00 
 3.49224468966977e-09   0.00e+00 
 3.49277864548160e-09   0.00e+00 
 3.49331260534216e-09   0.00e+00 
 3.49384656925075e-09   0.00e+00 
 3.49438053720667e-09   0.00e+00 
 3.49491450920922e-09   0.00e+00 
 3.49544848525769e-09   0.00e+00 
 3.49598246535140e-09   0.00e+00 
 3.49651644948962e-09   0.00e+00 
 3.49705043767168e-09   0.00e+00 
 3.49758442989686e-09   0.00e+00 
 3.49811842616446e-09   0.00e+00 
 3.49865242647379e-09   0.00e+00 
 3.49918643082414e-09   0.00e+00 
 3.49972043921483e-09   0.00e+00 
 3.50025445164514e-09   0.00e+00 
 3.50078846811437e-09   0.00e+00 
 3.50132248862184e-09   0.00e+00 
 3.50185651316684e-09   0.00e+00 
 3.50239054174867e-09   0.00e+00 
 3.50292457436664e-09   0.00e+00 
 3.50345861102004e-09   0.00e+00 
 3.50399265170818e-09   0.00e+00 
 3.50452669643037e-09   0.00e+00 
 3.50506074518589e-09   0.00e+00 
 3.50559479797406e-09   0.00e+00 
 3.50612885479418e-09   0.00e+00 
 3.50666291564556e-09   0.00e+00 
 3.50719698052749e-09   0.00e+00 
 3.50773104943928e-09   0.00e+00 
 3.50826512238023e-09   0.00e+00 
 3.50879919934965e-09   0.00e+00 
 3.50933328034684e-09   0.00e+00 
 3.50986736537110e-09   0.00e+00 
 3.51040145442175e-09   0.00e+00 
 3.51093554749808e-09   0.00e+00 
 3.51146964459939e-09   0.00e+00 
 3.51200374572501e-09   0.00e+00 
 3.51253785087422e-09   0.00e+00 
 3.51307196004634e-09   0.00e+00 
 3.51360607324067e-09   0.00e+00 
 3.51414019045651e-09   0.00e+00 
 3.51467431169318e-09   0.00e+00 
 3.51520843694997e-09   0.00e+00 
 3.51574256622621e-09   0.00e+00 
 3.51627669952118e-09   0.00e+00 
 3.51681083683420e-09   0.00e+00 
 3.51734497816458e-09   0.00e+00 
 3.51787912351162e-09   0.00e+00 
 3.51841327287463e-09   0.00e+00 
 3.51894742625292e-09   0.00e+00 
 3.51948158364579e-09   0.00e+00 
 3.52001574505256e-09   0.00e+00 
 3.52054991047252e-09   0.00e+00 
 3.52108407990500e-09   0.00e+00 
 3.52161825334930e-09   0.00e+00 
 3.52215243080472e-09   0.00e+00 
 3.52268661227058e-09   0.00e+00 
 3.52322079774618e-09   0.00e+00 
 3.52375498723084e-09   0.00e+00 
 3.52428918072386e-09   0.00e+00 
 3.52482337822456e-09   0.00e+00 
 3.52535757973223e-09   0.00e+00 
 3.52589178524621e-09   0.00e+00 
 3.52642599476578e-09   0.00e+00 
 3.52696020829027e-09   0.00e+00 
 3.52749442581898e-09   0.00e+00 
 3.52802864735123e-09   0.00e+00 
 3.52856287288632e-09   0.00e+00 
 3.52909710242358e-09   0.00e+00 
 3.52963133596230e-09   0.00e+00 
 3.53016557350180e-09   0.00e+00 
 3.53069981504139e-09   0.00e+00 
 3.53123406058039e-09   0.00e+00 
 3.53176831011810e-09   0.00e+00 
 3.53230256365384e-09   0.00e+00 
 3.53283682118692e-09   0.00e+00 
 3.53337108271666e-09   0.00e+00 
 3.53390534824236e-09   0.00e+00 
 3.53443961776334e-09   0.00e+00 
 3.53497389127891e-09   0.00e+00 
 3.53550816878839e-09   0.00e+00 
 3.53604245029109e-09   0.00e+00 
 3.53657673578632e-09   0.00e+00 
 3.53711102527340e-09   0.00e+00 
 3.53764531875164e-09   0.00e+00 
 3.53817961622036e-09   0.00e+00 
 3.53871391767887e-09   0.00e+00 
 3.53924822312648e-09   0.00e+00 
 3.53978253256251e-09   0.00e+00 
 3.54031684598628e-09   0.00e+00 
 3.54085116339710e-09   0.00e+00 
 3.54138548479429e-09   0.00e+00 
 3.54191981017715e-09   0.00e+00 
 3.54245413954501e-09   0.00e+00 
 3.54298847289719e-09   0.00e+00 
 3.54352281023300e-09   0.00e+00 
 3.54405715155175e-09   0.00e+00 
 3.54459149685276e-09   0.00e+00 
 3.54512584613535e-09   0.00e+00 
 3.54566019939884e-09   0.00e+00 
 3.54619455664255e-09   0.00e+00 
 3.54672891786578e-09   0.00e+00 
 3.54726328306786e-09   0.00e+00 
 3.54779765224811e-09   0.00e+00 
 3.54833202540584e-09   0.00e+00 
 3.54886640254037e-09   0.00e+00 
 3.54940078365103e-09   0.00e+00 
 3.54993516873712e-09   0.00e+00 
 3.55046955779796e-09   0.00e+00 
 3.55100395083289e-09   0.00e+00 
 3.55153834784120e-09   0.00e+00 
 3.55207274882224e-09   0.00e+00 
 3.55260715377530e-09   0.00e+00 
 3.55314156269972e-09   0.00e+00 
 3.55367597559481e-09   0.00e+00 
 3.55421039245989e-09   0.00e+00 
 3.55474481329428e-09   0.00e+00 
 3.55527923809730e-09   0.00e+00 
 3.55581366686828e-09   0.00e+00 
 3.55634809960653e-09   0.00e+00 
 3.55688253631137e-09   0.00e+00 
 3.55741697698213e-09   0.00e+00 
 3.55795142161813e-09   0.00e+00 
 3.55848587021868e-09   0.00e+00 
 3.55902032278311e-09   0.00e+00 
 3.55955477931074e-09   0.00e+00 
 3.56008923980090e-09   0.00e+00 
 3.56062370425290e-09   0.00e+00 
 3.56115817266606e-09   0.00e+00 
 3.56169264503971e-09   0.00e+00 
 3.56222712137318e-09   0.00e+00 
 3.56276160166578e-09   0.00e+00 
 3.56329608591683e-09   0.00e+00 
 3.56383057412567e-09   0.00e+00 
 3.56436506629160e-09   0.00e+00 
 3.56489956241397e-09   0.00e+00 
 3.56543406249209e-09   0.00e+00 
 3.56596856652528e-09   0.00e+00 
 3.56650307451286e-09   0.00e+00 
 3.56703758645417e-09   0.00e+00 
 3.56757210234853e-09   0.00e+00 
 3.56810662219526e-09   0.00e+00 
 3.56864114599368e-09   0.00e+00 
 3.56917567374313e-09   0.00e+00 
 3.56971020544292e-09   0.00e+00 
 3.57024474109238e-09   0.00e+00 
 3.57077928069084e-09   0.00e+00 
 3.57131382423762e-09   0.00e+00 
 3.57184837173204e-09   0.00e+00 
 3.57238292317345e-09   0.00e+00 
 3.57291747856115e-09   0.00e+00 
 3.57345203789447e-09   0.00e+00 
 3.57398660117275e-09   0.00e+00 
 3.57452116839531e-09   0.00e+00 
 3.57505573956148e-09   0.00e+00 
 3.57559031467057e-09   0.00e+00 
 3.57612489372193e-09   0.00e+00 
 3.57665947671488e-09   0.00e+00 
 3.57719406364874e-09   0.00e+00 
 3.57772865452284e-09   0.00e+00 
 3.57826324933651e-09   0.00e+00 
 3.57879784808909e-09   0.00e+00 
 3.57933245077989e-09   0.00e+00 
 3.57986705740824e-09   0.00e+00 
 3.58040166797348e-09   0.00e+00 
 3.58093628247493e-09   0.00e+00 
 3.58147090091192e-09   0.00e+00 
 3.58200552328379e-09   0.00e+00 
 3.58254014958985e-09   0.00e+00 
 3.58307477982945e-09   0.00e+00 
 3.58360941400190e-09   0.00e+00 
 3.58414405210654e-09   0.00e+00 
 3.58467869414270e-09   0.00e+00 
 3.58521334010972e-09   0.00e+00 
 3.58574799000691e-09   0.00e+00 
 3.58628264383361e-09   0.00e+00 
 3.58681730158915e-09   0.00e+00 
 3.58735196327286e-09   0.00e+00 
 3.58788662888408e-09   0.00e+00 
 3.58842129842213e-09   0.00e+00 
 3.58895597188635e-09   0.00e+00 
 3.58949064927606e-09   0.00e+00 
 3.59002533059061e-09   0.00e+00 
 3.59056001582931e-09   0.00e+00 
 3.59109470499151e-09   0.00e+00 
 3.59162939807653e-09   0.00e+00 
 3.59216409508371e-09   0.00e+00 
 3.59269879601238e-09   0.00e+00 
 3.59323350086187e-09   0.00e+00 
 3.59376820963153e-09   0.00e+00 
 3.59430292232067e-09   0.00e+00 
 3.59483763892863e-09   0.00e+00 
 3.59537235945475e-09   0.00e+00 
 3.59590708389836e-09   0.00e+00 
 3.59644181225880e-09   0.00e+00 
 3.59697654453539e-09   0.00e+00 
 3.59751128072747e-09   0.00e+00 
 3.59804602083439e-09   0.00e+00 
 3.59858076485546e-09   0.00e+00 
 3.59911551279003e-09   0.00e+00 
 3.59965026463744e-09   0.00e+00 
 3.60018502039701e-09   0.00e+00 
 3.60071978006808e-09   0.00e+00 
 3.60125454364999e-09   0.00e+00 
 3.60178931114207e-09   0.00e+00 
 3.60232408254366e-09   0.00e+00 
 3.60285885785410e-09   0.00e+00 
 3.60339363707271e-09   0.00e+00 
 3.60392842019885e-09   0.00e+00 
 3.60446320723184e-09   0.00e+00 
 3.60499799817102e-09   0.00e+00 
 3.60553279301573e-09   0.00e+00 
 3.60606759176530e-09   0.00e+00 
 3.60660239441908e-09   0.00e+00 
 3.60713720097639e-09   0.00e+00 
 3.60767201143659e-09   0.00e+00 
 3.60820682579900e-09   0.00e+00 
 3.60874164406296e-09   0.00e+00 
 3.60927646622781e-09   0.00e+00 
 3.60981129229290e-09   0.00e+00 
 3.61034612225755e-09   0.00e+00 
 3.61088095612111e-09   0.00e+00 
 3.61141579388292e-09   0.00e+00 
 3.61195063554231e-09   0.00e+00 
 3.61248548109862e-09   0.00e+00 
 3.61302033055120e-09   0.00e+00 
 3.61355518389939e-09   0.00e+00 
 3.61409004114251e-09   0.00e+00 
 3.61462490227992e-09   0.00e+00 
 3.61515976731096e-09   0.00e+00 
 3.61569463623496e-09   0.00e+00 
 3.61622950905126e-09   0.00e+00 
 3.61676438575921e-09   0.00e+00 
 3.61729926635814e-09   0.00e+00 
 3.61783415084740e-09   0.00e+00 
 3.61836903922632e-09   0.00e+00 
 3.61890393149426e-09   0.00e+00 
 3.61943882765055e-09   0.00e+00 
 3.61997372769453e-09   0.00e+00 
 3.62050863162555e-09   0.00e+00 
 3.62104353944294e-09   0.00e+00 
 3.62157845114606e-09   0.00e+00 
 3.62211336673423e-09   0.00e+00 
 3.62264828620681e-09   0.00e+00 
 3.62318320956313e-09   0.00e+00 
 3.62371813680255e-09   0.00e+00 
 3.62425306792440e-09   0.00e+00 
 3.62478800292803e-09   0.00e+00 
 3.62532294181277e-09   0.00e+00 
 3.62585788457798e-09   0.00e+00 
 3.62639283122300e-09   0.00e+00 
 3.62692778174718e-09   0.00e+00 
 3.62746273614984e-09   0.00e+00 
 3.62799769443035e-09   0.00e+00 
 3.62853265658805e-09   0.00e+00 
 3.62906762262227e-09   0.00e+00 
 3.62960259253237e-09   0.00e+00 
 3.63013756631769e-09   0.00e+00 
 3.63067254397757e-09   0.00e+00 
 3.63120752551137e-09   0.00e+00 
 3.63174251091842e-09   0.00e+00 
 3.63227750019807e-09   0.00e+00 
 3.63281249334968e-09   0.00e+00 
 3.63334749037258e-09   0.00e+00 
 3.63388249126612e-09   0.00e+00 
 3.63441749602965e-09   0.00e+00 
 3.63495250466251e-09   0.00e+00 
 3.63548751716405e-09   0.00e+00 
 3.63602253353362e-09   0.00e+00 
 3.63655755377057e-09   0.00e+00 
 3.63709257787424e-09   0.00e+00 
 3.63762760584399e-09   0.00e+00 
 3.63816263767915e-09   0.00e+00 
 3.63869767337908e-09   0.00e+00 
 3.63923271294312e-09   0.00e+00 
 3.63976775637063e-09   0.00e+00 
 3.64030280366094e-09   0.00e+00 
 3.64083785481342e-09   0.00e+00 
 3.64137290982741e-09   0.00e+00 
 3.64190796870225e-09   0.00e+00 
 3.64244303143731e-09   0.00e+00 
 3.64297809803192e-09   0.00e+00 
 3.64351316848543e-09   0.00e+00 
 3.64404824279721e-09   0.00e+00 
 3.64458332096658e-09   0.00e+00 
 3.64511840299292e-09   0.00e+00 
 3.64565348887556e-09   0.00e+00 
 3.64618857861386e-09   0.00e+00 
 3.64672367220717e-09   0.00e+00 
 3.64725876965483e-09   0.00e+00 
 3.64779387095620e-09   0.00e+00 
 3.64832897611063e-09   0.00e+00 
 3.64886408511748e-09   0.00e+00 
 3.64939919797609e-09   0.00e+00 
 3.64993431468581e-09   0.00e+00 
 3.65046943524600e-09   0.00e+00 
 3.65100455965601e-09   0.00e+00 
 3.65153968791518e-09   0.00e+00 
 3.65207482002289e-09   0.00e+00 
 3.65260995597846e-09   0.00e+00 
 3.65314509578127e-09   0.00e+00 
 3.65368023943065e-09   0.00e+00 
 3.65421538692597e-09   0.00e+00 
 3.65475053826658e-09   0.00e+00 
 3.65528569345183e-09   0.00e+00 
 3.65582085248107e-09   0.00e+00 
 3.65635601535366e-09   0.00e+00 
 3.65689118206896e-09   0.00e+00 
 3.65742635262630e-09   0.00e+00 
 3.65796152702506e-09   0.00e+00 
 3.65849670526459e-09   0.00e+00 
 3.65903188734423e-09   0.00e+00 
 3.65956707326335e-09   0.00e+00 
 3.66010226302129e-09   0.00e+00 
 3.66063745661742e-09   0.00e+00 
 3.66117265405109e-09   0.00e+00 
 3.66170785532165e-09   0.00e+00 
 3.66224306042846e-09   0.00e+00 
 3.66277826937088e-09   0.00e+00 
 3.66331348214826e-09   0.00e+00 
 3.66384869875996e-09   0.00e+00 
 3.66438391920533e-09   0.00e+00 
 3.66491914348373e-09   0.00e+00 
 3.66545437159452e-09   0.00e+00 
 3.66598960353706e-09   0.00e+00 
 3.66652483931069e-09   0.00e+00 
 3.66706007891479e-09   0.00e+00 
 3.66759532234870e-09   0.00e+00 
 3.66813056961178e-09   0.00e+00 
 3.66866582070339e-09   0.00e+00 
 3.66920107562289e-09   0.00e+00 
 3.66973633436964e-09   0.00e+00 
 3.67027159694299e-09   0.00e+00 
 3.67080686334230e-09   0.00e+00 
 3.67134213356694e-09   0.00e+00 
 3.67187740761625e-09   0.00e+00 
 3.67241268548960e-09   0.00e+00 
 3.67294796718635e-09   0.00e+00 
 3.67348325270586e-09   0.00e+00 
 3.67401854204749e-09   0.00e+00 
 3.67455383521058e-09   0.00e+00 
 3.67508913219452e-09   0.00e+00 
 3.67562443299865e-09   0.00e+00 
 3.67615973762233e-09   0.00e+00 
 3.67669504606493e-09   0.00e+00 
 3.67723035832580e-09   0.00e+00 
 3.67776567440431e-09   0.00e+00 
 3.67830099429982e-09   0.00e+00 
 3.67883631801168e-09   0.00e+00 
 3.67937164553926e-09   0.00e+00 
 3.67990697688192e-09   0.00e+00 
 3.68044231203902e-09   0.00e+00 
 3.68097765100992e-09   0.00e+00 
 3.68151299379399e-09   0.00e+00 
 3.68204834039058e-09   0.00e+00 
 3.68258369079906e-09   0.00e+00 
 3.68311904501879e-09   0.00e+00 
 3.68365440304912e-09   0.00e+00 
 3.68418976488944e-09   0.00e+00 
 3.68472513053909e-09   0.00e+00 
 3.68526049999744e-09   0.00e+00 
 3.68579587326385e-09   0.00e+00 
 3.68633125033769e-09   0.00e+00 
 3.68686663121831e-09   0.00e+00 
 3.68740201590509e-09   0.00e+00 
 3.68793740439739e-09   0.00e+00 
 3.68847279669456e-09   0.00e+00 
 3.68900819279598e-09   0.00e+00 
 3.68954359270100e-09   0.00e+00 
 3.69007899640900e-09   0.00e+00 
 3.69061440391933e-09   0.00e+00 
 3.69114981523137e-09   0.00e+00 
 3.69168523034447e-09   0.00e+00 
 3.69222064925800e-09   0.00e+00 
 3.69275607197132e-09   0.00e+00 
 3.69329149848381e-09   0.00e+00 
 3.69382692879482e-09   0.00e+00 
 3.69436236290372e-09   0.00e+00 
 3.69489780080989e-09   0.00e+00 
 3.69543324251267e-09   0.00e+00 
 3.69596868801145e-09   0.00e+00 
 3.69650413730558e-09   0.00e+00 
 3.69703959039443e-09   0.00e+00 
 3.69757504727737e-09   0.00e+00 
 3.69811050795377e-09   0.00e+00 
 3.69864597242299e-09   0.00e+00 
 3.69918144068439e-09   0.00e+00 
 3.69971691273736e-09   0.00e+00 
 3.70025238858125e-09   0.00e+00 
 3.70078786821542e-09   0.00e+00 
 3.70132335163926e-09   0.00e+00 
 3.70185883885213e-09   0.00e+00 
 3.70239432985339e-09   0.00e+00 
 3.70292982464241e-09   0.00e+00 
 3.70346532321857e-09   0.00e+00 
 3.70400082558122e-09   0.00e+00 
 3.70453633172975e-09   0.00e+00 
 3.70507184166351e-09   0.00e+00 
 3.70560735538187e-09   0.00e+00 
 3.70614287288422e-09   0.00e+00 
 3.70667839416991e-09   0.00e+00 
 3.70721391923831e-09   0.00e+00 
 3.70774944808880e-09   0.00e+00 
 3.70828498072073e-09   0.00e+00 
 3.70882051713350e-09   0.00e+00 
 3.70935605732646e-09   0.00e+00 
 3.70989160129898e-09   0.00e+00 
 3.71042714905044e-09   0.00e+00 
 3.71096270058020e-09   0.00e+00 
 3.71149825588764e-09   0.00e+00 
 3.71203381497213e-09   0.00e+00 
 3.71256937783303e-09   0.00e+00 
 3.71310494446972e-09   0.00e+00 
 3.71364051488158e-09   0.00e+00 
 3.71417608906797e-09   0.00e+00 
 3.71471166702826e-09   0.00e+00 
 3.71524724876183e-09   0.00e+00 
 3.71578283426805e-09   0.00e+00 
 3.71631842354629e-09   0.00e+00 
 3.71685401659592e-09   0.00e+00 
 3.71738961341632e-09   0.00e+00 
 3.71792521400686e-09   0.00e+00 
 3.71846081836691e-09   0.00e+00 
 3.71899642649584e-09   0.00e+00 
 3.71953203839303e-09   0.00e+00 
 3.72006765405786e-09   0.00e+00 
 3.72060327348969e-09   0.00e+00 
 3.72113889668789e-09   0.00e+00 
 3.72167452365185e-09   0.00e+00 
 3.72221015438094e-09   0.00e+00 
 3.72274578887453e-09   0.00e+00 
 3.72328142713199e-09   0.00e+00 
 3.72381706915271e-09   0.00e+00 
 3.72435271493605e-09   0.00e+00 
 3.72488836448139e-09   0.00e+00 
 3.72542401778810e-09   0.00e+00 
 3.72595967485556e-09   0.00e+00 
 3.72649533568315e-09   0.00e+00 
 3.72703100027024e-09   0.00e+00 
 3.72756666861621e-09   0.00e+00 
 3.72810234072043e-09   0.00e+00 
 3.72863801658227e-09   0.00e+00 
 3.72917369620113e-09   0.00e+00 
 3.72970937957636e-09   0.00e+00 
 3.73024506670736e-09   0.00e+00 
 3.73078075759349e-09   0.00e+00 
 3.73131645223413e-09   0.00e+00 
 3.73185215062866e-09   0.00e+00 
 3.73238785277645e-09   0.00e+00 
 3.73292355867689e-09   0.00e+00 
 3.73345926832935e-09   0.00e+00 
 3.73399498173321e-09   0.00e+00 
 3.73453069888784e-09   0.00e+00 
 3.73506641979263e-09   0.00e+00 
 3.73560214444696e-09   0.00e+00 
 3.73613787285019e-09   0.00e+00 
 3.73667360500171e-09   0.00e+00 
 3.73720934090091e-09   0.00e+00 
 3.73774508054714e-09   0.00e+00 
 3.73828082393981e-09   0.00e+00 
 3.73881657107828e-09   0.00e+00 
 3.73935232196194e-09   0.00e+00 
 3.73988807659016e-09   0.00e+00 
 3.74042383496232e-09   0.00e+00 
 3.74095959707781e-09   0.00e+00 
 3.74149536293601e-09   0.00e+00 
 3.74203113253628e-09   0.00e+00 
 3.74256690587803e-09   0.00e+00 
 3.74310268296062e-09   0.00e+00 
 3.74363846378343e-09   0.00e+00 
 3.74417424834585e-09   0.00e+00 
 3.74471003664726e-09   0.00e+00 
 3.74524582868704e-09   0.00e+00 
 3.74578162446457e-09   0.00e+00 
 3.74631742397922e-09   0.00e+00 
 3.74685322723040e-09   0.00e+00 
 3.74738903421746e-09   0.00e+00 
 3.74792484493981e-09   0.00e+00 
 3.74846065939681e-09   0.00e+00 
 3.74899647758786e-09   0.00e+00 
 3.74953229951233e-09   0.00e+00 
 3.75006812516961e-09   0.00e+00 
 3.75060395455908e-09   0.00e+00 
 3.75113978768012e-09   0.00e+00 
 3.75167562453212e-09   0.00e+00 
 3.75221146511446e-09   0.00e+00 
 3.75274730942652e-09   0.00e+00 
 3.75328315746768e-09   0.00e+00 
 3.75381900923734e-09   0.00e+00 
 3.75435486473487e-09   0.00e+00 
 3.75489072395966e-09   0.00e+00 
 3.75542658691110e-09   0.00e+00 
 3.75596245358856e-09   0.00e+00 
 3.75649832399143e-09   0.00e+00 
 3.75703419811910e-09   0.00e+00 
 3.75757007597095e-09   0.00e+00 
 3.75810595754636e-09   0.00e+00 
 3.75864184284473e-09   0.00e+00 
 3.75917773186544e-09   0.00e+00 
 3.75971362460787e-09   0.00e+00 
 3.76024952107141e-09   0.00e+00 
 3.76078542125544e-09   0.00e+00 
 3.76132132515935e-09   0.00e+00 
 3.76185723278254e-09   0.00e+00 
 3.76239314412437e-09   0.00e+00 
 3.76292905918425e-09   0.00e+00 
 3.76346497796155e-09   0.00e+00 
 3.76400090045566e-09   0.00e+00 
 3.76453682666598e-09   0.00e+00 
 3.76507275659188e-09   0.00e+00 
 3.76560869023276e-09   0.00e+00 
 3.76614462758800e-09   0.00e+00 
 3.76668056865700e-09   0.00e+00 
 3.76721651343913e-09   0.00e+00 
 3.76775246193379e-09   0.00e+00 
 3.76828841414036e-09   0.00e+00 
 3.76882437005823e-09   0.00e+00 
 3.76936032968680e-09   0.00e+00 
 3.76989629302545e-09   0.00e+00 
 3.77043226007356e-09   0.00e+00 
 3.77096823083054e-09   0.00e+00 
 3.77150420529576e-09   0.00e+00 
 3.77204018346862e-09   0.00e+00 
 3.77257616534850e-09   0.00e+00 
 3.77311215093480e-09   0.00e+00 
 3.77364814022691e-09   0.00e+00 
 3.77418413322421e-09   0.00e+00 
 3.77472012992609e-09   0.00e+00 
 3.77525613033196e-09   0.00e+00 
 3.77579213444119e-09   0.00e+00 
 3.77632814225317e-09   0.00e+00 
 3.77686415376731e-09   0.00e+00 
 3.77740016898298e-09   0.00e+00 
 3.77793618789958e-09   0.00e+00 
 3.77847221051650e-09   0.00e+00 
 3.77900823683313e-09   0.00e+00 
 3.77954426684887e-09   0.00e+00 
 3.78008030056311e-09   0.00e+00 
 3.78061633797523e-09   0.00e+00 
 3.78115237908462e-09   0.00e+00 
 3.78168842389069e-09   0.00e+00 
 3.78222447239283e-09   0.00e+00 
 3.78276052459042e-09   0.00e+00 
 3.78329658048286e-09   0.00e+00 
 3.78383264006954e-09   0.00e+00 
 3.78436870334985e-09   0.00e+00 
 3.78490477032319e-09   0.00e+00 
 3.78544084098895e-09   0.00e+00 
 3.78597691534653e-09   0.00e+00 
 3.78651299339531e-09   0.00e+00 
 3.78704907513470e-09   0.00e+00 
 3.78758516056408e-09   0.00e+00 
 3.78812124968285e-09   0.00e+00 
 3.78865734249040e-09   0.00e+00 
 3.78919343898613e-09   0.00e+00 
 3.78972953916944e-09   0.00e+00 
 3.79026564303971e-09   0.00e+00 
 3.79080175059634e-09   0.00e+00 
 3.79133786183873e-09   0.00e+00 
 3.79187397676627e-09   0.00e+00 
 3.79241009537836e-09   0.00e+00 
 3.79294621767439e-09   0.00e+00 
 3.79348234365376e-09   0.00e+00 
 3.79401847331586e-09   0.00e+00 
 3.79455460666009e-09   0.00e+00 
 3.79509074368585e-09   0.00e+00 
 3.79562688439253e-09   0.00e+00 
 3.79616302877953e-09   0.00e+00 
 3.79669917684624e-09   0.00e+00 
 3.79723532859207e-09   0.00e+00 
 3.79777148401640e-09   0.00e+00 
 3.79830764311864e-09   0.00e+00 
 3.79884380589818e-09   0.00e+00 
 3.79937997235442e-09   0.00e+00 
 3.79991614248676e-09   0.00e+00 
 3.80045231629459e-09   0.00e+00 
 3.80098849377731e-09   0.00e+00 
 3.80152467493433e-09   0.00e+00 
 3.80206085976503e-09   0.00e+00 
 3.80259704826882e-09   0.00e+00 
 3.80313324044509e-09   0.00e+00 
 3.80366943629325e-09   0.00e+00 
 3.80420563581269e-09   0.00e+00 
 3.80474183900281e-09   0.00e+00 
 3.80527804586301e-09   0.00e+00 
 3.80581425639269e-09   0.00e+00 
 3.80635047059124e-09   0.00e+00 
 3.80688668845808e-09   0.00e+00 
 3.80742290999259e-09   0.00e+00 
 3.80795913519417e-09   0.00e+00 
 3.80849536406224e-09   0.00e+00 
 3.80903159659618e-09   0.00e+00 
 3.80956783279539e-09   0.00e+00 
 3.81010407265928e-09   0.00e+00 
 3.81064031618725e-09   0.00e+00 
 3.81117656337870e-09   0.00e+00 
 3.81171281423302e-09   0.00e+00 
 3.81224906874963e-09   0.00e+00 
 3.81278532692791e-09   0.00e+00 
 3.81332158876728e-09   0.00e+00 
 3.81385785426714e-09   0.00e+00 
 3.81439412342687e-09   0.00e+00 
 3.81493039624590e-09   0.00e+00 
 3.81546667272361e-09   0.00e+00 
 3.81600295285941e-09   0.00e+00 
 3.81653923665271e-09   0.00e+00 
 3.81707552410290e-09   0.00e+00 
 3.81761181520938e-09   0.00e+00 
 3.81814810997157e-09   0.00e+00 
 3.81868440838886e-09   0.00e+00 
 3.81922071046065e-09   0.00e+00 
 3.81975701618635e-09   0.00e+00 
 3.82029332556537e-09   0.00e+00 
 3.82082963859710e-09   0.00e+00 
 3.82136595528094e-09   0.00e+00 
 3.82190227561631e-09   0.00e+00 
 3.82243859960261e-09   0.00e+00 
 3.82297492723923e-09   0.00e+00 
 3.82351125852559e-09   0.00e+00 
 3.82404759346109e-09   0.00e+00 
 3.82458393204512e-09   0.00e+00 
 3.82512027427711e-09   0.00e+00 
 3.82565662015645e-09   0.00e+00 
 3.82619296968254e-09   0.00e+00 
 3.82672932285480e-09   0.00e+00 
 3.82726567967262e-09   0.00e+00 
 3.82780204013541e-09   0.00e+00 
 3.82833840424258e-09   0.00e+00 
 3.82887477199354e-09   0.00e+00 
 3.82941114338768e-09   0.00e+00 
 3.82994751842442e-09   0.00e+00 
 3.83048389710316e-09   0.00e+00 
 3.83102027942330e-09   0.00e+00 
 3.83155666538426e-09   0.00e+00 
 3.83209305498544e-09   0.00e+00 
 3.83262944822625e-09   0.00e+00 
 3.83316584510609e-09   0.00e+00 
 3.83370224562436e-09   0.00e+00 
 3.83423864978049e-09   0.00e+00 
 3.83477505757387e-09   0.00e+00 
 3.83531146900392e-09   0.00e+00 
 3.83584788407003e-09   0.00e+00 
 3.83638430277162e-09   0.00e+00 
 3.83692072510809e-09   0.00e+00 
 3.83745715107886e-09   0.00e+00 
 3.83799358068334e-09   0.00e+00 
 3.83853001392092e-09   0.00e+00 
 3.83906645079102e-09   0.00e+00 
 3.83960289129305e-09   0.00e+00 
 3.84013933542641e-09   0.00e+00 
 3.84067578319051e-09   0.00e+00 
 3.84121223458478e-09   0.00e+00 
 3.84174868960860e-09   0.00e+00 
 3.84228514826140e-09   0.00e+00 
 3.84282161054258e-09   0.00e+00 
 3.84335807645155e-09   0.00e+00 
 3.84389454598772e-09   0.00e+00 
 3.84443101915050e-09   0.00e+00 
 3.84496749593931e-09   0.00e+00 
 3.84550397635355e-09   0.00e+00 
 3.84604046039263e-09   0.00e+00 
 3.84657694805597e-09   0.00e+00 
 3.84711343934296e-09   0.00e+00 
 3.84764993425304e-09   0.00e+00 
 3.84818643278560e-09   0.00e+00 
 3.84872293494005e-09   0.00e+00 
 3.84925944071582e-09   0.00e+00 
 3.84979595011230e-09   0.00e+00 
 3.85033246312892e-09   0.00e+00 
 3.85086897976508e-09   0.00e+00 
 3.85140550002020e-09   0.00e+00 
 3.85194202389368e-09   0.00e+00 
 3.85247855138495e-09   0.00e+00 
 3.85301508249340e-09   0.00e+00 
 3.85355161721847e-09   0.00e+00 
 3.85408815555955e-09   0.00e+00 
 3.85462469751606e-09   0.00e+00 
 3.85516124308742e-09   0.00e+00 
 3.85569779227303e-09   0.00e+00 
 3.85623434507231e-09   0.00e+00 
 3.85677090148468e-09   0.00e+00 
 3.85730746150955e-09   0.00e+00 
 3.85784402514633e-09   0.00e+00 
 3.85838059239443e-09   0.00e+00 
 3.85891716325327e-09   0.00e+00 
 3.85945373772227e-09   0.00e+00 
 3.85999031580083e-09   0.00e+00 
 3.86052689748838e-09   0.00e+00 
 3.86106348278433e-09   0.00e+00 
 3.86160007168809e-09   0.00e+00 
 3.86213666419908e-09   0.00e+00 
 3.86267326031671e-09   0.00e+00 
 3.86320986004039e-09   0.00e+00 
 3.86374646336955e-09   0.00e+00 
 3.86428307030361e-09   0.00e+00 
 3.86481968084196e-09   0.00e+00 
 3.86535629498404e-09   0.00e+00 
 3.86589291272926e-09   0.00e+00 
 3.86642953407703e-09   0.00e+00 
 3.86696615902677e-09   0.00e+00 
 3.86750278757789e-09   0.00e+00 
 3.86803941972982e-09   0.00e+00 
 3.86857605548197e-09   0.00e+00 
 3.86911269483376e-09   0.00e+00 
 3.86964933778460e-09   0.00e+00 
 3.87018598433391e-09   0.00e+00 
 3.87072263448112e-09   0.00e+00 
 3.87125928822563e-09   0.00e+00 
 3.87179594556686e-09   0.00e+00 
 3.87233260650424e-09   0.00e+00 
 3.87286927103717e-09   0.00e+00 
 3.87340593916509e-09   0.00e+00 
 3.87394261088740e-09   0.00e+00 
 3.87447928620354e-09   0.00e+00 
 3.87501596511290e-09   0.00e+00 
 3.87555264761492e-09   0.00e+00 
 3.87608933370901e-09   0.00e+00 
 3.87662602339459e-09   0.00e+00 
 3.87716271667109e-09   0.00e+00 
 3.87769941353791e-09   0.00e+00 
 3.87823611399448e-09   0.00e+00 
 3.87877281804023e-09   0.00e+00 
 3.87930952567456e-09   0.00e+00 
 3.87984623689690e-09   0.00e+00 
 3.88038295170667e-09   0.00e+00 
 3.88091967010330e-09   0.00e+00 
 3.88145639208619e-09   0.00e+00 
 3.88199311765477e-09   0.00e+00 
 3.88252984680847e-09   0.00e+00 
 3.88306657954670e-09   0.00e+00 
 3.88360331586888e-09   0.00e+00 
 3.88414005577444e-09   0.00e+00 
 3.88467679926280e-09   0.00e+00 
 3.88521354633337e-09   0.00e+00 
 3.88575029698559e-09   0.00e+00 
 3.88628705121886e-09   0.00e+00 
 3.88682380903262e-09   0.00e+00 
 3.88736057042629e-09   0.00e+00 
 3.88789733539929e-09   0.00e+00 
 3.88843410395103e-09   0.00e+00 
 3.88897087608095e-09   0.00e+00 
 3.88950765178847e-09   0.00e+00 
 3.89004443107300e-09   0.00e+00 
 3.89058121393398e-09   0.00e+00 
 3.89111800037082e-09   0.00e+00 
 3.89165479038296e-09   0.00e+00 
 3.89219158396980e-09   0.00e+00 
 3.89272838113078e-09   0.00e+00 
 3.89326518186532e-09   0.00e+00 
 3.89380198617284e-09   0.00e+00 
 3.89433879405277e-09   0.00e+00 
 3.89487560550453e-09   0.00e+00 
 3.89541242052755e-09   0.00e+00 
 3.89594923912125e-09   0.00e+00 
 3.89648606128505e-09   0.00e+00 
 3.89702288701839e-09   0.00e+00 
 3.89755971632067e-09   0.00e+00 
 3.89809654919134e-09   0.00e+00 
 3.89863338562982e-09   0.00e+00 
 3.89917022563552e-09   0.00e+00 
 3.89970706920788e-09   0.00e+00 
 3.90024391634632e-09   0.00e+00 
 3.90078076705027e-09   0.00e+00 
 3.90131762131916e-09   0.00e+00 
 3.90185447915240e-09   0.00e+00 
 3.90239134054943e-09   0.00e+00 
 3.90292820550968e-09   0.00e+00 
 3.90346507403256e-09   0.00e+00 
 3.90400194611751e-09   0.00e+00 
 3.90453882176395e-09   0.00e+00 
 3.90507570097130e-09   0.00e+00 
 3.90561258373901e-09   0.00e+00 
 3.90614947006649e-09   0.00e+00 
 3.90668635995318e-09   0.00e+00 
 3.90722325339849e-09   0.00e+00 
 3.90776015040186e-09   0.00e+00 
 3.90829705096271e-09   0.00e+00 
 3.90883395508047e-09   0.00e+00 
 3.90937086275458e-09   0.00e+00 
 3.90990777398445e-09   0.00e+00 
 3.91044468876952e-09   0.00e+00 
 3.91098160710922e-09   0.00e+00 
 3.91151852900297e-09   0.00e+00 
 3.91205545445021e-09   0.00e+00 
 3.91259238345036e-09   0.00e+00 
 3.91312931600285e-09   0.00e+00 
 3.91366625210711e-09   0.00e+00 
 3.91420319176257e-09   0.00e+00 
 3.91474013496866e-09   0.00e+00 
 3.91527708172481e-09   0.00e+00 
 3.91581403203046e-09   0.00e+00 
 3.91635098588502e-09   0.00e+00 
 3.91688794328792e-09   0.00e+00 
 3.91742490423862e-09   0.00e+00 
 3.91796186873652e-09   0.00e+00 
 3.91849883678106e-09   0.00e+00 
 3.91903580837167e-09   0.00e+00 
 3.91957278350778e-09   0.00e+00 
 3.92010976218883e-09   0.00e+00 
 3.92064674441424e-09   0.00e+00 
 3.92118373018345e-09   0.00e+00 
 3.92172071949588e-09   0.00e+00 
 3.92225771235098e-09   0.00e+00 
 3.92279470874816e-09   0.00e+00 
 3.92333170868687e-09   0.00e+00 
 3.92386871216653e-09   0.00e+00 
 3.92440571918657e-09   0.00e+00 
 3.92494272974644e-09   0.00e+00 
 3.92547974384556e-09   0.00e+00 
 3.92601676148336e-09   0.00e+00 
 3.92655378265927e-09   0.00e+00 
 3.92709080737274e-09   0.00e+00 
 3.92762783562319e-09   0.00e+00 
 3.92816486741005e-09   0.00e+00 
 3.92870190273276e-09   0.00e+00 
 3.92923894159075e-09   0.00e+00 
 3.92977598398346e-09   0.00e+00 
 3.93031302991031e-09   0.00e+00 
 3.93085007937075e-09   0.00e+00 
 3.93138713236421e-09   0.00e+00 
 3.93192418889011e-09   0.00e+00 
 3.93246124894791e-09   0.00e+00 
 3.93299831253702e-09   0.00e+00 
 3.93353537965688e-09   0.00e+00 
 3.93407245030694e-09   0.00e+00 
 3.93460952448662e-09   0.00e+00 
 3.93514660219535e-09   0.00e+00 
 3.93568368343258e-09   0.00e+00 
 3.93622076819773e-09   0.00e+00 
 3.93675785649025e-09   0.00e+00 
 3.93729494830957e-09   0.00e+00 
 3.93783204365512e-09   0.00e+00 
 3.93836914252635e-09   0.00e+00 
 3.93890624492268e-09   0.00e+00 
 3.93944335084356e-09   0.00e+00 
 3.93998046028841e-09   0.00e+00 
 3.94051757325668e-09   0.00e+00 
 3.94105468974780e-09   0.00e+00 
 3.94159180976120e-09   0.00e+00 
 3.94212893329634e-09   0.00e+00 
 3.94266606035263e-09   0.00e+00 
 3.94320319092952e-09   0.00e+00 
 3.94374032502645e-09   0.00e+00 
 3.94427746264285e-09   0.00e+00 
 3.94481460377816e-09   0.00e+00 
 3.94535174843182e-09   0.00e+00 
 3.94588889660327e-09   0.00e+00 
 3.94642604829193e-09   0.00e+00 
 3.94696320349726e-09   0.00e+00 
 3.94750036221870e-09   0.00e+00 
 3.94803752445566e-09   0.00e+00 
 3.94857469020761e-09   0.00e+00 
 3.94911185947397e-09   0.00e+00 
 3.94964903225419e-09   0.00e+00 
 3.95018620854770e-09   0.00e+00 
 3.95072338835394e-09   0.00e+00 
 3.95126057167235e-09   0.00e+00 
 3.95179775850237e-09   0.00e+00 
 3.95233494884344e-09   0.00e+00 
 3.95287214269500e-09   0.00e+00 
 3.95340934005649e-09   0.00e+00 
 3.95394654092734e-09   0.00e+00 
 3.95448374530701e-09   0.00e+00 
 3.95502095319492e-09   0.00e+00 
 3.95555816459052e-09   0.00e+00 
 3.95609537949326e-09   0.00e+00 
 3.95663259790256e-09   0.00e+00 
 3.95716981981787e-09   0.00e+00 
 3.95770704523863e-09   0.00e+00 
 3.95824427416429e-09   0.00e+00 
 3.95878150659428e-09   0.00e+00 
 3.95931874252804e-09   0.00e+00 
 3.95985598196502e-09   0.00e+00 
 3.96039322490465e-09   0.00e+00 
 3.96093047134639e-09   0.00e+00 
 3.96146772128966e-09   0.00e+00 
 3.96200497473392e-09   0.00e+00 
 3.96254223167861e-09   0.00e+00 
 3.96307949212316e-09   0.00e+00 
 3.96361675606702e-09   0.00e+00 
 3.96415402350963e-09   0.00e+00 
 3.96469129445043e-09   0.00e+00 
 3.96522856888887e-09   0.00e+00 
 3.96576584682440e-09   0.00e+00 
 3.96630312825644e-09   0.00e+00 
 3.96684041318446e-09   0.00e+00 
 3.96737770160788e-09   0.00e+00 
 3.96791499352615e-09   0.00e+00 
 3.96845228893872e-09   0.00e+00 
 3.96898958784503e-09   0.00e+00 
 3.96952689024453e-09   0.00e+00 
 3.97006419613666e-09   0.00e+00 
 3.97060150552085e-09   0.00e+00 
 3.97113881839657e-09   0.00e+00 
 3.97167613476324e-09   0.00e+00 
 3.97221345462033e-09   0.00e+00 
 3.97275077796726e-09   0.00e+00 
 3.97328810480349e-09   0.00e+00 
 3.97382543512846e-09   0.00e+00 
 3.97436276894162e-09   0.00e+00 
 3.97490010624240e-09   0.00e+00 
 3.97543744703027e-09   0.00e+00 
 3.97597479130466e-09   0.00e+00 
 3.97651213906501e-09   0.00e+00 
 3.97704949031078e-09   0.00e+00 
 3.97758684504141e-09   0.00e+00 
 3.97812420325634e-09   0.00e+00 
 3.97866156495503e-09   0.00e+00 
 3.97919893013692e-09   0.00e+00 
 3.97973629880145e-09   0.00e+00 
 3.98027367094807e-09   0.00e+00 
 3.98081104657624e-09   0.00e+00 
 3.98134842568538e-09   0.00e+00 
 3.98188580827496e-09   0.00e+00 
 3.98242319434443e-09   0.00e+00 
 3.98296058389321e-09   0.00e+00 
 3.98349797692078e-09   0.00e+00 
 3.98403537342657e-09   0.00e+00 
 3.98457277341003e-09   0.00e+00 
 3.98511017687061e-09   0.00e+00 
 3.98564758380775e-09   0.00e+00 
 3.98618499422091e-09   0.00e+00 
 3.98672240810954e-09   0.00e+00 
 3.98725982547308e-09   0.00e+00 
 3.98779724631098e-09   0.00e+00 
 3.98833467062269e-09   0.00e+00 
 3.98887209840765e-09   0.00e+00 
 3.98940952966533e-09   0.00e+00 
 3.98994696439517e-09   0.00e+00 
 3.99048440259661e-09   0.00e+00 
 3.99102184426911e-09   0.00e+00 
 3.99155928941211e-09   0.00e+00 
 3.99209673802507e-09   0.00e+00 
 3.99263419010744e-09   0.00e+00 
 3.99317164565866e-09   0.00e+00 
 3.99370910467818e-09   0.00e+00 
 3.99424656716546e-09   0.00e+00 
 3.99478403311995e-09   0.00e+00 
 3.99532150254110e-09   0.00e+00 
 3.99585897542836e-09   0.00e+00 
 3.99639645178118e-09   0.00e+00 
 3.99693393159900e-09   0.00e+00 
 3.99747141488129e-09   0.00e+00 
 3.99800890162749e-09   0.00e+00 
 3.99854639183706e-09   0.00e+00 
 3.99908388550944e-09   0.00e+00 
 3.99962138264409e-09   0.00e+00 
 4.00015888324046e-09   0.00e+00 
 4.00069638729800e-09   0.00e+00 
 4.00123389481617e-09   0.00e+00 
 4.00177140579442e-09   0.00e+00 
 4.00230892023219e-09   0.00e+00 
 4.00284643812895e-09   0.00e+00 
 4.00338395948413e-09   0.00e+00 
 4.00392148429721e-09   0.00e+00 
 4.00445901256763e-09   0.00e+00 
 4.00499654429484e-09   0.00e+00 
 4.00553407947830e-09   0.00e+00 
 4.00607161811746e-09   0.00e+00 
 4.00660916021177e-09   0.00e+00 
 4.00714670576069e-09   0.00e+00 
 4.00768425476367e-09   0.00e+00 
 4.00822180722017e-09   0.00e+00 
 4.00875936312964e-09   0.00e+00 
 4.00929692249153e-09   0.00e+00 
 4.00983448530530e-09   0.00e+00 
 4.01037205157040e-09   0.00e+00 
 4.01090962128629e-09   0.00e+00 
 4.01144719445242e-09   0.00e+00 
 4.01198477106825e-09   0.00e+00 
 4.01252235113323e-09   0.00e+00 
 4.01305993464682e-09   0.00e+00 
 4.01359752160847e-09   0.00e+00 
 4.01413511201764e-09   0.00e+00 
 4.01467270587379e-09   0.00e+00 
 4.01521030317637e-09   0.00e+00 
 4.01574790392483e-09   0.00e+00 
 4.01628550811864e-09   0.00e+00 
 4.01682311575724e-09   0.00e+00 
 4.01736072684010e-09   0.00e+00 
 4.01789834136667e-09   0.00e+00 
 4.01843595933641e-09   0.00e+00 
 4.01897358074877e-09   0.00e+00 
 4.01951120560322e-09   0.00e+00 
 4.02004883389920e-09   0.00e+00 
 4.02058646563618e-09   0.00e+00 
 4.02112410081361e-09   0.00e+00 
 4.02166173943095e-09   0.00e+00 
 4.02219938148766e-09   0.00e+00 
 4.02273702698320e-09   0.00e+00 
 4.02327467591701e-09   0.00e+00 
 4.02381232828857e-09   0.00e+00 
 4.02434998409733e-09   0.00e+00 
 4.02488764334275e-09   0.00e+00 
 4.02542530602428e-09   0.00e+00 
 4.02596297214138e-09   0.00e+00 
 4.02650064169352e-09   0.00e+00 
 4.02703831468015e-09   0.00e+00 
 4.02757599110073e-09   0.00e+00 
 4.02811367095473e-09   0.00e+00 
 4.02865135424159e-09   0.00e+00 
 4.02918904096077e-09   0.00e+00 
 4.02972673111175e-09   0.00e+00 
 4.03026442469397e-09   0.00e+00 
 4.03080212170690e-09   0.00e+00 
 4.03133982214999e-09   0.00e+00 
 4.03187752602272e-09   0.00e+00 
 4.03241523332453e-09   0.00e+00 
 4.03295294405489e-09   0.00e+00 
 4.03349065821325e-09   0.00e+00 
 4.03402837579909e-09   0.00e+00 
 4.03456609681185e-09   0.00e+00 
 4.03510382125100e-09   0.00e+00 
 4.03564154911600e-09   0.00e+00 
 4.03617928040631e-09   0.00e+00 
 4.03671701512139e-09   0.00e+00 
 4.03725475326071e-09   0.00e+00 
 4.03779249482372e-09   0.00e+00 
 4.03833023980989e-09   0.00e+00 
 4.03886798821868e-09   0.00e+00 
 4.03940574004955e-09   0.00e+00 
 4.03994349530196e-09   0.00e+00 
 4.04048125397537e-09   0.00e+00 
 4.04101901606925e-09   0.00e+00 
 4.04155678158306e-09   0.00e+00 
 4.04209455051626e-09   0.00e+00 
 4.04263232286831e-09   0.00e+00 
 4.04317009863868e-09   0.00e+00 
 4.04370787782683e-09   0.00e+00 
 4.04424566043222e-09   0.00e+00 
 4.04478344645432e-09   0.00e+00 
 4.04532123589258e-09   0.00e+00 
 4.04585902874648e-09   0.00e+00 
 4.04639682501547e-09   0.00e+00 
 4.04693462469902e-09   0.00e+00 
 4.04747242779660e-09   0.00e+00 
 4.04801023430766e-09   0.00e+00 
 4.04854804423167e-09   0.00e+00 
 4.04908585756809e-09   0.00e+00 
 4.04962367431640e-09   0.00e+00 
 4.05016149447605e-09   0.00e+00 
 4.05069931804651e-09   0.00e+00 
 4.05123714502724e-09   0.00e+00 
 4.05177497541771e-09   0.00e+00 
 4.05231280921738e-09   0.00e+00 
 4.05285064642572e-09   0.00e+00 
 4.05338848704220e-09   0.00e+00 
 4.05392633106627e-09   0.00e+00 
 4.05446417849740e-09   0.00e+00 
 4.05500202933507e-09   0.00e+00 
 4.05553988357873e-09   0.00e+00 
 4.05607774122785e-09   0.00e+00 
 4.05661560228189e-09   0.00e+00 
 4.05715346674033e-09   0.00e+00 
 4.05769133460263e-09   0.00e+00 
 4.05822920586826e-09   0.00e+00 
 4.05876708053668e-09   0.00e+00 
 4.05930495860735e-09   0.00e+00 
 4.05984284007976e-09   0.00e+00 
 4.06038072495335e-09   0.00e+00 
 4.06091861322760e-09   0.00e+00 
 4.06145650490198e-09   0.00e+00 
 4.06199439997596e-09   0.00e+00 
 4.06253229844899e-09   0.00e+00 
 4.06307020032055e-09   0.00e+00 
 4.06360810559012e-09   0.00e+00 
 4.06414601425714e-09   0.00e+00 
 4.06468392632110e-09   0.00e+00 
 4.06522184178146e-09   0.00e+00 
 4.06575976063768e-09   0.00e+00 
 4.06629768288924e-09   0.00e+00 
 4.06683560853561e-09   0.00e+00 
 4.06737353757625e-09   0.00e+00 
 4.06791147001063e-09   0.00e+00 
 4.06844940583823e-09   0.00e+00 
 4.06898734505850e-09   0.00e+00 
 4.06952528767092e-09   0.00e+00 
 4.07006323367497e-09   0.00e+00 
 4.07060118307009e-09   0.00e+00 
 4.07113913585578e-09   0.00e+00 
 4.07167709203150e-09   0.00e+00 
 4.07221505159671e-09   0.00e+00 
 4.07275301455088e-09   0.00e+00 
 4.07329098089350e-09   0.00e+00 
 4.07382895062402e-09   0.00e+00 
 4.07436692374192e-09   0.00e+00 
 4.07490490024666e-09   0.00e+00 
 4.07544288013772e-09   0.00e+00 
 4.07598086341458e-09   0.00e+00 
 4.07651885007668e-09   0.00e+00 
 4.07705684012353e-09   0.00e+00 
 4.07759483355457e-09   0.00e+00 
 4.07813283036928e-09   0.00e+00 
 4.07867083056714e-09   0.00e+00 
 4.07920883414761e-09   0.00e+00 
 4.07974684111017e-09   0.00e+00 
 4.08028485145428e-09   0.00e+00 
 4.08082286517943e-09   0.00e+00 
 4.08136088228508e-09   0.00e+00 
 4.08189890277070e-09   0.00e+00 
 4.08243692663577e-09   0.00e+00 
 4.08297495387975e-09   0.00e+00 
 4.08351298450213e-09   0.00e+00 
 4.08405101850237e-09   0.00e+00 
 4.08458905587994e-09   0.00e+00 
 4.08512709663433e-09   0.00e+00 
 4.08566514076500e-09   0.00e+00 
 4.08620318827142e-09   0.00e+00 
 4.08674123915307e-09   0.00e+00 
 4.08727929340943e-09   0.00e+00 
 4.08781735103996e-09   0.00e+00 
 4.08835541204414e-09   0.00e+00 
 4.08889347642144e-09   0.00e+00 
 4.08943154417133e-09   0.00e+00 
 4.08996961529330e-09   0.00e+00 
 4.09050768978682e-09   0.00e+00 
 4.09104576765135e-09   0.00e+00 
 4.09158384888637e-09   0.00e+00 
 4.09212193349137e-09   0.00e+00 
 4.09266002146580e-09   0.00e+00 
 4.09319811280916e-09   0.00e+00 
 4.09373620752090e-09   0.00e+00 
 4.09427430560052e-09   0.00e+00 
 4.09481240704747e-09   0.00e+00 
 4.09535051186125e-09   0.00e+00 
 4.09588862004132e-09   0.00e+00 
 4.09642673158716e-09   0.00e+00 
 4.09696484649824e-09   0.00e+00 
 4.09750296477404e-09   0.00e+00 
 4.09804108641404e-09   0.00e+00 
 4.09857921141771e-09   0.00e+00 
 4.09911733978454e-09   0.00e+00 
 4.09965547151398e-09   0.00e+00 
 4.10019360660554e-09   0.00e+00 
 4.10073174505866e-09   0.00e+00 
 4.10126988687285e-09   0.00e+00 
 4.10180803204756e-09   0.00e+00 
 4.10234618058228e-09   0.00e+00 
 4.10288433247649e-09   0.00e+00 
 4.10342248772967e-09   0.00e+00 
 4.10396064634128e-09   0.00e+00 
 4.10449880831082e-09   0.00e+00 
 4.10503697363775e-09   0.00e+00 
 4.10557514232155e-09   0.00e+00 
 4.10611331436171e-09   0.00e+00 
 4.10665148975769e-09   0.00e+00 
 4.10718966850899e-09   0.00e+00 
 4.10772785061507e-09   0.00e+00 
 4.10826603607542e-09   0.00e+00 
 4.10880422488951e-09   0.00e+00 
 4.10934241705682e-09   0.00e+00 
 4.10988061257684e-09   0.00e+00 
 4.11041881144903e-09   0.00e+00 
 4.11095701367288e-09   0.00e+00 
 4.11149521924788e-09   0.00e+00 
 4.11203342817349e-09   0.00e+00 
 4.11257164044919e-09   0.00e+00 
 4.11310985607448e-09   0.00e+00 
 4.11364807504882e-09   0.00e+00 
 4.11418629737171e-09   0.00e+00 
 4.11472452304260e-09   0.00e+00 
 4.11526275206100e-09   0.00e+00 
 4.11580098442637e-09   0.00e+00 
 4.11633922013819e-09   0.00e+00 
 4.11687745919596e-09   0.00e+00 
 4.11741570159915e-09   0.00e+00 
 4.11795394734724e-09   0.00e+00 
 4.11849219643970e-09   0.00e+00 
 4.11903044887603e-09   0.00e+00 
 4.11956870465570e-09   0.00e+00 
 4.12010696377820e-09   0.00e+00 
 4.12064522624300e-09   0.00e+00 
 4.12118349204959e-09   0.00e+00 
 4.12172176119745e-09   0.00e+00 
 4.12226003368606e-09   0.00e+00 
 4.12279830951490e-09   0.00e+00 
 4.12333658868346e-09   0.00e+00 
 4.12387487119122e-09   0.00e+00 
 4.12441315703765e-09   0.00e+00 
 4.12495144622225e-09   0.00e+00 
 4.12548973874449e-09   0.00e+00 
 4.12602803460386e-09   0.00e+00 
 4.12656633379984e-09   0.00e+00 
 4.12710463633191e-09   0.00e+00 
 4.12764294219956e-09   0.00e+00 
 4.12818125140227e-09   0.00e+00 
 4.12871956393953e-09   0.00e+00 
 4.12925787981081e-09   0.00e+00 
 4.12979619901560e-09   0.00e+00 
 4.13033452155338e-09   0.00e+00 
 4.13087284742364e-09   0.00e+00 
 4.13141117662587e-09   0.00e+00 
 4.13194950915954e-09   0.00e+00 
 4.13248784502414e-09   0.00e+00 
 4.13302618421915e-09   0.00e+00 
 4.13356452674406e-09   0.00e+00 
 4.13410287259836e-09   0.00e+00 
 4.13464122178153e-09   0.00e+00 
 4.13517957429305e-09   0.00e+00 
 4.13571793013241e-09   0.00e+00 
 4.13625628929910e-09   0.00e+00 
 4.13679465179259e-09   0.00e+00 
 4.13733301761238e-09   0.00e+00 
 4.13787138675795e-09   0.00e+00 
 4.13840975922879e-09   0.00e+00 
 4.13894813502438e-09   0.00e+00 
 4.13948651414420e-09   0.00e+00 
 4.14002489658775e-09   0.00e+00 
 4.14056328235451e-09   0.00e+00 
 4.14110167144397e-09   0.00e+00 
 4.14164006385561e-09   0.00e+00 
 4.14217845958891e-09   0.00e+00 
 4.14271685864338e-09   0.00e+00 
 4.14325526101848e-09   0.00e+00 
 4.14379366671372e-09   0.00e+00 
 4.14433207572858e-09   0.00e+00 
 4.14487048806254e-09   0.00e+00 
 4.14540890371508e-09   0.00e+00 
 4.14594732268571e-09   0.00e+00 
 4.14648574497391e-09   0.00e+00 
 4.14702417057916e-09   0.00e+00 
 4.14756259950095e-09   0.00e+00 
 4.14810103173877e-09   0.00e+00 
 4.14863946729211e-09   0.00e+00 
 4.14917790616045e-09   0.00e+00 
 4.14971634834329e-09   0.00e+00 
 4.15025479384012e-09   0.00e+00 
 4.15079324265041e-09   0.00e+00 
 4.15133169477367e-09   0.00e+00 
 4.15187015020937e-09   0.00e+00 
 4.15240860895701e-09   0.00e+00 
 4.15294707101608e-09   0.00e+00 
 4.15348553638606e-09   0.00e+00 
 4.15402400506646e-09   0.00e+00 
 4.15456247705674e-09   0.00e+00 
 4.15510095235641e-09   0.00e+00 
 4.15563943096496e-09   0.00e+00 
 4.15617791288187e-09   0.00e+00 
 4.15671639810663e-09   0.00e+00 
 4.15725488663873e-09   0.00e+00 
 4.15779337847767e-09   0.00e+00 
 4.15833187362294e-09   0.00e+00 
 4.15887037207402e-09   0.00e+00 
 4.15940887383040e-09   0.00e+00 
 4.15994737889158e-09   0.00e+00 
 4.16048588725705e-09   0.00e+00 
 4.16102439892629e-09   0.00e+00 
 4.16156291389880e-09   0.00e+00 
 4.16210143217408e-09   0.00e+00 
 4.16263995375160e-09   0.00e+00 
 4.16317847863087e-09   0.00e+00 
 4.16371700681137e-09   0.00e+00 
 4.16425553829259e-09   0.00e+00 
 4.16479407307404e-09   0.00e+00 
 4.16533261115519e-09   0.00e+00 
 4.16587115253555e-09   0.00e+00 
 4.16640969721460e-09   0.00e+00 
 4.16694824519183e-09   0.00e+00 
 4.16748679646675e-09   0.00e+00 
 4.16802535103883e-09   0.00e+00 
 4.16856390890758e-09   0.00e+00 
 4.16910247007248e-09   0.00e+00 
 4.16964103453303e-09   0.00e+00 
 4.17017960228872e-09   0.00e+00 
 4.17071817333904e-09   0.00e+00 
 4.17125674768350e-09   0.00e+00 
 4.17179532532157e-09   0.00e+00 
 4.17233390625276e-09   0.00e+00 
 4.17287249047656e-09   0.00e+00 
 4.17341107799246e-09   0.00e+00 
 4.17394966879995e-09   0.00e+00 
 4.17448826289854e-09   0.00e+00 
 4.17502686028771e-09   0.00e+00 
 4.17556546096695e-09   0.00e+00 
 4.17610406493577e-09   0.00e+00 
 4.17664267219366e-09   0.00e+00 
 4.17718128274011e-09   0.00e+00 
 4.17771989657461e-09   0.00e+00 
 4.17825851369667e-09   0.00e+00 
 4.17879713410577e-09   0.00e+00 
 4.17933575780141e-09   0.00e+00 
 4.17987438478308e-09   0.00e+00 
 4.18041301505029e-09   0.00e+00 
 4.18095164860252e-09   0.00e+00 
 4.18149028543927e-09   0.00e+00 
 4.18202892556004e-09   0.00e+00 
 4.18256756896432e-09   0.00e+00 
 4.18310621565162e-09   0.00e+00 
 4.18364486562141e-09   0.00e+00 
 4.18418351887321e-09   0.00e+00 
 4.18472217540651e-09   0.00e+00 
 4.18526083522080e-09   0.00e+00 
 4.18579949831558e-09   0.00e+00 
 4.18633816469034e-09   0.00e+00 
 4.18687683434459e-09   0.00e+00 
 4.18741550727782e-09   0.00e+00 
 4.18795418348953e-09   0.00e+00 
 4.18849286297921e-09   0.00e+00 
 4.18903154574636e-09   0.00e+00 
 4.18957023179048e-09   0.00e+00 
 4.19010892111106e-09   0.00e+00 
 4.19064761370761e-09   0.00e+00 
 4.19118630957962e-09   0.00e+00 
 4.19172500872659e-09   0.00e+00 
 4.19226371114802e-09   0.00e+00 
 4.19280241684340e-09   0.00e+00 
 4.19334112581223e-09   0.00e+00 
 4.19387983805402e-09   0.00e+00 
 4.19441855356825e-09   0.00e+00 
 4.19495727235443e-09   0.00e+00 
 4.19549599441206e-09   0.00e+00 
 4.19603471974063e-09   0.00e+00 
 4.19657344833964e-09   0.00e+00 
 4.19711218020861e-09   0.00e+00 
 4.19765091534701e-09   0.00e+00 
 4.19818965375435e-09   0.00e+00 
 4.19872839543013e-09   0.00e+00 
 4.19926714037386e-09   0.00e+00 
 4.19980588858502e-09   0.00e+00 
 4.20034464006312e-09   0.00e+00 
 4.20088339480766e-09   0.00e+00 
 4.20142215281815e-09   0.00e+00 
 4.20196091409407e-09   0.00e+00 
 4.20249967863493e-09   0.00e+00 
 4.20303844644023e-09   0.00e+00 
 4.20357721750947e-09   0.00e+00 
 4.20411599184215e-09   0.00e+00 
 4.20465476943777e-09   0.00e+00 
 4.20519355029583e-09   0.00e+00 
 4.20573233441584e-09   0.00e+00 
 4.20627112179729e-09   0.00e+00 
 4.20680991243968e-09   0.00e+00 
 4.20734870634252e-09   0.00e+00 
 4.20788750350531e-09   0.00e+00 
 4.20842630392755e-09   0.00e+00 
 4.20896510760874e-09   0.00e+00 
 4.20950391454837e-09   0.00e+00 
 4.21004272474597e-09   0.00e+00 
 4.21058153820102e-09   0.00e+00 
 4.21112035491303e-09   0.00e+00 
 4.21165917488150e-09   0.00e+00 
 4.21219799810593e-09   0.00e+00 
 4.21273682458583e-09   0.00e+00 
 4.21327565432069e-09   0.00e+00 
 4.21381448731003e-09   0.00e+00 
 4.21435332355334e-09   0.00e+00 
 4.21489216305012e-09   0.00e+00 
 4.21543100579988e-09   0.00e+00 
 4.21596985180213e-09   0.00e+00 
 4.21650870105636e-09   0.00e+00 
 4.21704755356208e-09   0.00e+00 
 4.21758640931880e-09   0.00e+00 
 4.21812526832601e-09   0.00e+00 
 4.21866413058322e-09   0.00e+00 
 4.21920299608994e-09   0.00e+00 
 4.21974186484566e-09   0.00e+00 
 4.22028073684990e-09   0.00e+00 
 4.22081961210215e-09   0.00e+00 
 4.22135849060192e-09   0.00e+00 
 4.22189737234872e-09   0.00e+00 
 4.22243625734204e-09   0.00e+00 
 4.22297514558141e-09   0.00e+00 
 4.22351403706631e-09   0.00e+00 
 4.22405293179626e-09   0.00e+00 
 4.22459182977076e-09   0.00e+00 
 4.22513073098931e-09   0.00e+00 
 4.22566963545142e-09   0.00e+00 
 4.22620854315660e-09   0.00e+00 
 4.22674745410436e-09   0.00e+00 
 4.22728636829418e-09   0.00e+00 
 4.22782528572559e-09   0.00e+00 
 4.22836420639809e-09   0.00e+00 
 4.22890313031118e-09   0.00e+00 
 4.22944205746438e-09   0.00e+00 
 4.22998098785718e-09   0.00e+00 
 4.23051992148910e-09   0.00e+00 
 4.23105885835964e-09   0.00e+00 
 4.23159779846830e-09   0.00e+00 
 4.23213674181461e-09   0.00e+00 
 4.23267568839804e-09   0.00e+00 
 4.23321463821813e-09   0.00e+00 
 4.23375359127437e-09   0.00e+00 
 4.23429254756628e-09   0.00e+00 
 4.23483150709335e-09   0.00e+00 
 4.23537046985511e-09   0.00e+00 
 4.23590943585105e-09   0.00e+00 
 4.23644840508068e-09   0.00e+00 
 4.23698737754351e-09   0.00e+00 
 4.23752635323905e-09   0.00e+00 
 4.23806533216681e-09   0.00e+00 
 4.23860431432629e-09   0.00e+00 
 4.23914329971701e-09   0.00e+00 
 4.23968228833847e-09   0.00e+00 
 4.24022128019017e-09   0.00e+00 
 4.24076027527164e-09   0.00e+00 
 4.24129927358238e-09   0.00e+00 
 4.24183827512189e-09   0.00e+00 
 4.24237727988969e-09   0.00e+00 
 4.24291628788529e-09   0.00e+00 
 4.24345529910819e-09   0.00e+00 
 4.24399431355791e-09   0.00e+00 
 4.24453333123394e-09   0.00e+00 
 4.24507235213581e-09   0.00e+00 
 4.24561137626303e-09   0.00e+00 
 4.24615040361510e-09   0.00e+00 
 4.24668943419153e-09   0.00e+00 
 4.24722846799184e-09   0.00e+00 
 4.24776750501553e-09   0.00e+00 
 4.24830654526211e-09   0.00e+00 
 4.24884558873110e-09   0.00e+00 
 4.24938463542201e-09   0.00e+00 
 4.24992368533434e-09   0.00e+00 
 4.25046273846761e-09   0.00e+00 
 4.25100179482132e-09   0.00e+00 
 4.25154085439500e-09   0.00e+00 
 4.25207991718815e-09   0.00e+00 
 4.25261898320028e-09   0.00e+00 
 4.25315805243090e-09   0.00e+00 
 4.25369712487953e-09   0.00e+00 
 4.25423620054567e-09   0.00e+00 
 4.25477527942884e-09   0.00e+00 
 4.25531436152856e-09   0.00e+00 
 4.25585344684432e-09   0.00e+00 
 4.25639253537565e-09   0.00e+00 
 4.25693162712206e-09   0.00e+00 
 4.25747072208306e-09   0.00e+00 
 4.25800982025817e-09   0.00e+00 
 4.25854892164688e-09   0.00e+00 
 4.25908802624873e-09   0.00e+00 
 4.25962713406321e-09   0.00e+00 
 4.26016624508985e-09   0.00e+00 
 4.26070535932816e-09   0.00e+00 
 4.26124447677765e-09   0.00e+00 
 4.26178359743783e-09   0.00e+00 
 4.26232272130821e-09   0.00e+00 
 4.26286184838832e-09   0.00e+00 
 4.26340097867766e-09   0.00e+00 
 4.26394011217575e-09   0.00e+00 
 4.26447924888211e-09   0.00e+00 
 4.26501838879623e-09   0.00e+00 
 4.26555753191765e-09   0.00e+00 
 4.26609667824588e-09   0.00e+00 
 4.26663582778042e-09   0.00e+00 
 4.26717498052080e-09   0.00e+00 
 4.26771413646653e-09   0.00e+00 
 4.26825329561712e-09   0.00e+00 
 4.26879245797208e-09   0.00e+00 
 4.26933162353094e-09   0.00e+00 
 4.26987079229321e-09   0.00e+00 
 4.27040996425840e-09   0.00e+00 
 4.27094913942603e-09   0.00e+00 
 4.27148831779562e-09   0.00e+00 
 4.27202749936667e-09   0.00e+00 
 4.27256668413872e-09   0.00e+00 
 4.27310587211126e-09   0.00e+00 
 4.27364506328382e-09   0.00e+00 
 4.27418425765592e-09   0.00e+00 
 4.27472345522707e-09   0.00e+00 
 4.27526265599678e-09   0.00e+00 
 4.27580185996457e-09   0.00e+00 
 4.27634106712997e-09   0.00e+00 
 4.27688027749248e-09   0.00e+00 
 4.27741949105162e-09   0.00e+00 
 4.27795870780691e-09   0.00e+00 
 4.27849792775787e-09   0.00e+00 
 4.27903715090401e-09   0.00e+00 
 4.27957637724485e-09   0.00e+00 
 4.28011560677991e-09   0.00e+00 
 4.28065483950871e-09   0.00e+00 
 4.28119407543075e-09   0.00e+00 
 4.28173331454557e-09   0.00e+00 
 4.28227255685268e-09   0.00e+00 
 4.28281180235160e-09   0.00e+00 
 4.28335105104184e-09   0.00e+00 
 4.28389030292292e-09   0.00e+00 
 4.28442955799436e-09   0.00e+00 
 4.28496881625568e-09   0.00e+00 
 4.28550807770640e-09   0.00e+00 
 4.28604734234603e-09   0.00e+00 
 4.28658661017411e-09   0.00e+00 
 4.28712588119013e-09   0.00e+00 
 4.28766515539363e-09   0.00e+00 
 4.28820443278411e-09   0.00e+00 
 4.28874371336111e-09   0.00e+00 
 4.28928299712415e-09   0.00e+00 
 4.28982228407272e-09   0.00e+00 
 4.29036157420637e-09   0.00e+00 
 4.29090086752460e-09   0.00e+00 
 4.29144016402695e-09   0.00e+00 
 4.29197946371292e-09   0.00e+00 
 4.29251876658204e-09   0.00e+00 
 4.29305807263383e-09   0.00e+00 
 4.29359738186780e-09   0.00e+00 
 4.29413669428349e-09   0.00e+00 
 4.29467600988040e-09   0.00e+00 
 4.29521532865806e-09   0.00e+00 
 4.29575465061599e-09   0.00e+00 
 4.29629397575372e-09   0.00e+00 
 4.29683330407075e-09   0.00e+00 
 4.29737263556662e-09   0.00e+00 
 4.29791197024084e-09   0.00e+00 
 4.29845130809293e-09   0.00e+00 
 4.29899064912242e-09   0.00e+00 
 4.29952999332883e-09   0.00e+00 
 4.30006934071167e-09   0.00e+00 
 4.30060869127048e-09   0.00e+00 
 4.30114804500477e-09   0.00e+00 
 4.30168740191406e-09   0.00e+00 
 4.30222676199788e-09   0.00e+00 
 4.30276612525575e-09   0.00e+00 
 4.30330549168718e-09   0.00e+00 
 4.30384486129171e-09   0.00e+00 
 4.30438423406886e-09   0.00e+00 
 4.30492361001814e-09   0.00e+00 
 4.30546298913908e-09   0.00e+00 
 4.30600237143120e-09   0.00e+00 
 4.30654175689403e-09   0.00e+00 
 4.30708114552709e-09   0.00e+00 
 4.30762053732990e-09   0.00e+00 
 4.30815993230198e-09   0.00e+00 
 4.30869933044286e-09   0.00e+00 
 4.30923873175206e-09   0.00e+00 
 4.30977813622911e-09   0.00e+00 
 4.31031754387353e-09   0.00e+00 
 4.31085695468483e-09   0.00e+00 
 4.31139636866255e-09   0.00e+00 
 4.31193578580621e-09   0.00e+00 
 4.31247520611534e-09   0.00e+00 
 4.31301462958946e-09   0.00e+00 
 4.31355405622808e-09   0.00e+00 
 4.31409348603075e-09   0.00e+00 
 4.31463291899697e-09   0.00e+00 
 4.31517235512628e-09   0.00e+00 
 4.31571179441821e-09   0.00e+00 
 4.31625123687227e-09   0.00e+00 
 4.31679068248798e-09   0.00e+00 
 4.31733013126489e-09   0.00e+00 
 4.31786958320250e-09   0.00e+00 
 4.31840903830035e-09   0.00e+00 
 4.31894849655796e-09   0.00e+00 
 4.31948795797485e-09   0.00e+00 
 4.32002742255056e-09   0.00e+00 
 4.32056689028461e-09   0.00e+00 
 4.32110636117652e-09   0.00e+00 
 4.32164583522582e-09   0.00e+00 
 4.32218531243204e-09   0.00e+00 
 4.32272479279470e-09   0.00e+00 
 4.32326427631332e-09   0.00e+00 
 4.32380376298744e-09   0.00e+00 
 4.32434325281658e-09   0.00e+00 
 4.32488274580027e-09   0.00e+00 
 4.32542224193804e-09   0.00e+00 
 4.32596174122940e-09   0.00e+00 
 4.32650124367389e-09   0.00e+00 
 4.32704074927104e-09   0.00e+00 
 4.32758025802037e-09   0.00e+00 
 4.32811976992141e-09   0.00e+00 
 4.32865928497369e-09   0.00e+00 
 4.32919880317673e-09   0.00e+00 
 4.32973832453007e-09   0.00e+00 
 4.33027784903322e-09   0.00e+00 
 4.33081737668573e-09   0.00e+00 
 4.33135690748711e-09   0.00e+00 
 4.33189644143689e-09   0.00e+00 
 4.33243597853460e-09   0.00e+00 
 4.33297551877977e-09   0.00e+00 
 4.33351506217194e-09   0.00e+00 
 4.33405460871061e-09   0.00e+00 
 4.33459415839534e-09   0.00e+00 
 4.33513371122564e-09   0.00e+00 
 4.33567326720104e-09   0.00e+00 
 4.33621282632107e-09   0.00e+00 
 4.33675238858527e-09   0.00e+00 
 4.33729195399315e-09   0.00e+00 
 4.33783152254425e-09   0.00e+00 
 4.33837109423811e-09   0.00e+00 
 4.33891066907424e-09   0.00e+00 
 4.33945024705218e-09   0.00e+00 
 4.33998982817145e-09   0.00e+00 
 4.34052941243160e-09   0.00e+00 
 4.34106899983214e-09   0.00e+00 
 4.34160859037261e-09   0.00e+00 
 4.34214818405254e-09   0.00e+00 
 4.34268778087146e-09   0.00e+00 
 4.34322738082889e-09   0.00e+00 
 4.34376698392438e-09   0.00e+00 
 4.34430659015744e-09   0.00e+00 
 4.34484619952762e-09   0.00e+00 
 4.34538581203443e-09   0.00e+00 
 4.34592542767742e-09   0.00e+00 
 4.34646504645611e-09   0.00e+00 
 4.34700466837004e-09   0.00e+00 
 4.34754429341873e-09   0.00e+00 
 4.34808392160171e-09   0.00e+00 
 4.34862355291853e-09   0.00e+00 
 4.34916318736871e-09   0.00e+00 
 4.34970282495178e-09   0.00e+00 
 4.35024246566727e-09   0.00e+00 
 4.35078210951471e-09   0.00e+00 
 4.35132175649365e-09   0.00e+00 
 4.35186140660361e-09   0.00e+00 
 4.35240105984411e-09   0.00e+00 
 4.35294071621471e-09   0.00e+00 
 4.35348037571492e-09   0.00e+00 
 4.35402003834428e-09   0.00e+00 
 4.35455970410232e-09   0.00e+00 
 4.35509937298858e-09   0.00e+00 
 4.35563904500259e-09   0.00e+00 
 4.35617872014388e-09   0.00e+00 
 4.35671839841198e-09   0.00e+00 
 4.35725807980643e-09   0.00e+00 
 4.35779776432676e-09   0.00e+00 
 4.35833745197251e-09   0.00e+00 
 4.35887714274321e-09   0.00e+00 
 4.35941683663838e-09   0.00e+00 
 4.35995653365758e-09   0.00e+00 
 4.36049623380032e-09   0.00e+00 
 4.36103593706615e-09   0.00e+00 
 4.36157564345460e-09   0.00e+00 
 4.36211535296520e-09   0.00e+00 
 4.36265506559749e-09   0.00e+00 
 4.36319478135100e-09   0.00e+00 
 4.36373450022527e-09   0.00e+00 
 4.36427422221983e-09   0.00e+00 
 4.36481394733421e-09   0.00e+00 
 4.36535367556796e-09   0.00e+00 
 4.36589340692060e-09   0.00e+00 
 4.36643314139168e-09   0.00e+00 
 4.36697287898071e-09   0.00e+00 
 4.36751261968726e-09   0.00e+00 
 4.36805236351084e-09   0.00e+00 
 4.36859211045099e-09   0.00e+00 
 4.36913186050726e-09   0.00e+00 
 4.36967161367917e-09   0.00e+00 
 4.37021136996626e-09   0.00e+00 
 4.37075112936807e-09   0.00e+00 
 4.37129089188413e-09   0.00e+00 
 4.37183065751398e-09   0.00e+00 
 4.37237042625715e-09   0.00e+00 
 4.37291019811319e-09   0.00e+00 
 4.37344997308163e-09   0.00e+00 
 4.37398975116201e-09   0.00e+00 
 4.37452953235385e-09   0.00e+00 
 4.37506931665671e-09   0.00e+00 
 4.37560910407012e-09   0.00e+00 
 4.37614889459361e-09   0.00e+00 
 4.37668868822672e-09   0.00e+00 
 4.37722848496899e-09   0.00e+00 
 4.37776828481995e-09   0.00e+00 
 4.37830808777916e-09   0.00e+00 
 4.37884789384613e-09   0.00e+00 
 4.37938770302041e-09   0.00e+00 
 4.37992751530155e-09   0.00e+00 
 4.38046733068906e-09   0.00e+00 
 4.38100714918251e-09   0.00e+00 
 4.38154697078141e-09   0.00e+00 
 4.38208679548532e-09   0.00e+00 
 4.38262662329377e-09   0.00e+00 
 4.38316645420629e-09   0.00e+00 
 4.38370628822243e-09   0.00e+00 
 4.38424612534173e-09   0.00e+00 
 4.38478596556372e-09   0.00e+00 
 4.38532580888795e-09   0.00e+00 
 4.38586565531395e-09   0.00e+00 
 4.38640550484126e-09   0.00e+00 
 4.38694535746942e-09   0.00e+00 
 4.38748521319798e-09   0.00e+00 
 4.38802507202646e-09   0.00e+00 
 4.38856493395442e-09   0.00e+00 
 4.38910479898139e-09   0.00e+00 
 4.38964466710690e-09   0.00e+00 
 4.39018453833051e-09   0.00e+00 
 4.39072441265175e-09   0.00e+00 
 4.39126429007016e-09   0.00e+00 
 4.39180417058529e-09   0.00e+00 
 4.39234405419666e-09   0.00e+00 
 4.39288394090383e-09   0.00e+00 
 4.39342383070634e-09   0.00e+00 
 4.39396372360371e-09   0.00e+00 
 4.39450361959550e-09   0.00e+00 
 4.39504351868125e-09   0.00e+00 
 4.39558342086049e-09   0.00e+00 
 4.39612332613278e-09   0.00e+00 
 4.39666323449764e-09   0.00e+00 
 4.39720314595463e-09   0.00e+00 
 4.39774306050328e-09   0.00e+00 
 4.39828297814313e-09   0.00e+00 
 4.39882289887373e-09   0.00e+00 
 4.39936282269462e-09   0.00e+00 
 4.39990274960534e-09   0.00e+00 
 4.40044267960543e-09   0.00e+00 
 4.40098261269444e-09   0.00e+00 
 4.40152254887190e-09   0.00e+00 
 4.40206248813737e-09   0.00e+00 
 4.40260243049037e-09   0.00e+00 
 4.40314237593046e-09   0.00e+00 
 4.40368232445718e-09   0.00e+00 
 4.40422227607007e-09   0.00e+00 
 4.40476223076868e-09   0.00e+00 
 4.40530218855254e-09   0.00e+00 
 4.40584214942120e-09   0.00e+00 
 4.40638211337420e-09   0.00e+00 
 4.40692208041109e-09   0.00e+00 
 4.40746205053141e-09   0.00e+00 
 4.40800202373470e-09   0.00e+00 
 4.40854200002051e-09   0.00e+00 
 4.40908197938839e-09   0.00e+00 
 4.40962196183787e-09   0.00e+00 
 4.41016194736849e-09   0.00e+00 
 4.41070193597981e-09   0.00e+00 
 4.41124192767137e-09   0.00e+00 
 4.41178192244271e-09   0.00e+00 
 4.41232192029337e-09   0.00e+00 
 4.41286192122291e-09   0.00e+00 
 4.41340192523086e-09   0.00e+00 
 4.41394193231678e-09   0.00e+00 
 4.41448194248020e-09   0.00e+00 
 4.41502195572067e-09   0.00e+00 
 4.41556197203773e-09   0.00e+00 
 4.41610199143094e-09   0.00e+00 
 4.41664201389983e-09   0.00e+00 
 4.41718203944395e-09   0.00e+00 
 4.41772206806285e-09   0.00e+00 
 4.41826209975607e-09   0.00e+00 
 4.41880213452316e-09   0.00e+00 
 4.41934217236367e-09   0.00e+00 
 4.41988221327714e-09   0.00e+00 
 4.42042225726311e-09   0.00e+00 
 4.42096230432113e-09   0.00e+00 
 4.42150235445075e-09   0.00e+00 
 4.42204240765152e-09   0.00e+00 
 4.42258246392297e-09   0.00e+00 
 4.42312252326467e-09   0.00e+00 
 4.42366258567615e-09   0.00e+00 
 4.42420265115696e-09   0.00e+00 
 4.42474271970664e-09   0.00e+00 
 4.42528279132476e-09   0.00e+00 
 4.42582286601084e-09   0.00e+00 
 4.42636294376444e-09   0.00e+00 
 4.42690302458511e-09   0.00e+00 
 4.42744310847239e-09   0.00e+00 
 4.42798319542584e-09   0.00e+00 
 4.42852328544499e-09   0.00e+00 
 4.42906337852940e-09   0.00e+00 
 4.42960347467861e-09   0.00e+00 
 4.43014357389218e-09   0.00e+00 
 4.43068367616965e-09   0.00e+00 
 4.43122378151057e-09   0.00e+00 
 4.43176388991448e-09   0.00e+00 
 4.43230400138093e-09   0.00e+00 
 4.43284411590948e-09   0.00e+00 
 4.43338423349967e-09   0.00e+00 
 4.43392435415106e-09   0.00e+00 
 4.43446447786318e-09   0.00e+00 
 4.43500460463559e-09   0.00e+00 
 4.43554473446783e-09   0.00e+00 
 4.43608486735946e-09   0.00e+00 
 4.43662500331002e-09   0.00e+00 
 4.43716514231907e-09   0.00e+00 
 4.43770528438616e-09   0.00e+00 
 4.43824542951083e-09   0.00e+00 
 4.43878557769262e-09   0.00e+00 
 4.43932572893110e-09   0.00e+00 
 4.43986588322582e-09   0.00e+00 
 4.44040604057631e-09   0.00e+00 
 4.44094620098214e-09   0.00e+00 
 4.44148636444285e-09   0.00e+00 
 4.44202653095799e-09   0.00e+00 
 4.44256670052711e-09   0.00e+00 
 4.44310687314977e-09   0.00e+00 
 4.44364704882551e-09   0.00e+00 
 4.44418722755388e-09   0.00e+00 
 4.44472740933443e-09   0.00e+00 
 4.44526759416672e-09   0.00e+00 
 4.44580778205030e-09   0.00e+00 
 4.44634797298472e-09   0.00e+00 
 4.44688816696952e-09   0.00e+00 
 4.44742836400426e-09   0.00e+00 
 4.44796856408849e-09   0.00e+00 
 4.44850876722176e-09   0.00e+00 
 4.44904897340362e-09   0.00e+00 
 4.44958918263363e-09   0.00e+00 
 4.45012939491134e-09   0.00e+00 
 4.45066961023629e-09   0.00e+00 
 4.45120982860805e-09   0.00e+00 
 4.45175005002616e-09   0.00e+00 
 4.45229027449017e-09   0.00e+00 
 4.45283050199964e-09   0.00e+00 
 4.45337073255412e-09   0.00e+00 
 4.45391096615316e-09   0.00e+00 
 4.45445120279631e-09   0.00e+00 
 4.45499144248313e-09   0.00e+00 
 4.45553168521317e-09   0.00e+00 
 4.45607193098598e-09   0.00e+00 
 4.45661217980111e-09   0.00e+00 
 4.45715243165812e-09   0.00e+00 
 4.45769268655657e-09   0.00e+00 
 4.45823294449600e-09   0.00e+00 
 4.45877320547596e-09   0.00e+00 
 4.45931346949602e-09   0.00e+00 
 4.45985373655572e-09   0.00e+00 
 4.46039400665462e-09   0.00e+00 
 4.46093427979227e-09   0.00e+00 
 4.46147455596822e-09   0.00e+00 
 4.46201483518204e-09   0.00e+00 
 4.46255511743327e-09   0.00e+00 
 4.46309540272147e-09   0.00e+00 
 4.46363569104620e-09   0.00e+00 
 4.46417598240699e-09   0.00e+00 
 4.46471627680342e-09   0.00e+00 
 4.46525657423504e-09   0.00e+00 
 4.46579687470140e-09   0.00e+00 
 4.46633717820205e-09   0.00e+00 
 4.46687748473655e-09   0.00e+00 
 4.46741779430445e-09   0.00e+00 
 4.46795810690532e-09   0.00e+00 
 4.46849842253871e-09   0.00e+00 
 4.46903874120416e-09   0.00e+00 
 4.46957906290124e-09   0.00e+00 
 4.47011938762950e-09   0.00e+00 
 4.47065971538850e-09   0.00e+00 
 4.47120004617780e-09   0.00e+00 
 4.47174037999694e-09   0.00e+00 
 4.47228071684548e-09   0.00e+00 
 4.47282105672299e-09   0.00e+00 
 4.47336139962902e-09   0.00e+00 
 4.47390174556311e-09   0.00e+00 
 4.47444209452484e-09   0.00e+00 
 4.47498244651375e-09   0.00e+00 
 4.47552280152941e-09   0.00e+00 
 4.47606315957136e-09   0.00e+00 
 4.47660352063917e-09   0.00e+00 
 4.47714388473240e-09   0.00e+00 
 4.47768425185059e-09   0.00e+00 
 4.47822462199331e-09   0.00e+00 
 4.47876499516011e-09   0.00e+00 
 4.47930537135055e-09   0.00e+00 
 4.47984575056420e-09   0.00e+00 
 4.48038613280060e-09   0.00e+00 
 4.48092651805931e-09   0.00e+00 
 4.48146690633990e-09   0.00e+00 
 4.48200729764192e-09   0.00e+00 
 4.48254769196492e-09   0.00e+00 
 4.48308808930847e-09   0.00e+00 
 4.48362848967212e-09   0.00e+00 
 4.48416889305543e-09   0.00e+00 
 4.48470929945796e-09   0.00e+00 
 4.48524970887927e-09   0.00e+00 
 4.48579012131892e-09   0.00e+00 
 4.48633053677646e-09   0.00e+00 
 4.48687095525146e-09   0.00e+00 
 4.48741137674347e-09   0.00e+00 
 4.48795180125206e-09   0.00e+00 
 4.48849222877677e-09   0.00e+00 
 4.48903265931717e-09   0.00e+00 
 4.48957309287283e-09   0.00e+00 
 4.49011352944329e-09   0.00e+00 
 4.49065396902812e-09   0.00e+00 
 4.49119441162688e-09   0.00e+00 
 4.49173485723912e-09   0.00e+00 
 4.49227530586442e-09   0.00e+00 
 4.49281575750232e-09   0.00e+00 
 4.49335621215239e-09   0.00e+00 
 4.49389666981418e-09   0.00e+00 
 4.49443713048726e-09   0.00e+00 
 4.49497759417120e-09   0.00e+00 
 4.49551806086554e-09   0.00e+00 
 4.49605853056984e-09   0.00e+00 
 4.49659900328368e-09   0.00e+00 
 4.49713947900660e-09   0.00e+00 
 4.49767995773818e-09   0.00e+00 
 4.49822043947797e-09   0.00e+00 
 4.49876092422553e-09   0.00e+00 
 4.49930141198043e-09   0.00e+00 
 4.49984190274222e-09   0.00e+00 
 4.50038239651047e-09   0.00e+00 
 4.50092289328473e-09   0.00e+00 
 4.50146339306457e-09   0.00e+00 
 4.50200389584956e-09   0.00e+00 
 4.50254440163925e-09   0.00e+00 
 4.50308491043320e-09   0.00e+00 
 4.50362542223098e-09   0.00e+00 
 4.50416593703215e-09   0.00e+00 
 4.50470645483626e-09   0.00e+00 
 4.50524697564290e-09   0.00e+00 
 4.50578749945160e-09   0.00e+00 
 4.50632802626195e-09   0.00e+00 
 4.50686855607349e-09   0.00e+00 
 4.50740908888580e-09   0.00e+00 
 4.50794962469843e-09   0.00e+00 
 4.50849016351095e-09   0.00e+00 
 4.50903070532292e-09   0.00e+00 
 4.50957125013391e-09   0.00e+00 
 4.51011179794348e-09   0.00e+00 
 4.51065234875119e-09   0.00e+00 
 4.51119290255660e-09   0.00e+00 
 4.51173345935928e-09   0.00e+00 
 4.51227401915879e-09   0.00e+00 
 4.51281458195470e-09   0.00e+00 
 4.51335514774656e-09   0.00e+00 
 4.51389571653395e-09   0.00e+00 
 4.51443628831643e-09   0.00e+00 
 4.51497686309355e-09   0.00e+00 
 4.51551744086490e-09   0.00e+00 
 4.51605802163002e-09   0.00e+00 
 4.51659860538848e-09   0.00e+00 
 4.51713919213986e-09   0.00e+00 
 4.51767978188371e-09   0.00e+00 
 4.51822037461959e-09   0.00e+00 
 4.51876097034708e-09   0.00e+00 
 4.51930156906574e-09   0.00e+00 
 4.51984217077513e-09   0.00e+00 
 4.52038277547481e-09   0.00e+00 
 4.52092338316436e-09   0.00e+00 
 4.52146399384334e-09   0.00e+00 
 4.52200460751131e-09   0.00e+00 
 4.52254522416784e-09   0.00e+00 
 4.52308584381249e-09   0.00e+00 
 4.52362646644484e-09   0.00e+00 
 4.52416709206444e-09   0.00e+00 
 4.52470772067086e-09   0.00e+00 
 4.52524835226367e-09   0.00e+00 
 4.52578898684244e-09   0.00e+00 
 4.52632962440672e-09   0.00e+00 
 4.52687026495609e-09   0.00e+00 
 4.52741090849012e-09   0.00e+00 
 4.52795155500836e-09   0.00e+00 
 4.52849220451039e-09   0.00e+00 
 4.52903285699578e-09   0.00e+00 
 4.52957351246408e-09   0.00e+00 
 4.53011417091487e-09   0.00e+00 
 4.53065483234772e-09   0.00e+00 
 4.53119549676218e-09   0.00e+00 
 4.53173616415783e-09   0.00e+00 
 4.53227683453424e-09   0.00e+00 
 4.53281750789097e-09   0.00e+00 
 4.53335818422759e-09   0.00e+00 
 4.53389886354367e-09   0.00e+00 
 4.53443954583878e-09   0.00e+00 
 4.53498023111248e-09   0.00e+00 
 4.53552091936433e-09   0.00e+00 
 4.53606161059392e-09   0.00e+00 
 4.53660230480081e-09   0.00e+00 
 4.53714300198456e-09   0.00e+00 
 4.53768370214475e-09   0.00e+00 
 4.53822440528094e-09   0.00e+00 
 4.53876511139270e-09   0.00e+00 
 4.53930582047959e-09   0.00e+00 
 4.53984653254120e-09   0.00e+00 
 4.54038724757708e-09   0.00e+00 
 4.54092796558681e-09   0.00e+00 
 4.54146868656995e-09   0.00e+00 
 4.54200941052608e-09   0.00e+00 
 4.54255013745476e-09   0.00e+00 
 4.54309086735556e-09   0.00e+00 
 4.54363160022805e-09   0.00e+00 
 4.54417233607181e-09   0.00e+00 
 4.54471307488639e-09   0.00e+00 
 4.54525381667138e-09   0.00e+00 
 4.54579456142633e-09   0.00e+00 
 4.54633530915082e-09   0.00e+00 
 4.54687605984443e-09   0.00e+00 
 4.54741681350671e-09   0.00e+00 
 4.54795757013724e-09   0.00e+00 
 4.54849832973560e-09   0.00e+00 
 4.54903909230134e-09   0.00e+00 
 4.54957985783405e-09   0.00e+00 
 4.55012062633328e-09   0.00e+00 
 4.55066139779862e-09   0.00e+00 
 4.55120217222963e-09   0.00e+00 
 4.55174294962589e-09   0.00e+00 
 4.55228372998696e-09   0.00e+00 
 4.55282451331241e-09   0.00e+00 
 4.55336529960182e-09   0.00e+00 
 4.55390608885476e-09   0.00e+00 
 4.55444688107080e-09   0.00e+00 
 4.55498767624950e-09   0.00e+00 
 4.55552847439045e-09   0.00e+00 
 4.55606927549322e-09   0.00e+00 
 4.55661007955736e-09   0.00e+00 
 4.55715088658247e-09   0.00e+00 
 4.55769169656811e-09   0.00e+00 
 4.55823250951384e-09   0.00e+00 
 4.55877332541925e-09   0.00e+00 
 4.55931414428391e-09   0.00e+00 
 4.55985496610738e-09   0.00e+00 
 4.56039579088924e-09   0.00e+00 
 4.56093661862906e-09   0.00e+00 
 4.56147744932642e-09   0.00e+00 
 4.56201828298088e-09   0.00e+00 
 4.56255911959203e-09   0.00e+00 
 4.56309995915942e-09   0.00e+00 
 4.56364080168265e-09   0.00e+00 
 4.56418164716127e-09   0.00e+00 
 4.56472249559486e-09   0.00e+00 
 4.56526334698300e-09   0.00e+00 
 4.56580420132526e-09   0.00e+00 
 4.56634505862121e-09   0.00e+00 
 4.56688591887042e-09   0.00e+00 
 4.56742678207248e-09   0.00e+00 
 4.56796764822694e-09   0.00e+00 
 4.56850851733340e-09   0.00e+00 
 4.56904938939141e-09   0.00e+00 
 4.56959026440056e-09   0.00e+00 
 4.57013114236042e-09   0.00e+00 
 4.57067202327055e-09   0.00e+00 
 4.57121290713055e-09   0.00e+00 
 4.57175379393997e-09   0.00e+00 
 4.57229468369840e-09   0.00e+00 
 4.57283557640542e-09   0.00e+00 
 4.57337647206058e-09   0.00e+00 
 4.57391737066348e-09   0.00e+00 
 4.57445827221368e-09   0.00e+00 
 4.57499917671076e-09   0.00e+00 
 4.57554008415429e-09   0.00e+00 
 4.57608099454386e-09   0.00e+00 
 4.57662190787902e-09   0.00e+00 
 4.57716282415937e-09   0.00e+00 
 4.57770374338447e-09   0.00e+00 
 4.57824466555390e-09   0.00e+00 
 4.57878559066724e-09   0.00e+00 
 4.57932651872407e-09   0.00e+00 
 4.57986744972395e-09   0.00e+00 
 4.58040838366646e-09   0.00e+00 
 4.58094932055118e-09   0.00e+00 
 4.58149026037769e-09   0.00e+00 
 4.58203120314556e-09   0.00e+00 
 4.58257214885437e-09   0.00e+00 
 4.58311309750369e-09   0.00e+00 
 4.58365404909310e-09   0.00e+00 
 4.58419500362218e-09   0.00e+00 
 4.58473596109051e-09   0.00e+00 
 4.58527692149765e-09   0.00e+00 
 4.58581788484320e-09   0.00e+00 
 4.58635885112671e-09   0.00e+00 
 4.58689982034778e-09   0.00e+00 
 4.58744079250598e-09   0.00e+00 
 4.58798176760088e-09   0.00e+00 
 4.58852274563207e-09   0.00e+00 
 4.58906372659912e-09   0.00e+00 
 4.58960471050160e-09   0.00e+00 
 4.59014569733910e-09   0.00e+00 
 4.59068668711120e-09   0.00e+00 
 4.59122767981746e-09   0.00e+00 
 4.59176867545748e-09   0.00e+00 
 4.59230967403082e-09   0.00e+00 
 4.59285067553707e-09   0.00e+00 
 4.59339167997580e-09   0.00e+00 
 4.59393268734659e-09   0.00e+00 
 4.59447369764902e-09   0.00e+00 
 4.59501471088267e-09   0.00e+00 
 4.59555572704712e-09   0.00e+00 
 4.59609674614195e-09   0.00e+00 
 4.59663776816672e-09   0.00e+00 
 4.59717879312103e-09   0.00e+00 
 4.59771982100446e-09   0.00e+00 
 4.59826085181657e-09   0.00e+00 
 4.59880188555695e-09   0.00e+00 
 4.59934292222518e-09   0.00e+00 
 4.59988396182085e-09   0.00e+00 
 4.60042500434352e-09   0.00e+00 
 4.60096604979278e-09   0.00e+00 
 4.60150709816820e-09   0.00e+00 
 4.60204814946937e-09   0.00e+00 
 4.60258920369587e-09   0.00e+00 
 4.60313026084728e-09   0.00e+00 
 4.60367132092317e-09   0.00e+00 
 4.60421238392313e-09   0.00e+00 
 4.60475344984674e-09   0.00e+00 
 4.60529451869358e-09   0.00e+00 
 4.60583559046322e-09   0.00e+00 
 4.60637666515525e-09   0.00e+00 
 4.60691774276925e-09   0.00e+00 
 4.60745882330480e-09   0.00e+00 
 4.60799990676148e-09   0.00e+00 
 4.60854099313887e-09   0.00e+00 
 4.60908208243655e-09   0.00e+00 
 4.60962317465411e-09   0.00e+00 
 4.61016426979112e-09   0.00e+00 
 4.61070536784716e-09   0.00e+00 
 4.61124646882182e-09   0.00e+00 
 4.61178757271468e-09   0.00e+00 
 4.61232867952533e-09   0.00e+00 
 4.61286978925333e-09   0.00e+00 
 4.61341090189827e-09   0.00e+00 
 4.61395201745974e-09   0.00e+00 
 4.61449313593732e-09   0.00e+00 
 4.61503425733058e-09   0.00e+00 
 4.61557538163912e-09   0.00e+00 
 4.61611650886251e-09   0.00e+00 
 4.61665763900033e-09   0.00e+00 
 4.61719877205218e-09   0.00e+00 
 4.61773990801762e-09   0.00e+00 
 4.61828104689625e-09   0.00e+00 
 4.61882218868764e-09   0.00e+00 
 4.61936333339138e-09   0.00e+00 
 4.61990448100705e-09   0.00e+00 
 4.62044563153424e-09   0.00e+00 
 4.62098678497252e-09   0.00e+00 
 4.62152794132149e-09   0.00e+00 
 4.62206910058072e-09   0.00e+00 
 4.62261026274979e-09   0.00e+00 
 4.62315142782830e-09   0.00e+00 
 4.62369259581582e-09   0.00e+00 
 4.62423376671194e-09   0.00e+00 
 4.62477494051624e-09   0.00e+00 
 4.62531611722830e-09   0.00e+00 
 4.62585729684772e-09   0.00e+00 
 4.62639847937407e-09   0.00e+00 
 4.62693966480694e-09   0.00e+00 
 4.62748085314590e-09   0.00e+00 
 4.62802204439056e-09   0.00e+00 
 4.62856323854049e-09   0.00e+00 
 4.62910443559527e-09   0.00e+00 
 4.62964563555449e-09   0.00e+00 
 4.63018683841773e-09   0.00e+00 
 4.63072804418459e-09   0.00e+00 
 4.63126925285464e-09   0.00e+00 
 4.63181046442746e-09   0.00e+00 
 4.63235167890266e-09   0.00e+00 
 4.63289289627980e-09   0.00e+00 
 4.63343411655848e-09   0.00e+00 
 4.63397533973828e-09   0.00e+00 
 4.63451656581878e-09   0.00e+00 
 4.63505779479958e-09   0.00e+00 
 4.63559902668025e-09   0.00e+00 
 4.63614026146038e-09   0.00e+00 
 4.63668149913957e-09   0.00e+00 
 4.63722273971738e-09   0.00e+00 
 4.63776398319342e-09   0.00e+00 
 4.63830522956726e-09   0.00e+00 
 4.63884647883850e-09   0.00e+00 
 4.63938773100672e-09   0.00e+00 
 4.63992898607150e-09   0.00e+00 
 4.64047024403244e-09   0.00e+00 
 4.64101150488911e-09   0.00e+00 
 4.64155276864111e-09   0.00e+00 
 4.64209403528802e-09   0.00e+00 
 4.64263530482943e-09   0.00e+00 
 4.64317657726493e-09   0.00e+00 
 4.64371785259410e-09   0.00e+00 
 4.64425913081653e-09   0.00e+00 
 4.64480041193181e-09   0.00e+00 
 4.64534169593952e-09   0.00e+00 
 4.64588298283926e-09   0.00e+00 
 4.64642427263061e-09   0.00e+00 
 4.64696556531315e-09   0.00e+00 
 4.64750686088649e-09   0.00e+00 
 4.64804815935019e-09   0.00e+00 
 4.64858946070386e-09   0.00e+00 
 4.64913076494707e-09   0.00e+00 
 4.64967207207943e-09   0.00e+00 
 4.65021338210051e-09   0.00e+00 
 4.65075469500990e-09   0.00e+00 
 4.65129601080720e-09   0.00e+00 
 4.65183732949199e-09   0.00e+00 
 4.65237865106386e-09   0.00e+00 
 4.65291997552240e-09   0.00e+00 
 4.65346130286719e-09   0.00e+00 
 4.65400263309783e-09   0.00e+00 
 4.65454396621391e-09   0.00e+00 
 4.65508530221501e-09   0.00e+00 
 4.65562664110072e-09   0.00e+00 
 4.65616798287063e-09   0.00e+00 
 4.65670932752434e-09   0.00e+00 
 4.65725067506143e-09   0.00e+00 
 4.65779202548149e-09   0.00e+00 
 4.65833337878411e-09   0.00e+00 
 4.65887473496888e-09   0.00e+00 
 4.65941609403539e-09   0.00e+00 
 4.65995745598323e-09   0.00e+00 
 4.66049882081199e-09   0.00e+00 
 4.66104018852127e-09   0.00e+00 
 4.66158155911064e-09   0.00e+00 
 4.66212293257970e-09   0.00e+00 
 4.66266430892804e-09   0.00e+00 
 4.66320568815525e-09   0.00e+00 
 4.66374707026093e-09   0.00e+00 
 4.66428845524466e-09   0.00e+00 
 4.66482984310603e-09   0.00e+00 
 4.66537123384463e-09   0.00e+00 
 4.66591262746006e-09   0.00e+00 
 4.66645402395191e-09   0.00e+00 
 4.66699542331976e-09   0.00e+00 
 4.66753682556321e-09   0.00e+00 
 4.66807823068185e-09   0.00e+00 
 4.66861963867528e-09   0.00e+00 
 4.66916104954307e-09   0.00e+00 
 4.66970246328483e-09   0.00e+00 
 4.67024387990014e-09   0.00e+00 
 4.67078529938860e-09   0.00e+00 
 4.67132672174980e-09   0.00e+00 
 4.67186814698333e-09   0.00e+00 
 4.67240957508879e-09   0.00e+00 
 4.67295100606576e-09   0.00e+00 
 4.67349243991383e-09   0.00e+00 
 4.67403387663261e-09   0.00e+00 
 4.67457531622168e-09   0.00e+00 
 4.67511675868063e-09   0.00e+00 
 4.67565820400906e-09   0.00e+00 
 4.67619965220656e-09   0.00e+00 
 4.67674110327272e-09   0.00e+00 
 4.67728255720714e-09   0.00e+00 
 4.67782401400941e-09   0.00e+00 
 4.67836547367911e-09   0.00e+00 
 4.67890693621585e-09   0.00e+00 
 4.67944840161922e-09   0.00e+00 
 4.67998986988881e-09   0.00e+00 
 4.68053134102421e-09   0.00e+00 
 4.68107281502502e-09   0.00e+00 
 4.68161429189083e-09   0.00e+00 
 4.68215577162123e-09   0.00e+00 
 4.68269725421582e-09   0.00e+00 
 4.68323873967420e-09   0.00e+00 
 4.68378022799595e-09   0.00e+00 
 4.68432171918066e-09   0.00e+00 
 4.68486321322795e-09   0.00e+00 
 4.68540471013739e-09   0.00e+00 
 4.68594620990859e-09   0.00e+00 
 4.68648771254112e-09   0.00e+00 
 4.68702921803461e-09   0.00e+00 
 4.68757072638862e-09   0.00e+00 
 4.68811223760277e-09   0.00e+00 
 4.68865375167664e-09   0.00e+00 
 4.68919526860983e-09   0.00e+00 
 4.68973678840194e-09   0.00e+00 
 4.69027831105256e-09   0.00e+00 
 4.69081983656128e-09   0.00e+00 
 4.69136136492770e-09   0.00e+00 
 4.69190289615141e-09   0.00e+00 
 4.69244443023201e-09   0.00e+00 
 4.69298596716911e-09   0.00e+00 
 4.69352750696228e-09   0.00e+00 
 4.69406904961113e-09   0.00e+00 
 4.69461059511525e-09   0.00e+00 
 4.69515214347424e-09   0.00e+00 
 4.69569369468769e-09   0.00e+00 
 4.69623524875520e-09   0.00e+00 
 4.69677680567637e-09   0.00e+00 
 4.69731836545080e-09   0.00e+00 
 4.69785992807807e-09   0.00e+00 
 4.69840149355778e-09   0.00e+00 
 4.69894306188954e-09   0.00e+00 
 4.69948463307293e-09   0.00e+00 
 4.70002620710755e-09   0.00e+00 
 4.70056778399301e-09   0.00e+00 
 4.70110936372889e-09   0.00e+00 
 4.70165094631480e-09   0.00e+00 
 4.70219253175033e-09   0.00e+00 
 4.70273412003508e-09   0.00e+00 
 4.70327571116864e-09   0.00e+00 
 4.70381730515061e-09   0.00e+00 
 4.70435890198059e-09   0.00e+00 
 4.70490050165818e-09   0.00e+00 
 4.70544210418298e-09   0.00e+00 
 4.70598370955457e-09   0.00e+00 
 4.70652531777257e-09   0.00e+00 
 4.70706692883656e-09   0.00e+00 
 4.70760854274615e-09   0.00e+00 
 4.70815015950093e-09   0.00e+00 
 4.70869177910050e-09   0.00e+00 
 4.70923340154446e-09   0.00e+00 
 4.70977502683240e-09   0.00e+00 
 4.71031665496393e-09   0.00e+00 
 4.71085828593865e-09   0.00e+00 
 4.71139991975615e-09   0.00e+00 
 4.71194155641602e-09   0.00e+00 
 4.71248319591788e-09   0.00e+00 
 4.71302483826131e-09   0.00e+00 
 4.71356648344592e-09   0.00e+00 
 4.71410813147131e-09   0.00e+00 
 4.71464978233707e-09   0.00e+00 
 4.71519143604280e-09   0.00e+00 
 4.71573309258810e-09   0.00e+00 
 4.71627475197258e-09   0.00e+00 
 4.71681641419583e-09   0.00e+00 
 4.71735807925745e-09   0.00e+00 
 4.71789974715704e-09   0.00e+00 
 4.71844141789419e-09   0.00e+00 
 4.71898309146852e-09   0.00e+00 
 4.71952476787961e-09   0.00e+00 
 4.72006644712708e-09   0.00e+00 
 4.72060812921051e-09   0.00e+00 
 4.72114981412950e-09   0.00e+00 
 4.72169150188367e-09   0.00e+00 
 4.72223319247261e-09   0.00e+00 
 4.72277488589591e-09   0.00e+00 
 4.72331658215318e-09   0.00e+00 
 4.72385828124403e-09   0.00e+00 
 4.72439998316804e-09   0.00e+00 
 4.72494168792483e-09   0.00e+00 
 4.72548339551398e-09   0.00e+00 
 4.72602510593511e-09   0.00e+00 
 4.72656681918781e-09   0.00e+00 
 4.72710853527168e-09   0.00e+00 
 4.72765025418633e-09   0.00e+00 
 4.72819197593136e-09   0.00e+00 
 4.72873370050636e-09   0.00e+00 
 4.72927542791095e-09   0.00e+00 
 4.72981715814471e-09   0.00e+00 
 4.73035889120726e-09   0.00e+00 
 4.73090062709819e-09   0.00e+00 
 4.73144236581710e-09   0.00e+00 
 4.73198410736360e-09   0.00e+00 
 4.73252585173729e-09   0.00e+00 
 4.73306759893778e-09   0.00e+00 
 4.73360934896465e-09   0.00e+00 
 4.73415110181752e-09   0.00e+00 
 4.73469285749598e-09   0.00e+00 
 4.73523461599965e-09   0.00e+00 
 4.73577637732812e-09   0.00e+00 
 4.73631814148099e-09   0.00e+00 
 4.73685990845787e-09   0.00e+00 
 4.73740167825836e-09   0.00e+00 
 4.73794345088206e-09   0.00e+00 
 4.73848522632858e-09   0.00e+00 
 4.73902700459751e-09   0.00e+00 
 4.73956878568847e-09   0.00e+00 
 4.74011056960104e-09   0.00e+00 
 4.74065235633485e-09   0.00e+00 
 4.74119414588949e-09   0.00e+00 
 4.74173593826457e-09   0.00e+00 
 4.74227773345968e-09   0.00e+00 
 4.74281953147443e-09   0.00e+00 
 4.74336133230842e-09   0.00e+00 
 4.74390313596127e-09   0.00e+00 
 4.74444494243257e-09   0.00e+00 
 4.74498675172192e-09   0.00e+00 
 4.74552856382894e-09   0.00e+00 
 4.74607037875322e-09   0.00e+00 
 4.74661219649437e-09   0.00e+00 
 4.74715401705199e-09   0.00e+00 
 4.74769584042569e-09   0.00e+00 
 4.74823766661507e-09   0.00e+00 
 4.74877949561973e-09   0.00e+00 
 4.74932132743929e-09   0.00e+00 
 4.74986316207335e-09   0.00e+00 
 4.75040499952150e-09   0.00e+00 
 4.75094683978336e-09   0.00e+00 
 4.75148868285853e-09   0.00e+00 
 4.75203052874662e-09   0.00e+00 
 4.75257237744723e-09   0.00e+00 
 4.75311422895996e-09   0.00e+00 
 4.75365608328443e-09   0.00e+00 
 4.75419794042023e-09   0.00e+00 
 4.75473980036697e-09   0.00e+00 
 4.75528166312426e-09   0.00e+00 
 4.75582352869171e-09   0.00e+00 
 4.75636539706892e-09   0.00e+00 
 4.75690726825549e-09   0.00e+00 
 4.75744914225103e-09   0.00e+00 
 4.75799101905516e-09   0.00e+00 
 4.75853289866746e-09   0.00e+00 
 4.75907478108755e-09   0.00e+00 
 4.75961666631504e-09   0.00e+00 
 4.76015855434954e-09   0.00e+00 
 4.76070044519064e-09   0.00e+00 
 4.76124233883796e-09   0.00e+00 
 4.76178423529110e-09   0.00e+00 
 4.76232613454966e-09   0.00e+00 
 4.76286803661327e-09   0.00e+00 
 4.76340994148152e-09   0.00e+00 
 4.76395184915402e-09   0.00e+00 
 4.76449375963038e-09   0.00e+00 
 4.76503567291020e-09   0.00e+00 
 4.76557758899309e-09   0.00e+00 
 4.76611950787866e-09   0.00e+00 
 4.76666142956652e-09   0.00e+00 
 4.76720335405627e-09   0.00e+00 
 4.76774528134753e-09   0.00e+00 
 4.76828721143989e-09   0.00e+00 
 4.76882914433298e-09   0.00e+00 
 4.76937108002638e-09   0.00e+00 
 4.76991301851973e-09   0.00e+00 
 4.77045495981261e-09   0.00e+00 
 4.77099690390465e-09   0.00e+00 
 4.77153885079544e-09   0.00e+00 
 4.77208080048460e-09   0.00e+00 
 4.77262275297173e-09   0.00e+00 
 4.77316470825645e-09   0.00e+00 
 4.77370666633836e-09   0.00e+00 
 4.77424862721707e-09   0.00e+00 
 4.77479059089219e-09   0.00e+00 
 4.77533255736333e-09   0.00e+00 
 4.77587452663010e-09   0.00e+00 
 4.77641649869210e-09   0.00e+00 
 4.77695847354895e-09   0.00e+00 
 4.77750045120026e-09   0.00e+00 
 4.77804243164563e-09   0.00e+00 
 4.77858441488468e-09   0.00e+00 
 4.77912640091701e-09   0.00e+00 
 4.77966838974223e-09   0.00e+00 
 4.78021038135995e-09   0.00e+00 
 4.78075237576979e-09   0.00e+00 
 4.78129437297135e-09   0.00e+00 
 4.78183637296424e-09   0.00e+00 
 4.78237837574808e-09   0.00e+00 
 4.78292038132247e-09   0.00e+00 
 4.78346238968702e-09   0.00e+00 
 4.78400440084134e-09   0.00e+00 
 4.78454641478505e-09   0.00e+00 
 4.78508843151775e-09   0.00e+00 
 4.78563045103906e-09   0.00e+00 
 4.78617247334858e-09   0.00e+00 
 4.78671449844593e-09   0.00e+00 
 4.78725652633072e-09   0.00e+00 
 4.78779855700255e-09   0.00e+00 
 4.78834059046104e-09   0.00e+00 
 4.78888262670580e-09   0.00e+00 
 4.78942466573645e-09   0.00e+00 
 4.78996670755258e-09   0.00e+00 
 4.79050875215382e-09   0.00e+00 
 4.79105079953978e-09   0.00e+00 
 4.79159284971005e-09   0.00e+00 
 4.79213490266427e-09   0.00e+00 
 4.79267695840204e-09   0.00e+00 
 4.79321901692297e-09   0.00e+00 
 4.79376107822668e-09   0.00e+00 
 4.79430314231277e-09   0.00e+00 
 4.79484520918086e-09   0.00e+00 
 4.79538727883055e-09   0.00e+00 
 4.79592935126147e-09   0.00e+00 
 4.79647142647323e-09   0.00e+00 
 4.79701350446543e-09   0.00e+00 
 4.79755558523769e-09   0.00e+00 
 4.79809766878962e-09   0.00e+00 
 4.79863975512083e-09   0.00e+00 
 4.79918184423094e-09   0.00e+00 
 4.79972393611956e-09   0.00e+00 
 4.80026603078631e-09   0.00e+00 
 4.80080812823079e-09   0.00e+00 
 4.80135022845261e-09   0.00e+00 
 4.80189233145141e-09   0.00e+00 
 4.80243443722677e-09   0.00e+00 
 4.80297654577832e-09   0.00e+00 
 4.80351865710568e-09   0.00e+00 
 4.80406077120845e-09   0.00e+00 
 4.80460288808625e-09   0.00e+00 
 4.80514500773869e-09   0.00e+00 
 4.80568713016538e-09   0.00e+00 
 4.80622925536595e-09   0.00e+00 
 4.80677138334000e-09   0.00e+00 
 4.80731351408715e-09   0.00e+00 
 4.80785564760702e-09   0.00e+00 
 4.80839778389920e-09   0.00e+00 
 4.80893992296333e-09   0.00e+00 
 4.80948206479901e-09   0.00e+00 
 4.81002420940586e-09   0.00e+00 
 4.81056635678349e-09   0.00e+00 
 4.81110850693152e-09   0.00e+00 
 4.81165065984957e-09   0.00e+00 
 4.81219281553724e-09   0.00e+00 
 4.81273497399415e-09   0.00e+00 
 4.81327713521992e-09   0.00e+00 
 4.81381929921417e-09   0.00e+00 
 4.81436146597650e-09   0.00e+00 
 4.81490363550653e-09   0.00e+00 
 4.81544580780388e-09   0.00e+00 
 4.81598798286816e-09   0.00e+00 
 4.81653016069899e-09   0.00e+00 
 4.81707234129599e-09   0.00e+00 
 4.81761452465876e-09   0.00e+00 
 4.81815671078693e-09   0.00e+00 
 4.81869889968011e-09   0.00e+00 
 4.81924109133791e-09   0.00e+00 
 4.81978328575995e-09   0.00e+00 
 4.82032548294586e-09   0.00e+00 
 4.82086768289524e-09   0.00e+00 
 4.82140988560771e-09   0.00e+00 
 4.82195209108289e-09   0.00e+00 
 4.82249429932039e-09   0.00e+00 
 4.82303651031983e-09   0.00e+00 
 4.82357872408082e-09   0.00e+00 
 4.82412094060299e-09   0.00e+00 
 4.82466315988595e-09   0.00e+00 
 4.82520538192931e-09   0.00e+00 
 4.82574760673270e-09   0.00e+00 
 4.82628983429572e-09   0.00e+00 
 4.82683206461800e-09   0.00e+00 
 4.82737429769916e-09   0.00e+00 
 4.82791653353880e-09   0.00e+00 
 4.82845877213655e-09   0.00e+00 
 4.82900101349203e-09   0.00e+00 
 4.82954325760485e-09   0.00e+00 
 4.83008550447463e-09   0.00e+00 
 4.83062775410098e-09   0.00e+00 
 4.83117000648354e-09   0.00e+00 
 4.83171226162190e-09   0.00e+00 
 4.83225451951569e-09   0.00e+00 
 4.83279678016454e-09   0.00e+00 
 4.83333904356804e-09   0.00e+00 
 4.83388130972584e-09   0.00e+00 
 4.83442357863754e-09   0.00e+00 
 4.83496585030275e-09   0.00e+00 
 4.83550812472111e-09   0.00e+00 
 4.83605040189222e-09   0.00e+00 
 4.83659268181571e-09   0.00e+00 
 4.83713496449120e-09   0.00e+00 
 4.83767724991829e-09   0.00e+00 
 4.83821953809662e-09   0.00e+00 
 4.83876182902580e-09   0.00e+00 
 4.83930412270545e-09   0.00e+00 
 4.83984641913519e-09   0.00e+00 
 4.84038871831463e-09   0.00e+00 
 4.84093102024340e-09   0.00e+00 
 4.84147332492111e-09   0.00e+00 
 4.84201563234739e-09   0.00e+00 
 4.84255794252186e-09   0.00e+00 
 4.84310025544412e-09   0.00e+00 
 4.84364257111381e-09   0.00e+00 
 4.84418488953055e-09   0.00e+00 
 4.84472721069394e-09   0.00e+00 
 4.84526953460362e-09   0.00e+00 
 4.84581186125919e-09   0.00e+00 
 4.84635419066029e-09   0.00e+00 
 4.84689652280653e-09   0.00e+00 
 4.84743885769754e-09   0.00e+00 
 4.84798119533292e-09   0.00e+00 
 4.84852353571231e-09   0.00e+00 
 4.84906587883532e-09   0.00e+00 
 4.84960822470157e-09   0.00e+00 
 4.85015057331068e-09   0.00e+00 
 4.85069292466229e-09   0.00e+00 
 4.85123527875599e-09   0.00e+00 
 4.85177763559142e-09   0.00e+00 
 4.85231999516820e-09   0.00e+00 
 4.85286235748594e-09   0.00e+00 
 4.85340472254427e-09   0.00e+00 
 4.85394709034281e-09   0.00e+00 
 4.85448946088118e-09   0.00e+00 
 4.85503183415900e-09   0.00e+00 
 4.85557421017590e-09   0.00e+00 
 4.85611658893149e-09   0.00e+00 
 4.85665897042539e-09   0.00e+00 
 4.85720135465723e-09   0.00e+00 
 4.85774374162663e-09   0.00e+00 
 4.85828613133322e-09   0.00e+00 
 4.85882852377660e-09   0.00e+00 
 4.85937091895641e-09   0.00e+00 
 4.85991331687227e-09   0.00e+00 
 4.86045571752379e-09   0.00e+00 
 4.86099812091060e-09   0.00e+00 
 4.86154052703233e-09   0.00e+00 
 4.86208293588859e-09   0.00e+00 
 4.86262534747901e-09   0.00e+00 
 4.86316776180320e-09   0.00e+00 
 4.86371017886081e-09   0.00e+00 
 4.86425259865143e-09   0.00e+00 
 4.86479502117470e-09   0.00e+00 
 4.86533744643025e-09   0.00e+00 
 4.86587987441769e-09   0.00e+00 
 4.86642230513664e-09   0.00e+00 
 4.86696473858673e-09   0.00e+00 
 4.86750717476759e-09   0.00e+00 
 4.86804961367883e-09   0.00e+00 
 4.86859205532008e-09   0.00e+00 
 4.86913449969097e-09   0.00e+00 
 4.86967694679111e-09   0.00e+00 
 4.87021939662013e-09   0.00e+00 
 4.87076184917765e-09   0.00e+00 
 4.87130430446330e-09   0.00e+00 
 4.87184676247670e-09   0.00e+00 
 4.87238922321747e-09   0.00e+00 
 4.87293168668525e-09   0.00e+00 
 4.87347415287965e-09   0.00e+00 
 4.87401662180029e-09   0.00e+00 
 4.87455909344680e-09   0.00e+00 
 4.87510156781881e-09   0.00e+00 
 4.87564404491594e-09   0.00e+00 
 4.87618652473782e-09   0.00e+00 
 4.87672900728406e-09   0.00e+00 
 4.87727149255429e-09   0.00e+00 
 4.87781398054814e-09   0.00e+00 
 4.87835647126524e-09   0.00e+00 
 4.87889896470520e-09   0.00e+00 
 4.87944146086766e-09   0.00e+00 
 4.87998395975223e-09   0.00e+00 
 4.88052646135855e-09   0.00e+00 
 4.88106896568624e-09   0.00e+00 
 4.88161147273491e-09   0.00e+00 
 4.88215398250421e-09   0.00e+00 
 4.88269649499375e-09   0.00e+00 
 4.88323901020316e-09   0.00e+00 
 4.88378152813206e-09   0.00e+00 
 4.88432404878009e-09   0.00e+00 
 4.88486657214686e-09   0.00e+00 
 4.88540909823201e-09   0.00e+00 
 4.88595162703515e-09   0.00e+00 
 4.88649415855592e-09   0.00e+00 
 4.88703669279393e-09   0.00e+00 
 4.88757922974883e-09   0.00e+00 
 4.88812176942023e-09   0.00e+00 
 4.88866431180775e-09   0.00e+00 
 4.88920685691104e-09   0.00e+00 
 4.88974940472970e-09   0.00e+00 
 4.89029195526338e-09   0.00e+00 
 4.89083450851169e-09   0.00e+00 
 4.89137706447427e-09   0.00e+00 
 4.89191962315073e-09   0.00e+00 
 4.89246218454071e-09   0.00e+00 
 4.89300474864384e-09   0.00e+00 
 4.89354731545973e-09   0.00e+00 
 4.89408988498803e-09   0.00e+00 
 4.89463245722834e-09   0.00e+00 
 4.89517503218031e-09   0.00e+00 
 4.89571760984356e-09   0.00e+00 
 4.89626019021772e-09   0.00e+00 
 4.89680277330241e-09   0.00e+00 
 4.89734535909726e-09   0.00e+00 
 4.89788794760191e-09   0.00e+00 
 4.89843053881598e-09   0.00e+00 
 4.89897313273909e-09   0.00e+00 
 4.89951572937087e-09   0.00e+00 
 4.90005832871096e-09   0.00e+00 
 4.90060093075898e-09   0.00e+00 
 4.90114353551456e-09   0.00e+00 
 4.90168614297732e-09   0.00e+00 
 4.90222875314690e-09   0.00e+00 
 4.90277136602293e-09   0.00e+00 
 4.90331398160503e-09   0.00e+00 
 4.90385659989283e-09   0.00e+00 
 4.90439922088596e-09   0.00e+00 
 4.90494184458405e-09   0.00e+00 
 4.90548447098672e-09   0.00e+00 
 4.90602710009362e-09   0.00e+00 
 4.90656973190436e-09   0.00e+00 
 4.90711236641858e-09   0.00e+00 
 4.90765500363590e-09   0.00e+00 
 4.90819764355595e-09   0.00e+00 
 4.90874028617837e-09   0.00e+00 
 4.90928293150278e-09   0.00e+00 
 4.90982557952882e-09   0.00e+00 
 4.91036823025611e-09   0.00e+00 
 4.91091088368428e-09   0.00e+00 
 4.91145353981296e-09   0.00e+00 
 4.91199619864178e-09   0.00e+00 
 4.91253886017038e-09   0.00e+00 
 4.91308152439837e-09   0.00e+00 
 4.91362419132540e-09   0.00e+00 
 4.91416686095110e-09   0.00e+00 
 4.91470953327508e-09   0.00e+00 
 4.91525220829698e-09   0.00e+00 
 4.91579488601644e-09   0.00e+00 
 4.91633756643309e-09   0.00e+00 
 4.91688024954655e-09   0.00e+00 
 4.91742293535645e-09   0.00e+00 
 4.91796562386243e-09   0.00e+00 
 4.91850831506412e-09   0.00e+00 
 4.91905100896114e-09   0.00e+00 
 4.91959370555314e-09   0.00e+00 
 4.92013640483973e-09   0.00e+00 
 4.92067910682056e-09   0.00e+00 
 4.92122181149525e-09   0.00e+00 
 4.92176451886343e-09   0.00e+00 
 4.92230722892474e-09   0.00e+00 
 4.92284994167881e-09   0.00e+00 
 4.92339265712526e-09   0.00e+00 
 4.92393537526374e-09   0.00e+00 
 4.92447809609386e-09   0.00e+00 
 4.92502081961528e-09   0.00e+00 
 4.92556354582760e-09   0.00e+00 
 4.92610627473048e-09   0.00e+00 
 4.92664900632353e-09   0.00e+00 
 4.92719174060640e-09   0.00e+00 
 4.92773447757872e-09   0.00e+00 
 4.92827721724011e-09   0.00e+00 
 4.92881995959020e-09   0.00e+00 
 4.92936270462865e-09   0.00e+00 
 4.92990545235506e-09   0.00e+00 
 4.93044820276908e-09   0.00e+00 
 4.93099095587034e-09   0.00e+00 
 4.93153371165848e-09   0.00e+00 
 4.93207647013312e-09   0.00e+00 
 4.93261923129390e-09   0.00e+00 
 4.93316199514045e-09   0.00e+00 
 4.93370476167240e-09   0.00e+00 
 4.93424753088939e-09   0.00e+00 
 4.93479030279106e-09   0.00e+00 
 4.93533307737702e-09   0.00e+00 
 4.93587585464693e-09   0.00e+00 
 4.93641863460041e-09   0.00e+00 
 4.93696141723709e-09   0.00e+00 
 4.93750420255661e-09   0.00e+00 
 4.93804699055860e-09   0.00e+00 
 4.93858978124270e-09   0.00e+00 
 4.93913257460854e-09   0.00e+00 
 4.93967537065575e-09   0.00e+00 
 4.94021816938397e-09   0.00e+00 
 4.94076097079284e-09   0.00e+00 
 4.94130377488198e-09   0.00e+00 
 4.94184658165103e-09   0.00e+00 
 4.94238939109962e-09   0.00e+00 
 4.94293220322740e-09   0.00e+00 
 4.94347501803399e-09   0.00e+00 
 4.94401783551903e-09   0.00e+00 
 4.94456065568215e-09   0.00e+00 
 4.94510347852299e-09   0.00e+00 
 4.94564630404118e-09   0.00e+00 
 4.94618913223637e-09   0.00e+00 
 4.94673196310817e-09   0.00e+00 
 4.94727479665623e-09   0.00e+00 
 4.94781763288019e-09   0.00e+00 
 4.94836047177967e-09   0.00e+00 
 4.94890331335432e-09   0.00e+00 
 4.94944615760377e-09   0.00e+00 
 4.94998900452765e-09   0.00e+00 
 4.95053185412560e-09   0.00e+00 
 4.95107470639726e-09   0.00e+00 
 4.95161756134226e-09   0.00e+00 
 4.95216041896024e-09   0.00e+00 
 4.95270327925083e-09   0.00e+00 
 4.95324614221367e-09   0.00e+00 
 4.95378900784839e-09   0.00e+00 
 4.95433187615464e-09   0.00e+00 
 4.95487474713204e-09   0.00e+00 
 4.95541762078023e-09   0.00e+00 
 4.95596049709886e-09   0.00e+00 
 4.95650337608755e-09   0.00e+00 
 4.95704625774595e-09   0.00e+00 
 4.95758914207368e-09   0.00e+00 
 4.95813202907039e-09   0.00e+00 
 4.95867491873571e-09   0.00e+00 
 4.95921781106928e-09   0.00e+00 
 4.95976070607074e-09   0.00e+00 
 4.96030360373972e-09   0.00e+00 
 4.96084650407587e-09   0.00e+00 
 4.96138940707880e-09   0.00e+00 
 4.96193231274817e-09   0.00e+00 
 4.96247522108362e-09   0.00e+00 
 4.96301813208477e-09   0.00e+00 
 4.96356104575127e-09   0.00e+00 
 4.96410396208275e-09   0.00e+00 
 4.96464688107885e-09   0.00e+00 
 4.96518980273921e-09   0.00e+00 
 4.96573272706347e-09   0.00e+00 
 4.96627565405126e-09   0.00e+00 
 4.96681858370223e-09   0.00e+00 
 4.96736151601600e-09   0.00e+00 
 4.96790445099222e-09   0.00e+00 
 4.96844738863053e-09   0.00e+00 
 4.96899032893057e-09   0.00e+00 
 4.96953327189196e-09   0.00e+00 
 4.97007621751436e-09   0.00e+00 
 4.97061916579739e-09   0.00e+00 
 4.97116211674070e-09   0.00e+00 
 4.97170507034393e-09   0.00e+00 
 4.97224802660671e-09   0.00e+00 
 4.97279098552868e-09   0.00e+00 
 4.97333394710949e-09   0.00e+00 
 4.97387691134877e-09   0.00e+00 
 4.97441987824616e-09   0.00e+00 
 4.97496284780129e-09   0.00e+00 
 4.97550582001382e-09   0.00e+00 
 4.97604879488337e-09   0.00e+00 
 4.97659177240959e-09   0.00e+00 
 4.97713475259211e-09   0.00e+00 
 4.97767773543058e-09   0.00e+00 
 4.97822072092463e-09   0.00e+00 
 4.97876370907390e-09   0.00e+00 
 4.97930669987804e-09   0.00e+00 
 4.97984969333668e-09   0.00e+00 
 4.98039268944946e-09   0.00e+00 
 4.98093568821603e-09   0.00e+00 
 4.98147868963602e-09   0.00e+00 
 4.98202169370907e-09   0.00e+00 
 4.98256470043482e-09   0.00e+00 
 4.98310770981292e-09   0.00e+00 
 4.98365072184299e-09   0.00e+00 
 4.98419373652470e-09   0.00e+00 
 4.98473675385766e-09   0.00e+00 
 4.98527977384153e-09   0.00e+00 
 4.98582279647594e-09   0.00e+00 
 4.98636582176054e-09   0.00e+00 
 4.98690884969496e-09   0.00e+00 
 4.98745188027885e-09   0.00e+00 
 4.98799491351185e-09   0.00e+00 
 4.98853794939359e-09   0.00e+00 
 4.98908098792372e-09   0.00e+00 
 4.98962402910189e-09   0.00e+00 
 4.99016707292772e-09   0.00e+00 
 4.99071011940087e-09   0.00e+00 
 4.99125316852097e-09   0.00e+00 
 4.99179622028766e-09   0.00e+00 
 4.99233927470059e-09   0.00e+00 
 4.99288233175940e-09   0.00e+00 
 4.99342539146373e-09   0.00e+00 
 4.99396845381322e-09   0.00e+00 
 4.99451151880751e-09   0.00e+00 
 4.99505458644624e-09   0.00e+00 
 4.99559765672906e-09   0.00e+00 
 4.99614072965561e-09   0.00e+00 
 4.99668380522553e-09   0.00e+00 
 4.99722688343847e-09   0.00e+00 
 4.99776996429406e-09   0.00e+00 
 4.99831304779194e-09   0.00e+00 
 4.99885613393176e-09   0.00e+00 
 4.99939922271317e-09   0.00e+00 
 4.99994231413580e-09   0.00e+00 
 5.00048540819929e-09   0.00e+00 
 5.00102850490330e-09   0.00e+00 
 5.00157160424746e-09   0.00e+00 
 5.00211470623141e-09   0.00e+00 
 5.00265781085480e-09   0.00e+00 
 5.00320091811727e-09   0.00e+00 
 5.00374402801847e-09   0.00e+00 
 5.00428714055803e-09   0.00e+00 
 5.00483025573560e-09   0.00e+00 
 5.00537337355082e-09   0.00e+00 
 5.00591649400335e-09   0.00e+00 
 5.00645961709281e-09   0.00e+00 
 5.00700274281885e-09   0.00e+00 
 5.00754587118112e-09   0.00e+00 
 5.00808900217926e-09   0.00e+00 
 5.00863213581292e-09   0.00e+00 
 5.00917527208174e-09   0.00e+00 
 5.00971841098535e-09   0.00e+00 
 5.01026155252342e-09   0.00e+00 
 5.01080469669557e-09   0.00e+00 
 5.01134784350146e-09   0.00e+00 
 5.01189099294073e-09   0.00e+00 
 5.01243414501302e-09   0.00e+00 
 5.01297729971798e-09   0.00e+00 
 5.01352045705525e-09   0.00e+00 
 5.01406361702447e-09   0.00e+00 
 5.01460677962530e-09   0.00e+00 
 5.01514994485737e-09   0.00e+00 
 5.01569311272033e-09   0.00e+00 
 5.01623628321382e-09   0.00e+00 
 5.01677945633750e-09   0.00e+00 
 5.01732263209100e-09   0.00e+00 
 5.01786581047397e-09   0.00e+00 
 5.01840899148606e-09   0.00e+00 
 5.01895217512690e-09   0.00e+00 
 5.01949536139615e-09   0.00e+00 
 5.02003855029345e-09   0.00e+00 
 5.02058174181845e-09   0.00e+00 
 5.02112493597078e-09   0.00e+00 
 5.02166813275011e-09   0.00e+00 
 5.02221133215607e-09   0.00e+00 
 5.02275453418830e-09   0.00e+00 
 5.02329773884646e-09   0.00e+00 
 5.02384094613019e-09   0.00e+00 
 5.02438415603914e-09   0.00e+00 
 5.02492736857295e-09   0.00e+00 
 5.02547058373127e-09   0.00e+00 
 5.02601380151374e-09   0.00e+00 
 5.02655702192001e-09   0.00e+00 
 5.02710024494973e-09   0.00e+00 
 5.02764347060255e-09   0.00e+00 
 5.02818669887810e-09   0.00e+00 
 5.02872992977604e-09   0.00e+00 
 5.02927316329602e-09   0.00e+00 
 5.02981639943767e-09   0.00e+00 
 5.03035963820065e-09   0.00e+00 
 5.03090287958461e-09   0.00e+00 
 5.03144612358918e-09   0.00e+00 
 5.03198937021403e-09   0.00e+00 
 5.03253261945879e-09   0.00e+00 
 5.03307587132311e-09   0.00e+00 
 5.03361912580664e-09   0.00e+00 
 5.03416238290902e-09   0.00e+00 
 5.03470564262992e-09   0.00e+00 
 5.03524890496896e-09   0.00e+00 
 5.03579216992580e-09   0.00e+00 
 5.03633543750009e-09   0.00e+00 
 5.03687870769147e-09   0.00e+00 
 5.03742198049960e-09   0.00e+00 
 5.03796525592412e-09   0.00e+00 
 5.03850853396467e-09   0.00e+00 
 5.03905181462092e-09   0.00e+00 
 5.03959509789249e-09   0.00e+00 
 5.04013838377905e-09   0.00e+00 
 5.04068167228024e-09   0.00e+00 
 5.04122496339571e-09   0.00e+00 
 5.04176825712511e-09   0.00e+00 
 5.04231155346808e-09   0.00e+00 
 5.04285485242428e-09   0.00e+00 
 5.04339815399336e-09   0.00e+00 
 5.04394145817495e-09   0.00e+00 
 5.04448476496871e-09   0.00e+00 
 5.04502807437430e-09   0.00e+00 
 5.04557138639135e-09   0.00e+00 
 5.04611470101952e-09   0.00e+00 
 5.04665801825846e-09   0.00e+00 
 5.04720133810782e-09   0.00e+00 
 5.04774466056724e-09   0.00e+00 
 5.04828798563637e-09   0.00e+00 
 5.04883131331487e-09   0.00e+00 
 5.04937464360239e-09   0.00e+00 
 5.04991797649857e-09   0.00e+00 
 5.05046131200306e-09   0.00e+00 
 5.05100465011551e-09   0.00e+00 
 5.05154799083557e-09   0.00e+00 
 5.05209133416290e-09   0.00e+00 
 5.05263468009714e-09   0.00e+00 
 5.05317802863794e-09   0.00e+00 
 5.05372137978496e-09   0.00e+00 
 5.05426473353784e-09   0.00e+00 
 5.05480808989623e-09   0.00e+00 
 5.05535144885978e-09   0.00e+00 
 5.05589481042814e-09   0.00e+00 
 5.05643817460098e-09   0.00e+00 
 5.05698154137792e-09   0.00e+00 
 5.05752491075863e-09   0.00e+00 
 5.05806828274276e-09   0.00e+00 
 5.05861165732995e-09   0.00e+00 
 5.05915503451986e-09   0.00e+00 
 5.05969841431214e-09   0.00e+00 
 5.06024179670643e-09   0.00e+00 
 5.06078518170240e-09   0.00e+00 
 5.06132856929969e-09   0.00e+00 
 5.06187195949795e-09   0.00e+00 
 5.06241535229684e-09   0.00e+00 
 5.06295874769600e-09   0.00e+00 
 5.06350214569509e-09   0.00e+00 
 5.06404554629375e-09   0.00e+00 
 5.06458894949165e-09   0.00e+00 
 5.06513235528843e-09   0.00e+00 
 5.06567576368374e-09   0.00e+00 
 5.06621917467724e-09   0.00e+00 
 5.06676258826857e-09   0.00e+00 
 5.06730600445739e-09   0.00e+00 
 5.06784942324336e-09   0.00e+00 
 5.06839284462612e-09   0.00e+00 
 5.06893626860532e-09   0.00e+00 
 5.06947969518062e-09   0.00e+00 
 5.07002312435167e-09   0.00e+00 
 5.07056655611812e-09   0.00e+00 
 5.07110999047962e-09   0.00e+00 
 5.07165342743584e-09   0.00e+00 
 5.07219686698641e-09   0.00e+00 
 5.07274030913100e-09   0.00e+00 
 5.07328375386925e-09   0.00e+00 
 5.07382720120082e-09   0.00e+00 
 5.07437065112536e-09   0.00e+00 
 5.07491410364252e-09   0.00e+00 
 5.07545755875196e-09   0.00e+00 
 5.07600101645333e-09   0.00e+00 
 5.07654447674629e-09   0.00e+00 
 5.07708793963048e-09   0.00e+00 
 5.07763140510556e-09   0.00e+00 
 5.07817487317119e-09   0.00e+00 
 5.07871834382701e-09   0.00e+00 
 5.07926181707268e-09   0.00e+00 
 5.07980529290785e-09   0.00e+00 
 5.08034877133219e-09   0.00e+00 
 5.08089225234534e-09   0.00e+00 
 5.08143573594695e-09   0.00e+00 
 5.08197922213668e-09   0.00e+00 
 5.08252271091418e-09   0.00e+00 
 5.08306620227911e-09   0.00e+00 
 5.08360969623112e-09   0.00e+00 
 5.08415319276987e-09   0.00e+00 
 5.08469669189501e-09   0.00e+00 
 5.08524019360619e-09   0.00e+00 
 5.08578369790308e-09   0.00e+00 
 5.08632720478531e-09   0.00e+00 
 5.08687071425255e-09   0.00e+00 
 5.08741422630445e-09   0.00e+00 
 5.08795774094067e-09   0.00e+00 
 5.08850125816087e-09   0.00e+00 
 5.08904477796468e-09   0.00e+00 
 5.08958830035179e-09   0.00e+00 
 5.09013182532183e-09   0.00e+00 
 5.09067535287446e-09   0.00e+00 
 5.09121888300934e-09   0.00e+00 
 5.09176241572612e-09   0.00e+00 
 5.09230595102445e-09   0.00e+00 
 5.09284948890400e-09   0.00e+00 
 5.09339302936442e-09   0.00e+00 
 5.09393657240536e-09   0.00e+00 
 5.09448011802648e-09   0.00e+00 
 5.09502366622744e-09   0.00e+00 
 5.09556721700788e-09   0.00e+00 
 5.09611077036748e-09   0.00e+00 
 5.09665432630587e-09   0.00e+00 
 5.09719788482272e-09   0.00e+00 
 5.09774144591769e-09   0.00e+00 
 5.09828500959043e-09   0.00e+00 
 5.09882857584059e-09   0.00e+00 
 5.09937214466784e-09   0.00e+00 
 5.09991571607183e-09   0.00e+00 
 5.10045929005221e-09   0.00e+00 
 5.10100286660864e-09   0.00e+00 
 5.10154644574078e-09   0.00e+00 
 5.10209002744828e-09   0.00e+00 
 5.10263361173081e-09   0.00e+00 
 5.10317719858801e-09   0.00e+00 
 5.10372078801955e-09   0.00e+00 
 5.10426438002508e-09   0.00e+00 
 5.10480797460426e-09   0.00e+00 
 5.10535157175674e-09   0.00e+00 
 5.10589517148219e-09   0.00e+00 
 5.10643877378025e-09   0.00e+00 
 5.10698237865060e-09   0.00e+00 
 5.10752598609287e-09   0.00e+00 
 5.10806959610674e-09   0.00e+00 
 5.10861320869186e-09   0.00e+00 
 5.10915682384788e-09   0.00e+00 
 5.10970044157447e-09   0.00e+00 
 5.11024406187128e-09   0.00e+00 
 5.11078768473796e-09   0.00e+00 
 5.11133131017419e-09   0.00e+00 
 5.11187493817961e-09   0.00e+00 
 5.11241856875388e-09   0.00e+00 
 5.11296220189666e-09   0.00e+00 
 5.11350583760761e-09   0.00e+00 
 5.11404947588639e-09   0.00e+00 
 5.11459311673265e-09   0.00e+00 
 5.11513676014606e-09   0.00e+00 
 5.11568040612627e-09   0.00e+00 
 5.11622405467294e-09   0.00e+00 
 5.11676770578572e-09   0.00e+00 
 5.11731135946428e-09   0.00e+00 
 5.11785501570828e-09   0.00e+00 
 5.11839867451738e-09   0.00e+00 
 5.11894233589122e-09   0.00e+00 
 5.11948599982948e-09   0.00e+00 
 5.12002966633181e-09   0.00e+00 
 5.12057333539787e-09   0.00e+00 
 5.12111700702732e-09   0.00e+00 
 5.12166068121981e-09   0.00e+00 
 5.12220435797501e-09   0.00e+00 
 5.12274803729258e-09   0.00e+00 
 5.12329171917217e-09   0.00e+00 
 5.12383540361345e-09   0.00e+00 
 5.12437909061607e-09   0.00e+00 
 5.12492278017970e-09   0.00e+00 
 5.12546647230399e-09   0.00e+00 
 5.12601016698861e-09   0.00e+00 
 5.12655386423320e-09   0.00e+00 
 5.12709756403744e-09   0.00e+00 
 5.12764126640099e-09   0.00e+00 
 5.12818497132349e-09   0.00e+00 
 5.12872867880462e-09   0.00e+00 
 5.12927238884403e-09   0.00e+00 
 5.12981610144138e-09   0.00e+00 
 5.13035981659634e-09   0.00e+00 
 5.13090353430856e-09   0.00e+00 
 5.13144725457771e-09   0.00e+00 
 5.13199097740344e-09   0.00e+00 
 5.13253470278541e-09   0.00e+00 
 5.13307843072329e-09   0.00e+00 
 5.13362216121674e-09   0.00e+00 
 5.13416589426541e-09   0.00e+00 
 5.13470962986897e-09   0.00e+00 
 5.13525336802708e-09   0.00e+00 
 5.13579710873940e-09   0.00e+00 
 5.13634085200559e-09   0.00e+00 
 5.13688459782531e-09   0.00e+00 
 5.13742834619822e-09   0.00e+00 
 5.13797209712399e-09   0.00e+00 
 5.13851585060228e-09   0.00e+00 
 5.13905960663274e-09   0.00e+00 
 5.13960336521504e-09   0.00e+00 
 5.14014712634884e-09   0.00e+00 
 5.14069089003380e-09   0.00e+00 
 5.14123465626958e-09   0.00e+00 
 5.14177842505585e-09   0.00e+00 
 5.14232219639227e-09   0.00e+00 
 5.14286597027849e-09   0.00e+00 
 5.14340974671418e-09   0.00e+00 
 5.14395352569901e-09   0.00e+00 
 5.14449730723263e-09   0.00e+00 
 5.14504109131471e-09   0.00e+00 
 5.14558487794491e-09   0.00e+00 
 5.14612866712289e-09   0.00e+00 
 5.14667245884831e-09   0.00e+00 
 5.14721625312084e-09   0.00e+00 
 5.14776004994014e-09   0.00e+00 
 5.14830384930587e-09   0.00e+00 
 5.14884765121769e-09   0.00e+00 
 5.14939145567527e-09   0.00e+00 
 5.14993526267827e-09   0.00e+00 
 5.15047907222635e-09   0.00e+00 
 5.15102288431918e-09   0.00e+00 
 5.15156669895642e-09   0.00e+00 
 5.15211051613773e-09   0.00e+00 
 5.15265433586277e-09   0.00e+00 
 5.15319815813122e-09   0.00e+00 
 5.15374198294272e-09   0.00e+00 
 5.15428581029695e-09   0.00e+00 
 5.15482964019356e-09   0.00e+00 
 5.15537347263223e-09   0.00e+00 
 5.15591730761262e-09   0.00e+00 
 5.15646114513438e-09   0.00e+00 
 5.15700498519718e-09   0.00e+00 
 5.15754882780069e-09   0.00e+00 
 5.15809267294458e-09   0.00e+00 
 5.15863652062850e-09   0.00e+00 
 5.15918037085211e-09   0.00e+00 
 5.15972422361509e-09   0.00e+00 
 5.16026807891710e-09   0.00e+00 
 5.16081193675779e-09   0.00e+00 
 5.16135579713685e-09   0.00e+00 
 5.16189966005392e-09   0.00e+00 
 5.16244352550868e-09   0.00e+00 
 5.16298739350078e-09   0.00e+00 
 5.16353126402990e-09   0.00e+00 
 5.16407513709570e-09   0.00e+00 
 5.16461901269784e-09   0.00e+00 
 5.16516289083599e-09   0.00e+00 
 5.16570677150981e-09   0.00e+00 
 5.16625065471897e-09   0.00e+00 
 5.16679454046313e-09   0.00e+00 
 5.16733842874196e-09   0.00e+00 
 5.16788231955512e-09   0.00e+00 
 5.16842621290228e-09   0.00e+00 
 5.16897010878311e-09   0.00e+00 
 5.16951400719726e-09   0.00e+00 
 5.17005790814441e-09   0.00e+00 
 5.17060181162422e-09   0.00e+00 
 5.17114571763635e-09   0.00e+00 
 5.17168962618048e-09   0.00e+00 
 5.17223353725626e-09   0.00e+00 
 5.17277745086337e-09   0.00e+00 
 5.17332136700146e-09   0.00e+00 
 5.17386528567021e-09   0.00e+00 
 5.17440920686928e-09   0.00e+00 
 5.17495313059834e-09   0.00e+00 
 5.17549705685705e-09   0.00e+00 
 5.17604098564508e-09   0.00e+00 
 5.17658491696209e-09   0.00e+00 
 5.17712885080776e-09   0.00e+00 
 5.17767278718174e-09   0.00e+00 
 5.17821672608372e-09   0.00e+00 
 5.17876066751334e-09   0.00e+00 
 5.17930461147028e-09   0.00e+00 
 5.17984855795421e-09   0.00e+00 
 5.18039250696479e-09   0.00e+00 
 5.18093645850169e-09   0.00e+00 
 5.18148041256457e-09   0.00e+00 
 5.18202436915311e-09   0.00e+00 
 5.18256832826697e-09   0.00e+00 
 5.18311228990581e-09   0.00e+00 
 5.18365625406931e-09   0.00e+00 
 5.18420022075714e-09   0.00e+00 
 5.18474418996895e-09   0.00e+00 
 5.18528816170442e-09   0.00e+00 
 5.18583213596321e-09   0.00e+00 
 5.18637611274499e-09   0.00e+00 
 5.18692009204943e-09   0.00e+00 
 5.18746407387621e-09   0.00e+00 
 5.18800805822498e-09   0.00e+00 
 5.18855204509541e-09   0.00e+00 
 5.18909603448717e-09   0.00e+00 
 5.18964002639993e-09   0.00e+00 
 5.19018402083336e-09   0.00e+00 
 5.19072801778712e-09   0.00e+00 
 5.19127201726089e-09   0.00e+00 
 5.19181601925433e-09   0.00e+00 
 5.19236002376711e-09   0.00e+00 
 5.19290403079889e-09   0.00e+00 
 5.19344804034936e-09   0.00e+00 
 5.19399205241817e-09   0.00e+00 
 5.19453606700499e-09   0.00e+00 
 5.19508008410950e-09   0.00e+00 
 5.19562410373136e-09   0.00e+00 
 5.19616812587025e-09   0.00e+00 
 5.19671215052582e-09   0.00e+00 
 5.19725617769775e-09   0.00e+00 
 5.19780020738571e-09   0.00e+00 
 5.19834423958937e-09   0.00e+00 
 5.19888827430839e-09   0.00e+00 
 5.19943231154245e-09   0.00e+00 
 5.19997635129121e-09   0.00e+00 
 5.20052039355434e-09   0.00e+00 
 5.20106443833152e-09   0.00e+00 
 5.20160848562242e-09   0.00e+00 
 5.20215253542670e-09   0.00e+00 
 5.20269658774403e-09   0.00e+00 
 5.20324064257408e-09   0.00e+00 
 5.20378469991652e-09   0.00e+00 
 5.20432875977103e-09   0.00e+00 
 5.20487282213727e-09   0.00e+00 
 5.20541688701492e-09   0.00e+00 
 5.20596095440363e-09   0.00e+00 
 5.20650502430309e-09   0.00e+00 
 5.20704909671296e-09   0.00e+00 
 5.20759317163291e-09   0.00e+00 
 5.20813724906262e-09   0.00e+00 
 5.20868132900175e-09   0.00e+00 
 5.20922541144997e-09   0.00e+00 
 5.20976949640697e-09   0.00e+00 
 5.21031358387239e-09   0.00e+00 
 5.21085767384592e-09   0.00e+00 
 5.21140176632723e-09   0.00e+00 
 5.21194586131599e-09   0.00e+00 
 5.21248995881187e-09   0.00e+00 
 5.21303405881454e-09   0.00e+00 
 5.21357816132366e-09   0.00e+00 
 5.21412226633892e-09   0.00e+00 
 5.21466637385999e-09   0.00e+00 
 5.21521048388653e-09   0.00e+00 
 5.21575459641821e-09   0.00e+00 
 5.21629871145471e-09   0.00e+00 
 5.21684282899570e-09   0.00e+00 
 5.21738694904085e-09   0.00e+00 
 5.21793107158983e-09   0.00e+00 
 5.21847519664232e-09   0.00e+00 
 5.21901932419798e-09   0.00e+00 
 5.21956345425649e-09   0.00e+00 
 5.22010758681751e-09   0.00e+00 
 5.22065172188073e-09   0.00e+00 
 5.22119585944582e-09   0.00e+00 
 5.22173999951243e-09   0.00e+00 
 5.22228414208026e-09   0.00e+00 
 5.22282828714896e-09   0.00e+00 
 5.22337243471822e-09   0.00e+00 
 5.22391658478770e-09   0.00e+00 
 5.22446073735707e-09   0.00e+00 
 5.22500489242602e-09   0.00e+00 
 5.22554904999420e-09   0.00e+00 
 5.22609321006131e-09   0.00e+00 
 5.22663737262699e-09   0.00e+00 
 5.22718153769094e-09   0.00e+00 
 5.22772570525282e-09   0.00e+00 
 5.22826987531230e-09   0.00e+00 
 5.22881404786906e-09   0.00e+00 
 5.22935822292278e-09   0.00e+00 
 5.22990240047311e-09   0.00e+00 
 5.23044658051975e-09   0.00e+00 
 5.23099076306235e-09   0.00e+00 
 5.23153494810060e-09   0.00e+00 
 5.23207913563416e-09   0.00e+00 
 5.23262332566272e-09   0.00e+00 
 5.23316751818594e-09   0.00e+00 
 5.23371171320350e-09   0.00e+00 
 5.23425591071507e-09   0.00e+00 
 5.23480011072033e-09   0.00e+00 
 5.23534431321894e-09   0.00e+00 
 5.23588851821058e-09   0.00e+00 
 5.23643272569493e-09   0.00e+00 
 5.23697693567166e-09   0.00e+00 
 5.23752114814045e-09   0.00e+00 
 5.23806536310096e-09   0.00e+00 
 5.23860958055288e-09   0.00e+00 
 5.23915380049587e-09   0.00e+00 
 5.23969802292961e-09   0.00e+00 
 5.24024224785377e-09   0.00e+00 
 5.24078647526804e-09   0.00e+00 
 5.24133070517208e-09   0.00e+00 
 5.24187493756557e-09   0.00e+00 
 5.24241917244818e-09   0.00e+00 
 5.24296340981959e-09   0.00e+00 
 5.24350764967948e-09   0.00e+00 
 5.24405189202751e-09   0.00e+00 
 5.24459613686336e-09   0.00e+00 
 5.24514038418671e-09   0.00e+00 
 5.24568463399723e-09   0.00e+00 
 5.24622888629460e-09   0.00e+00 
 5.24677314107849e-09   0.00e+00 
 5.24731739834858e-09   0.00e+00 
 5.24786165810454e-09   0.00e+00 
 5.24840592034604e-09   0.00e+00 
 5.24895018507277e-09   0.00e+00 
 5.24949445228440e-09   0.00e+00 
 5.25003872198061e-09   0.00e+00 
 5.25058299416106e-09   0.00e+00 
 5.25112726882544e-09   0.00e+00 
 5.25167154597342e-09   0.00e+00 
 5.25221582560467e-09   0.00e+00 
 5.25276010771888e-09   0.00e+00 
 5.25330439231572e-09   0.00e+00 
 5.25384867939486e-09   0.00e+00 
 5.25439296895599e-09   0.00e+00 
 5.25493726099877e-09   0.00e+00 
 5.25548155552288e-09   0.00e+00 
 5.25602585252800e-09   0.00e+00 
 5.25657015201381e-09   0.00e+00 
 5.25711445397998e-09   0.00e+00 
 5.25765875842618e-09   0.00e+00 
 5.25820306535211e-09   0.00e+00 
 5.25874737475742e-09   0.00e+00 
 5.25929168664180e-09   0.00e+00 
 5.25983600100493e-09   0.00e+00 
 5.26038031784648e-09   0.00e+00 
 5.26092463716612e-09   0.00e+00 
 5.26146895896354e-09   0.00e+00 
 5.26201328323842e-09   0.00e+00 
 5.26255760999042e-09   0.00e+00 
 5.26310193921923e-09   0.00e+00 
 5.26364627092452e-09   0.00e+00 
 5.26419060510597e-09   0.00e+00 
 5.26473494176326e-09   0.00e+00 
 5.26527928089607e-09   0.00e+00 
 5.26582362250407e-09   0.00e+00 
 5.26636796658693e-09   0.00e+00 
 5.26691231314435e-09   0.00e+00 
 5.26745666217599e-09   0.00e+00 
 5.26800101368154e-09   0.00e+00 
 5.26854536766067e-09   0.00e+00 
 5.26908972411305e-09   0.00e+00 
 5.26963408303837e-09   0.00e+00 
 5.27017844443631e-09   0.00e+00 
 5.27072280830653e-09   0.00e+00 
 5.27126717464873e-09   0.00e+00 
 5.27181154346258e-09   0.00e+00 
 5.27235591474775e-09   0.00e+00 
 5.27290028850393e-09   0.00e+00 
 5.27344466473079e-09   0.00e+00 
 5.27398904342802e-09   0.00e+00 
 5.27453342459528e-09   0.00e+00 
 5.27507780823227e-09   0.00e+00 
 5.27562219433865e-09   0.00e+00 
 5.27616658291411e-09   0.00e+00 
 5.27671097395832e-09   0.00e+00 
 5.27725536747096e-09   0.00e+00 
 5.27779976345172e-09   0.00e+00 
 5.27834416190027e-09   0.00e+00 
 5.27888856281629e-09   0.00e+00 
 5.27943296619946e-09   0.00e+00 
 5.27997737204946e-09   0.00e+00 
 5.28052178036597e-09   0.00e+00 
 5.28106619114867e-09   0.00e+00 
 5.28161060439723e-09   0.00e+00 
 5.28215502011134e-09   0.00e+00 
 5.28269943829067e-09   0.00e+00 
 5.28324385893490e-09   0.00e+00 
 5.28378828204373e-09   0.00e+00 
 5.28433270761682e-09   0.00e+00 
 5.28487713565385e-09   0.00e+00 
 5.28542156615450e-09   0.00e+00 
 5.28596599911846e-09   0.00e+00 
 5.28651043454541e-09   0.00e+00 
 5.28705487243502e-09   0.00e+00 
 5.28759931278697e-09   0.00e+00 
 5.28814375560095e-09   0.00e+00 
 5.28868820087663e-09   0.00e+00 
 5.28923264861369e-09   0.00e+00 
 5.28977709881182e-09   0.00e+00 
 5.29032155147070e-09   0.00e+00 
 5.29086600659000e-09   0.00e+00 
 5.29141046416941e-09   0.00e+00 
 5.29195492420861e-09   0.00e+00 
 5.29249938670727e-09   0.00e+00 
 5.29304385166508e-09   0.00e+00 
 5.29358831908172e-09   0.00e+00 
 5.29413278895687e-09   0.00e+00 
 5.29467726129021e-09   0.00e+00 
 5.29522173608143e-09   0.00e+00 
 5.29576621333019e-09   0.00e+00 
 5.29631069303620e-09   0.00e+00 
 5.29685517519912e-09   0.00e+00 
 5.29739965981863e-09   0.00e+00 
 5.29794414689442e-09   0.00e+00 
 5.29848863642617e-09   0.00e+00 
 5.29903312841357e-09   0.00e+00 
 5.29957762285628e-09   0.00e+00 
 5.30012211975400e-09   0.00e+00 
 5.30066661910641e-09   0.00e+00 
 5.30121112091318e-09   0.00e+00 
 5.30175562517401e-09   0.00e+00 
 5.30230013188857e-09   0.00e+00 
 5.30284464105653e-09   0.00e+00 
 5.30338915267760e-09   0.00e+00 
 5.30393366675144e-09   0.00e+00 
 5.30447818327774e-09   0.00e+00 
 5.30502270225619e-09   0.00e+00 
 5.30556722368646e-09   0.00e+00 
 5.30611174756823e-09   0.00e+00 
 5.30665627390119e-09   0.00e+00 
 5.30720080268503e-09   0.00e+00 
 5.30774533391942e-09   0.00e+00 
 5.30828986760405e-09   0.00e+00 
 5.30883440373859e-09   0.00e+00 
 5.30937894232274e-09   0.00e+00 
 5.30992348335617e-09   0.00e+00 
 5.31046802683857e-09   0.00e+00 
 5.31101257276962e-09   0.00e+00 
 5.31155712114901e-09   0.00e+00 
 5.31210167197641e-09   0.00e+00 
 5.31264622525151e-09   0.00e+00 
 5.31319078097399e-09   0.00e+00 
 5.31373533914354e-09   0.00e+00 
 5.31427989975984e-09   0.00e+00 
 5.31482446282258e-09   0.00e+00 
 5.31536902833143e-09   0.00e+00 
 5.31591359628608e-09   0.00e+00 
 5.31645816668621e-09   0.00e+00 
 5.31700273953151e-09   0.00e+00 
 5.31754731482167e-09   0.00e+00 
 5.31809189255636e-09   0.00e+00 
 5.31863647273526e-09   0.00e+00 
 5.31918105535808e-09   0.00e+00 
 5.31972564042448e-09   0.00e+00 
 5.32027022793414e-09   0.00e+00 
 5.32081481788677e-09   0.00e+00 
 5.32135941028204e-09   0.00e+00 
 5.32190400511962e-09   0.00e+00 
 5.32244860239922e-09   0.00e+00 
 5.32299320212051e-09   0.00e+00 
 5.32353780428317e-09   0.00e+00 
 5.32408240888690e-09   0.00e+00 
 5.32462701593138e-09   0.00e+00 
 5.32517162541628e-09   0.00e+00 
 5.32571623734130e-09   0.00e+00 
 5.32626085170612e-09   0.00e+00 
 5.32680546851042e-09   0.00e+00 
 5.32735008775390e-09   0.00e+00 
 5.32789470943623e-09   0.00e+00 
 5.32843933355710e-09   0.00e+00 
 5.32898396011620e-09   0.00e+00 
 5.32952858911320e-09   0.00e+00 
 5.33007322054780e-09   0.00e+00 
 5.33061785441969e-09   0.00e+00 
 5.33116249072853e-09   0.00e+00 
 5.33170712947404e-09   0.00e+00 
 5.33225177065588e-09   0.00e+00 
 5.33279641427374e-09   0.00e+00 
 5.33334106032731e-09   0.00e+00 
 5.33388570881628e-09   0.00e+00 
 5.33443035974032e-09   0.00e+00 
 5.33497501309913e-09   0.00e+00 
 5.33551966889240e-09   0.00e+00 
 5.33606432711980e-09   0.00e+00 
 5.33660898778103e-09   0.00e+00 
 5.33715365087576e-09   0.00e+00 
 5.33769831640370e-09   0.00e+00 
 5.33824298436451e-09   0.00e+00 
 5.33878765475789e-09   0.00e+00 
 5.33933232758353e-09   0.00e+00 
 5.33987700284111e-09   0.00e+00 
 5.34042168053032e-09   0.00e+00 
 5.34096636065085e-09   0.00e+00 
 5.34151104320237e-09   0.00e+00 
 5.34205572818458e-09   0.00e+00 
 5.34260041559717e-09   0.00e+00 
 5.34314510543982e-09   0.00e+00 
 5.34368979771222e-09   0.00e+00 
 5.34423449241405e-09   0.00e+00 
 5.34477918954500e-09   0.00e+00 
 5.34532388910477e-09   0.00e+00 
 5.34586859109303e-09   0.00e+00 
 5.34641329550947e-09   0.00e+00 
 5.34695800235379e-09   0.00e+00 
 5.34750271162566e-09   0.00e+00 
 5.34804742332478e-09   0.00e+00 
 5.34859213745084e-09   0.00e+00 
 5.34913685400351e-09   0.00e+00 
 5.34968157298249e-09   0.00e+00 
 5.35022629438747e-09   0.00e+00 
 5.35077101821813e-09   0.00e+00 
 5.35131574447416e-09   0.00e+00 
 5.35186047315525e-09   0.00e+00 
 5.35240520426109e-09   0.00e+00 
 5.35294993779136e-09   0.00e+00 
 5.35349467374576e-09   0.00e+00 
 5.35403941212397e-09   0.00e+00 
 5.35458415292568e-09   0.00e+00 
 5.35512889615058e-09   0.00e+00 
 5.35567364179835e-09   0.00e+00 
 5.35621838986868e-09   0.00e+00 
 5.35676314036127e-09   0.00e+00 
 5.35730789327580e-09   0.00e+00 
 5.35785264861196e-09   0.00e+00 
 5.35839740636944e-09   0.00e+00 
 5.35894216654792e-09   0.00e+00 
 5.35948692914710e-09   0.00e+00 
 5.36003169416666e-09   0.00e+00 
 5.36057646160629e-09   0.00e+00 
 5.36112123146569e-09   0.00e+00 
 5.36166600374454e-09   0.00e+00 
 5.36221077844252e-09   0.00e+00 
 5.36275555555934e-09   0.00e+00 
 5.36330033509467e-09   0.00e+00 
 5.36384511704822e-09   0.00e+00 
 5.36438990141965e-09   0.00e+00 
 5.36493468820868e-09   0.00e+00 
 5.36547947741498e-09   0.00e+00 
 5.36602426903824e-09   0.00e+00 
 5.36656906307816e-09   0.00e+00 
 5.36711385953443e-09   0.00e+00 
 5.36765865840673e-09   0.00e+00 
 5.36820345969474e-09   0.00e+00 
 5.36874826339818e-09   0.00e+00 
 5.36929306951671e-09   0.00e+00 
 5.36983787805004e-09   0.00e+00 
 5.37038268899785e-09   0.00e+00 
 5.37092750235983e-09   0.00e+00 
 5.37147231813568e-09   0.00e+00 
 5.37201713632508e-09   0.00e+00 
 5.37256195692772e-09   0.00e+00 
 5.37310677994330e-09   0.00e+00 
 5.37365160537149e-09   0.00e+00 
 5.37419643321201e-09   0.00e+00 
 5.37474126346452e-09   0.00e+00 
 5.37528609612873e-09   0.00e+00 
 5.37583093120433e-09   0.00e+00 
 5.37637576869101e-09   0.00e+00 
 5.37692060858845e-09   0.00e+00 
 5.37746545089635e-09   0.00e+00 
 5.37801029561440e-09   0.00e+00 
 5.37855514274228e-09   0.00e+00 
 5.37909999227970e-09   0.00e+00 
 5.37964484422633e-09   0.00e+00 
 5.38018969858188e-09   0.00e+00 
 5.38073455534604e-09   0.00e+00 
 5.38127941451848e-09   0.00e+00 
 5.38182427609892e-09   0.00e+00 
 5.38236914008703e-09   0.00e+00 
 5.38291400648250e-09   0.00e+00 
 5.38345887528504e-09   0.00e+00 
 5.38400374649433e-09   0.00e+00 
 5.38454862011007e-09   0.00e+00 
 5.38509349613193e-09   0.00e+00 
 5.38563837455963e-09   0.00e+00 
 5.38618325539283e-09   0.00e+00 
 5.38672813863126e-09   0.00e+00 
 5.38727302427458e-09   0.00e+00 
 5.38781791232249e-09   0.00e+00 
 5.38836280277469e-09   0.00e+00 
 5.38890769563087e-09   0.00e+00 
 5.38945259089072e-09   0.00e+00 
 5.38999748855393e-09   0.00e+00 
 5.39054238862020e-09   0.00e+00 
 5.39108729108921e-09   0.00e+00 
 5.39163219596066e-09   0.00e+00 
 5.39217710323423e-09   0.00e+00 
 5.39272201290964e-09   0.00e+00 
 5.39326692498656e-09   0.00e+00 
 5.39381183946469e-09   0.00e+00 
 5.39435675634371e-09   0.00e+00 
 5.39490167562334e-09   0.00e+00 
 5.39544659730325e-09   0.00e+00 
 5.39599152138314e-09   0.00e+00 
 5.39653644786270e-09   0.00e+00 
 5.39708137674163e-09   0.00e+00 
 5.39762630801961e-09   0.00e+00 
 5.39817124169635e-09   0.00e+00 
 5.39871617777153e-09   0.00e+00 
 5.39926111624485e-09   0.00e+00 
 5.39980605711600e-09   0.00e+00 
 5.40035100038468e-09   0.00e+00 
 5.40089594605057e-09   0.00e+00 
 5.40144089411337e-09   0.00e+00 
 5.40198584457278e-09   0.00e+00 
 5.40253079742849e-09   0.00e+00 
 5.40307575268019e-09   0.00e+00 
 5.40362071032758e-09   0.00e+00 
 5.40416567037034e-09   0.00e+00 
 5.40471063280817e-09   0.00e+00 
 5.40525559764078e-09   0.00e+00 
 5.40580056486784e-09   0.00e+00 
 5.40634553448906e-09   0.00e+00 
 5.40689050650413e-09   0.00e+00 
 5.40743548091274e-09   0.00e+00 
 5.40798045771459e-09   0.00e+00 
 5.40852543690938e-09   0.00e+00 
 5.40907041849678e-09   0.00e+00 
 5.40961540247651e-09   0.00e+00 
 5.41016038884825e-09   0.00e+00 
 5.41070537761170e-09   0.00e+00 
 5.41125036876656e-09   0.00e+00 
 5.41179536231251e-09   0.00e+00 
 5.41234035824926e-09   0.00e+00 
 5.41288535657649e-09   0.00e+00 
 5.41343035729391e-09   0.00e+00 
 5.41397536040120e-09   0.00e+00 
 5.41452036589807e-09   0.00e+00 
 5.41506537378420e-09   0.00e+00 
 5.41561038405929e-09   0.00e+00 
 5.41615539672305e-09   0.00e+00 
 5.41670041177515e-09   0.00e+00 
 5.41724542921531e-09   0.00e+00 
 5.41779044904320e-09   0.00e+00 
 5.41833547125854e-09   0.00e+00 
 5.41888049586101e-09   0.00e+00 
 5.41942552285031e-09   0.00e+00 
 5.41997055222613e-09   0.00e+00 
 5.42051558398818e-09   0.00e+00 
 5.42106061813614e-09   0.00e+00 
 5.42160565466971e-09   0.00e+00 
 5.42215069358860e-09   0.00e+00 
 5.42269573489248e-09   0.00e+00 
 5.42324077858106e-09   0.00e+00 
 5.42378582465404e-09   0.00e+00 
 5.42433087311112e-09   0.00e+00 
 5.42487592395198e-09   0.00e+00 
 5.42542097717632e-09   0.00e+00 
 5.42596603278384e-09   0.00e+00 
 5.42651109077424e-09   0.00e+00 
 5.42705615114721e-09   0.00e+00 
 5.42760121390245e-09   0.00e+00 
 5.42814627903966e-09   0.00e+00 
 5.42869134655853e-09   0.00e+00 
 5.42923641645876e-09   0.00e+00 
 5.42978148874004e-09   0.00e+00 
 5.43032656340208e-09   0.00e+00 
 5.43087164044456e-09   0.00e+00 
 5.43141671986719e-09   0.00e+00 
 5.43196180166967e-09   0.00e+00 
 5.43250688585168e-09   0.00e+00 
 5.43305197241293e-09   0.00e+00 
 5.43359706135311e-09   0.00e+00 
 5.43414215267193e-09   0.00e+00 
 5.43468724636907e-09   0.00e+00 
 5.43523234244424e-09   0.00e+00 
 5.43577744089713e-09   0.00e+00 
 5.43632254172744e-09   0.00e+00 
 5.43686764493486e-09   0.00e+00 
 5.43741275051910e-09   0.00e+00 
 5.43795785847986e-09   0.00e+00 
 5.43850296881682e-09   0.00e+00 
 5.43904808152970e-09   0.00e+00 
 5.43959319661818e-09   0.00e+00 
 5.44013831408196e-09   0.00e+00 
 5.44068343392075e-09   0.00e+00 
 5.44122855613423e-09   0.00e+00 
 5.44177368072212e-09   0.00e+00 
 5.44231880768410e-09   0.00e+00 
 5.44286393701987e-09   0.00e+00 
 5.44340906872913e-09   0.00e+00 
 5.44395420281158e-09   0.00e+00 
 5.44449933926693e-09   0.00e+00 
 5.44504447809486e-09   0.00e+00 
 5.44558961929507e-09   0.00e+00 
 5.44613476286727e-09   0.00e+00 
 5.44667990881115e-09   0.00e+00 
 5.44722505712642e-09   0.00e+00 
 5.44777020781277e-09   0.00e+00 
 5.44831536086989e-09   0.00e+00 
 5.44886051629749e-09   0.00e+00 
 5.44940567409527e-09   0.00e+00 
 5.44995083426292e-09   0.00e+00 
 5.45049599680015e-09   0.00e+00 
 5.45104116170665e-09   0.00e+00 
 5.45158632898213e-09   0.00e+00 
 5.45213149862627e-09   0.00e+00 
 5.45267667063879e-09   0.00e+00 
 5.45322184501938e-09   0.00e+00 
 5.45376702176774e-09   0.00e+00 
 5.45431220088357e-09   0.00e+00 
 5.45485738236656e-09   0.00e+00 
 5.45540256621643e-09   0.00e+00 
 5.45594775243286e-09   0.00e+00 
 5.45649294101556e-09   0.00e+00 
 5.45703813196423e-09   0.00e+00 
 5.45758332527857e-09   0.00e+00 
 5.45812852095828e-09   0.00e+00 
 5.45867371900305e-09   0.00e+00 
 5.45921891941259e-09   0.00e+00 
 5.45976412218659e-09   0.00e+00 
 5.46030932732477e-09   0.00e+00 
 5.46085453482681e-09   0.00e+00 
 5.46139974469242e-09   0.00e+00 
 5.46194495692130e-09   0.00e+00 
 5.46249017151314e-09   0.00e+00 
 5.46303538846766e-09   0.00e+00 
 5.46358060778455e-09   0.00e+00 
 5.46412582946350e-09   0.00e+00 
 5.46467105350423e-09   0.00e+00 
 5.46521627990643e-09   0.00e+00 
 5.46576150866980e-09   0.00e+00 
 5.46630673979404e-09   0.00e+00 
 5.46685197327886e-09   0.00e+00 
 5.46739720912395e-09   0.00e+00 
 5.46794244732902e-09   0.00e+00 
 5.46848768789377e-09   0.00e+00 
 5.46903293081789e-09   0.00e+00 
 5.46957817610110e-09   0.00e+00 
 5.47012342374308e-09   0.00e+00 
 5.47066867374355e-09   0.00e+00 
 5.47121392610220e-09   0.00e+00 
 5.47175918081873e-09   0.00e+00 
 5.47230443789285e-09   0.00e+00 
 5.47284969732426e-09   0.00e+00 
 5.47339495911265e-09   0.00e+00 
 5.47394022325774e-09   0.00e+00 
 5.47448548975922e-09   0.00e+00 
 5.47503075861680e-09   0.00e+00 
 5.47557602983017e-09   0.00e+00 
 5.47612130339904e-09   0.00e+00 
 5.47666657932311e-09   0.00e+00 
 5.47721185760208e-09   0.00e+00 
 5.47775713823566e-09   0.00e+00 
 5.47830242122354e-09   0.00e+00 
 5.47884770656543e-09   0.00e+00 
 5.47939299426103e-09   0.00e+00 
 5.47993828431005e-09   0.00e+00 
 5.48048357671218e-09   0.00e+00 
 5.48102887146713e-09   0.00e+00 
 5.48157416857460e-09   0.00e+00 
 5.48211946803429e-09   0.00e+00 
 5.48266476984590e-09   0.00e+00 
 5.48321007400915e-09   0.00e+00 
 5.48375538052373e-09   0.00e+00 
 5.48430068938934e-09   0.00e+00 
 5.48484600060569e-09   0.00e+00 
 5.48539131417248e-09   0.00e+00 
 5.48593663008941e-09   0.00e+00 
 5.48648194835619e-09   0.00e+00 
 5.48702726897251e-09   0.00e+00 
 5.48757259193809e-09   0.00e+00 
 5.48811791725262e-09   0.00e+00 
 5.48866324491582e-09   0.00e+00 
 5.48920857492737e-09   0.00e+00 
 5.48975390728699e-09   0.00e+00 
 5.49029924199437e-09   0.00e+00 
 5.49084457904924e-09   0.00e+00 
 5.49138991845127e-09   0.00e+00 
 5.49193526020019e-09   0.00e+00 
 5.49248060429568e-09   0.00e+00 
 5.49302595073747e-09   0.00e+00 
 5.49357129952524e-09   0.00e+00 
 5.49411665065871e-09   0.00e+00 
 5.49466200413758e-09   0.00e+00 
 5.49520735996155e-09   0.00e+00 
 5.49575271813033e-09   0.00e+00 
 5.49629807864362e-09   0.00e+00 
 5.49684344150112e-09   0.00e+00 
 5.49738880670255e-09   0.00e+00 
 5.49793417424759e-09   0.00e+00 
 5.49847954413596e-09   0.00e+00 
 5.49902491636737e-09   0.00e+00 
 5.49957029094151e-09   0.00e+00 
 5.50011566785809e-09   0.00e+00 
 5.50066104711682e-09   0.00e+00 
 5.50120642871740e-09   0.00e+00 
 5.50175181265954e-09   0.00e+00 
 5.50229719894293e-09   0.00e+00 
 5.50284258756729e-09   0.00e+00 
 5.50338797853231e-09   0.00e+00 
 5.50393337183772e-09   0.00e+00 
 5.50447876748320e-09   0.00e+00 
 5.50502416546846e-09   0.00e+00 
 5.50556956579321e-09   0.00e+00 
 5.50611496845716e-09   0.00e+00 
 5.50666037346001e-09   0.00e+00 
 5.50720578080146e-09   0.00e+00 
 5.50775119048122e-09   0.00e+00 
 5.50829660249900e-09   0.00e+00 
 5.50884201685450e-09   0.00e+00 
 5.50938743354743e-09   0.00e+00 
 5.50993285257749e-09   0.00e+00 
 5.51047827394439e-09   0.00e+00 
 5.51102369764782e-09   0.00e+00 
 5.51156912368751e-09   0.00e+00 
 5.51211455206316e-09   0.00e+00 
 5.51265998277446e-09   0.00e+00 
 5.51320541582113e-09   0.00e+00 
 5.51375085120288e-09   0.00e+00 
 5.51429628891940e-09   0.00e+00 
 5.51484172897041e-09   0.00e+00 
 5.51538717135561e-09   0.00e+00 
 5.51593261607471e-09   0.00e+00 
 5.51647806312741e-09   0.00e+00 
 5.51702351251342e-09   0.00e+00 
 5.51756896423244e-09   0.00e+00 
 5.51811441828419e-09   0.00e+00 
 5.51865987466837e-09   0.00e+00 
 5.51920533338468e-09   0.00e+00 
 5.51975079443283e-09   0.00e+00 
 5.52029625781254e-09   0.00e+00 
 5.52084172352349e-09   0.00e+00 
 5.52138719156541e-09   0.00e+00 
 5.52193266193800e-09   0.00e+00 
 5.52247813464097e-09   0.00e+00 
 5.52302360967401e-09   0.00e+00 
 5.52356908703685e-09   0.00e+00 
 5.52411456672919e-09   0.00e+00 
 5.52466004875072e-09   0.00e+00 
 5.52520553310117e-09   0.00e+00 
 5.52575101978024e-09   0.00e+00 
 5.52629650878763e-09   0.00e+00 
 5.52684200012306e-09   0.00e+00 
 5.52738749378622e-09   0.00e+00 
 5.52793298977683e-09   0.00e+00 
 5.52847848809460e-09   0.00e+00 
 5.52902398873923e-09   0.00e+00 
 5.52956949171044e-09   0.00e+00 
 5.53011499700792e-09   0.00e+00 
 5.53066050463138e-09   0.00e+00 
 5.53120601458054e-09   0.00e+00 
 5.53175152685510e-09   0.00e+00 
 5.53229704145477e-09   0.00e+00 
 5.53284255837925e-09   0.00e+00 
 5.53338807762827e-09   0.00e+00 
 5.53393359920151e-09   0.00e+00 
 5.53447912309870e-09   0.00e+00 
 5.53502464931953e-09   0.00e+00 
 5.53557017786372e-09   0.00e+00 
 5.53611570873098e-09   0.00e+00 
 5.53666124192101e-09   0.00e+00 
 5.53720677743353e-09   0.00e+00 
 5.53775231526824e-09   0.00e+00 
 5.53829785542485e-09   0.00e+00 
 5.53884339790306e-09   0.00e+00 
 5.53938894270260e-09   0.00e+00 
 5.53993448982316e-09   0.00e+00 
 5.54048003926445e-09   0.00e+00 
 5.54102559102619e-09   0.00e+00 
 5.54157114510808e-09   0.00e+00 
 5.54211670150984e-09   0.00e+00 
 5.54266226023116e-09   0.00e+00 
 5.54320782127176e-09   0.00e+00 
 5.54375338463135e-09   0.00e+00 
 5.54429895030964e-09   0.00e+00 
 5.54484451830633e-09   0.00e+00 
 5.54539008862114e-09   0.00e+00 
 5.54593566125377e-09   0.00e+00 
 5.54648123620394e-09   0.00e+00 
 5.54702681347136e-09   0.00e+00 
 5.54757239305573e-09   0.00e+00 
 5.54811797495675e-09   0.00e+00 
 5.54866355917416e-09   0.00e+00 
 5.54920914570764e-09   0.00e+00 
 5.54975473455692e-09   0.00e+00 
 5.55030032572170e-09   0.00e+00 
 5.55084591920169e-09   0.00e+00 
 5.55139151499661e-09   0.00e+00 
 5.55193711310615e-09   0.00e+00 
 5.55248271353004e-09   0.00e+00 
 5.55302831626797e-09   0.00e+00 
 5.55357392131967e-09   0.00e+00 
 5.55411952868484e-09   0.00e+00 
 5.55466513836320e-09   0.00e+00 
 5.55521075035444e-09   0.00e+00 
 5.55575636465830e-09   0.00e+00 
 5.55630198127446e-09   0.00e+00 
 5.55684760020265e-09   0.00e+00 
 5.55739322144257e-09   0.00e+00 
 5.55793884499393e-09   0.00e+00 
 5.55848447085646e-09   0.00e+00 
 5.55903009902984e-09   0.00e+00 
 5.55957572951381e-09   0.00e+00 
 5.56012136230806e-09   0.00e+00 
 5.56066699741231e-09   0.00e+00 
 5.56121263482628e-09   0.00e+00 
 5.56175827454966e-09   0.00e+00 
 5.56230391658217e-09   0.00e+00 
 5.56284956092353e-09   0.00e+00 
 5.56339520757344e-09   0.00e+00 
 5.56394085653162e-09   0.00e+00 
 5.56448650779777e-09   0.00e+00 
 5.56503216137161e-09   0.00e+00 
 5.56557781725285e-09   0.00e+00 
 5.56612347544120e-09   0.00e+00 
 5.56666913593638e-09   0.00e+00 
 5.56721479873808e-09   0.00e+00 
 5.56776046384604e-09   0.00e+00 
 5.56830613125995e-09   0.00e+00 
 5.56885180097952e-09   0.00e+00 
 5.56939747300448e-09   0.00e+00 
 5.56994314733454e-09   0.00e+00 
 5.57048882396939e-09   0.00e+00 
 5.57103450290876e-09   0.00e+00 
 5.57158018415236e-09   0.00e+00 
 5.57212586769991e-09   0.00e+00 
 5.57267155355110e-09   0.00e+00 
 5.57321724170566e-09   0.00e+00 
 5.57376293216329e-09   0.00e+00 
 5.57430862492372e-09   0.00e+00 
 5.57485431998665e-09   0.00e+00 
 5.57540001735179e-09   0.00e+00 
 5.57594571701886e-09   0.00e+00 
 5.57649141898756e-09   0.00e+00 
 5.57703712325762e-09   0.00e+00 
 5.57758282982875e-09   0.00e+00 
 5.57812853870065e-09   0.00e+00 
 5.57867424987304e-09   0.00e+00 
 5.57921996334564e-09   0.00e+00 
 5.57976567911815e-09   0.00e+00 
 5.58031139719029e-09   0.00e+00 
 5.58085711756177e-09   0.00e+00 
 5.58140284023231e-09   0.00e+00 
 5.58194856520162e-09   0.00e+00 
 5.58249429246940e-09   0.00e+00 
 5.58304002203538e-09   0.00e+00 
 5.58358575389927e-09   0.00e+00 
 5.58413148806078e-09   0.00e+00 
 5.58467722451962e-09   0.00e+00 
 5.58522296327552e-09   0.00e+00 
 5.58576870432817e-09   0.00e+00 
 5.58631444767730e-09   0.00e+00 
 5.58686019332262e-09   0.00e+00 
 5.58740594126384e-09   0.00e+00 
 5.58795169150067e-09   0.00e+00 
 5.58849744403284e-09   0.00e+00 
 5.58904319886006e-09   0.00e+00 
 5.58958895598203e-09   0.00e+00 
 5.59013471539847e-09   0.00e+00 
 5.59068047710910e-09   0.00e+00 
 5.59122624111362e-09   0.00e+00 
 5.59177200741177e-09   0.00e+00 
 5.59231777600324e-09   0.00e+00 
 5.59286354688775e-09   0.00e+00 
 5.59340932006502e-09   0.00e+00 
 5.59395509553477e-09   0.00e+00 
 5.59450087329670e-09   0.00e+00 
 5.59504665335053e-09   0.00e+00 
 5.59559243569597e-09   0.00e+00 
 5.59613822033275e-09   0.00e+00 
 5.59668400726057e-09   0.00e+00 
 5.59722979647915e-09   0.00e+00 
 5.59777558798820e-09   0.00e+00 
 5.59832138178744e-09   0.00e+00 
 5.59886717787659e-09   0.00e+00 
 5.59941297625536e-09   0.00e+00 
 5.59995877692346e-09   0.00e+00 
 5.60050457988061e-09   0.00e+00 
 5.60105038512652e-09   0.00e+00 
 5.60159619266091e-09   0.00e+00 
 5.60214200248350e-09   0.00e+00 
 5.60268781459399e-09   0.00e+00 
 5.60323362899212e-09   0.00e+00 
 5.60377944567758e-09   0.00e+00 
 5.60432526465010e-09   0.00e+00 
 5.60487108590939e-09   0.00e+00 
 5.60541690945517e-09   0.00e+00 
 5.60596273528716e-09   0.00e+00 
 5.60650856340506e-09   0.00e+00 
 5.60705439380859e-09   0.00e+00 
 5.60760022649748e-09   0.00e+00 
 5.60814606147143e-09   0.00e+00 
 5.60869189873017e-09   0.00e+00 
 5.60923773827341e-09   0.00e+00 
 5.60978358010086e-09   0.00e+00 
 5.61032942421224e-09   0.00e+00 
 5.61087527060727e-09   0.00e+00 
 5.61142111928566e-09   0.00e+00 
 5.61196697024713e-09   0.00e+00 
 5.61251282349139e-09   0.00e+00 
 5.61305867901817e-09   0.00e+00 
 5.61360453682718e-09   0.00e+00 
 5.61415039691813e-09   0.00e+00 
 5.61469625929074e-09   0.00e+00 
 5.61524212394473e-09   0.00e+00 
 5.61578799087982e-09   0.00e+00 
 5.61633386009572e-09   0.00e+00 
 5.61687973159215e-09   0.00e+00 
 5.61742560536882e-09   0.00e+00 
 5.61797148142546e-09   0.00e+00 
 5.61851735976177e-09   0.00e+00 
 5.61906324037749e-09   0.00e+00 
 5.61960912327231e-09   0.00e+00 
 5.62015500844597e-09   0.00e+00 
 5.62070089589817e-09   0.00e+00 
 5.62124678562864e-09   0.00e+00 
 5.62179267763709e-09   0.00e+00 
 5.62233857192325e-09   0.00e+00 
 5.62288446848682e-09   0.00e+00 
 5.62343036732752e-09   0.00e+00 
 5.62397626844508e-09   0.00e+00 
 5.62452217183920e-09   0.00e+00 
 5.62506807750962e-09   0.00e+00 
 5.62561398545604e-09   0.00e+00 
 5.62615989567818e-09   0.00e+00 
 5.62670580817576e-09   0.00e+00 
 5.62725172294851e-09   0.00e+00 
 5.62779763999613e-09   0.00e+00 
 5.62834355931834e-09   0.00e+00 
 5.62888948091487e-09   0.00e+00 
 5.62943540478543e-09   0.00e+00 
 5.62998133092973e-09   0.00e+00 
 5.63052725934751e-09   0.00e+00 
 5.63107319003847e-09   0.00e+00 
 5.63161912300233e-09   0.00e+00 
 5.63216505823882e-09   0.00e+00 
 5.63271099574764e-09   0.00e+00 
 5.63325693552853e-09   0.00e+00 
 5.63380287758119e-09   0.00e+00 
 5.63434882190535e-09   0.00e+00 
 5.63489476850072e-09   0.00e+00 
 5.63544071736703e-09   0.00e+00 
 5.63598666850399e-09   0.00e+00 
 5.63653262191132e-09   0.00e+00 
 5.63707857758874e-09   0.00e+00 
 5.63762453553597e-09   0.00e+00 
 5.63817049575273e-09   0.00e+00 
 5.63871645823873e-09   0.00e+00 
 5.63926242299370e-09   0.00e+00 
 5.63980839001735e-09   0.00e+00 
 5.64035435930941e-09   0.00e+00 
 5.64090033086960e-09   0.00e+00 
 5.64144630469762e-09   0.00e+00 
 5.64199228079321e-09   0.00e+00 
 5.64253825915608e-09   0.00e+00 
 5.64308423978595e-09   0.00e+00 
 5.64363022268255e-09   0.00e+00 
 5.64417620784558e-09   0.00e+00 
 5.64472219527477e-09   0.00e+00 
 5.64526818496985e-09   0.00e+00 
 5.64581417693052e-09   0.00e+00 
 5.64636017115651e-09   0.00e+00 
 5.64690616764754e-09   0.00e+00 
 5.64745216640333e-09   0.00e+00 
 5.64799816742359e-09   0.00e+00 
 5.64854417070806e-09   0.00e+00 
 5.64909017625645e-09   0.00e+00 
 5.64963618406847e-09   0.00e+00 
 5.65018219414385e-09   0.00e+00 
 5.65072820648232e-09   0.00e+00 
 5.65127422108358e-09   0.00e+00 
 5.65182023794736e-09   0.00e+00 
 5.65236625707338e-09   0.00e+00 
 5.65291227846136e-09   0.00e+00 
 5.65345830211103e-09   0.00e+00 
 5.65400432802209e-09   0.00e+00 
 5.65455035619428e-09   0.00e+00 
 5.65509638662732e-09   0.00e+00 
 5.65564241932091e-09   0.00e+00 
 5.65618845427479e-09   0.00e+00 
 5.65673449148868e-09   0.00e+00 
 5.65728053096229e-09   0.00e+00 
 5.65782657269535e-09   0.00e+00 
 5.65837261668757e-09   0.00e+00 
 5.65891866293869e-09   0.00e+00 
 5.65946471144842e-09   0.00e+00 
 5.66001076221647e-09   0.00e+00 
 5.66055681524259e-09   0.00e+00 
 5.66110287052647e-09   0.00e+00 
 5.66164892806785e-09   0.00e+00 
 5.66219498786644e-09   0.00e+00 
 5.66274104992198e-09   0.00e+00 
 5.66328711423417e-09   0.00e+00 
 5.66383318080274e-09   0.00e+00 
 5.66437924962742e-09   0.00e+00 
 5.66492532070792e-09   0.00e+00 
 5.66547139404397e-09   0.00e+00 
 5.66601746963528e-09   0.00e+00 
 5.66656354748158e-09   0.00e+00 
 5.66710962758260e-09   0.00e+00 
 5.66765570993804e-09   0.00e+00 
 5.66820179454764e-09   0.00e+00 
 5.66874788141112e-09   0.00e+00 
 5.66929397052820e-09   0.00e+00 
 5.66984006189860e-09   0.00e+00 
 5.67038615552204e-09   0.00e+00 
 5.67093225139825e-09   0.00e+00 
 5.67147834952694e-09   0.00e+00 
 5.67202444990784e-09   0.00e+00 
 5.67257055254068e-09   0.00e+00 
 5.67311665742517e-09   0.00e+00 
 5.67366276456104e-09   0.00e+00 
 5.67420887394800e-09   0.00e+00 
 5.67475498558579e-09   0.00e+00 
 5.67530109947413e-09   0.00e+00 
 5.67584721561273e-09   0.00e+00 
 5.67639333400132e-09   0.00e+00 
 5.67693945463963e-09   0.00e+00 
 5.67748557752737e-09   0.00e+00 
 5.67803170266427e-09   0.00e+00 
 5.67857783005005e-09   0.00e+00 
 5.67912395968444e-09   0.00e+00 
 5.67967009156715e-09   0.00e+00 
 5.68021622569791e-09   0.00e+00 
 5.68076236207645e-09   0.00e+00 
 5.68130850070248e-09   0.00e+00 
 5.68185464157574e-09   0.00e+00 
 5.68240078469594e-09   0.00e+00 
 5.68294693006281e-09   0.00e+00 
 5.68349307767607e-09   0.00e+00 
 5.68403922753544e-09   0.00e+00 
 5.68458537964065e-09   0.00e+00 
 5.68513153399142e-09   0.00e+00 
 5.68567769058747e-09   0.00e+00 
 5.68622384942854e-09   0.00e+00 
 5.68677001051433e-09   0.00e+00 
 5.68731617384459e-09   0.00e+00 
 5.68786233941902e-09   0.00e+00 
 5.68840850723735e-09   0.00e+00 
 5.68895467729932e-09   0.00e+00 
 5.68950084960463e-09   0.00e+00 
 5.69004702415302e-09   0.00e+00 
 5.69059320094421e-09   0.00e+00 
 5.69113937997793e-09   0.00e+00 
 5.69168556125389e-09   0.00e+00 
 5.69223174477182e-09   0.00e+00 
 5.69277793053146e-09   0.00e+00 
 5.69332411853251e-09   0.00e+00 
 5.69387030877471e-09   0.00e+00 
 5.69441650125778e-09   0.00e+00 
 5.69496269598144e-09   0.00e+00 
 5.69550889294542e-09   0.00e+00 
 5.69605509214945e-09   0.00e+00 
 5.69660129359325e-09   0.00e+00 
 5.69714749727654e-09   0.00e+00 
 5.69769370319904e-09   0.00e+00 
 5.69823991136049e-09   0.00e+00 
 5.69878612176061e-09   0.00e+00 
 5.69933233439912e-09   0.00e+00 
 5.69987854927575e-09   0.00e+00 
 5.70042476639022e-09   0.00e+00 
 5.70097098574226e-09   0.00e+00 
 5.70151720733160e-09   0.00e+00 
 5.70206343115795e-09   0.00e+00 
 5.70260965722105e-09   0.00e+00 
 5.70315588552061e-09   0.00e+00 
 5.70370211605638e-09   0.00e+00 
 5.70424834882805e-09   0.00e+00 
 5.70479458383538e-09   0.00e+00 
 5.70534082107808e-09   0.00e+00 
 5.70588706055587e-09   0.00e+00 
 5.70643330226848e-09   0.00e+00 
 5.70697954621565e-09   0.00e+00 
 5.70752579239709e-09   0.00e+00 
 5.70807204081252e-09   0.00e+00 
 5.70861829146169e-09   0.00e+00 
 5.70916454434430e-09   0.00e+00 
 5.70971079946009e-09   0.00e+00 
 5.71025705680879e-09   0.00e+00 
 5.71080331639011e-09   0.00e+00 
 5.71134957820379e-09   0.00e+00 
 5.71189584224956e-09   0.00e+00 
 5.71244210852713e-09   0.00e+00 
 5.71298837703624e-09   0.00e+00 
 5.71353464777660e-09   0.00e+00 
 5.71408092074796e-09   0.00e+00 
 5.71462719595003e-09   0.00e+00 
 5.71517347338253e-09   0.00e+00 
 5.71571975304521e-09   0.00e+00 
 5.71626603493778e-09   0.00e+00 
 5.71681231905997e-09   0.00e+00 
 5.71735860541151e-09   0.00e+00 
 5.71790489399211e-09   0.00e+00 
 5.71845118480152e-09   0.00e+00 
 5.71899747783946e-09   0.00e+00 
 5.71954377310565e-09   0.00e+00 
 5.72009007059983e-09   0.00e+00 
 5.72063637032171e-09   0.00e+00 
 5.72118267227103e-09   0.00e+00 
 5.72172897644751e-09   0.00e+00 
 5.72227528285088e-09   0.00e+00 
 5.72282159148087e-09   0.00e+00 
 5.72336790233720e-09   0.00e+00 
 5.72391421541961e-09   0.00e+00 
 5.72446053072781e-09   0.00e+00 
 5.72500684826154e-09   0.00e+00 
 5.72555316802053e-09   0.00e+00 
 5.72609949000450e-09   0.00e+00 
 5.72664581421318e-09   0.00e+00 
 5.72719214064629e-09   0.00e+00 
 5.72773846930358e-09   0.00e+00 
 5.72828480018475e-09   0.00e+00 
 5.72883113328955e-09   0.00e+00 
 5.72937746861770e-09   0.00e+00 
 5.72992380616892e-09   0.00e+00 
 5.73047014594295e-09   0.00e+00 
 5.73101648793951e-09   0.00e+00 
 5.73156283215833e-09   0.00e+00 
 5.73210917859914e-09   0.00e+00 
 5.73265552726167e-09   0.00e+00 
 5.73320187814564e-09   0.00e+00 
 5.73374823125079e-09   0.00e+00 
 5.73429458657684e-09   0.00e+00 
 5.73484094412353e-09   0.00e+00 
 5.73538730389057e-09   0.00e+00 
 5.73593366587770e-09   0.00e+00 
 5.73648003008465e-09   0.00e+00 
 5.73702639651115e-09   0.00e+00 
 5.73757276515692e-09   0.00e+00 
 5.73811913602169e-09   0.00e+00 
 5.73866550910519e-09   0.00e+00 
 5.73921188440716e-09   0.00e+00 
 5.73975826192732e-09   0.00e+00 
 5.74030464166539e-09   0.00e+00 
 5.74085102362111e-09   0.00e+00 
 5.74139740779421e-09   0.00e+00 
 5.74194379418442e-09   0.00e+00 
 5.74249018279146e-09   0.00e+00 
 5.74303657361507e-09   0.00e+00 
 5.74358296665497e-09   0.00e+00 
 5.74412936191089e-09   0.00e+00 
 5.74467575938257e-09   0.00e+00 
 5.74522215906973e-09   0.00e+00 
 5.74576856097211e-09   0.00e+00 
 5.74631496508942e-09   0.00e+00 
 5.74686137142141e-09   0.00e+00 
 5.74740777996779e-09   0.00e+00 
 5.74795419072831e-09   0.00e+00 
 5.74850060370268e-09   0.00e+00 
 5.74904701889065e-09   0.00e+00 
 5.74959343629194e-09   0.00e+00 
 5.75013985590628e-09   0.00e+00 
 5.75068627773340e-09   0.00e+00 
 5.75123270177303e-09   0.00e+00 
 5.75177912802490e-09   0.00e+00 
 5.75232555648875e-09   0.00e+00 
 5.75287198716429e-09   0.00e+00 
 5.75341842005126e-09   0.00e+00 
 5.75396485514940e-09   0.00e+00 
 5.75451129245842e-09   0.00e+00 
 5.75505773197808e-09   0.00e+00 
 5.75560417370808e-09   0.00e+00 
 5.75615061764817e-09   0.00e+00 
 5.75669706379807e-09   0.00e+00 
 5.75724351215751e-09   0.00e+00 
 5.75778996272624e-09   0.00e+00 
 5.75833641550397e-09   0.00e+00 
 5.75888287049043e-09   0.00e+00 
 5.75942932768537e-09   0.00e+00 
 5.75997578708850e-09   0.00e+00 
 5.76052224869956e-09   0.00e+00 
 5.76106871251829e-09   0.00e+00 
 5.76161517854440e-09   0.00e+00 
 5.76216164677764e-09   0.00e+00 
 5.76270811721774e-09   0.00e+00 
 5.76325458986442e-09   0.00e+00 
 5.76380106471741e-09   0.00e+00 
 5.76434754177646e-09   0.00e+00 
 5.76489402104128e-09   0.00e+00 
 5.76544050251162e-09   0.00e+00 
 5.76598698618720e-09   0.00e+00 
 5.76653347206775e-09   0.00e+00 
 5.76707996015301e-09   0.00e+00 
 5.76762645044270e-09   0.00e+00 
 5.76817294293657e-09   0.00e+00 
 5.76871943763434e-09   0.00e+00 
 5.76926593453574e-09   0.00e+00 
 5.76981243364050e-09   0.00e+00 
 5.77035893494837e-09   0.00e+00 
 5.77090543845906e-09   0.00e+00 
 5.77145194417231e-09   0.00e+00 
 5.77199845208785e-09   0.00e+00 
 5.77254496220542e-09   0.00e+00 
 5.77309147452475e-09   0.00e+00 
 5.77363798904557e-09   0.00e+00 
 5.77418450576760e-09   0.00e+00 
 5.77473102469060e-09   0.00e+00 
 5.77527754581428e-09   0.00e+00 
 5.77582406913837e-09   0.00e+00 
 5.77637059466262e-09   0.00e+00 
 5.77691712238676e-09   0.00e+00 
 5.77746365231050e-09   0.00e+00 
 5.77801018443360e-09   0.00e+00 
 5.77855671875578e-09   0.00e+00 
 5.77910325527678e-09   0.00e+00 
 5.77964979399632e-09   0.00e+00 
 5.78019633491414e-09   0.00e+00 
 5.78074287802997e-09   0.00e+00 
 5.78128942334356e-09   0.00e+00 
 5.78183597085462e-09   0.00e+00 
 5.78238252056289e-09   0.00e+00 
 5.78292907246811e-09   0.00e+00 
 5.78347562657000e-09   0.00e+00 
 5.78402218286831e-09   0.00e+00 
 5.78456874136277e-09   0.00e+00 
 5.78511530205310e-09   0.00e+00 
 5.78566186493904e-09   0.00e+00 
 5.78620843002033e-09   0.00e+00 
 5.78675499729669e-09   0.00e+00 
 5.78730156676787e-09   0.00e+00 
 5.78784813843360e-09   0.00e+00 
 5.78839471229360e-09   0.00e+00 
 5.78894128834761e-09   0.00e+00 
 5.78948786659538e-09   0.00e+00 
 5.79003444703662e-09   0.00e+00 
 5.79058102967108e-09   0.00e+00 
 5.79112761449848e-09   0.00e+00 
 5.79167420151857e-09   0.00e+00 
 5.79222079073107e-09   0.00e+00 
 5.79276738213572e-09   0.00e+00 
 5.79331397573226e-09   0.00e+00 
 5.79386057152041e-09   0.00e+00 
 5.79440716949992e-09   0.00e+00 
 5.79495376967051e-09   0.00e+00 
 5.79550037203193e-09   0.00e+00 
 5.79604697658390e-09   0.00e+00 
 5.79659358332616e-09   0.00e+00 
 5.79714019225844e-09   0.00e+00 
 5.79768680338049e-09   0.00e+00 
 5.79823341669202e-09   0.00e+00 
 5.79878003219279e-09   0.00e+00 
 5.79932664988251e-09   0.00e+00 
 5.79987326976094e-09   0.00e+00 
 5.80041989182779e-09   0.00e+00 
 5.80096651608281e-09   0.00e+00 
 5.80151314252573e-09   0.00e+00 
 5.80205977115629e-09   0.00e+00 
 5.80260640197421e-09   0.00e+00 
 5.80315303497925e-09   0.00e+00 
 5.80369967017112e-09   0.00e+00 
 5.80424630754958e-09   0.00e+00 
 5.80479294711434e-09   0.00e+00 
 5.80533958886515e-09   0.00e+00 
 5.80588623280174e-09   0.00e+00 
 5.80643287892385e-09   0.00e+00 
 5.80697952723121e-09   0.00e+00 
 5.80752617772355e-09   0.00e+00 
 5.80807283040062e-09   0.00e+00 
 5.80861948526215e-09   0.00e+00 
 5.80916614230787e-09   0.00e+00 
 5.80971280153753e-09   0.00e+00 
 5.81025946295085e-09   0.00e+00 
 5.81080612654756e-09   0.00e+00 
 5.81135279232742e-09   0.00e+00 
 5.81189946029015e-09   0.00e+00 
 5.81244613043548e-09   0.00e+00 
 5.81299280276316e-09   0.00e+00 
 5.81353947727292e-09   0.00e+00 
 5.81408615396450e-09   0.00e+00 
 5.81463283283762e-09   0.00e+00 
 5.81517951389204e-09   0.00e+00 
 5.81572619712748e-09   0.00e+00 
 5.81627288254368e-09   0.00e+00 
 5.81681957014037e-09   0.00e+00 
 5.81736625991730e-09   0.00e+00 
 5.81791295187420e-09   0.00e+00 
 5.81845964601080e-09   0.00e+00 
 5.81900634232684e-09   0.00e+00 
 5.81955304082207e-09   0.00e+00 
 5.82009974149620e-09   0.00e+00 
 5.82064644434899e-09   0.00e+00 
 5.82119314938017e-09   0.00e+00 
 5.82173985658947e-09   0.00e+00 
 5.82228656597664e-09   0.00e+00 
 5.82283327754140e-09   0.00e+00 
 5.82337999128349e-09   0.00e+00 
 5.82392670720266e-09   0.00e+00 
 5.82447342529864e-09   0.00e+00 
 5.82502014557116e-09   0.00e+00 
 5.82556686801997e-09   0.00e+00 
 5.82611359264479e-09   0.00e+00 
 5.82666031944537e-09   0.00e+00 
 5.82720704842145e-09   0.00e+00 
 5.82775377957275e-09   0.00e+00 
 5.82830051289903e-09   0.00e+00 
 5.82884724840001e-09   0.00e+00 
 5.82939398607543e-09   0.00e+00 
 5.82994072592504e-09   0.00e+00 
 5.83048746794856e-09   0.00e+00 
 5.83103421214574e-09   0.00e+00 
 5.83158095851631e-09   0.00e+00 
 5.83212770706001e-09   0.00e+00 
 5.83267445777658e-09   0.00e+00 
 5.83322121066575e-09   0.00e+00 
 5.83376796572727e-09   0.00e+00 
 5.83431472296087e-09   0.00e+00 
 5.83486148236629e-09   0.00e+00 
 5.83540824394327e-09   0.00e+00 
 5.83595500769154e-09   0.00e+00 
 5.83650177361085e-09   0.00e+00 
 5.83704854170093e-09   0.00e+00 
 5.83759531196151e-09   0.00e+00 
 5.83814208439235e-09   0.00e+00 
 5.83868885899317e-09   0.00e+00 
 5.83923563576371e-09   0.00e+00 
 5.83978241470372e-09   0.00e+00 
 5.84032919581292e-09   0.00e+00 
 5.84087597909107e-09   0.00e+00 
 5.84142276453789e-09   0.00e+00 
 5.84196955215313e-09   0.00e+00 
 5.84251634193652e-09   0.00e+00 
 5.84306313388780e-09   0.00e+00 
 5.84360992800672e-09   0.00e+00 
 5.84415672429301e-09   0.00e+00 
 5.84470352274641e-09   0.00e+00 
 5.84525032336666e-09   0.00e+00 
 5.84579712615349e-09   0.00e+00 
 5.84634393110665e-09   0.00e+00 
 5.84689073822587e-09   0.00e+00 
 5.84743754751090e-09   0.00e+00 
 5.84798435896146e-09   0.00e+00 
 5.84853117257731e-09   0.00e+00 
 5.84907798835819e-09   0.00e+00 
 5.84962480630382e-09   0.00e+00 
 5.85017162641395e-09   0.00e+00 
 5.85071844868832e-09   0.00e+00 
 5.85126527312667e-09   0.00e+00 
 5.85181209972873e-09   0.00e+00 
 5.85235892849426e-09   0.00e+00 
 5.85290575942298e-09   0.00e+00 
 5.85345259251463e-09   0.00e+00 
 5.85399942776896e-09   0.00e+00 
 5.85454626518571e-09   0.00e+00 
 5.85509310476461e-09   0.00e+00 
 5.85563994650540e-09   0.00e+00 
 5.85618679040783e-09   0.00e+00 
 5.85673363647164e-09   0.00e+00 
 5.85728048469655e-09   0.00e+00 
 5.85782733508233e-09   0.00e+00 
 5.85837418762869e-09   0.00e+00 
 5.85892104233539e-09   0.00e+00 
 5.85946789920216e-09   0.00e+00 
 5.86001475822875e-09   0.00e+00 
 5.86056161941490e-09   0.00e+00 
 5.86110848276034e-09   0.00e+00 
 5.86165534826481e-09   0.00e+00 
 5.86220221592806e-09   0.00e+00 
 5.86274908574982e-09   0.00e+00 
 5.86329595772984e-09   0.00e+00 
 5.86384283186786e-09   0.00e+00 
 5.86438970816361e-09   0.00e+00 
 5.86493658661685e-09   0.00e+00 
 5.86548346722730e-09   0.00e+00 
 5.86603034999471e-09   0.00e+00 
 5.86657723491882e-09   0.00e+00 
 5.86712412199937e-09   0.00e+00 
 5.86767101123611e-09   0.00e+00 
 5.86821790262876e-09   0.00e+00 
 5.86876479617708e-09   0.00e+00 
 5.86931169188081e-09   0.00e+00 
 5.86985858973968e-09   0.00e+00 
 5.87040548975343e-09   0.00e+00 
 5.87095239192182e-09   0.00e+00 
 5.87149929624457e-09   0.00e+00 
 5.87204620272144e-09   0.00e+00 
 5.87259311135215e-09   0.00e+00 
 5.87314002213646e-09   0.00e+00 
 5.87368693507411e-09   0.00e+00 
 5.87423385016483e-09   0.00e+00 
 5.87478076740837e-09   0.00e+00 
 5.87532768680446e-09   0.00e+00 
 5.87587460835286e-09   0.00e+00 
 5.87642153205330e-09   0.00e+00 
 5.87696845790552e-09   0.00e+00 
 5.87751538590927e-09   0.00e+00 
 5.87806231606429e-09   0.00e+00 
 5.87860924837031e-09   0.00e+00 
 5.87915618282709e-09   0.00e+00 
 5.87970311943436e-09   0.00e+00 
 5.88025005819186e-09   0.00e+00 
 5.88079699909935e-09   0.00e+00 
 5.88134394215655e-09   0.00e+00 
 5.88189088736321e-09   0.00e+00 
 5.88243783471908e-09   0.00e+00 
 5.88298478422390e-09   0.00e+00 
 5.88353173587740e-09   0.00e+00 
 5.88407868967933e-09   0.00e+00 
 5.88462564562944e-09   0.00e+00 
 5.88517260372746e-09   0.00e+00 
 5.88571956397314e-09   0.00e+00 
 5.88626652636622e-09   0.00e+00 
 5.88681349090645e-09   0.00e+00 
 5.88736045759356e-09   0.00e+00 
 5.88790742642730e-09   0.00e+00 
 5.88845439740741e-09   0.00e+00 
 5.88900137053364e-09   0.00e+00 
 5.88954834580572e-09   0.00e+00 
 5.89009532322340e-09   0.00e+00 
 5.89064230278643e-09   0.00e+00 
 5.89118928449455e-09   0.00e+00 
 5.89173626834749e-09   0.00e+00 
 5.89228325434500e-09   0.00e+00 
 5.89283024248683e-09   0.00e+00 
 5.89337723277272e-09   0.00e+00 
 5.89392422520241e-09   0.00e+00 
 5.89447121977565e-09   0.00e+00 
 5.89501821649217e-09   0.00e+00 
 5.89556521535173e-09   0.00e+00 
 5.89611221635406e-09   0.00e+00 
 5.89665921949891e-09   0.00e+00 
 5.89720622478602e-09   0.00e+00 
 5.89775323221514e-09   0.00e+00 
 5.89830024178602e-09   0.00e+00 
 5.89884725349838e-09   0.00e+00 
 5.89939426735198e-09   0.00e+00 
 5.89994128334656e-09   0.00e+00 
 5.90048830148187e-09   0.00e+00 
 5.90103532175765e-09   0.00e+00 
 5.90158234417363e-09   0.00e+00 
 5.90212936872958e-09   0.00e+00 
 5.90267639542522e-09   0.00e+00 
 5.90322342426032e-09   0.00e+00 
 5.90377045523460e-09   0.00e+00 
 5.90431748834781e-09   0.00e+00 
 5.90486452359971e-09   0.00e+00 
 5.90541156099002e-09   0.00e+00 
 5.90595860051851e-09   0.00e+00 
 5.90650564218490e-09   0.00e+00 
 5.90705268598894e-09   0.00e+00 
 5.90759973193039e-09   0.00e+00 
 5.90814678000898e-09   0.00e+00 
 5.90869383022447e-09   0.00e+00 
 5.90924088257658e-09   0.00e+00 
 5.90978793706507e-09   0.00e+00 
 5.91033499368969e-09   0.00e+00 
 5.91088205245017e-09   0.00e+00 
 5.91142911334627e-09   0.00e+00 
 5.91197617637772e-09   0.00e+00 
 5.91252324154428e-09   0.00e+00 
 5.91307030884568e-09   0.00e+00 
 5.91361737828168e-09   0.00e+00 
 5.91416444985202e-09   0.00e+00 
 5.91471152355643e-09   0.00e+00 
 5.91525859939468e-09   0.00e+00 
 5.91580567736650e-09   0.00e+00 
 5.91635275747163e-09   0.00e+00 
 5.91689983970983e-09   0.00e+00 
 5.91744692408084e-09   0.00e+00 
 5.91799401058441e-09   0.00e+00 
 5.91854109922027e-09   0.00e+00 
 5.91908818998819e-09   0.00e+00 
 5.91963528288789e-09   0.00e+00 
 5.92018237791913e-09   0.00e+00 
 5.92072947508165e-09   0.00e+00 
 5.92127657437520e-09   0.00e+00 
 5.92182367579953e-09   0.00e+00 
 5.92237077935438e-09   0.00e+00 
 5.92291788503949e-09   0.00e+00 
 5.92346499285461e-09   0.00e+00 
 5.92401210279949e-09   0.00e+00 
 5.92455921487387e-09   0.00e+00 
 5.92510632907751e-09   0.00e+00 
 5.92565344541014e-09   0.00e+00 
 5.92620056387151e-09   0.00e+00 
 5.92674768446137e-09   0.00e+00 
 5.92729480717946e-09   0.00e+00 
 5.92784193202554e-09   0.00e+00 
 5.92838905899934e-09   0.00e+00 
 5.92893618810061e-09   0.00e+00 
 5.92948331932911e-09   0.00e+00 
 5.93003045268457e-09   0.00e+00 
 5.93057758816675e-09   0.00e+00 
 5.93112472577538e-09   0.00e+00 
 5.93167186551022e-09   0.00e+00 
 5.93221900737101e-09   0.00e+00 
 5.93276615135751e-09   0.00e+00 
 5.93331329746945e-09   0.00e+00 
 5.93386044570658e-09   0.00e+00 
 5.93440759606866e-09   0.00e+00 
 5.93495474855542e-09   0.00e+00 
 5.93550190316661e-09   0.00e+00 
 5.93604905990199e-09   0.00e+00 
 5.93659621876129e-09   0.00e+00 
 5.93714337974427e-09   0.00e+00 
 5.93769054285067e-09   0.00e+00 
 5.93823770808024e-09   0.00e+00 
 5.93878487543273e-09   0.00e+00 
 5.93933204490788e-09   0.00e+00 
 5.93987921650545e-09   0.00e+00 
 5.94042639022517e-09   0.00e+00 
 5.94097356606680e-09   0.00e+00 
 5.94152074403007e-09   0.00e+00 
 5.94206792411476e-09   0.00e+00 
 5.94261510632059e-09   0.00e+00 
 5.94316229064732e-09   0.00e+00 
 5.94370947709469e-09   0.00e+00 
 5.94425666566245e-09   0.00e+00 
 5.94480385635036e-09   0.00e+00 
 5.94535104915815e-09   0.00e+00 
 5.94589824408558e-09   0.00e+00 
 5.94644544113238e-09   0.00e+00 
 5.94699264029832e-09   0.00e+00 
 5.94753984158314e-09   0.00e+00 
 5.94808704498659e-09   0.00e+00 
 5.94863425050841e-09   0.00e+00 
 5.94918145814836e-09   0.00e+00 
 5.94972866790617e-09   0.00e+00 
 5.95027587978161e-09   0.00e+00 
 5.95082309377441e-09   0.00e+00 
 5.95137030988434e-09   0.00e+00 
 5.95191752811112e-09   0.00e+00 
 5.95246474845452e-09   0.00e+00 
 5.95301197091428e-09   0.00e+00 
 5.95355919549015e-09   0.00e+00 
 5.95410642218188e-09   0.00e+00 
 5.95465365098921e-09   0.00e+00 
 5.95520088191190e-09   0.00e+00 
 5.95574811494970e-09   0.00e+00 
 5.95629535010235e-09   0.00e+00 
 5.95684258736960e-09   0.00e+00 
 5.95738982675120e-09   0.00e+00 
 5.95793706824691e-09   0.00e+00 
 5.95848431185646e-09   0.00e+00 
 5.95903155757961e-09   0.00e+00 
 5.95957880541610e-09   0.00e+00 
 5.96012605536570e-09   0.00e+00 
 5.96067330742813e-09   0.00e+00 
 5.96122056160316e-09   0.00e+00 
 5.96176781789054e-09   0.00e+00 
 5.96231507629001e-09   0.00e+00 
 5.96286233680131e-09   0.00e+00 
 5.96340959942421e-09   0.00e+00 
 5.96395686415845e-09   0.00e+00 
 5.96450413100378e-09   0.00e+00 
 5.96505139995995e-09   0.00e+00 
 5.96559867102671e-09   0.00e+00 
 5.96614594420380e-09   0.00e+00 
 5.96669321949099e-09   0.00e+00 
 5.96724049688801e-09   0.00e+00 
 5.96778777639462e-09   0.00e+00 
 5.96833505801057e-09   0.00e+00 
 5.96888234173560e-09   0.00e+00 
 5.96942962756947e-09   0.00e+00 
 5.96997691551193e-09   0.00e+00 
 5.97052420556272e-09   0.00e+00 
 5.97107149772160e-09   0.00e+00 
 5.97161879198832e-09   0.00e+00 
 5.97216608836262e-09   0.00e+00 
 5.97271338684427e-09   0.00e+00 
 5.97326068743300e-09   0.00e+00 
 5.97380799012856e-09   0.00e+00 
 5.97435529493072e-09   0.00e+00 
 5.97490260183921e-09   0.00e+00 
 5.97544991085379e-09   0.00e+00 
 5.97599722197421e-09   0.00e+00 
 5.97654453520022e-09   0.00e+00 
 5.97709185053157e-09   0.00e+00 
 5.97763916796800e-09   0.00e+00 
 5.97818648750928e-09   0.00e+00 
 5.97873380915515e-09   0.00e+00 
 5.97928113290536e-09   0.00e+00 
 5.97982845875967e-09   0.00e+00 
 5.98037578671782e-09   0.00e+00 
 5.98092311677956e-09   0.00e+00 
 5.98147044894465e-09   0.00e+00 
 5.98201778321283e-09   0.00e+00 
 5.98256511958386e-09   0.00e+00 
 5.98311245805749e-09   0.00e+00 
 5.98365979863347e-09   0.00e+00 
 5.98420714131155e-09   0.00e+00 
 5.98475448609148e-09   0.00e+00 
 5.98530183297301e-09   0.00e+00 
 5.98584918195590e-09   0.00e+00 
 5.98639653303989e-09   0.00e+00 
 5.98694388622474e-09   0.00e+00 
 5.98749124151019e-09   0.00e+00 
 5.98803859889600e-09   0.00e+00 
 5.98858595838193e-09   0.00e+00 
 5.98913331996772e-09   0.00e+00 
 5.98968068365312e-09   0.00e+00 
 5.99022804943788e-09   0.00e+00 
 5.99077541732177e-09   0.00e+00 
 5.99132278730452e-09   0.00e+00 
 5.99187015938589e-09   0.00e+00 
 5.99241753356564e-09   0.00e+00 
 5.99296490984351e-09   0.00e+00 
 5.99351228821925e-09   0.00e+00 
 5.99405966869262e-09   0.00e+00 
 5.99460705126337e-09   0.00e+00 
 5.99515443593126e-09   0.00e+00 
 5.99570182269602e-09   0.00e+00 
 5.99624921155743e-09   0.00e+00 
 5.99679660251522e-09   0.00e+00 
 5.99734399556915e-09   0.00e+00 
 5.99789139071897e-09   0.00e+00 
 5.99843878796444e-09   0.00e+00 
 5.99898618730531e-09   0.00e+00 
 5.99953358874133e-09   0.00e+00 
 6.00008099227225e-09   0.00e+00 
 6.00062839789782e-09   0.00e+00 
 6.00117580561781e-09   0.00e+00 
 6.00172321543195e-09   0.00e+00 
 6.00227062734000e-09   0.00e+00 
 6.00281804134172e-09   0.00e+00 
 6.00336545743685e-09   0.00e+00 
 6.00391287562516e-09   0.00e+00 
 6.00446029590639e-09   0.00e+00 
 6.00500771828030e-09   0.00e+00 
 6.00555514274663e-09   0.00e+00 
 6.00610256930515e-09   0.00e+00 
 6.00664999795560e-09   0.00e+00 
 6.00719742869775e-09   0.00e+00 
 6.00774486153133e-09   0.00e+00 
 6.00829229645611e-09   0.00e+00 
 6.00883973347183e-09   0.00e+00 
 6.00938717257826e-09   0.00e+00 
 6.00993461377514e-09   0.00e+00 
 6.01048205706222e-09   0.00e+00 
 6.01102950243927e-09   0.00e+00 
 6.01157694990604e-09   0.00e+00 
 6.01212439946227e-09   0.00e+00 
 6.01267185110772e-09   0.00e+00 
 6.01321930484214e-09   0.00e+00 
 6.01376676066530e-09   0.00e+00 
 6.01431421857693e-09   0.00e+00 
 6.01486167857681e-09   0.00e+00 
 6.01540914066467e-09   0.00e+00 
 6.01595660484028e-09   0.00e+00 
 6.01650407110338e-09   0.00e+00 
 6.01705153945374e-09   0.00e+00 
 6.01759900989110e-09   0.00e+00 
 6.01814648241522e-09   0.00e+00 
 6.01869395702585e-09   0.00e+00 
 6.01924143372275e-09   0.00e+00 
 6.01978891250567e-09   0.00e+00 
 6.02033639337437e-09   0.00e+00 
 6.02088387632859e-09   0.00e+00 
 6.02143136136810e-09   0.00e+00 
 6.02197884849265e-09   0.00e+00 
 6.02252633770199e-09   0.00e+00 
 6.02307382899588e-09   0.00e+00 
 6.02362132237407e-09   0.00e+00 
 6.02416881783632e-09   0.00e+00 
 6.02471631538237e-09   0.00e+00 
 6.02526381501200e-09   0.00e+00 
 6.02581131672494e-09   0.00e+00 
 6.02635882052096e-09   0.00e+00 
 6.02690632639980e-09   0.00e+00 
 6.02745383436124e-09   0.00e+00 
 6.02800134440501e-09   0.00e+00 
 6.02854885653087e-09   0.00e+00 
 6.02909637073859e-09   0.00e+00 
 6.02964388702790e-09   0.00e+00 
 6.03019140539858e-09   0.00e+00 
 6.03073892585037e-09   0.00e+00 
 6.03128644838303e-09   0.00e+00 
 6.03183397299631e-09   0.00e+00 
 6.03238149968997e-09   0.00e+00 
 6.03292902846377e-09   0.00e+00 
 6.03347655931745e-09   0.00e+00 
 6.03402409225079e-09   0.00e+00 
 6.03457162726352e-09   0.00e+00 
 6.03511916435541e-09   0.00e+00 
 6.03566670352621e-09   0.00e+00 
 6.03621424477568e-09   0.00e+00 
 6.03676178810357e-09   0.00e+00 
 6.03730933350964e-09   0.00e+00 
 6.03785688099364e-09   0.00e+00 
 6.03840443055534e-09   0.00e+00 
 6.03895198219447e-09   0.00e+00 
 6.03949953591081e-09   0.00e+00 
 6.04004709170411e-09   0.00e+00 
 6.04059464957412e-09   0.00e+00 
 6.04114220952060e-09   0.00e+00 
 6.04168977154331e-09   0.00e+00 
 6.04223733564200e-09   0.00e+00 
 6.04278490181642e-09   0.00e+00 
 6.04333247006634e-09   0.00e+00 
 6.04388004039151e-09   0.00e+00 
 6.04442761279168e-09   0.00e+00 
 6.04497518726662e-09   0.00e+00 
 6.04552276381608e-09   0.00e+00 
 6.04607034243981e-09   0.00e+00 
 6.04661792313757e-09   0.00e+00 
 6.04716550590912e-09   0.00e+00 
 6.04771309075421e-09   0.00e+00 
 6.04826067767261e-09   0.00e+00 
 6.04880826666406e-09   0.00e+00 
 6.04935585772833e-09   0.00e+00 
 6.04990345086517e-09   0.00e+00 
 6.05045104607433e-09   0.00e+00 
 6.05099864335558e-09   0.00e+00 
 6.05154624270868e-09   0.00e+00 
 6.05209384413336e-09   0.00e+00 
 6.05264144762941e-09   0.00e+00 
 6.05318905319657e-09   0.00e+00 
 6.05373666083460e-09   0.00e+00 
 6.05428427054325e-09   0.00e+00 
 6.05483188232229e-09   0.00e+00 
 6.05537949617147e-09   0.00e+00 
 6.05592711209054e-09   0.00e+00 
 6.05647473007927e-09   0.00e+00 
 6.05702235013742e-09   0.00e+00 
 6.05756997226473e-09   0.00e+00 
 6.05811759646097e-09   0.00e+00 
 6.05866522272589e-09   0.00e+00 
 6.05921285105926e-09   0.00e+00 
 6.05976048146082e-09   0.00e+00 
 6.06030811393034e-09   0.00e+00 
 6.06085574846758e-09   0.00e+00 
 6.06140338507229e-09   0.00e+00 
 6.06195102374423e-09   0.00e+00 
 6.06249866448316e-09   0.00e+00 
 6.06304630728883e-09   0.00e+00 
 6.06359395216101e-09   0.00e+00 
 6.06414159909945e-09   0.00e+00 
 6.06468924810391e-09   0.00e+00 
 6.06523689917415e-09   0.00e+00 
 6.06578455230992e-09   0.00e+00 
 6.06633220751098e-09   0.00e+00 
 6.06687986477710e-09   0.00e+00 
 6.06742752410802e-09   0.00e+00 
 6.06797518550352e-09   0.00e+00 
 6.06852284896334e-09   0.00e+00 
 6.06907051448725e-09   0.00e+00 
 6.06961818207499e-09   0.00e+00 
 6.07016585172635e-09   0.00e+00 
 6.07071352344106e-09   0.00e+00 
 6.07126119721889e-09   0.00e+00 
 6.07180887305959e-09   0.00e+00 
 6.07235655096293e-09   0.00e+00 
 6.07290423092867e-09   0.00e+00 
 6.07345191295655e-09   0.00e+00 
 6.07399959704635e-09   0.00e+00 
 6.07454728319782e-09   0.00e+00 
 6.07509497141072e-09   0.00e+00 
 6.07564266168480e-09   0.00e+00 
 6.07619035401983e-09   0.00e+00 
 6.07673804841557e-09   0.00e+00 
 6.07728574487178e-09   0.00e+00 
 6.07783344338820e-09   0.00e+00 
 6.07838114396461e-09   0.00e+00 
 6.07892884660076e-09   0.00e+00 
 6.07947655129641e-09   0.00e+00 
 6.08002425805132e-09   0.00e+00 
 6.08057196686525e-09   0.00e+00 
 6.08111967773796e-09   0.00e+00 
 6.08166739066921e-09   0.00e+00 
 6.08221510565876e-09   0.00e+00 
 6.08276282270636e-09   0.00e+00 
 6.08331054181178e-09   0.00e+00 
 6.08385826297477e-09   0.00e+00 
 6.08440598619510e-09   0.00e+00 
 6.08495371147252e-09   0.00e+00 
 6.08550143880680e-09   0.00e+00 
 6.08604916819770e-09   0.00e+00 
 6.08659689964496e-09   0.00e+00 
 6.08714463314837e-09   0.00e+00 
 6.08769236870766e-09   0.00e+00 
 6.08824010632261e-09   0.00e+00 
 6.08878784599297e-09   0.00e+00 
 6.08933558771850e-09   0.00e+00 
 6.08988333149897e-09   0.00e+00 
 6.09043107733413e-09   0.00e+00 
 6.09097882522374e-09   0.00e+00 
 6.09152657516757e-09   0.00e+00 
 6.09207432716537e-09   0.00e+00 
 6.09262208121691e-09   0.00e+00 
 6.09316983732194e-09   0.00e+00 
 6.09371759548022e-09   0.00e+00 
 6.09426535569152e-09   0.00e+00 
 6.09481311795560e-09   0.00e+00 
 6.09536088227221e-09   0.00e+00 
 6.09590864864111e-09   0.00e+00 
 6.09645641706207e-09   0.00e+00 
 6.09700418753485e-09   0.00e+00 
 6.09755196005920e-09   0.00e+00 
 6.09809973463490e-09   0.00e+00 
 6.09864751126169e-09   0.00e+00 
 6.09919528993935e-09   0.00e+00 
 6.09974307066762e-09   0.00e+00 
 6.10029085344628e-09   0.00e+00 
 6.10083863827507e-09   0.00e+00 
 6.10138642515377e-09   0.00e+00 
 6.10193421408214e-09   0.00e+00 
 6.10248200505993e-09   0.00e+00 
 6.10302979808690e-09   0.00e+00 
 6.10357759316283e-09   0.00e+00 
 6.10412539028746e-09   0.00e+00 
 6.10467318946056e-09   0.00e+00 
 6.10522099068189e-09   0.00e+00 
 6.10576879395121e-09   0.00e+00 
 6.10631659926829e-09   0.00e+00 
 6.10686440663288e-09   0.00e+00 
 6.10741221604475e-09   0.00e+00 
 6.10796002750365e-09   0.00e+00 
 6.10850784100936e-09   0.00e+00 
 6.10905565656162e-09   0.00e+00 
 6.10960347416021e-09   0.00e+00 
 6.11015129380487e-09   0.00e+00 
 6.11069911549539e-09   0.00e+00 
 6.11124693923151e-09   0.00e+00 
 6.11179476501300e-09   0.00e+00 
 6.11234259283962e-09   0.00e+00 
 6.11289042271113e-09   0.00e+00 
 6.11343825462730e-09   0.00e+00 
 6.11398608858788e-09   0.00e+00 
 6.11453392459264e-09   0.00e+00 
 6.11508176264134e-09   0.00e+00 
 6.11562960273374e-09   0.00e+00 
 6.11617744486960e-09   0.00e+00 
 6.11672528904869e-09   0.00e+00 
 6.11727313527077e-09   0.00e+00 
 6.11782098353560e-09   0.00e+00 
 6.11836883384294e-09   0.00e+00 
 6.11891668619256e-09   0.00e+00 
 6.11946454058421e-09   0.00e+00 
 6.12001239701767e-09   0.00e+00 
 6.12056025549268e-09   0.00e+00 
 6.12110811600902e-09   0.00e+00 
 6.12165597856645e-09   0.00e+00 
 6.12220384316473e-09   0.00e+00 
 6.12275170980362e-09   0.00e+00 
 6.12329957848288e-09   0.00e+00 
 6.12384744920228e-09   0.00e+00 
 6.12439532196158e-09   0.00e+00 
 6.12494319676054e-09   0.00e+00 
 6.12549107359893e-09   0.00e+00 
 6.12603895247651e-09   0.00e+00 
 6.12658683339304e-09   0.00e+00 
 6.12713471634828e-09   0.00e+00 
 6.12768260134200e-09   0.00e+00 
 6.12823048837396e-09   0.00e+00 
 6.12877837744392e-09   0.00e+00 
 6.12932626855165e-09   0.00e+00 
 6.12987416169692e-09   0.00e+00 
 6.13042205687947e-09   0.00e+00 
 6.13096995409908e-09   0.00e+00 
 6.13151785335551e-09   0.00e+00 
 6.13206575464852e-09   0.00e+00 
 6.13261365797787e-09   0.00e+00 
 6.13316156334334e-09   0.00e+00 
 6.13370947074468e-09   0.00e+00 
 6.13425738018165e-09   0.00e+00 
 6.13480529165403e-09   0.00e+00 
 6.13535320516157e-09   0.00e+00 
 6.13590112070403e-09   0.00e+00 
 6.13644903828119e-09   0.00e+00 
 6.13699695789280e-09   0.00e+00 
 6.13754487953863e-09   0.00e+00 
 6.13809280321844e-09   0.00e+00 
 6.13864072893200e-09   0.00e+00 
 6.13918865667907e-09   0.00e+00 
 6.13973658645941e-09   0.00e+00 
 6.14028451827278e-09   0.00e+00 
 6.14083245211897e-09   0.00e+00 
 6.14138038799771e-09   0.00e+00 
 6.14192832590879e-09   0.00e+00 
 6.14247626585196e-09   0.00e+00 
 6.14302420782698e-09   0.00e+00 
 6.14357215183364e-09   0.00e+00 
 6.14412009787167e-09   0.00e+00 
 6.14466804594086e-09   0.00e+00 
 6.14521599604096e-09   0.00e+00 
 6.14576394817174e-09   0.00e+00 
 6.14631190233297e-09   0.00e+00 
 6.14685985852440e-09   0.00e+00 
 6.14740781674581e-09   0.00e+00 
 6.14795577699696e-09   0.00e+00 
 6.14850373927761e-09   0.00e+00 
 6.14905170358752e-09   0.00e+00 
 6.14959966992647e-09   0.00e+00 
 6.15014763829421e-09   0.00e+00 
 6.15069560869052e-09   0.00e+00 
 6.15124358111514e-09   0.00e+00 
 6.15179155556787e-09   0.00e+00 
 6.15233953204844e-09   0.00e+00 
 6.15288751055664e-09   0.00e+00 
 6.15343549109223e-09   0.00e+00 
 6.15398347365496e-09   0.00e+00 
 6.15453145824462e-09   0.00e+00 
 6.15507944486095e-09   0.00e+00 
 6.15562743350373e-09   0.00e+00 
 6.15617542417272e-09   0.00e+00 
 6.15672341686769e-09   0.00e+00 
 6.15727141158840e-09   0.00e+00 
 6.15781940833462e-09   0.00e+00 
 6.15836740710611e-09   0.00e+00 
 6.15891540790264e-09   0.00e+00 
 6.15946341072397e-09   0.00e+00 
 6.16001141556987e-09   0.00e+00 
 6.16055942244011e-09   0.00e+00 
 6.16110743133445e-09   0.00e+00 
 6.16165544225265e-09   0.00e+00 
 6.16220345519449e-09   0.00e+00 
 6.16275147015972e-09   0.00e+00 
 6.16329948714812e-09   0.00e+00 
 6.16384750615945e-09   0.00e+00 
 6.16439552719347e-09   0.00e+00 
 6.16494355024995e-09   0.00e+00 
 6.16549157532866e-09   0.00e+00 
 6.16603960242937e-09   0.00e+00 
 6.16658763155184e-09   0.00e+00 
 6.16713566269583e-09   0.00e+00 
 6.16768369586111e-09   0.00e+00 
 6.16823173104745e-09   0.00e+00 
 6.16877976825461e-09   0.00e+00 
 6.16932780748237e-09   0.00e+00 
 6.16987584873048e-09   0.00e+00 
 6.17042389199872e-09   0.00e+00 
 6.17097193728684e-09   0.00e+00 
 6.17151998459462e-09   0.00e+00 
 6.17206803392182e-09   0.00e+00 
 6.17261608526821e-09   0.00e+00 
 6.17316413863356e-09   0.00e+00 
 6.17371219401763e-09   0.00e+00 
 6.17426025142019e-09   0.00e+00 
 6.17480831084100e-09   0.00e+00 
 6.17535637227984e-09   0.00e+00 
 6.17590443573646e-09   0.00e+00 
 6.17645250121065e-09   0.00e+00 
 6.17700056870215e-09   0.00e+00 
 6.17754863821075e-09   0.00e+00 
 6.17809670973620e-09   0.00e+00 
 6.17864478327827e-09   0.00e+00 
 6.17919285883674e-09   0.00e+00 
 6.17974093641136e-09   0.00e+00 
 6.18028901600191e-09   0.00e+00 
 6.18083709760816e-09   0.00e+00 
 6.18138518122986e-09   0.00e+00 
 6.18193326686679e-09   0.00e+00 
 6.18248135451872e-09   0.00e+00 
 6.18302944418540e-09   0.00e+00 
 6.18357753586662e-09   0.00e+00 
 6.18412562956213e-09   0.00e+00 
 6.18467372527171e-09   0.00e+00 
 6.18522182299512e-09   0.00e+00 
 6.18576992273213e-09   0.00e+00 
 6.18631802448250e-09   0.00e+00 
 6.18686612824601e-09   0.00e+00 
 6.18741423402242e-09   0.00e+00 
 6.18796234181150e-09   0.00e+00 
 6.18851045161302e-09   0.00e+00 
 6.18905856342675e-09   0.00e+00 
 6.18960667725245e-09   0.00e+00 
 6.19015479308989e-09   0.00e+00 
 6.19070291093884e-09   0.00e+00 
 6.19125103079907e-09   0.00e+00 
 6.19179915267034e-09   0.00e+00 
 6.19234727655243e-09   0.00e+00 
 6.19289540244510e-09   0.00e+00 
 6.19344353034812e-09   0.00e+00 
 6.19399166026126e-09   0.00e+00 
 6.19453979218429e-09   0.00e+00 
 6.19508792611697e-09   0.00e+00 
 6.19563606205908e-09   0.00e+00 
 6.19618420001038e-09   0.00e+00 
 6.19673233997064e-09   0.00e+00 
 6.19728048193962e-09   0.00e+00 
 6.19782862591711e-09   0.00e+00 
 6.19837677190286e-09   0.00e+00 
 6.19892491989665e-09   0.00e+00 
 6.19947306989824e-09   0.00e+00 
 6.20002122190740e-09   0.00e+00 
 6.20056937592391e-09   0.00e+00 
 6.20111753194752e-09   0.00e+00 
 6.20166568997801e-09   0.00e+00 
 6.20221385001515e-09   0.00e+00 
 6.20276201205871e-09   0.00e+00 
 6.20331017610845e-09   0.00e+00 
 6.20385834216415e-09   0.00e+00 
 6.20440651022557e-09   0.00e+00 
 6.20495468029249e-09   0.00e+00 
 6.20550285236466e-09   0.00e+00 
 6.20605102644187e-09   0.00e+00 
 6.20659920252387e-09   0.00e+00 
 6.20714738061045e-09   0.00e+00 
 6.20769556070137e-09   0.00e+00 
 6.20824374279640e-09   0.00e+00 
 6.20879192689530e-09   0.00e+00 
 6.20934011299785e-09   0.00e+00 
 6.20988830110382e-09   0.00e+00 
 6.21043649121297e-09   0.00e+00 
 6.21098468332508e-09   0.00e+00 
 6.21153287743992e-09   0.00e+00 
 6.21208107355725e-09   0.00e+00 
 6.21262927167684e-09   0.00e+00 
 6.21317747179847e-09   0.00e+00 
 6.21372567392191e-09   0.00e+00 
 6.21427387804692e-09   0.00e+00 
 6.21482208417327e-09   0.00e+00 
 6.21537029230074e-09   0.00e+00 
 6.21591850242909e-09   0.00e+00 
 6.21646671455810e-09   0.00e+00 
 6.21701492868753e-09   0.00e+00 
 6.21756314481716e-09   0.00e+00 
 6.21811136294675e-09   0.00e+00 
 6.21865958307607e-09   0.00e+00 
 6.21920780520490e-09   0.00e+00 
 6.21975602933301e-09   0.00e+00 
 6.22030425546015e-09   0.00e+00 
 6.22085248358612e-09   0.00e+00 
 6.22140071371067e-09   0.00e+00 
 6.22194894583358e-09   0.00e+00 
 6.22249717995462e-09   0.00e+00 
 6.22304541607356e-09   0.00e+00 
 6.22359365419016e-09   0.00e+00 
 6.22414189430420e-09   0.00e+00 
 6.22469013641545e-09   0.00e+00 
 6.22523838052368e-09   0.00e+00 
 6.22578662662866e-09   0.00e+00 
 6.22633487473016e-09   0.00e+00 
 6.22688312482796e-09   0.00e+00 
 6.22743137692182e-09   0.00e+00 
 6.22797963101151e-09   0.00e+00 
 6.22852788709681e-09   0.00e+00 
 6.22907614517749e-09   0.00e+00 
 6.22962440525331e-09   0.00e+00 
 6.23017266732405e-09   0.00e+00 
 6.23072093138948e-09   0.00e+00 
 6.23126919744937e-09   0.00e+00 
 6.23181746550349e-09   0.00e+00 
 6.23236573555161e-09   0.00e+00 
 6.23291400759351e-09   0.00e+00 
 6.23346228162896e-09   0.00e+00 
 6.23401055765772e-09   0.00e+00 
 6.23455883567957e-09   0.00e+00 
 6.23510711569427e-09   0.00e+00 
 6.23565539770161e-09   0.00e+00 
 6.23620368170136e-09   0.00e+00 
 6.23675196769327e-09   0.00e+00 
 6.23730025567714e-09   0.00e+00 
 6.23784854565272e-09   0.00e+00 
 6.23839683761979e-09   0.00e+00 
 6.23894513157812e-09   0.00e+00 
 6.23949342752748e-09   0.00e+00 
 6.24004172546764e-09   0.00e+00 
 6.24059002539839e-09   0.00e+00 
 6.24113832731948e-09   0.00e+00 
 6.24168663123069e-09   0.00e+00 
 6.24223493713179e-09   0.00e+00 
 6.24278324502256e-09   0.00e+00 
 6.24333155490276e-09   0.00e+00 
 6.24387986677217e-09   0.00e+00 
 6.24442818063056e-09   0.00e+00 
 6.24497649647771e-09   0.00e+00 
 6.24552481431338e-09   0.00e+00 
 6.24607313413734e-09   0.00e+00 
 6.24662145594937e-09   0.00e+00 
 6.24716977974925e-09   0.00e+00 
 6.24771810553674e-09   0.00e+00 
 6.24826643331162e-09   0.00e+00 
 6.24881476307365e-09   0.00e+00 
 6.24936309482262e-09   0.00e+00 
 6.24991142855828e-09   0.00e+00 
 6.25045976428043e-09   0.00e+00 
 6.25100810198882e-09   0.00e+00 
 6.25155644168324e-09   0.00e+00 
 6.25210478336345e-09   0.00e+00 
 6.25265312702923e-09   0.00e+00 
 6.25320147268034e-09   0.00e+00 
 6.25374982031657e-09   0.00e+00 
 6.25429816993769e-09   0.00e+00 
 6.25484652154346e-09   0.00e+00 
 6.25539487513367e-09   0.00e+00 
 6.25594323070808e-09   0.00e+00 
 6.25649158826646e-09   0.00e+00 
 6.25703994780860e-09   0.00e+00 
 6.25758830933426e-09   0.00e+00 
 6.25813667284322e-09   0.00e+00 
 6.25868503833524e-09   0.00e+00 
 6.25923340581011e-09   0.00e+00 
 6.25978177526760e-09   0.00e+00 
 6.26033014670747e-09   0.00e+00 
 6.26087852012951e-09   0.00e+00 
 6.26142689553349e-09   0.00e+00 
 6.26197527291917e-09   0.00e+00 
 6.26252365228634e-09   0.00e+00 
 6.26307203363476e-09   0.00e+00 
 6.26362041696421e-09   0.00e+00 
 6.26416880227447e-09   0.00e+00 
 6.26471718956530e-09   0.00e+00 
 6.26526557883649e-09   0.00e+00 
 6.26581397008780e-09   0.00e+00 
 6.26636236331901e-09   0.00e+00 
 6.26691075852989e-09   0.00e+00 
 6.26745915572021e-09   0.00e+00 
 6.26800755488976e-09   0.00e+00 
 6.26855595603830e-09   0.00e+00 
 6.26910435916561e-09   0.00e+00 
 6.26965276427146e-09   0.00e+00 
 6.27020117135563e-09   0.00e+00 
 6.27074958041788e-09   0.00e+00 
 6.27129799145800e-09   0.00e+00 
 6.27184640447576e-09   0.00e+00 
 6.27239481947093e-09   0.00e+00 
 6.27294323644329e-09   0.00e+00 
 6.27349165539260e-09   0.00e+00 
 6.27404007631866e-09   0.00e+00 
 6.27458849922122e-09   0.00e+00 
 6.27513692410006e-09   0.00e+00 
 6.27568535095497e-09   0.00e+00 
 6.27623377978571e-09   0.00e+00 
 6.27678221059205e-09   0.00e+00 
 6.27733064337378e-09   0.00e+00 
 6.27787907813066e-09   0.00e+00 
 6.27842751486247e-09   0.00e+00 
 6.27897595356899e-09   0.00e+00 
 6.27952439424999e-09   0.00e+00 
 6.28007283690524e-09   0.00e+00 
 6.28062128153453e-09   0.00e+00 
 6.28116972813762e-09   0.00e+00 
 6.28171817671429e-09   0.00e+00 
 6.28226662726431e-09   0.00e+00 
 6.28281507978746e-09   0.00e+00 
 6.28336353428352e-09   0.00e+00 
 6.28391199075225e-09   0.00e+00 
 6.28446044919344e-09   0.00e+00 
 6.28500890960686e-09   0.00e+00 
 6.28555737199229e-09   0.00e+00 
 6.28610583634949e-09   0.00e+00 
 6.28665430267825e-09   0.00e+00 
 6.28720277097834e-09   0.00e+00 
 6.28775124124953e-09   0.00e+00 
 6.28829971349161e-09   0.00e+00 
 6.28884818770435e-09   0.00e+00 
 6.28939666388751e-09   0.00e+00 
 6.28994514204088e-09   0.00e+00 
 6.29049362216424e-09   0.00e+00 
 6.29104210425735e-09   0.00e+00 
 6.29159058832000e-09   0.00e+00 
 6.29213907435196e-09   0.00e+00 
 6.29268756235300e-09   0.00e+00 
 6.29323605232291e-09   0.00e+00 
 6.29378454426145e-09   0.00e+00 
 6.29433303816840e-09   0.00e+00 
 6.29488153404354e-09   0.00e+00 
 6.29543003188665e-09   0.00e+00 
 6.29597853169749e-09   0.00e+00 
 6.29652703347586e-09   0.00e+00 
 6.29707553722151e-09   0.00e+00 
 6.29762404293424e-09   0.00e+00 
 6.29817255061381e-09   0.00e+00 
 6.29872106026000e-09   0.00e+00 
 6.29926957187258e-09   0.00e+00 
 6.29981808545134e-09   0.00e+00 
 6.30036660099605e-09   0.00e+00 
 6.30091511850648e-09   0.00e+00 
 6.30146363798241e-09   0.00e+00 
 6.30201215942363e-09   0.00e+00 
 6.30256068282989e-09   0.00e+00 
 6.30310920820099e-09   0.00e+00 
 6.30365773553670e-09   0.00e+00 
 6.30420626483678e-09   0.00e+00 
 6.30475479610103e-09   0.00e+00 
 6.30530332932922e-09   0.00e+00 
 6.30585186452112e-09   0.00e+00 
 6.30640040167651e-09   0.00e+00 
 6.30694894079517e-09   0.00e+00 
 6.30749748187687e-09   0.00e+00 
 6.30804602492139e-09   0.00e+00 
 6.30859456992851e-09   0.00e+00 
 6.30914311689801e-09   0.00e+00 
 6.30969166582966e-09   0.00e+00 
 6.31024021672323e-09   0.00e+00 
 6.31078876957851e-09   0.00e+00 
 6.31133732439528e-09   0.00e+00 
 6.31188588117330e-09   0.00e+00 
 6.31243443991236e-09   0.00e+00 
 6.31298300061223e-09   0.00e+00 
 6.31353156327270e-09   0.00e+00 
 6.31408012789353e-09   0.00e+00 
 6.31462869447451e-09   0.00e+00 
 6.31517726301541e-09   0.00e+00 
 6.31572583351602e-09   0.00e+00 
 6.31627440597610e-09   0.00e+00 
 6.31682298039544e-09   0.00e+00 
 6.31737155677381e-09   0.00e+00 
 6.31792013511099e-09   0.00e+00 
 6.31846871540676e-09   0.00e+00 
 6.31901729766089e-09   0.00e+00 
 6.31956588187317e-09   0.00e+00 
 6.32011446804337e-09   0.00e+00 
 6.32066305617127e-09   0.00e+00 
 6.32121164625664e-09   0.00e+00 
 6.32176023829927e-09   0.00e+00 
 6.32230883229893e-09   0.00e+00 
 6.32285742825540e-09   0.00e+00 
 6.32340602616846e-09   0.00e+00 
 6.32395462603789e-09   0.00e+00 
 6.32450322786346e-09   0.00e+00 
 6.32505183164495e-09   0.00e+00 
 6.32560043738214e-09   0.00e+00 
 6.32614904507482e-09   0.00e+00 
 6.32669765472275e-09   0.00e+00 
 6.32724626632571e-09   0.00e+00 
 6.32779487988349e-09   0.00e+00 
 6.32834349539586e-09   0.00e+00 
 6.32889211286260e-09   0.00e+00 
 6.32944073228349e-09   0.00e+00 
 6.32998935365830e-09   0.00e+00 
 6.33053797698682e-09   0.00e+00 
 6.33108660226882e-09   0.00e+00 
 6.33163522950409e-09   0.00e+00 
 6.33218385869240e-09   0.00e+00 
 6.33273248983354e-09   0.00e+00 
 6.33328112292726e-09   0.00e+00 
 6.33382975797337e-09   0.00e+00 
 6.33437839497163e-09   0.00e+00 
 6.33492703392183e-09   0.00e+00 
 6.33547567482374e-09   0.00e+00 
 6.33602431767714e-09   0.00e+00 
 6.33657296248182e-09   0.00e+00 
 6.33712160923755e-09   0.00e+00 
 6.33767025794410e-09   0.00e+00 
 6.33821890860127e-09   0.00e+00 
 6.33876756120882e-09   0.00e+00 
 6.33931621576655e-09   0.00e+00 
 6.33986487227421e-09   0.00e+00 
 6.34041353073161e-09   0.00e+00 
 6.34096219113851e-09   0.00e+00 
 6.34151085349469e-09   0.00e+00 
 6.34205951779994e-09   0.00e+00 
 6.34260818405403e-09   0.00e+00 
 6.34315685225674e-09   0.00e+00 
 6.34370552240785e-09   0.00e+00 
 6.34425419450714e-09   0.00e+00 
 6.34480286855440e-09   0.00e+00 
 6.34535154454940e-09   0.00e+00 
 6.34590022249191e-09   0.00e+00 
 6.34644890238173e-09   0.00e+00 
 6.34699758421862e-09   0.00e+00 
 6.34754626800237e-09   0.00e+00 
 6.34809495373276e-09   0.00e+00 
 6.34864364140957e-09   0.00e+00 
 6.34919233103258e-09   0.00e+00 
 6.34974102260157e-09   0.00e+00 
 6.35028971611632e-09   0.00e+00 
 6.35083841157660e-09   0.00e+00 
 6.35138710898221e-09   0.00e+00 
 6.35193580833291e-09   0.00e+00 
 6.35248450962850e-09   0.00e+00 
 6.35303321286874e-09   0.00e+00 
 6.35358191805342e-09   0.00e+00 
 6.35413062518232e-09   0.00e+00 
 6.35467933425522e-09   0.00e+00 
 6.35522804527190e-09   0.00e+00 
 6.35577675823214e-09   0.00e+00 
 6.35632547313572e-09   0.00e+00 
 6.35687418998242e-09   0.00e+00 
 6.35742290877203e-09   0.00e+00 
 6.35797162950432e-09   0.00e+00 
 6.35852035217907e-09   0.00e+00 
 6.35906907679606e-09   0.00e+00 
 6.35961780335508e-09   0.00e+00 
 6.36016653185590e-09   0.00e+00 
 6.36071526229831e-09   0.00e+00 
 6.36126399468209e-09   0.00e+00 
 6.36181272900701e-09   0.00e+00 
 6.36236146527286e-09   0.00e+00 
 6.36291020347942e-09   0.00e+00 
 6.36345894362647e-09   0.00e+00 
 6.36400768571379e-09   0.00e+00 
 6.36455642974116e-09   0.00e+00 
 6.36510517570837e-09   0.00e+00 
 6.36565392361519e-09   0.00e+00 
 6.36620267346140e-09   0.00e+00 
 6.36675142524679e-09   0.00e+00 
 6.36730017897114e-09   0.00e+00 
 6.36784893463423e-09   0.00e+00 
 6.36839769223583e-09   0.00e+00 
 6.36894645177574e-09   0.00e+00 
 6.36949521325373e-09   0.00e+00 
 6.37004397666959e-09   0.00e+00 
 6.37059274202309e-09   0.00e+00 
 6.37114150931402e-09   0.00e+00 
 6.37169027854215e-09   0.00e+00 
 6.37223904970728e-09   0.00e+00 
 6.37278782280917e-09   0.00e+00 
 6.37333659784762e-09   0.00e+00 
 6.37388537482241e-09   0.00e+00 
 6.37443415373331e-09   0.00e+00 
 6.37498293458011e-09   0.00e+00 
 6.37553171736260e-09   0.00e+00 
 6.37608050208054e-09   0.00e+00 
 6.37662928873373e-09   0.00e+00 
 6.37717807732194e-09   0.00e+00 
 6.37772686784496e-09   0.00e+00 
 6.37827566030257e-09   0.00e+00 
 6.37882445469456e-09   0.00e+00 
 6.37937325102069e-09   0.00e+00 
 6.37992204928077e-09   0.00e+00 
 6.38047084947456e-09   0.00e+00 
 6.38101965160185e-09   0.00e+00 
 6.38156845566242e-09   0.00e+00 
 6.38211726165606e-09   0.00e+00 
 6.38266606958255e-09   0.00e+00 
 6.38321487944166e-09   0.00e+00 
 6.38376369123319e-09   0.00e+00 
 6.38431250495691e-09   0.00e+00 
 6.38486132061261e-09   0.00e+00 
 6.38541013820006e-09   0.00e+00 
 6.38595895771906e-09   0.00e+00 
 6.38650777916939e-09   0.00e+00 
 6.38705660255082e-09   0.00e+00 
 6.38760542786314e-09   0.00e+00 
 6.38815425510613e-09   0.00e+00 
 6.38870308427958e-09   0.00e+00 
 6.38925191538326e-09   0.00e+00 
 6.38980074841697e-09   0.00e+00 
 6.39034958338047e-09   0.00e+00 
 6.39089842027357e-09   0.00e+00 
 6.39144725909603e-09   0.00e+00 
 6.39199609984765e-09   0.00e+00 
 6.39254494252820e-09   0.00e+00 
 6.39309378713747e-09   0.00e+00 
 6.39364263367524e-09   0.00e+00 
 6.39419148214129e-09   0.00e+00 
 6.39474033253541e-09   0.00e+00 
 6.39528918485739e-09   0.00e+00 
 6.39583803910699e-09   0.00e+00 
 6.39638689528402e-09   0.00e+00 
 6.39693575338824e-09   0.00e+00 
 6.39748461341945e-09   0.00e+00 
 6.39803347537742e-09   0.00e+00 
 6.39858233926195e-09   0.00e+00 
 6.39913120507281e-09   0.00e+00 
 6.39968007280978e-09   0.00e+00 
 6.40022894247266e-09   0.00e+00 
 6.40077781406122e-09   0.00e+00 
 6.40132668757525e-09   0.00e+00 
 6.40187556301453e-09   0.00e+00 
 6.40242444037885e-09   0.00e+00 
 6.40297331966799e-09   0.00e+00 
 6.40352220088173e-09   0.00e+00 
 6.40407108401985e-09   0.00e+00 
 6.40461996908215e-09   0.00e+00 
 6.40516885606840e-09   0.00e+00 
 6.40571774497839e-09   0.00e+00 
 6.40626663581190e-09   0.00e+00 
 6.40681552856871e-09   0.00e+00 
 6.40736442324862e-09   0.00e+00 
 6.40791331985140e-09   0.00e+00 
 6.40846221837684e-09   0.00e+00 
 6.40901111882472e-09   0.00e+00 
 6.40956002119484e-09   0.00e+00 
 6.41010892548695e-09   0.00e+00 
 6.41065783170087e-09   0.00e+00 
 6.41120673983636e-09   0.00e+00 
 6.41175564989322e-09   0.00e+00 
 6.41230456187123e-09   0.00e+00 
 6.41285347577017e-09   0.00e+00 
 6.41340239158982e-09   0.00e+00 
 6.41395130932998e-09   0.00e+00 
 6.41450022899042e-09   0.00e+00 
 6.41504915057093e-09   0.00e+00 
 6.41559807407130e-09   0.00e+00 
 6.41614699949130e-09   0.00e+00 
 6.41669592683073e-09   0.00e+00 
 6.41724485608937e-09   0.00e+00 
 6.41779378726700e-09   0.00e+00 
 6.41834272036341e-09   0.00e+00 
 6.41889165537839e-09   0.00e+00 
 6.41944059231171e-09   0.00e+00 
 6.41998953116317e-09   0.00e+00 
 6.42053847193254e-09   0.00e+00 
 6.42108741461962e-09   0.00e+00 
 6.42163635922419e-09   0.00e+00 
 6.42218530574602e-09   0.00e+00 
 6.42273425418491e-09   0.00e+00 
 6.42328320454065e-09   0.00e+00 
 6.42383215681302e-09   0.00e+00 
 6.42438111100180e-09   0.00e+00 
 6.42493006710677e-09   0.00e+00 
 6.42547902512774e-09   0.00e+00 
 6.42602798506447e-09   0.00e+00 
 6.42657694691675e-09   0.00e+00 
 6.42712591068437e-09   0.00e+00 
 6.42767487636712e-09   0.00e+00 
 6.42822384396478e-09   0.00e+00 
 6.42877281347714e-09   0.00e+00 
 6.42932178490397e-09   0.00e+00 
 6.42987075824508e-09   0.00e+00 
 6.43041973350024e-09   0.00e+00 
 6.43096871066923e-09   0.00e+00 
 6.43151768975185e-09   0.00e+00 
 6.43206667074788e-09   0.00e+00 
 6.43261565365710e-09   0.00e+00 
 6.43316463847931e-09   0.00e+00 
 6.43371362521428e-09   0.00e+00 
 6.43426261386181e-09   0.00e+00 
 6.43481160442167e-09   0.00e+00 
 6.43536059689366e-09   0.00e+00 
 6.43590959127756e-09   0.00e+00 
 6.43645858757316e-09   0.00e+00 
 6.43700758578023e-09   0.00e+00 
 6.43755658589858e-09   0.00e+00 
 6.43810558792798e-09   0.00e+00 
 6.43865459186823e-09   0.00e+00 
 6.43920359771910e-09   0.00e+00 
 6.43975260548039e-09   0.00e+00 
 6.44030161515187e-09   0.00e+00 
 6.44085062673334e-09   0.00e+00 
 6.44139964022459e-09   0.00e+00 
 6.44194865562539e-09   0.00e+00 
 6.44249767293554e-09   0.00e+00 
 6.44304669215482e-09   0.00e+00 
 6.44359571328301e-09   0.00e+00 
 6.44414473631992e-09   0.00e+00 
 6.44469376126531e-09   0.00e+00 
 6.44524278811898e-09   0.00e+00 
 6.44579181688071e-09   0.00e+00 
 6.44634084755030e-09   0.00e+00 
 6.44688988012752e-09   0.00e+00 
 6.44743891461217e-09   0.00e+00 
 6.44798795100403e-09   0.00e+00 
 6.44853698930289e-09   0.00e+00 
 6.44908602950853e-09   0.00e+00 
 6.44963507162075e-09   0.00e+00 
 6.45018411563932e-09   0.00e+00 
 6.45073316156404e-09   0.00e+00 
 6.45128220939470e-09   0.00e+00 
 6.45183125913108e-09   0.00e+00 
 6.45238031077296e-09   0.00e+00 
 6.45292936432014e-09   0.00e+00 
 6.45347841977239e-09   0.00e+00 
 6.45402747712952e-09   0.00e+00 
 6.45457653639130e-09   0.00e+00 
 6.45512559755753e-09   0.00e+00 
 6.45567466062799e-09   0.00e+00 
 6.45622372560247e-09   0.00e+00 
 6.45677279248075e-09   0.00e+00 
 6.45732186126262e-09   0.00e+00 
 6.45787093194788e-09   0.00e+00 
 6.45842000453630e-09   0.00e+00 
 6.45896907902768e-09   0.00e+00 
 6.45951815542180e-09   0.00e+00 
 6.46006723371845e-09   0.00e+00 
 6.46061631391742e-09   0.00e+00 
 6.46116539601850e-09   0.00e+00 
 6.46171448002147e-09   0.00e+00 
 6.46226356592612e-09   0.00e+00 
 6.46281265373225e-09   0.00e+00 
 6.46336174343962e-09   0.00e+00 
 6.46391083504805e-09   0.00e+00 
 6.46445992855731e-09   0.00e+00 
 6.46500902396718e-09   0.00e+00 
 6.46555812127747e-09   0.00e+00 
 6.46610722048796e-09   0.00e+00 
 6.46665632159843e-09   0.00e+00 
 6.46720542460867e-09   0.00e+00 
 6.46775452951848e-09   0.00e+00 
 6.46830363632763e-09   0.00e+00 
 6.46885274503593e-09   0.00e+00 
 6.46940185564315e-09   0.00e+00 
 6.46995096814908e-09   0.00e+00 
 6.47050008255352e-09   0.00e+00 
 6.47104919885625e-09   0.00e+00 
 6.47159831705706e-09   0.00e+00 
 6.47214743715574e-09   0.00e+00 
 6.47269655915207e-09   0.00e+00 
 6.47324568304585e-09   0.00e+00 
 6.47379480883687e-09   0.00e+00 
 6.47434393652490e-09   0.00e+00 
 6.47489306610975e-09   0.00e+00 
 6.47544219759120e-09   0.00e+00 
 6.47599133096903e-09   0.00e+00 
 6.47654046624305e-09   0.00e+00 
 6.47708960341303e-09   0.00e+00 
 6.47763874247877e-09   0.00e+00 
 6.47818788344005e-09   0.00e+00 
 6.47873702629666e-09   0.00e+00 
 6.47928617104840e-09   0.00e+00 
 6.47983531769505e-09   0.00e+00 
 6.48038446623639e-09   0.00e+00 
 6.48093361667223e-09   0.00e+00 
 6.48148276900235e-09   0.00e+00 
 6.48203192322653e-09   0.00e+00 
 6.48258107934457e-09   0.00e+00 
 6.48313023735626e-09   0.00e+00 
 6.48367939726138e-09   0.00e+00 
 6.48422855905972e-09   0.00e+00 
 6.48477772275109e-09   0.00e+00 
 6.48532688833525e-09   0.00e+00 
 6.48587605581201e-09   0.00e+00 
 6.48642522518115e-09   0.00e+00 
 6.48697439644246e-09   0.00e+00 
 6.48752356959573e-09   0.00e+00 
 6.48807274464075e-09   0.00e+00 
 6.48862192157732e-09   0.00e+00 
 6.48917110040521e-09   0.00e+00 
 6.48972028112422e-09   0.00e+00 
 6.49026946373415e-09   0.00e+00 
 6.49081864823477e-09   0.00e+00 
 6.49136783462588e-09   0.00e+00 
 6.49191702290728e-09   0.00e+00 
 6.49246621307873e-09   0.00e+00 
 6.49301540514005e-09   0.00e+00 
 6.49356459909102e-09   0.00e+00 
 6.49411379493143e-09   0.00e+00 
 6.49466299266107e-09   0.00e+00 
 6.49521219227973e-09   0.00e+00 
 6.49576139378719e-09   0.00e+00 
 6.49631059718326e-09   0.00e+00 
 6.49685980246771e-09   0.00e+00 
 6.49740900964034e-09   0.00e+00 
 6.49795821870095e-09   0.00e+00 
 6.49850742964931e-09   0.00e+00 
 6.49905664248523e-09   0.00e+00 
 6.49960585720849e-09   0.00e+00 
 6.50015507381888e-09   0.00e+00 
 6.50070429231619e-09   0.00e+00 
 6.50125351270021e-09   0.00e+00 
 6.50180273497074e-09   0.00e+00 
 6.50235195912756e-09   0.00e+00 
 6.50290118517046e-09   0.00e+00 
 6.50345041309924e-09   0.00e+00 
 6.50399964291369e-09   0.00e+00 
 6.50454887461359e-09   0.00e+00 
 6.50509810819874e-09   0.00e+00 
 6.50564734366893e-09   0.00e+00 
 6.50619658102394e-09   0.00e+00 
 6.50674582026358e-09   0.00e+00 
 6.50729506138763e-09   0.00e+00 
 6.50784430439588e-09   0.00e+00 
 6.50839354928812e-09   0.00e+00 
 6.50894279606414e-09   0.00e+00 
 6.50949204472374e-09   0.00e+00 
 6.51004129526670e-09   0.00e+00 
 6.51059054769282e-09   0.00e+00 
 6.51113980200189e-09   0.00e+00 
 6.51168905819370e-09   0.00e+00 
 6.51223831626804e-09   0.00e+00 
 6.51278757622470e-09   0.00e+00 
 6.51333683806348e-09   0.00e+00 
 6.51388610178416e-09   0.00e+00 
 6.51443536738653e-09   0.00e+00 
 6.51498463487040e-09   0.00e+00 
 6.51553390423554e-09   0.00e+00 
 6.51608317548175e-09   0.00e+00 
 6.51663244860882e-09   0.00e+00 
 6.51718172361655e-09   0.00e+00 
 6.51773100050472e-09   0.00e+00 
 6.51828027927313e-09   0.00e+00 
 6.51882955992156e-09   0.00e+00 
 6.51937884244982e-09   0.00e+00 
 6.51992812685769e-09   0.00e+00 
 6.52047741314497e-09   0.00e+00 
 6.52102670131143e-09   0.00e+00 
 6.52157599135689e-09   0.00e+00 
 6.52212528328113e-09   0.00e+00 
 6.52267457708394e-09   0.00e+00 
 6.52322387276511e-09   0.00e+00 
 6.52377317032444e-09   0.00e+00 
 6.52432246976171e-09   0.00e+00 
 6.52487177107673e-09   0.00e+00 
 6.52542107426927e-09   0.00e+00 
 6.52597037933914e-09   0.00e+00 
 6.52651968628613e-09   0.00e+00 
 6.52706899511002e-09   0.00e+00 
 6.52761830581062e-09   0.00e+00 
 6.52816761838771e-09   0.00e+00 
 6.52871693284109e-09   0.00e+00 
 6.52926624917054e-09   0.00e+00 
 6.52981556737586e-09   0.00e+00 
 6.53036488745685e-09   0.00e+00 
 6.53091420941330e-09   0.00e+00 
 6.53146353324499e-09   0.00e+00 
 6.53201285895172e-09   0.00e+00 
 6.53256218653328e-09   0.00e+00 
 6.53311151598947e-09   0.00e+00 
 6.53366084732008e-09   0.00e+00 
 6.53421018052490e-09   0.00e+00 
 6.53475951560373e-09   0.00e+00 
 6.53530885255635e-09   0.00e+00 
 6.53585819138256e-09   0.00e+00 
 6.53640753208216e-09   0.00e+00 
 6.53695687465492e-09   0.00e+00 
 6.53750621910066e-09   0.00e+00 
 6.53805556541916e-09   0.00e+00 
 6.53860491361021e-09   0.00e+00 
 6.53915426367361e-09   0.00e+00 
 6.53970361560915e-09   0.00e+00 
 6.54025296941662e-09   0.00e+00 
 6.54080232509582e-09   0.00e+00 
 6.54135168264655e-09   0.00e+00 
 6.54190104206858e-09   0.00e+00 
 6.54245040336172e-09   0.00e+00 
 6.54299976652576e-09   0.00e+00 
 6.54354913156050e-09   0.00e+00 
 6.54409849846572e-09   0.00e+00 
 6.54464786724122e-09   0.00e+00 
 6.54519723788679e-09   0.00e+00 
 6.54574661040223e-09   0.00e+00 
 6.54629598478733e-09   0.00e+00 
 6.54684536104189e-09   0.00e+00 
 6.54739473916569e-09   0.00e+00 
 6.54794411915854e-09   0.00e+00 
 6.54849350102022e-09   0.00e+00 
 6.54904288475052e-09   0.00e+00 
 6.54959227034925e-09   0.00e+00 
 6.55014165781620e-09   0.00e+00 
 6.55069104715115e-09   0.00e+00 
 6.55124043835391e-09   0.00e+00 
 6.55178983142427e-09   0.00e+00 
 6.55233922636202e-09   0.00e+00 
 6.55288862316695e-09   0.00e+00 
 6.55343802183887e-09   0.00e+00 
 6.55398742237755e-09   0.00e+00 
 6.55453682478281e-09   0.00e+00 
 6.55508622905443e-09   0.00e+00 
 6.55563563519220e-09   0.00e+00 
 6.55618504319592e-09   0.00e+00 
 6.55673445306539e-09   0.00e+00 
 6.55728386480039e-09   0.00e+00 
 6.55783327840073e-09   0.00e+00 
 6.55838269386619e-09   0.00e+00 
 6.55893211119658e-09   0.00e+00 
 6.55948153039168e-09   0.00e+00 
 6.56003095145129e-09   0.00e+00 
 6.56058037437521e-09   0.00e+00 
 6.56112979916322e-09   0.00e+00 
 6.56167922581513e-09   0.00e+00 
 6.56222865433073e-09   0.00e+00 
 6.56277808470980e-09   0.00e+00 
 6.56332751695216e-09   0.00e+00 
 6.56387695105759e-09   0.00e+00 
 6.56442638702588e-09   0.00e+00 
 6.56497582485684e-09   0.00e+00 
 6.56552526455025e-09   0.00e+00 
 6.56607470610592e-09   0.00e+00 
 6.56662414952362e-09   0.00e+00 
 6.56717359480317e-09   0.00e+00 
 6.56772304194435e-09   0.00e+00 
 6.56827249094697e-09   0.00e+00 
 6.56882194181081e-09   0.00e+00 
 6.56937139453567e-09   0.00e+00 
 6.56992084912134e-09   0.00e+00 
 6.57047030556763e-09   0.00e+00 
 6.57101976387432e-09   0.00e+00 
 6.57156922404121e-09   0.00e+00 
 6.57211868606810e-09   0.00e+00 
 6.57266814995478e-09   0.00e+00 
 6.57321761570104e-09   0.00e+00 
 6.57376708330669e-09   0.00e+00 
 6.57431655277152e-09   0.00e+00 
 6.57486602409531e-09   0.00e+00 
 6.57541549727788e-09   0.00e+00 
 6.57596497231900e-09   0.00e+00 
 6.57651444921849e-09   0.00e+00 
 6.57706392797613e-09   0.00e+00 
 6.57761340859172e-09   0.00e+00 
 6.57816289106506e-09   0.00e+00 
 6.57871237539594e-09   0.00e+00 
 6.57926186158415e-09   0.00e+00 
 6.57981134962949e-09   0.00e+00 
 6.58036083953176e-09   0.00e+00 
 6.58091033129076e-09   0.00e+00 
 6.58145982490628e-09   0.00e+00 
 6.58200932037811e-09   0.00e+00 
 6.58255881770605e-09   0.00e+00 
 6.58310831688990e-09   0.00e+00 
 6.58365781792945e-09   0.00e+00 
 6.58420732082450e-09   0.00e+00 
 6.58475682557485e-09   0.00e+00 
 6.58530633218028e-09   0.00e+00 
 6.58585584064061e-09   0.00e+00 
 6.58640535095561e-09   0.00e+00 
 6.58695486312510e-09   0.00e+00 
 6.58750437714886e-09   0.00e+00 
 6.58805389302669e-09   0.00e+00 
 6.58860341075839e-09   0.00e+00 
 6.58915293034375e-09   0.00e+00 
 6.58970245178258e-09   0.00e+00 
 6.59025197507466e-09   0.00e+00 
 6.59080150021979e-09   0.00e+00 
 6.59135102721777e-09   0.00e+00 
 6.59190055606840e-09   0.00e+00 
 6.59245008677147e-09   0.00e+00 
 6.59299961932678e-09   0.00e+00 
 6.59354915373412e-09   0.00e+00 
 6.59409868999330e-09   0.00e+00 
 6.59464822810410e-09   0.00e+00 
 6.59519776806633e-09   0.00e+00 
 6.59574730987979e-09   0.00e+00 
 6.59629685354426e-09   0.00e+00 
 6.59684639905955e-09   0.00e+00 
 6.59739594642545e-09   0.00e+00 
 6.59794549564175e-09   0.00e+00 
 6.59849504670827e-09   0.00e+00 
 6.59904459962478e-09   0.00e+00 
 6.59959415439110e-09   0.00e+00 
 6.60014371100701e-09   0.00e+00 
 6.60069326947232e-09   0.00e+00 
 6.60124282978682e-09   0.00e+00 
 6.60179239195031e-09   0.00e+00 
 6.60234195596258e-09   0.00e+00 
 6.60289152182343e-09   0.00e+00 
 6.60344108953266e-09   0.00e+00 
 6.60399065909007e-09   0.00e+00 
 6.60454023049545e-09   0.00e+00 
 6.60508980374861e-09   0.00e+00 
 6.60563937884933e-09   0.00e+00 
 6.60618895579741e-09   0.00e+00 
 6.60673853459267e-09   0.00e+00 
 6.60728811523488e-09   0.00e+00 
 6.60783769772385e-09   0.00e+00 
 6.60838728205938e-09   0.00e+00 
 6.60893686824125e-09   0.00e+00 
 6.60948645626928e-09   0.00e+00 
 6.61003604614326e-09   0.00e+00 
 6.61058563786299e-09   0.00e+00 
 6.61113523142826e-09   0.00e+00 
 6.61168482683886e-09   0.00e+00 
 6.61223442409461e-09   0.00e+00 
 6.61278402319530e-09   0.00e+00 
 6.61333362414072e-09   0.00e+00 
 6.61388322693067e-09   0.00e+00 
 6.61443283156496e-09   0.00e+00 
 6.61498243804337e-09   0.00e+00 
 6.61553204636571e-09   0.00e+00 
 6.61608165653177e-09   0.00e+00 
 6.61663126854135e-09   0.00e+00 
 6.61718088239426e-09   0.00e+00 
 6.61773049809029e-09   0.00e+00 
 6.61828011562923e-09   0.00e+00 
 6.61882973501088e-09   0.00e+00 
 6.61937935623505e-09   0.00e+00 
 6.61992897930154e-09   0.00e+00 
 6.62047860421013e-09   0.00e+00 
 6.62102823096063e-09   0.00e+00 
 6.62157785955283e-09   0.00e+00 
 6.62212748998654e-09   0.00e+00 
 6.62267712226155e-09   0.00e+00 
 6.62322675637767e-09   0.00e+00 
 6.62377639233468e-09   0.00e+00 
 6.62432603013240e-09   0.00e+00 
 6.62487566977062e-09   0.00e+00 
 6.62542531124912e-09   0.00e+00 
 6.62597495456773e-09   0.00e+00 
 6.62652459972623e-09   0.00e+00 
 6.62707424672442e-09   0.00e+00 
 6.62762389556209e-09   0.00e+00 
 6.62817354623906e-09   0.00e+00 
 6.62872319875512e-09   0.00e+00 
 6.62927285311007e-09   0.00e+00 
 6.62982250930370e-09   0.00e+00 
 6.63037216733581e-09   0.00e+00 
 6.63092182720621e-09   0.00e+00 
 6.63147148891470e-09   0.00e+00 
 6.63202115246107e-09   0.00e+00 
 6.63257081784512e-09   0.00e+00 
 6.63312048506664e-09   0.00e+00 
 6.63367015412545e-09   0.00e+00 
 6.63421982502134e-09   0.00e+00 
 6.63476949775411e-09   0.00e+00 
 6.63531917232355e-09   0.00e+00 
 6.63586884872947e-09   0.00e+00 
 6.63641852697166e-09   0.00e+00 
 6.63696820704993e-09   0.00e+00 
 6.63751788896408e-09   0.00e+00 
 6.63806757271390e-09   0.00e+00 
 6.63861725829919e-09   0.00e+00 
 6.63916694571976e-09   0.00e+00 
 6.63971663497540e-09   0.00e+00 
 6.64026632606591e-09   0.00e+00 
 6.64081601899109e-09   0.00e+00 
 6.64136571375074e-09   0.00e+00 
 6.64191541034467e-09   0.00e+00 
 6.64246510877267e-09   0.00e+00 
 6.64301480903453e-09   0.00e+00 
 6.64356451113007e-09   0.00e+00 
 6.64411421505908e-09   0.00e+00 
 6.64466392082135e-09   0.00e+00 
 6.64521362841670e-09   0.00e+00 
 6.64576333784492e-09   0.00e+00 
 6.64631304910581e-09   0.00e+00 
 6.64686276219917e-09   0.00e+00 
 6.64741247712480e-09   0.00e+00 
 6.64796219388249e-09   0.00e+00 
 6.64851191247206e-09   0.00e+00 
 6.64906163289330e-09   0.00e+00 
 6.64961135514601e-09   0.00e+00 
 6.65016107922999e-09   0.00e+00 
 6.65071080514504e-09   0.00e+00 
 6.65126053289097e-09   0.00e+00 
 6.65181026246756e-09   0.00e+00 
 6.65235999387463e-09   0.00e+00 
 6.65290972711197e-09   0.00e+00 
 6.65345946217938e-09   0.00e+00 
 6.65400919907666e-09   0.00e+00 
 6.65455893780362e-09   0.00e+00 
 6.65510867836005e-09   0.00e+00 
 6.65565842074576e-09   0.00e+00 
 6.65620816496055e-09   0.00e+00 
 6.65675791100421e-09   0.00e+00 
 6.65730765887655e-09   0.00e+00 
 6.65785740857736e-09   0.00e+00 
 6.65840716010645e-09   0.00e+00 
 6.65895691346363e-09   0.00e+00 
 6.65950666864868e-09   0.00e+00 
 6.66005642566142e-09   0.00e+00 
 6.66060618450163e-09   0.00e+00 
 6.66115594516913e-09   0.00e+00 
 6.66170570766372e-09   0.00e+00 
 6.66225547198518e-09   0.00e+00 
 6.66280523813333e-09   0.00e+00 
 6.66335500610797e-09   0.00e+00 
 6.66390477590890e-09   0.00e+00 
 6.66445454753592e-09   0.00e+00 
 6.66500432098883e-09   0.00e+00 
 6.66555409626743e-09   0.00e+00 
 6.66610387337152e-09   0.00e+00 
 6.66665365230090e-09   0.00e+00 
 6.66720343305538e-09   0.00e+00 
 6.66775321563476e-09   0.00e+00 
 6.66830300003884e-09   0.00e+00 
 6.66885278626741e-09   0.00e+00 
 6.66940257432029e-09   0.00e+00 
 6.66995236419727e-09   0.00e+00 
 6.67050215589815e-09   0.00e+00 
 6.67105194942274e-09   0.00e+00 
 6.67160174477084e-09   0.00e+00 
 6.67215154194224e-09   0.00e+00 
 6.67270134093676e-09   0.00e+00 
 6.67325114175418e-09   0.00e+00 
 6.67380094439433e-09   0.00e+00 
 6.67435074885698e-09   0.00e+00 
 6.67490055514196e-09   0.00e+00 
 6.67545036324905e-09   0.00e+00 
 6.67600017317807e-09   0.00e+00 
 6.67654998492880e-09   0.00e+00 
 6.67709979850107e-09   0.00e+00 
 6.67764961389466e-09   0.00e+00 
 6.67819943110938e-09   0.00e+00 
 6.67874925014503e-09   0.00e+00 
 6.67929907100141e-09   0.00e+00 
 6.67984889367833e-09   0.00e+00 
 6.68039871817559e-09   0.00e+00 
 6.68094854449298e-09   0.00e+00 
 6.68149837263032e-09   0.00e+00 
 6.68204820258741e-09   0.00e+00 
 6.68259803436404e-09   0.00e+00 
 6.68314786796002e-09   0.00e+00 
 6.68369770337515e-09   0.00e+00 
 6.68424754060923e-09   0.00e+00 
 6.68479737966207e-09   0.00e+00 
 6.68534722053347e-09   0.00e+00 
 6.68589706322322e-09   0.00e+00 
 6.68644690773115e-09   0.00e+00 
 6.68699675405703e-09   0.00e+00 
 6.68754660220069e-09   0.00e+00 
 6.68809645216192e-09   0.00e+00 
 6.68864630394052e-09   0.00e+00 
 6.68919615753630e-09   0.00e+00 
 6.68974601294905e-09   0.00e+00 
 6.69029587017859e-09   0.00e+00 
 6.69084572922472e-09   0.00e+00 
 6.69139559008723e-09   0.00e+00 
 6.69194545276593e-09   0.00e+00 
 6.69249531726063e-09   0.00e+00 
 6.69304518357112e-09   0.00e+00 
 6.69359505169722e-09   0.00e+00 
 6.69414492163871e-09   0.00e+00 
 6.69469479339541e-09   0.00e+00 
 6.69524466696712e-09   0.00e+00 
 6.69579454235365e-09   0.00e+00 
 6.69634441955478e-09   0.00e+00 
 6.69689429857034e-09   0.00e+00 
 6.69744417940011e-09   0.00e+00 
 6.69799406204391e-09   0.00e+00 
 6.69854394650154e-09   0.00e+00 
 6.69909383277280e-09   0.00e+00 
 6.69964372085749e-09   0.00e+00 
 6.70019361075542e-09   0.00e+00 
 6.70074350246639e-09   0.00e+00 
 6.70129339599020e-09   0.00e+00 
 6.70184329132666e-09   0.00e+00 
 6.70239318847558e-09   0.00e+00 
 6.70294308743675e-09   0.00e+00 
 6.70349298820998e-09   0.00e+00 
 6.70404289079507e-09   0.00e+00 
 6.70459279519182e-09   0.00e+00 
 6.70514270140005e-09   0.00e+00 
 6.70569260941955e-09   0.00e+00 
 6.70624251925013e-09   0.00e+00 
 6.70679243089159e-09   0.00e+00 
 6.70734234434373e-09   0.00e+00 
 6.70789225960636e-09   0.00e+00 
 6.70844217667928e-09   0.00e+00 
 6.70899209556230e-09   0.00e+00 
 6.70954201625522e-09   0.00e+00 
 6.71009193875784e-09   0.00e+00 
 6.71064186306998e-09   0.00e+00 
 6.71119178919142e-09   0.00e+00 
 6.71174171712198e-09   0.00e+00 
 6.71229164686146e-09   0.00e+00 
 6.71284157840966e-09   0.00e+00 
 6.71339151176640e-09   0.00e+00 
 6.71394144693147e-09   0.00e+00 
 6.71449138390467e-09   0.00e+00 
 6.71504132268581e-09   0.00e+00 
 6.71559126327470e-09   0.00e+00 
 6.71614120567114e-09   0.00e+00 
 6.71669114987494e-09   0.00e+00 
 6.71724109588589e-09   0.00e+00 
 6.71779104370381e-09   0.00e+00 
 6.71834099332849e-09   0.00e+00 
 6.71889094475975e-09   0.00e+00 
 6.71944089799739e-09   0.00e+00 
 6.71999085304120e-09   0.00e+00 
 6.72054080989100e-09   0.00e+00 
 6.72109076854659e-09   0.00e+00 
 6.72164072900778e-09   0.00e+00 
 6.72219069127436e-09   0.00e+00 
 6.72274065534615e-09   0.00e+00 
 6.72329062122295e-09   0.00e+00 
 6.72384058890457e-09   0.00e+00 
 6.72439055839080e-09   0.00e+00 
 6.72494052968146e-09   0.00e+00 
 6.72549050277634e-09   0.00e+00 
 6.72604047767526e-09   0.00e+00 
 6.72659045437802e-09   0.00e+00 
 6.72714043288442e-09   0.00e+00 
 6.72769041319427e-09   0.00e+00 
 6.72824039530738e-09   0.00e+00 
 6.72879037922354e-09   0.00e+00 
 6.72934036494257e-09   0.00e+00 
 6.72989035246427e-09   0.00e+00 
 6.73044034178844e-09   0.00e+00 
 6.73099033291489e-09   0.00e+00 
 6.73154032584342e-09   0.00e+00 
 6.73209032057385e-09   0.00e+00 
 6.73264031710597e-09   0.00e+00 
 6.73319031543959e-09   0.00e+00 
 6.73374031557452e-09   0.00e+00 
 6.73429031751056e-09   0.00e+00 
 6.73484032124752e-09   0.00e+00 
 6.73539032678519e-09   0.00e+00 
 6.73594033412340e-09   0.00e+00 
 6.73649034326194e-09   0.00e+00 
 6.73704035420062e-09   0.00e+00 
 6.73759036693924e-09   0.00e+00 
 6.73814038147761e-09   0.00e+00 
 6.73869039781554e-09   0.00e+00 
 6.73924041595283e-09   0.00e+00 
 6.73979043588929e-09   0.00e+00 
 6.74034045762473e-09   0.00e+00 
 6.74089048115894e-09   0.00e+00 
 6.74144050649174e-09   0.00e+00 
 6.74199053362293e-09   0.00e+00 
 6.74254056255231e-09   0.00e+00 
 6.74309059327970e-09   0.00e+00 
 6.74364062580490e-09   0.00e+00 
 6.74419066012771e-09   0.00e+00 
 6.74474069624794e-09   0.00e+00 
 6.74529073416540e-09   0.00e+00 
 6.74584077387989e-09   0.00e+00 
 6.74639081539122e-09   0.00e+00 
 6.74694085869920e-09   0.00e+00 
 6.74749090380362e-09   0.00e+00 
 6.74804095070431e-09   0.00e+00 
 6.74859099940106e-09   0.00e+00 
 6.74914104989368e-09   0.00e+00 
 6.74969110218197e-09   0.00e+00 
 6.75024115626575e-09   0.00e+00 
 6.75079121214482e-09   0.00e+00 
 6.75134126981899e-09   0.00e+00 
 6.75189132928805e-09   0.00e+00 
 6.75244139055183e-09   0.00e+00 
 6.75299145361012e-09   0.00e+00 
 6.75354151846273e-09   0.00e+00 
 6.75409158510947e-09   0.00e+00 
 6.75464165355015e-09   0.00e+00 
 6.75519172378456e-09   0.00e+00 
 6.75574179581253e-09   0.00e+00 
 6.75629186963385e-09   0.00e+00 
 6.75684194524834e-09   0.00e+00 
 6.75739202265579e-09   0.00e+00 
 6.75794210185602e-09   0.00e+00 
 6.75849218284883e-09   0.00e+00 
 6.75904226563403e-09   0.00e+00 
 6.75959235021143e-09   0.00e+00 
 6.76014243658083e-09   0.00e+00 
 6.76069252474204e-09   0.00e+00 
 6.76124261469486e-09   0.00e+00 
 6.76179270643912e-09   0.00e+00 
 6.76234279997460e-09   0.00e+00 
 6.76289289530112e-09   0.00e+00 
 6.76344299241849e-09   0.00e+00 
 6.76399309132651e-09   0.00e+00 
 6.76454319202499e-09   0.00e+00 
 6.76509329451374e-09   0.00e+00 
 6.76564339879257e-09   0.00e+00 
 6.76619350486127e-09   0.00e+00 
 6.76674361271967e-09   0.00e+00 
 6.76729372236756e-09   0.00e+00 
 6.76784383380476e-09   0.00e+00 
 6.76839394703107e-09   0.00e+00 
 6.76894406204630e-09   0.00e+00 
 6.76949417885025e-09   0.00e+00 
 6.77004429744274e-09   0.00e+00 
 6.77059441782357e-09   0.00e+00 
 6.77114453999255e-09   0.00e+00 
 6.77169466394949e-09   0.00e+00 
 6.77224478969419e-09   0.00e+00 
 6.77279491722647e-09   0.00e+00 
 6.77334504654613e-09   0.00e+00 
 6.77389517765297e-09   0.00e+00 
 6.77444531054682e-09   0.00e+00 
 6.77499544522746e-09   0.00e+00 
 6.77554558169472e-09   0.00e+00 
 6.77609571994840e-09   0.00e+00 
 6.77664585998830e-09   0.00e+00 
 6.77719600181424e-09   0.00e+00 
 6.77774614542603e-09   0.00e+00 
 6.77829629082346e-09   0.00e+00 
 6.77884643800636e-09   0.00e+00 
 6.77939658697453e-09   0.00e+00 
 6.77994673772777e-09   0.00e+00 
 6.78049689026589e-09   0.00e+00 
 6.78104704458871e-09   0.00e+00 
 6.78159720069603e-09   0.00e+00 
 6.78214735858766e-09   0.00e+00 
 6.78269751826341e-09   0.00e+00 
 6.78324767972308e-09   0.00e+00 
 6.78379784296649e-09   0.00e+00 
 6.78434800799344e-09   0.00e+00 
 6.78489817480374e-09   0.00e+00 
 6.78544834339720e-09   0.00e+00 
 6.78599851377363e-09   0.00e+00 
 6.78654868593284e-09   0.00e+00 
 6.78709885987464e-09   0.00e+00 
 6.78764903559882e-09   0.00e+00 
 6.78819921310521e-09   0.00e+00 
 6.78874939239362e-09   0.00e+00 
 6.78929957346384e-09   0.00e+00 
 6.78984975631569e-09   0.00e+00 
 6.79039994094898e-09   0.00e+00 
 6.79095012736351e-09   0.00e+00 
 6.79150031555910e-09   0.00e+00 
 6.79205050553556e-09   0.00e+00 
 6.79260069729269e-09   0.00e+00 
 6.79315089083030e-09   0.00e+00 
 6.79370108614820e-09   0.00e+00 
 6.79425128324620e-09   0.00e+00 
 6.79480148212412e-09   0.00e+00 
 6.79535168278175e-09   0.00e+00 
 6.79590188521891e-09   0.00e+00 
 6.79645208943540e-09   0.00e+00 
 6.79700229543105e-09   0.00e+00 
 6.79755250320564e-09   0.00e+00 
 6.79810271275901e-09   0.00e+00 
 6.79865292409094e-09   0.00e+00 
 6.79920313720126e-09   0.00e+00 
 6.79975335208977e-09   0.00e+00 
 6.80030356875629e-09   0.00e+00 
 6.80085378720062e-09   0.00e+00 
 6.80140400742256e-09   0.00e+00 
 6.80195422942194e-09   0.00e+00 
 6.80250445319856e-09   0.00e+00 
 6.80305467875223e-09   0.00e+00 
 6.80360490608276e-09   0.00e+00 
 6.80415513518995e-09   0.00e+00 
 6.80470536607363e-09   0.00e+00 
 6.80525559873359e-09   0.00e+00 
 6.80580583316965e-09   0.00e+00 
 6.80635606938162e-09   0.00e+00 
 6.80690630736931e-09   0.00e+00 
 6.80745654713253e-09   0.00e+00 
 6.80800678867108e-09   0.00e+00 
 6.80855703198478e-09   0.00e+00 
 6.80910727707344e-09   0.00e+00 
 6.80965752393686e-09   0.00e+00 
 6.81020777257486e-09   0.00e+00 
 6.81075802298725e-09   0.00e+00 
 6.81130827517383e-09   0.00e+00 
 6.81185852913443e-09   0.00e+00 
 6.81240878486884e-09   0.00e+00 
 6.81295904237688e-09   0.00e+00 
 6.81350930165835e-09   0.00e+00 
 6.81405956271308e-09   0.00e+00 
 6.81460982554086e-09   0.00e+00 
 6.81516009014151e-09   0.00e+00 
 6.81571035651484e-09   0.00e+00 
 6.81626062466066e-09   0.00e+00 
 6.81681089457878e-09   0.00e+00 
 6.81736116626901e-09   0.00e+00 
 6.81791143973116e-09   0.00e+00 
 6.81846171496504e-09   0.00e+00 
 6.81901199197047e-09   0.00e+00 
 6.81956227074724e-09   0.00e+00 
 6.82011255129518e-09   0.00e+00 
 6.82066283361409e-09   0.00e+00 
 6.82121311770379e-09   0.00e+00 
 6.82176340356408e-09   0.00e+00 
 6.82231369119478e-09   0.00e+00 
 6.82286398059570e-09   0.00e+00 
 6.82341427176664e-09   0.00e+00 
 6.82396456470742e-09   0.00e+00 
 6.82451485941785e-09   0.00e+00 
 6.82506515589773e-09   0.00e+00 
 6.82561545414690e-09   0.00e+00 
 6.82616575416514e-09   0.00e+00 
 6.82671605595227e-09   0.00e+00 
 6.82726635950811e-09   0.00e+00 
 6.82781666483246e-09   0.00e+00 
 6.82836697192514e-09   0.00e+00 
 6.82891728078596e-09   0.00e+00 
 6.82946759141472e-09   0.00e+00 
 6.83001790381125e-09   0.00e+00 
 6.83056821797534e-09   0.00e+00 
 6.83111853390682e-09   0.00e+00 
 6.83166885160549e-09   0.00e+00 
 6.83221917107116e-09   0.00e+00 
 6.83276949230365e-09   0.00e+00 
 6.83331981530277e-09   0.00e+00 
 6.83387014006832e-09   0.00e+00 
 6.83442046660013e-09   0.00e+00 
 6.83497079489800e-09   0.00e+00 
 6.83552112496174e-09   0.00e+00 
 6.83607145679117e-09   0.00e+00 
 6.83662179038609e-09   0.00e+00 
 6.83717212574632e-09   0.00e+00 
 6.83772246287167e-09   0.00e+00 
 6.83827280176195e-09   0.00e+00 
 6.83882314241697e-09   0.00e+00 
 6.83937348483655e-09   0.00e+00 
 6.83992382902050e-09   0.00e+00 
 6.84047417496862e-09   0.00e+00 
 6.84102452268074e-09   0.00e+00 
 6.84157487215665e-09   0.00e+00 
 6.84212522339618e-09   0.00e+00 
 6.84267557639914e-09   0.00e+00 
 6.84322593116533e-09   0.00e+00 
 6.84377628769458e-09   0.00e+00 
 6.84432664598668e-09   0.00e+00 
 6.84487700604146e-09   0.00e+00 
 6.84542736785873e-09   0.00e+00 
 6.84597773143829e-09   0.00e+00 
 6.84652809677996e-09   0.00e+00 
 6.84707846388356e-09   0.00e+00 
 6.84762883274889e-09   0.00e+00 
 6.84817920337577e-09   0.00e+00 
 6.84872957576400e-09   0.00e+00 
 6.84927994991341e-09   0.00e+00 
 6.84983032582381e-09   0.00e+00 
 6.85038070349499e-09   0.00e+00 
 6.85093108292679e-09   0.00e+00 
 6.85148146411901e-09   0.00e+00 
 6.85203184707146e-09   0.00e+00 
 6.85258223178396e-09   0.00e+00 
 6.85313261825632e-09   0.00e+00 
 6.85368300648835e-09   0.00e+00 
 6.85423339647986e-09   0.00e+00 
 6.85478378823067e-09   0.00e+00 
 6.85533418174058e-09   0.00e+00 
 6.85588457700942e-09   0.00e+00 
 6.85643497403700e-09   0.00e+00 
 6.85698537282312e-09   0.00e+00 
 6.85753577336760e-09   0.00e+00 
 6.85808617567025e-09   0.00e+00 
 6.85863657973089e-09   0.00e+00 
 6.85918698554932e-09   0.00e+00 
 6.85973739312537e-09   0.00e+00 
 6.86028780245884e-09   0.00e+00 
 6.86083821354955e-09   0.00e+00 
 6.86138862639732e-09   0.00e+00 
 6.86193904100194e-09   0.00e+00 
 6.86248945736325e-09   0.00e+00 
 6.86303987548104e-09   0.00e+00 
 6.86359029535513e-09   0.00e+00 
 6.86414071698534e-09   0.00e+00 
 6.86469114037148e-09   0.00e+00 
 6.86524156551336e-09   0.00e+00 
 6.86579199241080e-09   0.00e+00 
 6.86634242106361e-09   0.00e+00 
 6.86689285147160e-09   0.00e+00 
 6.86744328363458e-09   0.00e+00 
 6.86799371755237e-09   0.00e+00 
 6.86854415322479e-09   0.00e+00 
 6.86909459065164e-09   0.00e+00 
 6.86964502983274e-09   0.00e+00 
 6.87019547076790e-09   0.00e+00 
 6.87074591345694e-09   0.00e+00 
 6.87129635789967e-09   0.00e+00 
 6.87184680409590e-09   0.00e+00 
 6.87239725204545e-09   0.00e+00 
 6.87294770174813e-09   0.00e+00 
 6.87349815320376e-09   0.00e+00 
 6.87404860641214e-09   0.00e+00 
 6.87459906137309e-09   0.00e+00 
 6.87514951808643e-09   0.00e+00 
 6.87569997655197e-09   0.00e+00 
 6.87625043676953e-09   0.00e+00 
 6.87680089873891e-09   0.00e+00 
 6.87735136245993e-09   0.00e+00 
 6.87790182793241e-09   0.00e+00 
 6.87845229515615e-09   0.00e+00 
 6.87900276413098e-09   0.00e+00 
 6.87955323485671e-09   0.00e+00 
 6.88010370733314e-09   0.00e+00 
 6.88065418156011e-09   0.00e+00 
 6.88120465753741e-09   0.00e+00 
 6.88175513526486e-09   0.00e+00 
 6.88230561474228e-09   0.00e+00 
 6.88285609596949e-09   0.00e+00 
 6.88340657894629e-09   0.00e+00 
 6.88395706367250e-09   0.00e+00 
 6.88450755014794e-09   0.00e+00 
 6.88505803837241e-09   0.00e+00 
 6.88560852834574e-09   0.00e+00 
 6.88615902006773e-09   0.00e+00 
 6.88670951353821e-09   0.00e+00 
 6.88726000875699e-09   0.00e+00 
 6.88781050572387e-09   0.00e+00 
 6.88836100443868e-09   0.00e+00 
 6.88891150490123e-09   0.00e+00 
 6.88946200711134e-09   0.00e+00 
 6.89001251106881e-09   0.00e+00 
 6.89056301677347e-09   0.00e+00 
 6.89111352422513e-09   0.00e+00 
 6.89166403342361e-09   0.00e+00 
 6.89221454436870e-09   0.00e+00 
 6.89276505706025e-09   0.00e+00 
 6.89331557149805e-09   0.00e+00 
 6.89386608768192e-09   0.00e+00 
 6.89441660561168e-09   0.00e+00 
 6.89496712528714e-09   0.00e+00 
 6.89551764670812e-09   0.00e+00 
 6.89606816987443e-09   0.00e+00 
 6.89661869478589e-09   0.00e+00 
 6.89716922144231e-09   0.00e+00 
 6.89771974984351e-09   0.00e+00 
 6.89827027998930e-09   0.00e+00 
 6.89882081187950e-09   0.00e+00 
 6.89937134551392e-09   0.00e+00 
 6.89992188089237e-09   0.00e+00 
 6.90047241801468e-09   0.00e+00 
 6.90102295688066e-09   0.00e+00 
 6.90157349749012e-09   0.00e+00 
 6.90212403984288e-09   0.00e+00 
 6.90267458393876e-09   0.00e+00 
 6.90322512977756e-09   0.00e+00 
 6.90377567735911e-09   0.00e+00 
 6.90432622668321e-09   0.00e+00 
 6.90487677774970e-09   0.00e+00 
 6.90542733055837e-09   0.00e+00 
 6.90597788510905e-09   0.00e+00 
 6.90652844140155e-09   0.00e+00 
 6.90707899943569e-09   0.00e+00 
 6.90762955921129e-09   0.00e+00 
 6.90818012072815e-09   0.00e+00 
 6.90873068398610e-09   0.00e+00 
 6.90928124898494e-09   0.00e+00 
 6.90983181572450e-09   0.00e+00 
 6.91038238420459e-09   0.00e+00 
 6.91093295442503e-09   0.00e+00 
 6.91148352638563e-09   0.00e+00 
 6.91203410008622e-09   0.00e+00 
 6.91258467552659e-09   0.00e+00 
 6.91313525270658e-09   0.00e+00 
 6.91368583162599e-09   0.00e+00 
 6.91423641228465e-09   0.00e+00 
 6.91478699468237e-09   0.00e+00 
 6.91533757881896e-09   0.00e+00 
 6.91588816469424e-09   0.00e+00 
 6.91643875230803e-09   0.00e+00 
 6.91698934166014e-09   0.00e+00 
 6.91753993275039e-09   0.00e+00 
 6.91809052557859e-09   0.00e+00 
 6.91864112014457e-09   0.00e+00 
 6.91919171644813e-09   0.00e+00 
 6.91974231448910e-09   0.00e+00 
 6.92029291426729e-09   0.00e+00 
 6.92084351578252e-09   0.00e+00 
 6.92139411903460e-09   0.00e+00 
 6.92194472402334e-09   0.00e+00 
 6.92249533074858e-09   0.00e+00 
 6.92304593921011e-09   0.00e+00 
 6.92359654940777e-09   0.00e+00 
 6.92414716134136e-09   0.00e+00 
 6.92469777501070e-09   0.00e+00 
 6.92524839041561e-09   0.00e+00 
 6.92579900755591e-09   0.00e+00 
 6.92634962643140e-09   0.00e+00 
 6.92690024704192e-09   0.00e+00 
 6.92745086938727e-09   0.00e+00 
 6.92800149346727e-09   0.00e+00 
 6.92855211928174e-09   0.00e+00 
 6.92910274683050e-09   0.00e+00 
 6.92965337611335e-09   0.00e+00 
 6.93020400713013e-09   0.00e+00 
 6.93075463988065e-09   0.00e+00 
 6.93130527436471e-09   0.00e+00 
 6.93185591058215e-09   0.00e+00 
 6.93240654853277e-09   0.00e+00 
 6.93295718821640e-09   0.00e+00 
 6.93350782963285e-09   0.00e+00 
 6.93405847278193e-09   0.00e+00 
 6.93460911766347e-09   0.00e+00 
 6.93515976427729e-09   0.00e+00 
 6.93571041262319e-09   0.00e+00 
 6.93626106270100e-09   0.00e+00 
 6.93681171451053e-09   0.00e+00 
 6.93736236805160e-09   0.00e+00 
 6.93791302332404e-09   0.00e+00 
 6.93846368032764e-09   0.00e+00 
 6.93901433906224e-09   0.00e+00 
 6.93956499952766e-09   0.00e+00 
 6.94011566172369e-09   0.00e+00 
 6.94066632565018e-09   0.00e+00 
 6.94121699130693e-09   0.00e+00 
 6.94176765869376e-09   0.00e+00 
 6.94231832781048e-09   0.00e+00 
 6.94286899865693e-09   0.00e+00 
 6.94341967123290e-09   0.00e+00 
 6.94397034553823e-09   0.00e+00 
 6.94452102157272e-09   0.00e+00 
 6.94507169933620e-09   0.00e+00 
 6.94562237882849e-09   0.00e+00 
 6.94617306004940e-09   0.00e+00 
 6.94672374299874e-09   0.00e+00 
 6.94727442767635e-09   0.00e+00 
 6.94782511408203e-09   0.00e+00 
 6.94837580221560e-09   0.00e+00 
 6.94892649207689e-09   0.00e+00 
 6.94947718366570e-09   0.00e+00 
 6.95002787698186e-09   0.00e+00 
 6.95057857202519e-09   0.00e+00 
 6.95112926879549e-09   0.00e+00 
 6.95167996729260e-09   0.00e+00 
 6.95223066751633e-09   0.00e+00 
 6.95278136946650e-09   0.00e+00 
 6.95333207314292e-09   0.00e+00 
 6.95388277854542e-09   0.00e+00 
 6.95443348567380e-09   0.00e+00 
 6.95498419452790e-09   0.00e+00 
 6.95553490510753e-09   0.00e+00 
 6.95608561741251e-09   0.00e+00 
 6.95663633144265e-09   0.00e+00 
 6.95718704719777e-09   0.00e+00 
 6.95773776467770e-09   0.00e+00 
 6.95828848388225e-09   0.00e+00 
 6.95883920481123e-09   0.00e+00 
 6.95938992746447e-09   0.00e+00 
 6.95994065184179e-09   0.00e+00 
 6.96049137794301e-09   0.00e+00 
 6.96104210576794e-09   0.00e+00 
 6.96159283531640e-09   0.00e+00 
 6.96214356658821e-09   0.00e+00 
 6.96269429958319e-09   0.00e+00 
 6.96324503430116e-09   0.00e+00 
 6.96379577074194e-09   0.00e+00 
 6.96434650890534e-09   0.00e+00 
 6.96489724879119e-09   0.00e+00 
 6.96544799039930e-09   0.00e+00 
 6.96599873372950e-09   0.00e+00 
 6.96654947878159e-09   0.00e+00 
 6.96710022555541e-09   0.00e+00 
 6.96765097405076e-09   0.00e+00 
 6.96820172426747e-09   0.00e+00 
 6.96875247620536e-09   0.00e+00 
 6.96930322986425e-09   0.00e+00 
 6.96985398524395e-09   0.00e+00 
 6.97040474234429e-09   0.00e+00 
 6.97095550116508e-09   0.00e+00 
 6.97150626170615e-09   0.00e+00 
 6.97205702396731e-09   0.00e+00 
 6.97260778794838e-09   0.00e+00 
 6.97315855364918e-09   0.00e+00 
 6.97370932106953e-09   0.00e+00 
 6.97426009020925e-09   0.00e+00 
 6.97481086106816e-09   0.00e+00 
 6.97536163364608e-09   0.00e+00 
 6.97591240794282e-09   0.00e+00 
 6.97646318395822e-09   0.00e+00 
 6.97701396169208e-09   0.00e+00 
 6.97756474114423e-09   0.00e+00 
 6.97811552231448e-09   0.00e+00 
 6.97866630520266e-09   0.00e+00 
 6.97921708980859e-09   0.00e+00 
 6.97976787613208e-09   0.00e+00 
 6.98031866417295e-09   0.00e+00 
 6.98086945393103e-09   0.00e+00 
 6.98142024540614e-09   0.00e+00 
 6.98197103859809e-09   0.00e+00 
 6.98252183350670e-09   0.00e+00 
 6.98307263013179e-09   0.00e+00 
 6.98362342847320e-09   0.00e+00 
 6.98417422853072e-09   0.00e+00 
 6.98472503030419e-09   0.00e+00 
 6.98527583379342e-09   0.00e+00 
 6.98582663899824e-09   0.00e+00 
 6.98637744591845e-09   0.00e+00 
 6.98692825455390e-09   0.00e+00 
 6.98747906490438e-09   0.00e+00 
 6.98802987696973e-09   0.00e+00 
 6.98858069074977e-09   0.00e+00 
 6.98913150624431e-09   0.00e+00 
 6.98968232345317e-09   0.00e+00 
 6.99023314237618e-09   0.00e+00 
 6.99078396301315e-09   0.00e+00 
 6.99133478536391e-09   0.00e+00 
 6.99188560942827e-09   0.00e+00 
 6.99243643520606e-09   0.00e+00 
 6.99298726269710e-09   0.00e+00 
 6.99353809190120e-09   0.00e+00 
 6.99408892281819e-09   0.00e+00 
 6.99463975544789e-09   0.00e+00 
 6.99519058979012e-09   0.00e+00 
 6.99574142584470e-09   0.00e+00 
 6.99629226361145e-09   0.00e+00 
 6.99684310309019e-09   0.00e+00 
 6.99739394428073e-09   0.00e+00 
 6.99794478718291e-09   0.00e+00 
 6.99849563179654e-09   0.00e+00 
 6.99904647812145e-09   0.00e+00 
 6.99959732615745e-09   0.00e+00 
 7.00014817590436e-09   0.00e+00 
 7.00069902736201e-09   0.00e+00 
 7.00124988053022e-09   0.00e+00 
 7.00180073540880e-09   0.00e+00 
 7.00235159199758e-09   0.00e+00 
 7.00290245029638e-09   0.00e+00 
 7.00345331030502e-09   0.00e+00 
 7.00400417202332e-09   0.00e+00 
 7.00455503545111e-09   0.00e+00 
 7.00510590058820e-09   0.00e+00 
 7.00565676743441e-09   0.00e+00 
 7.00620763598957e-09   0.00e+00 
 7.00675850625349e-09   0.00e+00 
 7.00730937822600e-09   0.00e+00 
 7.00786025190692e-09   0.00e+00 
 7.00841112729607e-09   0.00e+00 
 7.00896200439326e-09   0.00e+00 
 7.00951288319834e-09   0.00e+00 
 7.01006376371110e-09   0.00e+00 
 7.01061464593139e-09   0.00e+00 
 7.01116552985901e-09   0.00e+00 
 7.01171641549378e-09   0.00e+00 
 7.01226730283554e-09   0.00e+00 
 7.01281819188410e-09   0.00e+00 
 7.01336908263929e-09   0.00e+00 
 7.01391997510091e-09   0.00e+00 
 7.01447086926881e-09   0.00e+00 
 7.01502176514279e-09   0.00e+00 
 7.01557266272268e-09   0.00e+00 
 7.01612356200830e-09   0.00e+00 
 7.01667446299947e-09   0.00e+00 
 7.01722536569602e-09   0.00e+00 
 7.01777627009776e-09   0.00e+00 
 7.01832717620453e-09   0.00e+00 
 7.01887808401613e-09   0.00e+00 
 7.01942899353239e-09   0.00e+00 
 7.01997990475313e-09   0.00e+00 
 7.02053081767818e-09   0.00e+00 
 7.02108173230736e-09   0.00e+00 
 7.02163264864049e-09   0.00e+00 
 7.02218356667739e-09   0.00e+00 
 7.02273448641788e-09   0.00e+00 
 7.02328540786178e-09   0.00e+00 
 7.02383633100892e-09   0.00e+00 
 7.02438725585913e-09   0.00e+00 
 7.02493818241221e-09   0.00e+00 
 7.02548911066800e-09   0.00e+00 
 7.02604004062631e-09   0.00e+00 
 7.02659097228697e-09   0.00e+00 
 7.02714190564980e-09   0.00e+00 
 7.02769284071463e-09   0.00e+00 
 7.02824377748127e-09   0.00e+00 
 7.02879471594954e-09   0.00e+00 
 7.02934565611927e-09   0.00e+00 
 7.02989659799029e-09   0.00e+00 
 7.03044754156241e-09   0.00e+00 
 7.03099848683546e-09   0.00e+00 
 7.03154943380925e-09   0.00e+00 
 7.03210038248362e-09   0.00e+00 
 7.03265133285838e-09   0.00e+00 
 7.03320228493336e-09   0.00e+00 
 7.03375323870838e-09   0.00e+00 
 7.03430419418326e-09   0.00e+00 
 7.03485515135783e-09   0.00e+00 
 7.03540611023190e-09   0.00e+00 
 7.03595707080530e-09   0.00e+00 
 7.03650803307785e-09   0.00e+00 
 7.03705899704938e-09   0.00e+00 
 7.03760996271971e-09   0.00e+00 
 7.03816093008866e-09   0.00e+00 
 7.03871189915606e-09   0.00e+00 
 7.03926286992171e-09   0.00e+00 
 7.03981384238547e-09   0.00e+00 
 7.04036481654713e-09   0.00e+00 
 7.04091579240653e-09   0.00e+00 
 7.04146676996348e-09   0.00e+00 
 7.04201774921782e-09   0.00e+00 
 7.04256873016937e-09   0.00e+00 
 7.04311971281794e-09   0.00e+00 
 7.04367069716336e-09   0.00e+00 
 7.04422168320546e-09   0.00e+00 
 7.04477267094405e-09   0.00e+00 
 7.04532366037896e-09   0.00e+00 
 7.04587465151002e-09   0.00e+00 
 7.04642564433704e-09   0.00e+00 
 7.04697663885986e-09   0.00e+00 
 7.04752763507829e-09   0.00e+00 
 7.04807863299215e-09   0.00e+00 
 7.04862963260128e-09   0.00e+00 
 7.04918063390548e-09   0.00e+00 
 7.04973163690460e-09   0.00e+00 
 7.05028264159844e-09   0.00e+00 
 7.05083364798684e-09   0.00e+00 
 7.05138465606962e-09   0.00e+00 
 7.05193566584660e-09   0.00e+00 
 7.05248667731760e-09   0.00e+00 
 7.05303769048245e-09   0.00e+00 
 7.05358870534097e-09   0.00e+00 
 7.05413972189299e-09   0.00e+00 
 7.05469074013833e-09   0.00e+00 
 7.05524176007680e-09   0.00e+00 
 7.05579278170825e-09   0.00e+00 
 7.05634380503249e-09   0.00e+00 
 7.05689483004934e-09   0.00e+00 
 7.05744585675862e-09   0.00e+00 
 7.05799688516017e-09   0.00e+00 
 7.05854791525381e-09   0.00e+00 
 7.05909894703935e-09   0.00e+00 
 7.05964998051663e-09   0.00e+00 
 7.06020101568547e-09   0.00e+00 
 7.06075205254568e-09   0.00e+00 
 7.06130309109711e-09   0.00e+00 
 7.06185413133956e-09   0.00e+00 
 7.06240517327287e-09   0.00e+00 
 7.06295621689685e-09   0.00e+00 
 7.06350726221134e-09   0.00e+00 
 7.06405830921615e-09   0.00e+00 
 7.06460935791111e-09   0.00e+00 
 7.06516040829605e-09   0.00e+00 
 7.06571146037078e-09   0.00e+00 
 7.06626251413514e-09   0.00e+00 
 7.06681356958894e-09   0.00e+00 
 7.06736462673202e-09   0.00e+00 
 7.06791568556419e-09   0.00e+00 
 7.06846674608529e-09   0.00e+00 
 7.06901780829513e-09   0.00e+00 
 7.06956887219353e-09   0.00e+00 
 7.07011993778034e-09   0.00e+00 
 7.07067100505536e-09   0.00e+00 
 7.07122207401842e-09   0.00e+00 
 7.07177314466935e-09   0.00e+00 
 7.07232421700797e-09   0.00e+00 
 7.07287529103411e-09   0.00e+00 
 7.07342636674759e-09   0.00e+00 
 7.07397744414824e-09   0.00e+00 
 7.07452852323587e-09   0.00e+00 
 7.07507960401033e-09   0.00e+00 
 7.07563068647142e-09   0.00e+00 
 7.07618177061898e-09   0.00e+00 
 7.07673285645283e-09   0.00e+00 
 7.07728394397279e-09   0.00e+00 
 7.07783503317870e-09   0.00e+00 
 7.07838612407036e-09   0.00e+00 
 7.07893721664762e-09   0.00e+00 
 7.07948831091030e-09   0.00e+00 
 7.08003940685821e-09   0.00e+00 
 7.08059050449118e-09   0.00e+00 
 7.08114160380905e-09   0.00e+00 
 7.08169270481163e-09   0.00e+00 
 7.08224380749875e-09   0.00e+00 
 7.08279491187024e-09   0.00e+00 
 7.08334601792591e-09   0.00e+00 
 7.08389712566560e-09   0.00e+00 
 7.08444823508913e-09   0.00e+00 
 7.08499934619633e-09   0.00e+00 
 7.08555045898702e-09   0.00e+00 
 7.08610157346103e-09   0.00e+00 
 7.08665268961818e-09   0.00e+00 
 7.08720380745829e-09   0.00e+00 
 7.08775492698120e-09   0.00e+00 
 7.08830604818672e-09   0.00e+00 
 7.08885717107469e-09   0.00e+00 
 7.08940829564494e-09   0.00e+00 
 7.08995942189727e-09   0.00e+00 
 7.09051054983152e-09   0.00e+00 
 7.09106167944752e-09   0.00e+00 
 7.09161281074509e-09   0.00e+00 
 7.09216394372406e-09   0.00e+00 
 7.09271507838426e-09   0.00e+00 
 7.09326621472550e-09   0.00e+00 
 7.09381735274761e-09   0.00e+00 
 7.09436849245043e-09   0.00e+00 
 7.09491963383376e-09   0.00e+00 
 7.09547077689746e-09   0.00e+00 
 7.09602192164133e-09   0.00e+00 
 7.09657306806520e-09   0.00e+00 
 7.09712421616890e-09   0.00e+00 
 7.09767536595226e-09   0.00e+00 
 7.09822651741510e-09   0.00e+00 
 7.09877767055724e-09   0.00e+00 
 7.09932882537852e-09   0.00e+00 
 7.09987998187876e-09   0.00e+00 
 7.10043114005779e-09   0.00e+00 
 7.10098229991542e-09   0.00e+00 
 7.10153346145150e-09   0.00e+00 
 7.10208462466584e-09   0.00e+00 
 7.10263578955826e-09   0.00e+00 
 7.10318695612861e-09   0.00e+00 
 7.10373812437670e-09   0.00e+00 
 7.10428929430235e-09   0.00e+00 
 7.10484046590540e-09   0.00e+00 
 7.10539163918568e-09   0.00e+00 
 7.10594281414300e-09   0.00e+00 
 7.10649399077719e-09   0.00e+00 
 7.10704516908809e-09   0.00e+00 
 7.10759634907552e-09   0.00e+00 
 7.10814753073929e-09   0.00e+00 
 7.10869871407925e-09   0.00e+00 
 7.10924989909521e-09   0.00e+00 
 7.10980108578701e-09   0.00e+00 
 7.11035227415447e-09   0.00e+00 
 7.11090346419742e-09   0.00e+00 
 7.11145465591567e-09   0.00e+00 
 7.11200584930907e-09   0.00e+00 
 7.11255704437744e-09   0.00e+00 
 7.11310824112060e-09   0.00e+00 
 7.11365943953838e-09   0.00e+00 
 7.11421063963061e-09   0.00e+00 
 7.11476184139711e-09   0.00e+00 
 7.11531304483771e-09   0.00e+00 
 7.11586424995224e-09   0.00e+00 
 7.11641545674052e-09   0.00e+00 
 7.11696666520239e-09   0.00e+00 
 7.11751787533767e-09   0.00e+00 
 7.11806908714618e-09   0.00e+00 
 7.11862030062775e-09   0.00e+00 
 7.11917151578221e-09   0.00e+00 
 7.11972273260939e-09   0.00e+00 
 7.12027395110912e-09   0.00e+00 
 7.12082517128122e-09   0.00e+00 
 7.12137639312551e-09   0.00e+00 
 7.12192761664183e-09   0.00e+00 
 7.12247884183001e-09   0.00e+00 
 7.12303006868987e-09   0.00e+00 
 7.12358129722123e-09   0.00e+00 
 7.12413252742393e-09   0.00e+00 
 7.12468375929779e-09   0.00e+00 
 7.12523499284264e-09   0.00e+00 
 7.12578622805831e-09   0.00e+00 
 7.12633746494462e-09   0.00e+00 
 7.12688870350141e-09   0.00e+00 
 7.12743994372849e-09   0.00e+00 
 7.12799118562571e-09   0.00e+00 
 7.12854242919287e-09   0.00e+00 
 7.12909367442983e-09   0.00e+00 
 7.12964492133639e-09   0.00e+00 
 7.13019616991239e-09   0.00e+00 
 7.13074742015765e-09   0.00e+00 
 7.13129867207201e-09   0.00e+00 
 7.13184992565529e-09   0.00e+00 
 7.13240118090732e-09   0.00e+00 
 7.13295243782792e-09   0.00e+00 
 7.13350369641693e-09   0.00e+00 
 7.13405495667418e-09   0.00e+00 
 7.13460621859948e-09   0.00e+00 
 7.13515748219267e-09   0.00e+00 
 7.13570874745358e-09   0.00e+00 
 7.13626001438203e-09   0.00e+00 
 7.13681128297786e-09   0.00e+00 
 7.13736255324088e-09   0.00e+00 
 7.13791382517094e-09   0.00e+00 
 7.13846509876785e-09   0.00e+00 
 7.13901637403144e-09   0.00e+00 
 7.13956765096155e-09   0.00e+00 
 7.14011892955800e-09   0.00e+00 
 7.14067020982062e-09   0.00e+00 
 7.14122149174923e-09   0.00e+00 
 7.14177277534367e-09   0.00e+00 
 7.14232406060377e-09   0.00e+00 
 7.14287534752934e-09   0.00e+00 
 7.14342663612023e-09   0.00e+00 
 7.14397792637626e-09   0.00e+00 
 7.14452921829726e-09   0.00e+00 
 7.14508051188305e-09   0.00e+00 
 7.14563180713347e-09   0.00e+00 
 7.14618310404834e-09   0.00e+00 
 7.14673440262749e-09   0.00e+00 
 7.14728570287075e-09   0.00e+00 
 7.14783700477795e-09   0.00e+00 
 7.14838830834892e-09   0.00e+00 
 7.14893961358348e-09   0.00e+00 
 7.14949092048148e-09   0.00e+00 
 7.15004222904272e-09   0.00e+00 
 7.15059353926704e-09   0.00e+00 
 7.15114485115428e-09   0.00e+00 
 7.15169616470425e-09   0.00e+00 
 7.15224747991680e-09   0.00e+00 
 7.15279879679174e-09   0.00e+00 
 7.15335011532891e-09   0.00e+00 
 7.15390143552813e-09   0.00e+00 
 7.15445275738924e-09   0.00e+00 
 7.15500408091206e-09   0.00e+00 
 7.15555540609642e-09   0.00e+00 
 7.15610673294216e-09   0.00e+00 
 7.15665806144909e-09   0.00e+00 
 7.15720939161706e-09   0.00e+00 
 7.15776072344588e-09   0.00e+00 
 7.15831205693539e-09   0.00e+00 
 7.15886339208542e-09   0.00e+00 
 7.15941472889579e-09   0.00e+00 
 7.15996606736634e-09   0.00e+00 
 7.16051740749689e-09   0.00e+00 
 7.16106874928727e-09   0.00e+00 
 7.16162009273732e-09   0.00e+00 
 7.16217143784686e-09   0.00e+00 
 7.16272278461573e-09   0.00e+00 
 7.16327413304374e-09   0.00e+00 
 7.16382548313074e-09   0.00e+00 
 7.16437683487654e-09   0.00e+00 
 7.16492818828098e-09   0.00e+00 
 7.16547954334389e-09   0.00e+00 
 7.16603090006511e-09   0.00e+00 
 7.16658225844444e-09   0.00e+00 
 7.16713361848174e-09   0.00e+00 
 7.16768498017683e-09   0.00e+00 
 7.16823634352953e-09   0.00e+00 
 7.16878770853968e-09   0.00e+00 
 7.16933907520710e-09   0.00e+00 
 7.16989044353163e-09   0.00e+00 
 7.17044181351310e-09   0.00e+00 
 7.17099318515133e-09   0.00e+00 
 7.17154455844616e-09   0.00e+00 
 7.17209593339741e-09   0.00e+00 
 7.17264731000492e-09   0.00e+00 
 7.17319868826851e-09   0.00e+00 
 7.17375006818801e-09   0.00e+00 
 7.17430144976327e-09   0.00e+00 
 7.17485283299409e-09   0.00e+00 
 7.17540421788032e-09   0.00e+00 
 7.17595560442179e-09   0.00e+00 
 7.17650699261832e-09   0.00e+00 
 7.17705838246975e-09   0.00e+00 
 7.17760977397590e-09   0.00e+00 
 7.17816116713660e-09   0.00e+00 
 7.17871256195169e-09   0.00e+00 
 7.17926395842100e-09   0.00e+00 
 7.17981535654435e-09   0.00e+00 
 7.18036675632158e-09   0.00e+00 
 7.18091815775251e-09   0.00e+00 
 7.18146956083699e-09   0.00e+00 
 7.18202096557482e-09   0.00e+00 
 7.18257237196586e-09   0.00e+00 
 7.18312378000992e-09   0.00e+00 
 7.18367518970684e-09   0.00e+00 
 7.18422660105645e-09   0.00e+00 
 7.18477801405858e-09   0.00e+00 
 7.18532942871306e-09   0.00e+00 
 7.18588084501971e-09   0.00e+00 
 7.18643226297838e-09   0.00e+00 
 7.18698368258889e-09   0.00e+00 
 7.18753510385107e-09   0.00e+00 
 7.18808652676476e-09   0.00e+00 
 7.18863795132978e-09   0.00e+00 
 7.18918937754595e-09   0.00e+00 
 7.18974080541313e-09   0.00e+00 
 7.19029223493113e-09   0.00e+00 
 7.19084366609978e-09   0.00e+00 
 7.19139509891893e-09   0.00e+00 
 7.19194653338838e-09   0.00e+00 
 7.19249796950799e-09   0.00e+00 
 7.19304940727758e-09   0.00e+00 
 7.19360084669697e-09   0.00e+00 
 7.19415228776601e-09   0.00e+00 
 7.19470373048452e-09   0.00e+00 
 7.19525517485233e-09   0.00e+00 
 7.19580662086928e-09   0.00e+00 
 7.19635806853519e-09   0.00e+00 
 7.19690951784990e-09   0.00e+00 
 7.19746096881324e-09   0.00e+00 
 7.19801242142503e-09   0.00e+00 
 7.19856387568511e-09   0.00e+00 
 7.19911533159331e-09   0.00e+00 
 7.19966678914947e-09   0.00e+00 
 7.20021824835341e-09   0.00e+00 
 7.20076970920496e-09   0.00e+00 
 7.20132117170396e-09   0.00e+00 
 7.20187263585023e-09   0.00e+00 
 7.20242410164361e-09   0.00e+00 
 7.20297556908393e-09   0.00e+00 
 7.20352703817103e-09   0.00e+00 
 7.20407850890472e-09   0.00e+00 
 7.20462998128485e-09   0.00e+00 
 7.20518145531124e-09   0.00e+00 
 7.20573293098374e-09   0.00e+00 
 7.20628440830215e-09   0.00e+00 
 7.20683588726633e-09   0.00e+00 
 7.20738736787610e-09   0.00e+00 
 7.20793885013129e-09   0.00e+00 
 7.20849033403174e-09   0.00e+00 
 7.20904181957728e-09   0.00e+00 
 7.20959330676773e-09   0.00e+00 
 7.21014479560293e-09   0.00e+00 
 7.21069628608271e-09   0.00e+00 
 7.21124777820691e-09   0.00e+00 
 7.21179927197535e-09   0.00e+00 
 7.21235076738787e-09   0.00e+00 
 7.21290226444429e-09   0.00e+00 
 7.21345376314446e-09   0.00e+00 
 7.21400526348820e-09   0.00e+00 
 7.21455676547534e-09   0.00e+00 
 7.21510826910572e-09   0.00e+00 
 7.21565977437917e-09   0.00e+00 
 7.21621128129551e-09   0.00e+00 
 7.21676278985459e-09   0.00e+00 
 7.21731430005624e-09   0.00e+00 
 7.21786581190027e-09   0.00e+00 
 7.21841732538654e-09   0.00e+00 
 7.21896884051487e-09   0.00e+00 
 7.21952035728509e-09   0.00e+00 
 7.22007187569704e-09   0.00e+00 
 7.22062339575054e-09   0.00e+00 
 7.22117491744544e-09   0.00e+00 
 7.22172644078155e-09   0.00e+00 
 7.22227796575872e-09   0.00e+00 
 7.22282949237677e-09   0.00e+00 
 7.22338102063555e-09   0.00e+00 
 7.22393255053487e-09   0.00e+00 
 7.22448408207458e-09   0.00e+00 
 7.22503561525450e-09   0.00e+00 
 7.22558715007447e-09   0.00e+00 
 7.22613868653433e-09   0.00e+00 
 7.22669022463389e-09   0.00e+00 
 7.22724176437300e-09   0.00e+00 
 7.22779330575149e-09   0.00e+00 
 7.22834484876920e-09   0.00e+00 
 7.22889639342594e-09   0.00e+00 
 7.22944793972156e-09   0.00e+00 
 7.22999948765589e-09   0.00e+00 
 7.23055103722876e-09   0.00e+00 
 7.23110258844001e-09   0.00e+00 
 7.23165414128946e-09   0.00e+00 
 7.23220569577695e-09   0.00e+00 
 7.23275725190232e-09   0.00e+00 
 7.23330880966539e-09   0.00e+00 
 7.23386036906600e-09   0.00e+00 
 7.23441193010398e-09   0.00e+00 
 7.23496349277917e-09   0.00e+00 
 7.23551505709139e-09   0.00e+00 
 7.23606662304048e-09   0.00e+00 
 7.23661819062628e-09   0.00e+00 
 7.23716975984861e-09   0.00e+00 
 7.23772133070731e-09   0.00e+00 
 7.23827290320222e-09   0.00e+00 
 7.23882447733316e-09   0.00e+00 
 7.23937605309996e-09   0.00e+00 
 7.23992763050247e-09   0.00e+00 
 7.24047920954052e-09   0.00e+00 
 7.24103079021393e-09   0.00e+00 
 7.24158237252255e-09   0.00e+00 
 7.24213395646619e-09   0.00e+00 
 7.24268554204471e-09   0.00e+00 
 7.24323712925793e-09   0.00e+00 
 7.24378871810568e-09   0.00e+00 
 7.24434030858780e-09   0.00e+00 
 7.24489190070412e-09   0.00e+00 
 7.24544349445448e-09   0.00e+00 
 7.24599508983871e-09   0.00e+00 
 7.24654668685663e-09   0.00e+00 
 7.24709828550810e-09   0.00e+00 
 7.24764988579293e-09   0.00e+00 
 7.24820148771096e-09   0.00e+00 
 7.24875309126203e-09   0.00e+00 
 7.24930469644598e-09   0.00e+00 
 7.24985630326262e-09   0.00e+00 
 7.25040791171180e-09   0.00e+00 
 7.25095952179335e-09   0.00e+00 
 7.25151113350711e-09   0.00e+00 
 7.25206274685290e-09   0.00e+00 
 7.25261436183057e-09   0.00e+00 
 7.25316597843994e-09   0.00e+00 
 7.25371759668085e-09   0.00e+00 
 7.25426921655313e-09   0.00e+00 
 7.25482083805663e-09   0.00e+00 
 7.25537246119116e-09   0.00e+00 
 7.25592408595657e-09   0.00e+00 
 7.25647571235269e-09   0.00e+00 
 7.25702734037935e-09   0.00e+00 
 7.25757897003639e-09   0.00e+00 
 7.25813060132364e-09   0.00e+00 
 7.25868223424093e-09   0.00e+00 
 7.25923386878811e-09   0.00e+00 
 7.25978550496500e-09   0.00e+00 
 7.26033714277144e-09   0.00e+00 
 7.26088878220726e-09   0.00e+00 
 7.26144042327230e-09   0.00e+00 
 7.26199206596638e-09   0.00e+00 
 7.26254371028936e-09   0.00e+00 
 7.26309535624105e-09   0.00e+00 
 7.26364700382129e-09   0.00e+00 
 7.26419865302993e-09   0.00e+00 
 7.26475030386678e-09   0.00e+00 
 7.26530195633170e-09   0.00e+00 
 7.26585361042450e-09   0.00e+00 
 7.26640526614503e-09   0.00e+00 
 7.26695692349312e-09   0.00e+00 
 7.26750858246860e-09   0.00e+00 
 7.26806024307132e-09   0.00e+00 
 7.26861190530110e-09   0.00e+00 
 7.26916356915777e-09   0.00e+00 
 7.26971523464118e-09   0.00e+00 
 7.27026690175116e-09   0.00e+00 
 7.27081857048754e-09   0.00e+00 
 7.27137024085015e-09   0.00e+00 
 7.27192191283884e-09   0.00e+00 
 7.27247358645344e-09   0.00e+00 
 7.27302526169378e-09   0.00e+00 
 7.27357693855969e-09   0.00e+00 
 7.27412861705102e-09   0.00e+00 
 7.27468029716759e-09   0.00e+00 
 7.27523197890925e-09   0.00e+00 
 7.27578366227581e-09   0.00e+00 
 7.27633534726714e-09   0.00e+00 
 7.27688703388304e-09   0.00e+00 
 7.27743872212337e-09   0.00e+00 
 7.27799041198796e-09   0.00e+00 
 7.27854210347663e-09   0.00e+00 
 7.27909379658923e-09   0.00e+00 
 7.27964549132560e-09   0.00e+00 
 7.28019718768556e-09   0.00e+00 
 7.28074888566895e-09   0.00e+00 
 7.28130058527560e-09   0.00e+00 
 7.28185228650536e-09   0.00e+00 
 7.28240398935806e-09   0.00e+00 
 7.28295569383353e-09   0.00e+00 
 7.28350739993161e-09   0.00e+00 
 7.28405910765214e-09   0.00e+00 
 7.28461081699494e-09   0.00e+00 
 7.28516252795986e-09   0.00e+00 
 7.28571424054672e-09   0.00e+00 
 7.28626595475538e-09   0.00e+00 
 7.28681767058565e-09   0.00e+00 
 7.28736938803738e-09   0.00e+00 
 7.28792110711040e-09   0.00e+00 
 7.28847282780455e-09   0.00e+00 
 7.28902455011966e-09   0.00e+00 
 7.28957627405556e-09   0.00e+00 
 7.29012799961211e-09   0.00e+00 
 7.29067972678912e-09   0.00e+00 
 7.29123145558644e-09   0.00e+00 
 7.29178318600390e-09   0.00e+00 
 7.29233491804134e-09   0.00e+00 
 7.29288665169859e-09   0.00e+00 
 7.29343838697549e-09   0.00e+00 
 7.29399012387187e-09   0.00e+00 
 7.29454186238758e-09   0.00e+00 
 7.29509360252244e-09   0.00e+00 
 7.29564534427629e-09   0.00e+00 
 7.29619708764898e-09   0.00e+00 
 7.29674883264032e-09   0.00e+00 
 7.29730057925017e-09   0.00e+00 
 7.29785232747836e-09   0.00e+00 
 7.29840407732471e-09   0.00e+00 
 7.29895582878908e-09   0.00e+00 
 7.29950758187129e-09   0.00e+00 
 7.30005933657118e-09   0.00e+00 
 7.30061109288859e-09   0.00e+00 
 7.30116285082335e-09   0.00e+00 
 7.30171461037530e-09   0.00e+00 
 7.30226637154428e-09   0.00e+00 
 7.30281813433011e-09   0.00e+00 
 7.30336989873265e-09   0.00e+00 
 7.30392166475172e-09   0.00e+00 
 7.30447343238716e-09   0.00e+00 
 7.30502520163881e-09   0.00e+00 
 7.30557697250651e-09   0.00e+00 
 7.30612874499008e-09   0.00e+00 
 7.30668051908937e-09   0.00e+00 
 7.30723229480421e-09   0.00e+00 
 7.30778407213445e-09   0.00e+00 
 7.30833585107991e-09   0.00e+00 
 7.30888763164043e-09   0.00e+00 
 7.30943941381585e-09   0.00e+00 
 7.30999119760601e-09   0.00e+00 
 7.31054298301074e-09   0.00e+00 
 7.31109477002988e-09   0.00e+00 
 7.31164655866327e-09   0.00e+00 
 7.31219834891074e-09   0.00e+00 
 7.31275014077213e-09   0.00e+00 
 7.31330193424728e-09   0.00e+00 
 7.31385372933601e-09   0.00e+00 
 7.31440552603818e-09   0.00e+00 
 7.31495732435362e-09   0.00e+00 
 7.31550912428216e-09   0.00e+00 
 7.31606092582365e-09   0.00e+00 
 7.31661272897791e-09   0.00e+00 
 7.31716453374478e-09   0.00e+00 
 7.31771634012411e-09   0.00e+00 
 7.31826814811572e-09   0.00e+00 
 7.31881995771946e-09   0.00e+00 
 7.31937176893517e-09   0.00e+00 
 7.31992358176267e-09   0.00e+00 
 7.32047539620181e-09   0.00e+00 
 7.32102721225243e-09   0.00e+00 
 7.32157902991436e-09   0.00e+00 
 7.32213084918743e-09   0.00e+00 
 7.32268267007149e-09   0.00e+00 
 7.32323449256638e-09   0.00e+00 
 7.32378631667193e-09   0.00e+00 
 7.32433814238797e-09   0.00e+00 
 7.32488996971435e-09   0.00e+00 
 7.32544179865091e-09   0.00e+00 
 7.32599362919747e-09   0.00e+00 
 7.32654546135388e-09   0.00e+00 
 7.32709729511998e-09   0.00e+00 
 7.32764913049560e-09   0.00e+00 
 7.32820096748057e-09   0.00e+00 
 7.32875280607475e-09   0.00e+00 
 7.32930464627796e-09   0.00e+00 
 7.32985648809004e-09   0.00e+00 
 7.33040833151083e-09   0.00e+00 
 7.33096017654017e-09   0.00e+00 
 7.33151202317790e-09   0.00e+00 
 7.33206387142385e-09   0.00e+00 
 7.33261572127786e-09   0.00e+00 
 7.33316757273977e-09   0.00e+00 
 7.33371942580942e-09   0.00e+00 
 7.33427128048664e-09   0.00e+00 
 7.33482313677127e-09   0.00e+00 
 7.33537499466315e-09   0.00e+00 
 7.33592685416212e-09   0.00e+00 
 7.33647871526802e-09   0.00e+00 
 7.33703057798067e-09   0.00e+00 
 7.33758244229993e-09   0.00e+00 
 7.33813430822563e-09   0.00e+00 
 7.33868617575761e-09   0.00e+00 
 7.33923804489571e-09   0.00e+00 
 7.33978991563976e-09   0.00e+00 
 7.34034178798960e-09   0.00e+00 
 7.34089366194507e-09   0.00e+00 
 7.34144553750601e-09   0.00e+00 
 7.34199741467225e-09   0.00e+00 
 7.34254929344364e-09   0.00e+00 
 7.34310117382001e-09   0.00e+00 
 7.34365305580120e-09   0.00e+00 
 7.34420493938705e-09   0.00e+00 
 7.34475682457740e-09   0.00e+00 
 7.34530871137208e-09   0.00e+00 
 7.34586059977094e-09   0.00e+00 
 7.34641248977381e-09   0.00e+00 
 7.34696438138053e-09   0.00e+00 
 7.34751627459094e-09   0.00e+00 
 7.34806816940488e-09   0.00e+00 
 7.34862006582218e-09   0.00e+00 
 7.34917196384269e-09   0.00e+00 
 7.34972386346624e-09   0.00e+00 
 7.35027576469267e-09   0.00e+00 
 7.35082766752182e-09   0.00e+00 
 7.35137957195353e-09   0.00e+00 
 7.35193147798763e-09   0.00e+00 
 7.35248338562398e-09   0.00e+00 
 7.35303529486239e-09   0.00e+00 
 7.35358720570273e-09   0.00e+00 
 7.35413911814481e-09   0.00e+00 
 7.35469103218848e-09   0.00e+00 
 7.35524294783359e-09   0.00e+00 
 7.35579486507996e-09   0.00e+00 
 7.35634678392744e-09   0.00e+00 
 7.35689870437586e-09   0.00e+00 
 7.35745062642507e-09   0.00e+00 
 7.35800255007491e-09   0.00e+00 
 7.35855447532520e-09   0.00e+00 
 7.35910640217580e-09   0.00e+00 
 7.35965833062654e-09   0.00e+00 
 7.36021026067725e-09   0.00e+00 
 7.36076219232779e-09   0.00e+00 
 7.36131412557798e-09   0.00e+00 
 7.36186606042767e-09   0.00e+00 
 7.36241799687670e-09   0.00e+00 
 7.36296993492490e-09   0.00e+00 
 7.36352187457212e-09   0.00e+00 
 7.36407381581818e-09   0.00e+00 
 7.36462575866294e-09   0.00e+00 
 7.36517770310623e-09   0.00e+00 
 7.36572964914789e-09   0.00e+00 
 7.36628159678777e-09   0.00e+00 
 7.36683354602569e-09   0.00e+00 
 7.36738549686150e-09   0.00e+00 
 7.36793744929504e-09   0.00e+00 
 7.36848940332615e-09   0.00e+00 
 7.36904135895466e-09   0.00e+00 
 7.36959331618042e-09   0.00e+00 
 7.37014527500326e-09   0.00e+00 
 7.37069723542303e-09   0.00e+00 
 7.37124919743957e-09   0.00e+00 
 7.37180116105271e-09   0.00e+00 
 7.37235312626229e-09   0.00e+00 
 7.37290509306816e-09   0.00e+00 
 7.37345706147015e-09   0.00e+00 
 7.37400903146810e-09   0.00e+00 
 7.37456100306185e-09   0.00e+00 
 7.37511297625125e-09   0.00e+00 
 7.37566495103613e-09   0.00e+00 
 7.37621692741633e-09   0.00e+00 
 7.37676890539169e-09   0.00e+00 
 7.37732088496205e-09   0.00e+00 
 7.37787286612725e-09   0.00e+00 
 7.37842484888713e-09   0.00e+00 
 7.37897683324153e-09   0.00e+00 
 7.37952881919029e-09   0.00e+00 
 7.38008080673326e-09   0.00e+00 
 7.38063279587026e-09   0.00e+00 
 7.38118478660114e-09   0.00e+00 
 7.38173677892575e-09   0.00e+00 
 7.38228877284391e-09   0.00e+00 
 7.38284076835547e-09   0.00e+00 
 7.38339276546027e-09   0.00e+00 
 7.38394476415816e-09   0.00e+00 
 7.38449676444896e-09   0.00e+00 
 7.38504876633252e-09   0.00e+00 
 7.38560076980869e-09   0.00e+00 
 7.38615277487729e-09   0.00e+00 
 7.38670478153818e-09   0.00e+00 
 7.38725678979119e-09   0.00e+00 
 7.38780879963615e-09   0.00e+00 
 7.38836081107292e-09   0.00e+00 
 7.38891282410133e-09   0.00e+00 
 7.38946483872123e-09   0.00e+00 
 7.39001685493244e-09   0.00e+00 
 7.39056887273482e-09   0.00e+00 
 7.39112089212820e-09   0.00e+00 
 7.39167291311243e-09   0.00e+00 
 7.39222493568734e-09   0.00e+00 
 7.39277695985277e-09   0.00e+00 
 7.39332898560857e-09   0.00e+00 
 7.39388101295458e-09   0.00e+00 
 7.39443304189063e-09   0.00e+00 
 7.39498507241657e-09   0.00e+00 
 7.39553710453224e-09   0.00e+00 
 7.39608913823747e-09   0.00e+00 
 7.39664117353212e-09   0.00e+00 
 7.39719321041601e-09   0.00e+00 
 7.39774524888899e-09   0.00e+00 
 7.39829728895091e-09   0.00e+00 
 7.39884933060159e-09   0.00e+00 
 7.39940137384089e-09   0.00e+00 
 7.39995341866864e-09   0.00e+00 
 7.40050546508469e-09   0.00e+00 
 7.40105751308887e-09   0.00e+00 
 7.40160956268103e-09   0.00e+00 
 7.40216161386100e-09   0.00e+00 
 7.40271366662863e-09   0.00e+00 
 7.40326572098376e-09   0.00e+00 
 7.40381777692624e-09   0.00e+00 
 7.40436983445589e-09   0.00e+00 
 7.40492189357256e-09   0.00e+00 
 7.40547395427609e-09   0.00e+00 
 7.40602601656633e-09   0.00e+00 
 7.40657808044311e-09   0.00e+00 
 7.40713014590628e-09   0.00e+00 
 7.40768221295568e-09   0.00e+00 
 7.40823428159115e-09   0.00e+00 
 7.40878635181252e-09   0.00e+00 
 7.40933842361965e-09   0.00e+00 
 7.40989049701237e-09   0.00e+00 
 7.41044257199052e-09   0.00e+00 
 7.41099464855395e-09   0.00e+00 
 7.41154672670249e-09   0.00e+00 
 7.41209880643599e-09   0.00e+00 
 7.41265088775429e-09   0.00e+00 
 7.41320297065723e-09   0.00e+00 
 7.41375505514465e-09   0.00e+00 
 7.41430714121640e-09   0.00e+00 
 7.41485922887231e-09   0.00e+00 
 7.41541131811222e-09   0.00e+00 
 7.41596340893599e-09   0.00e+00 
 7.41651550134344e-09   0.00e+00 
 7.41706759533443e-09   0.00e+00 
 7.41761969090879e-09   0.00e+00 
 7.41817178806636e-09   0.00e+00 
 7.41872388680699e-09   0.00e+00 
 7.41927598713052e-09   0.00e+00 
 7.41982808903678e-09   0.00e+00 
 7.42038019252563e-09   0.00e+00 
 7.42093229759690e-09   0.00e+00 
 7.42148440425043e-09   0.00e+00 
 7.42203651248608e-09   0.00e+00 
 7.42258862230366e-09   0.00e+00 
 7.42314073370304e-09   0.00e+00 
 7.42369284668406e-09   0.00e+00 
 7.42424496124654e-09   0.00e+00 
 7.42479707739034e-09   0.00e+00 
 7.42534919511530e-09   0.00e+00 
 7.42590131442127e-09   0.00e+00 
 7.42645343530807e-09   0.00e+00 
 7.42700555777556e-09   0.00e+00 
 7.42755768182357e-09   0.00e+00 
 7.42810980745196e-09   0.00e+00 
 7.42866193466055e-09   0.00e+00 
 7.42921406344920e-09   0.00e+00 
 7.42976619381774e-09   0.00e+00 
 7.43031832576602e-09   0.00e+00 
 7.43087045929387e-09   0.00e+00 
 7.43142259440115e-09   0.00e+00 
 7.43197473108770e-09   0.00e+00 
 7.43252686935335e-09   0.00e+00 
 7.43307900919795e-09   0.00e+00 
 7.43363115062134e-09   0.00e+00 
 7.43418329362336e-09   0.00e+00 
 7.43473543820386e-09   0.00e+00 
 7.43528758436267e-09   0.00e+00 
 7.43583973209965e-09   0.00e+00 
 7.43639188141463e-09   0.00e+00 
 7.43694403230746e-09   0.00e+00 
 7.43749618477798e-09   0.00e+00 
 7.43804833882602e-09   0.00e+00 
 7.43860049445145e-09   0.00e+00 
 7.43915265165408e-09   0.00e+00 
 7.43970481043378e-09   0.00e+00 
 7.44025697079038e-09   0.00e+00 
 7.44080913272372e-09   0.00e+00 
 7.44136129623365e-09   0.00e+00 
 7.44191346132001e-09   0.00e+00 
 7.44246562798264e-09   0.00e+00 
 7.44301779622139e-09   0.00e+00 
 7.44356996603609e-09   0.00e+00 
 7.44412213742660e-09   0.00e+00 
 7.44467431039275e-09   0.00e+00 
 7.44522648493439e-09   0.00e+00 
 7.44577866105135e-09   0.00e+00 
 7.44633083874349e-09   0.00e+00 
 7.44688301801065e-09   0.00e+00 
 7.44743519885266e-09   0.00e+00 
 7.44798738126938e-09   0.00e+00 
 7.44853956526064e-09   0.00e+00 
 7.44909175082629e-09   0.00e+00 
 7.44964393796617e-09   0.00e+00 
 7.45019612668012e-09   0.00e+00 
 7.45074831696799e-09   0.00e+00 
 7.45130050882963e-09   0.00e+00 
 7.45185270226486e-09   0.00e+00 
 7.45240489727355e-09   0.00e+00 
 7.45295709385552e-09   0.00e+00 
 7.45350929201063e-09   0.00e+00 
 7.45406149173872e-09   0.00e+00 
 7.45461369303962e-09   0.00e+00 
 7.45516589591319e-09   0.00e+00 
 7.45571810035926e-09   0.00e+00 
 7.45627030637769e-09   0.00e+00 
 7.45682251396832e-09   0.00e+00 
 7.45737472313097e-09   0.00e+00 
 7.45792693386552e-09   0.00e+00 
 7.45847914617177e-09   0.00e+00 
 7.45903136004960e-09   0.00e+00 
 7.45958357549885e-09   0.00e+00 
 7.46013579251934e-09   0.00e+00 
 7.46068801111095e-09   0.00e+00 
 7.46124023127349e-09   0.00e+00 
 7.46179245300681e-09   0.00e+00 
 7.46234467631077e-09   0.00e+00 
 7.46289690118520e-09   0.00e+00 
 7.46344912762995e-09   0.00e+00 
 7.46400135564487e-09   0.00e+00 
 7.46455358522978e-09   0.00e+00 
 7.46510581638455e-09   0.00e+00 
 7.46565804910900e-09   0.00e+00 
 7.46621028340300e-09   0.00e+00 
 7.46676251926637e-09   0.00e+00 
 7.46731475669897e-09   0.00e+00 
 7.46786699570064e-09   0.00e+00 
 7.46841923627122e-09   0.00e+00 
 7.46897147841055e-09   0.00e+00 
 7.46952372211849e-09   0.00e+00 
 7.47007596739487e-09   0.00e+00 
 7.47062821423955e-09   0.00e+00 
 7.47118046265235e-09   0.00e+00 
 7.47173271263313e-09   0.00e+00 
 7.47228496418174e-09   0.00e+00 
 7.47283721729801e-09   0.00e+00 
 7.47338947198178e-09   0.00e+00 
 7.47394172823291e-09   0.00e+00 
 7.47449398605124e-09   0.00e+00 
 7.47504624543661e-09   0.00e+00 
 7.47559850638887e-09   0.00e+00 
 7.47615076890786e-09   0.00e+00 
 7.47670303299342e-09   0.00e+00 
 7.47725529864541e-09   0.00e+00 
 7.47780756586365e-09   0.00e+00 
 7.47835983464801e-09   0.00e+00 
 7.47891210499832e-09   0.00e+00 
 7.47946437691443e-09   0.00e+00 
 7.48001665039618e-09   0.00e+00 
 7.48056892544341e-09   0.00e+00 
 7.48112120205598e-09   0.00e+00 
 7.48167348023372e-09   0.00e+00 
 7.48222575997648e-09   0.00e+00 
 7.48277804128411e-09   0.00e+00 
 7.48333032415645e-09   0.00e+00 
 7.48388260859334e-09   0.00e+00 
 7.48443489459464e-09   0.00e+00 
 7.48498718216017e-09   0.00e+00 
 7.48553947128979e-09   0.00e+00 
 7.48609176198335e-09   0.00e+00 
 7.48664405424068e-09   0.00e+00 
 7.48719634806164e-09   0.00e+00 
 7.48774864344607e-09   0.00e+00 
 7.48830094039381e-09   0.00e+00 
 7.48885323890470e-09   0.00e+00 
 7.48940553897860e-09   0.00e+00 
 7.48995784061535e-09   0.00e+00 
 7.49051014381479e-09   0.00e+00 
 7.49106244857677e-09   0.00e+00 
 7.49161475490113e-09   0.00e+00 
 7.49216706278772e-09   0.00e+00 
 7.49271937223638e-09   0.00e+00 
 7.49327168324696e-09   0.00e+00 
 7.49382399581930e-09   0.00e+00 
 7.49437630995325e-09   0.00e+00 
 7.49492862564865e-09   0.00e+00 
 7.49548094290536e-09   0.00e+00 
 7.49603326172320e-09   0.00e+00 
 7.49658558210203e-09   0.00e+00 
 7.49713790404170e-09   0.00e+00 
 7.49769022754205e-09   0.00e+00 
 7.49824255260292e-09   0.00e+00 
 7.49879487922417e-09   0.00e+00 
 7.49934720740562e-09   0.00e+00 
 7.49989953714714e-09   0.00e+00 
 7.50045186844857e-09   0.00e+00 
 7.50100420130975e-09   0.00e+00 
 7.50155653573053e-09   0.00e+00 
 7.50210887171075e-09   0.00e+00 
 7.50266120925025e-09   0.00e+00 
 7.50321354834889e-09   0.00e+00 
 7.50376588900651e-09   0.00e+00 
 7.50431823122296e-09   0.00e+00 
 7.50487057499807e-09   0.00e+00 
 7.50542292033171e-09   0.00e+00 
 7.50597526722370e-09   0.00e+00 
 7.50652761567391e-09   0.00e+00 
 7.50707996568217e-09   0.00e+00 
 7.50763231724832e-09   0.00e+00 
 7.50818467037223e-09   0.00e+00 
 7.50873702505372e-09   0.00e+00 
 7.50928938129265e-09   0.00e+00 
 7.50984173908886e-09   0.00e+00 
 7.51039409844220e-09   0.00e+00 
 7.51094645935251e-09   0.00e+00 
 7.51149882181965e-09   0.00e+00 
 7.51205118584345e-09   0.00e+00 
 7.51260355142377e-09   0.00e+00 
 7.51315591856044e-09   0.00e+00 
 7.51370828725331e-09   0.00e+00 
 7.51426065750224e-09   0.00e+00 
 7.51481302930706e-09   0.00e+00 
 7.51536540266763e-09   0.00e+00 
 7.51591777758378e-09   0.00e+00 
 7.51647015405537e-09   0.00e+00 
 7.51702253208223e-09   0.00e+00 
 7.51757491166423e-09   0.00e+00 
 7.51812729280120e-09   0.00e+00 
 7.51867967549298e-09   0.00e+00 
 7.51923205973943e-09   0.00e+00 
 7.51978444554040e-09   0.00e+00 
 7.52033683289571e-09   0.00e+00 
 7.52088922180523e-09   0.00e+00 
 7.52144161226881e-09   0.00e+00 
 7.52199400428628e-09   0.00e+00 
 7.52254639785749e-09   0.00e+00 
 7.52309879298229e-09   0.00e+00 
 7.52365118966053e-09   0.00e+00 
 7.52420358789205e-09   0.00e+00 
 7.52475598767670e-09   0.00e+00 
 7.52530838901432e-09   0.00e+00 
 7.52586079190477e-09   0.00e+00 
 7.52641319634789e-09   0.00e+00 
 7.52696560234352e-09   0.00e+00 
 7.52751800989152e-09   0.00e+00 
 7.52807041899172e-09   0.00e+00 
 7.52862282964398e-09   0.00e+00 
 7.52917524184814e-09   0.00e+00 
 7.52972765560405e-09   0.00e+00 
 7.53028007091155e-09   0.00e+00 
 7.53083248777050e-09   0.00e+00 
 7.53138490618073e-09   0.00e+00 
 7.53193732614210e-09   0.00e+00 
 7.53248974765445e-09   0.00e+00 
 7.53304217071763e-09   0.00e+00 
 7.53359459533148e-09   0.00e+00 
 7.53414702149586e-09   0.00e+00 
 7.53469944921060e-09   0.00e+00 
 7.53525187847557e-09   0.00e+00 
 7.53580430929059e-09   0.00e+00 
 7.53635674165553e-09   0.00e+00 
 7.53690917557022e-09   0.00e+00 
 7.53746161103452e-09   0.00e+00 
 7.53801404804827e-09   0.00e+00 
 7.53856648661133e-09   0.00e+00 
 7.53911892672353e-09   0.00e+00 
 7.53967136838471e-09   0.00e+00 
 7.54022381159474e-09   0.00e+00 
 7.54077625635346e-09   0.00e+00 
 7.54132870266071e-09   0.00e+00 
 7.54188115051634e-09   0.00e+00 
 7.54243359992020e-09   0.00e+00 
 7.54298605087213e-09   0.00e+00 
 7.54353850337199e-09   0.00e+00 
 7.54409095741962e-09   0.00e+00 
 7.54464341301487e-09   0.00e+00 
 7.54519587015758e-09   0.00e+00 
 7.54574832884761e-09   0.00e+00 
 7.54630078908480e-09   0.00e+00 
 7.54685325086899e-09   0.00e+00 
 7.54740571420004e-09   0.00e+00 
 7.54795817907779e-09   0.00e+00 
 7.54851064550209e-09   0.00e+00 
 7.54906311347279e-09   0.00e+00 
 7.54961558298973e-09   0.00e+00 
 7.55016805405277e-09   0.00e+00 
 7.55072052666175e-09   0.00e+00 
 7.55127300081651e-09   0.00e+00 
 7.55182547651691e-09   0.00e+00 
 7.55237795376279e-09   0.00e+00 
 7.55293043255400e-09   0.00e+00 
 7.55348291289039e-09   0.00e+00 
 7.55403539477180e-09   0.00e+00 
 7.55458787819809e-09   0.00e+00 
 7.55514036316910e-09   0.00e+00 
 7.55569284968468e-09   0.00e+00 
 7.55624533774468e-09   0.00e+00 
 7.55679782734895e-09   0.00e+00 
 7.55735031849732e-09   0.00e+00 
 7.55790281118966e-09   0.00e+00 
 7.55845530542581e-09   0.00e+00 
 7.55900780120561e-09   0.00e+00 
 7.55956029852892e-09   0.00e+00 
 7.56011279739558e-09   0.00e+00 
 7.56066529780543e-09   0.00e+00 
 7.56121779975834e-09   0.00e+00 
 7.56177030325415e-09   0.00e+00 
 7.56232280829270e-09   0.00e+00 
 7.56287531487385e-09   0.00e+00 
 7.56342782299743e-09   0.00e+00 
 7.56398033266331e-09   0.00e+00 
 7.56453284387132e-09   0.00e+00 
 7.56508535662132e-09   0.00e+00 
 7.56563787091315e-09   0.00e+00 
 7.56619038674666e-09   0.00e+00 
 7.56674290412170e-09   0.00e+00 
 7.56729542303813e-09   0.00e+00 
 7.56784794349578e-09   0.00e+00 
 7.56840046549450e-09   0.00e+00 
 7.56895298903415e-09   0.00e+00 
 7.56950551411457e-09   0.00e+00 
 7.57005804073561e-09   0.00e+00 
 7.57061056889712e-09   0.00e+00 
 7.57116309859895e-09   0.00e+00 
 7.57171562984095e-09   0.00e+00 
 7.57226816262296e-09   0.00e+00 
 7.57282069694483e-09   0.00e+00 
 7.57337323280641e-09   0.00e+00 
 7.57392577020755e-09   0.00e+00 
 7.57447830914810e-09   0.00e+00 
 7.57503084962791e-09   0.00e+00 
 7.57558339164683e-09   0.00e+00 
 7.57613593520470e-09   0.00e+00 
 7.57668848030137e-09   0.00e+00 
 7.57724102693669e-09   0.00e+00 
 7.57779357511051e-09   0.00e+00 
 7.57834612482269e-09   0.00e+00 
 7.57889867607306e-09   0.00e+00 
 7.57945122886148e-09   0.00e+00 
 7.58000378318780e-09   0.00e+00 
 7.58055633905186e-09   0.00e+00 
 7.58110889645351e-09   0.00e+00 
 7.58166145539261e-09   0.00e+00 
 7.58221401586901e-09   0.00e+00 
 7.58276657788254e-09   0.00e+00 
 7.58331914143306e-09   0.00e+00 
 7.58387170652042e-09   0.00e+00 
 7.58442427314447e-09   0.00e+00 
 7.58497684130505e-09   0.00e+00 
 7.58552941100202e-09   0.00e+00 
 7.58608198223523e-09   0.00e+00 
 7.58663455500452e-09   0.00e+00 
 7.58718712930975e-09   0.00e+00 
 7.58773970515075e-09   0.00e+00 
 7.58829228252739e-09   0.00e+00 
 7.58884486143951e-09   0.00e+00 
 7.58939744188696e-09   0.00e+00 
 7.58995002386958e-09   0.00e+00 
 7.59050260738724e-09   0.00e+00 
 7.59105519243978e-09   0.00e+00 
 7.59160777902704e-09   0.00e+00 
 7.59216036714888e-09   0.00e+00 
 7.59271295680515e-09   0.00e+00 
 7.59326554799569e-09   0.00e+00 
 7.59381814072036e-09   0.00e+00 
 7.59437073497899e-09   0.00e+00 
 7.59492333077146e-09   0.00e+00 
 7.59547592809760e-09   0.00e+00 
 7.59602852695726e-09   0.00e+00 
 7.59658112735029e-09   0.00e+00 
 7.59713372927655e-09   0.00e+00 
 7.59768633273588e-09   0.00e+00 
 7.59823893772813e-09   0.00e+00 
 7.59879154425315e-09   0.00e+00 
 7.59934415231080e-09   0.00e+00 
 7.59989676190092e-09   0.00e+00 
 7.60044937302335e-09   0.00e+00 
 7.60100198567795e-09   0.00e+00 
 7.60155459986458e-09   0.00e+00 
 7.60210721558307e-09   0.00e+00 
 7.60265983283329e-09   0.00e+00 
 7.60321245161507e-09   0.00e+00 
 7.60376507192828e-09   0.00e+00 
 7.60431769377275e-09   0.00e+00 
 7.60487031714834e-09   0.00e+00 
 7.60542294205490e-09   0.00e+00 
 7.60597556849229e-09   0.00e+00 
 7.60652819646034e-09   0.00e+00 
 7.60708082595891e-09   0.00e+00 
 7.60763345698785e-09   0.00e+00 
 7.60818608954700e-09   0.00e+00 
 7.60873872363623e-09   0.00e+00 
 7.60929135925538e-09   0.00e+00 
 7.60984399640430e-09   0.00e+00 
 7.61039663508284e-09   0.00e+00 
 7.61094927529084e-09   0.00e+00 
 7.61150191702817e-09   0.00e+00 
 7.61205456029467e-09   0.00e+00 
 7.61260720509019e-09   0.00e+00 
 7.61315985141458e-09   0.00e+00 
 7.61371249926769e-09   0.00e+00 
 7.61426514864938e-09   0.00e+00 
 7.61481779955948e-09   0.00e+00 
 7.61537045199786e-09   0.00e+00 
 7.61592310596437e-09   0.00e+00 
 7.61647576145884e-09   0.00e+00 
 7.61702841848114e-09   0.00e+00 
 7.61758107703112e-09   0.00e+00 
 7.61813373710861e-09   0.00e+00 
 7.61868639871349e-09   0.00e+00 
 7.61923906184559e-09   0.00e+00 
 7.61979172650477e-09   0.00e+00 
 7.62034439269087e-09   0.00e+00 
 7.62089706040375e-09   0.00e+00 
 7.62144972964326e-09   0.00e+00 
 7.62200240040925e-09   0.00e+00 
 7.62255507270157e-09   0.00e+00 
 7.62310774652007e-09   0.00e+00 
 7.62366042186460e-09   0.00e+00 
 7.62421309873502e-09   0.00e+00 
 7.62476577713117e-09   0.00e+00 
 7.62531845705290e-09   0.00e+00 
 7.62587113850006e-09   0.00e+00 
 7.62642382147251e-09   0.00e+00 
 7.62697650597010e-09   0.00e+00 
 7.62752919199268e-09   0.00e+00 
 7.62808187954009e-09   0.00e+00 
 7.62863456861218e-09   0.00e+00 
 7.62918725920883e-09   0.00e+00 
 7.62973995132986e-09   0.00e+00 
 7.63029264497514e-09   0.00e+00 
 7.63084534014450e-09   0.00e+00 
 7.63139803683782e-09   0.00e+00 
 7.63195073505493e-09   0.00e+00 
 7.63250343479568e-09   0.00e+00 
 7.63305613605994e-09   0.00e+00 
 7.63360883884754e-09   0.00e+00 
 7.63416154315834e-09   0.00e+00 
 7.63471424899220e-09   0.00e+00 
 7.63526695634896e-09   0.00e+00 
 7.63581966522848e-09   0.00e+00 
 7.63637237563059e-09   0.00e+00 
 7.63692508755517e-09   0.00e+00 
 7.63747780100205e-09   0.00e+00 
 7.63803051597109e-09   0.00e+00 
 7.63858323246215e-09   0.00e+00 
 7.63913595047506e-09   0.00e+00 
 7.63968867000969e-09   0.00e+00 
 7.64024139106589e-09   0.00e+00 
 7.64079411364350e-09   0.00e+00 
 7.64134683774238e-09   0.00e+00 
 7.64189956336237e-09   0.00e+00 
 7.64245229050334e-09   0.00e+00 
 7.64300501916514e-09   0.00e+00 
 7.64355774934760e-09   0.00e+00 
 7.64411048105060e-09   0.00e+00 
 7.64466321427397e-09   0.00e+00 
 7.64521594901757e-09   0.00e+00 
 7.64576868528125e-09   0.00e+00 
 7.64632142306487e-09   0.00e+00 
 7.64687416236826e-09   0.00e+00 
 7.64742690319130e-09   0.00e+00 
 7.64797964553382e-09   0.00e+00 
 7.64853238939568e-09   0.00e+00 
 7.64908513477674e-09   0.00e+00 
 7.64963788167684e-09   0.00e+00 
 7.65019063009583e-09   0.00e+00 
 7.65074338003358e-09   0.00e+00 
 7.65129613148992e-09   0.00e+00 
 7.65184888446471e-09   0.00e+00 
 7.65240163895780e-09   0.00e+00 
 7.65295439496906e-09   0.00e+00 
 7.65350715249832e-09   0.00e+00 
 7.65405991154544e-09   0.00e+00 
 7.65461267211026e-09   0.00e+00 
 7.65516543419265e-09   0.00e+00 
 7.65571819779247e-09   0.00e+00 
 7.65627096290954e-09   0.00e+00 
 7.65682372954374e-09   0.00e+00 
 7.65737649769491e-09   0.00e+00 
 7.65792926736291e-09   0.00e+00 
 7.65848203854757e-09   0.00e+00 
 7.65903481124877e-09   0.00e+00 
 7.65958758546635e-09   0.00e+00 
 7.66014036120016e-09   0.00e+00 
 7.66069313845006e-09   0.00e+00 
 7.66124591721589e-09   0.00e+00 
 7.66179869749752e-09   0.00e+00 
 7.66235147929479e-09   0.00e+00 
 7.66290426260756e-09   0.00e+00 
 7.66345704743568e-09   0.00e+00 
 7.66400983377899e-09   0.00e+00 
 7.66456262163736e-09   0.00e+00 
 7.66511541101063e-09   0.00e+00 
 7.66566820189866e-09   0.00e+00 
 7.66622099430130e-09   0.00e+00 
 7.66677378821841e-09   0.00e+00 
 7.66732658364982e-09   0.00e+00 
 7.66787938059540e-09   0.00e+00 
 7.66843217905501e-09   0.00e+00 
 7.66898497902849e-09   0.00e+00 
 7.66953778051570e-09   0.00e+00 
 7.67009058351649e-09   0.00e+00 
 7.67064338803071e-09   0.00e+00 
 7.67119619405821e-09   0.00e+00 
 7.67174900159885e-09   0.00e+00 
 7.67230181065248e-09   0.00e+00 
 7.67285462121894e-09   0.00e+00 
 7.67340743329811e-09   0.00e+00 
 7.67396024688983e-09   0.00e+00 
 7.67451306199395e-09   0.00e+00 
 7.67506587861032e-09   0.00e+00 
 7.67561869673880e-09   0.00e+00 
 7.67617151637924e-09   0.00e+00 
 7.67672433753149e-09   0.00e+00 
 7.67727716019541e-09   0.00e+00 
 7.67782998437085e-09   0.00e+00 
 7.67838281005766e-09   0.00e+00 
 7.67893563725570e-09   0.00e+00 
 7.67948846596481e-09   0.00e+00 
 7.68004129618485e-09   0.00e+00 
 7.68059412791568e-09   0.00e+00 
 7.68114696115715e-09   0.00e+00 
 7.68169979590911e-09   0.00e+00 
 7.68225263217141e-09   0.00e+00 
 7.68280546994391e-09   0.00e+00 
 7.68335830922646e-09   0.00e+00 
 7.68391115001892e-09   0.00e+00 
 7.68446399232113e-09   0.00e+00 
 7.68501683613296e-09   0.00e+00 
 7.68556968145425e-09   0.00e+00 
 7.68612252828485e-09   0.00e+00 
 7.68667537662462e-09   0.00e+00 
 7.68722822647342e-09   0.00e+00 
 7.68778107783110e-09   0.00e+00 
 7.68833393069751e-09   0.00e+00 
 7.68888678507250e-09   0.00e+00 
 7.68943964095593e-09   0.00e+00 
 7.68999249834765e-09   0.00e+00 
 7.69054535724752e-09   0.00e+00 
 7.69109821765538e-09   0.00e+00 
 7.69165107957110e-09   0.00e+00 
 7.69220394299452e-09   0.00e+00 
 7.69275680792551e-09   0.00e+00 
 7.69330967436391e-09   0.00e+00 
 7.69386254230957e-09   0.00e+00 
 7.69441541176235e-09   0.00e+00 
 7.69496828272211e-09   0.00e+00 
 7.69552115518870e-09   0.00e+00 
 7.69607402916196e-09   0.00e+00 
 7.69662690464177e-09   0.00e+00 
 7.69717978162796e-09   0.00e+00 
 7.69773266012040e-09   0.00e+00 
 7.69828554011893e-09   0.00e+00 
 7.69883842162341e-09   0.00e+00 
 7.69939130463369e-09   0.00e+00 
 7.69994418914964e-09   0.00e+00 
 7.70049707517110e-09   0.00e+00 
 7.70104996269792e-09   0.00e+00 
 7.70160285172997e-09   0.00e+00 
 7.70215574226708e-09   0.00e+00 
 7.70270863430913e-09   0.00e+00 
 7.70326152785596e-09   0.00e+00 
 7.70381442290743e-09   0.00e+00 
 7.70436731946339e-09   0.00e+00 
 7.70492021752370e-09   0.00e+00 
 7.70547311708820e-09   0.00e+00 
 7.70602601815675e-09   0.00e+00 
 7.70657892072921e-09   0.00e+00 
 7.70713182480543e-09   0.00e+00 
 7.70768473038527e-09   0.00e+00 
 7.70823763746857e-09   0.00e+00 
 7.70879054605521e-09   0.00e+00 
 7.70934345614502e-09   0.00e+00 
 7.70989636773787e-09   0.00e+00 
 7.71044928083360e-09   0.00e+00 
 7.71100219543207e-09   0.00e+00 
 7.71155511153315e-09   0.00e+00 
 7.71210802913667e-09   0.00e+00 
 7.71266094824249e-09   0.00e+00 
 7.71321386885047e-09   0.00e+00 
 7.71376679096046e-09   0.00e+00 
 7.71431971457233e-09   0.00e+00 
 7.71487263968592e-09   0.00e+00 
 7.71542556630108e-09   0.00e+00 
 7.71597849441768e-09   0.00e+00 
 7.71653142403557e-09   0.00e+00 
 7.71708435515459e-09   0.00e+00 
 7.71763728777461e-09   0.00e+00 
 7.71819022189548e-09   0.00e+00 
 7.71874315751706e-09   0.00e+00 
 7.71929609463919e-09   0.00e+00 
 7.71984903326175e-09   0.00e+00 
 7.72040197338456e-09   0.00e+00 
 7.72095491500751e-09   0.00e+00 
 7.72150785813043e-09   0.00e+00 
 7.72206080275318e-09   0.00e+00 
 7.72261374887563e-09   0.00e+00 
 7.72316669649761e-09   0.00e+00 
 7.72371964561900e-09   0.00e+00 
 7.72427259623964e-09   0.00e+00 
 7.72482554835938e-09   0.00e+00 
 7.72537850197808e-09   0.00e+00 
 7.72593145709561e-09   0.00e+00 
 7.72648441371181e-09   0.00e+00 
 7.72703737182654e-09   0.00e+00 
 7.72759033143965e-09   0.00e+00 
 7.72814329255099e-09   0.00e+00 
 7.72869625516043e-09   0.00e+00 
 7.72924921926782e-09   0.00e+00 
 7.72980218487301e-09   0.00e+00 
 7.73035515197586e-09   0.00e+00 
 7.73090812057623e-09   0.00e+00 
 7.73146109067396e-09   0.00e+00 
 7.73201406226891e-09   0.00e+00 
 7.73256703536094e-09   0.00e+00 
 7.73312000994991e-09   0.00e+00 
 7.73367298603567e-09   0.00e+00 
 7.73422596361807e-09   0.00e+00 
 7.73477894269697e-09   0.00e+00 
 7.73533192327223e-09   0.00e+00 
 7.73588490534370e-09   0.00e+00 
 7.73643788891124e-09   0.00e+00 
 7.73699087397470e-09   0.00e+00 
 7.73754386053393e-09   0.00e+00 
 7.73809684858880e-09   0.00e+00 
 7.73864983813915e-09   0.00e+00 
 7.73920282918485e-09   0.00e+00 
 7.73975582172574e-09   0.00e+00 
 7.74030881576169e-09   0.00e+00 
 7.74086181129255e-09   0.00e+00 
 7.74141480831818e-09   0.00e+00 
 7.74196780683843e-09   0.00e+00 
 7.74252080685315e-09   0.00e+00 
 7.74307380836221e-09   0.00e+00 
 7.74362681136545e-09   0.00e+00 
 7.74417981586274e-09   0.00e+00 
 7.74473282185393e-09   0.00e+00 
 7.74528582933887e-09   0.00e+00 
 7.74583883831743e-09   0.00e+00 
 7.74639184878945e-09   0.00e+00 
 7.74694486075479e-09   0.00e+00 
 7.74749787421331e-09   0.00e+00 
 7.74805088916487e-09   0.00e+00 
 7.74860390560932e-09   0.00e+00 
 7.74915692354651e-09   0.00e+00 
 7.74970994297630e-09   0.00e+00 
 7.75026296389856e-09   0.00e+00 
 7.75081598631312e-09   0.00e+00 
 7.75136901021986e-09   0.00e+00 
 7.75192203561862e-09   0.00e+00 
 7.75247506250927e-09   0.00e+00 
 7.75302809089165e-09   0.00e+00 
 7.75358112076562e-09   0.00e+00 
 7.75413415213105e-09   0.00e+00 
 7.75468718498778e-09   0.00e+00 
 7.75524021933568e-09   0.00e+00 
 7.75579325517460e-09   0.00e+00 
 7.75634629250438e-09   0.00e+00 
 7.75689933132490e-09   0.00e+00 
 7.75745237163601e-09   0.00e+00 
 7.75800541343756e-09   0.00e+00 
 7.75855845672941e-09   0.00e+00 
 7.75911150151142e-09   0.00e+00 
 7.75966454778344e-09   0.00e+00 
 7.76021759554533e-09   0.00e+00 
 7.76077064479694e-09   0.00e+00 
 7.76132369553814e-09   0.00e+00 
 7.76187674776878e-09   0.00e+00 
 7.76242980148870e-09   0.00e+00 
 7.76298285669778e-09   0.00e+00 
 7.76353591339588e-09   0.00e+00 
 7.76408897158282e-09   0.00e+00 
 7.76464203125849e-09   0.00e+00 
 7.76519509242274e-09   0.00e+00 
 7.76574815507542e-09   0.00e+00 
 7.76630121921640e-09   0.00e+00 
 7.76685428484552e-09   0.00e+00 
 7.76740735196264e-09   0.00e+00 
 7.76796042056762e-09   0.00e+00 
 7.76851349066032e-09   0.00e+00 
 7.76906656224059e-09   0.00e+00 
 7.76961963530829e-09   0.00e+00 
 7.77017270986328e-09   0.00e+00 
 7.77072578590542e-09   0.00e+00 
 7.77127886343456e-09   0.00e+00 
 7.77183194245055e-09   0.00e+00 
 7.77238502295326e-09   0.00e+00 
 7.77293810494253e-09   0.00e+00 
 7.77349118841824e-09   0.00e+00 
 7.77404427338023e-09   0.00e+00 
 7.77459735982836e-09   0.00e+00 
 7.77515044776249e-09   0.00e+00 
 7.77570353718248e-09   0.00e+00 
 7.77625662808818e-09   0.00e+00 
 7.77680972047945e-09   0.00e+00 
 7.77736281435615e-09   0.00e+00 
 7.77791590971813e-09   0.00e+00 
 7.77846900656526e-09   0.00e+00 
 7.77902210489737e-09   0.00e+00 
 7.77957520471434e-09   0.00e+00 
 7.78012830601603e-09   0.00e+00 
 7.78068140880229e-09   0.00e+00 
 7.78123451307297e-09   0.00e+00 
 7.78178761882794e-09   0.00e+00 
 7.78234072606705e-09   0.00e+00 
 7.78289383479017e-09   0.00e+00 
 7.78344694499713e-09   0.00e+00 
 7.78400005668781e-09   0.00e+00 
 7.78455316986206e-09   0.00e+00 
 7.78510628451974e-09   0.00e+00 
 7.78565940066071e-09   0.00e+00 
 7.78621251828482e-09   0.00e+00 
 7.78676563739192e-09   0.00e+00 
 7.78731875798188e-09   0.00e+00 
 7.78787188005456e-09   0.00e+00 
 7.78842500360981e-09   0.00e+00 
 7.78897812864750e-09   0.00e+00 
 7.78953125516747e-09   0.00e+00 
 7.79008438316959e-09   0.00e+00 
 7.79063751265371e-09   0.00e+00 
 7.79119064361969e-09   0.00e+00 
 7.79174377606739e-09   0.00e+00 
 7.79229690999667e-09   0.00e+00 
 7.79285004540738e-09   0.00e+00 
 7.79340318229938e-09   0.00e+00 
 7.79395632067253e-09   0.00e+00 
 7.79450946052669e-09   0.00e+00 
 7.79506260186171e-09   0.00e+00 
 7.79561574467745e-09   0.00e+00 
 7.79616888897378e-09   0.00e+00 
 7.79672203475054e-09   0.00e+00 
 7.79727518200759e-09   0.00e+00 
 7.79782833074480e-09   0.00e+00 
 7.79838148096203e-09   0.00e+00 
 7.79893463265912e-09   0.00e+00 
 7.79948778583595e-09   0.00e+00 
 7.80004094049236e-09   0.00e+00 
 7.80059409662821e-09   0.00e+00 
 7.80114725424336e-09   0.00e+00 
 7.80170041333767e-09   0.00e+00 
 7.80225357391100e-09   0.00e+00 
 7.80280673596320e-09   0.00e+00 
 7.80335989949414e-09   0.00e+00 
 7.80391306450367e-09   0.00e+00 
 7.80446623099165e-09   0.00e+00 
 7.80501939895794e-09   0.00e+00 
 7.80557256840240e-09   0.00e+00 
 7.80612573932488e-09   0.00e+00 
 7.80667891172525e-09   0.00e+00 
 7.80723208560335e-09   0.00e+00 
 7.80778526095906e-09   0.00e+00 
 7.80833843779223e-09   0.00e+00 
 7.80889161610271e-09   0.00e+00 
 7.80944479589036e-09   0.00e+00 
 7.80999797715505e-09   0.00e+00 
 7.81055115989663e-09   0.00e+00 
 7.81110434411496e-09   0.00e+00 
 7.81165752980990e-09   0.00e+00 
 7.81221071698130e-09   0.00e+00 
 7.81276390562903e-09   0.00e+00 
 7.81331709575294e-09   0.00e+00 
 7.81387028735290e-09   0.00e+00 
 7.81442348042876e-09   0.00e+00 
 7.81497667498037e-09   0.00e+00 
 7.81552987100761e-09   0.00e+00 
 7.81608306851031e-09   0.00e+00 
 7.81663626748836e-09   0.00e+00 
 7.81718946794160e-09   0.00e+00 
 7.81774266986989e-09   0.00e+00 
 7.81829587327309e-09   0.00e+00 
 7.81884907815106e-09   0.00e+00 
 7.81940228450366e-09   0.00e+00 
 7.81995549233075e-09   0.00e+00 
 7.82050870163219e-09   0.00e+00 
 7.82106191240783e-09   0.00e+00 
 7.82161512465753e-09   0.00e+00 
 7.82216833838116e-09   0.00e+00 
 7.82272155357856e-09   0.00e+00 
 7.82327477024961e-09   0.00e+00 
 7.82382798839416e-09   0.00e+00 
 7.82438120801207e-09   0.00e+00 
 7.82493442910320e-09   0.00e+00 
 7.82548765166740e-09   0.00e+00 
 7.82604087570454e-09   0.00e+00 
 7.82659410121447e-09   0.00e+00 
 7.82714732819706e-09   0.00e+00 
 7.82770055665216e-09   0.00e+00 
 7.82825378657963e-09   0.00e+00 
 7.82880701797933e-09   0.00e+00 
 7.82936025085112e-09   0.00e+00 
 7.82991348519486e-09   0.00e+00 
 7.83046672101041e-09   0.00e+00 
 7.83101995829762e-09   0.00e+00 
 7.83157319705636e-09   0.00e+00 
 7.83212643728649e-09   0.00e+00 
 7.83267967898787e-09   0.00e+00 
 7.83323292216034e-09   0.00e+00 
 7.83378616680379e-09   0.00e+00 
 7.83433941291805e-09   0.00e+00 
 7.83489266050300e-09   0.00e+00 
 7.83544590955848e-09   0.00e+00 
 7.83599916008437e-09   0.00e+00 
 7.83655241208052e-09   0.00e+00 
 7.83710566554679e-09   0.00e+00 
 7.83765892048304e-09   0.00e+00 
 7.83821217688912e-09   0.00e+00 
 7.83876543476491e-09   0.00e+00 
 7.83931869411025e-09   0.00e+00 
 7.83987195492501e-09   0.00e+00 
 7.84042521720905e-09   0.00e+00 
 7.84097848096223e-09   0.00e+00 
 7.84153174618440e-09   0.00e+00 
 7.84208501287543e-09   0.00e+00 
 7.84263828103518e-09   0.00e+00 
 7.84319155066350e-09   0.00e+00 
 7.84374482176026e-09   0.00e+00 
 7.84429809432531e-09   0.00e+00 
 7.84485136835851e-09   0.00e+00 
 7.84540464385973e-09   0.00e+00 
 7.84595792082882e-09   0.00e+00 
 7.84651119926565e-09   0.00e+00 
 7.84706447917006e-09   0.00e+00 
 7.84761776054194e-09   0.00e+00 
 7.84817104338112e-09   0.00e+00 
 7.84872432768748e-09   0.00e+00 
 7.84927761346087e-09   0.00e+00 
 7.84983090070115e-09   0.00e+00 
 7.85038418940819e-09   0.00e+00 
 7.85093747958184e-09   0.00e+00 
 7.85149077122196e-09   0.00e+00 
 7.85204406432842e-09   0.00e+00 
 7.85259735890106e-09   0.00e+00 
 7.85315065493977e-09   0.00e+00 
 7.85370395244438e-09   0.00e+00 
 7.85425725141477e-09   0.00e+00 
 7.85481055185079e-09   0.00e+00 
 7.85536385375230e-09   0.00e+00 
 7.85591715711917e-09   0.00e+00 
 7.85647046195125e-09   0.00e+00 
 7.85702376824841e-09   0.00e+00 
 7.85757707601050e-09   0.00e+00 
 7.85813038523738e-09   0.00e+00 
 7.85868369592892e-09   0.00e+00 
 7.85923700808497e-09   0.00e+00 
 7.85979032170540e-09   0.00e+00 
 7.86034363679006e-09   0.00e+00 
 7.86089695333882e-09   0.00e+00 
 7.86145027135153e-09   0.00e+00 
 7.86200359082806e-09   0.00e+00 
 7.86255691176827e-09   0.00e+00 
 7.86311023417201e-09   0.00e+00 
 7.86366355803915e-09   0.00e+00 
 7.86421688336955e-09   0.00e+00 
 7.86477021016307e-09   0.00e+00 
 7.86532353841957e-09   0.00e+00 
 7.86587686813891e-09   0.00e+00 
 7.86643019932094e-09   0.00e+00 
 7.86698353196555e-09   0.00e+00 
 7.86753686607257e-09   0.00e+00 
 7.86809020164187e-09   0.00e+00 
 7.86864353867331e-09   0.00e+00 
 7.86919687716676e-09   0.00e+00 
 7.86975021712207e-09   0.00e+00 
 7.87030355853911e-09   0.00e+00 
 7.87085690141773e-09   0.00e+00 
 7.87141024575780e-09   0.00e+00 
 7.87196359155918e-09   0.00e+00 
 7.87251693882173e-09   0.00e+00 
 7.87307028754530e-09   0.00e+00 
 7.87362363772976e-09   0.00e+00 
 7.87417698937497e-09   0.00e+00 
 7.87473034248079e-09   0.00e+00 
 7.87528369704709e-09   0.00e+00 
 7.87583705307371e-09   0.00e+00 
 7.87639041056053e-09   0.00e+00 
 7.87694376950741e-09   0.00e+00 
 7.87749712991419e-09   0.00e+00 
 7.87805049178076e-09   0.00e+00 
 7.87860385510696e-09   0.00e+00 
 7.87915721989266e-09   0.00e+00 
 7.87971058613773e-09   0.00e+00 
 7.88026395384201e-09   0.00e+00 
 7.88081732300538e-09   0.00e+00 
 7.88137069362768e-09   0.00e+00 
 7.88192406570879e-09   0.00e+00 
 7.88247743924856e-09   0.00e+00 
 7.88303081424687e-09   0.00e+00 
 7.88358419070356e-09   0.00e+00 
 7.88413756861850e-09   0.00e+00 
 7.88469094799154e-09   0.00e+00 
 7.88524432882256e-09   0.00e+00 
 7.88579771111142e-09   0.00e+00 
 7.88635109485796e-09   0.00e+00 
 7.88690448006206e-09   0.00e+00 
 7.88745786672358e-09   0.00e+00 
 7.88801125484237e-09   0.00e+00 
 7.88856464441830e-09   0.00e+00 
 7.88911803545123e-09   0.00e+00 
 7.88967142794103e-09   0.00e+00 
 7.89022482188755e-09   0.00e+00 
 7.89077821729064e-09   0.00e+00 
 7.89133161415019e-09   0.00e+00 
 7.89188501246605e-09   0.00e+00 
 7.89243841223808e-09   0.00e+00 
 7.89299181346614e-09   0.00e+00 
 7.89354521615009e-09   0.00e+00 
 7.89409862028979e-09   0.00e+00 
 7.89465202588511e-09   0.00e+00 
 7.89520543293591e-09   0.00e+00 
 7.89575884144204e-09   0.00e+00 
 7.89631225140338e-09   0.00e+00 
 7.89686566281977e-09   0.00e+00 
 7.89741907569110e-09   0.00e+00 
 7.89797249001721e-09   0.00e+00 
 7.89852590579796e-09   0.00e+00 
 7.89907932303323e-09   0.00e+00 
 7.89963274172286e-09   0.00e+00 
 7.90018616186673e-09   0.00e+00 
 7.90073958346469e-09   0.00e+00 
 7.90129300651661e-09   0.00e+00 
 7.90184643102235e-09   0.00e+00 
 7.90239985698176e-09   0.00e+00 
 7.90295328439472e-09   0.00e+00 
 7.90350671326108e-09   0.00e+00 
 7.90406014358071e-09   0.00e+00 
 7.90461357535347e-09   0.00e+00 
 7.90516700857922e-09   0.00e+00 
 7.90572044325782e-09   0.00e+00 
 7.90627387938913e-09   0.00e+00 
 7.90682731697301e-09   0.00e+00 
 7.90738075600934e-09   0.00e+00 
 7.90793419649797e-09   0.00e+00 
 7.90848763843876e-09   0.00e+00 
 7.90904108183158e-09   0.00e+00 
 7.90959452667628e-09   0.00e+00 
 7.91014797297273e-09   0.00e+00 
 7.91070142072079e-09   0.00e+00 
 7.91125486992033e-09   0.00e+00 
 7.91180832057120e-09   0.00e+00 
 7.91236177267327e-09   0.00e+00 
 7.91291522622640e-09   0.00e+00 
 7.91346868123045e-09   0.00e+00 
 7.91402213768529e-09   0.00e+00 
 7.91457559559077e-09   0.00e+00 
 7.91512905494676e-09   0.00e+00 
 7.91568251575313e-09   0.00e+00 
 7.91623597800973e-09   0.00e+00 
 7.91678944171643e-09   0.00e+00 
 7.91734290687308e-09   0.00e+00 
 7.91789637347956e-09   0.00e+00 
 7.91844984153572e-09   0.00e+00 
 7.91900331104143e-09   0.00e+00 
 7.91955678199655e-09   0.00e+00 
 7.92011025440094e-09   0.00e+00 
 7.92066372825447e-09   0.00e+00 
 7.92121720355699e-09   0.00e+00 
 7.92177068030837e-09   0.00e+00 
 7.92232415850848e-09   0.00e+00 
 7.92287763815717e-09   0.00e+00 
 7.92343111925431e-09   0.00e+00 
 7.92398460179975e-09   0.00e+00 
 7.92453808579338e-09   0.00e+00 
 7.92509157123504e-09   0.00e+00 
 7.92564505812460e-09   0.00e+00 
 7.92619854646191e-09   0.00e+00 
 7.92675203624686e-09   0.00e+00 
 7.92730552747929e-09   0.00e+00 
 7.92785902015907e-09   0.00e+00 
 7.92841251428607e-09   0.00e+00 
 7.92896600986014e-09   0.00e+00 
 7.92951950688114e-09   0.00e+00 
 7.93007300534895e-09   0.00e+00 
 7.93062650526342e-09   0.00e+00 
 7.93118000662443e-09   0.00e+00 
 7.93173350943182e-09   0.00e+00 
 7.93228701368547e-09   0.00e+00 
 7.93284051938524e-09   0.00e+00 
 7.93339402653097e-09   0.00e+00 
 7.93394753512257e-09   0.00e+00 
 7.93450104515986e-09   0.00e+00 
 7.93505455664273e-09   0.00e+00 
 7.93560806957102e-09   0.00e+00 
 7.93616158394461e-09   0.00e+00 
 7.93671509976336e-09   0.00e+00 
 7.93726861702714e-09   0.00e+00 
 7.93782213573580e-09   0.00e+00 
 7.93837565588921e-09   0.00e+00 
 7.93892917748723e-09   0.00e+00 
 7.93948270052973e-09   0.00e+00 
 7.94003622501656e-09   0.00e+00 
 7.94058975094760e-09   0.00e+00 
 7.94114327832270e-09   0.00e+00 
 7.94169680714172e-09   0.00e+00 
 7.94225033740455e-09   0.00e+00 
 7.94280386911103e-09   0.00e+00 
 7.94335740226102e-09   0.00e+00 
 7.94391093685441e-09   0.00e+00 
 7.94446447289103e-09   0.00e+00 
 7.94501801037077e-09   0.00e+00 
 7.94557154929348e-09   0.00e+00 
 7.94612508965903e-09   0.00e+00 
 7.94667863146728e-09   0.00e+00 
 7.94723217471809e-09   0.00e+00 
 7.94778571941133e-09   0.00e+00 
 7.94833926554686e-09   0.00e+00 
 7.94889281312455e-09   0.00e+00 
 7.94944636214425e-09   0.00e+00 
 7.94999991260583e-09   0.00e+00 
 7.95055346450917e-09   0.00e+00 
 7.95110701785411e-09   0.00e+00 
 7.95166057264052e-09   0.00e+00 
 7.95221412886828e-09   0.00e+00 
 7.95276768653724e-09   0.00e+00 
 7.95332124564725e-09   0.00e+00 
 7.95387480619820e-09   0.00e+00 
 7.95442836818995e-09   0.00e+00 
 7.95498193162234e-09   0.00e+00 
 7.95553549649526e-09   0.00e+00 
 7.95608906280857e-09   0.00e+00 
 7.95664263056212e-09   0.00e+00 
 7.95719619975579e-09   0.00e+00 
 7.95774977038943e-09   0.00e+00 
 7.95830334246291e-09   0.00e+00 
 7.95885691597610e-09   0.00e+00 
 7.95941049092886e-09   0.00e+00 
 7.95996406732104e-09   0.00e+00 
 7.96051764515253e-09   0.00e+00 
 7.96107122442317e-09   0.00e+00 
 7.96162480513285e-09   0.00e+00 
 7.96217838728141e-09   0.00e+00 
 7.96273197086873e-09   0.00e+00 
 7.96328555589467e-09   0.00e+00 
 7.96383914235908e-09   0.00e+00 
 7.96439273026185e-09   0.00e+00 
 7.96494631960282e-09   0.00e+00 
 7.96549991038187e-09   0.00e+00 
 7.96605350259886e-09   0.00e+00 
 7.96660709625365e-09   0.00e+00 
 7.96716069134612e-09   0.00e+00 
 7.96771428787611e-09   0.00e+00 
 7.96826788584350e-09   0.00e+00 
 7.96882148524815e-09   0.00e+00 
 7.96937508608993e-09   0.00e+00 
 7.96992868836870e-09   0.00e+00 
 7.97048229208432e-09   0.00e+00 
 7.97103589723667e-09   0.00e+00 
 7.97158950382559e-09   0.00e+00 
 7.97214311185097e-09   0.00e+00 
 7.97269672131266e-09   0.00e+00 
 7.97325033221052e-09   0.00e+00 
 7.97380394454443e-09   0.00e+00 
 7.97435755831425e-09   0.00e+00 
 7.97491117351983e-09   0.00e+00 
 7.97546479016105e-09   0.00e+00 
 7.97601840823778e-09   0.00e+00 
 7.97657202774987e-09   0.00e+00 
 7.97712564869719e-09   0.00e+00 
 7.97767927107961e-09   0.00e+00 
 7.97823289489698e-09   0.00e+00 
 7.97878652014918e-09   0.00e+00 
 7.97934014683608e-09   0.00e+00 
 7.97989377495752e-09   0.00e+00 
 7.98044740451339e-09   0.00e+00 
 7.98100103550354e-09   0.00e+00 
 7.98155466792784e-09   0.00e+00 
 7.98210830178615e-09   0.00e+00 
 7.98266193707834e-09   0.00e+00 
 7.98321557380427e-09   0.00e+00 
 7.98376921196382e-09   0.00e+00 
 7.98432285155684e-09   0.00e+00 
 7.98487649258320e-09   0.00e+00 
 7.98543013504276e-09   0.00e+00 
 7.98598377893540e-09   0.00e+00 
 7.98653742426096e-09   0.00e+00 
 7.98709107101932e-09   0.00e+00 
 7.98764471921035e-09   0.00e+00 
 7.98819836883391e-09   0.00e+00 
 7.98875201988986e-09   0.00e+00 
 7.98930567237807e-09   0.00e+00 
 7.98985932629841e-09   0.00e+00 
 7.99041298165075e-09   0.00e+00 
 7.99096663843493e-09   0.00e+00 
 7.99152029665084e-09   0.00e+00 
 7.99207395629833e-09   0.00e+00 
 7.99262761737728e-09   0.00e+00 
 7.99318127988754e-09   0.00e+00 
 7.99373494382899e-09   0.00e+00 
 7.99428860920148e-09   0.00e+00 
 7.99484227600488e-09   0.00e+00 
 7.99539594423906e-09   0.00e+00 
 7.99594961390389e-09   0.00e+00 
 7.99650328499923e-09   0.00e+00 
 7.99705695752495e-09   0.00e+00 
 7.99761063148090e-09   0.00e+00 
 7.99816430686697e-09   0.00e+00 
 7.99871798368300e-09   0.00e+00 
 7.99927166192887e-09   0.00e+00 
 7.99982534160444e-09   0.00e+00 
 8.00037902270958e-09   0.00e+00 
 8.00093270524416e-09   0.00e+00 
 8.00148638920804e-09   0.00e+00 
 8.00204007460108e-09   0.00e+00 
 8.00259376142315e-09   0.00e+00 
 8.00314744967412e-09   0.00e+00 
 8.00370113935386e-09   0.00e+00 
 8.00425483046222e-09   0.00e+00 
 8.00480852299907e-09   0.00e+00 
 8.00536221696428e-09   0.00e+00 
 8.00591591235772e-09   0.00e+00 
 8.00646960917926e-09   0.00e+00 
 8.00702330742875e-09   0.00e+00 
 8.00757700710605e-09   0.00e+00 
 8.00813070821105e-09   0.00e+00 
 8.00868441074361e-09   0.00e+00 
 8.00923811470359e-09   0.00e+00 
 8.00979182009085e-09   0.00e+00 
 8.01034552690527e-09   0.00e+00 
 8.01089923514670e-09   0.00e+00 
 8.01145294481502e-09   0.00e+00 
 8.01200665591009e-09   0.00e+00 
 8.01256036843178e-09   0.00e+00 
 8.01311408237995e-09   0.00e+00 
 8.01366779775446e-09   0.00e+00 
 8.01422151455520e-09   0.00e+00 
 8.01477523278201e-09   0.00e+00 
 8.01532895243478e-09   0.00e+00 
 8.01588267351335e-09   0.00e+00 
 8.01643639601761e-09   0.00e+00 
 8.01699011994741e-09   0.00e+00 
 8.01754384530263e-09   0.00e+00 
 8.01809757208312e-09   0.00e+00 
 8.01865130028876e-09   0.00e+00 
 8.01920502991941e-09   0.00e+00 
 8.01975876097493e-09   0.00e+00 
 8.02031249345520e-09   0.00e+00 
 8.02086622736008e-09   0.00e+00 
 8.02141996268944e-09   0.00e+00 
 8.02197369944314e-09   0.00e+00 
 8.02252743762104e-09   0.00e+00 
 8.02308117722302e-09   0.00e+00 
 8.02363491824895e-09   0.00e+00 
 8.02418866069868e-09   0.00e+00 
 8.02474240457209e-09   0.00e+00 
 8.02529614986903e-09   0.00e+00 
 8.02584989658939e-09   0.00e+00 
 8.02640364473302e-09   0.00e+00 
 8.02695739429979e-09   0.00e+00 
 8.02751114528957e-09   0.00e+00 
 8.02806489770223e-09   0.00e+00 
 8.02861865153762e-09   0.00e+00 
 8.02917240679563e-09   0.00e+00 
 8.02972616347610e-09   0.00e+00 
 8.03027992157892e-09   0.00e+00 
 8.03083368110394e-09   0.00e+00 
 8.03138744205103e-09   0.00e+00 
 8.03194120442007e-09   0.00e+00 
 8.03249496821091e-09   0.00e+00 
 8.03304873342343e-09   0.00e+00 
 8.03360250005749e-09   0.00e+00 
 8.03415626811296e-09   0.00e+00 
 8.03471003758970e-09   0.00e+00 
 8.03526380848759e-09   0.00e+00 
 8.03581758080648e-09   0.00e+00 
 8.03637135454626e-09   0.00e+00 
 8.03692512970677e-09   0.00e+00 
 8.03747890628789e-09   0.00e+00 
 8.03803268428949e-09   0.00e+00 
 8.03858646371143e-09   0.00e+00 
 8.03914024455358e-09   0.00e+00 
 8.03969402681581e-09   0.00e+00 
 8.04024781049797e-09   0.00e+00 
 8.04080159559996e-09   0.00e+00 
 8.04135538212162e-09   0.00e+00 
 8.04190917006284e-09   0.00e+00 
 8.04246295942346e-09   0.00e+00 
 8.04301675020336e-09   0.00e+00 
 8.04357054240240e-09   0.00e+00 
 8.04412433602046e-09   0.00e+00 
 8.04467813105741e-09   0.00e+00 
 8.04523192751310e-09   0.00e+00 
 8.04578572538740e-09   0.00e+00 
 8.04633952468019e-09   0.00e+00 
 8.04689332539133e-09   0.00e+00 
 8.04744712752068e-09   0.00e+00 
 8.04800093106812e-09   0.00e+00 
 8.04855473603351e-09   0.00e+00 
 8.04910854241672e-09   0.00e+00 
 8.04966235021762e-09   0.00e+00 
 8.05021615943606e-09   0.00e+00 
 8.05076997007193e-09   0.00e+00 
 8.05132378212509e-09   0.00e+00 
 8.05187759559541e-09   0.00e+00 
 8.05243141048275e-09   0.00e+00 
 8.05298522678697e-09   0.00e+00 
 8.05353904450796e-09   0.00e+00 
 8.05409286364558e-09   0.00e+00 
 8.05464668419968e-09   0.00e+00 
 8.05520050617015e-09   0.00e+00 
 8.05575432955685e-09   0.00e+00 
 8.05630815435964e-09   0.00e+00 
 8.05686198057840e-09   0.00e+00 
 8.05741580821299e-09   0.00e+00 
 8.05796963726328e-09   0.00e+00 
 8.05852346772914e-09   0.00e+00 
 8.05907729961043e-09   0.00e+00 
 8.05963113290703e-09   0.00e+00 
 8.06018496761879e-09   0.00e+00 
 8.06073880374559e-09   0.00e+00 
 8.06129264128730e-09   0.00e+00 
 8.06184648024378e-09   0.00e+00 
 8.06240032061490e-09   0.00e+00 
 8.06295416240053e-09   0.00e+00 
 8.06350800560054e-09   0.00e+00 
 8.06406185021479e-09   0.00e+00 
 8.06461569624315e-09   0.00e+00 
 8.06516954368550e-09   0.00e+00 
 8.06572339254169e-09   0.00e+00 
 8.06627724281160e-09   0.00e+00 
 8.06683109449510e-09   0.00e+00 
 8.06738494759204e-09   0.00e+00 
 8.06793880210231e-09   0.00e+00 
 8.06849265802577e-09   0.00e+00 
 8.06904651536228e-09   0.00e+00 
 8.06960037411171e-09   0.00e+00 
 8.07015423427394e-09   0.00e+00 
 8.07070809584883e-09   0.00e+00 
 8.07126195883625e-09   0.00e+00 
 8.07181582323606e-09   0.00e+00 
 8.07236968904814e-09   0.00e+00 
 8.07292355627236e-09   0.00e+00 
 8.07347742490857e-09   0.00e+00 
 8.07403129495665e-09   0.00e+00 
 8.07458516641647e-09   0.00e+00 
 8.07513903928790e-09   0.00e+00 
 8.07569291357080e-09   0.00e+00 
 8.07624678926504e-09   0.00e+00 
 8.07680066637049e-09   0.00e+00 
 8.07735454488702e-09   0.00e+00 
 8.07790842481451e-09   0.00e+00 
 8.07846230615281e-09   0.00e+00 
 8.07901618890179e-09   0.00e+00 
 8.07957007306132e-09   0.00e+00 
 8.08012395863127e-09   0.00e+00 
 8.08067784561152e-09   0.00e+00 
 8.08123173400192e-09   0.00e+00 
 8.08178562380235e-09   0.00e+00 
 8.08233951501267e-09   0.00e+00 
 8.08289340763276e-09   0.00e+00 
 8.08344730166248e-09   0.00e+00 
 8.08400119710171e-09   0.00e+00 
 8.08455509395030e-09   0.00e+00 
 8.08510899220813e-09   0.00e+00 
 8.08566289187506e-09   0.00e+00 
 8.08621679295097e-09   0.00e+00 
 8.08677069543572e-09   0.00e+00 
 8.08732459932919e-09   0.00e+00 
 8.08787850463123e-09   0.00e+00 
 8.08843241134173e-09   0.00e+00 
 8.08898631946055e-09   0.00e+00 
 8.08954022898756e-09   0.00e+00 
 8.09009413992262e-09   0.00e+00 
 8.09064805226560e-09   0.00e+00 
 8.09120196601638e-09   0.00e+00 
 8.09175588117482e-09   0.00e+00 
 8.09230979774079e-09   0.00e+00 
 8.09286371571417e-09   0.00e+00 
 8.09341763509481e-09   0.00e+00 
 8.09397155588260e-09   0.00e+00 
 8.09452547807738e-09   0.00e+00 
 8.09507940167905e-09   0.00e+00 
 8.09563332668746e-09   0.00e+00 
 8.09618725310249e-09   0.00e+00 
 8.09674118092400e-09   0.00e+00 
 8.09729511015185e-09   0.00e+00 
 8.09784904078593e-09   0.00e+00 
 8.09840297282610e-09   0.00e+00 
 8.09895690627224e-09   0.00e+00 
 8.09951084112420e-09   0.00e+00 
 8.10006477738186e-09   0.00e+00 
 8.10061871504509e-09   0.00e+00 
 8.10117265411375e-09   0.00e+00 
 8.10172659458772e-09   0.00e+00 
 8.10228053646686e-09   0.00e+00 
 8.10283447975105e-09   0.00e+00 
 8.10338842444015e-09   0.00e+00 
 8.10394237053403e-09   0.00e+00 
 8.10449631803257e-09   0.00e+00 
 8.10505026693562e-09   0.00e+00 
 8.10560421724307e-09   0.00e+00 
 8.10615816895478e-09   0.00e+00 
 8.10671212207062e-09   0.00e+00 
 8.10726607659045e-09   0.00e+00 
 8.10782003251415e-09   0.00e+00 
 8.10837398984159e-09   0.00e+00 
 8.10892794857264e-09   0.00e+00 
 8.10948190870717e-09   0.00e+00 
 8.11003587024504e-09   0.00e+00 
 8.11058983318612e-09   0.00e+00 
 8.11114379753029e-09   0.00e+00 
 8.11169776327741e-09   0.00e+00 
 8.11225173042736e-09   0.00e+00 
 8.11280569898000e-09   0.00e+00 
 8.11335966893520e-09   0.00e+00 
 8.11391364029284e-09   0.00e+00 
 8.11446761305279e-09   0.00e+00 
 8.11502158721490e-09   0.00e+00 
 8.11557556277906e-09   0.00e+00 
 8.11612953974513e-09   0.00e+00 
 8.11668351811298e-09   0.00e+00 
 8.11723749788247e-09   0.00e+00 
 8.11779147905350e-09   0.00e+00 
 8.11834546162591e-09   0.00e+00 
 8.11889944559959e-09   0.00e+00 
 8.11945343097439e-09   0.00e+00 
 8.12000741775020e-09   0.00e+00 
 8.12056140592687e-09   0.00e+00 
 8.12111539550429e-09   0.00e+00 
 8.12166938648231e-09   0.00e+00 
 8.12222337886082e-09   0.00e+00 
 8.12277737263967e-09   0.00e+00 
 8.12333136781875e-09   0.00e+00 
 8.12388536439791e-09   0.00e+00 
 8.12443936237704e-09   0.00e+00 
 8.12499336175599e-09   0.00e+00 
 8.12554736253465e-09   0.00e+00 
 8.12610136471288e-09   0.00e+00 
 8.12665536829055e-09   0.00e+00 
 8.12720937326753e-09   0.00e+00 
 8.12776337964369e-09   0.00e+00 
 8.12831738741890e-09   0.00e+00 
 8.12887139659303e-09   0.00e+00 
 8.12942540716595e-09   0.00e+00 
 8.12997941913753e-09   0.00e+00 
 8.13053343250765e-09   0.00e+00 
 8.13108744727617e-09   0.00e+00 
 8.13164146344296e-09   0.00e+00 
 8.13219548100789e-09   0.00e+00 
 8.13274949997083e-09   0.00e+00 
 8.13330352033166e-09   0.00e+00 
 8.13385754209024e-09   0.00e+00 
 8.13441156524644e-09   0.00e+00 
 8.13496558980015e-09   0.00e+00 
 8.13551961575121e-09   0.00e+00 
 8.13607364309951e-09   0.00e+00 
 8.13662767184492e-09   0.00e+00 
 8.13718170198731e-09   0.00e+00 
 8.13773573352654e-09   0.00e+00 
 8.13828976646248e-09   0.00e+00 
 8.13884380079502e-09   0.00e+00 
 8.13939783652401e-09   0.00e+00 
 8.13995187364934e-09   0.00e+00 
 8.14050591217086e-09   0.00e+00 
 8.14105995208845e-09   0.00e+00 
 8.14161399340199e-09   0.00e+00 
 8.14216803611133e-09   0.00e+00 
 8.14272208021636e-09   0.00e+00 
 8.14327612571694e-09   0.00e+00 
 8.14383017261294e-09   0.00e+00 
 8.14438422090424e-09   0.00e+00 
 8.14493827059070e-09   0.00e+00 
 8.14549232167219e-09   0.00e+00 
 8.14604637414859e-09   0.00e+00 
 8.14660042801978e-09   0.00e+00 
 8.14715448328560e-09   0.00e+00 
 8.14770853994595e-09   0.00e+00 
 8.14826259800069e-09   0.00e+00 
 8.14881665744969e-09   0.00e+00 
 8.14937071829282e-09   0.00e+00 
 8.14992478052996e-09   0.00e+00 
 8.15047884416096e-09   0.00e+00 
 8.15103290918572e-09   0.00e+00 
 8.15158697560409e-09   0.00e+00 
 8.15214104341594e-09   0.00e+00 
 8.15269511262115e-09   0.00e+00 
 8.15324918321959e-09   0.00e+00 
 8.15380325521114e-09   0.00e+00 
 8.15435732859565e-09   0.00e+00 
 8.15491140337300e-09   0.00e+00 
 8.15546547954307e-09   0.00e+00 
 8.15601955710572e-09   0.00e+00 
 8.15657363606083e-09   0.00e+00 
 8.15712771640826e-09   0.00e+00 
 8.15768179814789e-09   0.00e+00 
 8.15823588127959e-09   0.00e+00 
 8.15878996580323e-09   0.00e+00 
 8.15934405171868e-09   0.00e+00 
 8.15989813902582e-09   0.00e+00 
 8.16045222772451e-09   0.00e+00 
 8.16100631781462e-09   0.00e+00 
 8.16156040929603e-09   0.00e+00 
 8.16211450216861e-09   0.00e+00 
 8.16266859643223e-09   0.00e+00 
 8.16322269208676e-09   0.00e+00 
 8.16377678913207e-09   0.00e+00 
 8.16433088756804e-09   0.00e+00 
 8.16488498739453e-09   0.00e+00 
 8.16543908861142e-09   0.00e+00 
 8.16599319121857e-09   0.00e+00 
 8.16654729521587e-09   0.00e+00 
 8.16710140060317e-09   0.00e+00 
 8.16765550738036e-09   0.00e+00 
 8.16820961554730e-09   0.00e+00 
 8.16876372510387e-09   0.00e+00 
 8.16931783604994e-09   0.00e+00 
 8.16987194838537e-09   0.00e+00 
 8.17042606211004e-09   0.00e+00 
 8.17098017722383e-09   0.00e+00 
 8.17153429372660e-09   0.00e+00 
 8.17208841161823e-09   0.00e+00 
 8.17264253089858e-09   0.00e+00 
 8.17319665156754e-09   0.00e+00 
 8.17375077362496e-09   0.00e+00 
 8.17430489707073e-09   0.00e+00 
 8.17485902190471e-09   0.00e+00 
 8.17541314812678e-09   0.00e+00 
 8.17596727573681e-09   0.00e+00 
 8.17652140473466e-09   0.00e+00 
 8.17707553512022e-09   0.00e+00 
 8.17762966689335e-09   0.00e+00 
 8.17818380005393e-09   0.00e+00 
 8.17873793460182e-09   0.00e+00 
 8.17929207053691e-09   0.00e+00 
 8.17984620785906e-09   0.00e+00 
 8.18040034656814e-09   0.00e+00 
 8.18095448666402e-09   0.00e+00 
 8.18150862814659e-09   0.00e+00 
 8.18206277101570e-09   0.00e+00 
 8.18261691527123e-09   0.00e+00 
 8.18317106091305e-09   0.00e+00 
 8.18372520794105e-09   0.00e+00 
 8.18427935635508e-09   0.00e+00 
 8.18483350615502e-09   0.00e+00 
 8.18538765734075e-09   0.00e+00 
 8.18594180991212e-09   0.00e+00 
 8.18649596386903e-09   0.00e+00 
 8.18705011921133e-09   0.00e+00 
 8.18760427593890e-09   0.00e+00 
 8.18815843405162e-09   0.00e+00 
 8.18871259354935e-09   0.00e+00 
 8.18926675443197e-09   0.00e+00 
 8.18982091669935e-09   0.00e+00 
 8.19037508035136e-09   0.00e+00 
 8.19092924538787e-09   0.00e+00 
 8.19148341180877e-09   0.00e+00 
 8.19203757961391e-09   0.00e+00 
 8.19259174880317e-09   0.00e+00 
 8.19314591937643e-09   0.00e+00 
 8.19370009133355e-09   0.00e+00 
 8.19425426467441e-09   0.00e+00 
 8.19480843939889e-09   0.00e+00 
 8.19536261550685e-09   0.00e+00 
 8.19591679299816e-09   0.00e+00 
 8.19647097187270e-09   0.00e+00 
 8.19702515213035e-09   0.00e+00 
 8.19757933377097e-09   0.00e+00 
 8.19813351679443e-09   0.00e+00 
 8.19868770120062e-09   0.00e+00 
 8.19924188698939e-09   0.00e+00 
 8.19979607416063e-09   0.00e+00 
 8.20035026271421e-09   0.00e+00 
 8.20090445265000e-09   0.00e+00 
 8.20145864396787e-09   0.00e+00 
 8.20201283666769e-09   0.00e+00 
 8.20256703074934e-09   0.00e+00 
 8.20312122621269e-09   0.00e+00 
 8.20367542305762e-09   0.00e+00 
 8.20422962128399e-09   0.00e+00 
 8.20478382089168e-09   0.00e+00 
 8.20533802188057e-09   0.00e+00 
 8.20589222425051e-09   0.00e+00 
 8.20644642800140e-09   0.00e+00 
 8.20700063313310e-09   0.00e+00 
 8.20755483964547e-09   0.00e+00 
 8.20810904753841e-09   0.00e+00 
 8.20866325681177e-09   0.00e+00 
 8.20921746746543e-09   0.00e+00 
 8.20977167949927e-09   0.00e+00 
 8.21032589291315e-09   0.00e+00 
 8.21088010770696e-09   0.00e+00 
 8.21143432388055e-09   0.00e+00 
 8.21198854143382e-09   0.00e+00 
 8.21254276036663e-09   0.00e+00 
 8.21309698067885e-09   0.00e+00 
 8.21365120237036e-09   0.00e+00 
 8.21420542544102e-09   0.00e+00 
 8.21475964989072e-09   0.00e+00 
 8.21531387571932e-09   0.00e+00 
 8.21586810292670e-09   0.00e+00 
 8.21642233151273e-09   0.00e+00 
 8.21697656147729e-09   0.00e+00 
 8.21753079282025e-09   0.00e+00 
 8.21808502554148e-09   0.00e+00 
 8.21863925964085e-09   0.00e+00 
 8.21919349511823e-09   0.00e+00 
 8.21974773197351e-09   0.00e+00 
 8.22030197020656e-09   0.00e+00 
 8.22085620981724e-09   0.00e+00 
 8.22141045080543e-09   0.00e+00 
 8.22196469317101e-09   0.00e+00 
 8.22251893691384e-09   0.00e+00 
 8.22307318203381e-09   0.00e+00 
 8.22362742853078e-09   0.00e+00 
 8.22418167640463e-09   0.00e+00 
 8.22473592565523e-09   0.00e+00 
 8.22529017628246e-09   0.00e+00 
 8.22584442828618e-09   0.00e+00 
 8.22639868166628e-09   0.00e+00 
 8.22695293642262e-09   0.00e+00 
 8.22750719255508e-09   0.00e+00 
 8.22806145006353e-09   0.00e+00 
 8.22861570894785e-09   0.00e+00 
 8.22916996920791e-09   0.00e+00 
 8.22972423084358e-09   0.00e+00 
 8.23027849385474e-09   0.00e+00 
 8.23083275824126e-09   0.00e+00 
 8.23138702400301e-09   0.00e+00 
 8.23194129113986e-09   0.00e+00 
 8.23249555965171e-09   0.00e+00 
 8.23304982953841e-09   0.00e+00 
 8.23360410079983e-09   0.00e+00 
 8.23415837343586e-09   0.00e+00 
 8.23471264744637e-09   0.00e+00 
 8.23526692283123e-09   0.00e+00 
 8.23582119959031e-09   0.00e+00 
 8.23637547772349e-09   0.00e+00 
 8.23692975723064e-09   0.00e+00 
 8.23748403811164e-09   0.00e+00 
 8.23803832036635e-09   0.00e+00 
 8.23859260399466e-09   0.00e+00 
 8.23914688899643e-09   0.00e+00 
 8.23970117537155e-09   0.00e+00 
 8.24025546311988e-09   0.00e+00 
 8.24080975224131e-09   0.00e+00 
 8.24136404273570e-09   0.00e+00 
 8.24191833460292e-09   0.00e+00 
 8.24247262784286e-09   0.00e+00 
 8.24302692245537e-09   0.00e+00 
 8.24358121844035e-09   0.00e+00 
 8.24413551579766e-09   0.00e+00 
 8.24468981452718e-09   0.00e+00 
 8.24524411462879e-09   0.00e+00 
 8.24579841610235e-09   0.00e+00 
 8.24635271894774e-09   0.00e+00 
 8.24690702316483e-09   0.00e+00 
 8.24746132875351e-09   0.00e+00 
 8.24801563571363e-09   0.00e+00 
 8.24856994404508e-09   0.00e+00 
 8.24912425374774e-09   0.00e+00 
 8.24967856482146e-09   0.00e+00 
 8.25023287726614e-09   0.00e+00 
 8.25078719108165e-09   0.00e+00 
 8.25134150626785e-09   0.00e+00 
 8.25189582282463e-09   0.00e+00 
 8.25245014075185e-09   0.00e+00 
 8.25300446004940e-09   0.00e+00 
 8.25355878071714e-09   0.00e+00 
 8.25411310275495e-09   0.00e+00 
 8.25466742616270e-09   0.00e+00 
 8.25522175094028e-09   0.00e+00 
 8.25577607708755e-09   0.00e+00 
 8.25633040460438e-09   0.00e+00 
 8.25688473349066e-09   0.00e+00 
 8.25743906374626e-09   0.00e+00 
 8.25799339537105e-09   0.00e+00 
 8.25854772836490e-09   0.00e+00 
 8.25910206272770e-09   0.00e+00 
 8.25965639845931e-09   0.00e+00 
 8.26021073555961e-09   0.00e+00 
 8.26076507402848e-09   0.00e+00 
 8.26131941386579e-09   0.00e+00 
 8.26187375507141e-09   0.00e+00 
 8.26242809764522e-09   0.00e+00 
 8.26298244158709e-09   0.00e+00 
 8.26353678689690e-09   0.00e+00 
 8.26409113357452e-09   0.00e+00 
 8.26464548161984e-09   0.00e+00 
 8.26519983103272e-09   0.00e+00 
 8.26575418181303e-09   0.00e+00 
 8.26630853396065e-09   0.00e+00 
 8.26686288747547e-09   0.00e+00 
 8.26741724235735e-09   0.00e+00 
 8.26797159860616e-09   0.00e+00 
 8.26852595622178e-09   0.00e+00 
 8.26908031520409e-09   0.00e+00 
 8.26963467555297e-09   0.00e+00 
 8.27018903726828e-09   0.00e+00 
 8.27074340034990e-09   0.00e+00 
 8.27129776479771e-09   0.00e+00 
 8.27185213061158e-09   0.00e+00 
 8.27240649779139e-09   0.00e+00 
 8.27296086633701e-09   0.00e+00 
 8.27351523624832e-09   0.00e+00 
 8.27406960752518e-09   0.00e+00 
 8.27462398016749e-09   0.00e+00 
 8.27517835417510e-09   0.00e+00 
 8.27573272954791e-09   0.00e+00 
 8.27628710628577e-09   0.00e+00 
 8.27684148438858e-09   0.00e+00 
 8.27739586385620e-09   0.00e+00 
 8.27795024468851e-09   0.00e+00 
 8.27850462688537e-09   0.00e+00 
 8.27905901044668e-09   0.00e+00 
 8.27961339537230e-09   0.00e+00 
 8.28016778166212e-09   0.00e+00 
 8.28072216931600e-09   0.00e+00 
 8.28127655833380e-09   0.00e+00 
 8.28183094871544e-09   0.00e+00 
 8.28238534046076e-09   0.00e+00 
 8.28293973356965e-09   0.00e+00 
 8.28349412804198e-09   0.00e+00 
 8.28404852387763e-09   0.00e+00 
 8.28460292107647e-09   0.00e+00 
 8.28515731963838e-09   0.00e+00 
 8.28571171956323e-09   0.00e+00 
 8.28626612085090e-09   0.00e+00 
 8.28682052350127e-09   0.00e+00 
 8.28737492751420e-09   0.00e+00 
 8.28792933288958e-09   0.00e+00 
 8.28848373962729e-09   0.00e+00 
 8.28903814772719e-09   0.00e+00 
 8.28959255718916e-09   0.00e+00 
 8.29014696801308e-09   0.00e+00 
 8.29070138019882e-09   0.00e+00 
 8.29125579374626e-09   0.00e+00 
 8.29181020865528e-09   0.00e+00 
 8.29236462492575e-09   0.00e+00 
 8.29291904255754e-09   0.00e+00 
 8.29347346155054e-09   0.00e+00 
 8.29402788190461e-09   0.00e+00 
 8.29458230361964e-09   0.00e+00 
 8.29513672669550e-09   0.00e+00 
 8.29569115113206e-09   0.00e+00 
 8.29624557692921e-09   0.00e+00 
 8.29680000408681e-09   0.00e+00 
 8.29735443260475e-09   0.00e+00 
 8.29790886248289e-09   0.00e+00 
 8.29846329372112e-09   0.00e+00 
 8.29901772631930e-09   0.00e+00 
 8.29957216027733e-09   0.00e+00 
 8.30012659559507e-09   0.00e+00 
 8.30068103227239e-09   0.00e+00 
 8.30123547030919e-09   0.00e+00 
 8.30178990970531e-09   0.00e+00 
 8.30234435046066e-09   0.00e+00 
 8.30289879257510e-09   0.00e+00 
 8.30345323604851e-09   0.00e+00 
 8.30400768088077e-09   0.00e+00 
 8.30456212707175e-09   0.00e+00 
 8.30511657462132e-09   0.00e+00 
 8.30567102352936e-09   0.00e+00 
 8.30622547379576e-09   0.00e+00 
 8.30677992542039e-09   0.00e+00 
 8.30733437840311e-09   0.00e+00 
 8.30788883274382e-09   0.00e+00 
 8.30844328844238e-09   0.00e+00 
 8.30899774549867e-09   0.00e+00 
 8.30955220391256e-09   0.00e+00 
 8.31010666368394e-09   0.00e+00 
 8.31066112481269e-09   0.00e+00 
 8.31121558729866e-09   0.00e+00 
 8.31177005114175e-09   0.00e+00 
 8.31232451634183e-09   0.00e+00 
 8.31287898289877e-09   0.00e+00 
 8.31343345081246e-09   0.00e+00 
 8.31398792008275e-09   0.00e+00 
 8.31454239070955e-09   0.00e+00 
 8.31509686269271e-09   0.00e+00 
 8.31565133603213e-09   0.00e+00 
 8.31620581072767e-09   0.00e+00 
 8.31676028677920e-09   0.00e+00 
 8.31731476418662e-09   0.00e+00 
 8.31786924294979e-09   0.00e+00 
 8.31842372306859e-09   0.00e+00 
 8.31897820454290e-09   0.00e+00 
 8.31953268737259e-09   0.00e+00 
 8.32008717155754e-09   0.00e+00 
 8.32064165709763e-09   0.00e+00 
 8.32119614399273e-09   0.00e+00 
 8.32175063224272e-09   0.00e+00 
 8.32230512184748e-09   0.00e+00 
 8.32285961280689e-09   0.00e+00 
 8.32341410512081e-09   0.00e+00 
 8.32396859878913e-09   0.00e+00 
 8.32452309381173e-09   0.00e+00 
 8.32507759018848e-09   0.00e+00 
 8.32563208791925e-09   0.00e+00 
 8.32618658700393e-09   0.00e+00 
 8.32674108744239e-09   0.00e+00 
 8.32729558923451e-09   0.00e+00 
 8.32785009238016e-09   0.00e+00 
 8.32840459687922e-09   0.00e+00 
 8.32895910273158e-09   0.00e+00 
 8.32951360993710e-09   0.00e+00 
 8.33006811849566e-09   0.00e+00 
 8.33062262840715e-09   0.00e+00 
 8.33117713967143e-09   0.00e+00 
 8.33173165228838e-09   0.00e+00 
 8.33228616625788e-09   0.00e+00 
 8.33284068157981e-09   0.00e+00 
 8.33339519825405e-09   0.00e+00 
 8.33394971628047e-09   0.00e+00 
 8.33450423565895e-09   0.00e+00 
 8.33505875638936e-09   0.00e+00 
 8.33561327847159e-09   0.00e+00 
 8.33616780190551e-09   0.00e+00 
 8.33672232669100e-09   0.00e+00 
 8.33727685282793e-09   0.00e+00 
 8.33783138031618e-09   0.00e+00 
 8.33838590915564e-09   0.00e+00 
 8.33894043934617e-09   0.00e+00 
 8.33949497088765e-09   0.00e+00 
 8.34004950377997e-09   0.00e+00 
 8.34060403802299e-09   0.00e+00 
 8.34115857361660e-09   0.00e+00 
 8.34171311056068e-09   0.00e+00 
 8.34226764885509e-09   0.00e+00 
 8.34282218849972e-09   0.00e+00 
 8.34337672949445e-09   0.00e+00 
 8.34393127183916e-09   0.00e+00 
 8.34448581553371e-09   0.00e+00 
 8.34504036057799e-09   0.00e+00 
 8.34559490697187e-09   0.00e+00 
 8.34614945471524e-09   0.00e+00 
 8.34670400380797e-09   0.00e+00 
 8.34725855424994e-09   0.00e+00 
 8.34781310604102e-09   0.00e+00 
 8.34836765918109e-09   0.00e+00 
 8.34892221367004e-09   0.00e+00 
 8.34947676950773e-09   0.00e+00 
 8.35003132669405e-09   0.00e+00 
 8.35058588522887e-09   0.00e+00 
 8.35114044511207e-09   0.00e+00 
 8.35169500634354e-09   0.00e+00 
 8.35224956892313e-09   0.00e+00 
 8.35280413285074e-09   0.00e+00 
 8.35335869812625e-09   0.00e+00 
 8.35391326474952e-09   0.00e+00 
 8.35446783272044e-09   0.00e+00 
 8.35502240203889e-09   0.00e+00 
 8.35557697270474e-09   0.00e+00 
 8.35613154471786e-09   0.00e+00 
 8.35668611807815e-09   0.00e+00 
 8.35724069278548e-09   0.00e+00 
 8.35779526883971e-09   0.00e+00 
 8.35834984624074e-09   0.00e+00 
 8.35890442498843e-09   0.00e+00 
 8.35945900508268e-09   0.00e+00 
 8.36001358652335e-09   0.00e+00 
 8.36056816931032e-09   0.00e+00 
 8.36112275344348e-09   0.00e+00 
 8.36167733892269e-09   0.00e+00 
 8.36223192574784e-09   0.00e+00 
 8.36278651391881e-09   0.00e+00 
 8.36334110343548e-09   0.00e+00 
 8.36389569429771e-09   0.00e+00 
 8.36445028650540e-09   0.00e+00 
 8.36500488005841e-09   0.00e+00 
 8.36555947495663e-09   0.00e+00 
 8.36611407119994e-09   0.00e+00 
 8.36666866878820e-09   0.00e+00 
 8.36722326772131e-09   0.00e+00 
 8.36777786799913e-09   0.00e+00 
 8.36833246962155e-09   0.00e+00 
 8.36888707258845e-09   0.00e+00 
 8.36944167689970e-09   0.00e+00 
 8.36999628255518e-09   0.00e+00 
 8.37055088955476e-09   0.00e+00 
 8.37110549789833e-09   0.00e+00 
 8.37166010758578e-09   0.00e+00 
 8.37221471861697e-09   0.00e+00 
 8.37276933099178e-09   0.00e+00 
 8.37332394471009e-09   0.00e+00 
 8.37387855977178e-09   0.00e+00 
 8.37443317617673e-09   0.00e+00 
 8.37498779392481e-09   0.00e+00 
 8.37554241301591e-09   0.00e+00 
 8.37609703344990e-09   0.00e+00 
 8.37665165522667e-09   0.00e+00 
 8.37720627834608e-09   0.00e+00 
 8.37776090280803e-09   0.00e+00 
 8.37831552861238e-09   0.00e+00 
 8.37887015575901e-09   0.00e+00 
 8.37942478424781e-09   0.00e+00 
 8.37997941407865e-09   0.00e+00 
 8.38053404525142e-09   0.00e+00 
 8.38108867776598e-09   0.00e+00 
 8.38164331162222e-09   0.00e+00 
 8.38219794682001e-09   0.00e+00 
 8.38275258335925e-09   0.00e+00 
 8.38330722123979e-09   0.00e+00 
 8.38386186046153e-09   0.00e+00 
 8.38441650102435e-09   0.00e+00 
 8.38497114292811e-09   0.00e+00 
 8.38552578617270e-09   0.00e+00 
 8.38608043075800e-09   0.00e+00 
 8.38663507668388e-09   0.00e+00 
 8.38718972395023e-09   0.00e+00 
 8.38774437255693e-09   0.00e+00 
 8.38829902250385e-09   0.00e+00 
 8.38885367379087e-09   0.00e+00 
 8.38940832641787e-09   0.00e+00 
 8.38996298038473e-09   0.00e+00 
 8.39051763569133e-09   0.00e+00 
 8.39107229233754e-09   0.00e+00 
 8.39162695032325e-09   0.00e+00 
 8.39218160964834e-09   0.00e+00 
 8.39273627031268e-09   0.00e+00 
 8.39329093231615e-09   0.00e+00 
 8.39384559565864e-09   0.00e+00 
 8.39440026034001e-09   0.00e+00 
 8.39495492636016e-09   0.00e+00 
 8.39550959371895e-09   0.00e+00 
 8.39606426241628e-09   0.00e+00 
 8.39661893245200e-09   0.00e+00 
 8.39717360382602e-09   0.00e+00 
 8.39772827653820e-09   0.00e+00 
 8.39828295058842e-09   0.00e+00 
 8.39883762597657e-09   0.00e+00 
 8.39939230270252e-09   0.00e+00 
 8.39994698076615e-09   0.00e+00 
 8.40050166016734e-09   0.00e+00 
 8.40105634090598e-09   0.00e+00 
 8.40161102298193e-09   0.00e+00 
 8.40216570639508e-09   0.00e+00 
 8.40272039114531e-09   0.00e+00 
 8.40327507723250e-09   0.00e+00 
 8.40382976465652e-09   0.00e+00 
 8.40438445341725e-09   0.00e+00 
 8.40493914351459e-09   0.00e+00 
 8.40549383494840e-09   0.00e+00 
 8.40604852771856e-09   0.00e+00 
 8.40660322182496e-09   0.00e+00 
 8.40715791726745e-09   0.00e+00 
 8.40771261404595e-09   0.00e+00 
 8.40826731216032e-09   0.00e+00 
 8.40882201161044e-09   0.00e+00 
 8.40937671239620e-09   0.00e+00 
 8.40993141451746e-09   0.00e+00 
 8.41048611797411e-09   0.00e+00 
 8.41104082276603e-09   0.00e+00 
 8.41159552889309e-09   0.00e+00 
 8.41215023635519e-09   0.00e+00 
 8.41270494515219e-09   0.00e+00 
 8.41325965528398e-09   0.00e+00 
 8.41381436675044e-09   0.00e+00 
 8.41436907955144e-09   0.00e+00 
 8.41492379368687e-09   0.00e+00 
 8.41547850915660e-09   0.00e+00 
 8.41603322596051e-09   0.00e+00 
 8.41658794409849e-09   0.00e+00 
 8.41714266357042e-09   0.00e+00 
 8.41769738437617e-09   0.00e+00 
 8.41825210651562e-09   0.00e+00 
 8.41880682998866e-09   0.00e+00 
 8.41936155479517e-09   0.00e+00 
 8.41991628093501e-09   0.00e+00 
 8.42047100840808e-09   0.00e+00 
 8.42102573721425e-09   0.00e+00 
 8.42158046735340e-09   0.00e+00 
 8.42213519882542e-09   0.00e+00 
 8.42268993163017e-09   0.00e+00 
 8.42324466576756e-09   0.00e+00 
 8.42379940123744e-09   0.00e+00 
 8.42435413803970e-09   0.00e+00 
 8.42490887617423e-09   0.00e+00 
 8.42546361564090e-09   0.00e+00 
 8.42601835643959e-09   0.00e+00 
 8.42657309857018e-09   0.00e+00 
 8.42712784203256e-09   0.00e+00 
 8.42768258682659e-09   0.00e+00 
 8.42823733295217e-09   0.00e+00 
 8.42879208040917e-09   0.00e+00 
 8.42934682919747e-09   0.00e+00 
 8.42990157931696e-09   0.00e+00 
 8.43045633076750e-09   0.00e+00 
 8.43101108354899e-09   0.00e+00 
 8.43156583766129e-09   0.00e+00 
 8.43212059310431e-09   0.00e+00 
 8.43267534987791e-09   0.00e+00 
 8.43323010798197e-09   0.00e+00 
 8.43378486741638e-09   0.00e+00 
 8.43433962818100e-09   0.00e+00 
 8.43489439027574e-09   0.00e+00 
 8.43544915370045e-09   0.00e+00 
 8.43600391845504e-09   0.00e+00 
 8.43655868453936e-09   0.00e+00 
 8.43711345195332e-09   0.00e+00 
 8.43766822069678e-09   0.00e+00 
 8.43822299076962e-09   0.00e+00 
 8.43877776217173e-09   0.00e+00 
 8.43933253490299e-09   0.00e+00 
 8.43988730896327e-09   0.00e+00 
 8.44044208435246e-09   0.00e+00 
 8.44099686107044e-09   0.00e+00 
 8.44155163911709e-09   0.00e+00 
 8.44210641849229e-09   0.00e+00 
 8.44266119919592e-09   0.00e+00 
 8.44321598122785e-09   0.00e+00 
 8.44377076458797e-09   0.00e+00 
 8.44432554927617e-09   0.00e+00 
 8.44488033529232e-09   0.00e+00 
 8.44543512263630e-09   0.00e+00 
 8.44598991130799e-09   0.00e+00 
 8.44654470130728e-09   0.00e+00 
 8.44709949263405e-09   0.00e+00 
 8.44765428528816e-09   0.00e+00 
 8.44820907926952e-09   0.00e+00 
 8.44876387457799e-09   0.00e+00 
 8.44931867121345e-09   0.00e+00 
 8.44987346917579e-09   0.00e+00 
 8.45042826846489e-09   0.00e+00 
 8.45098306908063e-09   0.00e+00 
 8.45153787102289e-09   0.00e+00 
 8.45209267429155e-09   0.00e+00 
 8.45264747888649e-09   0.00e+00 
 8.45320228480760e-09   0.00e+00 
 8.45375709205475e-09   0.00e+00 
 8.45431190062782e-09   0.00e+00 
 8.45486671052670e-09   0.00e+00 
 8.45542152175126e-09   0.00e+00 
 8.45597633430139e-09   0.00e+00 
 8.45653114817696e-09   0.00e+00 
 8.45708596337787e-09   0.00e+00 
 8.45764077990399e-09   0.00e+00 
 8.45819559775519e-09   0.00e+00 
 8.45875041693137e-09   0.00e+00 
 8.45930523743240e-09   0.00e+00 
 8.45986005925817e-09   0.00e+00 
 8.46041488240854e-09   0.00e+00 
 8.46096970688342e-09   0.00e+00 
 8.46152453268267e-09   0.00e+00 
 8.46207935980618e-09   0.00e+00 
 8.46263418825383e-09   0.00e+00 
 8.46318901802550e-09   0.00e+00 
 8.46374384912107e-09   0.00e+00 
 8.46429868154042e-09   0.00e+00 
 8.46485351528344e-09   0.00e+00 
 8.46540835035001e-09   0.00e+00 
 8.46596318674000e-09   0.00e+00 
 8.46651802445329e-09   0.00e+00 
 8.46707286348978e-09   0.00e+00 
 8.46762770384933e-09   0.00e+00 
 8.46818254553184e-09   0.00e+00 
 8.46873738853718e-09   0.00e+00 
 8.46929223286524e-09   0.00e+00 
 8.46984707851589e-09   0.00e+00 
 8.47040192548901e-09   0.00e+00 
 8.47095677378450e-09   0.00e+00 
 8.47151162340223e-09   0.00e+00 
 8.47206647434208e-09   0.00e+00 
 8.47262132660393e-09   0.00e+00 
 8.47317618018766e-09   0.00e+00 
 8.47373103509316e-09   0.00e+00 
 8.47428589132031e-09   0.00e+00 
 8.47484074886899e-09   0.00e+00 
 8.47539560773907e-09   0.00e+00 
 8.47595046793045e-09   0.00e+00 
 8.47650532944300e-09   0.00e+00 
 8.47706019227661e-09   0.00e+00 
 8.47761505643115e-09   0.00e+00 
 8.47816992190651e-09   0.00e+00 
 8.47872478870257e-09   0.00e+00 
 8.47927965681921e-09   0.00e+00 
 8.47983452625632e-09   0.00e+00 
 8.48038939701377e-09   0.00e+00 
 8.48094426909145e-09   0.00e+00 
 8.48149914248924e-09   0.00e+00 
 8.48205401720701e-09   0.00e+00 
 8.48260889324466e-09   0.00e+00 
 8.48316377060207e-09   0.00e+00 
 8.48371864927910e-09   0.00e+00 
 8.48427352927566e-09   0.00e+00 
 8.48482841059161e-09   0.00e+00 
 8.48538329322684e-09   0.00e+00 
 8.48593817718124e-09   0.00e+00 
 8.48649306245468e-09   0.00e+00 
 8.48704794904704e-09   0.00e+00 
 8.48760283695822e-09   0.00e+00 
 8.48815772618809e-09   0.00e+00 
 8.48871261673653e-09   0.00e+00 
 8.48926750860343e-09   0.00e+00 
 8.48982240178866e-09   0.00e+00 
 8.49037729629211e-09   0.00e+00 
 8.49093219211366e-09   0.00e+00 
 8.49148708925320e-09   0.00e+00 
 8.49204198771060e-09   0.00e+00 
 8.49259688748574e-09   0.00e+00 
 8.49315178857851e-09   0.00e+00 
 8.49370669098879e-09   0.00e+00 
 8.49426159471647e-09   0.00e+00 
 8.49481649976142e-09   0.00e+00 
 8.49537140612353e-09   0.00e+00 
 8.49592631380268e-09   0.00e+00 
 8.49648122279875e-09   0.00e+00 
 8.49703613311162e-09   0.00e+00 
 8.49759104474118e-09   0.00e+00 
 8.49814595768731e-09   0.00e+00 
 8.49870087194989e-09   0.00e+00 
 8.49925578752881e-09   0.00e+00 
 8.49981070442393e-09   0.00e+00 
 8.50036562263516e-09   0.00e+00 
 8.50092054216236e-09   0.00e+00 
 8.50147546300543e-09   0.00e+00 
 8.50203038516424e-09   0.00e+00 
 8.50258530863868e-09   0.00e+00 
 8.50314023342863e-09   0.00e+00 
 8.50369515953397e-09   0.00e+00 
 8.50425008695459e-09   0.00e+00 
 8.50480501569036e-09   0.00e+00 
 8.50535994574117e-09   0.00e+00 
 8.50591487710690e-09   0.00e+00 
 8.50646980978744e-09   0.00e+00 
 8.50702474378266e-09   0.00e+00 
 8.50757967909246e-09   0.00e+00 
 8.50813461571671e-09   0.00e+00 
 8.50868955365528e-09   0.00e+00 
 8.50924449290808e-09   0.00e+00 
 8.50979943347498e-09   0.00e+00 
 8.51035437535586e-09   0.00e+00 
 8.51090931855060e-09   0.00e+00 
 8.51146426305909e-09   0.00e+00 
 8.51201920888122e-09   0.00e+00 
 8.51257415601686e-09   0.00e+00 
 8.51312910446589e-09   0.00e+00 
 8.51368405422820e-09   0.00e+00 
 8.51423900530367e-09   0.00e+00 
 8.51479395769219e-09   0.00e+00 
 8.51534891139362e-09   0.00e+00 
 8.51590386640787e-09   0.00e+00 
 8.51645882273482e-09   0.00e+00 
 8.51701378037433e-09   0.00e+00 
 8.51756873932631e-09   0.00e+00 
 8.51812369959063e-09   0.00e+00 
 8.51867866116718e-09   0.00e+00 
 8.51923362405582e-09   0.00e+00 
 8.51978858825646e-09   0.00e+00 
 8.52034355376897e-09   0.00e+00 
 8.52089852059324e-09   0.00e+00 
 8.52145348872914e-09   0.00e+00 
 8.52200845817657e-09   0.00e+00 
 8.52256342893540e-09   0.00e+00 
 8.52311840100552e-09   0.00e+00 
 8.52367337438680e-09   0.00e+00 
 8.52422834907914e-09   0.00e+00 
 8.52478332508242e-09   0.00e+00 
 8.52533830239651e-09   0.00e+00 
 8.52589328102131e-09   0.00e+00 
 8.52644826095670e-09   0.00e+00 
 8.52700324220255e-09   0.00e+00 
 8.52755822475876e-09   0.00e+00 
 8.52811320862520e-09   0.00e+00 
 8.52866819380176e-09   0.00e+00 
 8.52922318028832e-09   0.00e+00 
 8.52977816808477e-09   0.00e+00 
 8.53033315719098e-09   0.00e+00 
 8.53088814760684e-09   0.00e+00 
 8.53144313933224e-09   0.00e+00 
 8.53199813236706e-09   0.00e+00 
 8.53255312671118e-09   0.00e+00 
 8.53310812236448e-09   0.00e+00 
 8.53366311932685e-09   0.00e+00 
 8.53421811759817e-09   0.00e+00 
 8.53477311717833e-09   0.00e+00 
 8.53532811806720e-09   0.00e+00 
 8.53588312026468e-09   0.00e+00 
 8.53643812377063e-09   0.00e+00 
 8.53699312858496e-09   0.00e+00 
 8.53754813470754e-09   0.00e+00 
 8.53810314213825e-09   0.00e+00 
 8.53865815087699e-09   0.00e+00 
 8.53921316092362e-09   0.00e+00 
 8.53976817227804e-09   0.00e+00 
 8.54032318494012e-09   0.00e+00 
 8.54087819890976e-09   0.00e+00 
 8.54143321418683e-09   0.00e+00 
 8.54198823077123e-09   0.00e+00 
 8.54254324866283e-09   0.00e+00 
 8.54309826786151e-09   0.00e+00 
 8.54365328836716e-09   0.00e+00 
 8.54420831017967e-09   0.00e+00 
 8.54476333329892e-09   0.00e+00 
 8.54531835772478e-09   0.00e+00 
 8.54587338345716e-09   0.00e+00 
 8.54642841049592e-09   0.00e+00 
 8.54698343884096e-09   0.00e+00 
 8.54753846849215e-09   0.00e+00 
 8.54809349944938e-09   0.00e+00 
 8.54864853171253e-09   0.00e+00 
 8.54920356528149e-09   0.00e+00 
 8.54975860015614e-09   0.00e+00 
 8.55031363633637e-09   0.00e+00 
 8.55086867382205e-09   0.00e+00 
 8.55142371261308e-09   0.00e+00 
 8.55197875270933e-09   0.00e+00 
 8.55253379411070e-09   0.00e+00 
 8.55308883681707e-09   0.00e+00 
 8.55364388082830e-09   0.00e+00 
 8.55419892614431e-09   0.00e+00 
 8.55475397276495e-09   0.00e+00 
 8.55530902069013e-09   0.00e+00 
 8.55586406991971e-09   0.00e+00 
 8.55641912045360e-09   0.00e+00 
 8.55697417229167e-09   0.00e+00 
 8.55752922543381e-09   0.00e+00 
 8.55808427987989e-09   0.00e+00 
 8.55863933562981e-09   0.00e+00 
 8.55919439268346e-09   0.00e+00 
 8.55974945104070e-09   0.00e+00 
 8.56030451070143e-09   0.00e+00 
 8.56085957166552e-09   0.00e+00 
 8.56141463393288e-09   0.00e+00 
 8.56196969750337e-09   0.00e+00 
 8.56252476237687e-09   0.00e+00 
 8.56307982855329e-09   0.00e+00 
 8.56363489603251e-09   0.00e+00 
 8.56418996481440e-09   0.00e+00 
 8.56474503489884e-09   0.00e+00 
 8.56530010628573e-09   0.00e+00 
 8.56585517897495e-09   0.00e+00 
 8.56641025296638e-09   0.00e+00 
 8.56696532825991e-09   0.00e+00 
 8.56752040485542e-09   0.00e+00 
 8.56807548275280e-09   0.00e+00 
 8.56863056195193e-09   0.00e+00 
 8.56918564245269e-09   0.00e+00 
 8.56974072425497e-09   0.00e+00 
 8.57029580735865e-09   0.00e+00 
 8.57085089176362e-09   0.00e+00 
 8.57140597746976e-09   0.00e+00 
 8.57196106447695e-09   0.00e+00 
 8.57251615278509e-09   0.00e+00 
 8.57307124239405e-09   0.00e+00 
 8.57362633330373e-09   0.00e+00 
 8.57418142551399e-09   0.00e+00 
 8.57473651902474e-09   0.00e+00 
 8.57529161383585e-09   0.00e+00 
 8.57584670994721e-09   0.00e+00 
 8.57640180735870e-09   0.00e+00 
 8.57695690607020e-09   0.00e+00 
 8.57751200608161e-09   0.00e+00 
 8.57806710739280e-09   0.00e+00 
 8.57862221000367e-09   0.00e+00 
 8.57917731391409e-09   0.00e+00 
 8.57973241912395e-09   0.00e+00 
 8.58028752563313e-09   0.00e+00 
 8.58084263344153e-09   0.00e+00 
 8.58139774254901e-09   0.00e+00 
 8.58195285295547e-09   0.00e+00 
 8.58250796466080e-09   0.00e+00 
 8.58306307766488e-09   0.00e+00 
 8.58361819196759e-09   0.00e+00 
 8.58417330756882e-09   0.00e+00 
 8.58472842446846e-09   0.00e+00 
 8.58528354266638e-09   0.00e+00 
 8.58583866216247e-09   0.00e+00 
 8.58639378295663e-09   0.00e+00 
 8.58694890504872e-09   0.00e+00 
 8.58750402843864e-09   0.00e+00 
 8.58805915312626e-09   0.00e+00 
 8.58861427911149e-09   0.00e+00 
 8.58916940639420e-09   0.00e+00 
 8.58972453497428e-09   0.00e+00 
 8.59027966485161e-09   0.00e+00 
 8.59083479602608e-09   0.00e+00 
 8.59138992849757e-09   0.00e+00 
 8.59194506226596e-09   0.00e+00 
 8.59250019733115e-09   0.00e+00 
 8.59305533369301e-09   0.00e+00 
 8.59361047135144e-09   0.00e+00 
 8.59416561030631e-09   0.00e+00 
 8.59472075055752e-09   0.00e+00 
 8.59527589210494e-09   0.00e+00 
 8.59583103494847e-09   0.00e+00 
 8.59638617908798e-09   0.00e+00 
 8.59694132452336e-09   0.00e+00 
 8.59749647125451e-09   0.00e+00 
 8.59805161928130e-09   0.00e+00 
 8.59860676860361e-09   0.00e+00 
 8.59916191922134e-09   0.00e+00 
 8.59971707113436e-09   0.00e+00 
 8.60027222434258e-09   0.00e+00 
 8.60082737884586e-09   0.00e+00 
 8.60138253464409e-09   0.00e+00 
 8.60193769173717e-09   0.00e+00 
 8.60249285012497e-09   0.00e+00 
 8.60304800980738e-09   0.00e+00 
 8.60360317078429e-09   0.00e+00 
 8.60415833305557e-09   0.00e+00 
 8.60471349662113e-09   0.00e+00 
 8.60526866148083e-09   0.00e+00 
 8.60582382763458e-09   0.00e+00 
 8.60637899508225e-09   0.00e+00 
 8.60693416382372e-09   0.00e+00 
 8.60748933385889e-09   0.00e+00 
 8.60804450518764e-09   0.00e+00 
 8.60859967780986e-09   0.00e+00 
 8.60915485172542e-09   0.00e+00 
 8.60971002693423e-09   0.00e+00 
 8.61026520343616e-09   0.00e+00 
 8.61082038123109e-09   0.00e+00 
 8.61137556031891e-09   0.00e+00 
 8.61193074069952e-09   0.00e+00 
 8.61248592237279e-09   0.00e+00 
 8.61304110533860e-09   0.00e+00 
 8.61359628959686e-09   0.00e+00 
 8.61415147514744e-09   0.00e+00 
 8.61470666199022e-09   0.00e+00 
 8.61526185012509e-09   0.00e+00 
 8.61581703955195e-09   0.00e+00 
 8.61637223027066e-09   0.00e+00 
 8.61692742228113e-09   0.00e+00 
 8.61748261558323e-09   0.00e+00 
 8.61803781017685e-09   0.00e+00 
 8.61859300606188e-09   0.00e+00 
 8.61914820323821e-09   0.00e+00 
 8.61970340170571e-09   0.00e+00 
 8.62025860146427e-09   0.00e+00 
 8.62081380251378e-09   0.00e+00 
 8.62136900485414e-09   0.00e+00 
 8.62192420848521e-09   0.00e+00 
 8.62247941340690e-09   0.00e+00 
 8.62303461961908e-09   0.00e+00 
 8.62358982712164e-09   0.00e+00 
 8.62414503591446e-09   0.00e+00 
 8.62470024599743e-09   0.00e+00 
 8.62525545737044e-09   0.00e+00 
 8.62581067003339e-09   0.00e+00 
 8.62636588398614e-09   0.00e+00 
 8.62692109922858e-09   0.00e+00 
 8.62747631576061e-09   0.00e+00 
 8.62803153358211e-09   0.00e+00 
 8.62858675269296e-09   0.00e+00 
 8.62914197309305e-09   0.00e+00 
 8.62969719478227e-09   0.00e+00 
 8.63025241776051e-09   0.00e+00 
 8.63080764202764e-09   0.00e+00 
 8.63136286758355e-09   0.00e+00 
 8.63191809442814e-09   0.00e+00 
 8.63247332256129e-09   0.00e+00 
 8.63302855198288e-09   0.00e+00 
 8.63358378269280e-09   0.00e+00 
 8.63413901469093e-09   0.00e+00 
 8.63469424797717e-09   0.00e+00 
 8.63524948255140e-09   0.00e+00 
 8.63580471841350e-09   0.00e+00 
 8.63635995556336e-09   0.00e+00 
 8.63691519400087e-09   0.00e+00 
 8.63747043372592e-09   0.00e+00 
 8.63802567473838e-09   0.00e+00 
 8.63858091703816e-09   0.00e+00 
 8.63913616062512e-09   0.00e+00 
 8.63969140549917e-09   0.00e+00 
 8.64024665166019e-09   0.00e+00 
 8.64080189910806e-09   0.00e+00 
 8.64135714784266e-09   0.00e+00 
 8.64191239786390e-09   0.00e+00 
 8.64246764917165e-09   0.00e+00 
 8.64302290176579e-09   0.00e+00 
 8.64357815564623e-09   0.00e+00 
 8.64413341081283e-09   0.00e+00 
 8.64468866726549e-09   0.00e+00 
 8.64524392500410e-09   0.00e+00 
 8.64579918402854e-09   0.00e+00 
 8.64635444433870e-09   0.00e+00 
 8.64690970593447e-09   0.00e+00 
 8.64746496881572e-09   0.00e+00 
 8.64802023298236e-09   0.00e+00 
 8.64857549843426e-09   0.00e+00 
 8.64913076517132e-09   0.00e+00 
 8.64968603319341e-09   0.00e+00 
 8.65024130250043e-09   0.00e+00 
 8.65079657309226e-09   0.00e+00 
 8.65135184496879e-09   0.00e+00 
 8.65190711812991e-09   0.00e+00 
 8.65246239257550e-09   0.00e+00 
 8.65301766830545e-09   0.00e+00 
 8.65357294531964e-09   0.00e+00 
 8.65412822361797e-09   0.00e+00 
 8.65468350320032e-09   0.00e+00 
 8.65523878406658e-09   0.00e+00 
 8.65579406621663e-09   0.00e+00 
 8.65634934965036e-09   0.00e+00 
 8.65690463436766e-09   0.00e+00 
 8.65745992036841e-09   0.00e+00 
 8.65801520765251e-09   0.00e+00 
 8.65857049621983e-09   0.00e+00 
 8.65912578607027e-09   0.00e+00 
 8.65968107720371e-09   0.00e+00 
 8.66023636962005e-09   0.00e+00 
 8.66079166331916e-09   0.00e+00 
 8.66134695830093e-09   0.00e+00 
 8.66190225456526e-09   0.00e+00 
 8.66245755211202e-09   0.00e+00 
 8.66301285094111e-09   0.00e+00 
 8.66356815105242e-09   0.00e+00 
 8.66412345244582e-09   0.00e+00 
 8.66467875512121e-09   0.00e+00 
 8.66523405907847e-09   0.00e+00 
 8.66578936431749e-09   0.00e+00 
 8.66634467083816e-09   0.00e+00 
 8.66689997864037e-09   0.00e+00 
 8.66745528772401e-09   0.00e+00 
 8.66801059808895e-09   0.00e+00 
 8.66856590973510e-09   0.00e+00 
 8.66912122266232e-09   0.00e+00 
 8.66967653687052e-09   0.00e+00 
 8.67023185235958e-09   0.00e+00 
 8.67078716912938e-09   0.00e+00 
 8.67134248717982e-09   0.00e+00 
 8.67189780651079e-09   0.00e+00 
 8.67245312712216e-09   0.00e+00 
 8.67300844901382e-09   0.00e+00 
 8.67356377218567e-09   0.00e+00 
 8.67411909663759e-09   0.00e+00 
 8.67467442236947e-09   0.00e+00 
 8.67522974938119e-09   0.00e+00 
 8.67578507767266e-09   0.00e+00 
 8.67634040724374e-09   0.00e+00 
 8.67689573809433e-09   0.00e+00 
 8.67745107022432e-09   0.00e+00 
 8.67800640363359e-09   0.00e+00 
 8.67856173832203e-09   0.00e+00 
 8.67911707428953e-09   0.00e+00 
 8.67967241153599e-09   0.00e+00 
 8.68022775006127e-09   0.00e+00 
 8.68078308986528e-09   0.00e+00 
 8.68133843094789e-09   0.00e+00 
 8.68189377330900e-09   0.00e+00 
 8.68244911694850e-09   0.00e+00 
 8.68300446186628e-09   0.00e+00 
 8.68355980806221e-09   0.00e+00 
 8.68411515553619e-09   0.00e+00 
 8.68467050428811e-09   0.00e+00 
 8.68522585431785e-09   0.00e+00 
 8.68578120562531e-09   0.00e+00 
 8.68633655821036e-09   0.00e+00 
 8.68689191207291e-09   0.00e+00 
 8.68744726721282e-09   0.00e+00 
 8.68800262363000e-09   0.00e+00 
 8.68855798132434e-09   0.00e+00 
 8.68911334029571e-09   0.00e+00 
 8.68966870054400e-09   0.00e+00 
 8.69022406206911e-09   0.00e+00 
 8.69077942487092e-09   0.00e+00 
 8.69133478894932e-09   0.00e+00 
 8.69189015430420e-09   0.00e+00 
 8.69244552093545e-09   0.00e+00 
 8.69300088884295e-09   0.00e+00 
 8.69355625802660e-09   0.00e+00 
 8.69411162848627e-09   0.00e+00 
 8.69466700022186e-09   0.00e+00 
 8.69522237323327e-09   0.00e+00 
 8.69577774752036e-09   0.00e+00 
 8.69633312308304e-09   0.00e+00 
 8.69688849992119e-09   0.00e+00 
 8.69744387803470e-09   0.00e+00 
 8.69799925742345e-09   0.00e+00 
 8.69855463808734e-09   0.00e+00 
 8.69911002002626e-09   0.00e+00 
 8.69966540324008e-09   0.00e+00 
 8.70022078772871e-09   0.00e+00 
 8.70077617349202e-09   0.00e+00 
 8.70133156052992e-09   0.00e+00 
 8.70188694884227e-09   0.00e+00 
 8.70244233842898e-09   0.00e+00 
 8.70299772928993e-09   0.00e+00 
 8.70355312142500e-09   0.00e+00 
 8.70410851483410e-09   0.00e+00 
 8.70466390951710e-09   0.00e+00 
 8.70521930547390e-09   0.00e+00 
 8.70577470270438e-09   0.00e+00 
 8.70633010120842e-09   0.00e+00 
 8.70688550098593e-09   0.00e+00 
 8.70744090203679e-09   0.00e+00 
 8.70799630436089e-09   0.00e+00 
 8.70855170795811e-09   0.00e+00 
 8.70910711282834e-09   0.00e+00 
 8.70966251897147e-09   0.00e+00 
 8.71021792638739e-09   0.00e+00 
 8.71077333507599e-09   0.00e+00 
 8.71132874503717e-09   0.00e+00 
 8.71188415627079e-09   0.00e+00 
 8.71243956877676e-09   0.00e+00 
 8.71299498255496e-09   0.00e+00 
 8.71355039760528e-09   0.00e+00 
 8.71410581392761e-09   0.00e+00 
 8.71466123152184e-09   0.00e+00 
 8.71521665038786e-09   0.00e+00 
 8.71577207052555e-09   0.00e+00 
 8.71632749193481e-09   0.00e+00 
 8.71688291461552e-09   0.00e+00 
 8.71743833856757e-09   0.00e+00 
 8.71799376379085e-09   0.00e+00 
 8.71854919028526e-09   0.00e+00 
 8.71910461805066e-09   0.00e+00 
 8.71966004708697e-09   0.00e+00 
 8.72021547739406e-09   0.00e+00 
 8.72077090897182e-09   0.00e+00 
 8.72132634182015e-09   0.00e+00 
 8.72188177593892e-09   0.00e+00 
 8.72243721132804e-09   0.00e+00 
 8.72299264798739e-09   0.00e+00 
 8.72354808591686e-09   0.00e+00 
 8.72410352511634e-09   0.00e+00 
 8.72465896558571e-09   0.00e+00 
 8.72521440732486e-09   0.00e+00 
 8.72576985033369e-09   0.00e+00 
 8.72632529461208e-09   0.00e+00 
 8.72688074015993e-09   0.00e+00 
 8.72743618697711e-09   0.00e+00 
 8.72799163506352e-09   0.00e+00 
 8.72854708441905e-09   0.00e+00 
 8.72910253504358e-09   0.00e+00 
 8.72965798693702e-09   0.00e+00 
 8.73021344009924e-09   0.00e+00 
 8.73076889453013e-09   0.00e+00 
 8.73132435022959e-09   0.00e+00 
 8.73187980719750e-09   0.00e+00 
 8.73243526543375e-09   0.00e+00 
 8.73299072493824e-09   0.00e+00 
 8.73354618571085e-09   0.00e+00 
 8.73410164775146e-09   0.00e+00 
 8.73465711105997e-09   0.00e+00 
 8.73521257563626e-09   0.00e+00 
 8.73576804148024e-09   0.00e+00 
 8.73632350859178e-09   0.00e+00 
 8.73687897697078e-09   0.00e+00 
 8.73743444661712e-09   0.00e+00 
 8.73798991753069e-09   0.00e+00 
 8.73854538971139e-09   0.00e+00 
 8.73910086315910e-09   0.00e+00 
 8.73965633787371e-09   0.00e+00 
 8.74021181385511e-09   0.00e+00 
 8.74076729110319e-09   0.00e+00 
 8.74132276961784e-09   0.00e+00 
 8.74187824939895e-09   0.00e+00 
 8.74243373044641e-09   0.00e+00 
 8.74298921276010e-09   0.00e+00 
 8.74354469633992e-09   0.00e+00 
 8.74410018118575e-09   0.00e+00 
 8.74465566729749e-09   0.00e+00 
 8.74521115467503e-09   0.00e+00 
 8.74576664331825e-09   0.00e+00 
 8.74632213322704e-09   0.00e+00 
 8.74687762440129e-09   0.00e+00 
 8.74743311684091e-09   0.00e+00 
 8.74798861054576e-09   0.00e+00 
 8.74854410551574e-09   0.00e+00 
 8.74909960175075e-09   0.00e+00 
 8.74965509925066e-09   0.00e+00 
 8.75021059801538e-09   0.00e+00 
 8.75076609804479e-09   0.00e+00 
 8.75132159933878e-09   0.00e+00 
 8.75187710189723e-09   0.00e+00 
 8.75243260572005e-09   0.00e+00 
 8.75298811080711e-09   0.00e+00 
 8.75354361715832e-09   0.00e+00 
 8.75409912477354e-09   0.00e+00 
 8.75465463365268e-09   0.00e+00 
 8.75521014379564e-09   0.00e+00 
 8.75576565520229e-09   0.00e+00 
 8.75632116787253e-09   0.00e+00 
 8.75687668180624e-09   0.00e+00 
 8.75743219700332e-09   0.00e+00 
 8.75798771346366e-09   0.00e+00 
 8.75854323118714e-09   0.00e+00 
 8.75909875017366e-09   0.00e+00 
 8.75965427042311e-09   0.00e+00 
 8.76020979193537e-09   0.00e+00 
 8.76076531471033e-09   0.00e+00 
 8.76132083874789e-09   0.00e+00 
 8.76187636404793e-09   0.00e+00 
 8.76243189061035e-09   0.00e+00 
 8.76298741843504e-09   0.00e+00 
 8.76354294752188e-09   0.00e+00 
 8.76409847787077e-09   0.00e+00 
 8.76465400948159e-09   0.00e+00 
 8.76520954235423e-09   0.00e+00 
 8.76576507648859e-09   0.00e+00 
 8.76632061188456e-09   0.00e+00 
 8.76687614854202e-09   0.00e+00 
 8.76743168646086e-09   0.00e+00 
 8.76798722564098e-09   0.00e+00 
 8.76854276608227e-09   0.00e+00 
 8.76909830778461e-09   0.00e+00 
 8.76965385074790e-09   0.00e+00 
 8.77020939497201e-09   0.00e+00 
 8.77076494045686e-09   0.00e+00 
 8.77132048720233e-09   0.00e+00 
 8.77187603520829e-09   0.00e+00 
 8.77243158447466e-09   0.00e+00 
 8.77298713500130e-09   0.00e+00 
 8.77354268678813e-09   0.00e+00 
 8.77409823983502e-09   0.00e+00 
 8.77465379414187e-09   0.00e+00 
 8.77520934970856e-09   0.00e+00 
 8.77576490653499e-09   0.00e+00 
 8.77632046462105e-09   0.00e+00 
 8.77687602396663e-09   0.00e+00 
 8.77743158457162e-09   0.00e+00 
 8.77798714643590e-09   0.00e+00 
 8.77854270955937e-09   0.00e+00 
 8.77909827394193e-09   0.00e+00 
 8.77965383958345e-09   0.00e+00 
 8.78020940648383e-09   0.00e+00 
 8.78076497464297e-09   0.00e+00 
 8.78132054406074e-09   0.00e+00 
 8.78187611473705e-09   0.00e+00 
 8.78243168667178e-09   0.00e+00 
 8.78298725986482e-09   0.00e+00 
 8.78354283431606e-09   0.00e+00 
 8.78409841002539e-09   0.00e+00 
 8.78465398699271e-09   0.00e+00 
 8.78520956521790e-09   0.00e+00 
 8.78576514470086e-09   0.00e+00 
 8.78632072544148e-09   0.00e+00 
 8.78687630743963e-09   0.00e+00 
 8.78743189069523e-09   0.00e+00 
 8.78798747520816e-09   0.00e+00 
 8.78854306097830e-09   0.00e+00 
 8.78909864800555e-09   0.00e+00 
 8.78965423628980e-09   0.00e+00 
 8.79020982583094e-09   0.00e+00 
 8.79076541662886e-09   0.00e+00 
 8.79132100868345e-09   0.00e+00 
 8.79187660199460e-09   0.00e+00 
 8.79243219656221e-09   0.00e+00 
 8.79298779238616e-09   0.00e+00 
 8.79354338946634e-09   0.00e+00 
 8.79409898780264e-09   0.00e+00 
 8.79465458739496e-09   0.00e+00 
 8.79521018824319e-09   0.00e+00 
 8.79576579034722e-09   0.00e+00 
 8.79632139370693e-09   0.00e+00 
 8.79687699832223e-09   0.00e+00 
 8.79743260419299e-09   0.00e+00 
 8.79798821131912e-09   0.00e+00 
 8.79854381970050e-09   0.00e+00 
 8.79909942933702e-09   0.00e+00 
 8.79965504022857e-09   0.00e+00 
 8.80021065237505e-09   0.00e+00 
 8.80076626577634e-09   0.00e+00 
 8.80132188043234e-09   0.00e+00 
 8.80187749634294e-09   0.00e+00 
 8.80243311350803e-09   0.00e+00 
 8.80298873192750e-09   0.00e+00 
 8.80354435160123e-09   0.00e+00 
 8.80409997252913e-09   0.00e+00 
 8.80465559471107e-09   0.00e+00 
 8.80521121814697e-09   0.00e+00 
 8.80576684283670e-09   0.00e+00 
 8.80632246878016e-09   0.00e+00 
 8.80687809597723e-09   0.00e+00 
 8.80743372442781e-09   0.00e+00 
 8.80798935413178e-09   0.00e+00 
 8.80854498508906e-09   0.00e+00 
 8.80910061729951e-09   0.00e+00 
 8.80965625076304e-09   0.00e+00 
 8.81021188547953e-09   0.00e+00 
 8.81076752144888e-09   0.00e+00 
 8.81132315867098e-09   0.00e+00 
 8.81187879714571e-09   0.00e+00 
 8.81243443687297e-09   0.00e+00 
 8.81299007785266e-09   0.00e+00 
 8.81354572008465e-09   0.00e+00 
 8.81410136356885e-09   0.00e+00 
 8.81465700830514e-09   0.00e+00 
 8.81521265429342e-09   0.00e+00 
 8.81576830153358e-09   0.00e+00 
 8.81632395002550e-09   0.00e+00 
 8.81687959976909e-09   0.00e+00 
 8.81743525076423e-09   0.00e+00 
 8.81799090301081e-09   0.00e+00 
 8.81854655650873e-09   0.00e+00 
 8.81910221125787e-09   0.00e+00 
 8.81965786725813e-09   0.00e+00 
 8.82021352450940e-09   0.00e+00 
 8.82076918301158e-09   0.00e+00 
 8.82132484276454e-09   0.00e+00 
 8.82188050376818e-09   0.00e+00 
 8.82243616602240e-09   0.00e+00 
 8.82299182952710e-09   0.00e+00 
 8.82354749428215e-09   0.00e+00 
 8.82410316028744e-09   0.00e+00 
 8.82465882754288e-09   0.00e+00 
 8.82521449604835e-09   0.00e+00 
 8.82577016580375e-09   0.00e+00 
 8.82632583680896e-09   0.00e+00 
 8.82688150906389e-09   0.00e+00 
 8.82743718256841e-09   0.00e+00 
 8.82799285732243e-09   0.00e+00 
 8.82854853332584e-09   0.00e+00 
 8.82910421057851e-09   0.00e+00 
 8.82965988908036e-09   0.00e+00 
 8.83021556883126e-09   0.00e+00 
 8.83077124983112e-09   0.00e+00 
 8.83132693207981e-09   0.00e+00 
 8.83188261557724e-09   0.00e+00 
 8.83243830032330e-09   0.00e+00 
 8.83299398631788e-09   0.00e+00 
 8.83354967356087e-09   0.00e+00 
 8.83410536205216e-09   0.00e+00 
 8.83466105179164e-09   0.00e+00 
 8.83521674277921e-09   0.00e+00 
 8.83577243501476e-09   0.00e+00 
 8.83632812849818e-09   0.00e+00 
 8.83688382322936e-09   0.00e+00 
 8.83743951920819e-09   0.00e+00 
 8.83799521643457e-09   0.00e+00 
 8.83855091490839e-09   0.00e+00 
 8.83910661462954e-09   0.00e+00 
 8.83966231559791e-09   0.00e+00 
 8.84021801781339e-09   0.00e+00 
 8.84077372127588e-09   0.00e+00 
 8.84132942598527e-09   0.00e+00 
 8.84188513194145e-09   0.00e+00 
 8.84244083914431e-09   0.00e+00 
 8.84299654759375e-09   0.00e+00 
 8.84355225728966e-09   0.00e+00 
 8.84410796823192e-09   0.00e+00 
 8.84466368042043e-09   0.00e+00 
 8.84521939385508e-09   0.00e+00 
 8.84577510853578e-09   0.00e+00 
 8.84633082446239e-09   0.00e+00 
 8.84688654163484e-09   0.00e+00 
 8.84744226005299e-09   0.00e+00 
 8.84799797971675e-09   0.00e+00 
 8.84855370062600e-09   0.00e+00 
 8.84910942278065e-09   0.00e+00 
 8.84966514618057e-09   0.00e+00 
 8.85022087082567e-09   0.00e+00 
 8.85077659671584e-09   0.00e+00 
 8.85133232385096e-09   0.00e+00 
 8.85188805223094e-09   0.00e+00 
 8.85244378185566e-09   0.00e+00 
 8.85299951272501e-09   0.00e+00 
 8.85355524483889e-09   0.00e+00 
 8.85411097819720e-09   0.00e+00 
 8.85466671279981e-09   0.00e+00 
 8.85522244864663e-09   0.00e+00 
 8.85577818573756e-09   0.00e+00 
 8.85633392407247e-09   0.00e+00 
 8.85688966365126e-09   0.00e+00 
 8.85744540447383e-09   0.00e+00 
 8.85800114654007e-09   0.00e+00 
 8.85855688984987e-09   0.00e+00 
 8.85911263440313e-09   0.00e+00 
 8.85966838019973e-09   0.00e+00 
 8.86022412723957e-09   0.00e+00 
 8.86077987552254e-09   0.00e+00 
 8.86133562504854e-09   0.00e+00 
 8.86189137581745e-09   0.00e+00 
 8.86244712782918e-09   0.00e+00 
 8.86300288108360e-09   0.00e+00 
 8.86355863558062e-09   0.00e+00 
 8.86411439132013e-09   0.00e+00 
 8.86467014830201e-09   0.00e+00 
 8.86522590652617e-09   0.00e+00 
 8.86578166599250e-09   0.00e+00 
 8.86633742670088e-09   0.00e+00 
 8.86689318865122e-09   0.00e+00 
 8.86744895184339e-09   0.00e+00 
 8.86800471627731e-09   0.00e+00 
 8.86856048195286e-09   0.00e+00 
 8.86911624886993e-09   0.00e+00 
 8.86967201702841e-09   0.00e+00 
 8.87022778642821e-09   0.00e+00 
 8.87078355706920e-09   0.00e+00 
 8.87133932895129e-09   0.00e+00 
 8.87189510207437e-09   0.00e+00 
 8.87245087643833e-09   0.00e+00 
 8.87300665204306e-09   0.00e+00 
 8.87356242888845e-09   0.00e+00 
 8.87411820697441e-09   0.00e+00 
 8.87467398630082e-09   0.00e+00 
 8.87522976686757e-09   0.00e+00 
 8.87578554867456e-09   0.00e+00 
 8.87634133172167e-09   0.00e+00 
 8.87689711600881e-09   0.00e+00 
 8.87745290153588e-09   0.00e+00 
 8.87800868830275e-09   0.00e+00 
 8.87856447630933e-09   0.00e+00 
 8.87912026555550e-09   0.00e+00 
 8.87967605604117e-09   0.00e+00 
 8.88023184776621e-09   0.00e+00 
 8.88078764073053e-09   0.00e+00 
 8.88134343493402e-09   0.00e+00 
 8.88189923037658e-09   0.00e+00 
 8.88245502705809e-09   0.00e+00 
 8.88301082497844e-09   0.00e+00 
 8.88356662413754e-09   0.00e+00 
 8.88412242453528e-09   0.00e+00 
 8.88467822617154e-09   0.00e+00 
 8.88523402904623e-09   0.00e+00 
 8.88578983315923e-09   0.00e+00 
 8.88634563851044e-09   0.00e+00 
 8.88690144509976e-09   0.00e+00 
 8.88745725292706e-09   0.00e+00 
 8.88801306199226e-09   0.00e+00 
 8.88856887229523e-09   0.00e+00 
 8.88912468383589e-09   0.00e+00 
 8.88968049661411e-09   0.00e+00 
 8.89023631062980e-09   0.00e+00 
 8.89079212588283e-09   0.00e+00 
 8.89134794237312e-09   0.00e+00 
 8.89190376010055e-09   0.00e+00 
 8.89245957906502e-09   0.00e+00 
 8.89301539926642e-09   0.00e+00 
 8.89357122070464e-09   0.00e+00 
 8.89412704337958e-09   0.00e+00 
 8.89468286729112e-09   0.00e+00 
 8.89523869243918e-09   0.00e+00 
 8.89579451882362e-09   0.00e+00 
 8.89635034644436e-09   0.00e+00 
 8.89690617530128e-09   0.00e+00 
 8.89746200539428e-09   0.00e+00 
 8.89801783672326e-09   0.00e+00 
 8.89857366928809e-09   0.00e+00 
 8.89912950308869e-09   0.00e+00 
 8.89968533812494e-09   0.00e+00 
 8.90024117439673e-09   0.00e+00 
 8.90079701190397e-09   0.00e+00 
 8.90135285064653e-09   0.00e+00 
 8.90190869062433e-09   0.00e+00 
 8.90246453183725e-09   0.00e+00 
 8.90302037428518e-09   0.00e+00 
 8.90357621796802e-09   0.00e+00 
 8.90413206288566e-09   0.00e+00 
 8.90468790903800e-09   0.00e+00 
 8.90524375642492e-09   0.00e+00 
 8.90579960504633e-09   0.00e+00 
 8.90635545490212e-09   0.00e+00 
 8.90691130599218e-09   0.00e+00 
 8.90746715831640e-09   0.00e+00 
 8.90802301187468e-09   0.00e+00 
 8.90857886666692e-09   0.00e+00 
 8.90913472269299e-09   0.00e+00 
 8.90969057995282e-09   0.00e+00 
 8.91024643844627e-09   0.00e+00 
 8.91080229817326e-09   0.00e+00 
 8.91135815913367e-09   0.00e+00 
 8.91191402132739e-09   0.00e+00 
 8.91246988475432e-09   0.00e+00 
 8.91302574941436e-09   0.00e+00 
 8.91358161530740e-09   0.00e+00 
 8.91413748243333e-09   0.00e+00 
 8.91469335079205e-09   0.00e+00 
 8.91524922038344e-09   0.00e+00 
 8.91580509120742e-09   0.00e+00 
 8.91636096326386e-09   0.00e+00 
 8.91691683655266e-09   0.00e+00 
 8.91747271107373e-09   0.00e+00 
 8.91802858682694e-09   0.00e+00 
 8.91858446381220e-09   0.00e+00 
 8.91914034202939e-09   0.00e+00 
 8.91969622147842e-09   0.00e+00 
 8.92025210215918e-09   0.00e+00 
 8.92080798407155e-09   0.00e+00 
 8.92136386721544e-09   0.00e+00 
 8.92191975159074e-09   0.00e+00 
 8.92247563719736e-09   0.00e+00 
 8.92303152403517e-09   0.00e+00 
 8.92358741210407e-09   0.00e+00 
 8.92414330140396e-09   0.00e+00 
 8.92469919193472e-09   0.00e+00 
 8.92525508369627e-09   0.00e+00 
 8.92581097668849e-09   0.00e+00 
 8.92636687091127e-09   0.00e+00 
 8.92692276636451e-09   0.00e+00 
 8.92747866304811e-09   0.00e+00 
 8.92803456096195e-09   0.00e+00 
 8.92859046010593e-09   0.00e+00 
 8.92914636047995e-09   0.00e+00 
 8.92970226208391e-09   0.00e+00 
 8.93025816491769e-09   0.00e+00 
 8.93081406898118e-09   0.00e+00 
 8.93136997427430e-09   0.00e+00 
 8.93192588079692e-09   0.00e+00 
 8.93248178854895e-09   0.00e+00 
 8.93303769753027e-09   0.00e+00 
 8.93359360774079e-09   0.00e+00 
 8.93414951918039e-09   0.00e+00 
 8.93470543184898e-09   0.00e+00 
 8.93526134574644e-09   0.00e+00 
 8.93581726087267e-09   0.00e+00 
 8.93637317722757e-09   0.00e+00 
 8.93692909481102e-09   0.00e+00 
 8.93748501362293e-09   0.00e+00 
 8.93804093366320e-09   0.00e+00 
 8.93859685493169e-09   0.00e+00 
 8.93915277742834e-09   0.00e+00 
 8.93970870115301e-09   0.00e+00 
 8.94026462610562e-09   0.00e+00 
 8.94082055228604e-09   0.00e+00 
 8.94137647969418e-09   0.00e+00 
 8.94193240832993e-09   0.00e+00 
 8.94248833819319e-09   0.00e+00 
 8.94304426928386e-09   0.00e+00 
 8.94360020160182e-09   0.00e+00 
 8.94415613514697e-09   0.00e+00 
 8.94471206991921e-09   0.00e+00 
 8.94526800591842e-09   0.00e+00 
 8.94582394314452e-09   0.00e+00 
 8.94637988159738e-09   0.00e+00 
 8.94693582127691e-09   0.00e+00 
 8.94749176218300e-09   0.00e+00 
 8.94804770431554e-09   0.00e+00 
 8.94860364767444e-09   0.00e+00 
 8.94915959225958e-09   0.00e+00 
 8.94971553807086e-09   0.00e+00 
 8.95027148510818e-09   0.00e+00 
 8.95082743337142e-09   0.00e+00 
 8.95138338286049e-09   0.00e+00 
 8.95193933357528e-09   0.00e+00 
 8.95249528551569e-09   0.00e+00 
 8.95305123868160e-09   0.00e+00 
 8.95360719307292e-09   0.00e+00 
 8.95416314868954e-09   0.00e+00 
 8.95471910553136e-09   0.00e+00 
 8.95527506359826e-09   0.00e+00 
 8.95583102289015e-09   0.00e+00 
 8.95638698340691e-09   0.00e+00 
 8.95694294514846e-09   0.00e+00 
 8.95749890811468e-09   0.00e+00 
 8.95805487230546e-09   0.00e+00 
 8.95861083772070e-09   0.00e+00 
 8.95916680436030e-09   0.00e+00 
 8.95972277222414e-09   0.00e+00 
 8.96027874131214e-09   0.00e+00 
 8.96083471162418e-09   0.00e+00 
 8.96139068316015e-09   0.00e+00 
 8.96194665591996e-09   0.00e+00 
 8.96250262990350e-09   0.00e+00 
 8.96305860511066e-09   0.00e+00 
 8.96361458154134e-09   0.00e+00 
 8.96417055919542e-09   0.00e+00 
 8.96472653807283e-09   0.00e+00 
 8.96528251817343e-09   0.00e+00 
 8.96583849949713e-09   0.00e+00 
 8.96639448204383e-09   0.00e+00 
 8.96695046581341e-09   0.00e+00 
 8.96750645080579e-09   0.00e+00 
 8.96806243702084e-09   0.00e+00 
 8.96861842445848e-09   0.00e+00 
 8.96917441311858e-09   0.00e+00 
 8.96973040300105e-09   0.00e+00 
 8.97028639410578e-09   0.00e+00 
 8.97084238643267e-09   0.00e+00 
 8.97139837998161e-09   0.00e+00 
 8.97195437475251e-09   0.00e+00 
 8.97251037074525e-09   0.00e+00 
 8.97306636795974e-09   0.00e+00 
 8.97362236639585e-09   0.00e+00 
 8.97417836605350e-09   0.00e+00 
 8.97473436693257e-09   0.00e+00 
 8.97529036903297e-09   0.00e+00 
 8.97584637235459e-09   0.00e+00 
 8.97640237689732e-09   0.00e+00 
 8.97695838266107e-09   0.00e+00 
 8.97751438964572e-09   0.00e+00 
 8.97807039785117e-09   0.00e+00 
 8.97862640727731e-09   0.00e+00 
 8.97918241792405e-09   0.00e+00 
 8.97973842979128e-09   0.00e+00 
 8.98029444287889e-09   0.00e+00 
 8.98085045718677e-09   0.00e+00 
 8.98140647271484e-09   0.00e+00 
 8.98196248946297e-09   0.00e+00 
 8.98251850743108e-09   0.00e+00 
 8.98307452661905e-09   0.00e+00 
 8.98363054702677e-09   0.00e+00 
 8.98418656865416e-09   0.00e+00 
 8.98474259150108e-09   0.00e+00 
 8.98529861556746e-09   0.00e+00 
 8.98585464085318e-09   0.00e+00 
 8.98641066735814e-09   0.00e+00 
 8.98696669508223e-09   0.00e+00 
 8.98752272402535e-09   0.00e+00 
 8.98807875418740e-09   0.00e+00 
 8.98863478556827e-09   0.00e+00 
 8.98919081816786e-09   0.00e+00 
 8.98974685198606e-09   0.00e+00 
 8.99030288702277e-09   0.00e+00 
 8.99085892327789e-09   0.00e+00 
 8.99141496075131e-09   0.00e+00 
 8.99197099944293e-09   0.00e+00 
 8.99252703935264e-09   0.00e+00 
 8.99308308048034e-09   0.00e+00 
 8.99363912282592e-09   0.00e+00 
 8.99419516638929e-09   0.00e+00 
 8.99475121117034e-09   0.00e+00 
 8.99530725716896e-09   0.00e+00 
 8.99586330438506e-09   0.00e+00 
 8.99641935281852e-09   0.00e+00 
 8.99697540246924e-09   0.00e+00 
 8.99753145333713e-09   0.00e+00 
 8.99808750542206e-09   0.00e+00 
 8.99864355872395e-09   0.00e+00 
 8.99919961324269e-09   0.00e+00 
 8.99975566897817e-09   0.00e+00 
 9.00031172593029e-09   0.00e+00 
 9.00086778409895e-09   0.00e+00 
 9.00142384348404e-09   0.00e+00 
 9.00197990408546e-09   0.00e+00 
 9.00253596590310e-09   0.00e+00 
 9.00309202893687e-09   0.00e+00 
 9.00364809318666e-09   0.00e+00 
 9.00420415865237e-09   0.00e+00 
 9.00476022533388e-09   0.00e+00 
 9.00531629323110e-09   0.00e+00 
 9.00587236234393e-09   0.00e+00 
 9.00642843267226e-09   0.00e+00 
 9.00698450421598e-09   0.00e+00 
 9.00754057697500e-09   0.00e+00 
 9.00809665094920e-09   0.00e+00 
 9.00865272613849e-09   0.00e+00 
 9.00920880254276e-09   0.00e+00 
 9.00976488016191e-09   0.00e+00 
 9.01032095899584e-09   0.00e+00 
 9.01087703904444e-09   0.00e+00 
 9.01143312030761e-09   0.00e+00 
 9.01198920278525e-09   0.00e+00 
 9.01254528647725e-09   0.00e+00 
 9.01310137138351e-09   0.00e+00 
 9.01365745750392e-09   0.00e+00 
 9.01421354483838e-09   0.00e+00 
 9.01476963338680e-09   0.00e+00 
 9.01532572314905e-09   0.00e+00 
 9.01588181412506e-09   0.00e+00 
 9.01643790631469e-09   0.00e+00 
 9.01699399971787e-09   0.00e+00 
 9.01755009433447e-09   0.00e+00 
 9.01810619016441e-09   0.00e+00 
 9.01866228720757e-09   0.00e+00 
 9.01921838546385e-09   0.00e+00 
 9.01977448493314e-09   0.00e+00 
 9.02033058561535e-09   0.00e+00 
 9.02088668751038e-09   0.00e+00 
 9.02144279061812e-09   0.00e+00 
 9.02199889493847e-09   0.00e+00 
 9.02255500047132e-09   0.00e+00 
 9.02311110721657e-09   0.00e+00 
 9.02366721517411e-09   0.00e+00 
 9.02422332434385e-09   0.00e+00 
 9.02477943472567e-09   0.00e+00 
 9.02533554631949e-09   0.00e+00 
 9.02589165912519e-09   0.00e+00 
 9.02644777314267e-09   0.00e+00 
 9.02700388837183e-09   0.00e+00 
 9.02756000481257e-09   0.00e+00 
 9.02811612246478e-09   0.00e+00 
 9.02867224132836e-09   0.00e+00 
 9.02922836140320e-09   0.00e+00 
 9.02978448268921e-09   0.00e+00 
 9.03034060518628e-09   0.00e+00 
 9.03089672889430e-09   0.00e+00 
 9.03145285381318e-09   0.00e+00 
 9.03200897994281e-09   0.00e+00 
 9.03256510728309e-09   0.00e+00 
 9.03312123583392e-09   0.00e+00 
 9.03367736559519e-09   0.00e+00 
 9.03423349656680e-09   0.00e+00 
 9.03478962874864e-09   0.00e+00 
 9.03534576214063e-09   0.00e+00 
 9.03590189674264e-09   0.00e+00 
 9.03645803255458e-09   0.00e+00 
 9.03701416957635e-09   0.00e+00 
 9.03757030780784e-09   0.00e+00 
 9.03812644724895e-09   0.00e+00 
 9.03868258789958e-09   0.00e+00 
 9.03923872975963e-09   0.00e+00 
 9.03979487282899e-09   0.00e+00 
 9.04035101710756e-09   0.00e+00 
 9.04090716259524e-09   0.00e+00 
 9.04146330929192e-09   0.00e+00 
 9.04201945719751e-09   0.00e+00 
 9.04257560631189e-09   0.00e+00 
 9.04313175663497e-09   0.00e+00 
 9.04368790816664e-09   0.00e+00 
 9.04424406090680e-09   0.00e+00 
 9.04480021485535e-09   0.00e+00 
 9.04535637001219e-09   0.00e+00 
 9.04591252637721e-09   0.00e+00 
 9.04646868395031e-09   0.00e+00 
 9.04702484273140e-09   0.00e+00 
 9.04758100272036e-09   0.00e+00 
 9.04813716391709e-09   0.00e+00 
 9.04869332632150e-09   0.00e+00 
 9.04924948993347e-09   0.00e+00 
 9.04980565475291e-09   0.00e+00 
 9.05036182077971e-09   0.00e+00 
 9.05091798801377e-09   0.00e+00 
 9.05147415645499e-09   0.00e+00 
 9.05203032610326e-09   0.00e+00 
 9.05258649695849e-09   0.00e+00 
 9.05314266902058e-09   0.00e+00 
 9.05369884228941e-09   0.00e+00 
 9.05425501676489e-09   0.00e+00 
 9.05481119244692e-09   0.00e+00 
 9.05536736933538e-09   0.00e+00 
 9.05592354743019e-09   0.00e+00 
 9.05647972673123e-09   0.00e+00 
 9.05703590723841e-09   0.00e+00 
 9.05759208895163e-09   0.00e+00 
 9.05814827187077e-09   0.00e+00 
 9.05870445599575e-09   0.00e+00 
 9.05926064132645e-09   0.00e+00 
 9.05981682786277e-09   0.00e+00 
 9.06037301560462e-09   0.00e+00 
 9.06092920455189e-09   0.00e+00 
 9.06148539470447e-09   0.00e+00 
 9.06204158606227e-09   0.00e+00 
 9.06259777862518e-09   0.00e+00 
 9.06315397239311e-09   0.00e+00 
 9.06371016736594e-09   0.00e+00 
 9.06426636354358e-09   0.00e+00 
 9.06482256092593e-09   0.00e+00 
 9.06537875951288e-09   0.00e+00 
 9.06593495930433e-09   0.00e+00 
 9.06649116030019e-09   0.00e+00 
 9.06704736250034e-09   0.00e+00 
 9.06760356590468e-09   0.00e+00 
 9.06815977051311e-09   0.00e+00 
 9.06871597632554e-09   0.00e+00 
 9.06927218334186e-09   0.00e+00 
 9.06982839156196e-09   0.00e+00 
 9.07038460098575e-09   0.00e+00 
 9.07094081161312e-09   0.00e+00 
 9.07149702344397e-09   0.00e+00 
 9.07205323647820e-09   0.00e+00 
 9.07260945071571e-09   0.00e+00 
 9.07316566615639e-09   0.00e+00 
 9.07372188280015e-09   0.00e+00 
 9.07427810064688e-09   0.00e+00 
 9.07483431969648e-09   0.00e+00 
 9.07539053994885e-09   0.00e+00 
 9.07594676140388e-09   0.00e+00 
 9.07650298406148e-09   0.00e+00 
 9.07705920792153e-09   0.00e+00 
 9.07761543298395e-09   0.00e+00 
 9.07817165924863e-09   0.00e+00 
 9.07872788671547e-09   0.00e+00 
 9.07928411538437e-09   0.00e+00 
 9.07984034525522e-09   0.00e+00 
 9.08039657632792e-09   0.00e+00 
 9.08095280860236e-09   0.00e+00 
 9.08150904207846e-09   0.00e+00 
 9.08206527675611e-09   0.00e+00 
 9.08262151263520e-09   0.00e+00 
 9.08317774971564e-09   0.00e+00 
 9.08373398799732e-09   0.00e+00 
 9.08429022748013e-09   0.00e+00 
 9.08484646816399e-09   0.00e+00 
 9.08540271004878e-09   0.00e+00 
 9.08595895313442e-09   0.00e+00 
 9.08651519742078e-09   0.00e+00 
 9.08707144290778e-09   0.00e+00 
 9.08762768959532e-09   0.00e+00 
 9.08818393748328e-09   0.00e+00 
 9.08874018657157e-09   0.00e+00 
 9.08929643686009e-09   0.00e+00 
 9.08985268834873e-09   0.00e+00 
 9.09040894103740e-09   0.00e+00 
 9.09096519492599e-09   0.00e+00 
 9.09152145001439e-09   0.00e+00 
 9.09207770630252e-09   0.00e+00 
 9.09263396379027e-09   0.00e+00 
 9.09319022247754e-09   0.00e+00 
 9.09374648236422e-09   0.00e+00 
 9.09430274345021e-09   0.00e+00 
 9.09485900573542e-09   0.00e+00 
 9.09541526921974e-09   0.00e+00 
 9.09597153390307e-09   0.00e+00 
 9.09652779978531e-09   0.00e+00 
 9.09708406686635e-09   0.00e+00 
 9.09764033514610e-09   0.00e+00 
 9.09819660462446e-09   0.00e+00 
 9.09875287530132e-09   0.00e+00 
 9.09930914717658e-09   0.00e+00 
 9.09986542025014e-09   0.00e+00 
 9.10042169452191e-09   0.00e+00 
 9.10097796999177e-09   0.00e+00 
 9.10153424665963e-09   0.00e+00 
 9.10209052452538e-09   0.00e+00 
 9.10264680358894e-09   0.00e+00 
 9.10320308385018e-09   0.00e+00 
 9.10375936530902e-09   0.00e+00 
 9.10431564796535e-09   0.00e+00 
 9.10487193181907e-09   0.00e+00 
 9.10542821687008e-09   0.00e+00 
 9.10598450311828e-09   0.00e+00 
 9.10654079056356e-09   0.00e+00 
 9.10709707920583e-09   0.00e+00 
 9.10765336904499e-09   0.00e+00 
 9.10820966008094e-09   0.00e+00 
 9.10876595231356e-09   0.00e+00 
 9.10932224574277e-09   0.00e+00 
 9.10987854036846e-09   0.00e+00 
 9.11043483619053e-09   0.00e+00 
 9.11099113320888e-09   0.00e+00 
 9.11154743142341e-09   0.00e+00 
 9.11210373083402e-09   0.00e+00 
 9.11266003144060e-09   0.00e+00 
 9.11321633324306e-09   0.00e+00 
 9.11377263624129e-09   0.00e+00 
 9.11432894043519e-09   0.00e+00 
 9.11488524582467e-09   0.00e+00 
 9.11544155240962e-09   0.00e+00 
 9.11599786018995e-09   0.00e+00 
 9.11655416916554e-09   0.00e+00 
 9.11711047933631e-09   0.00e+00 
 9.11766679070214e-09   0.00e+00 
 9.11822310326294e-09   0.00e+00 
 9.11877941701860e-09   0.00e+00 
 9.11933573196904e-09   0.00e+00 
 9.11989204811414e-09   0.00e+00 
 9.12044836545380e-09   0.00e+00 
 9.12100468398793e-09   0.00e+00 
 9.12156100371642e-09   0.00e+00 
 9.12211732463918e-09   0.00e+00 
 9.12267364675609e-09   0.00e+00 
 9.12322997006707e-09   0.00e+00 
 9.12378629457201e-09   0.00e+00 
 9.12434262027081e-09   0.00e+00 
 9.12489894716337e-09   0.00e+00 
 9.12545527524959e-09   0.00e+00 
 9.12601160452937e-09   0.00e+00 
 9.12656793500260e-09   0.00e+00 
 9.12712426666919e-09   0.00e+00 
 9.12768059952904e-09   0.00e+00 
 9.12823693358205e-09   0.00e+00 
 9.12879326882811e-09   0.00e+00 
 9.12934960526712e-09   0.00e+00 
 9.12990594289899e-09   0.00e+00 
 9.13046228172362e-09   0.00e+00 
 9.13101862174090e-09   0.00e+00 
 9.13157496295072e-09   0.00e+00 
 9.13213130535300e-09   0.00e+00 
 9.13268764894764e-09   0.00e+00 
 9.13324399373453e-09   0.00e+00 
 9.13380033971356e-09   0.00e+00 
 9.13435668688465e-09   0.00e+00 
 9.13491303524769e-09   0.00e+00 
 9.13546938480257e-09   0.00e+00 
 9.13602573554921e-09   0.00e+00 
 9.13658208748750e-09   0.00e+00 
 9.13713844061734e-09   0.00e+00 
 9.13769479493863e-09   0.00e+00 
 9.13825115045127e-09   0.00e+00 
 9.13880750715515e-09   0.00e+00 
 9.13936386505019e-09   0.00e+00 
 9.13992022413627e-09   0.00e+00 
 9.14047658441329e-09   0.00e+00 
 9.14103294588117e-09   0.00e+00 
 9.14158930853979e-09   0.00e+00 
 9.14214567238906e-09   0.00e+00 
 9.14270203742888e-09   0.00e+00 
 9.14325840365914e-09   0.00e+00 
 9.14381477107975e-09   0.00e+00 
 9.14437113969060e-09   0.00e+00 
 9.14492750949160e-09   0.00e+00 
 9.14548388048264e-09   0.00e+00 
 9.14604025266364e-09   0.00e+00 
 9.14659662603448e-09   0.00e+00 
 9.14715300059506e-09   0.00e+00 
 9.14770937634528e-09   0.00e+00 
 9.14826575328506e-09   0.00e+00 
 9.14882213141428e-09   0.00e+00 
 9.14937851073284e-09   0.00e+00 
 9.14993489124065e-09   0.00e+00 
 9.15049127293760e-09   0.00e+00 
 9.15104765582360e-09   0.00e+00 
 9.15160403989854e-09   0.00e+00 
 9.15216042516233e-09   0.00e+00 
 9.15271681161487e-09   0.00e+00 
 9.15327319925605e-09   0.00e+00 
 9.15382958808578e-09   0.00e+00 
 9.15438597810395e-09   0.00e+00 
 9.15494236931047e-09   0.00e+00 
 9.15549876170523e-09   0.00e+00 
 9.15605515528814e-09   0.00e+00 
 9.15661155005910e-09   0.00e+00 
 9.15716794601800e-09   0.00e+00 
 9.15772434316474e-09   0.00e+00 
 9.15828074149924e-09   0.00e+00 
 9.15883714102138e-09   0.00e+00 
 9.15939354173107e-09   0.00e+00 
 9.15994994362821e-09   0.00e+00 
 9.16050634671270e-09   0.00e+00 
 9.16106275098443e-09   0.00e+00 
 9.16161915644330e-09   0.00e+00 
 9.16217556308923e-09   0.00e+00 
 9.16273197092211e-09   0.00e+00 
 9.16328837994183e-09   0.00e+00 
 9.16384479014831e-09   0.00e+00 
 9.16440120154143e-09   0.00e+00 
 9.16495761412112e-09   0.00e+00 
 9.16551402788724e-09   0.00e+00 
 9.16607044283971e-09   0.00e+00 
 9.16662685897844e-09   0.00e+00 
 9.16718327630332e-09   0.00e+00 
 9.16773969481425e-09   0.00e+00 
 9.16829611451113e-09   0.00e+00 
 9.16885253539387e-09   0.00e+00 
 9.16940895746236e-09   0.00e+00 
 9.16996538071650e-09   0.00e+00 
 9.17052180515620e-09   0.00e+00 
 9.17107823078135e-09   0.00e+00 
 9.17163465759186e-09   0.00e+00 
 9.17219108558763e-09   0.00e+00 
 9.17274751476854e-09   0.00e+00 
 9.17330394513452e-09   0.00e+00 
 9.17386037668546e-09   0.00e+00 
 9.17441680942125e-09   0.00e+00 
 9.17497324334180e-09   0.00e+00 
 9.17552967844701e-09   0.00e+00 
 9.17608611473678e-09   0.00e+00 
 9.17664255221102e-09   0.00e+00 
 9.17719899086961e-09   0.00e+00 
 9.17775543071246e-09   0.00e+00 
 9.17831187173948e-09   0.00e+00 
 9.17886831395056e-09   0.00e+00 
 9.17942475734560e-09   0.00e+00 
 9.17998120192452e-09   0.00e+00 
 9.18053764768719e-09   0.00e+00 
 9.18109409463353e-09   0.00e+00 
 9.18165054276344e-09   0.00e+00 
 9.18220699207681e-09   0.00e+00 
 9.18276344257356e-09   0.00e+00 
 9.18331989425357e-09   0.00e+00 
 9.18387634711675e-09   0.00e+00 
 9.18443280116301e-09   0.00e+00 
 9.18498925639224e-09   0.00e+00 
 9.18554571280434e-09   0.00e+00 
 9.18610217039921e-09   0.00e+00 
 9.18665862917676e-09   0.00e+00 
 9.18721508913689e-09   0.00e+00 
 9.18777155027948e-09   0.00e+00 
 9.18832801260446e-09   0.00e+00 
 9.18888447611171e-09   0.00e+00 
 9.18944094080115e-09   0.00e+00 
 9.18999740667266e-09   0.00e+00 
 9.19055387372616e-09   0.00e+00 
 9.19111034196154e-09   0.00e+00 
 9.19166681137870e-09   0.00e+00 
 9.19222328197754e-09   0.00e+00 
 9.19277975375797e-09   0.00e+00 
 9.19333622671989e-09   0.00e+00 
 9.19389270086320e-09   0.00e+00 
 9.19444917618779e-09   0.00e+00 
 9.19500565269357e-09   0.00e+00 
 9.19556213038045e-09   0.00e+00 
 9.19611860924831e-09   0.00e+00 
 9.19667508929707e-09   0.00e+00 
 9.19723157052662e-09   0.00e+00 
 9.19778805293687e-09   0.00e+00 
 9.19834453652771e-09   0.00e+00 
 9.19890102129905e-09   0.00e+00 
 9.19945750725078e-09   0.00e+00 
 9.20001399438282e-09   0.00e+00 
 9.20057048269507e-09   0.00e+00 
 9.20112697218741e-09   0.00e+00 
 9.20168346285975e-09   0.00e+00 
 9.20223995471201e-09   0.00e+00 
 9.20279644774407e-09   0.00e+00 
 9.20335294195583e-09   0.00e+00 
 9.20390943734721e-09   0.00e+00 
 9.20446593391809e-09   0.00e+00 
 9.20502243166839e-09   0.00e+00 
 9.20557893059800e-09   0.00e+00 
 9.20613543070682e-09   0.00e+00 
 9.20669193199476e-09   0.00e+00 
 9.20724843446172e-09   0.00e+00 
 9.20780493810759e-09   0.00e+00 
 9.20836144293229e-09   0.00e+00 
 9.20891794893570e-09   0.00e+00 
 9.20947445611775e-09   0.00e+00 
 9.21003096447831e-09   0.00e+00 
 9.21058747401730e-09   0.00e+00 
 9.21114398473462e-09   0.00e+00 
 9.21170049663016e-09   0.00e+00 
 9.21225700970384e-09   0.00e+00 
 9.21281352395555e-09   0.00e+00 
 9.21337003938519e-09   0.00e+00 
 9.21392655599267e-09   0.00e+00 
 9.21448307377788e-09   0.00e+00 
 9.21503959274073e-09   0.00e+00 
 9.21559611288112e-09   0.00e+00 
 9.21615263419895e-09   0.00e+00 
 9.21670915669412e-09   0.00e+00 
 9.21726568036654e-09   0.00e+00 
 9.21782220521610e-09   0.00e+00 
 9.21837873124271e-09   0.00e+00 
 9.21893525844627e-09   0.00e+00 
 9.21949178682668e-09   0.00e+00 
 9.22004831638385e-09   0.00e+00 
 9.22060484711767e-09   0.00e+00 
 9.22116137902804e-09   0.00e+00 
 9.22171791211488e-09   0.00e+00 
 9.22227444637807e-09   0.00e+00 
 9.22283098181753e-09   0.00e+00 
 9.22338751843315e-09   0.00e+00 
 9.22394405622483e-09   0.00e+00 
 9.22450059519249e-09   0.00e+00 
 9.22505713533601e-09   0.00e+00 
 9.22561367665530e-09   0.00e+00 
 9.22617021915026e-09   0.00e+00 
 9.22672676282080e-09   0.00e+00 
 9.22728330766681e-09   0.00e+00 
 9.22783985368820e-09   0.00e+00 
 9.22839640088488e-09   0.00e+00 
 9.22895294925673e-09   0.00e+00 
 9.22950949880367e-09   0.00e+00 
 9.23006604952559e-09   0.00e+00 
 9.23062260142240e-09   0.00e+00 
 9.23117915449400e-09   0.00e+00 
 9.23173570874030e-09   0.00e+00 
 9.23229226416119e-09   0.00e+00 
 9.23284882075657e-09   0.00e+00 
 9.23340537852635e-09   0.00e+00 
 9.23396193747043e-09   0.00e+00 
 9.23451849758871e-09   0.00e+00 
 9.23507505888110e-09   0.00e+00 
 9.23563162134748e-09   0.00e+00 
 9.23618818498778e-09   0.00e+00 
 9.23674474980189e-09   0.00e+00 
 9.23730131578972e-09   0.00e+00 
 9.23785788295115e-09   0.00e+00 
 9.23841445128611e-09   0.00e+00 
 9.23897102079448e-09   0.00e+00 
 9.23952759147618e-09   0.00e+00 
 9.24008416333109e-09   0.00e+00 
 9.24064073635914e-09   0.00e+00 
 9.24119731056021e-09   0.00e+00 
 9.24175388593420e-09   0.00e+00 
 9.24231046248104e-09   0.00e+00 
 9.24286704020060e-09   0.00e+00 
 9.24342361909280e-09   0.00e+00 
 9.24398019915754e-09   0.00e+00 
 9.24453678039472e-09   0.00e+00 
 9.24509336280425e-09   0.00e+00 
 9.24564994638602e-09   0.00e+00 
 9.24620653113994e-09   0.00e+00 
 9.24676311706590e-09   0.00e+00 
 9.24731970416381e-09   0.00e+00 
 9.24787629243359e-09   0.00e+00 
 9.24843288187512e-09   0.00e+00 
 9.24898947248831e-09   0.00e+00 
 9.24954606427307e-09   0.00e+00 
 9.25010265722929e-09   0.00e+00 
 9.25065925135687e-09   0.00e+00 
 9.25121584665572e-09   0.00e+00 
 9.25177244312575e-09   0.00e+00 
 9.25232904076685e-09   0.00e+00 
 9.25288563957893e-09   0.00e+00 
 9.25344223956189e-09   0.00e+00 
 9.25399884071563e-09   0.00e+00 
 9.25455544304005e-09   0.00e+00 
 9.25511204653506e-09   0.00e+00 
 9.25566865120056e-09   0.00e+00 
 9.25622525703646e-09   0.00e+00 
 9.25678186404264e-09   0.00e+00 
 9.25733847221902e-09   0.00e+00 
 9.25789508156550e-09   0.00e+00 
 9.25845169208198e-09   0.00e+00 
 9.25900830376837e-09   0.00e+00 
 9.25956491662457e-09   0.00e+00 
 9.26012153065047e-09   0.00e+00 
 9.26067814584599e-09   0.00e+00 
 9.26123476221102e-09   0.00e+00 
 9.26179137974547e-09   0.00e+00 
 9.26234799844924e-09   0.00e+00 
 9.26290461832223e-09   0.00e+00 
 9.26346123936435e-09   0.00e+00 
 9.26401786157551e-09   0.00e+00 
 9.26457448495559e-09   0.00e+00 
 9.26513110950450e-09   0.00e+00 
 9.26568773522216e-09   0.00e+00 
 9.26624436210846e-09   0.00e+00 
 9.26680099016329e-09   0.00e+00 
 9.26735761938658e-09   0.00e+00 
 9.26791424977820e-09   0.00e+00 
 9.26847088133808e-09   0.00e+00 
 9.26902751406612e-09   0.00e+00 
 9.26958414796221e-09   0.00e+00 
 9.27014078302626e-09   0.00e+00 
 9.27069741925817e-09   0.00e+00 
 9.27125405665785e-09   0.00e+00 
 9.27181069522520e-09   0.00e+00 
 9.27236733496012e-09   0.00e+00 
 9.27292397586251e-09   0.00e+00 
 9.27348061793229e-09   0.00e+00 
 9.27403726116934e-09   0.00e+00 
 9.27459390557358e-09   0.00e+00 
 9.27515055114490e-09   0.00e+00 
 9.27570719788320e-09   0.00e+00 
 9.27626384578841e-09   0.00e+00 
 9.27682049486040e-09   0.00e+00 
 9.27737714509910e-09   0.00e+00 
 9.27793379650440e-09   0.00e+00 
 9.27849044907620e-09   0.00e+00 
 9.27904710281441e-09   0.00e+00 
 9.27960375771892e-09   0.00e+00 
 9.28016041378965e-09   0.00e+00 
 9.28071707102650e-09   0.00e+00 
 9.28127372942936e-09   0.00e+00 
 9.28183038899815e-09   0.00e+00 
 9.28238704973276e-09   0.00e+00 
 9.28294371163311e-09   0.00e+00 
 9.28350037469908e-09   0.00e+00 
 9.28405703893060e-09   0.00e+00 
 9.28461370432755e-09   0.00e+00 
 9.28517037088985e-09   0.00e+00 
 9.28572703861739e-09   0.00e+00 
 9.28628370751007e-09   0.00e+00 
 9.28684037756781e-09   0.00e+00 
 9.28739704879050e-09   0.00e+00 
 9.28795372117806e-09   0.00e+00 
 9.28851039473037e-09   0.00e+00 
 9.28906706944735e-09   0.00e+00 
 9.28962374532890e-09   0.00e+00 
 9.29018042237491e-09   0.00e+00 
 9.29073710058530e-09   0.00e+00 
 9.29129377995997e-09   0.00e+00 
 9.29185046049882e-09   0.00e+00 
 9.29240714220175e-09   0.00e+00 
 9.29296382506868e-09   0.00e+00 
 9.29352050909949e-09   0.00e+00 
 9.29407719429410e-09   0.00e+00 
 9.29463388065241e-09   0.00e+00 
 9.29519056817432e-09   0.00e+00 
 9.29574725685974e-09   0.00e+00 
 9.29630394670856e-09   0.00e+00 
 9.29686063772070e-09   0.00e+00 
 9.29741732989605e-09   0.00e+00 
 9.29797402323452e-09   0.00e+00 
 9.29853071773601e-09   0.00e+00 
 9.29908741340043e-09   0.00e+00 
 9.29964411022769e-09   0.00e+00 
 9.30020080821767e-09   0.00e+00 
 9.30075750737029e-09   0.00e+00 
 9.30131420768545e-09   0.00e+00 
 9.30187090916305e-09   0.00e+00 
 9.30242761180301e-09   0.00e+00 
 9.30298431560521e-09   0.00e+00 
 9.30354102056957e-09   0.00e+00 
 9.30409772669598e-09   0.00e+00 
 9.30465443398436e-09   0.00e+00 
 9.30521114243460e-09   0.00e+00 
 9.30576785204662e-09   0.00e+00 
 9.30632456282031e-09   0.00e+00 
 9.30688127475557e-09   0.00e+00 
 9.30743798785232e-09   0.00e+00 
 9.30799470211045e-09   0.00e+00 
 9.30855141752987e-09   0.00e+00 
 9.30910813411048e-09   0.00e+00 
 9.30966485185218e-09   0.00e+00 
 9.31022157075488e-09   0.00e+00 
 9.31077829081849e-09   0.00e+00 
 9.31133501204291e-09   0.00e+00 
 9.31189173442803e-09   0.00e+00 
 9.31244845797377e-09   0.00e+00 
 9.31300518268003e-09   0.00e+00 
 9.31356190854671e-09   0.00e+00 
 9.31411863557372e-09   0.00e+00 
 9.31467536376095e-09   0.00e+00 
 9.31523209310832e-09   0.00e+00 
 9.31578882361572e-09   0.00e+00 
 9.31634555528307e-09   0.00e+00 
 9.31690228811027e-09   0.00e+00 
 9.31745902209721e-09   0.00e+00 
 9.31801575724381e-09   0.00e+00 
 9.31857249354997e-09   0.00e+00 
 9.31912923101559e-09   0.00e+00 
 9.31968596964057e-09   0.00e+00 
 9.32024270942482e-09   0.00e+00 
 9.32079945036825e-09   0.00e+00 
 9.32135619247075e-09   0.00e+00 
 9.32191293573223e-09   0.00e+00 
 9.32246968015260e-09   0.00e+00 
 9.32302642573176e-09   0.00e+00 
 9.32358317246962e-09   0.00e+00 
 9.32413992036607e-09   0.00e+00 
 9.32469666942102e-09   0.00e+00 
 9.32525341963438e-09   0.00e+00 
 9.32581017100605e-09   0.00e+00 
 9.32636692353593e-09   0.00e+00 
 9.32692367722394e-09   0.00e+00 
 9.32748043206997e-09   0.00e+00 
 9.32803718807392e-09   0.00e+00 
 9.32859394523570e-09   0.00e+00 
 9.32915070355522e-09   0.00e+00 
 9.32970746303237e-09   0.00e+00 
 9.33026422366708e-09   0.00e+00 
 9.33082098545922e-09   0.00e+00 
 9.33137774840872e-09   0.00e+00 
 9.33193451251548e-09   0.00e+00 
 9.33249127777940e-09   0.00e+00 
 9.33304804420039e-09   0.00e+00 
 9.33360481177834e-09   0.00e+00 
 9.33416158051317e-09   0.00e+00 
 9.33471835040478e-09   0.00e+00 
 9.33527512145307e-09   0.00e+00 
 9.33583189365794e-09   0.00e+00 
 9.33638866701931e-09   0.00e+00 
 9.33694544153707e-09   0.00e+00 
 9.33750221721113e-09   0.00e+00 
 9.33805899404139e-09   0.00e+00 
 9.33861577202777e-09   0.00e+00 
 9.33917255117016e-09   0.00e+00 
 9.33972933146847e-09   0.00e+00 
 9.34028611292260e-09   0.00e+00 
 9.34084289553245e-09   0.00e+00 
 9.34139967929794e-09   0.00e+00 
 9.34195646421897e-09   0.00e+00 
 9.34251325029543e-09   0.00e+00 
 9.34307003752724e-09   0.00e+00 
 9.34362682591429e-09   0.00e+00 
 9.34418361545650e-09   0.00e+00 
 9.34474040615377e-09   0.00e+00 
 9.34529719800601e-09   0.00e+00 
 9.34585399101311e-09   0.00e+00 
 9.34641078517498e-09   0.00e+00 
 9.34696758049153e-09   0.00e+00 
 9.34752437696266e-09   0.00e+00 
 9.34808117458828e-09   0.00e+00 
 9.34863797336829e-09   0.00e+00 
 9.34919477330259e-09   0.00e+00 
 9.34975157439109e-09   0.00e+00 
 9.35030837663370e-09   0.00e+00 
 9.35086518003032e-09   0.00e+00 
 9.35142198458085e-09   0.00e+00 
 9.35197879028520e-09   0.00e+00 
 9.35253559714328e-09   0.00e+00 
 9.35309240515498e-09   0.00e+00 
 9.35364921432022e-09   0.00e+00 
 9.35420602463890e-09   0.00e+00 
 9.35476283611091e-09   0.00e+00 
 9.35531964873618e-09   0.00e+00 
 9.35587646251460e-09   0.00e+00 
 9.35643327744608e-09   0.00e+00 
 9.35699009353051e-09   0.00e+00 
 9.35754691076782e-09   0.00e+00 
 9.35810372915789e-09   0.00e+00 
 9.35866054870064e-09   0.00e+00 
 9.35921736939598e-09   0.00e+00 
 9.35977419124380e-09   0.00e+00 
 9.36033101424402e-09   0.00e+00 
 9.36088783839653e-09   0.00e+00 
 9.36144466370124e-09   0.00e+00 
 9.36200149015806e-09   0.00e+00 
 9.36255831776689e-09   0.00e+00 
 9.36311514652764e-09   0.00e+00 
 9.36367197644021e-09   0.00e+00 
 9.36422880750450e-09   0.00e+00 
 9.36478563972043e-09   0.00e+00 
 9.36534247308789e-09   0.00e+00 
 9.36589930760679e-09   0.00e+00 
 9.36645614327704e-09   0.00e+00 
 9.36701298009855e-09   0.00e+00 
 9.36756981807121e-09   0.00e+00 
 9.36812665719494e-09   0.00e+00 
 9.36868349746963e-09   0.00e+00 
 9.36924033889520e-09   0.00e+00 
 9.36979718147154e-09   0.00e+00 
 9.37035402519857e-09   0.00e+00 
 9.37091087007618e-09   0.00e+00 
 9.37146771610429e-09   0.00e+00 
 9.37202456328279e-09   0.00e+00 
 9.37258141161160e-09   0.00e+00 
 9.37313826109062e-09   0.00e+00 
 9.37369511171975e-09   0.00e+00 
 9.37425196349890e-09   0.00e+00 
 9.37480881642798e-09   0.00e+00 
 9.37536567050688e-09   0.00e+00 
 9.37592252573552e-09   0.00e+00 
 9.37647938211380e-09   0.00e+00 
 9.37703623964163e-09   0.00e+00 
 9.37759309831891e-09   0.00e+00 
 9.37814995814555e-09   0.00e+00 
 9.37870681912145e-09   0.00e+00 
 9.37926368124651e-09   0.00e+00 
 9.37982054452065e-09   0.00e+00 
 9.38037740894376e-09   0.00e+00 
 9.38093427451576e-09   0.00e+00 
 9.38149114123655e-09   0.00e+00 
 9.38204800910603e-09   0.00e+00 
 9.38260487812411e-09   0.00e+00 
 9.38316174829070e-09   0.00e+00 
 9.38371861960569e-09   0.00e+00 
 9.38427549206901e-09   0.00e+00 
 9.38483236568054e-09   0.00e+00 
 9.38538924044020e-09   0.00e+00 
 9.38594611634790e-09   0.00e+00 
 9.38650299340353e-09   0.00e+00 
 9.38705987160700e-09   0.00e+00 
 9.38761675095823e-09   0.00e+00 
 9.38817363145711e-09   0.00e+00 
 9.38873051310356e-09   0.00e+00 
 9.38928739589747e-09   0.00e+00 
 9.38984427983875e-09   0.00e+00 
 9.39040116492731e-09   0.00e+00 
 9.39095805116305e-09   0.00e+00 
 9.39151493854588e-09   0.00e+00 
 9.39207182707571e-09   0.00e+00 
 9.39262871675243e-09   0.00e+00 
 9.39318560757597e-09   0.00e+00 
 9.39374249954621e-09   0.00e+00 
 9.39429939266307e-09   0.00e+00 
 9.39485628692645e-09   0.00e+00 
 9.39541318233627e-09   0.00e+00 
 9.39597007889241e-09   0.00e+00 
 9.39652697659480e-09   0.00e+00 
 9.39708387544333e-09   0.00e+00 
 9.39764077543792e-09   0.00e+00 
 9.39819767657846e-09   0.00e+00 
 9.39875457886487e-09   0.00e+00 
 9.39931148229704e-09   0.00e+00 
 9.39986838687489e-09   0.00e+00 
 9.40042529259832e-09   0.00e+00 
 9.40098219946725e-09   0.00e+00 
 9.40153910748156e-09   0.00e+00 
 9.40209601664117e-09   0.00e+00 
 9.40265292694598e-09   0.00e+00 
 9.40320983839590e-09   0.00e+00 
 9.40376675099085e-09   0.00e+00 
 9.40432366473071e-09   0.00e+00 
 9.40488057961540e-09   0.00e+00 
 9.40543749564483e-09   0.00e+00 
 9.40599441281889e-09   0.00e+00 
 9.40655133113751e-09   0.00e+00 
 9.40710825060057e-09   0.00e+00 
 9.40766517120799e-09   0.00e+00 
 9.40822209295968e-09   0.00e+00 
 9.40877901585553e-09   0.00e+00 
 9.40933593989547e-09   0.00e+00 
 9.40989286507939e-09   0.00e+00 
 9.41044979140719e-09   0.00e+00 
 9.41100671887879e-09   0.00e+00 
 9.41156364749410e-09   0.00e+00 
 9.41212057725300e-09   0.00e+00 
 9.41267750815542e-09   0.00e+00 
 9.41323444020126e-09   0.00e+00 
 9.41379137339043e-09   0.00e+00 
 9.41434830772283e-09   0.00e+00 
 9.41490524319836e-09   0.00e+00 
 9.41546217981694e-09   0.00e+00 
 9.41601911757847e-09   0.00e+00 
 9.41657605648286e-09   0.00e+00 
 9.41713299653000e-09   0.00e+00 
 9.41768993771982e-09   0.00e+00 
 9.41824688005222e-09   0.00e+00 
 9.41880382352709e-09   0.00e+00 
 9.41936076814436e-09   0.00e+00 
 9.41991771390391e-09   0.00e+00 
 9.42047466080566e-09   0.00e+00 
 9.42103160884952e-09   0.00e+00 
 9.42158855803540e-09   0.00e+00 
 9.42214550836319e-09   0.00e+00 
 9.42270245983281e-09   0.00e+00 
 9.42325941244417e-09   0.00e+00 
 9.42381636619716e-09   0.00e+00 
 9.42437332109170e-09   0.00e+00 
 9.42493027712768e-09   0.00e+00 
 9.42548723430503e-09   0.00e+00 
 9.42604419262363e-09   0.00e+00 
 9.42660115208341e-09   0.00e+00 
 9.42715811268427e-09   0.00e+00 
 9.42771507442611e-09   0.00e+00 
 9.42827203730884e-09   0.00e+00 
 9.42882900133236e-09   0.00e+00 
 9.42938596649659e-09   0.00e+00 
 9.42994293280143e-09   0.00e+00 
 9.43049990024679e-09   0.00e+00 
 9.43105686883256e-09   0.00e+00 
 9.43161383855867e-09   0.00e+00 
 9.43217080942501e-09   0.00e+00 
 9.43272778143150e-09   0.00e+00 
 9.43328475457803e-09   0.00e+00 
 9.43384172886452e-09   0.00e+00 
 9.43439870429087e-09   0.00e+00 
 9.43495568085698e-09   0.00e+00 
 9.43551265856278e-09   0.00e+00 
 9.43606963740816e-09   0.00e+00 
 9.43662661739302e-09   0.00e+00 
 9.43718359851728e-09   0.00e+00 
 9.43774058078084e-09   0.00e+00 
 9.43829756418361e-09   0.00e+00 
 9.43885454872549e-09   0.00e+00 
 9.43941153440640e-09   0.00e+00 
 9.43996852122624e-09   0.00e+00 
 9.44052550918491e-09   0.00e+00 
 9.44108249828232e-09   0.00e+00 
 9.44163948851839e-09   0.00e+00 
 9.44219647989300e-09   0.00e+00 
 9.44275347240608e-09   0.00e+00 
 9.44331046605753e-09   0.00e+00 
 9.44386746084725e-09   0.00e+00 
 9.44442445677515e-09   0.00e+00 
 9.44498145384115e-09   0.00e+00 
 9.44553845204515e-09   0.00e+00 
 9.44609545138705e-09   0.00e+00 
 9.44665245186676e-09   0.00e+00 
 9.44720945348418e-09   0.00e+00 
 9.44776645623923e-09   0.00e+00 
 9.44832346013181e-09   0.00e+00 
 9.44888046516183e-09   0.00e+00 
 9.44943747132919e-09   0.00e+00 
 9.44999447863381e-09   0.00e+00 
 9.45055148707558e-09   0.00e+00 
 9.45110849665442e-09   0.00e+00 
 9.45166550737024e-09   0.00e+00 
 9.45222251922293e-09   0.00e+00 
 9.45277953221241e-09   0.00e+00 
 9.45333654633858e-09   0.00e+00 
 9.45389356160136e-09   0.00e+00 
 9.45445057800064e-09   0.00e+00 
 9.45500759553634e-09   0.00e+00 
 9.45556461420836e-09   0.00e+00 
 9.45612163401661e-09   0.00e+00 
 9.45667865496099e-09   0.00e+00 
 9.45723567704142e-09   0.00e+00 
 9.45779270025780e-09   0.00e+00 
 9.45834972461004e-09   0.00e+00 
 9.45890675009804e-09   0.00e+00 
 9.45946377672172e-09   0.00e+00 
 9.46002080448097e-09   0.00e+00 
 9.46057783337570e-09   0.00e+00 
 9.46113486340584e-09   0.00e+00 
 9.46169189457127e-09   0.00e+00 
 9.46224892687191e-09   0.00e+00 
 9.46280596030767e-09   0.00e+00 
 9.46336299487844e-09   0.00e+00 
 9.46392003058415e-09   0.00e+00 
 9.46447706742470e-09   0.00e+00 
 9.46503410539998e-09   0.00e+00 
 9.46559114450992e-09   0.00e+00 
 9.46614818475442e-09   0.00e+00 
 9.46670522613339e-09   0.00e+00 
 9.46726226864673e-09   0.00e+00 
 9.46781931229434e-09   0.00e+00 
 9.46837635707615e-09   0.00e+00 
 9.46893340299205e-09   0.00e+00 
 9.46949045004195e-09   0.00e+00 
 9.47004749822577e-09   0.00e+00 
 9.47060454754340e-09   0.00e+00 
 9.47116159799476e-09   0.00e+00 
 9.47171864957974e-09   0.00e+00 
 9.47227570229826e-09   0.00e+00 
 9.47283275615024e-09   0.00e+00 
 9.47338981113557e-09   0.00e+00 
 9.47394686725416e-09   0.00e+00 
 9.47450392450592e-09   0.00e+00 
 9.47506098289076e-09   0.00e+00 
 9.47561804240857e-09   0.00e+00 
 9.47617510305929e-09   0.00e+00 
 9.47673216484280e-09   0.00e+00 
 9.47728922775902e-09   0.00e+00 
 9.47784629180786e-09   0.00e+00 
 9.47840335698921e-09   0.00e+00 
 9.47896042330300e-09   0.00e+00 
 9.47951749074912e-09   0.00e+00 
 9.48007455932749e-09   0.00e+00 
 9.48063162903801e-09   0.00e+00 
 9.48118869988059e-09   0.00e+00 
 9.48174577185514e-09   0.00e+00 
 9.48230284496156e-09   0.00e+00 
 9.48285991919976e-09   0.00e+00 
 9.48341699456966e-09   0.00e+00 
 9.48397407107115e-09   0.00e+00 
 9.48453114870415e-09   0.00e+00 
 9.48508822746857e-09   0.00e+00 
 9.48564530736430e-09   0.00e+00 
 9.48620238839126e-09   0.00e+00 
 9.48675947054936e-09   0.00e+00 
 9.48731655383850e-09   0.00e+00 
 9.48787363825861e-09   0.00e+00 
 9.48843072380956e-09   0.00e+00 
 9.48898781049129e-09   0.00e+00 
 9.48954489830369e-09   0.00e+00 
 9.49010198724667e-09   0.00e+00 
 9.49065907732015e-09   0.00e+00 
 9.49121616852402e-09   0.00e+00 
 9.49177326085820e-09   0.00e+00 
 9.49233035432260e-09   0.00e+00 
 9.49288744891712e-09   0.00e+00 
 9.49344454464166e-09   0.00e+00 
 9.49400164149615e-09   0.00e+00 
 9.49455873948048e-09   0.00e+00 
 9.49511583859457e-09   0.00e+00 
 9.49567293883831e-09   0.00e+00 
 9.49623004021163e-09   0.00e+00 
 9.49678714271443e-09   0.00e+00 
 9.49734424634661e-09   0.00e+00 
 9.49790135110809e-09   0.00e+00 
 9.49845845699876e-09   0.00e+00 
 9.49901556401855e-09   0.00e+00 
 9.49957267216735e-09   0.00e+00 
 9.50012978144508e-09   0.00e+00 
 9.50068689185165e-09   0.00e+00 
 9.50124400338696e-09   0.00e+00 
 9.50180111605091e-09   0.00e+00 
 9.50235822984343e-09   0.00e+00 
 9.50291534476441e-09   0.00e+00 
 9.50347246081377e-09   0.00e+00 
 9.50402957799141e-09   0.00e+00 
 9.50458669629723e-09   0.00e+00 
 9.50514381573116e-09   0.00e+00 
 9.50570093629309e-09   0.00e+00 
 9.50625805798294e-09   0.00e+00 
 9.50681518080061e-09   0.00e+00 
 9.50737230474601e-09   0.00e+00 
 9.50792942981906e-09   0.00e+00 
 9.50848655601965e-09   0.00e+00 
 9.50904368334769e-09   0.00e+00 
 9.50960081180310e-09   0.00e+00 
 9.51015794138578e-09   0.00e+00 
 9.51071507209564e-09   0.00e+00 
 9.51127220393259e-09   0.00e+00 
 9.51182933689653e-09   0.00e+00 
 9.51238647098738e-09   0.00e+00 
 9.51294360620505e-09   0.00e+00 
 9.51350074254944e-09   0.00e+00 
 9.51405788002045e-09   0.00e+00 
 9.51461501861801e-09   0.00e+00 
 9.51517215834201e-09   0.00e+00 
 9.51572929919237e-09   0.00e+00 
 9.51628644116899e-09   0.00e+00 
 9.51684358427178e-09   0.00e+00 
 9.51740072850065e-09   0.00e+00 
 9.51795787385552e-09   0.00e+00 
 9.51851502033628e-09   0.00e+00 
 9.51907216794284e-09   0.00e+00 
 9.51962931667512e-09   0.00e+00 
 9.52018646653302e-09   0.00e+00 
 9.52074361751645e-09   0.00e+00 
 9.52130076962532e-09   0.00e+00 
 9.52185792285954e-09   0.00e+00 
 9.52241507721902e-09   0.00e+00 
 9.52297223270366e-09   0.00e+00 
 9.52352938931338e-09   0.00e+00 
 9.52408654704808e-09   0.00e+00 
 9.52464370590766e-09   0.00e+00 
 9.52520086589205e-09   0.00e+00 
 9.52575802700114e-09   0.00e+00 
 9.52631518923485e-09   0.00e+00 
 9.52687235259309e-09   0.00e+00 
 9.52742951707576e-09   0.00e+00 
 9.52798668268277e-09   0.00e+00 
 9.52854384941403e-09   0.00e+00 
 9.52910101726945e-09   0.00e+00 
 9.52965818624894e-09   0.00e+00 
 9.53021535635241e-09   0.00e+00 
 9.53077252757976e-09   0.00e+00 
 9.53132969993091e-09   0.00e+00 
 9.53188687340576e-09   0.00e+00 
 9.53244404800422e-09   0.00e+00 
 9.53300122372620e-09   0.00e+00 
 9.53355840057160e-09   0.00e+00 
 9.53411557854035e-09   0.00e+00 
 9.53467275763234e-09   0.00e+00 
 9.53522993784749e-09   0.00e+00 
 9.53578711918570e-09   0.00e+00 
 9.53634430164689e-09   0.00e+00 
 9.53690148523095e-09   0.00e+00 
 9.53745866993781e-09   0.00e+00 
 9.53801585576737e-09   0.00e+00 
 9.53857304271953e-09   0.00e+00 
 9.53913023079422e-09   0.00e+00 
 9.53968741999132e-09   0.00e+00 
 9.54024461031077e-09   0.00e+00 
 9.54080180175245e-09   0.00e+00 
 9.54135899431629e-09   0.00e+00 
 9.54191618800220e-09   0.00e+00 
 9.54247338281007e-09   0.00e+00 
 9.54303057873982e-09   0.00e+00 
 9.54358777579136e-09   0.00e+00 
 9.54414497396459e-09   0.00e+00 
 9.54470217325944e-09   0.00e+00 
 9.54525937367579e-09   0.00e+00 
 9.54581657521358e-09   0.00e+00 
 9.54637377787270e-09   0.00e+00 
 9.54693098165306e-09   0.00e+00 
 9.54748818655457e-09   0.00e+00 
 9.54804539257713e-09   0.00e+00 
 9.54860259972067e-09   0.00e+00 
 9.54915980798509e-09   0.00e+00 
 9.54971701737030e-09   0.00e+00 
 9.55027422787620e-09   0.00e+00 
 9.55083143950271e-09   0.00e+00 
 9.55138865224974e-09   0.00e+00 
 9.55194586611719e-09   0.00e+00 
 9.55250308110498e-09   0.00e+00 
 9.55306029721300e-09   0.00e+00 
 9.55361751444118e-09   0.00e+00 
 9.55417473278942e-09   0.00e+00 
 9.55473195225764e-09   0.00e+00 
 9.55528917284573e-09   0.00e+00 
 9.55584639455360e-09   0.00e+00 
 9.55640361738118e-09   0.00e+00 
 9.55696084132837e-09   0.00e+00 
 9.55751806639507e-09   0.00e+00 
 9.55807529258120e-09   0.00e+00 
 9.55863251988666e-09   0.00e+00 
 9.55918974831136e-09   0.00e+00 
 9.55974697785522e-09   0.00e+00 
 9.56030420851816e-09   0.00e+00 
 9.56086144030005e-09   0.00e+00 
 9.56141867320083e-09   0.00e+00 
 9.56197590722040e-09   0.00e+00 
 9.56253314235867e-09   0.00e+00 
 9.56309037861555e-09   0.00e+00 
 9.56364761599095e-09   0.00e+00 
 9.56420485448478e-09   0.00e+00 
 9.56476209409694e-09   0.00e+00 
 9.56531933482736e-09   0.00e+00 
 9.56587657667593e-09   0.00e+00 
 9.56643381964256e-09   0.00e+00 
 9.56699106372718e-09   0.00e+00 
 9.56754830892967e-09   0.00e+00 
 9.56810555524997e-09   0.00e+00 
 9.56866280268796e-09   0.00e+00 
 9.56922005124357e-09   0.00e+00 
 9.56977730091670e-09   0.00e+00 
 9.57033455170727e-09   0.00e+00 
 9.57089180361518e-09   0.00e+00 
 9.57144905664035e-09   0.00e+00 
 9.57200631078268e-09   0.00e+00 
 9.57256356604207e-09   0.00e+00 
 9.57312082241845e-09   0.00e+00 
 9.57367807991172e-09   0.00e+00 
 9.57423533852179e-09   0.00e+00 
 9.57479259824857e-09   0.00e+00 
 9.57534985909197e-09   0.00e+00 
 9.57590712105190e-09   0.00e+00 
 9.57646438412827e-09   0.00e+00 
 9.57702164832098e-09   0.00e+00 
 9.57757891362996e-09   0.00e+00 
 9.57813618005510e-09   0.00e+00 
 9.57869344759632e-09   0.00e+00 
 9.57925071625353e-09   0.00e+00 
 9.57980798602663e-09   0.00e+00 
 9.58036525691555e-09   0.00e+00 
 9.58092252892018e-09   0.00e+00 
 9.58147980204044e-09   0.00e+00 
 9.58203707627623e-09   0.00e+00 
 9.58259435162747e-09   0.00e+00 
 9.58315162809406e-09   0.00e+00 
 9.58370890567592e-09   0.00e+00 
 9.58426618437296e-09   0.00e+00 
 9.58482346418508e-09   0.00e+00 
 9.58538074511220e-09   0.00e+00 
 9.58593802715422e-09   0.00e+00 
 9.58649531031106e-09   0.00e+00 
 9.58705259458262e-09   0.00e+00 
 9.58760987996882e-09   0.00e+00 
 9.58816716646956e-09   0.00e+00 
 9.58872445408475e-09   0.00e+00 
 9.58928174281432e-09   0.00e+00 
 9.58983903265815e-09   0.00e+00 
 9.59039632361618e-09   0.00e+00 
 9.59095361568830e-09   0.00e+00 
 9.59151090887442e-09   0.00e+00 
 9.59206820317445e-09   0.00e+00 
 9.59262549858832e-09   0.00e+00 
 9.59318279511592e-09   0.00e+00 
 9.59374009275716e-09   0.00e+00 
 9.59429739151196e-09   0.00e+00 
 9.59485469138022e-09   0.00e+00 
 9.59541199236186e-09   0.00e+00 
 9.59596929445678e-09   0.00e+00 
 9.59652659766490e-09   0.00e+00 
 9.59708390198613e-09   0.00e+00 
 9.59764120742037e-09   0.00e+00 
 9.59819851396753e-09   0.00e+00 
 9.59875582162753e-09   0.00e+00 
 9.59931313040028e-09   0.00e+00 
 9.59987044028569e-09   0.00e+00 
 9.60042775128366e-09   0.00e+00 
 9.60098506339410e-09   0.00e+00 
 9.60154237661693e-09   0.00e+00 
 9.60209969095206e-09   0.00e+00 
 9.60265700639940e-09   0.00e+00 
 9.60321432295885e-09   0.00e+00 
 9.60377164063034e-09   0.00e+00 
 9.60432895941376e-09   0.00e+00 
 9.60488627930903e-09   0.00e+00 
 9.60544360031605e-09   0.00e+00 
 9.60600092243475e-09   0.00e+00 
 9.60655824566503e-09   0.00e+00 
 9.60711557000680e-09   0.00e+00 
 9.60767289545996e-09   0.00e+00 
 9.60823022202444e-09   0.00e+00 
 9.60878754970014e-09   0.00e+00 
 9.60934487848697e-09   0.00e+00 
 9.60990220838484e-09   0.00e+00 
 9.61045953939367e-09   0.00e+00 
 9.61101687151335e-09   0.00e+00 
 9.61157420474381e-09   0.00e+00 
 9.61213153908495e-09   0.00e+00 
 9.61268887453669e-09   0.00e+00 
 9.61324621109893e-09   0.00e+00 
 9.61380354877158e-09   0.00e+00 
 9.61436088755456e-09   0.00e+00 
 9.61491822744777e-09   0.00e+00 
 9.61547556845113e-09   0.00e+00 
 9.61603291056454e-09   0.00e+00 
 9.61659025378793e-09   0.00e+00 
 9.61714759812119e-09   0.00e+00 
 9.61770494356423e-09   0.00e+00 
 9.61826229011698e-09   0.00e+00 
 9.61881963777934e-09   0.00e+00 
 9.61937698655121e-09   0.00e+00 
 9.61993433643252e-09   0.00e+00 
 9.62049168742316e-09   0.00e+00 
 9.62104903952306e-09   0.00e+00 
 9.62160639273212e-09   0.00e+00 
 9.62216374705026e-09   0.00e+00 
 9.62272110247737e-09   0.00e+00 
 9.62327845901338e-09   0.00e+00 
 9.62383581665820e-09   0.00e+00 
 9.62439317541174e-09   0.00e+00 
 9.62495053527389e-09   0.00e+00 
 9.62550789624459e-09   0.00e+00 
 9.62606525832372e-09   0.00e+00 
 9.62662262151123e-09   0.00e+00 
 9.62717998580700e-09   0.00e+00 
 9.62773735121095e-09   0.00e+00 
 9.62829471772299e-09   0.00e+00 
 9.62885208534303e-09   0.00e+00 
 9.62940945407099e-09   0.00e+00 
 9.62996682390677e-09   0.00e+00 
 9.63052419485028e-09   0.00e+00 
 9.63108156690144e-09   0.00e+00 
 9.63163894006015e-09   0.00e+00 
 9.63219631432633e-09   0.00e+00 
 9.63275368969988e-09   0.00e+00 
 9.63331106618072e-09   0.00e+00 
 9.63386844376876e-09   0.00e+00 
 9.63442582246392e-09   0.00e+00 
 9.63498320226609e-09   0.00e+00 
 9.63554058317519e-09   0.00e+00 
 9.63609796519114e-09   0.00e+00 
 9.63665534831384e-09   0.00e+00 
 9.63721273254320e-09   0.00e+00 
 9.63777011787914e-09   0.00e+00 
 9.63832750432157e-09   0.00e+00 
 9.63888489187039e-09   0.00e+00 
 9.63944228052552e-09   0.00e+00 
 9.63999967028687e-09   0.00e+00 
 9.64055706115436e-09   0.00e+00 
 9.64111445312788e-09   0.00e+00 
 9.64167184620735e-09   0.00e+00 
 9.64222924039269e-09   0.00e+00 
 9.64278663568380e-09   0.00e+00 
 9.64334403208060e-09   0.00e+00 
 9.64390142958299e-09   0.00e+00 
 9.64445882819090e-09   0.00e+00 
 9.64501622790421e-09   0.00e+00 
 9.64557362872286e-09   0.00e+00 
 9.64613103064675e-09   0.00e+00 
 9.64668843367579e-09   0.00e+00 
 9.64724583780990e-09   0.00e+00 
 9.64780324304898e-09   0.00e+00 
 9.64836064939295e-09   0.00e+00 
 9.64891805684171e-09   0.00e+00 
 9.64947546539518e-09   0.00e+00 
 9.65003287505326e-09   0.00e+00 
 9.65059028581588e-09   0.00e+00 
 9.65114769768294e-09   0.00e+00 
 9.65170511065435e-09   0.00e+00 
 9.65226252473003e-09   0.00e+00 
 9.65281993990988e-09   0.00e+00 
 9.65337735619382e-09   0.00e+00 
 9.65393477358176e-09   0.00e+00 
 9.65449219207361e-09   0.00e+00 
 9.65504961166927e-09   0.00e+00 
 9.65560703236867e-09   0.00e+00 
 9.65616445417171e-09   0.00e+00 
 9.65672187707830e-09   0.00e+00 
 9.65727930108836e-09   0.00e+00 
 9.65783672620180e-09   0.00e+00 
 9.65839415241853e-09   0.00e+00 
 9.65895157973845e-09   0.00e+00 
 9.65950900816149e-09   0.00e+00 
 9.66006643768755e-09   0.00e+00 
 9.66062386831654e-09   0.00e+00 
 9.66118130004838e-09   0.00e+00 
 9.66173873288298e-09   0.00e+00 
 9.66229616682024e-09   0.00e+00 
 9.66285360186008e-09   0.00e+00 
 9.66341103800242e-09   0.00e+00 
 9.66396847524715e-09   0.00e+00 
 9.66452591359421e-09   0.00e+00 
 9.66508335304348e-09   0.00e+00 
 9.66564079359490e-09   0.00e+00 
 9.66619823524836e-09   0.00e+00 
 9.66675567800378e-09   0.00e+00 
 9.66731312186107e-09   0.00e+00 
 9.66787056682015e-09   0.00e+00 
 9.66842801288092e-09   0.00e+00 
 9.66898546004330e-09   0.00e+00 
 9.66954290830720e-09   0.00e+00 
 9.67010035767252e-09   0.00e+00 
 9.67065780813919e-09   0.00e+00 
 9.67121525970712e-09   0.00e+00 
 9.67177271237620e-09   0.00e+00 
 9.67233016614637e-09   0.00e+00 
 9.67288762101752e-09   0.00e+00 
 9.67344507698956e-09   0.00e+00 
 9.67400253406242e-09   0.00e+00 
 9.67455999223601e-09   0.00e+00 
 9.67511745151023e-09   0.00e+00 
 9.67567491188499e-09   0.00e+00 
 9.67623237336021e-09   0.00e+00 
 9.67678983593580e-09   0.00e+00 
 9.67734729961168e-09   0.00e+00 
 9.67790476438774e-09   0.00e+00 
 9.67846223026391e-09   0.00e+00 
 9.67901969724010e-09   0.00e+00 
 9.67957716531622e-09   0.00e+00 
 9.68013463449218e-09   0.00e+00 
 9.68069210476789e-09   0.00e+00 
 9.68124957614326e-09   0.00e+00 
 9.68180704861821e-09   0.00e+00 
 9.68236452219265e-09   0.00e+00 
 9.68292199686648e-09   0.00e+00 
 9.68347947263963e-09   0.00e+00 
 9.68403694951201e-09   0.00e+00 
 9.68459442748351e-09   0.00e+00 
 9.68515190655407e-09   0.00e+00 
 9.68570938672358e-09   0.00e+00 
 9.68626686799196e-09   0.00e+00 
 9.68682435035913e-09   0.00e+00 
 9.68738183382500e-09   0.00e+00 
 9.68793931838946e-09   0.00e+00 
 9.68849680405244e-09   0.00e+00 
 9.68905429081386e-09   0.00e+00 
 9.68961177867362e-09   0.00e+00 
 9.69016926763164e-09   0.00e+00 
 9.69072675768782e-09   0.00e+00 
 9.69128424884209e-09   0.00e+00 
 9.69184174109434e-09   0.00e+00 
 9.69239923444449e-09   0.00e+00 
 9.69295672889246e-09   0.00e+00 
 9.69351422443816e-09   0.00e+00 
 9.69407172108149e-09   0.00e+00 
 9.69462921882238e-09   0.00e+00 
 9.69518671766073e-09   0.00e+00 
 9.69574421759646e-09   0.00e+00 
 9.69630171862947e-09   0.00e+00 
 9.69685922075969e-09   0.00e+00 
 9.69741672398702e-09   0.00e+00 
 9.69797422831137e-09   0.00e+00 
 9.69853173373265e-09   0.00e+00 
 9.69908924025079e-09   0.00e+00 
 9.69964674786568e-09   0.00e+00 
 9.70020425657725e-09   0.00e+00 
 9.70076176638540e-09   0.00e+00 
 9.70131927729005e-09   0.00e+00 
 9.70187678929111e-09   0.00e+00 
 9.70243430238849e-09   0.00e+00 
 9.70299181658211e-09   0.00e+00 
 9.70354933187187e-09   0.00e+00 
 9.70410684825769e-09   0.00e+00 
 9.70466436573948e-09   0.00e+00 
 9.70522188431716e-09   0.00e+00 
 9.70577940399063e-09   0.00e+00 
 9.70633692475981e-09   0.00e+00 
 9.70689444662461e-09   0.00e+00 
 9.70745196958494e-09   0.00e+00 
 9.70800949364071e-09   0.00e+00 
 9.70856701879184e-09   0.00e+00 
 9.70912454503825e-09   0.00e+00 
 9.70968207237984e-09   0.00e+00 
 9.71023960081652e-09   0.00e+00 
 9.71079713034820e-09   0.00e+00 
 9.71135466097481e-09   0.00e+00 
 9.71191219269625e-09   0.00e+00 
 9.71246972551243e-09   0.00e+00 
 9.71302725942327e-09   0.00e+00 
 9.71358479442868e-09   0.00e+00 
 9.71414233052857e-09   0.00e+00 
 9.71469986772285e-09   0.00e+00 
 9.71525740601144e-09   0.00e+00 
 9.71581494539425e-09   0.00e+00 
 9.71637248587120e-09   0.00e+00 
 9.71693002744218e-09   0.00e+00 
 9.71748757010713e-09   0.00e+00 
 9.71804511386595e-09   0.00e+00 
 9.71860265871854e-09   0.00e+00 
 9.71916020466483e-09   0.00e+00 
 9.71971775170473e-09   0.00e+00 
 9.72027529983815e-09   0.00e+00 
 9.72083284906500e-09   0.00e+00 
 9.72139039938520e-09   0.00e+00 
 9.72194795079865e-09   0.00e+00 
 9.72250550330527e-09   0.00e+00 
 9.72306305690498e-09   0.00e+00 
 9.72362061159769e-09   0.00e+00 
 9.72417816738330e-09   0.00e+00 
 9.72473572426173e-09   0.00e+00 
 9.72529328223290e-09   0.00e+00 
 9.72585084129672e-09   0.00e+00 
 9.72640840145308e-09   0.00e+00 
 9.72696596270193e-09   0.00e+00 
 9.72752352504317e-09   0.00e+00 
 9.72808108847670e-09   0.00e+00 
 9.72863865300244e-09   0.00e+00 
 9.72919621862030e-09   0.00e+00 
 9.72975378533020e-09   0.00e+00 
 9.73031135313205e-09   0.00e+00 
 9.73086892202577e-09   0.00e+00 
 9.73142649201125e-09   0.00e+00 
 9.73198406308843e-09   0.00e+00 
 9.73254163525721e-09   0.00e+00 
 9.73309920851750e-09   0.00e+00 
 9.73365678286922e-09   0.00e+00 
 9.73421435831228e-09   0.00e+00 
 9.73477193484659e-09   0.00e+00 
 9.73532951247206e-09   0.00e+00 
 9.73588709118861e-09   0.00e+00 
 9.73644467099615e-09   0.00e+00 
 9.73700225189460e-09   0.00e+00 
 9.73755983388387e-09   0.00e+00 
 9.73811741696386e-09   0.00e+00 
 9.73867500113450e-09   0.00e+00 
 9.73923258639570e-09   0.00e+00 
 9.73979017274736e-09   0.00e+00 
 9.74034776018940e-09   0.00e+00 
 9.74090534872174e-09   0.00e+00 
 9.74146293834429e-09   0.00e+00 
 9.74202052905696e-09   0.00e+00 
 9.74257812085966e-09   0.00e+00 
 9.74313571375232e-09   0.00e+00 
 9.74369330773483e-09   0.00e+00 
 9.74425090280712e-09   0.00e+00 
 9.74480849896909e-09   0.00e+00 
 9.74536609622066e-09   0.00e+00 
 9.74592369456175e-09   0.00e+00 
 9.74648129399226e-09   0.00e+00 
 9.74703889451211e-09   0.00e+00 
 9.74759649612122e-09   0.00e+00 
 9.74815409881949e-09   0.00e+00 
 9.74871170260684e-09   0.00e+00 
 9.74926930748318e-09   0.00e+00 
 9.74982691344843e-09   0.00e+00 
 9.75038452050250e-09   0.00e+00 
 9.75094212864529e-09   0.00e+00 
 9.75149973787673e-09   0.00e+00 
 9.75205734819673e-09   0.00e+00 
 9.75261495960520e-09   0.00e+00 
 9.75317257210207e-09   0.00e+00 
 9.75373018568722e-09   0.00e+00 
 9.75428780036059e-09   0.00e+00 
 9.75484541612209e-09   0.00e+00 
 9.75540303297162e-09   0.00e+00 
 9.75596065090912e-09   0.00e+00 
 9.75651826993447e-09   0.00e+00 
 9.75707589004760e-09   0.00e+00 
 9.75763351124841e-09   0.00e+00 
 9.75819113353684e-09   0.00e+00 
 9.75874875691279e-09   0.00e+00 
 9.75930638137616e-09   0.00e+00 
 9.75986400692689e-09   0.00e+00 
 9.76042163356487e-09   0.00e+00 
 9.76097926129003e-09   0.00e+00 
 9.76153689010227e-09   0.00e+00 
 9.76209452000151e-09   0.00e+00 
 9.76265215098766e-09   0.00e+00 
 9.76320978306064e-09   0.00e+00 
 9.76376741622036e-09   0.00e+00 
 9.76432505046674e-09   0.00e+00 
 9.76488268579969e-09   0.00e+00 
 9.76544032221911e-09   0.00e+00 
 9.76599795972492e-09   0.00e+00 
 9.76655559831705e-09   0.00e+00 
 9.76711323799539e-09   0.00e+00 
 9.76767087875987e-09   0.00e+00 
 9.76822852061040e-09   0.00e+00 
 9.76878616354690e-09   0.00e+00 
 9.76934380756927e-09   0.00e+00 
 9.76990145267743e-09   0.00e+00 
 9.77045909887129e-09   0.00e+00 
 9.77101674615076e-09   0.00e+00 
 9.77157439451577e-09   0.00e+00 
 9.77213204396622e-09   0.00e+00 
 9.77268969450203e-09   0.00e+00 
 9.77324734612311e-09   0.00e+00 
 9.77380499882938e-09   0.00e+00 
 9.77436265262075e-09   0.00e+00 
 9.77492030749712e-09   0.00e+00 
 9.77547796345843e-09   0.00e+00 
 9.77603562050458e-09   0.00e+00 
 9.77659327863548e-09   0.00e+00 
 9.77715093785105e-09   0.00e+00 
 9.77770859815120e-09   0.00e+00 
 9.77826625953585e-09   0.00e+00 
 9.77882392200490e-09   0.00e+00 
 9.77938158555828e-09   0.00e+00 
 9.77993925019590e-09   0.00e+00 
 9.78049691591766e-09   0.00e+00 
 9.78105458272350e-09   0.00e+00 
 9.78161225061330e-09   0.00e+00 
 9.78216991958701e-09   0.00e+00 
 9.78272758964451e-09   0.00e+00 
 9.78328526078574e-09   0.00e+00 
 9.78384293301061e-09   0.00e+00 
 9.78440060631902e-09   0.00e+00 
 9.78495828071089e-09   0.00e+00 
 9.78551595618614e-09   0.00e+00 
 9.78607363274468e-09   0.00e+00 
 9.78663131038642e-09   0.00e+00 
 9.78718898911128e-09   0.00e+00 
 9.78774666891917e-09   0.00e+00 
 9.78830434981001e-09   0.00e+00 
 9.78886203178371e-09   0.00e+00 
 9.78941971484018e-09   0.00e+00 
 9.78997739897934e-09   0.00e+00 
 9.79053508420110e-09   0.00e+00 
 9.79109277050538e-09   0.00e+00 
 9.79165045789209e-09   0.00e+00 
 9.79220814636114e-09   0.00e+00 
 9.79276583591245e-09   0.00e+00 
 9.79332352654593e-09   0.00e+00 
 9.79388121826150e-09   0.00e+00 
 9.79443891105906e-09   0.00e+00 
 9.79499660493855e-09   0.00e+00 
 9.79555429989986e-09   0.00e+00 
 9.79611199594292e-09   0.00e+00 
 9.79666969306764e-09   0.00e+00 
 9.79722739127392e-09   0.00e+00 
 9.79778509056169e-09   0.00e+00 
 9.79834279093087e-09   0.00e+00 
 9.79890049238134e-09   0.00e+00 
 9.79945819491306e-09   0.00e+00 
 9.80001589852591e-09   0.00e+00 
 9.80057360321983e-09   0.00e+00 
 9.80113130899472e-09   0.00e+00 
 9.80168901585049e-09   0.00e+00 
 9.80224672378706e-09   0.00e+00 
 9.80280443280434e-09   0.00e+00 
 9.80336214290225e-09   0.00e+00 
 9.80391985408070e-09   0.00e+00 
 9.80447756633962e-09   0.00e+00 
 9.80503527967890e-09   0.00e+00 
 9.80559299409846e-09   0.00e+00 
 9.80615070959823e-09   0.00e+00 
 9.80670842617811e-09   0.00e+00 
 9.80726614383802e-09   0.00e+00 
 9.80782386257787e-09   0.00e+00 
 9.80838158239758e-09   0.00e+00 
 9.80893930329707e-09   0.00e+00 
 9.80949702527623e-09   0.00e+00 
 9.81005474833500e-09   0.00e+00 
 9.81061247247329e-09   0.00e+00 
 9.81117019769100e-09   0.00e+00 
 9.81172792398805e-09   0.00e+00 
 9.81228565136437e-09   0.00e+00 
 9.81284337981985e-09   0.00e+00 
 9.81340110935443e-09   0.00e+00 
 9.81395883996801e-09   0.00e+00 
 9.81451657166050e-09   0.00e+00 
 9.81507430443183e-09   0.00e+00 
 9.81563203828190e-09   0.00e+00 
 9.81618977321063e-09   0.00e+00 
 9.81674750921793e-09   0.00e+00 
 9.81730524630373e-09   0.00e+00 
 9.81786298446793e-09   0.00e+00 
 9.81842072371044e-09   0.00e+00 
 9.81897846403119e-09   0.00e+00 
 9.81953620543009e-09   0.00e+00 
 9.82009394790705e-09   0.00e+00 
 9.82065169146199e-09   0.00e+00 
 9.82120943609482e-09   0.00e+00 
 9.82176718180545e-09   0.00e+00 
 9.82232492859381e-09   0.00e+00 
 9.82288267645980e-09   0.00e+00 
 9.82344042540335e-09   0.00e+00 
 9.82399817542435e-09   0.00e+00 
 9.82455592652274e-09   0.00e+00 
 9.82511367869842e-09   0.00e+00 
 9.82567143195131e-09   0.00e+00 
 9.82622918628132e-09   0.00e+00 
 9.82678694168837e-09   0.00e+00 
 9.82734469817237e-09   0.00e+00 
 9.82790245573324e-09   0.00e+00 
 9.82846021437090e-09   0.00e+00 
 9.82901797408525e-09   0.00e+00 
 9.82957573487622e-09   0.00e+00 
 9.83013349674371e-09   0.00e+00 
 9.83069125968764e-09   0.00e+00 
 9.83124902370793e-09   0.00e+00 
 9.83180678880449e-09   0.00e+00 
 9.83236455497724e-09   0.00e+00 
 9.83292232222609e-09   0.00e+00 
 9.83348009055095e-09   0.00e+00 
 9.83403785995175e-09   0.00e+00 
 9.83459563042839e-09   0.00e+00 
 9.83515340198080e-09   0.00e+00 
 9.83571117460888e-09   0.00e+00 
 9.83626894831255e-09   0.00e+00 
 9.83682672309173e-09   0.00e+00 
 9.83738449894632e-09   0.00e+00 
 9.83794227587625e-09   0.00e+00 
 9.83850005388143e-09   0.00e+00 
 9.83905783296178e-09   0.00e+00 
 9.83961561311721e-09   0.00e+00 
 9.84017339434763e-09   0.00e+00 
 9.84073117665297e-09   0.00e+00 
 9.84128896003313e-09   0.00e+00 
 9.84184674448803e-09   0.00e+00 
 9.84240453001759e-09   0.00e+00 
 9.84296231662172e-09   0.00e+00 
 9.84352010430033e-09   0.00e+00 
 9.84407789305335e-09   0.00e+00 
 9.84463568288067e-09   0.00e+00 
 9.84519347378224e-09   0.00e+00 
 9.84575126575795e-09   0.00e+00 
 9.84630905880771e-09   0.00e+00 
 9.84686685293145e-09   0.00e+00 
 9.84742464812909e-09   0.00e+00 
 9.84798244440053e-09   0.00e+00 
 9.84854024174569e-09   0.00e+00 
 9.84909804016449e-09   0.00e+00 
 9.84965583965685e-09   0.00e+00 
 9.85021364022267e-09   0.00e+00 
 9.85077144186187e-09   0.00e+00 
 9.85132924457437e-09   0.00e+00 
 9.85188704836009e-09   0.00e+00 
 9.85244485321893e-09   0.00e+00 
 9.85300265915082e-09   0.00e+00 
 9.85356046615566e-09   0.00e+00 
 9.85411827423338e-09   0.00e+00 
 9.85467608338389e-09   0.00e+00 
 9.85523389360711e-09   0.00e+00 
 9.85579170490294e-09   0.00e+00 
 9.85634951727131e-09   0.00e+00 
 9.85690733071212e-09   0.00e+00 
 9.85746514522531e-09   0.00e+00 
 9.85802296081077e-09   0.00e+00 
 9.85858077746843e-09   0.00e+00 
 9.85913859519820e-09   0.00e+00 
 9.85969641399999e-09   0.00e+00 
 9.86025423387374e-09   0.00e+00 
 9.86081205481933e-09   0.00e+00 
 9.86136987683671e-09   0.00e+00 
 9.86192769992577e-09   0.00e+00 
 9.86248552408643e-09   0.00e+00 
 9.86304334931862e-09   0.00e+00 
 9.86360117562223e-09   0.00e+00 
 9.86415900299720e-09   0.00e+00 
 9.86471683144344e-09   0.00e+00 
 9.86527466096086e-09   0.00e+00 
 9.86583249154938e-09   0.00e+00 
 9.86639032320890e-09   0.00e+00 
 9.86694815593936e-09   0.00e+00 
 9.86750598974066e-09   0.00e+00 
 9.86806382461272e-09   0.00e+00 
 9.86862166055545e-09   0.00e+00 
 9.86917949756877e-09   0.00e+00 
 9.86973733565260e-09   0.00e+00 
 9.87029517480685e-09   0.00e+00 
 9.87085301503144e-09   0.00e+00 
 9.87141085632627e-09   0.00e+00 
 9.87196869869128e-09   0.00e+00 
 9.87252654212637e-09   0.00e+00 
 9.87308438663146e-09   0.00e+00 
 9.87364223220646e-09   0.00e+00 
 9.87420007885130e-09   0.00e+00 
 9.87475792656588e-09   0.00e+00 
 9.87531577535012e-09   0.00e+00 
 9.87587362520393e-09   0.00e+00 
 9.87643147612725e-09   0.00e+00 
 9.87698932811996e-09   0.00e+00 
 9.87754718118201e-09   0.00e+00 
 9.87810503531329e-09   0.00e+00 
 9.87866289051373e-09   0.00e+00 
 9.87922074678325e-09   0.00e+00 
 9.87977860412175e-09   0.00e+00 
 9.88033646252915e-09   0.00e+00 
 9.88089432200537e-09   0.00e+00 
 9.88145218255033e-09   0.00e+00 
 9.88201004416393e-09   0.00e+00 
 9.88256790684611e-09   0.00e+00 
 9.88312577059677e-09   0.00e+00 
 9.88368363541582e-09   0.00e+00 
 9.88424150130319e-09   0.00e+00 
 9.88479936825879e-09   0.00e+00 
 9.88535723628253e-09   0.00e+00 
 9.88591510537433e-09   0.00e+00 
 9.88647297553411e-09   0.00e+00 
 9.88703084676179e-09   0.00e+00 
 9.88758871905727e-09   0.00e+00 
 9.88814659242048e-09   0.00e+00 
 9.88870446685133e-09   0.00e+00 
 9.88926234234974e-09   0.00e+00 
 9.88982021891562e-09   0.00e+00 
 9.89037809654889e-09   0.00e+00 
 9.89093597524946e-09   0.00e+00 
 9.89149385501725e-09   0.00e+00 
 9.89205173585218e-09   0.00e+00 
 9.89260961775417e-09   0.00e+00 
 9.89316750072312e-09   0.00e+00 
 9.89372538475895e-09   0.00e+00 
 9.89428326986159e-09   0.00e+00 
 9.89484115603094e-09   0.00e+00 
 9.89539904326693e-09   0.00e+00 
 9.89595693156946e-09   0.00e+00 
 9.89651482093846e-09   0.00e+00 
 9.89707271137384e-09   0.00e+00 
 9.89763060287552e-09   0.00e+00 
 9.89818849544341e-09   0.00e+00 
 9.89874638907744e-09   0.00e+00 
 9.89930428377751e-09   0.00e+00 
 9.89986217954353e-09   0.00e+00 
 9.90042007637544e-09   0.00e+00 
 9.90097797427314e-09   0.00e+00 
 9.90153587323655e-09   0.00e+00 
 9.90209377326558e-09   0.00e+00 
 9.90265167436016e-09   0.00e+00 
 9.90320957652019e-09   0.00e+00 
 9.90376747974561e-09   0.00e+00 
 9.90432538403631e-09   0.00e+00 
 9.90488328939222e-09   0.00e+00 
 9.90544119581326e-09   0.00e+00 
 9.90599910329933e-09   0.00e+00 
 9.90655701185036e-09   0.00e+00 
 9.90711492146626e-09   0.00e+00 
 9.90767283214696e-09   0.00e+00 
 9.90823074389235e-09   0.00e+00 
 9.90878865670237e-09   0.00e+00 
 9.90934657057693e-09   0.00e+00 
 9.90990448551594e-09   0.00e+00 
 9.91046240151932e-09   0.00e+00 
 9.91102031858698e-09   0.00e+00 
 9.91157823671885e-09   0.00e+00 
 9.91213615591483e-09   0.00e+00 
 9.91269407617486e-09   0.00e+00 
 9.91325199749883e-09   0.00e+00 
 9.91380991988668e-09   0.00e+00 
 9.91436784333830e-09   0.00e+00 
 9.91492576785363e-09   0.00e+00 
 9.91548369343258e-09   0.00e+00 
 9.91604162007507e-09   0.00e+00 
 9.91659954778100e-09   0.00e+00 
 9.91715747655030e-09   0.00e+00 
 9.91771540638289e-09   0.00e+00 
 9.91827333727867e-09   0.00e+00 
 9.91883126923757e-09   0.00e+00 
 9.91938920225950e-09   0.00e+00 
 9.91994713634439e-09   0.00e+00 
 9.92050507149213e-09   0.00e+00 
 9.92106300770266e-09   0.00e+00 
 9.92162094497589e-09   0.00e+00 
 9.92217888331174e-09   0.00e+00 
 9.92273682271012e-09   0.00e+00 
 9.92329476317095e-09   0.00e+00 
 9.92385270469415e-09   0.00e+00 
 9.92441064727963e-09   0.00e+00 
 9.92496859092730e-09   0.00e+00 
 9.92552653563709e-09   0.00e+00 
 9.92608448140892e-09   0.00e+00 
 9.92664242824269e-09   0.00e+00 
 9.92720037613833e-09   0.00e+00 
 9.92775832509575e-09   0.00e+00 
 9.92831627511487e-09   0.00e+00 
 9.92887422619561e-09   0.00e+00 
 9.92943217833788e-09   0.00e+00 
 9.92999013154160e-09   0.00e+00 
 9.93054808580669e-09   0.00e+00 
 9.93110604113305e-09   0.00e+00 
 9.93166399752062e-09   0.00e+00 
 9.93222195496930e-09   0.00e+00 
 9.93277991347902e-09   0.00e+00 
 9.93333787304968e-09   0.00e+00 
 9.93389583368121e-09   0.00e+00 
 9.93445379537353e-09   0.00e+00 
 9.93501175812655e-09   0.00e+00 
 9.93556972194018e-09   0.00e+00 
 9.93612768681434e-09   0.00e+00 
 9.93668565274896e-09   0.00e+00 
 9.93724361974394e-09   0.00e+00 
 9.93780158779921e-09   0.00e+00 
 9.93835955691468e-09   0.00e+00 
 9.93891752709026e-09   0.00e+00 
 9.93947549832588e-09   0.00e+00 
 9.94003347062146e-09   0.00e+00 
 9.94059144397690e-09   0.00e+00 
 9.94114941839213e-09   0.00e+00 
 9.94170739386706e-09   0.00e+00 
 9.94226537040161e-09   0.00e+00 
 9.94282334799570e-09   0.00e+00 
 9.94338132664924e-09   0.00e+00 
 9.94393930636215e-09   0.00e+00 
 9.94449728713435e-09   0.00e+00 
 9.94505526896576e-09   0.00e+00 
 9.94561325185629e-09   0.00e+00 
 9.94617123580586e-09   0.00e+00 
 9.94672922081438e-09   0.00e+00 
 9.94728720688178e-09   0.00e+00 
 9.94784519400796e-09   0.00e+00 
 9.94840318219286e-09   0.00e+00 
 9.94896117143637e-09   0.00e+00 
 9.94951916173843e-09   0.00e+00 
 9.95007715309894e-09   0.00e+00 
 9.95063514551783e-09   0.00e+00 
 9.95119313899501e-09   0.00e+00 
 9.95175113353041e-09   0.00e+00 
 9.95230912912393e-09   0.00e+00 
 9.95286712577550e-09   0.00e+00 
 9.95342512348502e-09   0.00e+00 
 9.95398312225243e-09   0.00e+00 
 9.95454112207763e-09   0.00e+00 
 9.95509912296054e-09   0.00e+00 
 9.95565712490108e-09   0.00e+00 
 9.95621512789918e-09   0.00e+00 
 9.95677313195473e-09   0.00e+00 
 9.95733113706767e-09   0.00e+00 
 9.95788914323790e-09   0.00e+00 
 9.95844715046536e-09   0.00e+00 
 9.95900515874994e-09   0.00e+00 
 9.95956316809158e-09   0.00e+00 
 9.96012117849018e-09   0.00e+00 
 9.96067918994567e-09   0.00e+00 
 9.96123720245795e-09   0.00e+00 
 9.96179521602697e-09   0.00e+00 
 9.96235323065262e-09   0.00e+00 
 9.96291124633482e-09   0.00e+00 
 9.96346926307350e-09   0.00e+00 
 9.96402728086856e-09   0.00e+00 
 9.96458529971994e-09   0.00e+00 
 9.96514331962753e-09   0.00e+00 
 9.96570134059127e-09   0.00e+00 
 9.96625936261107e-09   0.00e+00 
 9.96681738568684e-09   0.00e+00 
 9.96737540981851e-09   0.00e+00 
 9.96793343500600e-09   0.00e+00 
 9.96849146124920e-09   0.00e+00 
 9.96904948854806e-09   0.00e+00 
 9.96960751690248e-09   0.00e+00 
 9.97016554631238e-09   0.00e+00 
 9.97072357677768e-09   0.00e+00 
 9.97128160829830e-09   0.00e+00 
 9.97183964087415e-09   0.00e+00 
 9.97239767450514e-09   0.00e+00 
 9.97295570919122e-09   0.00e+00 
 9.97351374493227e-09   0.00e+00 
 9.97407178172824e-09   0.00e+00 
 9.97462981957903e-09   0.00e+00 
 9.97518785848455e-09   0.00e+00 
 9.97574589844473e-09   0.00e+00 
 9.97630393945948e-09   0.00e+00 
 9.97686198152872e-09   0.00e+00 
 9.97742002465238e-09   0.00e+00 
 9.97797806883036e-09   0.00e+00 
 9.97853611406259e-09   0.00e+00 
 9.97909416034899e-09   0.00e+00 
 9.97965220768946e-09   0.00e+00 
 9.98021025608392e-09   0.00e+00 
 9.98076830553231e-09   0.00e+00 
 9.98132635603453e-09   0.00e+00 
 9.98188440759049e-09   0.00e+00 
 9.98244246020013e-09   0.00e+00 
 9.98300051386335e-09   0.00e+00 
 9.98355856858009e-09   0.00e+00 
 9.98411662435023e-09   0.00e+00 
 9.98467468117373e-09   0.00e+00 
 9.98523273905047e-09   0.00e+00 
 9.98579079798040e-09   0.00e+00 
 9.98634885796341e-09   0.00e+00 
 9.98690691899943e-09   0.00e+00 
 9.98746498108839e-09   0.00e+00 
 9.98802304423019e-09   0.00e+00 
 9.98858110842475e-09   0.00e+00 
 9.98913917367200e-09   0.00e+00 
 9.98969723997185e-09   0.00e+00 
 9.99025530732421e-09   0.00e+00 
 9.99081337572902e-09   0.00e+00 
 9.99137144518617e-09   0.00e+00 
 9.99192951569560e-09   0.00e+00 
 9.99248758725722e-09   0.00e+00 
 9.99304565987094e-09   0.00e+00 
 9.99360373353669e-09   0.00e+00 
 9.99416180825438e-09   0.00e+00 
 9.99471988402394e-09   0.00e+00 
 9.99527796084527e-09   0.00e+00 
 9.99583603871830e-09   0.00e+00 
 9.99639411764295e-09   0.00e+00 
 9.99695219761913e-09   0.00e+00 
 9.99751027864676e-09   0.00e+00 
 9.99806836072575e-09   0.00e+00 
 9.99862644385604e-09   0.00e+00 
 9.99918452803753e-09   0.00e+00 
 9.99974261327014e-09   0.00e+00 
 1.00003006995538e-08   0.00e+00 
 1.00008587868884e-08   0.00e+00 
 1.00014168752739e-08   0.00e+00 
 1.00019749647102e-08   0.00e+00 
 1.00025330551972e-08   0.00e+00 
 1.00030911467348e-08   0.00e+00 
 1.00036492393230e-08   0.00e+00 
 1.00042073329616e-08   0.00e+00 
 1.00047654276507e-08   0.00e+00 
 1.00053235233900e-08   0.00e+00 
 1.00058816201796e-08   0.00e+00 
 1.00064397180193e-08   0.00e+00 
 1.00069978169090e-08   0.00e+00 
 1.00075559168488e-08   0.00e+00 
 1.00081140178384e-08   0.00e+00 
 1.00086721198778e-08   0.00e+00 
 1.00092302229670e-08   0.00e+00 
 1.00097883271058e-08   0.00e+00 
 1.00103464322942e-08   0.00e+00 
 1.00109045385321e-08   0.00e+00 
 1.00114626458194e-08   0.00e+00 
 1.00120207541560e-08   0.00e+00 
 1.00125788635418e-08   0.00e+00 
 1.00131369739768e-08   0.00e+00 
 1.00136950854609e-08   0.00e+00 
 1.00142531979940e-08   0.00e+00 
 1.00148113115760e-08   0.00e+00 
 1.00153694262068e-08   0.00e+00 
 1.00159275418864e-08   0.00e+00 
 1.00164856586146e-08   0.00e+00 
 1.00170437763914e-08   0.00e+00 
 1.00176018952168e-08   0.00e+00 
 1.00181600150905e-08   0.00e+00 
 1.00187181360126e-08   0.00e+00 
 1.00192762579830e-08   0.00e+00 
 1.00198343810015e-08   0.00e+00 
 1.00203925050682e-08   0.00e+00 
 1.00209506301828e-08   0.00e+00 
 1.00215087563454e-08   0.00e+00 
 1.00220668835558e-08   0.00e+00 
 1.00226250118140e-08   0.00e+00 
 1.00231831411199e-08   0.00e+00 
 1.00237412714734e-08   0.00e+00 
 1.00242994028745e-08   0.00e+00 
 1.00248575353230e-08   0.00e+00 
 1.00254156688188e-08   0.00e+00 
 1.00259738033619e-08   0.00e+00 
 1.00265319389522e-08   0.00e+00 
 1.00270900755897e-08   0.00e+00 
 1.00276482132742e-08   0.00e+00 
 1.00282063520056e-08   0.00e+00 
 1.00287644917839e-08   0.00e+00 
 1.00293226326090e-08   0.00e+00 
 1.00298807744808e-08   0.00e+00 
 1.00304389173993e-08   0.00e+00 
 1.00309970613643e-08   0.00e+00 
 1.00315552063757e-08   0.00e+00 
 1.00321133524336e-08   0.00e+00 
 1.00326714995377e-08   0.00e+00 
 1.00332296476881e-08   0.00e+00 
 1.00337877968846e-08   0.00e+00 
 1.00343459471272e-08   0.00e+00 
 1.00349040984157e-08   0.00e+00 
 1.00354622507502e-08   0.00e+00 
 1.00360204041305e-08   0.00e+00 
 1.00365785585565e-08   0.00e+00 
 1.00371367140281e-08   0.00e+00 
 1.00376948705454e-08   0.00e+00 
 1.00382530281081e-08   0.00e+00 
 1.00388111867162e-08   0.00e+00 
 1.00393693463697e-08   0.00e+00 
 1.00399275070684e-08   0.00e+00 
 1.00404856688123e-08   0.00e+00 
 1.00410438316012e-08   0.00e+00 
 1.00416019954352e-08   0.00e+00 
 1.00421601603141e-08   0.00e+00 
 1.00427183262378e-08   0.00e+00 
 1.00432764932063e-08   0.00e+00 
 1.00438346612195e-08   0.00e+00 
 1.00443928302773e-08   0.00e+00 
 1.00449510003795e-08   0.00e+00 
 1.00455091715263e-08   0.00e+00 
 1.00460673437173e-08   0.00e+00 
 1.00466255169527e-08   0.00e+00 
 1.00471836912322e-08   0.00e+00 
 1.00477418665559e-08   0.00e+00 
 1.00483000429236e-08   0.00e+00 
 1.00488582203352e-08   0.00e+00 
 1.00494163987907e-08   0.00e+00 
 1.00499745782900e-08   0.00e+00 
 1.00505327588330e-08   0.00e+00 
 1.00510909404196e-08   0.00e+00 
 1.00516491230498e-08   0.00e+00 
 1.00522073067234e-08   0.00e+00 
 1.00527654914404e-08   0.00e+00 
 1.00533236772007e-08   0.00e+00 
 1.00538818640042e-08   0.00e+00 
 1.00544400518509e-08   0.00e+00 
 1.00549982407406e-08   0.00e+00 
 1.00555564306733e-08   0.00e+00 
 1.00561146216489e-08   0.00e+00 
 1.00566728136673e-08   0.00e+00 
 1.00572310067284e-08   0.00e+00 
 1.00577892008322e-08   0.00e+00 
 1.00583473959786e-08   0.00e+00 
 1.00589055921674e-08   0.00e+00 
 1.00594637893987e-08   0.00e+00 
 1.00600219876723e-08   0.00e+00 
 1.00605801869881e-08   0.00e+00 
 1.00611383873461e-08   0.00e+00 
 1.00616965887462e-08   0.00e+00 
 1.00622547911883e-08   0.00e+00 
 1.00628129946724e-08   0.00e+00 
 1.00633711991982e-08   0.00e+00 
 1.00639294047659e-08   0.00e+00 
 1.00644876113752e-08   0.00e+00 
 1.00650458190261e-08   0.00e+00 
 1.00656040277186e-08   0.00e+00 
 1.00661622374525e-08   0.00e+00 
 1.00667204482277e-08   0.00e+00 
 1.00672786600442e-08   0.00e+00 
 1.00678368729019e-08   0.00e+00 
 1.00683950868008e-08   0.00e+00 
 1.00689533017406e-08   0.00e+00 
 1.00695115177215e-08   0.00e+00 
 1.00700697347431e-08   0.00e+00 
 1.00706279528056e-08   0.00e+00 
 1.00711861719089e-08   0.00e+00 
 1.00717443920527e-08   0.00e+00 
 1.00723026132371e-08   0.00e+00 
 1.00728608354619e-08   0.00e+00 
 1.00734190587272e-08   0.00e+00 
 1.00739772830328e-08   0.00e+00 
 1.00745355083786e-08   0.00e+00 
 1.00750937347645e-08   0.00e+00 
 1.00756519621905e-08   0.00e+00 
 1.00762101906565e-08   0.00e+00 
 1.00767684201624e-08   0.00e+00 
 1.00773266507082e-08   0.00e+00 
 1.00778848822936e-08   0.00e+00 
 1.00784431149188e-08   0.00e+00 
 1.00790013485835e-08   0.00e+00 
 1.00795595832877e-08   0.00e+00 
 1.00801178190314e-08   0.00e+00 
 1.00806760558144e-08   0.00e+00 
 1.00812342936367e-08   0.00e+00 
 1.00817925324981e-08   0.00e+00 
 1.00823507723987e-08   0.00e+00 
 1.00829090133382e-08   0.00e+00 
 1.00834672553167e-08   0.00e+00 
 1.00840254983341e-08   0.00e+00 
 1.00845837423903e-08   0.00e+00 
 1.00851419874851e-08   0.00e+00 
 1.00857002336186e-08   0.00e+00 
 1.00862584807906e-08   0.00e+00 
 1.00868167290011e-08   0.00e+00 
 1.00873749782499e-08   0.00e+00 
 1.00879332285370e-08   0.00e+00 
 1.00884914798624e-08   0.00e+00 
 1.00890497322259e-08   0.00e+00 
 1.00896079856274e-08   0.00e+00 
 1.00901662400670e-08   0.00e+00 
 1.00907244955444e-08   0.00e+00 
 1.00912827520596e-08   0.00e+00 
 1.00918410096126e-08   0.00e+00 
 1.00923992682032e-08   0.00e+00 
 1.00929575278314e-08   0.00e+00 
 1.00935157884971e-08   0.00e+00 
 1.00940740502002e-08   0.00e+00 
 1.00946323129407e-08   0.00e+00 
 1.00951905767184e-08   0.00e+00 
 1.00957488415333e-08   0.00e+00 
 1.00963071073852e-08   0.00e+00 
 1.00968653742742e-08   0.00e+00 
 1.00974236422001e-08   0.00e+00 
 1.00979819111629e-08   0.00e+00 
 1.00985401811624e-08   0.00e+00 
 1.00990984521986e-08   0.00e+00 
 1.00996567242715e-08   0.00e+00 
 1.01002149973808e-08   0.00e+00 
 1.01007732715266e-08   0.00e+00 
 1.01013315467088e-08   0.00e+00 
 1.01018898229273e-08   0.00e+00 
 1.01024481001820e-08   0.00e+00 
 1.01030063784728e-08   0.00e+00 
 1.01035646577997e-08   0.00e+00 
 1.01041229381625e-08   0.00e+00 
 1.01046812195613e-08   0.00e+00 
 1.01052395019958e-08   0.00e+00 
 1.01057977854661e-08   0.00e+00 
 1.01063560699720e-08   0.00e+00 
 1.01069143555135e-08   0.00e+00 
 1.01074726420905e-08   0.00e+00 
 1.01080309297029e-08   0.00e+00 
 1.01085892183506e-08   0.00e+00 
 1.01091475080336e-08   0.00e+00 
 1.01097057987517e-08   0.00e+00 
 1.01102640905050e-08   0.00e+00 
 1.01108223832932e-08   0.00e+00 
 1.01113806771164e-08   0.00e+00 
 1.01119389719744e-08   0.00e+00 
 1.01124972678672e-08   0.00e+00 
 1.01130555647947e-08   0.00e+00 
 1.01136138627568e-08   0.00e+00 
 1.01141721617535e-08   0.00e+00 
 1.01147304617845e-08   0.00e+00 
 1.01152887628500e-08   0.00e+00 
 1.01158470649497e-08   0.00e+00 
 1.01164053680837e-08   0.00e+00 
 1.01169636722518e-08   0.00e+00 
 1.01175219774539e-08   0.00e+00 
 1.01180802836900e-08   0.00e+00 
 1.01186385909600e-08   0.00e+00 
 1.01191968992638e-08   0.00e+00 
 1.01197552086014e-08   0.00e+00 
 1.01203135189726e-08   0.00e+00 
 1.01208718303774e-08   0.00e+00 
 1.01214301428156e-08   0.00e+00 
 1.01219884562873e-08   0.00e+00 
 1.01225467707923e-08   0.00e+00 
 1.01231050863306e-08   0.00e+00 
 1.01236634029020e-08   0.00e+00 
 1.01242217205066e-08   0.00e+00 
 1.01247800391441e-08   0.00e+00 
 1.01253383588146e-08   0.00e+00 
 1.01258966795179e-08   0.00e+00 
 1.01264550012540e-08   0.00e+00 
 1.01270133240229e-08   0.00e+00 
 1.01275716478243e-08   0.00e+00 
 1.01281299726582e-08   0.00e+00 
 1.01286882985247e-08   0.00e+00 
 1.01292466254235e-08   0.00e+00 
 1.01298049533545e-08   0.00e+00 
 1.01303632823179e-08   0.00e+00 
 1.01309216123133e-08   0.00e+00 
 1.01314799433408e-08   0.00e+00 
 1.01320382754003e-08   0.00e+00 
 1.01325966084917e-08   0.00e+00 
 1.01331549426149e-08   0.00e+00 
 1.01337132777698e-08   0.00e+00 
 1.01342716139564e-08   0.00e+00 
 1.01348299511746e-08   0.00e+00 
 1.01353882894243e-08   0.00e+00 
 1.01359466287054e-08   0.00e+00 
 1.01365049690179e-08   0.00e+00 
 1.01370633103616e-08   0.00e+00 
 1.01376216527365e-08   0.00e+00 
 1.01381799961425e-08   0.00e+00 
 1.01387383405795e-08   0.00e+00 
 1.01392966860475e-08   0.00e+00 
 1.01398550325464e-08   0.00e+00 
 1.01404133800760e-08   0.00e+00 
 1.01409717286363e-08   0.00e+00 
 1.01415300782273e-08   0.00e+00 
 1.01420884288488e-08   0.00e+00 
 1.01426467805008e-08   0.00e+00 
 1.01432051331832e-08   0.00e+00 
 1.01437634868959e-08   0.00e+00 
 1.01443218416388e-08   0.00e+00 
 1.01448801974118e-08   0.00e+00 
 1.01454385542150e-08   0.00e+00 
 1.01459969120481e-08   0.00e+00 
 1.01465552709112e-08   0.00e+00 
 1.01471136308040e-08   0.00e+00 
 1.01476719917267e-08   0.00e+00 
 1.01482303536790e-08   0.00e+00 
 1.01487887166609e-08   0.00e+00 
 1.01493470806723e-08   0.00e+00 
 1.01499054457132e-08   0.00e+00 
 1.01504638117834e-08   0.00e+00 
 1.01510221788829e-08   0.00e+00 
 1.01515805470116e-08   0.00e+00 
 1.01521389161694e-08   0.00e+00 
 1.01526972863563e-08   0.00e+00 
 1.01532556575721e-08   0.00e+00 
 1.01538140298168e-08   0.00e+00 
 1.01543724030903e-08   0.00e+00 
 1.01549307773926e-08   0.00e+00 
 1.01554891527234e-08   0.00e+00 
 1.01560475290829e-08   0.00e+00 
 1.01566059064708e-08   0.00e+00 
 1.01571642848872e-08   0.00e+00 
 1.01577226643318e-08   0.00e+00 
 1.01582810448048e-08   0.00e+00 
 1.01588394263059e-08   0.00e+00 
 1.01593978088351e-08   0.00e+00 
 1.01599561923923e-08   0.00e+00 
 1.01605145769774e-08   0.00e+00 
 1.01610729625904e-08   0.00e+00 
 1.01616313492311e-08   0.00e+00 
 1.01621897368996e-08   0.00e+00 
 1.01627481255957e-08   0.00e+00 
 1.01633065153193e-08   0.00e+00 
 1.01638649060704e-08   0.00e+00 
 1.01644232978488e-08   0.00e+00 
 1.01649816906546e-08   0.00e+00 
 1.01655400844876e-08   0.00e+00 
 1.01660984793477e-08   0.00e+00 
 1.01666568752349e-08   0.00e+00 
 1.01672152721491e-08   0.00e+00 
 1.01677736700902e-08   0.00e+00 
 1.01683320690581e-08   0.00e+00 
 1.01688904690527e-08   0.00e+00 
 1.01694488700741e-08   0.00e+00 
 1.01700072721220e-08   0.00e+00 
 1.01705656751964e-08   0.00e+00 
 1.01711240792973e-08   0.00e+00 
 1.01716824844245e-08   0.00e+00 
 1.01722408905780e-08   0.00e+00 
 1.01727992977577e-08   0.00e+00 
 1.01733577059635e-08   0.00e+00 
 1.01739161151954e-08   0.00e+00 
 1.01744745254532e-08   0.00e+00 
 1.01750329367369e-08   0.00e+00 
 1.01755913490464e-08   0.00e+00 
 1.01761497623816e-08   0.00e+00 
 1.01767081767425e-08   0.00e+00 
 1.01772665921289e-08   0.00e+00 
 1.01778250085408e-08   0.00e+00 
 1.01783834259781e-08   0.00e+00 
 1.01789418444408e-08   0.00e+00 
 1.01795002639287e-08   0.00e+00 
 1.01800586844418e-08   0.00e+00 
 1.01806171059800e-08   0.00e+00 
 1.01811755285432e-08   0.00e+00 
 1.01817339521313e-08   0.00e+00 
 1.01822923767443e-08   0.00e+00 
 1.01828508023820e-08   0.00e+00 
 1.01834092290445e-08   0.00e+00 
 1.01839676567316e-08   0.00e+00 
 1.01845260854432e-08   0.00e+00 
 1.01850845151793e-08   0.00e+00 
 1.01856429459398e-08   0.00e+00 
 1.01862013777246e-08   0.00e+00 
 1.01867598105336e-08   0.00e+00 
 1.01873182443667e-08   0.00e+00 
 1.01878766792240e-08   0.00e+00 
 1.01884351151052e-08   0.00e+00 
 1.01889935520103e-08   0.00e+00 
 1.01895519899393e-08   0.00e+00 
 1.01901104288921e-08   0.00e+00 
 1.01906688688685e-08   0.00e+00 
 1.01912273098685e-08   0.00e+00 
 1.01917857518920e-08   0.00e+00 
 1.01923441949390e-08   0.00e+00 
 1.01929026390093e-08   0.00e+00 
 1.01934610841030e-08   0.00e+00 
 1.01940195302198e-08   0.00e+00 
 1.01945779773598e-08   0.00e+00 
 1.01951364255228e-08   0.00e+00 
 1.01956948747088e-08   0.00e+00 
 1.01962533249176e-08   0.00e+00 
 1.01968117761493e-08   0.00e+00 
 1.01973702284038e-08   0.00e+00 
 1.01979286816808e-08   0.00e+00 
 1.01984871359805e-08   0.00e+00 
 1.01990455913027e-08   0.00e+00 
 1.01996040476473e-08   0.00e+00 
 1.02001625050142e-08   0.00e+00 
 1.02007209634034e-08   0.00e+00 
 1.02012794228148e-08   0.00e+00 
 1.02018378832483e-08   0.00e+00 
 1.02023963447038e-08   0.00e+00 
 1.02029548071813e-08   0.00e+00 
 1.02035132706807e-08   0.00e+00 
 1.02040717352018e-08   0.00e+00 
 1.02046302007447e-08   0.00e+00 
 1.02051886673092e-08   0.00e+00 
 1.02057471348953e-08   0.00e+00 
 1.02063056035028e-08   0.00e+00 
 1.02068640731318e-08   0.00e+00 
 1.02074225437821e-08   0.00e+00 
 1.02079810154536e-08   0.00e+00 
 1.02085394881463e-08   0.00e+00 
 1.02090979618601e-08   0.00e+00 
 1.02096564365949e-08   0.00e+00 
 1.02102149123507e-08   0.00e+00 
 1.02107733891273e-08   0.00e+00 
 1.02113318669247e-08   0.00e+00 
 1.02118903457427e-08   0.00e+00 
 1.02124488255814e-08   0.00e+00 
 1.02130073064407e-08   0.00e+00 
 1.02135657883204e-08   0.00e+00 
 1.02141242712205e-08   0.00e+00 
 1.02146827551409e-08   0.00e+00 
 1.02152412400815e-08   0.00e+00 
 1.02157997260423e-08   0.00e+00 
 1.02163582130232e-08   0.00e+00 
 1.02169167010241e-08   0.00e+00 
 1.02174751900449e-08   0.00e+00 
 1.02180336800855e-08   0.00e+00 
 1.02185921711459e-08   0.00e+00 
 1.02191506632260e-08   0.00e+00 
 1.02197091563256e-08   0.00e+00 
 1.02202676504449e-08   0.00e+00 
 1.02208261455835e-08   0.00e+00 
 1.02213846417416e-08   0.00e+00 
 1.02219431389189e-08   0.00e+00 
 1.02225016371154e-08   0.00e+00 
 1.02230601363311e-08   0.00e+00 
 1.02236186365659e-08   0.00e+00 
 1.02241771378196e-08   0.00e+00 
 1.02247356400922e-08   0.00e+00 
 1.02252941433837e-08   0.00e+00 
 1.02258526476939e-08   0.00e+00 
 1.02264111530228e-08   0.00e+00 
 1.02269696593703e-08   0.00e+00 
 1.02275281667362e-08   0.00e+00 
 1.02280866751207e-08   0.00e+00 
 1.02286451845235e-08   0.00e+00 
 1.02292036949445e-08   0.00e+00 
 1.02297622063838e-08   0.00e+00 
 1.02303207188412e-08   0.00e+00 
 1.02308792323166e-08   0.00e+00 
 1.02314377468100e-08   0.00e+00 
 1.02319962623213e-08   0.00e+00 
 1.02325547788504e-08   0.00e+00 
 1.02331132963973e-08   0.00e+00 
 1.02336718149618e-08   0.00e+00 
 1.02342303345439e-08   0.00e+00 
 1.02347888551435e-08   0.00e+00 
 1.02353473767605e-08   0.00e+00 
 1.02359058993949e-08   0.00e+00 
 1.02364644230465e-08   0.00e+00 
 1.02370229477153e-08   0.00e+00 
 1.02375814734013e-08   0.00e+00 
 1.02381400001043e-08   0.00e+00 
 1.02386985278242e-08   0.00e+00 
 1.02392570565610e-08   0.00e+00 
 1.02398155863146e-08   0.00e+00 
 1.02403741170850e-08   0.00e+00 
 1.02409326488720e-08   0.00e+00 
 1.02414911816755e-08   0.00e+00 
 1.02420497154956e-08   0.00e+00 
 1.02426082503321e-08   0.00e+00 
 1.02431667861849e-08   0.00e+00 
 1.02437253230539e-08   0.00e+00 
 1.02442838609392e-08   0.00e+00 
 1.02448423998405e-08   0.00e+00 
 1.02454009397579e-08   0.00e+00 
 1.02459594806912e-08   0.00e+00 
 1.02465180226404e-08   0.00e+00 
 1.02470765656054e-08   0.00e+00 
 1.02476351095861e-08   0.00e+00 
 1.02481936545825e-08   0.00e+00 
 1.02487522005944e-08   0.00e+00 
 1.02493107476217e-08   0.00e+00 
 1.02498692956645e-08   0.00e+00 
 1.02504278447227e-08   0.00e+00 
 1.02509863947960e-08   0.00e+00 
 1.02515449458846e-08   0.00e+00 
 1.02521034979882e-08   0.00e+00 
 1.02526620511069e-08   0.00e+00 
 1.02532206052405e-08   0.00e+00 
 1.02537791603889e-08   0.00e+00 
 1.02543377165522e-08   0.00e+00 
 1.02548962737301e-08   0.00e+00 
 1.02554548319227e-08   0.00e+00 
 1.02560133911298e-08   0.00e+00 
 1.02565719513514e-08   0.00e+00 
 1.02571305125874e-08   0.00e+00 
 1.02576890748378e-08   0.00e+00 
 1.02582476381023e-08   0.00e+00 
 1.02588062023811e-08   0.00e+00 
 1.02593647676739e-08   0.00e+00 
 1.02599233339807e-08   0.00e+00 
 1.02604819013015e-08   0.00e+00 
 1.02610404696361e-08   0.00e+00 
 1.02615990389845e-08   0.00e+00 
 1.02621576093466e-08   0.00e+00 
 1.02627161807224e-08   0.00e+00 
 1.02632747531116e-08   0.00e+00 
 1.02638333265144e-08   0.00e+00 
 1.02643919009305e-08   0.00e+00 
 1.02649504763600e-08   0.00e+00 
 1.02655090528027e-08   0.00e+00 
 1.02660676302585e-08   0.00e+00 
 1.02666262087275e-08   0.00e+00 
 1.02671847882094e-08   0.00e+00 
 1.02677433687043e-08   0.00e+00 
 1.02683019502120e-08   0.00e+00 
 1.02688605327325e-08   0.00e+00 
 1.02694191162657e-08   0.00e+00 
 1.02699777008115e-08   0.00e+00 
 1.02705362863698e-08   0.00e+00 
 1.02710948729407e-08   0.00e+00 
 1.02716534605239e-08   0.00e+00 
 1.02722120491194e-08   0.00e+00 
 1.02727706387271e-08   0.00e+00 
 1.02733292293471e-08   0.00e+00 
 1.02738878209790e-08   0.00e+00 
 1.02744464136230e-08   0.00e+00 
 1.02750050072790e-08   0.00e+00 
 1.02755636019467e-08   0.00e+00 
 1.02761221976263e-08   0.00e+00 
 1.02766807943175e-08   0.00e+00 
 1.02772393920203e-08   0.00e+00 
 1.02777979907347e-08   0.00e+00 
 1.02783565904606e-08   0.00e+00 
 1.02789151911978e-08   0.00e+00 
 1.02794737929464e-08   0.00e+00 
 1.02800323957061e-08   0.00e+00 
 1.02805909994771e-08   0.00e+00 
 1.02811496042591e-08   0.00e+00 
 1.02817082100521e-08   0.00e+00 
 1.02822668168560e-08   0.00e+00 
 1.02828254246708e-08   0.00e+00 
 1.02833840334963e-08   0.00e+00 
 1.02839426433326e-08   0.00e+00 
 1.02845012541794e-08   0.00e+00 
 1.02850598660368e-08   0.00e+00 
 1.02856184789047e-08   0.00e+00 
 1.02861770927829e-08   0.00e+00 
 1.02867357076715e-08   0.00e+00 
 1.02872943235702e-08   0.00e+00 
 1.02878529404792e-08   0.00e+00 
 1.02884115583982e-08   0.00e+00 
 1.02889701773272e-08   0.00e+00 
 1.02895287972661e-08   0.00e+00 
 1.02900874182149e-08   0.00e+00 
 1.02906460401735e-08   0.00e+00 
 1.02912046631417e-08   0.00e+00 
 1.02917632871196e-08   0.00e+00 
 1.02923219121070e-08   0.00e+00 
 1.02928805381038e-08   0.00e+00 
 1.02934391651101e-08   0.00e+00 
 1.02939977931256e-08   0.00e+00 
 1.02945564221504e-08   0.00e+00 
 1.02951150521844e-08   0.00e+00 
 1.02956736832274e-08   0.00e+00 
 1.02962323152794e-08   0.00e+00 
 1.02967909483404e-08   0.00e+00 
 1.02973495824102e-08   0.00e+00 
 1.02979082174887e-08   0.00e+00 
 1.02984668535760e-08   0.00e+00 
 1.02990254906719e-08   0.00e+00 
 1.02995841287763e-08   0.00e+00 
 1.03001427678891e-08   0.00e+00 
 1.03007014080104e-08   0.00e+00 
 1.03012600491400e-08   0.00e+00 
 1.03018186912778e-08   0.00e+00 
 1.03023773344238e-08   0.00e+00 
 1.03029359785779e-08   0.00e+00 
 1.03034946237399e-08   0.00e+00 
 1.03040532699099e-08   0.00e+00 
 1.03046119170877e-08   0.00e+00 
 1.03051705652733e-08   0.00e+00 
 1.03057292144667e-08   0.00e+00 
 1.03062878646676e-08   0.00e+00 
 1.03068465158761e-08   0.00e+00 
 1.03074051680920e-08   0.00e+00 
 1.03079638213154e-08   0.00e+00 
 1.03085224755460e-08   0.00e+00 
 1.03090811307839e-08   0.00e+00 
 1.03096397870290e-08   0.00e+00 
 1.03101984442811e-08   0.00e+00 
 1.03107571025403e-08   0.00e+00 
 1.03113157618063e-08   0.00e+00 
 1.03118744220793e-08   0.00e+00 
 1.03124330833590e-08   0.00e+00 
 1.03129917456454e-08   0.00e+00 
 1.03135504089385e-08   0.00e+00 
 1.03141090732381e-08   0.00e+00 
 1.03146677385441e-08   0.00e+00 
 1.03152264048566e-08   0.00e+00 
 1.03157850721754e-08   0.00e+00 
 1.03163437405004e-08   0.00e+00 
 1.03169024098316e-08   0.00e+00 
 1.03174610801689e-08   0.00e+00 
 1.03180197515123e-08   0.00e+00 
 1.03185784238615e-08   0.00e+00 
 1.03191370972166e-08   0.00e+00 
 1.03196957715775e-08   0.00e+00 
 1.03202544469441e-08   0.00e+00 
 1.03208131233164e-08   0.00e+00 
 1.03213718006942e-08   0.00e+00 
 1.03219304790774e-08   0.00e+00 
 1.03224891584661e-08   0.00e+00 
 1.03230478388601e-08   0.00e+00 
 1.03236065202594e-08   0.00e+00 
 1.03241652026638e-08   0.00e+00 
 1.03247238860734e-08   0.00e+00 
 1.03252825704879e-08   0.00e+00 
 1.03258412559075e-08   0.00e+00 
 1.03263999423318e-08   0.00e+00 
 1.03269586297610e-08   0.00e+00 
 1.03275173181949e-08   0.00e+00 
 1.03280760076334e-08   0.00e+00 
 1.03286346980766e-08   0.00e+00 
 1.03291933895241e-08   0.00e+00 
 1.03297520819762e-08   0.00e+00 
 1.03303107754325e-08   0.00e+00 
 1.03308694698931e-08   0.00e+00 
 1.03314281653579e-08   0.00e+00 
 1.03319868618268e-08   0.00e+00 
 1.03325455592997e-08   0.00e+00 
 1.03331042577766e-08   0.00e+00 
 1.03336629572574e-08   0.00e+00 
 1.03342216577419e-08   0.00e+00 
 1.03347803592302e-08   0.00e+00 
 1.03353390617222e-08   0.00e+00 
 1.03358977652177e-08   0.00e+00 
 1.03364564697168e-08   0.00e+00 
 1.03370151752192e-08   0.00e+00 
 1.03375738817250e-08   0.00e+00 
 1.03381325892341e-08   0.00e+00 
 1.03386912977464e-08   0.00e+00 
 1.03392500072617e-08   0.00e+00 
 1.03398087177802e-08   0.00e+00 
 1.03403674293016e-08   0.00e+00 
 1.03409261418259e-08   0.00e+00 
 1.03414848553530e-08   0.00e+00 
 1.03420435698828e-08   0.00e+00 
 1.03426022854153e-08   0.00e+00 
 1.03431610019504e-08   0.00e+00 
 1.03437197194881e-08   0.00e+00 
 1.03442784380281e-08   0.00e+00 
 1.03448371575705e-08   0.00e+00 
 1.03453958781152e-08   0.00e+00 
 1.03459545996621e-08   0.00e+00 
 1.03465133222111e-08   0.00e+00 
 1.03470720457622e-08   0.00e+00 
 1.03476307703153e-08   0.00e+00 
 1.03481894958703e-08   0.00e+00 
 1.03487482224271e-08   0.00e+00 
 1.03493069499856e-08   0.00e+00 
 1.03498656785459e-08   0.00e+00 
 1.03504244081077e-08   0.00e+00 
 1.03509831386711e-08   0.00e+00 
 1.03515418702359e-08   0.00e+00 
 1.03521006028021e-08   0.00e+00 
 1.03526593363695e-08   0.00e+00 
 1.03532180709382e-08   0.00e+00 
 1.03537768065081e-08   0.00e+00 
 1.03543355430790e-08   0.00e+00 
 1.03548942806509e-08   0.00e+00 
 1.03554530192238e-08   0.00e+00 
 1.03560117587974e-08   0.00e+00 
 1.03565704993719e-08   0.00e+00 
 1.03571292409470e-08   0.00e+00 
 1.03576879835228e-08   0.00e+00 
 1.03582467270991e-08   0.00e+00 
 1.03588054716759e-08   0.00e+00 
 1.03593642172530e-08   0.00e+00 
 1.03599229638305e-08   0.00e+00 
 1.03604817114082e-08   0.00e+00 
 1.03610404599860e-08   0.00e+00 
 1.03615992095640e-08   0.00e+00 
 1.03621579601419e-08   0.00e+00 
 1.03627167117198e-08   0.00e+00 
 1.03632754642976e-08   0.00e+00 
 1.03638342178751e-08   0.00e+00 
 1.03643929724524e-08   0.00e+00 
 1.03649517280293e-08   0.00e+00 
 1.03655104846057e-08   0.00e+00 
 1.03660692421816e-08   0.00e+00 
 1.03666280007570e-08   0.00e+00 
 1.03671867603316e-08   0.00e+00 
 1.03677455209055e-08   0.00e+00 
 1.03683042824786e-08   0.00e+00 
 1.03688630450508e-08   0.00e+00 
 1.03694218086220e-08   0.00e+00 
 1.03699805731922e-08   0.00e+00 
 1.03705393387613e-08   0.00e+00 
 1.03710981053291e-08   0.00e+00 
 1.03716568728957e-08   0.00e+00 
 1.03722156414609e-08   0.00e+00 
 1.03727744110248e-08   0.00e+00 
 1.03733331815871e-08   0.00e+00 
 1.03738919531478e-08   0.00e+00 
 1.03744507257069e-08   0.00e+00 
 1.03750094992642e-08   0.00e+00 
 1.03755682738198e-08   0.00e+00 
 1.03761270493735e-08   0.00e+00 
 1.03766858259252e-08   0.00e+00 
 1.03772446034749e-08   0.00e+00 
 1.03778033820225e-08   0.00e+00 
 1.03783621615679e-08   0.00e+00 
 1.03789209421110e-08   0.00e+00 
 1.03794797236519e-08   0.00e+00 
 1.03800385061903e-08   0.00e+00 
 1.03805972897262e-08   0.00e+00 
 1.03811560742596e-08   0.00e+00 
 1.03817148597904e-08   0.00e+00 
 1.03822736463185e-08   0.00e+00 
 1.03828324338437e-08   0.00e+00 
 1.03833912223661e-08   0.00e+00 
 1.03839500118856e-08   0.00e+00 
 1.03845088024021e-08   0.00e+00 
 1.03850675939155e-08   0.00e+00 
 1.03856263864257e-08   0.00e+00 
 1.03861851799327e-08   0.00e+00 
 1.03867439744364e-08   0.00e+00 
 1.03873027699367e-08   0.00e+00 
 1.03878615664336e-08   0.00e+00 
 1.03884203639269e-08   0.00e+00 
 1.03889791624166e-08   0.00e+00 
 1.03895379619026e-08   0.00e+00 
 1.03900967623849e-08   0.00e+00 
 1.03906555638633e-08   0.00e+00 
 1.03912143663378e-08   0.00e+00 
 1.03917731698084e-08   0.00e+00 
 1.03923319742749e-08   0.00e+00 
 1.03928907797372e-08   0.00e+00 
 1.03934495861953e-08   0.00e+00 
 1.03940083936492e-08   0.00e+00 
 1.03945672020986e-08   0.00e+00 
 1.03951260115437e-08   0.00e+00 
 1.03956848219842e-08   0.00e+00 
 1.03962436334202e-08   0.00e+00 
 1.03968024458515e-08   0.00e+00 
 1.03973612592780e-08   0.00e+00 
 1.03979200736998e-08   0.00e+00 
 1.03984788891166e-08   0.00e+00 
 1.03990377055285e-08   0.00e+00 
 1.03995965229354e-08   0.00e+00 
 1.04001553413371e-08   0.00e+00 
 1.04007141607337e-08   0.00e+00 
 1.04012729811250e-08   0.00e+00 
 1.04018318025109e-08   0.00e+00 
 1.04023906248915e-08   0.00e+00 
 1.04029494482665e-08   0.00e+00 
 1.04035082726360e-08   0.00e+00 
 1.04040670979999e-08   0.00e+00 
 1.04046259243580e-08   0.00e+00 
 1.04051847517104e-08   0.00e+00 
 1.04057435800569e-08   0.00e+00 
 1.04063024093975e-08   0.00e+00 
 1.04068612397320e-08   0.00e+00 
 1.04074200710605e-08   0.00e+00 
 1.04079789033828e-08   0.00e+00 
 1.04085377366989e-08   0.00e+00 
 1.04090965710086e-08   0.00e+00 
 1.04096554063120e-08   0.00e+00 
 1.04102142426089e-08   0.00e+00 
 1.04107730798993e-08   0.00e+00 
 1.04113319181831e-08   0.00e+00 
 1.04118907574602e-08   0.00e+00 
 1.04124495977305e-08   0.00e+00 
 1.04130084389940e-08   0.00e+00 
 1.04135672812506e-08   0.00e+00 
 1.04141261245001e-08   0.00e+00 
 1.04146849687427e-08   0.00e+00 
 1.04152438139781e-08   0.00e+00 
 1.04158026602063e-08   0.00e+00 
 1.04163615074272e-08   0.00e+00 
 1.04169203556407e-08   0.00e+00 
 1.04174792048468e-08   0.00e+00 
 1.04180380550455e-08   0.00e+00 
 1.04185969062365e-08   0.00e+00 
 1.04191557584198e-08   0.00e+00 
 1.04197146115955e-08   0.00e+00 
 1.04202734657633e-08   0.00e+00 
 1.04208323209233e-08   0.00e+00 
 1.04213911770753e-08   0.00e+00 
 1.04219500342192e-08   0.00e+00 
 1.04225088923551e-08   0.00e+00 
 1.04230677514828e-08   0.00e+00 
 1.04236266116022e-08   0.00e+00 
 1.04241854727133e-08   0.00e+00 
 1.04247443348160e-08   0.00e+00 
 1.04253031979102e-08   0.00e+00 
 1.04258620619958e-08   0.00e+00 
 1.04264209270728e-08   0.00e+00 
 1.04269797931412e-08   0.00e+00 
 1.04275386602007e-08   0.00e+00 
 1.04280975282514e-08   0.00e+00 
 1.04286563972932e-08   0.00e+00 
 1.04292152673259e-08   0.00e+00 
 1.04297741383496e-08   0.00e+00 
 1.04303330103642e-08   0.00e+00 
 1.04308918833695e-08   0.00e+00 
 1.04314507573655e-08   0.00e+00 
 1.04320096323522e-08   0.00e+00 
 1.04325685083293e-08   0.00e+00 
 1.04331273852970e-08   0.00e+00 
 1.04336862632551e-08   0.00e+00 
 1.04342451422035e-08   0.00e+00 
 1.04348040221422e-08   0.00e+00 
 1.04353629030710e-08   0.00e+00 
 1.04359217849899e-08   0.00e+00 
 1.04364806678989e-08   0.00e+00 
 1.04370395517978e-08   0.00e+00 
 1.04375984366866e-08   0.00e+00 
 1.04381573225653e-08   0.00e+00 
 1.04387162094336e-08   0.00e+00 
 1.04392750972916e-08   0.00e+00 
 1.04398339861392e-08   0.00e+00 
 1.04403928759763e-08   0.00e+00 
 1.04409517668028e-08   0.00e+00 
 1.04415106586187e-08   0.00e+00 
 1.04420695514239e-08   0.00e+00 
 1.04426284452183e-08   0.00e+00 
 1.04431873400018e-08   0.00e+00 
 1.04437462357744e-08   0.00e+00 
 1.04443051325360e-08   0.00e+00 
 1.04448640302865e-08   0.00e+00 
 1.04454229290258e-08   0.00e+00 
 1.04459818287539e-08   0.00e+00 
 1.04465407294707e-08   0.00e+00 
 1.04470996311761e-08   0.00e+00 
 1.04476585338701e-08   0.00e+00 
 1.04482174375525e-08   0.00e+00 
 1.04487763422233e-08   0.00e+00 
 1.04493352478825e-08   0.00e+00 
 1.04498941545299e-08   0.00e+00 
 1.04504530621654e-08   0.00e+00 
 1.04510119707891e-08   0.00e+00 
 1.04515708804007e-08   0.00e+00 
 1.04521297910004e-08   0.00e+00 
 1.04526887025879e-08   0.00e+00 
 1.04532476151632e-08   0.00e+00 
 1.04538065287262e-08   0.00e+00 
 1.04543654432769e-08   0.00e+00 
 1.04549243588151e-08   0.00e+00 
 1.04554832753409e-08   0.00e+00 
 1.04560421928541e-08   0.00e+00 
 1.04566011113546e-08   0.00e+00 
 1.04571600308425e-08   0.00e+00 
 1.04577189513175e-08   0.00e+00 
 1.04582778727797e-08   0.00e+00 
 1.04588367952289e-08   0.00e+00 
 1.04593957186651e-08   0.00e+00 
 1.04599546430882e-08   0.00e+00 
 1.04605135684982e-08   0.00e+00 
 1.04610724948949e-08   0.00e+00 
 1.04616314222783e-08   0.00e+00 
 1.04621903506484e-08   0.00e+00 
 1.04627492800049e-08   0.00e+00 
 1.04633082103480e-08   0.00e+00 
 1.04638671416774e-08   0.00e+00 
 1.04644260739931e-08   0.00e+00 
 1.04649850072951e-08   0.00e+00 
 1.04655439415833e-08   0.00e+00 
 1.04661028768576e-08   0.00e+00 
 1.04666618131179e-08   0.00e+00 
 1.04672207503641e-08   0.00e+00 
 1.04677796885962e-08   0.00e+00 
 1.04683386278141e-08   0.00e+00 
 1.04688975680177e-08   0.00e+00 
 1.04694565092070e-08   0.00e+00 
 1.04700154513819e-08   0.00e+00 
 1.04705743945423e-08   0.00e+00 
 1.04711333386881e-08   0.00e+00 
 1.04716922838192e-08   0.00e+00 
 1.04722512299357e-08   0.00e+00 
 1.04728101770373e-08   0.00e+00 
 1.04733691251241e-08   0.00e+00 
 1.04739280741960e-08   0.00e+00 
 1.04744870242528e-08   0.00e+00 
 1.04750459752946e-08   0.00e+00 
 1.04756049273212e-08   0.00e+00 
 1.04761638803325e-08   0.00e+00 
 1.04767228343286e-08   0.00e+00 
 1.04772817893093e-08   0.00e+00 
 1.04778407452745e-08   0.00e+00 
 1.04783997022242e-08   0.00e+00 
 1.04789586601583e-08   0.00e+00 
 1.04795176190767e-08   0.00e+00 
 1.04800765789793e-08   0.00e+00 
 1.04806355398662e-08   0.00e+00 
 1.04811945017371e-08   0.00e+00 
 1.04817534645921e-08   0.00e+00 
 1.04823124284310e-08   0.00e+00 
 1.04828713932538e-08   0.00e+00 
 1.04834303590604e-08   0.00e+00 
 1.04839893258508e-08   0.00e+00 
 1.04845482936248e-08   0.00e+00 
 1.04851072623824e-08   0.00e+00 
 1.04856662321235e-08   0.00e+00 
 1.04862252028481e-08   0.00e+00 
 1.04867841745560e-08   0.00e+00 
 1.04873431472472e-08   0.00e+00 
 1.04879021209216e-08   0.00e+00 
 1.04884610955792e-08   0.00e+00 
 1.04890200712198e-08   0.00e+00 
 1.04895790478435e-08   0.00e+00 
 1.04901380254500e-08   0.00e+00 
 1.04906970040394e-08   0.00e+00 
 1.04912559836116e-08   0.00e+00 
 1.04918149641665e-08   0.00e+00 
 1.04923739457041e-08   0.00e+00 
 1.04929329282241e-08   0.00e+00 
 1.04934919117267e-08   0.00e+00 
 1.04940508962117e-08   0.00e+00 
 1.04946098816790e-08   0.00e+00 
 1.04951688681286e-08   0.00e+00 
 1.04957278555603e-08   0.00e+00 
 1.04962868439742e-08   0.00e+00 
 1.04968458333701e-08   0.00e+00 
 1.04974048237480e-08   0.00e+00 
 1.04979638151078e-08   0.00e+00 
 1.04985228074494e-08   0.00e+00 
 1.04990818007727e-08   0.00e+00 
 1.04996407950777e-08   0.00e+00 
 1.05001997903644e-08   0.00e+00 
 1.05007587866325e-08   0.00e+00 
 1.05013177838821e-08   0.00e+00 
 1.05018767821131e-08   0.00e+00 
 1.05024357813254e-08   0.00e+00 
 1.05029947815189e-08   0.00e+00 
 1.05035537826936e-08   0.00e+00 
 1.05041127848494e-08   0.00e+00 
 1.05046717879862e-08   0.00e+00 
 1.05052307921039e-08   0.00e+00 
 1.05057897972025e-08   0.00e+00 
 1.05063488032819e-08   0.00e+00 
 1.05069078103420e-08   0.00e+00 
 1.05074668183828e-08   0.00e+00 
 1.05080258274041e-08   0.00e+00 
 1.05085848374060e-08   0.00e+00 
 1.05091438483882e-08   0.00e+00 
 1.05097028603508e-08   0.00e+00 
 1.05102618732937e-08   0.00e+00 
 1.05108208872168e-08   0.00e+00 
 1.05113799021201e-08   0.00e+00 
 1.05119389180034e-08   0.00e+00 
 1.05124979348667e-08   0.00e+00 
 1.05130569527099e-08   0.00e+00 
 1.05136159715329e-08   0.00e+00 
 1.05141749913357e-08   0.00e+00 
 1.05147340121182e-08   0.00e+00 
 1.05152930338803e-08   0.00e+00 
 1.05158520566220e-08   0.00e+00 
 1.05164110803432e-08   0.00e+00 
 1.05169701050437e-08   0.00e+00 
 1.05175291307236e-08   0.00e+00 
 1.05180881573828e-08   0.00e+00 
 1.05186471850211e-08   0.00e+00 
 1.05192062136385e-08   0.00e+00 
 1.05197652432350e-08   0.00e+00 
 1.05203242738104e-08   0.00e+00 
 1.05208833053647e-08   0.00e+00 
 1.05214423378979e-08   0.00e+00 
 1.05220013714098e-08   0.00e+00 
 1.05225604059003e-08   0.00e+00 
 1.05231194413695e-08   0.00e+00 
 1.05236784778171e-08   0.00e+00 
 1.05242375152433e-08   0.00e+00 
 1.05247965536478e-08   0.00e+00 
 1.05253555930306e-08   0.00e+00 
 1.05259146333917e-08   0.00e+00 
 1.05264736747309e-08   0.00e+00 
 1.05270327170482e-08   0.00e+00 
 1.05275917603435e-08   0.00e+00 
 1.05281508046167e-08   0.00e+00 
 1.05287098498679e-08   0.00e+00 
 1.05292688960968e-08   0.00e+00 
 1.05298279433034e-08   0.00e+00 
 1.05303869914877e-08   0.00e+00 
 1.05309460406496e-08   0.00e+00 
 1.05315050907889e-08   0.00e+00 
 1.05320641419057e-08   0.00e+00 
 1.05326231939999e-08   0.00e+00 
 1.05331822470713e-08   0.00e+00 
 1.05337413011200e-08   0.00e+00 
 1.05343003561458e-08   0.00e+00 
 1.05348594121486e-08   0.00e+00 
 1.05354184691285e-08   0.00e+00 
 1.05359775270852e-08   0.00e+00 
 1.05365365860188e-08   0.00e+00 
 1.05370956459292e-08   0.00e+00 
 1.05376547068163e-08   0.00e+00 
 1.05382137686801e-08   0.00e+00 
 1.05387728315203e-08   0.00e+00 
 1.05393318953371e-08   0.00e+00 
 1.05398909601303e-08   0.00e+00 
 1.05404500258998e-08   0.00e+00 
 1.05410090926456e-08   0.00e+00 
 1.05415681603675e-08   0.00e+00 
 1.05421272290656e-08   0.00e+00 
 1.05426862987398e-08   0.00e+00 
 1.05432453693899e-08   0.00e+00 
 1.05438044410159e-08   0.00e+00 
 1.05443635136177e-08   0.00e+00 
 1.05449225871953e-08   0.00e+00 
 1.05454816617486e-08   0.00e+00 
 1.05460407372775e-08   0.00e+00 
 1.05465998137819e-08   0.00e+00 
 1.05471588912618e-08   0.00e+00 
 1.05477179697171e-08   0.00e+00 
 1.05482770491477e-08   0.00e+00 
 1.05488361295535e-08   0.00e+00 
 1.05493952109346e-08   0.00e+00 
 1.05499542932907e-08   0.00e+00 
 1.05505133766218e-08   0.00e+00 
 1.05510724609280e-08   0.00e+00 
 1.05516315462090e-08   0.00e+00 
 1.05521906324648e-08   0.00e+00 
 1.05527497196953e-08   0.00e+00 
 1.05533088079005e-08   0.00e+00 
 1.05538678970803e-08   0.00e+00 
 1.05544269872347e-08   0.00e+00 
 1.05549860783634e-08   0.00e+00 
 1.05555451704666e-08   0.00e+00 
 1.05561042635441e-08   0.00e+00 
 1.05566633575957e-08   0.00e+00 
 1.05572224526216e-08   0.00e+00 
 1.05577815486215e-08   0.00e+00 
 1.05583406455955e-08   0.00e+00 
 1.05588997435433e-08   0.00e+00 
 1.05594588424651e-08   0.00e+00 
 1.05600179423607e-08   0.00e+00 
 1.05605770432299e-08   0.00e+00 
 1.05611361450729e-08   0.00e+00 
 1.05616952478894e-08   0.00e+00 
 1.05622543516794e-08   0.00e+00 
 1.05628134564428e-08   0.00e+00 
 1.05633725621796e-08   0.00e+00 
 1.05639316688897e-08   0.00e+00 
 1.05644907765730e-08   0.00e+00 
 1.05650498852295e-08   0.00e+00 
 1.05656089948590e-08   0.00e+00 
 1.05661681054615e-08   0.00e+00 
 1.05667272170370e-08   0.00e+00 
 1.05672863295853e-08   0.00e+00 
 1.05678454431064e-08   0.00e+00 
 1.05684045576002e-08   0.00e+00 
 1.05689636730666e-08   0.00e+00 
 1.05695227895056e-08   0.00e+00 
 1.05700819069171e-08   0.00e+00 
 1.05706410253011e-08   0.00e+00 
 1.05712001446573e-08   0.00e+00 
 1.05717592649859e-08   0.00e+00 
 1.05723183862866e-08   0.00e+00 
 1.05728775085595e-08   0.00e+00 
 1.05734366318044e-08   0.00e+00 
 1.05739957560213e-08   0.00e+00 
 1.05745548812102e-08   0.00e+00 
 1.05751140073709e-08   0.00e+00 
 1.05756731345033e-08   0.00e+00 
 1.05762322626074e-08   0.00e+00 
 1.05767913916832e-08   0.00e+00 
 1.05773505217305e-08   0.00e+00 
 1.05779096527494e-08   0.00e+00 
 1.05784687847396e-08   0.00e+00 
 1.05790279177011e-08   0.00e+00 
 1.05795870516339e-08   0.00e+00 
 1.05801461865380e-08   0.00e+00 
 1.05807053224131e-08   0.00e+00 
 1.05812644592593e-08   0.00e+00 
 1.05818235970764e-08   0.00e+00 
 1.05823827358645e-08   0.00e+00 
 1.05829418756234e-08   0.00e+00 
 1.05835010163530e-08   0.00e+00 
 1.05840601580534e-08   0.00e+00 
 1.05846193007243e-08   0.00e+00 
 1.05851784443658e-08   0.00e+00 
 1.05857375889778e-08   0.00e+00 
 1.05862967345602e-08   0.00e+00 
 1.05868558811128e-08   0.00e+00 
 1.05874150286358e-08   0.00e+00 
 1.05879741771289e-08   0.00e+00 
 1.05885333265922e-08   0.00e+00 
 1.05890924770255e-08   0.00e+00 
 1.05896516284287e-08   0.00e+00 
 1.05902107808019e-08   0.00e+00 
 1.05907699341448e-08   0.00e+00 
 1.05913290884575e-08   0.00e+00 
 1.05918882437399e-08   0.00e+00 
 1.05924473999920e-08   0.00e+00 
 1.05930065572135e-08   0.00e+00 
 1.05935657154045e-08   0.00e+00 
 1.05941248745649e-08   0.00e+00 
 1.05946840346946e-08   0.00e+00 
 1.05952431957936e-08   0.00e+00 
 1.05958023578617e-08   0.00e+00 
 1.05963615208989e-08   0.00e+00 
 1.05969206849052e-08   0.00e+00 
 1.05974798498804e-08   0.00e+00 
 1.05980390158245e-08   0.00e+00 
 1.05985981827375e-08   0.00e+00 
 1.05991573506192e-08   0.00e+00 
 1.05997165194695e-08   0.00e+00 
 1.06002756892884e-08   0.00e+00 
 1.06008348600759e-08   0.00e+00 
 1.06013940318319e-08   0.00e+00 
 1.06019532045562e-08   0.00e+00 
 1.06025123782488e-08   0.00e+00 
 1.06030715529097e-08   0.00e+00 
 1.06036307285387e-08   0.00e+00 
 1.06041899051359e-08   0.00e+00 
 1.06047490827010e-08   0.00e+00 
 1.06053082612341e-08   0.00e+00 
 1.06058674407351e-08   0.00e+00 
 1.06064266212039e-08   0.00e+00 
 1.06069858026405e-08   0.00e+00 
 1.06075449850447e-08   0.00e+00 
 1.06081041684165e-08   0.00e+00 
 1.06086633527558e-08   0.00e+00 
 1.06092225380626e-08   0.00e+00 
 1.06097817243368e-08   0.00e+00 
 1.06103409115782e-08   0.00e+00 
 1.06109000997869e-08   0.00e+00 
 1.06114592889628e-08   0.00e+00 
 1.06120184791058e-08   0.00e+00 
 1.06125776702158e-08   0.00e+00 
 1.06131368622927e-08   0.00e+00 
 1.06136960553365e-08   0.00e+00 
 1.06142552493471e-08   0.00e+00 
 1.06148144443245e-08   0.00e+00 
 1.06153736402685e-08   0.00e+00 
 1.06159328371791e-08   0.00e+00 
 1.06164920350562e-08   0.00e+00 
 1.06170512338998e-08   0.00e+00 
 1.06176104337097e-08   0.00e+00 
 1.06181696344860e-08   0.00e+00 
 1.06187288362284e-08   0.00e+00 
 1.06192880389371e-08   0.00e+00 
 1.06198472426118e-08   0.00e+00 
 1.06204064472526e-08   0.00e+00 
 1.06209656528593e-08   0.00e+00 
 1.06215248594319e-08   0.00e+00 
 1.06220840669702e-08   0.00e+00 
 1.06226432754743e-08   0.00e+00 
 1.06232024849441e-08   0.00e+00 
 1.06237616953795e-08   0.00e+00 
 1.06243209067804e-08   0.00e+00 
 1.06248801191467e-08   0.00e+00 
 1.06254393324784e-08   0.00e+00 
 1.06259985467754e-08   0.00e+00 
 1.06265577620376e-08   0.00e+00 
 1.06271169782650e-08   0.00e+00 
 1.06276761954575e-08   0.00e+00 
 1.06282354136150e-08   0.00e+00 
 1.06287946327374e-08   0.00e+00 
 1.06293538528247e-08   0.00e+00 
 1.06299130738769e-08   0.00e+00 
 1.06304722958937e-08   0.00e+00 
 1.06310315188752e-08   0.00e+00 
 1.06315907428213e-08   0.00e+00 
 1.06321499677320e-08   0.00e+00 
 1.06327091936070e-08   0.00e+00 
 1.06332684204465e-08   0.00e+00 
 1.06338276482502e-08   0.00e+00 
 1.06343868770182e-08   0.00e+00 
 1.06349461067503e-08   0.00e+00 
 1.06355053374465e-08   0.00e+00 
 1.06360645691068e-08   0.00e+00 
 1.06366238017310e-08   0.00e+00 
 1.06371830353190e-08   0.00e+00 
 1.06377422698709e-08   0.00e+00 
 1.06383015053865e-08   0.00e+00 
 1.06388607418658e-08   0.00e+00 
 1.06394199793086e-08   0.00e+00 
 1.06399792177150e-08   0.00e+00 
 1.06405384570848e-08   0.00e+00 
 1.06410976974180e-08   0.00e+00 
 1.06416569387145e-08   0.00e+00 
 1.06422161809742e-08   0.00e+00 
 1.06427754241971e-08   0.00e+00 
 1.06433346683831e-08   0.00e+00 
 1.06438939135321e-08   0.00e+00 
 1.06444531596440e-08   0.00e+00 
 1.06450124067189e-08   0.00e+00 
 1.06455716547565e-08   0.00e+00 
 1.06461309037569e-08   0.00e+00 
 1.06466901537199e-08   0.00e+00 
 1.06472494046455e-08   0.00e+00 
 1.06478086565337e-08   0.00e+00 
 1.06483679093843e-08   0.00e+00 
 1.06489271631973e-08   0.00e+00 
 1.06494864179726e-08   0.00e+00 
 1.06500456737101e-08   0.00e+00 
 1.06506049304098e-08   0.00e+00 
 1.06511641880716e-08   0.00e+00 
 1.06517234466954e-08   0.00e+00 
 1.06522827062811e-08   0.00e+00 
 1.06528419668288e-08   0.00e+00 
 1.06534012283382e-08   0.00e+00 
 1.06539604908094e-08   0.00e+00 
 1.06545197542423e-08   0.00e+00 
 1.06550790186367e-08   0.00e+00 
 1.06556382839927e-08   0.00e+00 
 1.06561975503102e-08   0.00e+00 
 1.06567568175890e-08   0.00e+00 
 1.06573160858291e-08   0.00e+00 
 1.06578753550305e-08   0.00e+00 
 1.06584346251931e-08   0.00e+00 
 1.06589938963167e-08   0.00e+00 
 1.06595531684014e-08   0.00e+00 
 1.06601124414470e-08   0.00e+00 
 1.06606717154536e-08   0.00e+00 
 1.06612309904209e-08   0.00e+00 
 1.06617902663490e-08   0.00e+00 
 1.06623495432377e-08   0.00e+00 
 1.06629088210871e-08   0.00e+00 
 1.06634680998970e-08   0.00e+00 
 1.06640273796674e-08   0.00e+00 
 1.06645866603981e-08   0.00e+00 
 1.06651459420892e-08   0.00e+00 
 1.06657052247405e-08   0.00e+00 
 1.06662645083520e-08   0.00e+00 
 1.06668237929236e-08   0.00e+00 
 1.06673830784553e-08   0.00e+00 
 1.06679423649469e-08   0.00e+00 
 1.06685016523984e-08   0.00e+00 
 1.06690609408097e-08   0.00e+00 
 1.06696202301808e-08   0.00e+00 
 1.06701795205115e-08   0.00e+00 
 1.06707388118019e-08   0.00e+00 
 1.06712981040518e-08   0.00e+00 
 1.06718573972612e-08   0.00e+00 
 1.06724166914300e-08   0.00e+00 
 1.06729759865581e-08   0.00e+00 
 1.06735352826455e-08   0.00e+00 
 1.06740945796920e-08   0.00e+00 
 1.06746538776977e-08   0.00e+00 
 1.06752131766624e-08   0.00e+00 
 1.06757724765861e-08   0.00e+00 
 1.06763317774687e-08   0.00e+00 
 1.06768910793101e-08   0.00e+00 
 1.06774503821103e-08   0.00e+00 
 1.06780096858692e-08   0.00e+00 
 1.06785689905867e-08   0.00e+00 
 1.06791282962628e-08   0.00e+00 
 1.06796876028973e-08   0.00e+00 
 1.06802469104902e-08   0.00e+00 
 1.06808062190415e-08   0.00e+00 
 1.06813655285511e-08   0.00e+00 
 1.06819248390188e-08   0.00e+00 
 1.06824841504447e-08   0.00e+00 
 1.06830434628286e-08   0.00e+00 
 1.06836027761705e-08   0.00e+00 
 1.06841620904703e-08   0.00e+00 
 1.06847214057280e-08   0.00e+00 
 1.06852807219435e-08   0.00e+00 
 1.06858400391166e-08   0.00e+00 
 1.06863993572474e-08   0.00e+00 
 1.06869586763357e-08   0.00e+00 
 1.06875179963816e-08   0.00e+00 
 1.06880773173848e-08   0.00e+00 
 1.06886366393454e-08   0.00e+00 
 1.06891959622633e-08   0.00e+00 
 1.06897552861384e-08   0.00e+00 
 1.06903146109706e-08   0.00e+00 
 1.06908739367599e-08   0.00e+00 
 1.06914332635062e-08   0.00e+00 
 1.06919925912094e-08   0.00e+00 
 1.06925519198695e-08   0.00e+00 
 1.06931112494864e-08   0.00e+00 
 1.06936705800599e-08   0.00e+00 
 1.06942299115902e-08   0.00e+00 
 1.06947892440770e-08   0.00e+00 
 1.06953485775203e-08   0.00e+00 
 1.06959079119200e-08   0.00e+00 
 1.06964672472761e-08   0.00e+00 
 1.06970265835885e-08   0.00e+00 
 1.06975859208571e-08   0.00e+00 
 1.06981452590819e-08   0.00e+00 
 1.06987045982628e-08   0.00e+00 
 1.06992639383996e-08   0.00e+00 
 1.06998232794924e-08   0.00e+00 
 1.07003826215411e-08   0.00e+00 
 1.07009419645456e-08   0.00e+00 
 1.07015013085058e-08   0.00e+00 
 1.07020606534216e-08   0.00e+00 
 1.07026199992931e-08   0.00e+00 
 1.07031793461201e-08   0.00e+00 
 1.07037386939025e-08   0.00e+00 
 1.07042980426403e-08   0.00e+00 
 1.07048573923334e-08   0.00e+00 
 1.07054167429818e-08   0.00e+00 
 1.07059760945853e-08   0.00e+00 
 1.07065354471439e-08   0.00e+00 
 1.07070948006575e-08   0.00e+00 
 1.07076541551261e-08   0.00e+00 
 1.07082135105496e-08   0.00e+00 
 1.07087728669279e-08   0.00e+00 
 1.07093322242610e-08   0.00e+00 
 1.07098915825487e-08   0.00e+00 
 1.07104509417910e-08   0.00e+00 
 1.07110103019879e-08   0.00e+00 
 1.07115696631392e-08   0.00e+00 
 1.07121290252450e-08   0.00e+00 
 1.07126883883050e-08   0.00e+00 
 1.07132477523193e-08   0.00e+00 
 1.07138071172878e-08   0.00e+00 
 1.07143664832104e-08   0.00e+00 
 1.07149258500871e-08   0.00e+00 
 1.07154852179177e-08   0.00e+00 
