 1.00191751135164e-11   1.89e+03 1.89e+03 1.89e+03 1.88e+03 1.87e+03 1.86e+03 1.84e+03 1.82e+03 1.80e+03 1.78e+03 1.75e+03 1.73e+03 1.70e+03 1.67e+03 1.64e+03 1.61e+03 1.58e+03 1.55e+03 1.52e+03 1.49e+03 1.46e+03 1.44e+03 1.41e+03 1.41e+03 1.41e+03 1.41e+03 1.41e+03 1.41e+03 1.41e+03 1.41e+03 1.41e+03 1.41e+03 1.41e+03 1.41e+03 1.41e+03 1.41e+03 1.41e+03 1.41e+03 1.41e+03 1.41e+03 1.41e+03 1.41e+03 1.41e+03 1.41e+03 1.41e+03 1.41e+03 1.41e+03 1.41e+03 1.41e+03 1.41e+03 1.41e+03 1.41e+03 1.41e+03 1.41e+03 1.41e+03 1.40e+03 1.39e+03 1.38e+03 1.37e+03 1.36e+03 1.34e+03 1.33e+03 1.31e+03 1.29e+03 1.27e+03 1.25e+03 1.24e+03 1.22e+03 1.20e+03 1.18e+03 1.16e+03 1.14e+03 1.12e+03 1.10e+03 1.08e+03 1.06e+03 1.04e+03 1.02e+03 1.01e+03 9.88e+02 9.70e+02 9.53e+02 9.36e+02 9.20e+02 9.03e+02 8.87e+02 8.71e+02 8.55e+02 8.40e+02 8.25e+02 8.10e+02 7.95e+02 7.81e+02 7.67e+02 7.53e+02 7.39e+02 7.26e+02 7.13e+02 7.00e+02 6.87e+02 6.75e+02 6.62e+02 6.50e+02 6.38e+02 6.27e+02 6.15e+02 6.04e+02 5.93e+02 5.82e+02 5.72e+02 5.61e+02 5.51e+02 5.41e+02 5.31e+02 5.21e+02 5.12e+02 5.03e+02 4.93e+02 4.84e+02 4.76e+02 4.67e+02 4.59e+02 4.50e+02 4.42e+02 4.34e+02 4.26e+02 4.19e+02 4.11e+02 4.04e+02 3.96e+02 3.89e+02 3.82e+02 3.75e+02 3.68e+02 3.62e+02 3.55e+02 3.49e+02 3.43e+02 3.37e+02 3.31e+02 3.25e+02 3.19e+02 3.13e+02 3.08e+02 3.02e+02 2.97e+02 2.92e+02 2.86e+02 2.81e+02 2.76e+02 2.72e+02 2.67e+02 2.62e+02 2.57e+02 2.53e+02 2.48e+02 2.44e+02 2.40e+02 2.35e+02 2.31e+02 2.27e+02 2.23e+02 2.19e+02 2.15e+02 2.11e+02 2.07e+02 2.03e+02 1.99e+02 1.95e+02 1.91e+02 1.87e+02 1.84e+02 1.80e+02 1.76e+02 1.72e+02 1.68e+02 1.64e+02 1.60e+02 1.57e+02 1.53e+02 1.49e+02 1.45e+02 1.41e+02 1.37e+02 1.33e+02 1.29e+02 1.25e+02 1.21e+02 1.17e+02 1.14e+02 1.10e+02 1.06e+02 1.02e+02 9.85e+01 9.49e+01 9.13e+01 8.78e+01 8.44e+01 8.10e+01 7.78e+01 7.15e+01 6.01e+01 4.19e+01 2.43e+01 2.01e+01 2.00e+01 2.00e+01 2.00e+01 2.00e+01 2.00e+01 2.00e+01 2.00e+01 2.00e+01 
 2.00358065255926e-11   1.75e+03 1.75e+03 1.75e+03 1.74e+03 1.74e+03 1.73e+03 1.72e+03 1.71e+03 1.70e+03 1.69e+03 1.68e+03 1.66e+03 1.65e+03 1.63e+03 1.61e+03 1.60e+03 1.58e+03 1.56e+03 1.54e+03 1.52e+03 1.50e+03 1.48e+03 1.46e+03 1.44e+03 1.41e+03 1.41e+03 1.41e+03 1.41e+03 1.41e+03 1.41e+03 1.41e+03 1.41e+03 1.41e+03 1.41e+03 1.41e+03 1.41e+03 1.41e+03 1.41e+03 1.41e+03 1.41e+03 1.41e+03 1.41e+03 1.41e+03 1.41e+03 1.41e+03 1.41e+03 1.41e+03 1.41e+03 1.41e+03 1.41e+03 1.41e+03 1.41e+03 1.41e+03 1.41e+03 1.40e+03 1.39e+03 1.38e+03 1.36e+03 1.35e+03 1.34e+03 1.32e+03 1.31e+03 1.29e+03 1.28e+03 1.26e+03 1.24e+03 1.23e+03 1.21e+03 1.19e+03 1.17e+03 1.15e+03 1.14e+03 1.12e+03 1.10e+03 1.08e+03 1.06e+03 1.04e+03 1.03e+03 1.01e+03 9.91e+02 9.74e+02 9.56e+02 9.39e+02 9.23e+02 9.06e+02 8.90e+02 8.74e+02 8.58e+02 8.43e+02 8.27e+02 8.12e+02 7.98e+02 7.83e+02 7.69e+02 7.55e+02 7.41e+02 7.28e+02 7.14e+02 7.01e+02 6.89e+02 6.76e+02 6.64e+02 6.52e+02 6.40e+02 6.28e+02 6.16e+02 6.05e+02 5.94e+02 5.83e+02 5.73e+02 5.62e+02 5.52e+02 5.42e+02 5.32e+02 5.22e+02 5.13e+02 5.04e+02 4.94e+02 4.85e+02 4.77e+02 4.68e+02 4.60e+02 4.51e+02 4.43e+02 4.35e+02 4.27e+02 4.20e+02 4.12e+02 4.05e+02 3.98e+02 3.91e+02 3.84e+02 3.77e+02 3.70e+02 3.63e+02 3.57e+02 3.51e+02 3.44e+02 3.38e+02 3.32e+02 3.26e+02 3.21e+02 3.15e+02 3.09e+02 3.04e+02 2.98e+02 2.93e+02 2.88e+02 2.83e+02 2.78e+02 2.73e+02 2.68e+02 2.63e+02 2.58e+02 2.53e+02 2.49e+02 2.44e+02 2.39e+02 2.35e+02 2.31e+02 2.26e+02 2.22e+02 2.17e+02 2.13e+02 2.09e+02 2.05e+02 2.01e+02 1.96e+02 1.92e+02 1.88e+02 1.84e+02 1.80e+02 1.76e+02 1.72e+02 1.68e+02 1.65e+02 1.61e+02 1.57e+02 1.53e+02 1.49e+02 1.46e+02 1.42e+02 1.39e+02 1.35e+02 1.31e+02 1.28e+02 1.25e+02 1.21e+02 1.18e+02 1.15e+02 1.11e+02 1.08e+02 1.05e+02 1.02e+02 9.91e+01 9.62e+01 9.33e+01 9.05e+01 8.78e+01 8.51e+01 7.99e+01 7.02e+01 5.39e+01 3.23e+01 2.11e+01 2.00e+01 2.00e+01 2.00e+01 2.00e+01 2.00e+01 2.00e+01 2.00e+01 2.00e+01 
 3.00493098608872e-11   1.67e+03 1.67e+03 1.67e+03 1.67e+03 1.66e+03 1.66e+03 1.65e+03 1.65e+03 1.64e+03 1.63e+03 1.62e+03 1.61e+03 1.60e+03 1.59e+03 1.58e+03 1.57e+03 1.56e+03 1.54e+03 1.53e+03 1.51e+03 1.50e+03 1.49e+03 1.47e+03 1.46e+03 1.44e+03 1.43e+03 1.41e+03 1.41e+03 1.41e+03 1.41e+03 1.41e+03 1.41e+03 1.41e+03 1.41e+03 1.41e+03 1.41e+03 1.41e+03 1.41e+03 1.41e+03 1.41e+03 1.41e+03 1.41e+03 1.41e+03 1.41e+03 1.41e+03 1.41e+03 1.41e+03 1.41e+03 1.41e+03 1.41e+03 1.41e+03 1.41e+03 1.40e+03 1.39e+03 1.38e+03 1.37e+03 1.36e+03 1.35e+03 1.34e+03 1.32e+03 1.31e+03 1.29e+03 1.28e+03 1.26e+03 1.25e+03 1.23e+03 1.22e+03 1.20e+03 1.18e+03 1.17e+03 1.15e+03 1.13e+03 1.11e+03 1.10e+03 1.08e+03 1.06e+03 1.04e+03 1.03e+03 1.01e+03 9.92e+02 9.75e+02 9.58e+02 9.41e+02 9.25e+02 9.08e+02 8.92e+02 8.76e+02 8.60e+02 8.45e+02 8.30e+02 8.15e+02 8.00e+02 7.85e+02 7.71e+02 7.57e+02 7.43e+02 7.30e+02 7.16e+02 7.03e+02 6.90e+02 6.78e+02 6.65e+02 6.53e+02 6.41e+02 6.29e+02 6.18e+02 6.06e+02 5.95e+02 5.85e+02 5.74e+02 5.63e+02 5.53e+02 5.43e+02 5.33e+02 5.24e+02 5.14e+02 5.05e+02 4.96e+02 4.87e+02 4.78e+02 4.69e+02 4.61e+02 4.53e+02 4.44e+02 4.37e+02 4.29e+02 4.21e+02 4.14e+02 4.06e+02 3.99e+02 3.92e+02 3.85e+02 3.78e+02 3.71e+02 3.65e+02 3.58e+02 3.52e+02 3.46e+02 3.39e+02 3.33e+02 3.27e+02 3.22e+02 3.16e+02 3.10e+02 3.05e+02 2.99e+02 2.94e+02 2.88e+02 2.83e+02 2.78e+02 2.73e+02 2.68e+02 2.63e+02 2.58e+02 2.53e+02 2.48e+02 2.44e+02 2.39e+02 2.34e+02 2.30e+02 2.25e+02 2.21e+02 2.17e+02 2.12e+02 2.08e+02 2.04e+02 2.00e+02 1.96e+02 1.92e+02 1.88e+02 1.84e+02 1.80e+02 1.76e+02 1.72e+02 1.68e+02 1.65e+02 1.61e+02 1.57e+02 1.54e+02 1.50e+02 1.47e+02 1.43e+02 1.40e+02 1.37e+02 1.33e+02 1.30e+02 1.27e+02 1.24e+02 1.21e+02 1.18e+02 1.15e+02 1.12e+02 1.09e+02 1.06e+02 1.04e+02 1.01e+02 9.83e+01 9.58e+01 9.32e+01 9.08e+01 8.60e+01 7.70e+01 6.15e+01 3.93e+01 2.28e+01 2.00e+01 2.00e+01 2.00e+01 2.00e+01 2.00e+01 2.00e+01 2.00e+01 2.00e+01 
 4.00523926636319e-11   1.62e+03 1.62e+03 1.62e+03 1.62e+03 1.61e+03 1.61e+03 1.61e+03 1.60e+03 1.60e+03 1.59e+03 1.58e+03 1.58e+03 1.57e+03 1.56e+03 1.55e+03 1.54e+03 1.53e+03 1.52e+03 1.51e+03 1.50e+03 1.49e+03 1.48e+03 1.47e+03 1.46e+03 1.45e+03 1.44e+03 1.42e+03 1.41e+03 1.41e+03 1.41e+03 1.41e+03 1.41e+03 1.41e+03 1.41e+03 1.41e+03 1.41e+03 1.41e+03 1.41e+03 1.41e+03 1.41e+03 1.41e+03 1.41e+03 1.41e+03 1.41e+03 1.41e+03 1.41e+03 1.41e+03 1.41e+03 1.41e+03 1.41e+03 1.41e+03 1.40e+03 1.39e+03 1.38e+03 1.37e+03 1.36e+03 1.35e+03 1.34e+03 1.32e+03 1.31e+03 1.30e+03 1.28e+03 1.27e+03 1.25e+03 1.24e+03 1.22e+03 1.21e+03 1.19e+03 1.18e+03 1.16e+03 1.14e+03 1.13e+03 1.11e+03 1.09e+03 1.08e+03 1.06e+03 1.04e+03 1.03e+03 1.01e+03 9.92e+02 9.75e+02 9.59e+02 9.42e+02 9.26e+02 9.10e+02 8.94e+02 8.78e+02 8.62e+02 8.47e+02 8.31e+02 8.16e+02 8.02e+02 7.87e+02 7.73e+02 7.59e+02 7.45e+02 7.31e+02 7.18e+02 7.05e+02 6.92e+02 6.79e+02 6.67e+02 6.55e+02 6.43e+02 6.31e+02 6.19e+02 6.08e+02 5.97e+02 5.86e+02 5.75e+02 5.65e+02 5.54e+02 5.44e+02 5.35e+02 5.25e+02 5.15e+02 5.06e+02 4.97e+02 4.88e+02 4.79e+02 4.71e+02 4.62e+02 4.54e+02 4.46e+02 4.38e+02 4.30e+02 4.22e+02 4.15e+02 4.07e+02 4.00e+02 3.93e+02 3.86e+02 3.79e+02 3.72e+02 3.66e+02 3.59e+02 3.53e+02 3.46e+02 3.40e+02 3.34e+02 3.28e+02 3.22e+02 3.16e+02 3.11e+02 3.05e+02 2.99e+02 2.94e+02 2.89e+02 2.83e+02 2.78e+02 2.73e+02 2.68e+02 2.63e+02 2.58e+02 2.53e+02 2.48e+02 2.44e+02 2.39e+02 2.35e+02 2.30e+02 2.26e+02 2.21e+02 2.17e+02 2.13e+02 2.08e+02 2.04e+02 2.00e+02 1.96e+02 1.92e+02 1.88e+02 1.84e+02 1.81e+02 1.77e+02 1.73e+02 1.70e+02 1.66e+02 1.62e+02 1.59e+02 1.56e+02 1.52e+02 1.49e+02 1.46e+02 1.42e+02 1.39e+02 1.36e+02 1.33e+02 1.30e+02 1.27e+02 1.24e+02 1.21e+02 1.19e+02 1.16e+02 1.13e+02 1.11e+02 1.08e+02 1.05e+02 1.03e+02 1.00e+02 9.81e+01 9.57e+01 9.11e+01 8.26e+01 6.75e+01 4.52e+01 2.49e+01 2.02e+01 2.00e+01 2.00e+01 2.00e+01 2.00e+01 2.00e+01 2.00e+01 2.00e+01 
 5.00627089756313e-11   1.58e+03 1.58e+03 1.58e+03 1.58e+03 1.58e+03 1.58e+03 1.57e+03 1.57e+03 1.56e+03 1.56e+03 1.56e+03 1.55e+03 1.54e+03 1.54e+03 1.53e+03 1.52e+03 1.52e+03 1.51e+03 1.50e+03 1.49e+03 1.48e+03 1.47e+03 1.47e+03 1.46e+03 1.45e+03 1.44e+03 1.43e+03 1.42e+03 1.41e+03 1.41e+03 1.41e+03 1.41e+03 1.41e+03 1.41e+03 1.41e+03 1.41e+03 1.41e+03 1.41e+03 1.41e+03 1.41e+03 1.41e+03 1.41e+03 1.41e+03 1.41e+03 1.41e+03 1.41e+03 1.41e+03 1.41e+03 1.41e+03 1.41e+03 1.40e+03 1.39e+03 1.38e+03 1.37e+03 1.36e+03 1.35e+03 1.34e+03 1.33e+03 1.31e+03 1.30e+03 1.29e+03 1.27e+03 1.26e+03 1.25e+03 1.23e+03 1.22e+03 1.20e+03 1.19e+03 1.17e+03 1.15e+03 1.14e+03 1.12e+03 1.11e+03 1.09e+03 1.07e+03 1.06e+03 1.04e+03 1.02e+03 1.01e+03 9.91e+02 9.74e+02 9.58e+02 9.42e+02 9.26e+02 9.10e+02 8.94e+02 8.78e+02 8.63e+02 8.48e+02 8.33e+02 8.18e+02 8.03e+02 7.89e+02 7.74e+02 7.60e+02 7.46e+02 7.33e+02 7.20e+02 7.06e+02 6.93e+02 6.81e+02 6.68e+02 6.56e+02 6.44e+02 6.32e+02 6.21e+02 6.09e+02 5.98e+02 5.87e+02 5.77e+02 5.66e+02 5.56e+02 5.46e+02 5.36e+02 5.26e+02 5.17e+02 5.07e+02 4.98e+02 4.89e+02 4.80e+02 4.72e+02 4.63e+02 4.55e+02 4.47e+02 4.39e+02 4.31e+02 4.23e+02 4.16e+02 4.08e+02 4.01e+02 3.94e+02 3.87e+02 3.80e+02 3.73e+02 3.66e+02 3.60e+02 3.53e+02 3.47e+02 3.41e+02 3.35e+02 3.29e+02 3.23e+02 3.17e+02 3.11e+02 3.06e+02 3.00e+02 2.95e+02 2.89e+02 2.84e+02 2.79e+02 2.74e+02 2.69e+02 2.64e+02 2.59e+02 2.54e+02 2.49e+02 2.45e+02 2.40e+02 2.35e+02 2.31e+02 2.27e+02 2.22e+02 2.18e+02 2.14e+02 2.10e+02 2.06e+02 2.02e+02 1.98e+02 1.94e+02 1.90e+02 1.86e+02 1.82e+02 1.79e+02 1.75e+02 1.72e+02 1.68e+02 1.65e+02 1.61e+02 1.58e+02 1.55e+02 1.52e+02 1.48e+02 1.45e+02 1.42e+02 1.39e+02 1.36e+02 1.33e+02 1.31e+02 1.28e+02 1.25e+02 1.22e+02 1.20e+02 1.17e+02 1.15e+02 1.12e+02 1.10e+02 1.07e+02 1.05e+02 1.02e+02 1.00e+02 9.57e+01 8.74e+01 7.26e+01 5.02e+01 2.72e+01 2.04e+01 2.00e+01 2.00e+01 2.00e+01 2.00e+01 2.00e+01 2.00e+01 2.00e+01 
 6.00775535034880e-11   1.55e+03 1.55e+03 1.55e+03 1.55e+03 1.55e+03 1.55e+03 1.55e+03 1.54e+03 1.54e+03 1.54e+03 1.53e+03 1.53e+03 1.52e+03 1.52e+03 1.51e+03 1.51e+03 1.50e+03 1.49e+03 1.49e+03 1.48e+03 1.47e+03 1.47e+03 1.46e+03 1.45e+03 1.44e+03 1.44e+03 1.43e+03 1.42e+03 1.41e+03 1.41e+03 1.41e+03 1.41e+03 1.41e+03 1.41e+03 1.41e+03 1.41e+03 1.41e+03 1.41e+03 1.41e+03 1.41e+03 1.41e+03 1.41e+03 1.41e+03 1.41e+03 1.41e+03 1.41e+03 1.41e+03 1.41e+03 1.41e+03 1.40e+03 1.39e+03 1.38e+03 1.37e+03 1.36e+03 1.35e+03 1.34e+03 1.33e+03 1.32e+03 1.31e+03 1.29e+03 1.28e+03 1.27e+03 1.25e+03 1.24e+03 1.22e+03 1.21e+03 1.19e+03 1.18e+03 1.16e+03 1.15e+03 1.13e+03 1.12e+03 1.10e+03 1.09e+03 1.07e+03 1.05e+03 1.04e+03 1.02e+03 1.01e+03 9.89e+02 9.73e+02 9.57e+02 9.41e+02 9.25e+02 9.10e+02 8.94e+02 8.79e+02 8.63e+02 8.48e+02 8.33e+02 8.19e+02 8.04e+02 7.90e+02 7.75e+02 7.62e+02 7.48e+02 7.34e+02 7.21e+02 7.08e+02 6.95e+02 6.82e+02 6.70e+02 6.58e+02 6.46e+02 6.34e+02 6.22e+02 6.11e+02 6.00e+02 5.89e+02 5.78e+02 5.67e+02 5.57e+02 5.47e+02 5.37e+02 5.27e+02 5.18e+02 5.08e+02 4.99e+02 4.90e+02 4.81e+02 4.73e+02 4.64e+02 4.56e+02 4.48e+02 4.40e+02 4.32e+02 4.24e+02 4.17e+02 4.09e+02 4.02e+02 3.95e+02 3.88e+02 3.81e+02 3.74e+02 3.67e+02 3.61e+02 3.54e+02 3.48e+02 3.42e+02 3.36e+02 3.29e+02 3.24e+02 3.18e+02 3.12e+02 3.06e+02 3.01e+02 2.95e+02 2.90e+02 2.85e+02 2.80e+02 2.75e+02 2.70e+02 2.65e+02 2.60e+02 2.55e+02 2.50e+02 2.46e+02 2.41e+02 2.37e+02 2.32e+02 2.28e+02 2.24e+02 2.19e+02 2.15e+02 2.11e+02 2.07e+02 2.03e+02 1.99e+02 1.96e+02 1.92e+02 1.88e+02 1.85e+02 1.81e+02 1.77e+02 1.74e+02 1.71e+02 1.67e+02 1.64e+02 1.61e+02 1.58e+02 1.54e+02 1.51e+02 1.48e+02 1.45e+02 1.42e+02 1.40e+02 1.37e+02 1.34e+02 1.31e+02 1.29e+02 1.26e+02 1.23e+02 1.21e+02 1.18e+02 1.16e+02 1.13e+02 1.11e+02 1.09e+02 1.07e+02 1.04e+02 9.99e+01 9.17e+01 7.72e+01 5.45e+01 2.97e+01 2.06e+01 2.00e+01 2.00e+01 2.00e+01 2.00e+01 2.00e+01 2.00e+01 2.00e+01 
 7.00948317865034e-11   1.53e+03 1.53e+03 1.53e+03 1.53e+03 1.53e+03 1.53e+03 1.52e+03 1.52e+03 1.52e+03 1.52e+03 1.51e+03 1.51e+03 1.51e+03 1.50e+03 1.50e+03 1.49e+03 1.49e+03 1.48e+03 1.48e+03 1.47e+03 1.47e+03 1.46e+03 1.45e+03 1.45e+03 1.44e+03 1.44e+03 1.43e+03 1.42e+03 1.42e+03 1.41e+03 1.41e+03 1.41e+03 1.41e+03 1.41e+03 1.41e+03 1.41e+03 1.41e+03 1.41e+03 1.41e+03 1.41e+03 1.41e+03 1.41e+03 1.41e+03 1.41e+03 1.41e+03 1.41e+03 1.41e+03 1.41e+03 1.41e+03 1.40e+03 1.39e+03 1.38e+03 1.37e+03 1.36e+03 1.35e+03 1.33e+03 1.32e+03 1.31e+03 1.30e+03 1.28e+03 1.27e+03 1.26e+03 1.24e+03 1.23e+03 1.22e+03 1.20e+03 1.19e+03 1.17e+03 1.16e+03 1.14e+03 1.13e+03 1.11e+03 1.10e+03 1.08e+03 1.07e+03 1.05e+03 1.03e+03 1.02e+03 1.00e+03 9.87e+02 9.71e+02 9.56e+02 9.40e+02 9.25e+02 9.09e+02 8.94e+02 8.78e+02 8.63e+02 8.48e+02 8.34e+02 8.19e+02 8.05e+02 7.90e+02 7.76e+02 7.62e+02 7.49e+02 7.35e+02 7.22e+02 7.09e+02 6.96e+02 6.83e+02 6.71e+02 6.59e+02 6.47e+02 6.35e+02 6.23e+02 6.12e+02 6.01e+02 5.90e+02 5.79e+02 5.69e+02 5.58e+02 5.48e+02 5.38e+02 5.29e+02 5.19e+02 5.10e+02 5.00e+02 4.91e+02 4.83e+02 4.74e+02 4.65e+02 4.57e+02 4.49e+02 4.41e+02 4.33e+02 4.25e+02 4.18e+02 4.10e+02 4.03e+02 3.96e+02 3.89e+02 3.82e+02 3.75e+02 3.68e+02 3.62e+02 3.55e+02 3.49e+02 3.43e+02 3.37e+02 3.31e+02 3.25e+02 3.19e+02 3.13e+02 3.08e+02 3.02e+02 2.97e+02 2.91e+02 2.86e+02 2.81e+02 2.76e+02 2.71e+02 2.66e+02 2.61e+02 2.56e+02 2.52e+02 2.47e+02 2.43e+02 2.38e+02 2.34e+02 2.30e+02 2.25e+02 2.21e+02 2.17e+02 2.13e+02 2.09e+02 2.05e+02 2.02e+02 1.98e+02 1.94e+02 1.91e+02 1.87e+02 1.83e+02 1.80e+02 1.77e+02 1.73e+02 1.70e+02 1.67e+02 1.64e+02 1.60e+02 1.57e+02 1.54e+02 1.51e+02 1.48e+02 1.46e+02 1.43e+02 1.40e+02 1.37e+02 1.35e+02 1.32e+02 1.29e+02 1.27e+02 1.24e+02 1.22e+02 1.20e+02 1.17e+02 1.15e+02 1.13e+02 1.10e+02 1.08e+02 1.04e+02 9.57e+01 8.13e+01 5.85e+01 3.22e+01 2.09e+01 2.00e+01 2.00e+01 2.00e+01 2.00e+01 2.00e+01 2.00e+01 2.00e+01 
 8.01128492096800e-11   1.51e+03 1.51e+03 1.51e+03 1.51e+03 1.51e+03 1.51e+03 1.51e+03 1.50e+03 1.50e+03 1.50e+03 1.50e+03 1.49e+03 1.49e+03 1.49e+03 1.48e+03 1.48e+03 1.48e+03 1.47e+03 1.47e+03 1.46e+03 1.46e+03 1.45e+03 1.45e+03 1.44e+03 1.44e+03 1.43e+03 1.43e+03 1.42e+03 1.42e+03 1.41e+03 1.41e+03 1.41e+03 1.41e+03 1.41e+03 1.41e+03 1.41e+03 1.41e+03 1.41e+03 1.41e+03 1.41e+03 1.41e+03 1.41e+03 1.41e+03 1.41e+03 1.41e+03 1.41e+03 1.41e+03 1.41e+03 1.40e+03 1.39e+03 1.38e+03 1.37e+03 1.36e+03 1.35e+03 1.34e+03 1.33e+03 1.31e+03 1.30e+03 1.29e+03 1.28e+03 1.26e+03 1.25e+03 1.24e+03 1.22e+03 1.21e+03 1.20e+03 1.18e+03 1.17e+03 1.15e+03 1.14e+03 1.12e+03 1.11e+03 1.09e+03 1.08e+03 1.06e+03 1.05e+03 1.03e+03 1.02e+03 1.00e+03 9.85e+02 9.69e+02 9.54e+02 9.39e+02 9.23e+02 9.08e+02 8.93e+02 8.78e+02 8.63e+02 8.48e+02 8.34e+02 8.19e+02 8.05e+02 7.91e+02 7.77e+02 7.63e+02 7.49e+02 7.36e+02 7.23e+02 7.10e+02 6.97e+02 6.84e+02 6.72e+02 6.60e+02 6.48e+02 6.36e+02 6.25e+02 6.13e+02 6.02e+02 5.91e+02 5.80e+02 5.70e+02 5.60e+02 5.49e+02 5.40e+02 5.30e+02 5.20e+02 5.11e+02 5.02e+02 4.93e+02 4.84e+02 4.75e+02 4.67e+02 4.58e+02 4.50e+02 4.42e+02 4.34e+02 4.26e+02 4.19e+02 4.11e+02 4.04e+02 3.97e+02 3.90e+02 3.83e+02 3.76e+02 3.69e+02 3.63e+02 3.56e+02 3.50e+02 3.44e+02 3.38e+02 3.32e+02 3.26e+02 3.20e+02 3.14e+02 3.09e+02 3.03e+02 2.98e+02 2.93e+02 2.88e+02 2.82e+02 2.77e+02 2.72e+02 2.68e+02 2.63e+02 2.58e+02 2.54e+02 2.49e+02 2.45e+02 2.40e+02 2.36e+02 2.32e+02 2.27e+02 2.23e+02 2.19e+02 2.15e+02 2.12e+02 2.08e+02 2.04e+02 2.00e+02 1.97e+02 1.93e+02 1.89e+02 1.86e+02 1.83e+02 1.79e+02 1.76e+02 1.73e+02 1.70e+02 1.66e+02 1.63e+02 1.60e+02 1.57e+02 1.54e+02 1.52e+02 1.49e+02 1.46e+02 1.43e+02 1.41e+02 1.38e+02 1.35e+02 1.33e+02 1.30e+02 1.28e+02 1.25e+02 1.23e+02 1.21e+02 1.18e+02 1.16e+02 1.14e+02 1.12e+02 1.07e+02 9.94e+01 8.51e+01 6.21e+01 3.46e+01 2.13e+01 2.00e+01 2.00e+01 2.00e+01 2.00e+01 2.00e+01 2.00e+01 2.00e+01 
 9.01302024045798e-11   1.50e+03 1.50e+03 1.50e+03 1.50e+03 1.49e+03 1.49e+03 1.49e+03 1.49e+03 1.49e+03 1.49e+03 1.48e+03 1.48e+03 1.48e+03 1.48e+03 1.47e+03 1.47e+03 1.47e+03 1.46e+03 1.46e+03 1.46e+03 1.45e+03 1.45e+03 1.44e+03 1.44e+03 1.44e+03 1.43e+03 1.43e+03 1.42e+03 1.42e+03 1.42e+03 1.41e+03 1.41e+03 1.41e+03 1.41e+03 1.41e+03 1.41e+03 1.41e+03 1.41e+03 1.41e+03 1.41e+03 1.41e+03 1.41e+03 1.41e+03 1.41e+03 1.41e+03 1.41e+03 1.41e+03 1.40e+03 1.39e+03 1.38e+03 1.37e+03 1.36e+03 1.35e+03 1.34e+03 1.33e+03 1.32e+03 1.31e+03 1.30e+03 1.28e+03 1.27e+03 1.26e+03 1.24e+03 1.23e+03 1.22e+03 1.20e+03 1.19e+03 1.18e+03 1.16e+03 1.15e+03 1.13e+03 1.12e+03 1.10e+03 1.09e+03 1.07e+03 1.06e+03 1.04e+03 1.03e+03 1.01e+03 9.98e+02 9.83e+02 9.67e+02 9.52e+02 9.37e+02 9.22e+02 9.07e+02 8.92e+02 8.77e+02 8.62e+02 8.48e+02 8.33e+02 8.19e+02 8.05e+02 7.91e+02 7.77e+02 7.63e+02 7.50e+02 7.37e+02 7.23e+02 7.11e+02 6.98e+02 6.85e+02 6.73e+02 6.61e+02 6.49e+02 6.37e+02 6.26e+02 6.14e+02 6.03e+02 5.92e+02 5.82e+02 5.71e+02 5.61e+02 5.51e+02 5.41e+02 5.31e+02 5.21e+02 5.12e+02 5.03e+02 4.94e+02 4.85e+02 4.76e+02 4.68e+02 4.59e+02 4.51e+02 4.43e+02 4.35e+02 4.27e+02 4.20e+02 4.12e+02 4.05e+02 3.98e+02 3.91e+02 3.84e+02 3.77e+02 3.71e+02 3.64e+02 3.58e+02 3.51e+02 3.45e+02 3.39e+02 3.33e+02 3.27e+02 3.22e+02 3.16e+02 3.10e+02 3.05e+02 3.00e+02 2.94e+02 2.89e+02 2.84e+02 2.79e+02 2.74e+02 2.69e+02 2.65e+02 2.60e+02 2.55e+02 2.51e+02 2.47e+02 2.42e+02 2.38e+02 2.34e+02 2.30e+02 2.26e+02 2.22e+02 2.18e+02 2.14e+02 2.10e+02 2.06e+02 2.03e+02 1.99e+02 1.96e+02 1.92e+02 1.89e+02 1.85e+02 1.82e+02 1.79e+02 1.75e+02 1.72e+02 1.69e+02 1.66e+02 1.63e+02 1.60e+02 1.57e+02 1.55e+02 1.52e+02 1.49e+02 1.46e+02 1.44e+02 1.41e+02 1.38e+02 1.36e+02 1.33e+02 1.31e+02 1.29e+02 1.26e+02 1.24e+02 1.22e+02 1.19e+02 1.17e+02 1.15e+02 1.11e+02 1.03e+02 8.86e+01 6.55e+01 3.71e+01 2.17e+01 2.00e+01 2.00e+01 2.00e+01 2.00e+01 2.00e+01 2.00e+01 2.00e+01 
 1.00145708799153e-10   1.48e+03 1.48e+03 1.48e+03 1.48e+03 1.48e+03 1.48e+03 1.48e+03 1.48e+03 1.48e+03 1.48e+03 1.47e+03 1.47e+03 1.47e+03 1.47e+03 1.47e+03 1.46e+03 1.46e+03 1.46e+03 1.45e+03 1.45e+03 1.45e+03 1.44e+03 1.44e+03 1.44e+03 1.43e+03 1.43e+03 1.43e+03 1.42e+03 1.42e+03 1.41e+03 1.41e+03 1.41e+03 1.41e+03 1.41e+03 1.41e+03 1.41e+03 1.41e+03 1.41e+03 1.41e+03 1.41e+03 1.41e+03 1.41e+03 1.41e+03 1.41e+03 1.41e+03 1.41e+03 1.41e+03 1.40e+03 1.39e+03 1.38e+03 1.37e+03 1.36e+03 1.35e+03 1.34e+03 1.32e+03 1.31e+03 1.30e+03 1.29e+03 1.28e+03 1.26e+03 1.25e+03 1.24e+03 1.23e+03 1.21e+03 1.20e+03 1.19e+03 1.17e+03 1.16e+03 1.14e+03 1.13e+03 1.11e+03 1.10e+03 1.08e+03 1.07e+03 1.06e+03 1.04e+03 1.03e+03 1.01e+03 9.95e+02 9.80e+02 9.65e+02 9.50e+02 9.35e+02 9.20e+02 9.06e+02 8.91e+02 8.76e+02 8.62e+02 8.47e+02 8.33e+02 8.19e+02 8.05e+02 7.91e+02 7.77e+02 7.64e+02 7.50e+02 7.37e+02 7.24e+02 7.11e+02 6.98e+02 6.86e+02 6.74e+02 6.62e+02 6.50e+02 6.38e+02 6.27e+02 6.15e+02 6.04e+02 5.93e+02 5.83e+02 5.72e+02 5.62e+02 5.52e+02 5.42e+02 5.32e+02 5.22e+02 5.13e+02 5.04e+02 4.95e+02 4.86e+02 4.77e+02 4.69e+02 4.61e+02 4.52e+02 4.44e+02 4.36e+02 4.29e+02 4.21e+02 4.14e+02 4.06e+02 3.99e+02 3.92e+02 3.85e+02 3.79e+02 3.72e+02 3.65e+02 3.59e+02 3.53e+02 3.47e+02 3.41e+02 3.35e+02 3.29e+02 3.23e+02 3.18e+02 3.12e+02 3.07e+02 3.01e+02 2.96e+02 2.91e+02 2.86e+02 2.81e+02 2.76e+02 2.71e+02 2.67e+02 2.62e+02 2.57e+02 2.53e+02 2.49e+02 2.44e+02 2.40e+02 2.36e+02 2.32e+02 2.28e+02 2.24e+02 2.20e+02 2.16e+02 2.12e+02 2.09e+02 2.05e+02 2.02e+02 1.98e+02 1.95e+02 1.91e+02 1.88e+02 1.85e+02 1.81e+02 1.78e+02 1.75e+02 1.72e+02 1.69e+02 1.66e+02 1.63e+02 1.60e+02 1.58e+02 1.55e+02 1.52e+02 1.49e+02 1.47e+02 1.44e+02 1.42e+02 1.39e+02 1.37e+02 1.34e+02 1.32e+02 1.29e+02 1.27e+02 1.25e+02 1.23e+02 1.21e+02 1.18e+02 1.14e+02 1.06e+02 9.19e+01 6.87e+01 3.95e+01 2.22e+01 2.00e+01 2.00e+01 2.00e+01 2.00e+01 2.00e+01 2.00e+01 2.00e+01 
 1.10158356105189e-10   1.47e+03 1.47e+03 1.47e+03 1.47e+03 1.47e+03 1.47e+03 1.47e+03 1.47e+03 1.47e+03 1.47e+03 1.47e+03 1.46e+03 1.46e+03 1.46e+03 1.46e+03 1.46e+03 1.45e+03 1.45e+03 1.45e+03 1.45e+03 1.44e+03 1.44e+03 1.44e+03 1.43e+03 1.43e+03 1.43e+03 1.42e+03 1.42e+03 1.42e+03 1.41e+03 1.41e+03 1.41e+03 1.41e+03 1.41e+03 1.41e+03 1.41e+03 1.41e+03 1.41e+03 1.41e+03 1.41e+03 1.41e+03 1.41e+03 1.41e+03 1.41e+03 1.41e+03 1.41e+03 1.40e+03 1.39e+03 1.38e+03 1.37e+03 1.36e+03 1.35e+03 1.34e+03 1.33e+03 1.32e+03 1.31e+03 1.30e+03 1.28e+03 1.27e+03 1.26e+03 1.25e+03 1.23e+03 1.22e+03 1.21e+03 1.19e+03 1.18e+03 1.17e+03 1.15e+03 1.14e+03 1.12e+03 1.11e+03 1.10e+03 1.08e+03 1.07e+03 1.05e+03 1.04e+03 1.02e+03 1.01e+03 9.92e+02 9.78e+02 9.63e+02 9.48e+02 9.33e+02 9.19e+02 9.04e+02 8.90e+02 8.75e+02 8.61e+02 8.46e+02 8.32e+02 8.18e+02 8.04e+02 7.91e+02 7.77e+02 7.64e+02 7.50e+02 7.37e+02 7.24e+02 7.11e+02 6.99e+02 6.86e+02 6.74e+02 6.62e+02 6.50e+02 6.39e+02 6.27e+02 6.16e+02 6.05e+02 5.94e+02 5.84e+02 5.73e+02 5.63e+02 5.53e+02 5.43e+02 5.33e+02 5.24e+02 5.14e+02 5.05e+02 4.96e+02 4.87e+02 4.79e+02 4.70e+02 4.62e+02 4.54e+02 4.46e+02 4.38e+02 4.30e+02 4.23e+02 4.15e+02 4.08e+02 4.01e+02 3.94e+02 3.87e+02 3.80e+02 3.74e+02 3.67e+02 3.61e+02 3.54e+02 3.48e+02 3.42e+02 3.36e+02 3.31e+02 3.25e+02 3.19e+02 3.14e+02 3.08e+02 3.03e+02 2.98e+02 2.93e+02 2.88e+02 2.83e+02 2.78e+02 2.73e+02 2.69e+02 2.64e+02 2.60e+02 2.55e+02 2.51e+02 2.47e+02 2.42e+02 2.38e+02 2.34e+02 2.30e+02 2.26e+02 2.22e+02 2.19e+02 2.15e+02 2.11e+02 2.08e+02 2.04e+02 2.01e+02 1.97e+02 1.94e+02 1.91e+02 1.87e+02 1.84e+02 1.81e+02 1.78e+02 1.75e+02 1.72e+02 1.69e+02 1.66e+02 1.63e+02 1.60e+02 1.58e+02 1.55e+02 1.52e+02 1.50e+02 1.47e+02 1.45e+02 1.42e+02 1.40e+02 1.37e+02 1.35e+02 1.33e+02 1.30e+02 1.28e+02 1.26e+02 1.24e+02 1.21e+02 1.17e+02 1.09e+02 9.51e+01 7.18e+01 4.18e+01 2.28e+01 2.00e+01 2.00e+01 2.00e+01 2.00e+01 2.00e+01 2.00e+01 2.00e+01 
 1.20167264844326e-10   1.47e+03 1.47e+03 1.46e+03 1.46e+03 1.46e+03 1.46e+03 1.46e+03 1.46e+03 1.46e+03 1.46e+03 1.46e+03 1.46e+03 1.45e+03 1.45e+03 1.45e+03 1.45e+03 1.45e+03 1.45e+03 1.44e+03 1.44e+03 1.44e+03 1.44e+03 1.43e+03 1.43e+03 1.43e+03 1.42e+03 1.42e+03 1.42e+03 1.42e+03 1.41e+03 1.41e+03 1.41e+03 1.41e+03 1.41e+03 1.41e+03 1.41e+03 1.41e+03 1.41e+03 1.41e+03 1.41e+03 1.41e+03 1.41e+03 1.41e+03 1.41e+03 1.41e+03 1.40e+03 1.39e+03 1.39e+03 1.38e+03 1.37e+03 1.36e+03 1.35e+03 1.34e+03 1.32e+03 1.31e+03 1.30e+03 1.29e+03 1.28e+03 1.27e+03 1.25e+03 1.24e+03 1.23e+03 1.21e+03 1.20e+03 1.19e+03 1.17e+03 1.16e+03 1.15e+03 1.13e+03 1.12e+03 1.11e+03 1.09e+03 1.08e+03 1.06e+03 1.05e+03 1.03e+03 1.02e+03 1.00e+03 9.90e+02 9.75e+02 9.61e+02 9.46e+02 9.31e+02 9.17e+02 9.02e+02 8.88e+02 8.74e+02 8.60e+02 8.45e+02 8.31e+02 8.18e+02 8.04e+02 7.90e+02 7.77e+02 7.63e+02 7.50e+02 7.37e+02 7.24e+02 7.12e+02 6.99e+02 6.87e+02 6.75e+02 6.63e+02 6.51e+02 6.39e+02 6.28e+02 6.17e+02 6.06e+02 5.95e+02 5.85e+02 5.74e+02 5.64e+02 5.54e+02 5.44e+02 5.34e+02 5.25e+02 5.15e+02 5.06e+02 4.97e+02 4.89e+02 4.80e+02 4.71e+02 4.63e+02 4.55e+02 4.47e+02 4.39e+02 4.32e+02 4.24e+02 4.17e+02 4.09e+02 4.02e+02 3.95e+02 3.88e+02 3.82e+02 3.75e+02 3.69e+02 3.62e+02 3.56e+02 3.50e+02 3.44e+02 3.38e+02 3.32e+02 3.27e+02 3.21e+02 3.16e+02 3.10e+02 3.05e+02 3.00e+02 2.95e+02 2.90e+02 2.85e+02 2.80e+02 2.75e+02 2.71e+02 2.66e+02 2.62e+02 2.57e+02 2.53e+02 2.49e+02 2.45e+02 2.41e+02 2.37e+02 2.33e+02 2.29e+02 2.25e+02 2.21e+02 2.17e+02 2.14e+02 2.10e+02 2.07e+02 2.03e+02 2.00e+02 1.96e+02 1.93e+02 1.90e+02 1.87e+02 1.84e+02 1.81e+02 1.78e+02 1.75e+02 1.72e+02 1.69e+02 1.66e+02 1.63e+02 1.60e+02 1.58e+02 1.55e+02 1.53e+02 1.50e+02 1.47e+02 1.45e+02 1.43e+02 1.40e+02 1.38e+02 1.36e+02 1.33e+02 1.31e+02 1.29e+02 1.27e+02 1.24e+02 1.20e+02 1.12e+02 9.81e+01 7.46e+01 4.40e+01 2.33e+01 2.01e+01 2.00e+01 2.00e+01 2.00e+01 2.00e+01 2.00e+01 2.00e+01 
 1.30171660224173e-10   1.46e+03 1.46e+03 1.46e+03 1.46e+03 1.46e+03 1.46e+03 1.46e+03 1.45e+03 1.45e+03 1.45e+03 1.45e+03 1.45e+03 1.45e+03 1.45e+03 1.45e+03 1.44e+03 1.44e+03 1.44e+03 1.44e+03 1.44e+03 1.43e+03 1.43e+03 1.43e+03 1.43e+03 1.43e+03 1.42e+03 1.42e+03 1.42e+03 1.42e+03 1.41e+03 1.41e+03 1.41e+03 1.41e+03 1.41e+03 1.41e+03 1.41e+03 1.41e+03 1.41e+03 1.41e+03 1.41e+03 1.41e+03 1.41e+03 1.41e+03 1.41e+03 1.41e+03 1.40e+03 1.39e+03 1.38e+03 1.37e+03 1.36e+03 1.35e+03 1.34e+03 1.33e+03 1.32e+03 1.31e+03 1.30e+03 1.28e+03 1.27e+03 1.26e+03 1.25e+03 1.24e+03 1.22e+03 1.21e+03 1.20e+03 1.18e+03 1.17e+03 1.16e+03 1.14e+03 1.13e+03 1.12e+03 1.10e+03 1.09e+03 1.07e+03 1.06e+03 1.04e+03 1.03e+03 1.02e+03 1.00e+03 9.87e+02 9.73e+02 9.58e+02 9.44e+02 9.29e+02 9.15e+02 9.01e+02 8.87e+02 8.72e+02 8.58e+02 8.44e+02 8.31e+02 8.17e+02 8.03e+02 7.90e+02 7.76e+02 7.63e+02 7.50e+02 7.37e+02 7.24e+02 7.12e+02 6.99e+02 6.87e+02 6.75e+02 6.63e+02 6.52e+02 6.40e+02 6.29e+02 6.18e+02 6.07e+02 5.96e+02 5.85e+02 5.75e+02 5.65e+02 5.55e+02 5.45e+02 5.35e+02 5.26e+02 5.17e+02 5.08e+02 4.99e+02 4.90e+02 4.81e+02 4.73e+02 4.65e+02 4.56e+02 4.48e+02 4.41e+02 4.33e+02 4.25e+02 4.18e+02 4.11e+02 4.04e+02 3.97e+02 3.90e+02 3.83e+02 3.77e+02 3.70e+02 3.64e+02 3.58e+02 3.52e+02 3.46e+02 3.40e+02 3.34e+02 3.29e+02 3.23e+02 3.18e+02 3.12e+02 3.07e+02 3.02e+02 2.97e+02 2.92e+02 2.87e+02 2.82e+02 2.78e+02 2.73e+02 2.68e+02 2.64e+02 2.60e+02 2.55e+02 2.51e+02 2.47e+02 2.43e+02 2.39e+02 2.35e+02 2.31e+02 2.27e+02 2.24e+02 2.20e+02 2.16e+02 2.13e+02 2.09e+02 2.06e+02 2.02e+02 1.99e+02 1.96e+02 1.93e+02 1.89e+02 1.86e+02 1.83e+02 1.80e+02 1.77e+02 1.74e+02 1.72e+02 1.69e+02 1.66e+02 1.63e+02 1.61e+02 1.58e+02 1.55e+02 1.53e+02 1.50e+02 1.48e+02 1.45e+02 1.43e+02 1.41e+02 1.38e+02 1.36e+02 1.34e+02 1.32e+02 1.30e+02 1.27e+02 1.23e+02 1.15e+02 1.01e+02 7.74e+01 4.63e+01 2.40e+01 2.01e+01 2.00e+01 2.00e+01 2.00e+01 2.00e+01 2.00e+01 2.00e+01 
 1.40192991317648e-10   1.45e+03 1.45e+03 1.45e+03 1.45e+03 1.45e+03 1.45e+03 1.45e+03 1.45e+03 1.45e+03 1.45e+03 1.45e+03 1.44e+03 1.44e+03 1.44e+03 1.44e+03 1.44e+03 1.44e+03 1.44e+03 1.44e+03 1.43e+03 1.43e+03 1.43e+03 1.43e+03 1.43e+03 1.42e+03 1.42e+03 1.42e+03 1.42e+03 1.42e+03 1.41e+03 1.41e+03 1.41e+03 1.41e+03 1.41e+03 1.41e+03 1.41e+03 1.41e+03 1.41e+03 1.41e+03 1.41e+03 1.41e+03 1.41e+03 1.41e+03 1.41e+03 1.40e+03 1.39e+03 1.39e+03 1.38e+03 1.37e+03 1.36e+03 1.35e+03 1.34e+03 1.32e+03 1.31e+03 1.30e+03 1.29e+03 1.28e+03 1.27e+03 1.25e+03 1.24e+03 1.23e+03 1.22e+03 1.20e+03 1.19e+03 1.18e+03 1.17e+03 1.15e+03 1.14e+03 1.13e+03 1.11e+03 1.10e+03 1.08e+03 1.07e+03 1.06e+03 1.04e+03 1.03e+03 1.01e+03 9.99e+02 9.84e+02 9.70e+02 9.56e+02 9.42e+02 9.27e+02 9.13e+02 8.99e+02 8.85e+02 8.71e+02 8.57e+02 8.43e+02 8.30e+02 8.16e+02 8.02e+02 7.89e+02 7.76e+02 7.63e+02 7.50e+02 7.37e+02 7.24e+02 7.12e+02 7.00e+02 6.87e+02 6.75e+02 6.64e+02 6.52e+02 6.41e+02 6.29e+02 6.18e+02 6.07e+02 5.97e+02 5.86e+02 5.76e+02 5.66e+02 5.56e+02 5.46e+02 5.36e+02 5.27e+02 5.18e+02 5.09e+02 5.00e+02 4.91e+02 4.83e+02 4.74e+02 4.66e+02 4.58e+02 4.50e+02 4.42e+02 4.34e+02 4.27e+02 4.20e+02 4.12e+02 4.05e+02 3.99e+02 3.92e+02 3.85e+02 3.79e+02 3.72e+02 3.66e+02 3.60e+02 3.54e+02 3.48e+02 3.42e+02 3.36e+02 3.31e+02 3.25e+02 3.20e+02 3.14e+02 3.09e+02 3.04e+02 2.99e+02 2.94e+02 2.89e+02 2.84e+02 2.80e+02 2.75e+02 2.71e+02 2.66e+02 2.62e+02 2.58e+02 2.53e+02 2.49e+02 2.45e+02 2.41e+02 2.37e+02 2.33e+02 2.30e+02 2.26e+02 2.22e+02 2.19e+02 2.15e+02 2.12e+02 2.08e+02 2.05e+02 2.02e+02 1.98e+02 1.95e+02 1.92e+02 1.89e+02 1.86e+02 1.83e+02 1.80e+02 1.77e+02 1.74e+02 1.71e+02 1.69e+02 1.66e+02 1.63e+02 1.61e+02 1.58e+02 1.56e+02 1.53e+02 1.51e+02 1.48e+02 1.46e+02 1.43e+02 1.41e+02 1.39e+02 1.37e+02 1.34e+02 1.32e+02 1.30e+02 1.26e+02 1.18e+02 1.04e+02 8.01e+01 4.84e+01 2.46e+01 2.01e+01 2.00e+01 2.00e+01 2.00e+01 2.00e+01 2.00e+01 2.00e+01 
 1.50208564932128e-10   1.45e+03 1.45e+03 1.45e+03 1.45e+03 1.45e+03 1.44e+03 1.44e+03 1.44e+03 1.44e+03 1.44e+03 1.44e+03 1.44e+03 1.44e+03 1.44e+03 1.44e+03 1.44e+03 1.43e+03 1.43e+03 1.43e+03 1.43e+03 1.43e+03 1.43e+03 1.43e+03 1.42e+03 1.42e+03 1.42e+03 1.42e+03 1.42e+03 1.42e+03 1.41e+03 1.41e+03 1.41e+03 1.41e+03 1.41e+03 1.41e+03 1.41e+03 1.41e+03 1.41e+03 1.41e+03 1.41e+03 1.41e+03 1.41e+03 1.41e+03 1.41e+03 1.40e+03 1.39e+03 1.38e+03 1.37e+03 1.36e+03 1.35e+03 1.34e+03 1.33e+03 1.32e+03 1.31e+03 1.30e+03 1.29e+03 1.27e+03 1.26e+03 1.25e+03 1.24e+03 1.23e+03 1.21e+03 1.20e+03 1.19e+03 1.17e+03 1.16e+03 1.15e+03 1.13e+03 1.12e+03 1.11e+03 1.09e+03 1.08e+03 1.07e+03 1.05e+03 1.04e+03 1.02e+03 1.01e+03 9.96e+02 9.82e+02 9.68e+02 9.54e+02 9.39e+02 9.25e+02 9.11e+02 8.97e+02 8.83e+02 8.70e+02 8.56e+02 8.42e+02 8.29e+02 8.15e+02 8.02e+02 7.88e+02 7.75e+02 7.62e+02 7.50e+02 7.37e+02 7.24e+02 7.12e+02 7.00e+02 6.88e+02 6.76e+02 6.64e+02 6.53e+02 6.41e+02 6.30e+02 6.19e+02 6.08e+02 5.98e+02 5.87e+02 5.77e+02 5.67e+02 5.57e+02 5.47e+02 5.38e+02 5.28e+02 5.19e+02 5.10e+02 5.01e+02 4.92e+02 4.84e+02 4.76e+02 4.67e+02 4.59e+02 4.51e+02 4.44e+02 4.36e+02 4.29e+02 4.21e+02 4.14e+02 4.07e+02 4.00e+02 3.93e+02 3.87e+02 3.80e+02 3.74e+02 3.68e+02 3.62e+02 3.56e+02 3.50e+02 3.44e+02 3.38e+02 3.33e+02 3.27e+02 3.22e+02 3.16e+02 3.11e+02 3.06e+02 3.01e+02 2.96e+02 2.91e+02 2.87e+02 2.82e+02 2.77e+02 2.73e+02 2.69e+02 2.64e+02 2.60e+02 2.56e+02 2.52e+02 2.48e+02 2.44e+02 2.40e+02 2.36e+02 2.32e+02 2.28e+02 2.25e+02 2.21e+02 2.18e+02 2.14e+02 2.11e+02 2.07e+02 2.04e+02 2.01e+02 1.98e+02 1.95e+02 1.92e+02 1.89e+02 1.86e+02 1.83e+02 1.80e+02 1.77e+02 1.74e+02 1.71e+02 1.69e+02 1.66e+02 1.63e+02 1.61e+02 1.58e+02 1.56e+02 1.53e+02 1.51e+02 1.49e+02 1.46e+02 1.44e+02 1.42e+02 1.39e+02 1.37e+02 1.35e+02 1.33e+02 1.29e+02 1.21e+02 1.06e+02 8.27e+01 5.05e+01 2.53e+01 2.02e+01 2.00e+01 2.00e+01 2.00e+01 2.00e+01 2.00e+01 2.00e+01 
 1.60217808988431e-10   1.44e+03 1.44e+03 1.44e+03 1.44e+03 1.44e+03 1.44e+03 1.44e+03 1.44e+03 1.44e+03 1.44e+03 1.44e+03 1.44e+03 1.44e+03 1.43e+03 1.43e+03 1.43e+03 1.43e+03 1.43e+03 1.43e+03 1.43e+03 1.43e+03 1.43e+03 1.42e+03 1.42e+03 1.42e+03 1.42e+03 1.42e+03 1.42e+03 1.41e+03 1.41e+03 1.41e+03 1.41e+03 1.41e+03 1.41e+03 1.41e+03 1.41e+03 1.41e+03 1.41e+03 1.41e+03 1.41e+03 1.41e+03 1.41e+03 1.41e+03 1.40e+03 1.39e+03 1.39e+03 1.38e+03 1.37e+03 1.36e+03 1.35e+03 1.34e+03 1.33e+03 1.31e+03 1.30e+03 1.29e+03 1.28e+03 1.27e+03 1.26e+03 1.25e+03 1.23e+03 1.22e+03 1.21e+03 1.20e+03 1.18e+03 1.17e+03 1.16e+03 1.14e+03 1.13e+03 1.12e+03 1.10e+03 1.09e+03 1.08e+03 1.06e+03 1.05e+03 1.03e+03 1.02e+03 1.01e+03 9.93e+02 9.79e+02 9.65e+02 9.51e+02 9.37e+02 9.23e+02 9.10e+02 8.96e+02 8.82e+02 8.68e+02 8.55e+02 8.41e+02 8.28e+02 8.14e+02 8.01e+02 7.88e+02 7.75e+02 7.62e+02 7.49e+02 7.37e+02 7.24e+02 7.12e+02 7.00e+02 6.88e+02 6.76e+02 6.64e+02 6.53e+02 6.42e+02 6.31e+02 6.20e+02 6.09e+02 5.98e+02 5.88e+02 5.78e+02 5.68e+02 5.58e+02 5.48e+02 5.39e+02 5.29e+02 5.20e+02 5.11e+02 5.02e+02 4.94e+02 4.85e+02 4.77e+02 4.69e+02 4.61e+02 4.53e+02 4.45e+02 4.38e+02 4.30e+02 4.23e+02 4.16e+02 4.09e+02 4.02e+02 3.95e+02 3.89e+02 3.82e+02 3.76e+02 3.70e+02 3.63e+02 3.57e+02 3.52e+02 3.46e+02 3.40e+02 3.35e+02 3.29e+02 3.24e+02 3.18e+02 3.13e+02 3.08e+02 3.03e+02 2.98e+02 2.94e+02 2.89e+02 2.84e+02 2.80e+02 2.75e+02 2.71e+02 2.66e+02 2.62e+02 2.58e+02 2.54e+02 2.50e+02 2.46e+02 2.42e+02 2.38e+02 2.35e+02 2.31e+02 2.27e+02 2.24e+02 2.20e+02 2.17e+02 2.13e+02 2.10e+02 2.07e+02 2.03e+02 2.00e+02 1.97e+02 1.94e+02 1.91e+02 1.88e+02 1.85e+02 1.82e+02 1.79e+02 1.77e+02 1.74e+02 1.71e+02 1.69e+02 1.66e+02 1.63e+02 1.61e+02 1.58e+02 1.56e+02 1.54e+02 1.51e+02 1.49e+02 1.47e+02 1.44e+02 1.42e+02 1.40e+02 1.38e+02 1.36e+02 1.31e+02 1.23e+02 1.09e+02 8.51e+01 5.25e+01 2.60e+01 2.02e+01 2.00e+01 2.00e+01 2.00e+01 2.00e+01 2.00e+01 2.00e+01 
 1.70220197371188e-10   1.44e+03 1.44e+03 1.44e+03 1.44e+03 1.44e+03 1.44e+03 1.44e+03 1.44e+03 1.44e+03 1.43e+03 1.43e+03 1.43e+03 1.43e+03 1.43e+03 1.43e+03 1.43e+03 1.43e+03 1.43e+03 1.43e+03 1.43e+03 1.42e+03 1.42e+03 1.42e+03 1.42e+03 1.42e+03 1.42e+03 1.42e+03 1.42e+03 1.41e+03 1.41e+03 1.41e+03 1.41e+03 1.41e+03 1.41e+03 1.41e+03 1.41e+03 1.41e+03 1.41e+03 1.41e+03 1.41e+03 1.41e+03 1.41e+03 1.41e+03 1.40e+03 1.39e+03 1.38e+03 1.37e+03 1.36e+03 1.35e+03 1.34e+03 1.33e+03 1.32e+03 1.31e+03 1.30e+03 1.29e+03 1.28e+03 1.26e+03 1.25e+03 1.24e+03 1.23e+03 1.22e+03 1.20e+03 1.19e+03 1.18e+03 1.17e+03 1.15e+03 1.14e+03 1.13e+03 1.11e+03 1.10e+03 1.09e+03 1.07e+03 1.06e+03 1.05e+03 1.03e+03 1.02e+03 1.00e+03 9.91e+02 9.77e+02 9.63e+02 9.49e+02 9.35e+02 9.21e+02 9.08e+02 8.94e+02 8.80e+02 8.67e+02 8.53e+02 8.40e+02 8.26e+02 8.13e+02 8.00e+02 7.87e+02 7.74e+02 7.61e+02 7.49e+02 7.36e+02 7.24e+02 7.12e+02 7.00e+02 6.88e+02 6.76e+02 6.65e+02 6.53e+02 6.42e+02 6.31e+02 6.20e+02 6.10e+02 5.99e+02 5.89e+02 5.79e+02 5.69e+02 5.59e+02 5.49e+02 5.40e+02 5.30e+02 5.21e+02 5.12e+02 5.04e+02 4.95e+02 4.87e+02 4.78e+02 4.70e+02 4.62e+02 4.54e+02 4.47e+02 4.39e+02 4.32e+02 4.25e+02 4.17e+02 4.11e+02 4.04e+02 3.97e+02 3.90e+02 3.84e+02 3.78e+02 3.71e+02 3.65e+02 3.59e+02 3.53e+02 3.48e+02 3.42e+02 3.37e+02 3.31e+02 3.26e+02 3.21e+02 3.15e+02 3.10e+02 3.05e+02 3.00e+02 2.96e+02 2.91e+02 2.86e+02 2.82e+02 2.77e+02 2.73e+02 2.69e+02 2.65e+02 2.60e+02 2.56e+02 2.52e+02 2.48e+02 2.44e+02 2.41e+02 2.37e+02 2.33e+02 2.30e+02 2.26e+02 2.23e+02 2.19e+02 2.16e+02 2.12e+02 2.09e+02 2.06e+02 2.03e+02 2.00e+02 1.97e+02 1.94e+02 1.91e+02 1.88e+02 1.85e+02 1.82e+02 1.79e+02 1.76e+02 1.74e+02 1.71e+02 1.69e+02 1.66e+02 1.63e+02 1.61e+02 1.59e+02 1.56e+02 1.54e+02 1.51e+02 1.49e+02 1.47e+02 1.45e+02 1.42e+02 1.40e+02 1.38e+02 1.34e+02 1.26e+02 1.12e+02 8.76e+01 5.45e+01 2.68e+01 2.03e+01 2.00e+01 2.00e+01 2.00e+01 2.00e+01 2.00e+01 2.00e+01 
 1.80237519543435e-10   1.43e+03 1.43e+03 1.43e+03 1.43e+03 1.43e+03 1.43e+03 1.43e+03 1.43e+03 1.43e+03 1.43e+03 1.43e+03 1.43e+03 1.43e+03 1.43e+03 1.43e+03 1.43e+03 1.43e+03 1.43e+03 1.42e+03 1.42e+03 1.42e+03 1.42e+03 1.42e+03 1.42e+03 1.42e+03 1.42e+03 1.42e+03 1.41e+03 1.41e+03 1.41e+03 1.41e+03 1.41e+03 1.41e+03 1.41e+03 1.41e+03 1.41e+03 1.41e+03 1.41e+03 1.41e+03 1.41e+03 1.41e+03 1.41e+03 1.40e+03 1.40e+03 1.39e+03 1.38e+03 1.37e+03 1.36e+03 1.35e+03 1.34e+03 1.33e+03 1.32e+03 1.31e+03 1.29e+03 1.28e+03 1.27e+03 1.26e+03 1.25e+03 1.24e+03 1.22e+03 1.21e+03 1.20e+03 1.19e+03 1.17e+03 1.16e+03 1.15e+03 1.14e+03 1.12e+03 1.11e+03 1.10e+03 1.08e+03 1.07e+03 1.06e+03 1.04e+03 1.03e+03 1.02e+03 1.00e+03 9.88e+02 9.74e+02 9.60e+02 9.47e+02 9.33e+02 9.19e+02 9.06e+02 8.92e+02 8.79e+02 8.65e+02 8.52e+02 8.39e+02 8.25e+02 8.12e+02 7.99e+02 7.86e+02 7.74e+02 7.61e+02 7.48e+02 7.36e+02 7.24e+02 7.12e+02 7.00e+02 6.88e+02 6.76e+02 6.65e+02 6.54e+02 6.43e+02 6.32e+02 6.21e+02 6.10e+02 6.00e+02 5.89e+02 5.79e+02 5.70e+02 5.60e+02 5.50e+02 5.41e+02 5.32e+02 5.23e+02 5.14e+02 5.05e+02 4.96e+02 4.88e+02 4.80e+02 4.72e+02 4.64e+02 4.56e+02 4.48e+02 4.41e+02 4.33e+02 4.26e+02 4.19e+02 4.12e+02 4.05e+02 3.99e+02 3.92e+02 3.86e+02 3.80e+02 3.73e+02 3.67e+02 3.61e+02 3.55e+02 3.50e+02 3.44e+02 3.39e+02 3.33e+02 3.28e+02 3.23e+02 3.17e+02 3.12e+02 3.08e+02 3.03e+02 2.98e+02 2.93e+02 2.89e+02 2.84e+02 2.80e+02 2.75e+02 2.71e+02 2.67e+02 2.63e+02 2.59e+02 2.55e+02 2.51e+02 2.47e+02 2.43e+02 2.39e+02 2.36e+02 2.32e+02 2.28e+02 2.25e+02 2.22e+02 2.18e+02 2.15e+02 2.12e+02 2.08e+02 2.05e+02 2.02e+02 1.99e+02 1.96e+02 1.93e+02 1.90e+02 1.87e+02 1.85e+02 1.82e+02 1.79e+02 1.76e+02 1.74e+02 1.71e+02 1.68e+02 1.66e+02 1.63e+02 1.61e+02 1.59e+02 1.56e+02 1.54e+02 1.52e+02 1.49e+02 1.47e+02 1.45e+02 1.43e+02 1.41e+02 1.37e+02 1.29e+02 1.14e+02 8.99e+01 5.65e+01 2.75e+01 2.03e+01 2.00e+01 2.00e+01 2.00e+01 2.00e+01 2.00e+01 2.00e+01 
 1.90247107571877e-10   1.43e+03 1.43e+03 1.43e+03 1.43e+03 1.43e+03 1.43e+03 1.43e+03 1.43e+03 1.43e+03 1.43e+03 1.43e+03 1.43e+03 1.43e+03 1.43e+03 1.43e+03 1.43e+03 1.42e+03 1.42e+03 1.42e+03 1.42e+03 1.42e+03 1.42e+03 1.42e+03 1.42e+03 1.42e+03 1.42e+03 1.42e+03 1.41e+03 1.41e+03 1.41e+03 1.41e+03 1.41e+03 1.41e+03 1.41e+03 1.41e+03 1.41e+03 1.41e+03 1.41e+03 1.41e+03 1.41e+03 1.41e+03 1.41e+03 1.40e+03 1.39e+03 1.38e+03 1.37e+03 1.36e+03 1.35e+03 1.34e+03 1.33e+03 1.32e+03 1.31e+03 1.30e+03 1.29e+03 1.28e+03 1.27e+03 1.26e+03 1.24e+03 1.23e+03 1.22e+03 1.21e+03 1.20e+03 1.18e+03 1.17e+03 1.16e+03 1.15e+03 1.13e+03 1.12e+03 1.11e+03 1.09e+03 1.08e+03 1.07e+03 1.05e+03 1.04e+03 1.03e+03 1.01e+03 9.99e+02 9.85e+02 9.72e+02 9.58e+02 9.45e+02 9.31e+02 9.17e+02 9.04e+02 8.91e+02 8.77e+02 8.64e+02 8.51e+02 8.37e+02 8.24e+02 8.11e+02 7.98e+02 7.86e+02 7.73e+02 7.60e+02 7.48e+02 7.36e+02 7.24e+02 7.12e+02 7.00e+02 6.88e+02 6.77e+02 6.65e+02 6.54e+02 6.43e+02 6.32e+02 6.21e+02 6.11e+02 6.00e+02 5.90e+02 5.80e+02 5.70e+02 5.61e+02 5.51e+02 5.42e+02 5.33e+02 5.24e+02 5.15e+02 5.06e+02 4.98e+02 4.89e+02 4.81e+02 4.73e+02 4.65e+02 4.57e+02 4.50e+02 4.42e+02 4.35e+02 4.28e+02 4.21e+02 4.14e+02 4.07e+02 4.01e+02 3.94e+02 3.88e+02 3.81e+02 3.75e+02 3.69e+02 3.63e+02 3.57e+02 3.52e+02 3.46e+02 3.41e+02 3.35e+02 3.30e+02 3.25e+02 3.20e+02 3.15e+02 3.10e+02 3.05e+02 3.00e+02 2.95e+02 2.91e+02 2.86e+02 2.82e+02 2.78e+02 2.73e+02 2.69e+02 2.65e+02 2.61e+02 2.57e+02 2.53e+02 2.49e+02 2.45e+02 2.42e+02 2.38e+02 2.34e+02 2.31e+02 2.27e+02 2.24e+02 2.21e+02 2.17e+02 2.14e+02 2.11e+02 2.08e+02 2.05e+02 2.01e+02 1.98e+02 1.96e+02 1.93e+02 1.90e+02 1.87e+02 1.84e+02 1.81e+02 1.79e+02 1.76e+02 1.74e+02 1.71e+02 1.68e+02 1.66e+02 1.64e+02 1.61e+02 1.59e+02 1.56e+02 1.54e+02 1.52e+02 1.50e+02 1.47e+02 1.45e+02 1.43e+02 1.39e+02 1.31e+02 1.16e+02 9.22e+01 5.84e+01 2.83e+01 2.04e+01 2.00e+01 2.00e+01 2.00e+01 2.00e+01 2.00e+01 2.00e+01 
 2.00248532608515e-10   1.43e+03 1.43e+03 1.43e+03 1.43e+03 1.43e+03 1.43e+03 1.43e+03 1.43e+03 1.43e+03 1.43e+03 1.43e+03 1.43e+03 1.42e+03 1.42e+03 1.42e+03 1.42e+03 1.42e+03 1.42e+03 1.42e+03 1.42e+03 1.42e+03 1.42e+03 1.42e+03 1.42e+03 1.42e+03 1.42e+03 1.41e+03 1.41e+03 1.41e+03 1.41e+03 1.41e+03 1.41e+03 1.41e+03 1.41e+03 1.41e+03 1.41e+03 1.41e+03 1.41e+03 1.41e+03 1.41e+03 1.41e+03 1.41e+03 1.40e+03 1.39e+03 1.38e+03 1.37e+03 1.36e+03 1.35e+03 1.34e+03 1.33e+03 1.32e+03 1.31e+03 1.30e+03 1.29e+03 1.27e+03 1.26e+03 1.25e+03 1.24e+03 1.23e+03 1.22e+03 1.20e+03 1.19e+03 1.18e+03 1.17e+03 1.15e+03 1.14e+03 1.13e+03 1.12e+03 1.10e+03 1.09e+03 1.08e+03 1.06e+03 1.05e+03 1.04e+03 1.02e+03 1.01e+03 9.96e+02 9.83e+02 9.69e+02 9.56e+02 9.42e+02 9.29e+02 9.16e+02 9.02e+02 8.89e+02 8.76e+02 8.62e+02 8.49e+02 8.36e+02 8.23e+02 8.10e+02 7.98e+02 7.85e+02 7.72e+02 7.60e+02 7.48e+02 7.35e+02 7.23e+02 7.11e+02 7.00e+02 6.88e+02 6.77e+02 6.65e+02 6.54e+02 6.43e+02 6.33e+02 6.22e+02 6.11e+02 6.01e+02 5.91e+02 5.81e+02 5.71e+02 5.62e+02 5.52e+02 5.43e+02 5.34e+02 5.25e+02 5.16e+02 5.07e+02 4.99e+02 4.91e+02 4.83e+02 4.75e+02 4.67e+02 4.59e+02 4.51e+02 4.44e+02 4.37e+02 4.30e+02 4.23e+02 4.16e+02 4.09e+02 4.02e+02 3.96e+02 3.90e+02 3.83e+02 3.77e+02 3.71e+02 3.65e+02 3.59e+02 3.54e+02 3.48e+02 3.43e+02 3.37e+02 3.32e+02 3.27e+02 3.22e+02 3.17e+02 3.12e+02 3.07e+02 3.02e+02 2.98e+02 2.93e+02 2.89e+02 2.84e+02 2.80e+02 2.76e+02 2.71e+02 2.67e+02 2.63e+02 2.59e+02 2.55e+02 2.51e+02 2.48e+02 2.44e+02 2.40e+02 2.37e+02 2.33e+02 2.30e+02 2.26e+02 2.23e+02 2.20e+02 2.16e+02 2.13e+02 2.10e+02 2.07e+02 2.04e+02 2.01e+02 1.98e+02 1.95e+02 1.92e+02 1.89e+02 1.87e+02 1.84e+02 1.81e+02 1.79e+02 1.76e+02 1.73e+02 1.71e+02 1.68e+02 1.66e+02 1.64e+02 1.61e+02 1.59e+02 1.57e+02 1.54e+02 1.52e+02 1.50e+02 1.48e+02 1.46e+02 1.41e+02 1.33e+02 1.19e+02 9.44e+01 6.02e+01 2.91e+01 2.04e+01 2.00e+01 2.00e+01 2.00e+01 2.00e+01 2.00e+01 2.00e+01 
 2.10263761174308e-10   1.43e+03 1.43e+03 1.43e+03 1.43e+03 1.43e+03 1.43e+03 1.43e+03 1.42e+03 1.42e+03 1.42e+03 1.42e+03 1.42e+03 1.42e+03 1.42e+03 1.42e+03 1.42e+03 1.42e+03 1.42e+03 1.42e+03 1.42e+03 1.42e+03 1.42e+03 1.42e+03 1.42e+03 1.42e+03 1.41e+03 1.41e+03 1.41e+03 1.41e+03 1.41e+03 1.41e+03 1.41e+03 1.41e+03 1.41e+03 1.41e+03 1.41e+03 1.41e+03 1.41e+03 1.41e+03 1.41e+03 1.41e+03 1.40e+03 1.39e+03 1.38e+03 1.37e+03 1.37e+03 1.36e+03 1.35e+03 1.34e+03 1.33e+03 1.31e+03 1.30e+03 1.29e+03 1.28e+03 1.27e+03 1.26e+03 1.25e+03 1.24e+03 1.22e+03 1.21e+03 1.20e+03 1.19e+03 1.18e+03 1.16e+03 1.15e+03 1.14e+03 1.13e+03 1.11e+03 1.10e+03 1.09e+03 1.07e+03 1.06e+03 1.05e+03 1.03e+03 1.02e+03 1.01e+03 9.94e+02 9.80e+02 9.67e+02 9.54e+02 9.40e+02 9.27e+02 9.14e+02 9.00e+02 8.87e+02 8.74e+02 8.61e+02 8.48e+02 8.35e+02 8.22e+02 8.09e+02 7.97e+02 7.84e+02 7.72e+02 7.59e+02 7.47e+02 7.35e+02 7.23e+02 7.11e+02 7.00e+02 6.88e+02 6.77e+02 6.66e+02 6.55e+02 6.44e+02 6.33e+02 6.22e+02 6.12e+02 6.02e+02 5.92e+02 5.82e+02 5.72e+02 5.63e+02 5.53e+02 5.44e+02 5.35e+02 5.26e+02 5.17e+02 5.09e+02 5.00e+02 4.92e+02 4.84e+02 4.76e+02 4.68e+02 4.61e+02 4.53e+02 4.46e+02 4.38e+02 4.31e+02 4.24e+02 4.17e+02 4.11e+02 4.04e+02 3.98e+02 3.91e+02 3.85e+02 3.79e+02 3.73e+02 3.67e+02 3.61e+02 3.56e+02 3.50e+02 3.45e+02 3.39e+02 3.34e+02 3.29e+02 3.24e+02 3.19e+02 3.14e+02 3.09e+02 3.04e+02 3.00e+02 2.95e+02 2.91e+02 2.86e+02 2.82e+02 2.78e+02 2.74e+02 2.69e+02 2.65e+02 2.61e+02 2.58e+02 2.54e+02 2.50e+02 2.46e+02 2.43e+02 2.39e+02 2.35e+02 2.32e+02 2.29e+02 2.25e+02 2.22e+02 2.19e+02 2.16e+02 2.12e+02 2.09e+02 2.06e+02 2.03e+02 2.00e+02 1.97e+02 1.95e+02 1.92e+02 1.89e+02 1.86e+02 1.84e+02 1.81e+02 1.78e+02 1.76e+02 1.73e+02 1.71e+02 1.68e+02 1.66e+02 1.64e+02 1.61e+02 1.59e+02 1.57e+02 1.54e+02 1.52e+02 1.50e+02 1.48e+02 1.44e+02 1.36e+02 1.21e+02 9.66e+01 6.21e+01 2.99e+01 2.05e+01 2.00e+01 2.00e+01 2.00e+01 2.00e+01 2.00e+01 2.00e+01 
 2.20270099974293e-10   1.42e+03 1.42e+03 1.42e+03 1.42e+03 1.42e+03 1.42e+03 1.42e+03 1.42e+03 1.42e+03 1.42e+03 1.42e+03 1.42e+03 1.42e+03 1.42e+03 1.42e+03 1.42e+03 1.42e+03 1.42e+03 1.42e+03 1.42e+03 1.42e+03 1.42e+03 1.42e+03 1.42e+03 1.41e+03 1.41e+03 1.41e+03 1.41e+03 1.41e+03 1.41e+03 1.41e+03 1.41e+03 1.41e+03 1.41e+03 1.41e+03 1.41e+03 1.41e+03 1.41e+03 1.41e+03 1.41e+03 1.41e+03 1.40e+03 1.39e+03 1.38e+03 1.37e+03 1.36e+03 1.35e+03 1.34e+03 1.33e+03 1.32e+03 1.31e+03 1.30e+03 1.29e+03 1.28e+03 1.27e+03 1.26e+03 1.24e+03 1.23e+03 1.22e+03 1.21e+03 1.20e+03 1.18e+03 1.17e+03 1.16e+03 1.15e+03 1.13e+03 1.12e+03 1.11e+03 1.10e+03 1.08e+03 1.07e+03 1.06e+03 1.04e+03 1.03e+03 1.02e+03 1.00e+03 9.91e+02 9.78e+02 9.65e+02 9.52e+02 9.38e+02 9.25e+02 9.12e+02 8.99e+02 8.86e+02 8.73e+02 8.60e+02 8.47e+02 8.34e+02 8.21e+02 8.08e+02 7.96e+02 7.83e+02 7.71e+02 7.59e+02 7.47e+02 7.35e+02 7.23e+02 7.11e+02 7.00e+02 6.88e+02 6.77e+02 6.66e+02 6.55e+02 6.44e+02 6.33e+02 6.23e+02 6.13e+02 6.03e+02 5.93e+02 5.83e+02 5.73e+02 5.64e+02 5.54e+02 5.45e+02 5.36e+02 5.27e+02 5.19e+02 5.10e+02 5.02e+02 4.93e+02 4.85e+02 4.77e+02 4.70e+02 4.62e+02 4.55e+02 4.47e+02 4.40e+02 4.33e+02 4.26e+02 4.19e+02 4.12e+02 4.06e+02 3.99e+02 3.93e+02 3.87e+02 3.81e+02 3.75e+02 3.69e+02 3.63e+02 3.58e+02 3.52e+02 3.47e+02 3.41e+02 3.36e+02 3.31e+02 3.26e+02 3.21e+02 3.16e+02 3.11e+02 3.07e+02 3.02e+02 2.97e+02 2.93e+02 2.88e+02 2.84e+02 2.80e+02 2.76e+02 2.72e+02 2.68e+02 2.64e+02 2.60e+02 2.56e+02 2.52e+02 2.49e+02 2.45e+02 2.41e+02 2.38e+02 2.34e+02 2.31e+02 2.28e+02 2.24e+02 2.21e+02 2.18e+02 2.15e+02 2.12e+02 2.09e+02 2.06e+02 2.03e+02 2.00e+02 1.97e+02 1.94e+02 1.91e+02 1.89e+02 1.86e+02 1.83e+02 1.81e+02 1.78e+02 1.76e+02 1.73e+02 1.71e+02 1.68e+02 1.66e+02 1.64e+02 1.61e+02 1.59e+02 1.57e+02 1.54e+02 1.52e+02 1.50e+02 1.46e+02 1.38e+02 1.23e+02 9.87e+01 6.38e+01 3.08e+01 2.06e+01 2.00e+01 2.00e+01 2.00e+01 2.00e+01 2.00e+01 2.00e+01 
 2.30289613760952e-10   1.42e+03 1.42e+03 1.42e+03 1.42e+03 1.42e+03 1.42e+03 1.42e+03 1.42e+03 1.42e+03 1.42e+03 1.42e+03 1.42e+03 1.42e+03 1.42e+03 1.42e+03 1.42e+03 1.42e+03 1.42e+03 1.42e+03 1.42e+03 1.42e+03 1.42e+03 1.42e+03 1.41e+03 1.41e+03 1.41e+03 1.41e+03 1.41e+03 1.41e+03 1.41e+03 1.41e+03 1.41e+03 1.41e+03 1.41e+03 1.41e+03 1.41e+03 1.41e+03 1.41e+03 1.41e+03 1.41e+03 1.40e+03 1.40e+03 1.39e+03 1.38e+03 1.37e+03 1.36e+03 1.35e+03 1.34e+03 1.33e+03 1.32e+03 1.31e+03 1.30e+03 1.29e+03 1.27e+03 1.26e+03 1.25e+03 1.24e+03 1.23e+03 1.22e+03 1.20e+03 1.19e+03 1.18e+03 1.17e+03 1.16e+03 1.14e+03 1.13e+03 1.12e+03 1.11e+03 1.09e+03 1.08e+03 1.07e+03 1.05e+03 1.04e+03 1.03e+03 1.02e+03 1.00e+03 9.89e+02 9.76e+02 9.63e+02 9.49e+02 9.36e+02 9.23e+02 9.10e+02 8.97e+02 8.84e+02 8.71e+02 8.58e+02 8.45e+02 8.33e+02 8.20e+02 8.07e+02 7.95e+02 7.83e+02 7.70e+02 7.58e+02 7.46e+02 7.34e+02 7.23e+02 7.11e+02 7.00e+02 6.88e+02 6.77e+02 6.66e+02 6.55e+02 6.45e+02 6.34e+02 6.24e+02 6.13e+02 6.03e+02 5.93e+02 5.84e+02 5.74e+02 5.65e+02 5.55e+02 5.46e+02 5.37e+02 5.28e+02 5.20e+02 5.11e+02 5.03e+02 4.95e+02 4.87e+02 4.79e+02 4.71e+02 4.64e+02 4.56e+02 4.49e+02 4.42e+02 4.35e+02 4.28e+02 4.21e+02 4.14e+02 4.08e+02 4.01e+02 3.95e+02 3.89e+02 3.83e+02 3.77e+02 3.71e+02 3.65e+02 3.60e+02 3.54e+02 3.49e+02 3.43e+02 3.38e+02 3.33e+02 3.28e+02 3.23e+02 3.18e+02 3.13e+02 3.09e+02 3.04e+02 2.99e+02 2.95e+02 2.91e+02 2.86e+02 2.82e+02 2.78e+02 2.74e+02 2.70e+02 2.66e+02 2.62e+02 2.58e+02 2.54e+02 2.51e+02 2.47e+02 2.44e+02 2.40e+02 2.37e+02 2.33e+02 2.30e+02 2.27e+02 2.23e+02 2.20e+02 2.17e+02 2.14e+02 2.11e+02 2.08e+02 2.05e+02 2.02e+02 1.99e+02 1.96e+02 1.94e+02 1.91e+02 1.88e+02 1.86e+02 1.83e+02 1.80e+02 1.78e+02 1.75e+02 1.73e+02 1.70e+02 1.68e+02 1.66e+02 1.63e+02 1.61e+02 1.59e+02 1.57e+02 1.55e+02 1.52e+02 1.48e+02 1.40e+02 1.26e+02 1.01e+02 6.56e+01 3.16e+01 2.07e+01 2.00e+01 2.00e+01 2.00e+01 2.00e+01 2.00e+01 2.00e+01 
 2.40299582827905e-10   1.42e+03 1.42e+03 1.42e+03 1.42e+03 1.42e+03 1.42e+03 1.42e+03 1.42e+03 1.42e+03 1.42e+03 1.42e+03 1.42e+03 1.42e+03 1.42e+03 1.42e+03 1.42e+03 1.42e+03 1.42e+03 1.42e+03 1.42e+03 1.42e+03 1.42e+03 1.41e+03 1.41e+03 1.41e+03 1.41e+03 1.41e+03 1.41e+03 1.41e+03 1.41e+03 1.41e+03 1.41e+03 1.41e+03 1.41e+03 1.41e+03 1.41e+03 1.41e+03 1.41e+03 1.41e+03 1.41e+03 1.40e+03 1.39e+03 1.38e+03 1.37e+03 1.36e+03 1.35e+03 1.34e+03 1.33e+03 1.32e+03 1.31e+03 1.30e+03 1.29e+03 1.28e+03 1.27e+03 1.26e+03 1.25e+03 1.24e+03 1.22e+03 1.21e+03 1.20e+03 1.19e+03 1.18e+03 1.16e+03 1.15e+03 1.14e+03 1.13e+03 1.12e+03 1.10e+03 1.09e+03 1.08e+03 1.06e+03 1.05e+03 1.04e+03 1.03e+03 1.01e+03 9.99e+02 9.86e+02 9.73e+02 9.60e+02 9.47e+02 9.34e+02 9.21e+02 9.08e+02 8.95e+02 8.83e+02 8.70e+02 8.57e+02 8.44e+02 8.32e+02 8.19e+02 8.07e+02 7.94e+02 7.82e+02 7.70e+02 7.58e+02 7.46e+02 7.34e+02 7.22e+02 7.11e+02 7.00e+02 6.88e+02 6.77e+02 6.66e+02 6.56e+02 6.45e+02 6.34e+02 6.24e+02 6.14e+02 6.04e+02 5.94e+02 5.84e+02 5.75e+02 5.65e+02 5.56e+02 5.47e+02 5.38e+02 5.30e+02 5.21e+02 5.13e+02 5.04e+02 4.96e+02 4.88e+02 4.80e+02 4.73e+02 4.65e+02 4.58e+02 4.50e+02 4.43e+02 4.36e+02 4.29e+02 4.23e+02 4.16e+02 4.09e+02 4.03e+02 3.97e+02 3.91e+02 3.85e+02 3.79e+02 3.73e+02 3.67e+02 3.62e+02 3.56e+02 3.51e+02 3.45e+02 3.40e+02 3.35e+02 3.30e+02 3.25e+02 3.20e+02 3.15e+02 3.11e+02 3.06e+02 3.02e+02 2.97e+02 2.93e+02 2.88e+02 2.84e+02 2.80e+02 2.76e+02 2.72e+02 2.68e+02 2.64e+02 2.60e+02 2.57e+02 2.53e+02 2.49e+02 2.46e+02 2.42e+02 2.39e+02 2.35e+02 2.32e+02 2.29e+02 2.26e+02 2.22e+02 2.19e+02 2.16e+02 2.13e+02 2.10e+02 2.07e+02 2.04e+02 2.01e+02 1.99e+02 1.96e+02 1.93e+02 1.90e+02 1.88e+02 1.85e+02 1.83e+02 1.80e+02 1.78e+02 1.75e+02 1.73e+02 1.70e+02 1.68e+02 1.66e+02 1.63e+02 1.61e+02 1.59e+02 1.57e+02 1.55e+02 1.50e+02 1.42e+02 1.28e+02 1.03e+02 6.73e+01 3.25e+01 2.08e+01 2.00e+01 2.00e+01 2.00e+01 2.00e+01 2.00e+01 2.00e+01 
 2.50299674062495e-10   1.42e+03 1.42e+03 1.42e+03 1.42e+03 1.42e+03 1.42e+03 1.42e+03 1.42e+03 1.42e+03 1.42e+03 1.42e+03 1.42e+03 1.42e+03 1.42e+03 1.42e+03 1.42e+03 1.42e+03 1.42e+03 1.42e+03 1.42e+03 1.41e+03 1.41e+03 1.41e+03 1.41e+03 1.41e+03 1.41e+03 1.41e+03 1.41e+03 1.41e+03 1.41e+03 1.41e+03 1.41e+03 1.41e+03 1.41e+03 1.41e+03 1.41e+03 1.41e+03 1.41e+03 1.41e+03 1.41e+03 1.40e+03 1.39e+03 1.38e+03 1.37e+03 1.36e+03 1.35e+03 1.34e+03 1.33e+03 1.32e+03 1.31e+03 1.30e+03 1.29e+03 1.28e+03 1.27e+03 1.26e+03 1.24e+03 1.23e+03 1.22e+03 1.21e+03 1.20e+03 1.19e+03 1.17e+03 1.16e+03 1.15e+03 1.14e+03 1.12e+03 1.11e+03 1.10e+03 1.09e+03 1.07e+03 1.06e+03 1.05e+03 1.04e+03 1.02e+03 1.01e+03 9.97e+02 9.84e+02 9.71e+02 9.58e+02 9.45e+02 9.32e+02 9.20e+02 9.07e+02 8.94e+02 8.81e+02 8.68e+02 8.56e+02 8.43e+02 8.31e+02 8.18e+02 8.06e+02 7.93e+02 7.81e+02 7.69e+02 7.57e+02 7.46e+02 7.34e+02 7.22e+02 7.11e+02 7.00e+02 6.88e+02 6.77e+02 6.67e+02 6.56e+02 6.45e+02 6.35e+02 6.25e+02 6.15e+02 6.05e+02 5.95e+02 5.85e+02 5.76e+02 5.66e+02 5.57e+02 5.48e+02 5.39e+02 5.31e+02 5.22e+02 5.14e+02 5.06e+02 4.97e+02 4.90e+02 4.82e+02 4.74e+02 4.67e+02 4.59e+02 4.52e+02 4.45e+02 4.38e+02 4.31e+02 4.24e+02 4.18e+02 4.11e+02 4.05e+02 3.99e+02 3.92e+02 3.86e+02 3.81e+02 3.75e+02 3.69e+02 3.63e+02 3.58e+02 3.53e+02 3.47e+02 3.42e+02 3.37e+02 3.32e+02 3.27e+02 3.22e+02 3.17e+02 3.13e+02 3.08e+02 3.04e+02 2.99e+02 2.95e+02 2.91e+02 2.86e+02 2.82e+02 2.78e+02 2.74e+02 2.70e+02 2.66e+02 2.63e+02 2.59e+02 2.55e+02 2.51e+02 2.48e+02 2.44e+02 2.41e+02 2.38e+02 2.34e+02 2.31e+02 2.28e+02 2.25e+02 2.21e+02 2.18e+02 2.15e+02 2.12e+02 2.09e+02 2.06e+02 2.04e+02 2.01e+02 1.98e+02 1.95e+02 1.93e+02 1.90e+02 1.87e+02 1.85e+02 1.82e+02 1.80e+02 1.77e+02 1.75e+02 1.73e+02 1.70e+02 1.68e+02 1.66e+02 1.63e+02 1.61e+02 1.59e+02 1.57e+02 1.53e+02 1.45e+02 1.30e+02 1.05e+02 6.90e+01 3.33e+01 2.09e+01 2.00e+01 2.00e+01 2.00e+01 2.00e+01 2.00e+01 2.00e+01 
 2.60312082381935e-10   1.42e+03 1.42e+03 1.42e+03 1.42e+03 1.42e+03 1.42e+03 1.42e+03 1.42e+03 1.42e+03 1.42e+03 1.42e+03 1.42e+03 1.42e+03 1.42e+03 1.42e+03 1.42e+03 1.42e+03 1.42e+03 1.41e+03 1.41e+03 1.41e+03 1.41e+03 1.41e+03 1.41e+03 1.41e+03 1.41e+03 1.41e+03 1.41e+03 1.41e+03 1.41e+03 1.41e+03 1.41e+03 1.41e+03 1.41e+03 1.41e+03 1.41e+03 1.41e+03 1.41e+03 1.41e+03 1.40e+03 1.39e+03 1.39e+03 1.38e+03 1.37e+03 1.36e+03 1.35e+03 1.34e+03 1.33e+03 1.32e+03 1.31e+03 1.30e+03 1.29e+03 1.27e+03 1.26e+03 1.25e+03 1.24e+03 1.23e+03 1.22e+03 1.21e+03 1.19e+03 1.18e+03 1.17e+03 1.16e+03 1.15e+03 1.13e+03 1.12e+03 1.11e+03 1.10e+03 1.08e+03 1.07e+03 1.06e+03 1.05e+03 1.03e+03 1.02e+03 1.01e+03 9.95e+02 9.82e+02 9.69e+02 9.56e+02 9.43e+02 9.31e+02 9.18e+02 9.05e+02 8.92e+02 8.80e+02 8.67e+02 8.54e+02 8.42e+02 8.29e+02 8.17e+02 8.05e+02 7.93e+02 7.81e+02 7.69e+02 7.57e+02 7.45e+02 7.34e+02 7.22e+02 7.11e+02 7.00e+02 6.88e+02 6.78e+02 6.67e+02 6.56e+02 6.46e+02 6.35e+02 6.25e+02 6.15e+02 6.05e+02 5.96e+02 5.86e+02 5.77e+02 5.67e+02 5.58e+02 5.49e+02 5.41e+02 5.32e+02 5.23e+02 5.15e+02 5.07e+02 4.99e+02 4.91e+02 4.83e+02 4.76e+02 4.68e+02 4.61e+02 4.54e+02 4.46e+02 4.39e+02 4.33e+02 4.26e+02 4.19e+02 4.13e+02 4.07e+02 4.00e+02 3.94e+02 3.88e+02 3.82e+02 3.77e+02 3.71e+02 3.65e+02 3.60e+02 3.55e+02 3.49e+02 3.44e+02 3.39e+02 3.34e+02 3.29e+02 3.24e+02 3.19e+02 3.15e+02 3.10e+02 3.06e+02 3.01e+02 2.97e+02 2.93e+02 2.88e+02 2.84e+02 2.80e+02 2.76e+02 2.72e+02 2.68e+02 2.65e+02 2.61e+02 2.57e+02 2.54e+02 2.50e+02 2.47e+02 2.43e+02 2.40e+02 2.36e+02 2.33e+02 2.30e+02 2.27e+02 2.24e+02 2.20e+02 2.17e+02 2.14e+02 2.12e+02 2.09e+02 2.06e+02 2.03e+02 2.00e+02 1.97e+02 1.95e+02 1.92e+02 1.90e+02 1.87e+02 1.84e+02 1.82e+02 1.80e+02 1.77e+02 1.75e+02 1.72e+02 1.70e+02 1.68e+02 1.66e+02 1.63e+02 1.61e+02 1.59e+02 1.55e+02 1.47e+02 1.32e+02 1.07e+02 7.06e+01 3.42e+01 2.10e+01 2.00e+01 2.00e+01 2.00e+01 2.00e+01 2.00e+01 2.00e+01 
 2.70314042900103e-10   1.42e+03 1.42e+03 1.42e+03 1.42e+03 1.42e+03 1.42e+03 1.42e+03 1.42e+03 1.42e+03 1.42e+03 1.42e+03 1.42e+03 1.42e+03 1.42e+03 1.42e+03 1.42e+03 1.41e+03 1.41e+03 1.41e+03 1.41e+03 1.41e+03 1.41e+03 1.41e+03 1.41e+03 1.41e+03 1.41e+03 1.41e+03 1.41e+03 1.41e+03 1.41e+03 1.41e+03 1.41e+03 1.41e+03 1.41e+03 1.41e+03 1.41e+03 1.41e+03 1.41e+03 1.41e+03 1.40e+03 1.39e+03 1.38e+03 1.37e+03 1.36e+03 1.35e+03 1.34e+03 1.33e+03 1.32e+03 1.31e+03 1.30e+03 1.29e+03 1.28e+03 1.27e+03 1.26e+03 1.25e+03 1.24e+03 1.23e+03 1.21e+03 1.20e+03 1.19e+03 1.18e+03 1.17e+03 1.16e+03 1.14e+03 1.13e+03 1.12e+03 1.11e+03 1.09e+03 1.08e+03 1.07e+03 1.06e+03 1.04e+03 1.03e+03 1.02e+03 1.01e+03 9.93e+02 9.80e+02 9.67e+02 9.54e+02 9.41e+02 9.29e+02 9.16e+02 9.03e+02 8.91e+02 8.78e+02 8.66e+02 8.53e+02 8.41e+02 8.28e+02 8.16e+02 8.04e+02 7.92e+02 7.80e+02 7.68e+02 7.56e+02 7.45e+02 7.33e+02 7.22e+02 7.11e+02 7.00e+02 6.89e+02 6.78e+02 6.67e+02 6.56e+02 6.46e+02 6.36e+02 6.26e+02 6.16e+02 6.06e+02 5.96e+02 5.87e+02 5.77e+02 5.68e+02 5.59e+02 5.50e+02 5.42e+02 5.33e+02 5.25e+02 5.16e+02 5.08e+02 5.00e+02 4.92e+02 4.85e+02 4.77e+02 4.70e+02 4.62e+02 4.55e+02 4.48e+02 4.41e+02 4.34e+02 4.28e+02 4.21e+02 4.15e+02 4.08e+02 4.02e+02 3.96e+02 3.90e+02 3.84e+02 3.78e+02 3.73e+02 3.67e+02 3.62e+02 3.56e+02 3.51e+02 3.46e+02 3.41e+02 3.36e+02 3.31e+02 3.26e+02 3.21e+02 3.17e+02 3.12e+02 3.08e+02 3.03e+02 2.99e+02 2.95e+02 2.91e+02 2.86e+02 2.82e+02 2.78e+02 2.74e+02 2.71e+02 2.67e+02 2.63e+02 2.59e+02 2.56e+02 2.52e+02 2.49e+02 2.45e+02 2.42e+02 2.39e+02 2.35e+02 2.32e+02 2.29e+02 2.26e+02 2.23e+02 2.20e+02 2.17e+02 2.14e+02 2.11e+02 2.08e+02 2.05e+02 2.02e+02 2.00e+02 1.97e+02 1.94e+02 1.92e+02 1.89e+02 1.87e+02 1.84e+02 1.82e+02 1.79e+02 1.77e+02 1.74e+02 1.72e+02 1.70e+02 1.68e+02 1.65e+02 1.63e+02 1.61e+02 1.57e+02 1.49e+02 1.34e+02 1.09e+02 7.22e+01 3.50e+01 2.11e+01 2.00e+01 2.00e+01 2.00e+01 2.00e+01 2.00e+01 2.00e+01 
 2.80327827934161e-10   1.42e+03 1.42e+03 1.42e+03 1.42e+03 1.42e+03 1.42e+03 1.42e+03 1.42e+03 1.42e+03 1.42e+03 1.42e+03 1.42e+03 1.42e+03 1.41e+03 1.41e+03 1.41e+03 1.41e+03 1.41e+03 1.41e+03 1.41e+03 1.41e+03 1.41e+03 1.41e+03 1.41e+03 1.41e+03 1.41e+03 1.41e+03 1.41e+03 1.41e+03 1.41e+03 1.41e+03 1.41e+03 1.41e+03 1.41e+03 1.41e+03 1.41e+03 1.41e+03 1.41e+03 1.41e+03 1.40e+03 1.39e+03 1.38e+03 1.37e+03 1.36e+03 1.35e+03 1.34e+03 1.33e+03 1.32e+03 1.31e+03 1.30e+03 1.29e+03 1.28e+03 1.27e+03 1.26e+03 1.24e+03 1.23e+03 1.22e+03 1.21e+03 1.20e+03 1.19e+03 1.18e+03 1.16e+03 1.15e+03 1.14e+03 1.13e+03 1.12e+03 1.10e+03 1.09e+03 1.08e+03 1.07e+03 1.05e+03 1.04e+03 1.03e+03 1.02e+03 1.00e+03 9.90e+02 9.78e+02 9.65e+02 9.52e+02 9.40e+02 9.27e+02 9.14e+02 9.02e+02 8.89e+02 8.77e+02 8.64e+02 8.52e+02 8.40e+02 8.27e+02 8.15e+02 8.03e+02 7.91e+02 7.79e+02 7.68e+02 7.56e+02 7.44e+02 7.33e+02 7.22e+02 7.11e+02 7.00e+02 6.89e+02 6.78e+02 6.67e+02 6.57e+02 6.46e+02 6.36e+02 6.26e+02 6.16e+02 6.07e+02 5.97e+02 5.88e+02 5.78e+02 5.69e+02 5.60e+02 5.51e+02 5.43e+02 5.34e+02 5.26e+02 5.18e+02 5.09e+02 5.01e+02 4.94e+02 4.86e+02 4.78e+02 4.71e+02 4.64e+02 4.57e+02 4.50e+02 4.43e+02 4.36e+02 4.29e+02 4.23e+02 4.16e+02 4.10e+02 4.04e+02 3.98e+02 3.92e+02 3.86e+02 3.80e+02 3.75e+02 3.69e+02 3.64e+02 3.58e+02 3.53e+02 3.48e+02 3.43e+02 3.38e+02 3.33e+02 3.28e+02 3.23e+02 3.19e+02 3.14e+02 3.10e+02 3.05e+02 3.01e+02 2.97e+02 2.93e+02 2.88e+02 2.84e+02 2.80e+02 2.77e+02 2.73e+02 2.69e+02 2.65e+02 2.61e+02 2.58e+02 2.54e+02 2.51e+02 2.47e+02 2.44e+02 2.41e+02 2.37e+02 2.34e+02 2.31e+02 2.28e+02 2.25e+02 2.22e+02 2.19e+02 2.16e+02 2.13e+02 2.10e+02 2.07e+02 2.04e+02 2.02e+02 1.99e+02 1.96e+02 1.94e+02 1.91e+02 1.89e+02 1.86e+02 1.84e+02 1.81e+02 1.79e+02 1.77e+02 1.74e+02 1.72e+02 1.70e+02 1.67e+02 1.65e+02 1.63e+02 1.59e+02 1.51e+02 1.36e+02 1.11e+02 7.38e+01 3.59e+01 2.12e+01 2.00e+01 2.00e+01 2.00e+01 2.00e+01 2.00e+01 2.00e+01 
 2.90330639630420e-10   1.42e+03 1.42e+03 1.42e+03 1.42e+03 1.42e+03 1.42e+03 1.42e+03 1.41e+03 1.41e+03 1.41e+03 1.41e+03 1.41e+03 1.41e+03 1.41e+03 1.41e+03 1.41e+03 1.41e+03 1.41e+03 1.41e+03 1.41e+03 1.41e+03 1.41e+03 1.41e+03 1.41e+03 1.41e+03 1.41e+03 1.41e+03 1.41e+03 1.41e+03 1.41e+03 1.41e+03 1.41e+03 1.41e+03 1.41e+03 1.41e+03 1.41e+03 1.41e+03 1.41e+03 1.40e+03 1.39e+03 1.39e+03 1.38e+03 1.37e+03 1.36e+03 1.35e+03 1.34e+03 1.33e+03 1.32e+03 1.31e+03 1.30e+03 1.29e+03 1.28e+03 1.26e+03 1.25e+03 1.24e+03 1.23e+03 1.22e+03 1.21e+03 1.20e+03 1.18e+03 1.17e+03 1.16e+03 1.15e+03 1.14e+03 1.12e+03 1.11e+03 1.10e+03 1.09e+03 1.08e+03 1.06e+03 1.05e+03 1.04e+03 1.03e+03 1.01e+03 1.00e+03 9.88e+02 9.76e+02 9.63e+02 9.50e+02 9.38e+02 9.25e+02 9.13e+02 9.00e+02 8.88e+02 8.75e+02 8.63e+02 8.51e+02 8.39e+02 8.26e+02 8.14e+02 8.02e+02 7.91e+02 7.79e+02 7.67e+02 7.56e+02 7.44e+02 7.33e+02 7.22e+02 7.11e+02 7.00e+02 6.89e+02 6.78e+02 6.68e+02 6.57e+02 6.47e+02 6.37e+02 6.27e+02 6.17e+02 6.07e+02 5.98e+02 5.88e+02 5.79e+02 5.70e+02 5.61e+02 5.52e+02 5.44e+02 5.35e+02 5.27e+02 5.19e+02 5.11e+02 5.03e+02 4.95e+02 4.87e+02 4.80e+02 4.72e+02 4.65e+02 4.58e+02 4.51e+02 4.44e+02 4.38e+02 4.31e+02 4.24e+02 4.18e+02 4.12e+02 4.06e+02 4.00e+02 3.94e+02 3.88e+02 3.82e+02 3.76e+02 3.71e+02 3.66e+02 3.60e+02 3.55e+02 3.50e+02 3.45e+02 3.40e+02 3.35e+02 3.30e+02 3.25e+02 3.21e+02 3.16e+02 3.12e+02 3.07e+02 3.03e+02 2.99e+02 2.95e+02 2.90e+02 2.86e+02 2.82e+02 2.79e+02 2.75e+02 2.71e+02 2.67e+02 2.64e+02 2.60e+02 2.56e+02 2.53e+02 2.49e+02 2.46e+02 2.43e+02 2.39e+02 2.36e+02 2.33e+02 2.30e+02 2.27e+02 2.24e+02 2.21e+02 2.18e+02 2.15e+02 2.12e+02 2.09e+02 2.07e+02 2.04e+02 2.01e+02 1.98e+02 1.96e+02 1.93e+02 1.91e+02 1.88e+02 1.86e+02 1.83e+02 1.81e+02 1.79e+02 1.76e+02 1.74e+02 1.72e+02 1.69e+02 1.67e+02 1.65e+02 1.61e+02 1.53e+02 1.38e+02 1.12e+02 7.54e+01 3.68e+01 2.13e+01 2.00e+01 2.00e+01 2.00e+01 2.00e+01 2.00e+01 2.00e+01 
 3.00344822399663e-10   1.41e+03 1.41e+03 1.41e+03 1.41e+03 1.41e+03 1.41e+03 1.41e+03 1.41e+03 1.41e+03 1.41e+03 1.41e+03 1.41e+03 1.41e+03 1.41e+03 1.41e+03 1.41e+03 1.41e+03 1.41e+03 1.41e+03 1.41e+03 1.41e+03 1.41e+03 1.41e+03 1.41e+03 1.41e+03 1.41e+03 1.41e+03 1.41e+03 1.41e+03 1.41e+03 1.41e+03 1.41e+03 1.41e+03 1.41e+03 1.41e+03 1.41e+03 1.41e+03 1.41e+03 1.40e+03 1.39e+03 1.38e+03 1.37e+03 1.36e+03 1.35e+03 1.34e+03 1.33e+03 1.32e+03 1.31e+03 1.30e+03 1.29e+03 1.28e+03 1.27e+03 1.26e+03 1.25e+03 1.24e+03 1.23e+03 1.22e+03 1.20e+03 1.19e+03 1.18e+03 1.17e+03 1.16e+03 1.15e+03 1.13e+03 1.12e+03 1.11e+03 1.10e+03 1.09e+03 1.07e+03 1.06e+03 1.05e+03 1.04e+03 1.02e+03 1.01e+03 9.99e+02 9.86e+02 9.74e+02 9.61e+02 9.49e+02 9.36e+02 9.24e+02 9.11e+02 8.99e+02 8.86e+02 8.74e+02 8.62e+02 8.50e+02 8.38e+02 8.26e+02 8.14e+02 8.02e+02 7.90e+02 7.78e+02 7.67e+02 7.55e+02 7.44e+02 7.33e+02 7.21e+02 7.10e+02 7.00e+02 6.89e+02 6.78e+02 6.68e+02 6.57e+02 6.47e+02 6.37e+02 6.27e+02 6.18e+02 6.08e+02 5.98e+02 5.89e+02 5.80e+02 5.71e+02 5.62e+02 5.53e+02 5.45e+02 5.36e+02 5.28e+02 5.20e+02 5.12e+02 5.04e+02 4.96e+02 4.89e+02 4.81e+02 4.74e+02 4.67e+02 4.60e+02 4.53e+02 4.46e+02 4.39e+02 4.33e+02 4.26e+02 4.20e+02 4.13e+02 4.07e+02 4.01e+02 3.95e+02 3.90e+02 3.84e+02 3.78e+02 3.73e+02 3.67e+02 3.62e+02 3.57e+02 3.52e+02 3.47e+02 3.42e+02 3.37e+02 3.32e+02 3.27e+02 3.23e+02 3.18e+02 3.14e+02 3.09e+02 3.05e+02 3.01e+02 2.97e+02 2.92e+02 2.88e+02 2.84e+02 2.81e+02 2.77e+02 2.73e+02 2.69e+02 2.66e+02 2.62e+02 2.58e+02 2.55e+02 2.51e+02 2.48e+02 2.45e+02 2.41e+02 2.38e+02 2.35e+02 2.32e+02 2.29e+02 2.26e+02 2.23e+02 2.20e+02 2.17e+02 2.14e+02 2.11e+02 2.09e+02 2.06e+02 2.03e+02 2.00e+02 1.98e+02 1.95e+02 1.93e+02 1.90e+02 1.88e+02 1.85e+02 1.83e+02 1.81e+02 1.78e+02 1.76e+02 1.74e+02 1.71e+02 1.69e+02 1.67e+02 1.63e+02 1.55e+02 1.40e+02 1.14e+02 7.69e+01 3.77e+01 2.14e+01 2.00e+01 2.00e+01 2.00e+01 2.00e+01 2.00e+01 2.00e+01 
 3.10347544543552e-10   1.41e+03 1.41e+03 1.41e+03 1.41e+03 1.41e+03 1.41e+03 1.41e+03 1.41e+03 1.41e+03 1.41e+03 1.41e+03 1.41e+03 1.41e+03 1.41e+03 1.41e+03 1.41e+03 1.41e+03 1.41e+03 1.41e+03 1.41e+03 1.41e+03 1.41e+03 1.41e+03 1.41e+03 1.41e+03 1.41e+03 1.41e+03 1.41e+03 1.41e+03 1.41e+03 1.41e+03 1.41e+03 1.41e+03 1.41e+03 1.41e+03 1.41e+03 1.41e+03 1.41e+03 1.40e+03 1.39e+03 1.38e+03 1.37e+03 1.36e+03 1.35e+03 1.34e+03 1.33e+03 1.32e+03 1.31e+03 1.30e+03 1.29e+03 1.28e+03 1.27e+03 1.26e+03 1.25e+03 1.24e+03 1.22e+03 1.21e+03 1.20e+03 1.19e+03 1.18e+03 1.17e+03 1.16e+03 1.14e+03 1.13e+03 1.12e+03 1.11e+03 1.10e+03 1.08e+03 1.07e+03 1.06e+03 1.05e+03 1.03e+03 1.02e+03 1.01e+03 9.97e+02 9.84e+02 9.72e+02 9.59e+02 9.47e+02 9.34e+02 9.22e+02 9.10e+02 8.97e+02 8.85e+02 8.73e+02 8.61e+02 8.49e+02 8.37e+02 8.25e+02 8.13e+02 8.01e+02 7.89e+02 7.78e+02 7.66e+02 7.55e+02 7.44e+02 7.32e+02 7.21e+02 7.10e+02 7.00e+02 6.89e+02 6.78e+02 6.68e+02 6.58e+02 6.48e+02 6.38e+02 6.28e+02 6.18e+02 6.09e+02 5.99e+02 5.90e+02 5.81e+02 5.72e+02 5.63e+02 5.54e+02 5.46e+02 5.37e+02 5.29e+02 5.21e+02 5.13e+02 5.05e+02 4.98e+02 4.90e+02 4.83e+02 4.75e+02 4.68e+02 4.61e+02 4.54e+02 4.47e+02 4.41e+02 4.34e+02 4.28e+02 4.21e+02 4.15e+02 4.09e+02 4.03e+02 3.97e+02 3.91e+02 3.86e+02 3.80e+02 3.75e+02 3.69e+02 3.64e+02 3.59e+02 3.54e+02 3.49e+02 3.44e+02 3.39e+02 3.34e+02 3.29e+02 3.25e+02 3.20e+02 3.16e+02 3.11e+02 3.07e+02 3.03e+02 2.99e+02 2.94e+02 2.90e+02 2.86e+02 2.83e+02 2.79e+02 2.75e+02 2.71e+02 2.68e+02 2.64e+02 2.60e+02 2.57e+02 2.53e+02 2.50e+02 2.47e+02 2.43e+02 2.40e+02 2.37e+02 2.34e+02 2.31e+02 2.28e+02 2.25e+02 2.22e+02 2.19e+02 2.16e+02 2.13e+02 2.11e+02 2.08e+02 2.05e+02 2.02e+02 2.00e+02 1.97e+02 1.95e+02 1.92e+02 1.90e+02 1.87e+02 1.85e+02 1.83e+02 1.80e+02 1.78e+02 1.76e+02 1.73e+02 1.71e+02 1.69e+02 1.65e+02 1.57e+02 1.42e+02 1.16e+02 7.85e+01 3.86e+01 2.15e+01 2.00e+01 2.00e+01 2.00e+01 2.00e+01 2.00e+01 2.00e+01 
 3.20361218163480e-10   1.41e+03 1.41e+03 1.41e+03 1.41e+03 1.41e+03 1.41e+03 1.41e+03 1.41e+03 1.41e+03 1.41e+03 1.41e+03 1.41e+03 1.41e+03 1.41e+03 1.41e+03 1.41e+03 1.41e+03 1.41e+03 1.41e+03 1.41e+03 1.41e+03 1.41e+03 1.41e+03 1.41e+03 1.41e+03 1.41e+03 1.41e+03 1.41e+03 1.41e+03 1.41e+03 1.41e+03 1.41e+03 1.41e+03 1.41e+03 1.41e+03 1.41e+03 1.41e+03 1.40e+03 1.39e+03 1.39e+03 1.38e+03 1.37e+03 1.36e+03 1.35e+03 1.34e+03 1.33e+03 1.32e+03 1.31e+03 1.30e+03 1.29e+03 1.28e+03 1.27e+03 1.25e+03 1.24e+03 1.23e+03 1.22e+03 1.21e+03 1.20e+03 1.19e+03 1.18e+03 1.16e+03 1.15e+03 1.14e+03 1.13e+03 1.12e+03 1.10e+03 1.09e+03 1.08e+03 1.07e+03 1.06e+03 1.04e+03 1.03e+03 1.02e+03 1.01e+03 9.94e+02 9.82e+02 9.70e+02 9.57e+02 9.45e+02 9.33e+02 9.20e+02 9.08e+02 8.96e+02 8.84e+02 8.72e+02 8.60e+02 8.48e+02 8.36e+02 8.24e+02 8.12e+02 8.00e+02 7.89e+02 7.77e+02 7.66e+02 7.54e+02 7.43e+02 7.32e+02 7.21e+02 7.10e+02 7.00e+02 6.89e+02 6.79e+02 6.68e+02 6.58e+02 6.48e+02 6.38e+02 6.28e+02 6.19e+02 6.09e+02 6.00e+02 5.91e+02 5.82e+02 5.73e+02 5.64e+02 5.55e+02 5.47e+02 5.39e+02 5.30e+02 5.22e+02 5.14e+02 5.07e+02 4.99e+02 4.91e+02 4.84e+02 4.77e+02 4.70e+02 4.63e+02 4.56e+02 4.49e+02 4.42e+02 4.36e+02 4.29e+02 4.23e+02 4.17e+02 4.11e+02 4.05e+02 3.99e+02 3.93e+02 3.87e+02 3.82e+02 3.76e+02 3.71e+02 3.66e+02 3.60e+02 3.55e+02 3.50e+02 3.45e+02 3.41e+02 3.36e+02 3.31e+02 3.27e+02 3.22e+02 3.18e+02 3.13e+02 3.09e+02 3.05e+02 3.00e+02 2.96e+02 2.92e+02 2.88e+02 2.84e+02 2.81e+02 2.77e+02 2.73e+02 2.70e+02 2.66e+02 2.62e+02 2.59e+02 2.55e+02 2.52e+02 2.49e+02 2.45e+02 2.42e+02 2.39e+02 2.36e+02 2.33e+02 2.30e+02 2.27e+02 2.24e+02 2.21e+02 2.18e+02 2.15e+02 2.13e+02 2.10e+02 2.07e+02 2.04e+02 2.02e+02 1.99e+02 1.97e+02 1.94e+02 1.92e+02 1.89e+02 1.87e+02 1.85e+02 1.82e+02 1.80e+02 1.78e+02 1.75e+02 1.73e+02 1.71e+02 1.67e+02 1.59e+02 1.43e+02 1.18e+02 8.00e+01 3.95e+01 2.17e+01 2.00e+01 2.00e+01 2.00e+01 2.00e+01 2.00e+01 2.00e+01 
 3.30362977301192e-10   1.41e+03 1.41e+03 1.41e+03 1.41e+03 1.41e+03 1.41e+03 1.41e+03 1.41e+03 1.41e+03 1.41e+03 1.41e+03 1.41e+03 1.41e+03 1.41e+03 1.41e+03 1.41e+03 1.41e+03 1.41e+03 1.41e+03 1.41e+03 1.41e+03 1.41e+03 1.41e+03 1.41e+03 1.41e+03 1.41e+03 1.41e+03 1.41e+03 1.41e+03 1.41e+03 1.41e+03 1.41e+03 1.41e+03 1.41e+03 1.41e+03 1.41e+03 1.41e+03 1.40e+03 1.39e+03 1.38e+03 1.37e+03 1.36e+03 1.35e+03 1.34e+03 1.33e+03 1.32e+03 1.31e+03 1.30e+03 1.29e+03 1.28e+03 1.27e+03 1.26e+03 1.25e+03 1.24e+03 1.23e+03 1.22e+03 1.21e+03 1.20e+03 1.18e+03 1.17e+03 1.16e+03 1.15e+03 1.14e+03 1.13e+03 1.11e+03 1.10e+03 1.09e+03 1.08e+03 1.07e+03 1.05e+03 1.04e+03 1.03e+03 1.02e+03 1.00e+03 9.92e+02 9.80e+02 9.68e+02 9.56e+02 9.43e+02 9.31e+02 9.19e+02 9.07e+02 8.95e+02 8.83e+02 8.71e+02 8.59e+02 8.47e+02 8.35e+02 8.23e+02 8.11e+02 8.00e+02 7.88e+02 7.77e+02 7.65e+02 7.54e+02 7.43e+02 7.32e+02 7.21e+02 7.10e+02 7.00e+02 6.89e+02 6.79e+02 6.69e+02 6.58e+02 6.48e+02 6.39e+02 6.29e+02 6.19e+02 6.10e+02 6.01e+02 5.92e+02 5.83e+02 5.74e+02 5.65e+02 5.56e+02 5.48e+02 5.40e+02 5.31e+02 5.23e+02 5.16e+02 5.08e+02 5.00e+02 4.93e+02 4.85e+02 4.78e+02 4.71e+02 4.64e+02 4.57e+02 4.50e+02 4.44e+02 4.37e+02 4.31e+02 4.25e+02 4.18e+02 4.12e+02 4.06e+02 4.01e+02 3.95e+02 3.89e+02 3.84e+02 3.78e+02 3.73e+02 3.67e+02 3.62e+02 3.57e+02 3.52e+02 3.47e+02 3.42e+02 3.38e+02 3.33e+02 3.28e+02 3.24e+02 3.19e+02 3.15e+02 3.11e+02 3.07e+02 3.02e+02 2.98e+02 2.94e+02 2.90e+02 2.86e+02 2.83e+02 2.79e+02 2.75e+02 2.71e+02 2.68e+02 2.64e+02 2.61e+02 2.57e+02 2.54e+02 2.51e+02 2.47e+02 2.44e+02 2.41e+02 2.38e+02 2.35e+02 2.32e+02 2.29e+02 2.26e+02 2.23e+02 2.20e+02 2.17e+02 2.14e+02 2.12e+02 2.09e+02 2.06e+02 2.04e+02 2.01e+02 1.99e+02 1.96e+02 1.94e+02 1.91e+02 1.89e+02 1.86e+02 1.84e+02 1.82e+02 1.80e+02 1.77e+02 1.75e+02 1.73e+02 1.69e+02 1.60e+02 1.45e+02 1.19e+02 8.15e+01 4.04e+01 2.18e+01 2.00e+01 2.00e+01 2.00e+01 2.00e+01 2.00e+01 2.00e+01 
 3.40375297995619e-10   1.41e+03 1.41e+03 1.41e+03 1.41e+03 1.41e+03 1.41e+03 1.41e+03 1.41e+03 1.41e+03 1.41e+03 1.41e+03 1.41e+03 1.41e+03 1.41e+03 1.41e+03 1.41e+03 1.41e+03 1.41e+03 1.41e+03 1.41e+03 1.41e+03 1.41e+03 1.41e+03 1.41e+03 1.41e+03 1.41e+03 1.41e+03 1.41e+03 1.41e+03 1.41e+03 1.41e+03 1.41e+03 1.41e+03 1.41e+03 1.41e+03 1.41e+03 1.41e+03 1.40e+03 1.39e+03 1.38e+03 1.37e+03 1.36e+03 1.35e+03 1.34e+03 1.33e+03 1.32e+03 1.31e+03 1.30e+03 1.29e+03 1.28e+03 1.27e+03 1.26e+03 1.25e+03 1.24e+03 1.23e+03 1.22e+03 1.20e+03 1.19e+03 1.18e+03 1.17e+03 1.16e+03 1.15e+03 1.14e+03 1.12e+03 1.11e+03 1.10e+03 1.09e+03 1.08e+03 1.06e+03 1.05e+03 1.04e+03 1.03e+03 1.01e+03 1.00e+03 9.91e+02 9.78e+02 9.66e+02 9.54e+02 9.42e+02 9.30e+02 9.18e+02 9.05e+02 8.93e+02 8.81e+02 8.69e+02 8.57e+02 8.46e+02 8.34e+02 8.22e+02 8.11e+02 7.99e+02 7.88e+02 7.76e+02 7.65e+02 7.54e+02 7.43e+02 7.32e+02 7.21e+02 7.10e+02 7.00e+02 6.89e+02 6.79e+02 6.69e+02 6.59e+02 6.49e+02 6.39e+02 6.29e+02 6.20e+02 6.11e+02 6.01e+02 5.92e+02 5.83e+02 5.75e+02 5.66e+02 5.57e+02 5.49e+02 5.41e+02 5.33e+02 5.25e+02 5.17e+02 5.09e+02 5.01e+02 4.94e+02 4.87e+02 4.79e+02 4.72e+02 4.65e+02 4.59e+02 4.52e+02 4.45e+02 4.39e+02 4.32e+02 4.26e+02 4.20e+02 4.14e+02 4.08e+02 4.02e+02 3.96e+02 3.91e+02 3.85e+02 3.80e+02 3.74e+02 3.69e+02 3.64e+02 3.59e+02 3.54e+02 3.49e+02 3.44e+02 3.40e+02 3.35e+02 3.30e+02 3.26e+02 3.21e+02 3.17e+02 3.13e+02 3.08e+02 3.04e+02 3.00e+02 2.96e+02 2.92e+02 2.88e+02 2.85e+02 2.81e+02 2.77e+02 2.73e+02 2.70e+02 2.66e+02 2.63e+02 2.59e+02 2.56e+02 2.53e+02 2.49e+02 2.46e+02 2.43e+02 2.40e+02 2.37e+02 2.34e+02 2.31e+02 2.28e+02 2.25e+02 2.22e+02 2.19e+02 2.16e+02 2.14e+02 2.11e+02 2.08e+02 2.06e+02 2.03e+02 2.01e+02 1.98e+02 1.96e+02 1.93e+02 1.91e+02 1.88e+02 1.86e+02 1.84e+02 1.81e+02 1.79e+02 1.77e+02 1.75e+02 1.71e+02 1.62e+02 1.47e+02 1.21e+02 8.29e+01 4.13e+01 2.20e+01 2.00e+01 2.00e+01 2.00e+01 2.00e+01 2.00e+01 2.00e+01 
 3.50398018815403e-10   1.41e+03 1.41e+03 1.41e+03 1.41e+03 1.41e+03 1.41e+03 1.41e+03 1.41e+03 1.41e+03 1.41e+03 1.41e+03 1.41e+03 1.41e+03 1.41e+03 1.41e+03 1.41e+03 1.41e+03 1.41e+03 1.41e+03 1.41e+03 1.41e+03 1.41e+03 1.41e+03 1.41e+03 1.41e+03 1.41e+03 1.41e+03 1.41e+03 1.41e+03 1.41e+03 1.41e+03 1.41e+03 1.41e+03 1.41e+03 1.41e+03 1.41e+03 1.40e+03 1.40e+03 1.39e+03 1.38e+03 1.37e+03 1.36e+03 1.35e+03 1.34e+03 1.33e+03 1.32e+03 1.31e+03 1.30e+03 1.29e+03 1.28e+03 1.27e+03 1.26e+03 1.25e+03 1.23e+03 1.22e+03 1.21e+03 1.20e+03 1.19e+03 1.18e+03 1.17e+03 1.16e+03 1.14e+03 1.13e+03 1.12e+03 1.11e+03 1.10e+03 1.09e+03 1.07e+03 1.06e+03 1.05e+03 1.04e+03 1.03e+03 1.01e+03 1.00e+03 9.89e+02 9.77e+02 9.64e+02 9.52e+02 9.40e+02 9.28e+02 9.16e+02 9.04e+02 8.92e+02 8.80e+02 8.68e+02 8.56e+02 8.45e+02 8.33e+02 8.21e+02 8.10e+02 7.98e+02 7.87e+02 7.76e+02 7.65e+02 7.54e+02 7.43e+02 7.32e+02 7.21e+02 7.10e+02 7.00e+02 6.89e+02 6.79e+02 6.69e+02 6.59e+02 6.49e+02 6.40e+02 6.30e+02 6.21e+02 6.11e+02 6.02e+02 5.93e+02 5.84e+02 5.75e+02 5.67e+02 5.58e+02 5.50e+02 5.42e+02 5.34e+02 5.26e+02 5.18e+02 5.10e+02 5.03e+02 4.95e+02 4.88e+02 4.81e+02 4.74e+02 4.67e+02 4.60e+02 4.53e+02 4.47e+02 4.40e+02 4.34e+02 4.28e+02 4.22e+02 4.16e+02 4.10e+02 4.04e+02 3.98e+02 3.92e+02 3.87e+02 3.82e+02 3.76e+02 3.71e+02 3.66e+02 3.61e+02 3.56e+02 3.51e+02 3.46e+02 3.41e+02 3.37e+02 3.32e+02 3.28e+02 3.23e+02 3.19e+02 3.15e+02 3.10e+02 3.06e+02 3.02e+02 2.98e+02 2.94e+02 2.90e+02 2.86e+02 2.83e+02 2.79e+02 2.75e+02 2.72e+02 2.68e+02 2.65e+02 2.61e+02 2.58e+02 2.55e+02 2.51e+02 2.48e+02 2.45e+02 2.42e+02 2.39e+02 2.36e+02 2.33e+02 2.30e+02 2.27e+02 2.24e+02 2.21e+02 2.18e+02 2.16e+02 2.13e+02 2.10e+02 2.08e+02 2.05e+02 2.02e+02 2.00e+02 1.97e+02 1.95e+02 1.93e+02 1.90e+02 1.88e+02 1.86e+02 1.83e+02 1.81e+02 1.79e+02 1.77e+02 1.72e+02 1.64e+02 1.49e+02 1.23e+02 8.44e+01 4.21e+01 2.21e+01 2.00e+01 2.00e+01 2.00e+01 2.00e+01 2.00e+01 2.00e+01 
 3.60408221666688e-10   1.41e+03 1.41e+03 1.41e+03 1.41e+03 1.41e+03 1.41e+03 1.41e+03 1.41e+03 1.41e+03 1.41e+03 1.41e+03 1.41e+03 1.41e+03 1.41e+03 1.41e+03 1.41e+03 1.41e+03 1.41e+03 1.41e+03 1.41e+03 1.41e+03 1.41e+03 1.41e+03 1.41e+03 1.41e+03 1.41e+03 1.41e+03 1.41e+03 1.41e+03 1.41e+03 1.41e+03 1.41e+03 1.41e+03 1.41e+03 1.41e+03 1.41e+03 1.40e+03 1.39e+03 1.38e+03 1.37e+03 1.37e+03 1.36e+03 1.35e+03 1.34e+03 1.33e+03 1.32e+03 1.31e+03 1.30e+03 1.29e+03 1.28e+03 1.26e+03 1.25e+03 1.24e+03 1.23e+03 1.22e+03 1.21e+03 1.20e+03 1.19e+03 1.18e+03 1.16e+03 1.15e+03 1.14e+03 1.13e+03 1.12e+03 1.11e+03 1.09e+03 1.08e+03 1.07e+03 1.06e+03 1.05e+03 1.04e+03 1.02e+03 1.01e+03 9.99e+02 9.87e+02 9.75e+02 9.63e+02 9.51e+02 9.39e+02 9.27e+02 9.15e+02 9.03e+02 8.91e+02 8.79e+02 8.67e+02 8.55e+02 8.44e+02 8.32e+02 8.21e+02 8.09e+02 7.98e+02 7.87e+02 7.75e+02 7.64e+02 7.53e+02 7.42e+02 7.32e+02 7.21e+02 7.10e+02 7.00e+02 6.90e+02 6.79e+02 6.69e+02 6.60e+02 6.50e+02 6.40e+02 6.31e+02 6.21e+02 6.12e+02 6.03e+02 5.94e+02 5.85e+02 5.76e+02 5.68e+02 5.59e+02 5.51e+02 5.43e+02 5.35e+02 5.27e+02 5.19e+02 5.11e+02 5.04e+02 4.97e+02 4.89e+02 4.82e+02 4.75e+02 4.68e+02 4.61e+02 4.55e+02 4.48e+02 4.42e+02 4.35e+02 4.29e+02 4.23e+02 4.17e+02 4.11e+02 4.05e+02 4.00e+02 3.94e+02 3.89e+02 3.83e+02 3.78e+02 3.73e+02 3.68e+02 3.62e+02 3.58e+02 3.53e+02 3.48e+02 3.43e+02 3.38e+02 3.34e+02 3.29e+02 3.25e+02 3.21e+02 3.16e+02 3.12e+02 3.08e+02 3.04e+02 3.00e+02 2.96e+02 2.92e+02 2.88e+02 2.84e+02 2.81e+02 2.77e+02 2.74e+02 2.70e+02 2.67e+02 2.63e+02 2.60e+02 2.56e+02 2.53e+02 2.50e+02 2.47e+02 2.44e+02 2.41e+02 2.37e+02 2.34e+02 2.32e+02 2.29e+02 2.26e+02 2.23e+02 2.20e+02 2.17e+02 2.15e+02 2.12e+02 2.09e+02 2.07e+02 2.04e+02 2.02e+02 1.99e+02 1.97e+02 1.94e+02 1.92e+02 1.90e+02 1.87e+02 1.85e+02 1.83e+02 1.81e+02 1.78e+02 1.74e+02 1.66e+02 1.51e+02 1.25e+02 8.58e+01 4.30e+01 2.23e+01 2.00e+01 2.00e+01 2.00e+01 2.00e+01 2.00e+01 2.00e+01 
 3.70428472005559e-10   1.41e+03 1.41e+03 1.41e+03 1.41e+03 1.41e+03 1.41e+03 1.41e+03 1.41e+03 1.41e+03 1.41e+03 1.41e+03 1.41e+03 1.41e+03 1.41e+03 1.41e+03 1.41e+03 1.41e+03 1.41e+03 1.41e+03 1.41e+03 1.41e+03 1.41e+03 1.41e+03 1.41e+03 1.41e+03 1.41e+03 1.41e+03 1.41e+03 1.41e+03 1.41e+03 1.41e+03 1.41e+03 1.41e+03 1.41e+03 1.41e+03 1.41e+03 1.40e+03 1.39e+03 1.38e+03 1.37e+03 1.36e+03 1.35e+03 1.34e+03 1.33e+03 1.32e+03 1.31e+03 1.30e+03 1.29e+03 1.28e+03 1.27e+03 1.26e+03 1.25e+03 1.24e+03 1.23e+03 1.22e+03 1.21e+03 1.20e+03 1.18e+03 1.17e+03 1.16e+03 1.15e+03 1.14e+03 1.13e+03 1.12e+03 1.10e+03 1.09e+03 1.08e+03 1.07e+03 1.06e+03 1.04e+03 1.03e+03 1.02e+03 1.01e+03 9.97e+02 9.85e+02 9.73e+02 9.61e+02 9.49e+02 9.37e+02 9.25e+02 9.13e+02 9.02e+02 8.90e+02 8.78e+02 8.66e+02 8.55e+02 8.43e+02 8.31e+02 8.20e+02 8.09e+02 7.97e+02 7.86e+02 7.75e+02 7.64e+02 7.53e+02 7.42e+02 7.31e+02 7.21e+02 7.10e+02 7.00e+02 6.90e+02 6.80e+02 6.70e+02 6.60e+02 6.50e+02 6.41e+02 6.31e+02 6.22e+02 6.13e+02 6.04e+02 5.95e+02 5.86e+02 5.77e+02 5.69e+02 5.60e+02 5.52e+02 5.44e+02 5.36e+02 5.28e+02 5.20e+02 5.13e+02 5.05e+02 4.98e+02 4.91e+02 4.83e+02 4.76e+02 4.70e+02 4.63e+02 4.56e+02 4.50e+02 4.43e+02 4.37e+02 4.31e+02 4.25e+02 4.19e+02 4.13e+02 4.07e+02 4.01e+02 3.96e+02 3.90e+02 3.85e+02 3.80e+02 3.74e+02 3.69e+02 3.64e+02 3.59e+02 3.54e+02 3.50e+02 3.45e+02 3.40e+02 3.36e+02 3.31e+02 3.27e+02 3.22e+02 3.18e+02 3.14e+02 3.10e+02 3.06e+02 3.02e+02 2.98e+02 2.94e+02 2.90e+02 2.86e+02 2.83e+02 2.79e+02 2.75e+02 2.72e+02 2.68e+02 2.65e+02 2.62e+02 2.58e+02 2.55e+02 2.52e+02 2.49e+02 2.45e+02 2.42e+02 2.39e+02 2.36e+02 2.33e+02 2.30e+02 2.28e+02 2.25e+02 2.22e+02 2.19e+02 2.17e+02 2.14e+02 2.11e+02 2.09e+02 2.06e+02 2.04e+02 2.01e+02 1.99e+02 1.96e+02 1.94e+02 1.92e+02 1.89e+02 1.87e+02 1.85e+02 1.82e+02 1.80e+02 1.76e+02 1.68e+02 1.52e+02 1.26e+02 8.72e+01 4.39e+01 2.24e+01 2.00e+01 2.00e+01 2.00e+01 2.00e+01 2.00e+01 2.00e+01 
 3.80435817527997e-10   1.41e+03 1.41e+03 1.41e+03 1.41e+03 1.41e+03 1.41e+03 1.41e+03 1.41e+03 1.41e+03 1.41e+03 1.41e+03 1.41e+03 1.41e+03 1.41e+03 1.41e+03 1.41e+03 1.41e+03 1.41e+03 1.41e+03 1.41e+03 1.41e+03 1.41e+03 1.41e+03 1.41e+03 1.41e+03 1.41e+03 1.41e+03 1.41e+03 1.41e+03 1.41e+03 1.41e+03 1.41e+03 1.41e+03 1.41e+03 1.41e+03 1.41e+03 1.40e+03 1.39e+03 1.38e+03 1.37e+03 1.36e+03 1.35e+03 1.34e+03 1.33e+03 1.32e+03 1.31e+03 1.30e+03 1.29e+03 1.28e+03 1.27e+03 1.26e+03 1.25e+03 1.24e+03 1.23e+03 1.22e+03 1.20e+03 1.19e+03 1.18e+03 1.17e+03 1.16e+03 1.15e+03 1.14e+03 1.13e+03 1.11e+03 1.10e+03 1.09e+03 1.08e+03 1.07e+03 1.05e+03 1.04e+03 1.03e+03 1.02e+03 1.01e+03 9.95e+02 9.83e+02 9.71e+02 9.60e+02 9.48e+02 9.36e+02 9.24e+02 9.12e+02 9.00e+02 8.89e+02 8.77e+02 8.65e+02 8.54e+02 8.42e+02 8.31e+02 8.19e+02 8.08e+02 7.97e+02 7.86e+02 7.75e+02 7.64e+02 7.53e+02 7.42e+02 7.31e+02 7.21e+02 7.10e+02 7.00e+02 6.90e+02 6.80e+02 6.70e+02 6.60e+02 6.51e+02 6.41e+02 6.32e+02 6.22e+02 6.13e+02 6.04e+02 5.95e+02 5.87e+02 5.78e+02 5.70e+02 5.61e+02 5.53e+02 5.45e+02 5.37e+02 5.29e+02 5.21e+02 5.14e+02 5.06e+02 4.99e+02 4.92e+02 4.85e+02 4.78e+02 4.71e+02 4.64e+02 4.58e+02 4.51e+02 4.45e+02 4.38e+02 4.32e+02 4.26e+02 4.20e+02 4.14e+02 4.09e+02 4.03e+02 3.97e+02 3.92e+02 3.87e+02 3.81e+02 3.76e+02 3.71e+02 3.66e+02 3.61e+02 3.56e+02 3.51e+02 3.47e+02 3.42e+02 3.37e+02 3.33e+02 3.29e+02 3.24e+02 3.20e+02 3.16e+02 3.12e+02 3.08e+02 3.04e+02 3.00e+02 2.96e+02 2.92e+02 2.88e+02 2.84e+02 2.81e+02 2.77e+02 2.74e+02 2.70e+02 2.67e+02 2.63e+02 2.60e+02 2.57e+02 2.54e+02 2.50e+02 2.47e+02 2.44e+02 2.41e+02 2.38e+02 2.35e+02 2.32e+02 2.29e+02 2.27e+02 2.24e+02 2.21e+02 2.18e+02 2.16e+02 2.13e+02 2.10e+02 2.08e+02 2.05e+02 2.03e+02 2.00e+02 1.98e+02 1.96e+02 1.93e+02 1.91e+02 1.89e+02 1.86e+02 1.84e+02 1.82e+02 1.78e+02 1.69e+02 1.54e+02 1.28e+02 8.86e+01 4.48e+01 2.26e+01 2.00e+01 2.00e+01 2.00e+01 2.00e+01 2.00e+01 2.00e+01 
 3.90452880241729e-10   1.41e+03 1.41e+03 1.41e+03 1.41e+03 1.41e+03 1.41e+03 1.41e+03 1.41e+03 1.41e+03 1.41e+03 1.41e+03 1.41e+03 1.41e+03 1.41e+03 1.41e+03 1.41e+03 1.41e+03 1.41e+03 1.41e+03 1.41e+03 1.41e+03 1.41e+03 1.41e+03 1.41e+03 1.41e+03 1.41e+03 1.41e+03 1.41e+03 1.41e+03 1.41e+03 1.41e+03 1.41e+03 1.41e+03 1.41e+03 1.41e+03 1.40e+03 1.39e+03 1.38e+03 1.38e+03 1.37e+03 1.36e+03 1.35e+03 1.34e+03 1.33e+03 1.32e+03 1.31e+03 1.30e+03 1.29e+03 1.28e+03 1.27e+03 1.26e+03 1.25e+03 1.24e+03 1.22e+03 1.21e+03 1.20e+03 1.19e+03 1.18e+03 1.17e+03 1.16e+03 1.15e+03 1.13e+03 1.12e+03 1.11e+03 1.10e+03 1.09e+03 1.08e+03 1.06e+03 1.05e+03 1.04e+03 1.03e+03 1.02e+03 1.01e+03 9.94e+02 9.82e+02 9.70e+02 9.58e+02 9.46e+02 9.34e+02 9.23e+02 9.11e+02 8.99e+02 8.87e+02 8.76e+02 8.64e+02 8.53e+02 8.41e+02 8.30e+02 8.19e+02 8.07e+02 7.96e+02 7.85e+02 7.74e+02 7.63e+02 7.53e+02 7.42e+02 7.31e+02 7.21e+02 7.11e+02 7.00e+02 6.90e+02 6.80e+02 6.70e+02 6.61e+02 6.51e+02 6.42e+02 6.32e+02 6.23e+02 6.14e+02 6.05e+02 5.96e+02 5.87e+02 5.79e+02 5.70e+02 5.62e+02 5.54e+02 5.46e+02 5.38e+02 5.30e+02 5.23e+02 5.15e+02 5.08e+02 5.00e+02 4.93e+02 4.86e+02 4.79e+02 4.72e+02 4.66e+02 4.59e+02 4.53e+02 4.46e+02 4.40e+02 4.34e+02 4.28e+02 4.22e+02 4.16e+02 4.10e+02 4.05e+02 3.99e+02 3.94e+02 3.88e+02 3.83e+02 3.78e+02 3.73e+02 3.68e+02 3.63e+02 3.58e+02 3.53e+02 3.48e+02 3.44e+02 3.39e+02 3.35e+02 3.30e+02 3.26e+02 3.22e+02 3.17e+02 3.13e+02 3.09e+02 3.05e+02 3.01e+02 2.97e+02 2.94e+02 2.90e+02 2.86e+02 2.83e+02 2.79e+02 2.75e+02 2.72e+02 2.69e+02 2.65e+02 2.62e+02 2.59e+02 2.55e+02 2.52e+02 2.49e+02 2.46e+02 2.43e+02 2.40e+02 2.37e+02 2.34e+02 2.31e+02 2.28e+02 2.26e+02 2.23e+02 2.20e+02 2.17e+02 2.15e+02 2.12e+02 2.10e+02 2.07e+02 2.05e+02 2.02e+02 2.00e+02 1.97e+02 1.95e+02 1.93e+02 1.90e+02 1.88e+02 1.86e+02 1.84e+02 1.79e+02 1.71e+02 1.56e+02 1.29e+02 9.00e+01 4.57e+01 2.27e+01 2.00e+01 2.00e+01 2.00e+01 2.00e+01 2.00e+01 2.00e+01 
 4.00456673889528e-10   1.41e+03 1.41e+03 1.41e+03 1.41e+03 1.41e+03 1.41e+03 1.41e+03 1.41e+03 1.41e+03 1.41e+03 1.41e+03 1.41e+03 1.41e+03 1.41e+03 1.41e+03 1.41e+03 1.41e+03 1.41e+03 1.41e+03 1.41e+03 1.41e+03 1.41e+03 1.41e+03 1.41e+03 1.41e+03 1.41e+03 1.41e+03 1.41e+03 1.41e+03 1.41e+03 1.41e+03 1.41e+03 1.41e+03 1.41e+03 1.41e+03 1.40e+03 1.39e+03 1.38e+03 1.37e+03 1.36e+03 1.35e+03 1.35e+03 1.34e+03 1.33e+03 1.32e+03 1.31e+03 1.30e+03 1.29e+03 1.27e+03 1.26e+03 1.25e+03 1.24e+03 1.23e+03 1.22e+03 1.21e+03 1.20e+03 1.19e+03 1.18e+03 1.17e+03 1.15e+03 1.14e+03 1.13e+03 1.12e+03 1.11e+03 1.10e+03 1.09e+03 1.07e+03 1.06e+03 1.05e+03 1.04e+03 1.03e+03 1.02e+03 1.00e+03 9.92e+02 9.80e+02 9.68e+02 9.57e+02 9.45e+02 9.33e+02 9.21e+02 9.10e+02 8.98e+02 8.86e+02 8.75e+02 8.63e+02 8.52e+02 8.40e+02 8.29e+02 8.18e+02 8.07e+02 7.96e+02 7.85e+02 7.74e+02 7.63e+02 7.52e+02 7.42e+02 7.31e+02 7.21e+02 7.11e+02 7.00e+02 6.90e+02 6.80e+02 6.71e+02 6.61e+02 6.51e+02 6.42e+02 6.33e+02 6.24e+02 6.15e+02 6.06e+02 5.97e+02 5.88e+02 5.80e+02 5.71e+02 5.63e+02 5.55e+02 5.47e+02 5.39e+02 5.31e+02 5.24e+02 5.16e+02 5.09e+02 5.02e+02 4.94e+02 4.87e+02 4.80e+02 4.74e+02 4.67e+02 4.60e+02 4.54e+02 4.48e+02 4.41e+02 4.35e+02 4.29e+02 4.23e+02 4.17e+02 4.12e+02 4.06e+02 4.01e+02 3.95e+02 3.90e+02 3.85e+02 3.79e+02 3.74e+02 3.69e+02 3.64e+02 3.59e+02 3.55e+02 3.50e+02 3.45e+02 3.41e+02 3.36e+02 3.32e+02 3.28e+02 3.23e+02 3.19e+02 3.15e+02 3.11e+02 3.07e+02 3.03e+02 2.99e+02 2.95e+02 2.92e+02 2.88e+02 2.84e+02 2.81e+02 2.77e+02 2.74e+02 2.70e+02 2.67e+02 2.64e+02 2.60e+02 2.57e+02 2.54e+02 2.51e+02 2.48e+02 2.45e+02 2.42e+02 2.39e+02 2.36e+02 2.33e+02 2.30e+02 2.27e+02 2.25e+02 2.22e+02 2.19e+02 2.17e+02 2.14e+02 2.11e+02 2.09e+02 2.06e+02 2.04e+02 2.02e+02 1.99e+02 1.97e+02 1.94e+02 1.92e+02 1.90e+02 1.88e+02 1.85e+02 1.81e+02 1.73e+02 1.57e+02 1.31e+02 9.13e+01 4.66e+01 2.29e+01 2.00e+01 2.00e+01 2.00e+01 2.00e+01 2.00e+01 2.00e+01 
 4.10469874569836e-10   1.41e+03 1.41e+03 1.41e+03 1.41e+03 1.41e+03 1.41e+03 1.41e+03 1.41e+03 1.41e+03 1.41e+03 1.41e+03 1.41e+03 1.41e+03 1.41e+03 1.41e+03 1.41e+03 1.41e+03 1.41e+03 1.41e+03 1.41e+03 1.41e+03 1.41e+03 1.41e+03 1.41e+03 1.41e+03 1.41e+03 1.41e+03 1.41e+03 1.41e+03 1.41e+03 1.41e+03 1.41e+03 1.41e+03 1.41e+03 1.41e+03 1.40e+03 1.39e+03 1.38e+03 1.37e+03 1.36e+03 1.35e+03 1.34e+03 1.33e+03 1.32e+03 1.31e+03 1.30e+03 1.29e+03 1.28e+03 1.27e+03 1.26e+03 1.25e+03 1.24e+03 1.23e+03 1.22e+03 1.21e+03 1.20e+03 1.19e+03 1.17e+03 1.16e+03 1.15e+03 1.14e+03 1.13e+03 1.12e+03 1.11e+03 1.10e+03 1.08e+03 1.07e+03 1.06e+03 1.05e+03 1.04e+03 1.03e+03 1.01e+03 1.00e+03 9.90e+02 9.79e+02 9.67e+02 9.55e+02 9.43e+02 9.32e+02 9.20e+02 9.08e+02 8.97e+02 8.85e+02 8.74e+02 8.62e+02 8.51e+02 8.40e+02 8.28e+02 8.17e+02 8.06e+02 7.95e+02 7.84e+02 7.73e+02 7.63e+02 7.52e+02 7.42e+02 7.31e+02 7.21e+02 7.11e+02 7.01e+02 6.91e+02 6.81e+02 6.71e+02 6.61e+02 6.52e+02 6.43e+02 6.33e+02 6.24e+02 6.15e+02 6.06e+02 5.98e+02 5.89e+02 5.81e+02 5.72e+02 5.64e+02 5.56e+02 5.48e+02 5.40e+02 5.32e+02 5.25e+02 5.17e+02 5.10e+02 5.03e+02 4.96e+02 4.89e+02 4.82e+02 4.75e+02 4.68e+02 4.62e+02 4.55e+02 4.49e+02 4.43e+02 4.37e+02 4.31e+02 4.25e+02 4.19e+02 4.13e+02 4.08e+02 4.02e+02 3.97e+02 3.91e+02 3.86e+02 3.81e+02 3.76e+02 3.71e+02 3.66e+02 3.61e+02 3.56e+02 3.52e+02 3.47e+02 3.43e+02 3.38e+02 3.34e+02 3.29e+02 3.25e+02 3.21e+02 3.17e+02 3.13e+02 3.09e+02 3.05e+02 3.01e+02 2.97e+02 2.93e+02 2.90e+02 2.86e+02 2.83e+02 2.79e+02 2.76e+02 2.72e+02 2.69e+02 2.65e+02 2.62e+02 2.59e+02 2.56e+02 2.53e+02 2.50e+02 2.46e+02 2.43e+02 2.41e+02 2.38e+02 2.35e+02 2.32e+02 2.29e+02 2.26e+02 2.24e+02 2.21e+02 2.18e+02 2.16e+02 2.13e+02 2.11e+02 2.08e+02 2.06e+02 2.03e+02 2.01e+02 1.98e+02 1.96e+02 1.94e+02 1.92e+02 1.89e+02 1.87e+02 1.83e+02 1.74e+02 1.59e+02 1.32e+02 9.27e+01 4.75e+01 2.31e+01 2.00e+01 2.00e+01 2.00e+01 2.00e+01 2.00e+01 2.00e+01 
 4.20492355255852e-10   1.41e+03 1.41e+03 1.41e+03 1.41e+03 1.41e+03 1.41e+03 1.41e+03 1.41e+03 1.41e+03 1.41e+03 1.41e+03 1.41e+03 1.41e+03 1.41e+03 1.41e+03 1.41e+03 1.41e+03 1.41e+03 1.41e+03 1.41e+03 1.41e+03 1.41e+03 1.41e+03 1.41e+03 1.41e+03 1.41e+03 1.41e+03 1.41e+03 1.41e+03 1.41e+03 1.41e+03 1.41e+03 1.41e+03 1.41e+03 1.40e+03 1.40e+03 1.39e+03 1.38e+03 1.37e+03 1.36e+03 1.35e+03 1.34e+03 1.33e+03 1.32e+03 1.31e+03 1.30e+03 1.29e+03 1.28e+03 1.27e+03 1.26e+03 1.25e+03 1.24e+03 1.23e+03 1.22e+03 1.21e+03 1.19e+03 1.18e+03 1.17e+03 1.16e+03 1.15e+03 1.14e+03 1.13e+03 1.12e+03 1.10e+03 1.09e+03 1.08e+03 1.07e+03 1.06e+03 1.05e+03 1.04e+03 1.02e+03 1.01e+03 1.00e+03 9.89e+02 9.77e+02 9.65e+02 9.54e+02 9.42e+02 9.30e+02 9.19e+02 9.07e+02 8.96e+02 8.84e+02 8.73e+02 8.62e+02 8.50e+02 8.39e+02 8.28e+02 8.17e+02 8.06e+02 7.95e+02 7.84e+02 7.73e+02 7.63e+02 7.52e+02 7.41e+02 7.31e+02 7.21e+02 7.11e+02 7.01e+02 6.91e+02 6.81e+02 6.71e+02 6.62e+02 6.52e+02 6.43e+02 6.34e+02 6.25e+02 6.16e+02 6.07e+02 5.98e+02 5.90e+02 5.81e+02 5.73e+02 5.65e+02 5.57e+02 5.49e+02 5.41e+02 5.33e+02 5.26e+02 5.18e+02 5.11e+02 5.04e+02 4.97e+02 4.90e+02 4.83e+02 4.76e+02 4.70e+02 4.63e+02 4.57e+02 4.50e+02 4.44e+02 4.38e+02 4.32e+02 4.26e+02 4.20e+02 4.15e+02 4.09e+02 4.04e+02 3.98e+02 3.93e+02 3.88e+02 3.83e+02 3.77e+02 3.72e+02 3.68e+02 3.63e+02 3.58e+02 3.53e+02 3.49e+02 3.44e+02 3.40e+02 3.35e+02 3.31e+02 3.27e+02 3.23e+02 3.18e+02 3.14e+02 3.10e+02 3.07e+02 3.03e+02 2.99e+02 2.95e+02 2.91e+02 2.88e+02 2.84e+02 2.81e+02 2.77e+02 2.74e+02 2.70e+02 2.67e+02 2.64e+02 2.61e+02 2.57e+02 2.54e+02 2.51e+02 2.48e+02 2.45e+02 2.42e+02 2.39e+02 2.36e+02 2.34e+02 2.31e+02 2.28e+02 2.25e+02 2.23e+02 2.20e+02 2.17e+02 2.15e+02 2.12e+02 2.10e+02 2.07e+02 2.05e+02 2.03e+02 2.00e+02 1.98e+02 1.96e+02 1.93e+02 1.91e+02 1.89e+02 1.84e+02 1.76e+02 1.61e+02 1.34e+02 9.40e+01 4.84e+01 2.33e+01 2.00e+01 2.00e+01 2.00e+01 2.00e+01 2.00e+01 2.00e+01 
 4.30501078923940e-10   1.41e+03 1.41e+03 1.41e+03 1.41e+03 1.41e+03 1.41e+03 1.41e+03 1.41e+03 1.41e+03 1.41e+03 1.41e+03 1.41e+03 1.41e+03 1.41e+03 1.41e+03 1.41e+03 1.41e+03 1.41e+03 1.41e+03 1.41e+03 1.41e+03 1.41e+03 1.41e+03 1.41e+03 1.41e+03 1.41e+03 1.41e+03 1.41e+03 1.41e+03 1.41e+03 1.41e+03 1.41e+03 1.41e+03 1.41e+03 1.40e+03 1.39e+03 1.38e+03 1.38e+03 1.37e+03 1.36e+03 1.35e+03 1.34e+03 1.33e+03 1.32e+03 1.31e+03 1.30e+03 1.29e+03 1.28e+03 1.27e+03 1.26e+03 1.25e+03 1.24e+03 1.23e+03 1.21e+03 1.20e+03 1.19e+03 1.18e+03 1.17e+03 1.16e+03 1.15e+03 1.14e+03 1.13e+03 1.11e+03 1.10e+03 1.09e+03 1.08e+03 1.07e+03 1.06e+03 1.05e+03 1.03e+03 1.02e+03 1.01e+03 9.99e+02 9.87e+02 9.75e+02 9.64e+02 9.52e+02 9.41e+02 9.29e+02 9.18e+02 9.06e+02 8.95e+02 8.83e+02 8.72e+02 8.61e+02 8.49e+02 8.38e+02 8.27e+02 8.16e+02 8.05e+02 7.94e+02 7.84e+02 7.73e+02 7.62e+02 7.52e+02 7.41e+02 7.31e+02 7.21e+02 7.11e+02 7.01e+02 6.91e+02 6.81e+02 6.72e+02 6.62e+02 6.53e+02 6.43e+02 6.34e+02 6.25e+02 6.16e+02 6.08e+02 5.99e+02 5.91e+02 5.82e+02 5.74e+02 5.66e+02 5.58e+02 5.50e+02 5.42e+02 5.34e+02 5.27e+02 5.20e+02 5.12e+02 5.05e+02 4.98e+02 4.91e+02 4.84e+02 4.78e+02 4.71e+02 4.64e+02 4.58e+02 4.52e+02 4.46e+02 4.40e+02 4.34e+02 4.28e+02 4.22e+02 4.16e+02 4.11e+02 4.05e+02 4.00e+02 3.94e+02 3.89e+02 3.84e+02 3.79e+02 3.74e+02 3.69e+02 3.64e+02 3.60e+02 3.55e+02 3.50e+02 3.46e+02 3.41e+02 3.37e+02 3.33e+02 3.28e+02 3.24e+02 3.20e+02 3.16e+02 3.12e+02 3.08e+02 3.04e+02 3.01e+02 2.97e+02 2.93e+02 2.90e+02 2.86e+02 2.82e+02 2.79e+02 2.76e+02 2.72e+02 2.69e+02 2.66e+02 2.62e+02 2.59e+02 2.56e+02 2.53e+02 2.50e+02 2.47e+02 2.44e+02 2.41e+02 2.38e+02 2.35e+02 2.33e+02 2.30e+02 2.27e+02 2.24e+02 2.22e+02 2.19e+02 2.17e+02 2.14e+02 2.12e+02 2.09e+02 2.07e+02 2.04e+02 2.02e+02 2.00e+02 1.97e+02 1.95e+02 1.93e+02 1.90e+02 1.86e+02 1.78e+02 1.62e+02 1.35e+02 9.53e+01 4.92e+01 2.35e+01 2.01e+01 2.00e+01 2.00e+01 2.00e+01 2.00e+01 2.00e+01 
 4.40518798298917e-10   1.41e+03 1.41e+03 1.41e+03 1.41e+03 1.41e+03 1.41e+03 1.41e+03 1.41e+03 1.41e+03 1.41e+03 1.41e+03 1.41e+03 1.41e+03 1.41e+03 1.41e+03 1.41e+03 1.41e+03 1.41e+03 1.41e+03 1.41e+03 1.41e+03 1.41e+03 1.41e+03 1.41e+03 1.41e+03 1.41e+03 1.41e+03 1.41e+03 1.41e+03 1.41e+03 1.41e+03 1.41e+03 1.41e+03 1.41e+03 1.40e+03 1.39e+03 1.38e+03 1.37e+03 1.36e+03 1.35e+03 1.34e+03 1.34e+03 1.33e+03 1.32e+03 1.31e+03 1.30e+03 1.29e+03 1.28e+03 1.26e+03 1.25e+03 1.24e+03 1.23e+03 1.22e+03 1.21e+03 1.20e+03 1.19e+03 1.18e+03 1.17e+03 1.16e+03 1.15e+03 1.13e+03 1.12e+03 1.11e+03 1.10e+03 1.09e+03 1.08e+03 1.07e+03 1.05e+03 1.04e+03 1.03e+03 1.02e+03 1.01e+03 9.97e+02 9.86e+02 9.74e+02 9.62e+02 9.51e+02 9.39e+02 9.28e+02 9.17e+02 9.05e+02 8.94e+02 8.82e+02 8.71e+02 8.60e+02 8.49e+02 8.38e+02 8.27e+02 8.16e+02 8.05e+02 7.94e+02 7.83e+02 7.73e+02 7.62e+02 7.52e+02 7.41e+02 7.31e+02 7.21e+02 7.11e+02 7.01e+02 6.91e+02 6.82e+02 6.72e+02 6.63e+02 6.53e+02 6.44e+02 6.35e+02 6.26e+02 6.17e+02 6.08e+02 6.00e+02 5.91e+02 5.83e+02 5.75e+02 5.67e+02 5.59e+02 5.51e+02 5.43e+02 5.36e+02 5.28e+02 5.21e+02 5.13e+02 5.06e+02 4.99e+02 4.92e+02 4.86e+02 4.79e+02 4.72e+02 4.66e+02 4.59e+02 4.53e+02 4.47e+02 4.41e+02 4.35e+02 4.29e+02 4.23e+02 4.18e+02 4.12e+02 4.07e+02 4.01e+02 3.96e+02 3.91e+02 3.86e+02 3.81e+02 3.76e+02 3.71e+02 3.66e+02 3.61e+02 3.57e+02 3.52e+02 3.47e+02 3.43e+02 3.39e+02 3.34e+02 3.30e+02 3.26e+02 3.22e+02 3.18e+02 3.14e+02 3.10e+02 3.06e+02 3.02e+02 2.98e+02 2.95e+02 2.91e+02 2.88e+02 2.84e+02 2.81e+02 2.77e+02 2.74e+02 2.71e+02 2.67e+02 2.64e+02 2.61e+02 2.58e+02 2.55e+02 2.52e+02 2.49e+02 2.46e+02 2.43e+02 2.40e+02 2.37e+02 2.34e+02 2.31e+02 2.29e+02 2.26e+02 2.23e+02 2.21e+02 2.18e+02 2.16e+02 2.13e+02 2.11e+02 2.08e+02 2.06e+02 2.03e+02 2.01e+02 1.99e+02 1.97e+02 1.94e+02 1.92e+02 1.88e+02 1.79e+02 1.64e+02 1.37e+02 9.66e+01 5.01e+01 2.37e+01 2.01e+01 2.00e+01 2.00e+01 2.00e+01 2.00e+01 2.00e+01 
 4.50522443315546e-10   1.41e+03 1.41e+03 1.41e+03 1.41e+03 1.41e+03 1.41e+03 1.41e+03 1.41e+03 1.41e+03 1.41e+03 1.41e+03 1.41e+03 1.41e+03 1.41e+03 1.41e+03 1.41e+03 1.41e+03 1.41e+03 1.41e+03 1.41e+03 1.41e+03 1.41e+03 1.41e+03 1.41e+03 1.41e+03 1.41e+03 1.41e+03 1.41e+03 1.41e+03 1.41e+03 1.41e+03 1.41e+03 1.41e+03 1.41e+03 1.40e+03 1.39e+03 1.38e+03 1.37e+03 1.36e+03 1.35e+03 1.34e+03 1.33e+03 1.32e+03 1.31e+03 1.30e+03 1.29e+03 1.28e+03 1.27e+03 1.26e+03 1.25e+03 1.24e+03 1.23e+03 1.22e+03 1.21e+03 1.20e+03 1.19e+03 1.18e+03 1.17e+03 1.15e+03 1.14e+03 1.13e+03 1.12e+03 1.11e+03 1.10e+03 1.09e+03 1.08e+03 1.06e+03 1.05e+03 1.04e+03 1.03e+03 1.02e+03 1.01e+03 9.96e+02 9.84e+02 9.73e+02 9.61e+02 9.50e+02 9.38e+02 9.27e+02 9.15e+02 9.04e+02 8.93e+02 8.82e+02 8.70e+02 8.59e+02 8.48e+02 8.37e+02 8.26e+02 8.15e+02 8.04e+02 7.94e+02 7.83e+02 7.72e+02 7.62e+02 7.52e+02 7.41e+02 7.31e+02 7.21e+02 7.11e+02 7.01e+02 6.91e+02 6.82e+02 6.72e+02 6.63e+02 6.54e+02 6.44e+02 6.35e+02 6.27e+02 6.18e+02 6.09e+02 6.01e+02 5.92e+02 5.84e+02 5.76e+02 5.68e+02 5.60e+02 5.52e+02 5.44e+02 5.37e+02 5.29e+02 5.22e+02 5.15e+02 5.07e+02 5.00e+02 4.94e+02 4.87e+02 4.80e+02 4.74e+02 4.67e+02 4.61e+02 4.55e+02 4.48e+02 4.42e+02 4.36e+02 4.31e+02 4.25e+02 4.19e+02 4.14e+02 4.08e+02 4.03e+02 3.97e+02 3.92e+02 3.87e+02 3.82e+02 3.77e+02 3.72e+02 3.67e+02 3.63e+02 3.58e+02 3.54e+02 3.49e+02 3.45e+02 3.40e+02 3.36e+02 3.32e+02 3.28e+02 3.23e+02 3.19e+02 3.15e+02 3.12e+02 3.08e+02 3.04e+02 3.00e+02 2.96e+02 2.93e+02 2.89e+02 2.86e+02 2.82e+02 2.79e+02 2.75e+02 2.72e+02 2.69e+02 2.66e+02 2.63e+02 2.59e+02 2.56e+02 2.53e+02 2.50e+02 2.47e+02 2.44e+02 2.41e+02 2.39e+02 2.36e+02 2.33e+02 2.30e+02 2.28e+02 2.25e+02 2.22e+02 2.20e+02 2.17e+02 2.15e+02 2.12e+02 2.10e+02 2.07e+02 2.05e+02 2.03e+02 2.00e+02 1.98e+02 1.96e+02 1.94e+02 1.89e+02 1.81e+02 1.65e+02 1.38e+02 9.79e+01 5.10e+01 2.38e+01 2.01e+01 2.00e+01 2.00e+01 2.00e+01 2.00e+01 2.00e+01 
 4.60534815645813e-10   1.41e+03 1.41e+03 1.41e+03 1.41e+03 1.41e+03 1.41e+03 1.41e+03 1.41e+03 1.41e+03 1.41e+03 1.41e+03 1.41e+03 1.41e+03 1.41e+03 1.41e+03 1.41e+03 1.41e+03 1.41e+03 1.41e+03 1.41e+03 1.41e+03 1.41e+03 1.41e+03 1.41e+03 1.41e+03 1.41e+03 1.41e+03 1.41e+03 1.41e+03 1.41e+03 1.41e+03 1.41e+03 1.41e+03 1.40e+03 1.39e+03 1.39e+03 1.38e+03 1.37e+03 1.36e+03 1.35e+03 1.34e+03 1.33e+03 1.32e+03 1.31e+03 1.30e+03 1.29e+03 1.28e+03 1.27e+03 1.26e+03 1.25e+03 1.24e+03 1.23e+03 1.22e+03 1.21e+03 1.20e+03 1.19e+03 1.17e+03 1.16e+03 1.15e+03 1.14e+03 1.13e+03 1.12e+03 1.11e+03 1.10e+03 1.09e+03 1.07e+03 1.06e+03 1.05e+03 1.04e+03 1.03e+03 1.02e+03 1.01e+03 9.94e+02 9.83e+02 9.71e+02 9.60e+02 9.48e+02 9.37e+02 9.26e+02 9.14e+02 9.03e+02 8.92e+02 8.81e+02 8.69e+02 8.58e+02 8.47e+02 8.36e+02 8.25e+02 8.15e+02 8.04e+02 7.93e+02 7.83e+02 7.72e+02 7.62e+02 7.51e+02 7.41e+02 7.31e+02 7.21e+02 7.11e+02 7.01e+02 6.92e+02 6.82e+02 6.73e+02 6.63e+02 6.54e+02 6.45e+02 6.36e+02 6.27e+02 6.18e+02 6.10e+02 6.01e+02 5.93e+02 5.85e+02 5.76e+02 5.68e+02 5.61e+02 5.53e+02 5.45e+02 5.38e+02 5.30e+02 5.23e+02 5.16e+02 5.09e+02 5.02e+02 4.95e+02 4.88e+02 4.81e+02 4.75e+02 4.68e+02 4.62e+02 4.56e+02 4.50e+02 4.44e+02 4.38e+02 4.32e+02 4.26e+02 4.21e+02 4.15e+02 4.10e+02 4.04e+02 3.99e+02 3.94e+02 3.89e+02 3.84e+02 3.79e+02 3.74e+02 3.69e+02 3.64e+02 3.60e+02 3.55e+02 3.51e+02 3.46e+02 3.42e+02 3.38e+02 3.33e+02 3.29e+02 3.25e+02 3.21e+02 3.17e+02 3.13e+02 3.09e+02 3.06e+02 3.02e+02 2.98e+02 2.94e+02 2.91e+02 2.87e+02 2.84e+02 2.80e+02 2.77e+02 2.74e+02 2.71e+02 2.67e+02 2.64e+02 2.61e+02 2.58e+02 2.55e+02 2.52e+02 2.49e+02 2.46e+02 2.43e+02 2.40e+02 2.37e+02 2.35e+02 2.32e+02 2.29e+02 2.27e+02 2.24e+02 2.21e+02 2.19e+02 2.16e+02 2.14e+02 2.12e+02 2.09e+02 2.07e+02 2.04e+02 2.02e+02 2.00e+02 1.97e+02 1.95e+02 1.91e+02 1.82e+02 1.67e+02 1.40e+02 9.92e+01 5.19e+01 2.40e+01 2.01e+01 2.00e+01 2.00e+01 2.00e+01 2.00e+01 2.00e+01 
 4.70555806319344e-10   1.41e+03 1.41e+03 1.41e+03 1.41e+03 1.41e+03 1.41e+03 1.41e+03 1.41e+03 1.41e+03 1.41e+03 1.41e+03 1.41e+03 1.41e+03 1.41e+03 1.41e+03 1.41e+03 1.41e+03 1.41e+03 1.41e+03 1.41e+03 1.41e+03 1.41e+03 1.41e+03 1.41e+03 1.41e+03 1.41e+03 1.41e+03 1.41e+03 1.41e+03 1.41e+03 1.41e+03 1.41e+03 1.41e+03 1.40e+03 1.39e+03 1.38e+03 1.38e+03 1.37e+03 1.36e+03 1.35e+03 1.34e+03 1.33e+03 1.32e+03 1.31e+03 1.30e+03 1.29e+03 1.28e+03 1.27e+03 1.26e+03 1.25e+03 1.24e+03 1.23e+03 1.22e+03 1.21e+03 1.19e+03 1.18e+03 1.17e+03 1.16e+03 1.15e+03 1.14e+03 1.13e+03 1.12e+03 1.11e+03 1.09e+03 1.08e+03 1.07e+03 1.06e+03 1.05e+03 1.04e+03 1.03e+03 1.02e+03 1.00e+03 9.93e+02 9.81e+02 9.70e+02 9.59e+02 9.47e+02 9.36e+02 9.25e+02 9.13e+02 9.02e+02 8.91e+02 8.80e+02 8.69e+02 8.58e+02 8.47e+02 8.36e+02 8.25e+02 8.14e+02 8.03e+02 7.93e+02 7.82e+02 7.72e+02 7.62e+02 7.51e+02 7.41e+02 7.31e+02 7.21e+02 7.11e+02 7.02e+02 6.92e+02 6.82e+02 6.73e+02 6.64e+02 6.55e+02 6.45e+02 6.37e+02 6.28e+02 6.19e+02 6.10e+02 6.02e+02 5.94e+02 5.85e+02 5.77e+02 5.69e+02 5.61e+02 5.54e+02 5.46e+02 5.39e+02 5.31e+02 5.24e+02 5.17e+02 5.10e+02 5.03e+02 4.96e+02 4.89e+02 4.83e+02 4.76e+02 4.70e+02 4.63e+02 4.57e+02 4.51e+02 4.45e+02 4.39e+02 4.33e+02 4.28e+02 4.22e+02 4.17e+02 4.11e+02 4.06e+02 4.00e+02 3.95e+02 3.90e+02 3.85e+02 3.80e+02 3.75e+02 3.71e+02 3.66e+02 3.61e+02 3.57e+02 3.52e+02 3.48e+02 3.43e+02 3.39e+02 3.35e+02 3.31e+02 3.27e+02 3.23e+02 3.19e+02 3.15e+02 3.11e+02 3.07e+02 3.03e+02 3.00e+02 2.96e+02 2.93e+02 2.89e+02 2.86e+02 2.82e+02 2.79e+02 2.75e+02 2.72e+02 2.69e+02 2.66e+02 2.63e+02 2.60e+02 2.57e+02 2.53e+02 2.51e+02 2.48e+02 2.45e+02 2.42e+02 2.39e+02 2.36e+02 2.34e+02 2.31e+02 2.28e+02 2.26e+02 2.23e+02 2.21e+02 2.18e+02 2.16e+02 2.13e+02 2.11e+02 2.08e+02 2.06e+02 2.04e+02 2.01e+02 1.99e+02 1.97e+02 1.92e+02 1.84e+02 1.68e+02 1.41e+02 1.00e+02 5.27e+01 2.42e+01 2.01e+01 2.00e+01 2.00e+01 2.00e+01 2.00e+01 2.00e+01 
 4.80562296111349e-10   1.41e+03 1.41e+03 1.41e+03 1.41e+03 1.41e+03 1.41e+03 1.41e+03 1.41e+03 1.41e+03 1.41e+03 1.41e+03 1.41e+03 1.41e+03 1.41e+03 1.41e+03 1.41e+03 1.41e+03 1.41e+03 1.41e+03 1.41e+03 1.41e+03 1.41e+03 1.41e+03 1.41e+03 1.41e+03 1.41e+03 1.41e+03 1.41e+03 1.41e+03 1.41e+03 1.41e+03 1.41e+03 1.41e+03 1.40e+03 1.39e+03 1.38e+03 1.37e+03 1.36e+03 1.35e+03 1.35e+03 1.34e+03 1.33e+03 1.32e+03 1.31e+03 1.30e+03 1.29e+03 1.28e+03 1.27e+03 1.26e+03 1.25e+03 1.23e+03 1.22e+03 1.21e+03 1.20e+03 1.19e+03 1.18e+03 1.17e+03 1.16e+03 1.15e+03 1.14e+03 1.13e+03 1.12e+03 1.10e+03 1.09e+03 1.08e+03 1.07e+03 1.06e+03 1.05e+03 1.04e+03 1.03e+03 1.01e+03 1.00e+03 9.91e+02 9.80e+02 9.69e+02 9.57e+02 9.46e+02 9.35e+02 9.24e+02 9.12e+02 9.01e+02 8.90e+02 8.79e+02 8.68e+02 8.57e+02 8.46e+02 8.35e+02 8.24e+02 8.14e+02 8.03e+02 7.93e+02 7.82e+02 7.72e+02 7.61e+02 7.51e+02 7.41e+02 7.31e+02 7.21e+02 7.11e+02 7.02e+02 6.92e+02 6.83e+02 6.73e+02 6.64e+02 6.55e+02 6.46e+02 6.37e+02 6.28e+02 6.20e+02 6.11e+02 6.03e+02 5.94e+02 5.86e+02 5.78e+02 5.70e+02 5.62e+02 5.55e+02 5.47e+02 5.40e+02 5.32e+02 5.25e+02 5.18e+02 5.11e+02 5.04e+02 4.97e+02 4.90e+02 4.84e+02 4.77e+02 4.71e+02 4.65e+02 4.58e+02 4.52e+02 4.46e+02 4.41e+02 4.35e+02 4.29e+02 4.23e+02 4.18e+02 4.13e+02 4.07e+02 4.02e+02 3.97e+02 3.92e+02 3.87e+02 3.82e+02 3.77e+02 3.72e+02 3.67e+02 3.63e+02 3.58e+02 3.54e+02 3.49e+02 3.45e+02 3.41e+02 3.36e+02 3.32e+02 3.28e+02 3.24e+02 3.20e+02 3.16e+02 3.12e+02 3.09e+02 3.05e+02 3.01e+02 2.98e+02 2.94e+02 2.91e+02 2.87e+02 2.84e+02 2.80e+02 2.77e+02 2.74e+02 2.71e+02 2.67e+02 2.64e+02 2.61e+02 2.58e+02 2.55e+02 2.52e+02 2.49e+02 2.46e+02 2.43e+02 2.41e+02 2.38e+02 2.35e+02 2.33e+02 2.30e+02 2.27e+02 2.25e+02 2.22e+02 2.20e+02 2.17e+02 2.15e+02 2.12e+02 2.10e+02 2.08e+02 2.05e+02 2.03e+02 2.01e+02 1.98e+02 1.94e+02 1.86e+02 1.70e+02 1.43e+02 1.02e+02 5.36e+01 2.45e+01 2.01e+01 2.00e+01 2.00e+01 2.00e+01 2.00e+01 2.00e+01 
 4.90577156450757e-10   1.41e+03 1.41e+03 1.41e+03 1.41e+03 1.41e+03 1.41e+03 1.41e+03 1.41e+03 1.41e+03 1.41e+03 1.41e+03 1.41e+03 1.41e+03 1.41e+03 1.41e+03 1.41e+03 1.41e+03 1.41e+03 1.41e+03 1.41e+03 1.41e+03 1.41e+03 1.41e+03 1.41e+03 1.41e+03 1.41e+03 1.41e+03 1.41e+03 1.41e+03 1.41e+03 1.41e+03 1.41e+03 1.41e+03 1.40e+03 1.39e+03 1.38e+03 1.37e+03 1.36e+03 1.35e+03 1.34e+03 1.33e+03 1.32e+03 1.31e+03 1.30e+03 1.29e+03 1.28e+03 1.27e+03 1.26e+03 1.25e+03 1.24e+03 1.23e+03 1.22e+03 1.21e+03 1.20e+03 1.19e+03 1.18e+03 1.17e+03 1.16e+03 1.15e+03 1.14e+03 1.12e+03 1.11e+03 1.10e+03 1.09e+03 1.08e+03 1.07e+03 1.06e+03 1.05e+03 1.04e+03 1.02e+03 1.01e+03 1.00e+03 9.90e+02 9.79e+02 9.67e+02 9.56e+02 9.45e+02 9.34e+02 9.22e+02 9.11e+02 9.00e+02 8.89e+02 8.78e+02 8.67e+02 8.56e+02 8.45e+02 8.35e+02 8.24e+02 8.13e+02 8.03e+02 7.92e+02 7.82e+02 7.72e+02 7.61e+02 7.51e+02 7.41e+02 7.31e+02 7.21e+02 7.12e+02 7.02e+02 6.92e+02 6.83e+02 6.74e+02 6.65e+02 6.55e+02 6.46e+02 6.38e+02 6.29e+02 6.20e+02 6.12e+02 6.03e+02 5.95e+02 5.87e+02 5.79e+02 5.71e+02 5.63e+02 5.56e+02 5.48e+02 5.41e+02 5.33e+02 5.26e+02 5.19e+02 5.12e+02 5.05e+02 4.98e+02 4.92e+02 4.85e+02 4.79e+02 4.72e+02 4.66e+02 4.60e+02 4.54e+02 4.48e+02 4.42e+02 4.36e+02 4.30e+02 4.25e+02 4.19e+02 4.14e+02 4.09e+02 4.03e+02 3.98e+02 3.93e+02 3.88e+02 3.83e+02 3.78e+02 3.74e+02 3.69e+02 3.64e+02 3.60e+02 3.55e+02 3.51e+02 3.46e+02 3.42e+02 3.38e+02 3.34e+02 3.30e+02 3.26e+02 3.22e+02 3.18e+02 3.14e+02 3.10e+02 3.07e+02 3.03e+02 2.99e+02 2.96e+02 2.92e+02 2.89e+02 2.85e+02 2.82e+02 2.79e+02 2.75e+02 2.72e+02 2.69e+02 2.66e+02 2.63e+02 2.60e+02 2.57e+02 2.54e+02 2.51e+02 2.48e+02 2.45e+02 2.42e+02 2.40e+02 2.37e+02 2.34e+02 2.31e+02 2.29e+02 2.26e+02 2.24e+02 2.21e+02 2.19e+02 2.16e+02 2.14e+02 2.11e+02 2.09e+02 2.07e+02 2.04e+02 2.02e+02 2.00e+02 1.96e+02 1.87e+02 1.71e+02 1.44e+02 1.03e+02 5.45e+01 2.47e+01 2.01e+01 2.00e+01 2.00e+01 2.00e+01 2.00e+01 2.00e+01 
 5.00577236175199e-10   1.41e+03 1.41e+03 1.41e+03 1.41e+03 1.41e+03 1.41e+03 1.41e+03 1.41e+03 1.41e+03 1.41e+03 1.41e+03 1.41e+03 1.41e+03 1.41e+03 1.41e+03 1.41e+03 1.41e+03 1.41e+03 1.41e+03 1.41e+03 1.41e+03 1.41e+03 1.41e+03 1.41e+03 1.41e+03 1.41e+03 1.41e+03 1.41e+03 1.41e+03 1.41e+03 1.41e+03 1.41e+03 1.40e+03 1.40e+03 1.39e+03 1.38e+03 1.37e+03 1.36e+03 1.35e+03 1.34e+03 1.33e+03 1.32e+03 1.31e+03 1.30e+03 1.29e+03 1.28e+03 1.27e+03 1.26e+03 1.25e+03 1.24e+03 1.23e+03 1.22e+03 1.21e+03 1.20e+03 1.19e+03 1.18e+03 1.17e+03 1.16e+03 1.14e+03 1.13e+03 1.12e+03 1.11e+03 1.10e+03 1.09e+03 1.08e+03 1.07e+03 1.06e+03 1.04e+03 1.03e+03 1.02e+03 1.01e+03 1.00e+03 9.89e+02 9.77e+02 9.66e+02 9.55e+02 9.44e+02 9.33e+02 9.21e+02 9.10e+02 8.99e+02 8.88e+02 8.77e+02 8.66e+02 8.56e+02 8.45e+02 8.34e+02 8.23e+02 8.13e+02 8.02e+02 7.92e+02 7.82e+02 7.71e+02 7.61e+02 7.51e+02 7.41e+02 7.31e+02 7.21e+02 7.12e+02 7.02e+02 6.93e+02 6.83e+02 6.74e+02 6.65e+02 6.56e+02 6.47e+02 6.38e+02 6.29e+02 6.21e+02 6.12e+02 6.04e+02 5.96e+02 5.88e+02 5.80e+02 5.72e+02 5.64e+02 5.57e+02 5.49e+02 5.42e+02 5.34e+02 5.27e+02 5.20e+02 5.13e+02 5.06e+02 4.99e+02 4.93e+02 4.86e+02 4.80e+02 4.73e+02 4.67e+02 4.61e+02 4.55e+02 4.49e+02 4.43e+02 4.37e+02 4.32e+02 4.26e+02 4.21e+02 4.15e+02 4.10e+02 4.05e+02 4.00e+02 3.95e+02 3.90e+02 3.85e+02 3.80e+02 3.75e+02 3.70e+02 3.66e+02 3.61e+02 3.57e+02 3.52e+02 3.48e+02 3.44e+02 3.40e+02 3.35e+02 3.31e+02 3.27e+02 3.23e+02 3.19e+02 3.16e+02 3.12e+02 3.08e+02 3.04e+02 3.01e+02 2.97e+02 2.94e+02 2.90e+02 2.87e+02 2.83e+02 2.80e+02 2.77e+02 2.74e+02 2.71e+02 2.67e+02 2.64e+02 2.61e+02 2.58e+02 2.55e+02 2.52e+02 2.49e+02 2.47e+02 2.44e+02 2.41e+02 2.38e+02 2.36e+02 2.33e+02 2.30e+02 2.28e+02 2.25e+02 2.23e+02 2.20e+02 2.18e+02 2.15e+02 2.13e+02 2.11e+02 2.08e+02 2.06e+02 2.04e+02 2.01e+02 1.97e+02 1.89e+02 1.73e+02 1.46e+02 1.04e+02 5.53e+01 2.49e+01 2.01e+01 2.00e+01 2.00e+01 2.00e+01 2.00e+01 2.00e+01 
 5.10585451486727e-10   1.41e+03 1.41e+03 1.41e+03 1.41e+03 1.41e+03 1.41e+03 1.41e+03 1.41e+03 1.41e+03 1.41e+03 1.41e+03 1.41e+03 1.41e+03 1.41e+03 1.41e+03 1.41e+03 1.41e+03 1.41e+03 1.41e+03 1.41e+03 1.41e+03 1.41e+03 1.41e+03 1.41e+03 1.41e+03 1.41e+03 1.41e+03 1.41e+03 1.41e+03 1.41e+03 1.41e+03 1.41e+03 1.40e+03 1.39e+03 1.39e+03 1.38e+03 1.37e+03 1.36e+03 1.35e+03 1.34e+03 1.33e+03 1.32e+03 1.31e+03 1.30e+03 1.29e+03 1.28e+03 1.27e+03 1.26e+03 1.25e+03 1.24e+03 1.23e+03 1.22e+03 1.21e+03 1.20e+03 1.19e+03 1.18e+03 1.16e+03 1.15e+03 1.14e+03 1.13e+03 1.12e+03 1.11e+03 1.10e+03 1.09e+03 1.08e+03 1.07e+03 1.05e+03 1.04e+03 1.03e+03 1.02e+03 1.01e+03 9.98e+02 9.87e+02 9.76e+02 9.65e+02 9.54e+02 9.43e+02 9.32e+02 9.21e+02 9.09e+02 8.98e+02 8.88e+02 8.77e+02 8.66e+02 8.55e+02 8.44e+02 8.34e+02 8.23e+02 8.12e+02 8.02e+02 7.92e+02 7.81e+02 7.71e+02 7.61e+02 7.51e+02 7.41e+02 7.31e+02 7.22e+02 7.12e+02 7.02e+02 6.93e+02 6.84e+02 6.74e+02 6.65e+02 6.56e+02 6.47e+02 6.39e+02 6.30e+02 6.22e+02 6.13e+02 6.05e+02 5.97e+02 5.89e+02 5.81e+02 5.73e+02 5.65e+02 5.57e+02 5.50e+02 5.43e+02 5.35e+02 5.28e+02 5.21e+02 5.14e+02 5.07e+02 5.01e+02 4.94e+02 4.87e+02 4.81e+02 4.75e+02 4.68e+02 4.62e+02 4.56e+02 4.50e+02 4.45e+02 4.39e+02 4.33e+02 4.28e+02 4.22e+02 4.17e+02 4.11e+02 4.06e+02 4.01e+02 3.96e+02 3.91e+02 3.86e+02 3.81e+02 3.77e+02 3.72e+02 3.67e+02 3.63e+02 3.58e+02 3.54e+02 3.50e+02 3.45e+02 3.41e+02 3.37e+02 3.33e+02 3.29e+02 3.25e+02 3.21e+02 3.17e+02 3.13e+02 3.10e+02 3.06e+02 3.02e+02 2.99e+02 2.95e+02 2.92e+02 2.88e+02 2.85e+02 2.82e+02 2.78e+02 2.75e+02 2.72e+02 2.69e+02 2.66e+02 2.63e+02 2.60e+02 2.57e+02 2.54e+02 2.51e+02 2.48e+02 2.45e+02 2.43e+02 2.40e+02 2.37e+02 2.35e+02 2.32e+02 2.29e+02 2.27e+02 2.24e+02 2.22e+02 2.19e+02 2.17e+02 2.14e+02 2.12e+02 2.10e+02 2.07e+02 2.05e+02 2.03e+02 1.99e+02 1.90e+02 1.74e+02 1.47e+02 1.05e+02 5.62e+01 2.51e+01 2.01e+01 2.00e+01 2.00e+01 2.00e+01 2.00e+01 2.00e+01 
 5.20601707860398e-10   1.41e+03 1.41e+03 1.41e+03 1.41e+03 1.41e+03 1.41e+03 1.41e+03 1.41e+03 1.41e+03 1.41e+03 1.41e+03 1.41e+03 1.41e+03 1.41e+03 1.41e+03 1.41e+03 1.41e+03 1.41e+03 1.41e+03 1.41e+03 1.41e+03 1.41e+03 1.41e+03 1.41e+03 1.41e+03 1.41e+03 1.41e+03 1.41e+03 1.41e+03 1.41e+03 1.41e+03 1.41e+03 1.40e+03 1.39e+03 1.38e+03 1.37e+03 1.37e+03 1.36e+03 1.35e+03 1.34e+03 1.33e+03 1.32e+03 1.31e+03 1.30e+03 1.29e+03 1.28e+03 1.27e+03 1.26e+03 1.25e+03 1.24e+03 1.23e+03 1.22e+03 1.21e+03 1.19e+03 1.18e+03 1.17e+03 1.16e+03 1.15e+03 1.14e+03 1.13e+03 1.12e+03 1.11e+03 1.10e+03 1.09e+03 1.07e+03 1.06e+03 1.05e+03 1.04e+03 1.03e+03 1.02e+03 1.01e+03 9.97e+02 9.86e+02 9.75e+02 9.64e+02 9.53e+02 9.42e+02 9.31e+02 9.20e+02 9.09e+02 8.98e+02 8.87e+02 8.76e+02 8.65e+02 8.54e+02 8.44e+02 8.33e+02 8.23e+02 8.12e+02 8.02e+02 7.91e+02 7.81e+02 7.71e+02 7.61e+02 7.51e+02 7.41e+02 7.31e+02 7.22e+02 7.12e+02 7.03e+02 6.93e+02 6.84e+02 6.75e+02 6.66e+02 6.57e+02 6.48e+02 6.39e+02 6.31e+02 6.22e+02 6.14e+02 6.06e+02 5.97e+02 5.89e+02 5.81e+02 5.74e+02 5.66e+02 5.58e+02 5.51e+02 5.44e+02 5.36e+02 5.29e+02 5.22e+02 5.15e+02 5.08e+02 5.02e+02 4.95e+02 4.89e+02 4.82e+02 4.76e+02 4.70e+02 4.64e+02 4.58e+02 4.52e+02 4.46e+02 4.40e+02 4.34e+02 4.29e+02 4.23e+02 4.18e+02 4.13e+02 4.08e+02 4.02e+02 3.97e+02 3.92e+02 3.88e+02 3.83e+02 3.78e+02 3.73e+02 3.69e+02 3.64e+02 3.60e+02 3.55e+02 3.51e+02 3.47e+02 3.43e+02 3.38e+02 3.34e+02 3.30e+02 3.26e+02 3.22e+02 3.19e+02 3.15e+02 3.11e+02 3.07e+02 3.04e+02 3.00e+02 2.97e+02 2.93e+02 2.90e+02 2.87e+02 2.83e+02 2.80e+02 2.77e+02 2.74e+02 2.70e+02 2.67e+02 2.64e+02 2.61e+02 2.58e+02 2.55e+02 2.53e+02 2.50e+02 2.47e+02 2.44e+02 2.41e+02 2.39e+02 2.36e+02 2.33e+02 2.31e+02 2.28e+02 2.26e+02 2.23e+02 2.21e+02 2.18e+02 2.16e+02 2.14e+02 2.11e+02 2.09e+02 2.07e+02 2.04e+02 2.00e+02 1.91e+02 1.76e+02 1.48e+02 1.07e+02 5.70e+01 2.53e+01 2.01e+01 2.00e+01 2.00e+01 2.00e+01 2.00e+01 2.00e+01 
 5.30602806746022e-10   1.41e+03 1.41e+03 1.41e+03 1.41e+03 1.41e+03 1.41e+03 1.41e+03 1.41e+03 1.41e+03 1.41e+03 1.41e+03 1.41e+03 1.41e+03 1.41e+03 1.41e+03 1.41e+03 1.41e+03 1.41e+03 1.41e+03 1.41e+03 1.41e+03 1.41e+03 1.41e+03 1.41e+03 1.41e+03 1.41e+03 1.41e+03 1.41e+03 1.41e+03 1.41e+03 1.41e+03 1.41e+03 1.40e+03 1.39e+03 1.38e+03 1.37e+03 1.36e+03 1.35e+03 1.34e+03 1.34e+03 1.33e+03 1.32e+03 1.31e+03 1.30e+03 1.29e+03 1.28e+03 1.27e+03 1.26e+03 1.25e+03 1.23e+03 1.22e+03 1.21e+03 1.20e+03 1.19e+03 1.18e+03 1.17e+03 1.16e+03 1.15e+03 1.14e+03 1.13e+03 1.12e+03 1.11e+03 1.10e+03 1.08e+03 1.07e+03 1.06e+03 1.05e+03 1.04e+03 1.03e+03 1.02e+03 1.01e+03 9.96e+02 9.85e+02 9.74e+02 9.63e+02 9.52e+02 9.41e+02 9.30e+02 9.19e+02 9.08e+02 8.97e+02 8.86e+02 8.75e+02 8.65e+02 8.54e+02 8.43e+02 8.33e+02 8.22e+02 8.12e+02 8.01e+02 7.91e+02 7.81e+02 7.71e+02 7.61e+02 7.51e+02 7.41e+02 7.31e+02 7.22e+02 7.12e+02 7.03e+02 6.93e+02 6.84e+02 6.75e+02 6.66e+02 6.57e+02 6.48e+02 6.40e+02 6.31e+02 6.23e+02 6.14e+02 6.06e+02 5.98e+02 5.90e+02 5.82e+02 5.74e+02 5.67e+02 5.59e+02 5.52e+02 5.44e+02 5.37e+02 5.30e+02 5.23e+02 5.16e+02 5.09e+02 5.03e+02 4.96e+02 4.90e+02 4.83e+02 4.77e+02 4.71e+02 4.65e+02 4.59e+02 4.53e+02 4.47e+02 4.41e+02 4.36e+02 4.30e+02 4.25e+02 4.19e+02 4.14e+02 4.09e+02 4.04e+02 3.99e+02 3.94e+02 3.89e+02 3.84e+02 3.79e+02 3.75e+02 3.70e+02 3.66e+02 3.61e+02 3.57e+02 3.52e+02 3.48e+02 3.44e+02 3.40e+02 3.36e+02 3.32e+02 3.28e+02 3.24e+02 3.20e+02 3.16e+02 3.13e+02 3.09e+02 3.05e+02 3.02e+02 2.98e+02 2.95e+02 2.91e+02 2.88e+02 2.85e+02 2.81e+02 2.78e+02 2.75e+02 2.72e+02 2.69e+02 2.66e+02 2.63e+02 2.60e+02 2.57e+02 2.54e+02 2.51e+02 2.48e+02 2.46e+02 2.43e+02 2.40e+02 2.38e+02 2.35e+02 2.32e+02 2.30e+02 2.27e+02 2.25e+02 2.22e+02 2.20e+02 2.17e+02 2.15e+02 2.13e+02 2.10e+02 2.08e+02 2.06e+02 2.01e+02 1.93e+02 1.77e+02 1.50e+02 1.08e+02 5.79e+01 2.55e+01 2.01e+01 2.00e+01 2.00e+01 2.00e+01 2.00e+01 2.00e+01 
 5.40611728453775e-10   1.41e+03 1.41e+03 1.41e+03 1.41e+03 1.41e+03 1.41e+03 1.41e+03 1.41e+03 1.41e+03 1.41e+03 1.41e+03 1.41e+03 1.41e+03 1.41e+03 1.41e+03 1.41e+03 1.41e+03 1.41e+03 1.41e+03 1.41e+03 1.41e+03 1.41e+03 1.41e+03 1.41e+03 1.41e+03 1.41e+03 1.41e+03 1.41e+03 1.41e+03 1.41e+03 1.41e+03 1.41e+03 1.40e+03 1.39e+03 1.38e+03 1.37e+03 1.36e+03 1.35e+03 1.34e+03 1.33e+03 1.32e+03 1.31e+03 1.30e+03 1.29e+03 1.28e+03 1.27e+03 1.26e+03 1.25e+03 1.24e+03 1.23e+03 1.22e+03 1.21e+03 1.20e+03 1.19e+03 1.18e+03 1.17e+03 1.16e+03 1.15e+03 1.14e+03 1.13e+03 1.12e+03 1.10e+03 1.09e+03 1.08e+03 1.07e+03 1.06e+03 1.05e+03 1.04e+03 1.03e+03 1.02e+03 1.01e+03 9.95e+02 9.84e+02 9.73e+02 9.62e+02 9.51e+02 9.40e+02 9.29e+02 9.18e+02 9.07e+02 8.96e+02 8.85e+02 8.75e+02 8.64e+02 8.53e+02 8.43e+02 8.32e+02 8.22e+02 8.11e+02 8.01e+02 7.91e+02 7.81e+02 7.71e+02 7.61e+02 7.51e+02 7.41e+02 7.31e+02 7.22e+02 7.12e+02 7.03e+02 6.94e+02 6.85e+02 6.76e+02 6.67e+02 6.58e+02 6.49e+02 6.40e+02 6.32e+02 6.23e+02 6.15e+02 6.07e+02 5.99e+02 5.91e+02 5.83e+02 5.75e+02 5.68e+02 5.60e+02 5.53e+02 5.45e+02 5.38e+02 5.31e+02 5.24e+02 5.17e+02 5.11e+02 5.04e+02 4.97e+02 4.91e+02 4.85e+02 4.78e+02 4.72e+02 4.66e+02 4.60e+02 4.54e+02 4.48e+02 4.43e+02 4.37e+02 4.32e+02 4.26e+02 4.21e+02 4.15e+02 4.10e+02 4.05e+02 4.00e+02 3.95e+02 3.90e+02 3.86e+02 3.81e+02 3.76e+02 3.72e+02 3.67e+02 3.63e+02 3.58e+02 3.54e+02 3.50e+02 3.45e+02 3.41e+02 3.37e+02 3.33e+02 3.29e+02 3.25e+02 3.22e+02 3.18e+02 3.14e+02 3.10e+02 3.07e+02 3.03e+02 3.00e+02 2.96e+02 2.93e+02 2.90e+02 2.86e+02 2.83e+02 2.80e+02 2.77e+02 2.73e+02 2.70e+02 2.67e+02 2.64e+02 2.61e+02 2.58e+02 2.56e+02 2.53e+02 2.50e+02 2.47e+02 2.44e+02 2.42e+02 2.39e+02 2.36e+02 2.34e+02 2.31e+02 2.29e+02 2.26e+02 2.24e+02 2.21e+02 2.19e+02 2.16e+02 2.14e+02 2.12e+02 2.10e+02 2.07e+02 2.03e+02 1.94e+02 1.78e+02 1.51e+02 1.09e+02 5.87e+01 2.58e+01 2.02e+01 2.00e+01 2.00e+01 2.00e+01 2.00e+01 2.00e+01 
 5.50628385670211e-10   1.41e+03 1.41e+03 1.41e+03 1.41e+03 1.41e+03 1.41e+03 1.41e+03 1.41e+03 1.41e+03 1.41e+03 1.41e+03 1.41e+03 1.41e+03 1.41e+03 1.41e+03 1.41e+03 1.41e+03 1.41e+03 1.41e+03 1.41e+03 1.41e+03 1.41e+03 1.41e+03 1.41e+03 1.41e+03 1.41e+03 1.41e+03 1.41e+03 1.41e+03 1.41e+03 1.41e+03 1.41e+03 1.40e+03 1.39e+03 1.38e+03 1.37e+03 1.36e+03 1.35e+03 1.34e+03 1.33e+03 1.32e+03 1.31e+03 1.30e+03 1.29e+03 1.28e+03 1.27e+03 1.26e+03 1.25e+03 1.24e+03 1.23e+03 1.22e+03 1.21e+03 1.20e+03 1.19e+03 1.18e+03 1.17e+03 1.16e+03 1.15e+03 1.14e+03 1.12e+03 1.11e+03 1.10e+03 1.09e+03 1.08e+03 1.07e+03 1.06e+03 1.05e+03 1.04e+03 1.03e+03 1.02e+03 1.00e+03 9.93e+02 9.82e+02 9.71e+02 9.60e+02 9.50e+02 9.39e+02 9.28e+02 9.17e+02 9.06e+02 8.95e+02 8.85e+02 8.74e+02 8.63e+02 8.53e+02 8.42e+02 8.32e+02 8.21e+02 8.11e+02 8.01e+02 7.91e+02 7.81e+02 7.71e+02 7.61e+02 7.51e+02 7.41e+02 7.32e+02 7.22e+02 7.13e+02 7.03e+02 6.94e+02 6.85e+02 6.76e+02 6.67e+02 6.58e+02 6.49e+02 6.41e+02 6.32e+02 6.24e+02 6.16e+02 6.08e+02 6.00e+02 5.92e+02 5.84e+02 5.76e+02 5.69e+02 5.61e+02 5.54e+02 5.46e+02 5.39e+02 5.32e+02 5.25e+02 5.18e+02 5.12e+02 5.05e+02 4.98e+02 4.92e+02 4.86e+02 4.79e+02 4.73e+02 4.67e+02 4.61e+02 4.55e+02 4.50e+02 4.44e+02 4.38e+02 4.33e+02 4.27e+02 4.22e+02 4.17e+02 4.12e+02 4.07e+02 4.02e+02 3.97e+02 3.92e+02 3.87e+02 3.82e+02 3.78e+02 3.73e+02 3.68e+02 3.64e+02 3.60e+02 3.55e+02 3.51e+02 3.47e+02 3.43e+02 3.39e+02 3.35e+02 3.31e+02 3.27e+02 3.23e+02 3.19e+02 3.16e+02 3.12e+02 3.08e+02 3.05e+02 3.01e+02 2.98e+02 2.94e+02 2.91e+02 2.88e+02 2.84e+02 2.81e+02 2.78e+02 2.75e+02 2.72e+02 2.69e+02 2.66e+02 2.63e+02 2.60e+02 2.57e+02 2.54e+02 2.51e+02 2.49e+02 2.46e+02 2.43e+02 2.40e+02 2.38e+02 2.35e+02 2.33e+02 2.30e+02 2.28e+02 2.25e+02 2.23e+02 2.20e+02 2.18e+02 2.16e+02 2.13e+02 2.11e+02 2.09e+02 2.04e+02 1.96e+02 1.80e+02 1.52e+02 1.10e+02 5.95e+01 2.60e+01 2.02e+01 2.00e+01 2.00e+01 2.00e+01 2.00e+01 2.00e+01 
 5.60629533531682e-10   1.41e+03 1.41e+03 1.41e+03 1.41e+03 1.41e+03 1.41e+03 1.41e+03 1.41e+03 1.41e+03 1.41e+03 1.41e+03 1.41e+03 1.41e+03 1.41e+03 1.41e+03 1.41e+03 1.41e+03 1.41e+03 1.41e+03 1.41e+03 1.41e+03 1.41e+03 1.41e+03 1.41e+03 1.41e+03 1.41e+03 1.41e+03 1.41e+03 1.41e+03 1.41e+03 1.41e+03 1.41e+03 1.40e+03 1.39e+03 1.38e+03 1.37e+03 1.36e+03 1.35e+03 1.34e+03 1.33e+03 1.32e+03 1.31e+03 1.30e+03 1.29e+03 1.28e+03 1.27e+03 1.26e+03 1.25e+03 1.24e+03 1.23e+03 1.22e+03 1.21e+03 1.20e+03 1.19e+03 1.18e+03 1.17e+03 1.16e+03 1.14e+03 1.13e+03 1.12e+03 1.11e+03 1.10e+03 1.09e+03 1.08e+03 1.07e+03 1.06e+03 1.05e+03 1.04e+03 1.03e+03 1.01e+03 1.00e+03 9.92e+02 9.81e+02 9.70e+02 9.59e+02 9.49e+02 9.38e+02 9.27e+02 9.16e+02 9.05e+02 8.95e+02 8.84e+02 8.73e+02 8.63e+02 8.52e+02 8.42e+02 8.31e+02 8.21e+02 8.11e+02 8.01e+02 7.91e+02 7.80e+02 7.71e+02 7.61e+02 7.51e+02 7.41e+02 7.32e+02 7.22e+02 7.13e+02 7.04e+02 6.94e+02 6.85e+02 6.76e+02 6.67e+02 6.59e+02 6.50e+02 6.41e+02 6.33e+02 6.25e+02 6.16e+02 6.08e+02 6.00e+02 5.92e+02 5.85e+02 5.77e+02 5.69e+02 5.62e+02 5.55e+02 5.47e+02 5.40e+02 5.33e+02 5.26e+02 5.19e+02 5.13e+02 5.06e+02 5.00e+02 4.93e+02 4.87e+02 4.81e+02 4.74e+02 4.68e+02 4.62e+02 4.57e+02 4.51e+02 4.45e+02 4.40e+02 4.34e+02 4.29e+02 4.23e+02 4.18e+02 4.13e+02 4.08e+02 4.03e+02 3.98e+02 3.93e+02 3.88e+02 3.84e+02 3.79e+02 3.74e+02 3.70e+02 3.65e+02 3.61e+02 3.57e+02 3.53e+02 3.48e+02 3.44e+02 3.40e+02 3.36e+02 3.32e+02 3.28e+02 3.25e+02 3.21e+02 3.17e+02 3.13e+02 3.10e+02 3.06e+02 3.03e+02 2.99e+02 2.96e+02 2.92e+02 2.89e+02 2.86e+02 2.83e+02 2.80e+02 2.76e+02 2.73e+02 2.70e+02 2.67e+02 2.64e+02 2.61e+02 2.58e+02 2.56e+02 2.53e+02 2.50e+02 2.47e+02 2.45e+02 2.42e+02 2.39e+02 2.37e+02 2.34e+02 2.32e+02 2.29e+02 2.27e+02 2.24e+02 2.22e+02 2.19e+02 2.17e+02 2.15e+02 2.12e+02 2.10e+02 2.06e+02 1.97e+02 1.81e+02 1.54e+02 1.11e+02 6.04e+01 2.62e+01 2.02e+01 2.00e+01 2.00e+01 2.00e+01 2.00e+01 2.00e+01 
 5.70638213553679e-10   1.41e+03 1.41e+03 1.41e+03 1.41e+03 1.41e+03 1.41e+03 1.41e+03 1.41e+03 1.41e+03 1.41e+03 1.41e+03 1.41e+03 1.41e+03 1.41e+03 1.41e+03 1.41e+03 1.41e+03 1.41e+03 1.41e+03 1.41e+03 1.41e+03 1.41e+03 1.41e+03 1.41e+03 1.41e+03 1.41e+03 1.41e+03 1.41e+03 1.41e+03 1.41e+03 1.41e+03 1.41e+03 1.40e+03 1.39e+03 1.38e+03 1.37e+03 1.36e+03 1.35e+03 1.34e+03 1.33e+03 1.32e+03 1.31e+03 1.30e+03 1.29e+03 1.28e+03 1.27e+03 1.26e+03 1.25e+03 1.24e+03 1.23e+03 1.22e+03 1.21e+03 1.20e+03 1.19e+03 1.18e+03 1.16e+03 1.15e+03 1.14e+03 1.13e+03 1.12e+03 1.11e+03 1.10e+03 1.09e+03 1.08e+03 1.07e+03 1.06e+03 1.05e+03 1.03e+03 1.02e+03 1.01e+03 1.00e+03 9.91e+02 9.80e+02 9.69e+02 9.58e+02 9.48e+02 9.37e+02 9.26e+02 9.15e+02 9.05e+02 8.94e+02 8.83e+02 8.73e+02 8.62e+02 8.52e+02 8.41e+02 8.31e+02 8.21e+02 8.10e+02 8.00e+02 7.90e+02 7.80e+02 7.70e+02 7.61e+02 7.51e+02 7.41e+02 7.32e+02 7.22e+02 7.13e+02 7.04e+02 6.95e+02 6.86e+02 6.77e+02 6.68e+02 6.59e+02 6.50e+02 6.42e+02 6.34e+02 6.25e+02 6.17e+02 6.09e+02 6.01e+02 5.93e+02 5.85e+02 5.78e+02 5.70e+02 5.63e+02 5.55e+02 5.48e+02 5.41e+02 5.34e+02 5.27e+02 5.20e+02 5.14e+02 5.07e+02 5.01e+02 4.94e+02 4.88e+02 4.82e+02 4.76e+02 4.70e+02 4.64e+02 4.58e+02 4.52e+02 4.46e+02 4.41e+02 4.35e+02 4.30e+02 4.25e+02 4.19e+02 4.14e+02 4.09e+02 4.04e+02 3.99e+02 3.94e+02 3.90e+02 3.85e+02 3.80e+02 3.76e+02 3.71e+02 3.67e+02 3.62e+02 3.58e+02 3.54e+02 3.50e+02 3.46e+02 3.42e+02 3.38e+02 3.34e+02 3.30e+02 3.26e+02 3.22e+02 3.18e+02 3.15e+02 3.11e+02 3.08e+02 3.04e+02 3.01e+02 2.97e+02 2.94e+02 2.91e+02 2.87e+02 2.84e+02 2.81e+02 2.78e+02 2.75e+02 2.72e+02 2.69e+02 2.66e+02 2.63e+02 2.60e+02 2.57e+02 2.54e+02 2.51e+02 2.49e+02 2.46e+02 2.43e+02 2.41e+02 2.38e+02 2.36e+02 2.33e+02 2.30e+02 2.28e+02 2.26e+02 2.23e+02 2.21e+02 2.18e+02 2.16e+02 2.14e+02 2.12e+02 2.07e+02 1.99e+02 1.83e+02 1.55e+02 1.12e+02 6.12e+01 2.65e+01 2.02e+01 2.00e+01 2.00e+01 2.00e+01 2.00e+01 2.00e+01 
 5.80654344837742e-10   1.41e+03 1.41e+03 1.41e+03 1.41e+03 1.41e+03 1.41e+03 1.41e+03 1.41e+03 1.41e+03 1.41e+03 1.41e+03 1.41e+03 1.41e+03 1.41e+03 1.41e+03 1.41e+03 1.41e+03 1.41e+03 1.41e+03 1.41e+03 1.41e+03 1.41e+03 1.41e+03 1.41e+03 1.41e+03 1.41e+03 1.41e+03 1.41e+03 1.41e+03 1.41e+03 1.41e+03 1.40e+03 1.39e+03 1.39e+03 1.38e+03 1.37e+03 1.36e+03 1.35e+03 1.34e+03 1.33e+03 1.32e+03 1.31e+03 1.30e+03 1.29e+03 1.28e+03 1.27e+03 1.26e+03 1.25e+03 1.24e+03 1.23e+03 1.22e+03 1.21e+03 1.20e+03 1.18e+03 1.17e+03 1.16e+03 1.15e+03 1.14e+03 1.13e+03 1.12e+03 1.11e+03 1.10e+03 1.09e+03 1.08e+03 1.07e+03 1.06e+03 1.04e+03 1.03e+03 1.02e+03 1.01e+03 1.00e+03 9.90e+02 9.79e+02 9.68e+02 9.57e+02 9.47e+02 9.36e+02 9.25e+02 9.15e+02 9.04e+02 8.93e+02 8.83e+02 8.72e+02 8.62e+02 8.51e+02 8.41e+02 8.31e+02 8.20e+02 8.10e+02 8.00e+02 7.90e+02 7.80e+02 7.70e+02 7.61e+02 7.51e+02 7.41e+02 7.32e+02 7.23e+02 7.13e+02 7.04e+02 6.95e+02 6.86e+02 6.77e+02 6.68e+02 6.60e+02 6.51e+02 6.43e+02 6.34e+02 6.26e+02 6.18e+02 6.10e+02 6.02e+02 5.94e+02 5.86e+02 5.79e+02 5.71e+02 5.64e+02 5.56e+02 5.49e+02 5.42e+02 5.35e+02 5.28e+02 5.21e+02 5.15e+02 5.08e+02 5.02e+02 4.95e+02 4.89e+02 4.83e+02 4.77e+02 4.71e+02 4.65e+02 4.59e+02 4.53e+02 4.48e+02 4.42e+02 4.37e+02 4.31e+02 4.26e+02 4.21e+02 4.16e+02 4.10e+02 4.06e+02 4.01e+02 3.96e+02 3.91e+02 3.86e+02 3.82e+02 3.77e+02 3.73e+02 3.68e+02 3.64e+02 3.60e+02 3.55e+02 3.51e+02 3.47e+02 3.43e+02 3.39e+02 3.35e+02 3.31e+02 3.27e+02 3.24e+02 3.20e+02 3.16e+02 3.13e+02 3.09e+02 3.06e+02 3.02e+02 2.99e+02 2.95e+02 2.92e+02 2.89e+02 2.86e+02 2.82e+02 2.79e+02 2.76e+02 2.73e+02 2.70e+02 2.67e+02 2.64e+02 2.61e+02 2.58e+02 2.56e+02 2.53e+02 2.50e+02 2.47e+02 2.45e+02 2.42e+02 2.39e+02 2.37e+02 2.34e+02 2.32e+02 2.29e+02 2.27e+02 2.25e+02 2.22e+02 2.20e+02 2.17e+02 2.15e+02 2.13e+02 2.08e+02 2.00e+02 1.84e+02 1.56e+02 1.14e+02 6.20e+01 2.67e+01 2.02e+01 2.00e+01 2.00e+01 2.00e+01 2.00e+01 2.00e+01 
 5.90654637277808e-10   1.41e+03 1.41e+03 1.41e+03 1.41e+03 1.41e+03 1.41e+03 1.41e+03 1.41e+03 1.41e+03 1.41e+03 1.41e+03 1.41e+03 1.41e+03 1.41e+03 1.41e+03 1.41e+03 1.41e+03 1.41e+03 1.41e+03 1.41e+03 1.41e+03 1.41e+03 1.41e+03 1.41e+03 1.41e+03 1.41e+03 1.41e+03 1.41e+03 1.41e+03 1.41e+03 1.41e+03 1.40e+03 1.39e+03 1.38e+03 1.37e+03 1.37e+03 1.36e+03 1.35e+03 1.34e+03 1.33e+03 1.32e+03 1.31e+03 1.30e+03 1.29e+03 1.28e+03 1.27e+03 1.26e+03 1.25e+03 1.24e+03 1.23e+03 1.21e+03 1.20e+03 1.19e+03 1.18e+03 1.17e+03 1.16e+03 1.15e+03 1.14e+03 1.13e+03 1.12e+03 1.11e+03 1.10e+03 1.09e+03 1.08e+03 1.06e+03 1.05e+03 1.04e+03 1.03e+03 1.02e+03 1.01e+03 1.00e+03 9.89e+02 9.78e+02 9.67e+02 9.57e+02 9.46e+02 9.35e+02 9.24e+02 9.14e+02 9.03e+02 8.93e+02 8.82e+02 8.72e+02 8.61e+02 8.51e+02 8.40e+02 8.30e+02 8.20e+02 8.10e+02 8.00e+02 7.90e+02 7.80e+02 7.70e+02 7.61e+02 7.51e+02 7.41e+02 7.32e+02 7.23e+02 7.13e+02 7.04e+02 6.95e+02 6.86e+02 6.77e+02 6.69e+02 6.60e+02 6.51e+02 6.43e+02 6.35e+02 6.26e+02 6.18e+02 6.10e+02 6.02e+02 5.95e+02 5.87e+02 5.79e+02 5.72e+02 5.65e+02 5.57e+02 5.50e+02 5.43e+02 5.36e+02 5.29e+02 5.22e+02 5.16e+02 5.09e+02 5.03e+02 4.96e+02 4.90e+02 4.84e+02 4.78e+02 4.72e+02 4.66e+02 4.60e+02 4.55e+02 4.49e+02 4.43e+02 4.38e+02 4.32e+02 4.27e+02 4.22e+02 4.17e+02 4.12e+02 4.07e+02 4.02e+02 3.97e+02 3.92e+02 3.88e+02 3.83e+02 3.78e+02 3.74e+02 3.70e+02 3.65e+02 3.61e+02 3.57e+02 3.53e+02 3.48e+02 3.44e+02 3.40e+02 3.36e+02 3.33e+02 3.29e+02 3.25e+02 3.21e+02 3.18e+02 3.14e+02 3.10e+02 3.07e+02 3.04e+02 3.00e+02 2.97e+02 2.93e+02 2.90e+02 2.87e+02 2.84e+02 2.81e+02 2.78e+02 2.75e+02 2.72e+02 2.69e+02 2.66e+02 2.63e+02 2.60e+02 2.57e+02 2.54e+02 2.52e+02 2.49e+02 2.46e+02 2.43e+02 2.41e+02 2.38e+02 2.36e+02 2.33e+02 2.31e+02 2.28e+02 2.26e+02 2.24e+02 2.21e+02 2.19e+02 2.17e+02 2.14e+02 2.10e+02 2.01e+02 1.85e+02 1.57e+02 1.15e+02 6.28e+01 2.70e+01 2.02e+01 2.00e+01 2.00e+01 2.00e+01 2.00e+01 2.00e+01 
 6.00662190962557e-10   1.41e+03 1.41e+03 1.41e+03 1.41e+03 1.41e+03 1.41e+03 1.41e+03 1.41e+03 1.41e+03 1.41e+03 1.41e+03 1.41e+03 1.41e+03 1.41e+03 1.41e+03 1.41e+03 1.41e+03 1.41e+03 1.41e+03 1.41e+03 1.41e+03 1.41e+03 1.41e+03 1.41e+03 1.41e+03 1.41e+03 1.41e+03 1.41e+03 1.41e+03 1.41e+03 1.41e+03 1.40e+03 1.39e+03 1.38e+03 1.37e+03 1.36e+03 1.35e+03 1.34e+03 1.33e+03 1.33e+03 1.32e+03 1.31e+03 1.30e+03 1.29e+03 1.28e+03 1.26e+03 1.25e+03 1.24e+03 1.23e+03 1.22e+03 1.21e+03 1.20e+03 1.19e+03 1.18e+03 1.17e+03 1.16e+03 1.15e+03 1.14e+03 1.13e+03 1.12e+03 1.11e+03 1.10e+03 1.09e+03 1.07e+03 1.06e+03 1.05e+03 1.04e+03 1.03e+03 1.02e+03 1.01e+03 9.99e+02 9.88e+02 9.77e+02 9.66e+02 9.56e+02 9.45e+02 9.34e+02 9.24e+02 9.13e+02 9.02e+02 8.92e+02 8.81e+02 8.71e+02 8.61e+02 8.50e+02 8.40e+02 8.30e+02 8.20e+02 8.10e+02 8.00e+02 7.90e+02 7.80e+02 7.70e+02 7.61e+02 7.51e+02 7.42e+02 7.32e+02 7.23e+02 7.14e+02 7.05e+02 6.96e+02 6.87e+02 6.78e+02 6.69e+02 6.60e+02 6.52e+02 6.44e+02 6.35e+02 6.27e+02 6.19e+02 6.11e+02 6.03e+02 5.95e+02 5.88e+02 5.80e+02 5.73e+02 5.65e+02 5.58e+02 5.51e+02 5.44e+02 5.37e+02 5.30e+02 5.23e+02 5.17e+02 5.10e+02 5.04e+02 4.98e+02 4.91e+02 4.85e+02 4.79e+02 4.73e+02 4.67e+02 4.61e+02 4.56e+02 4.50e+02 4.45e+02 4.39e+02 4.34e+02 4.28e+02 4.23e+02 4.18e+02 4.13e+02 4.08e+02 4.03e+02 3.98e+02 3.94e+02 3.89e+02 3.84e+02 3.80e+02 3.75e+02 3.71e+02 3.67e+02 3.62e+02 3.58e+02 3.54e+02 3.50e+02 3.46e+02 3.42e+02 3.38e+02 3.34e+02 3.30e+02 3.26e+02 3.23e+02 3.19e+02 3.15e+02 3.12e+02 3.08e+02 3.05e+02 3.02e+02 2.98e+02 2.95e+02 2.92e+02 2.88e+02 2.85e+02 2.82e+02 2.79e+02 2.76e+02 2.73e+02 2.70e+02 2.67e+02 2.64e+02 2.61e+02 2.58e+02 2.56e+02 2.53e+02 2.50e+02 2.48e+02 2.45e+02 2.42e+02 2.40e+02 2.37e+02 2.35e+02 2.32e+02 2.30e+02 2.27e+02 2.25e+02 2.23e+02 2.20e+02 2.18e+02 2.16e+02 2.11e+02 2.03e+02 1.87e+02 1.59e+02 1.16e+02 6.37e+01 2.72e+01 2.02e+01 2.00e+01 2.00e+01 2.00e+01 2.00e+01 2.00e+01 
 6.10676930728104e-10   1.41e+03 1.41e+03 1.41e+03 1.41e+03 1.41e+03 1.41e+03 1.41e+03 1.41e+03 1.41e+03 1.41e+03 1.41e+03 1.41e+03 1.41e+03 1.41e+03 1.41e+03 1.41e+03 1.41e+03 1.41e+03 1.41e+03 1.41e+03 1.41e+03 1.41e+03 1.41e+03 1.41e+03 1.41e+03 1.41e+03 1.41e+03 1.41e+03 1.41e+03 1.41e+03 1.41e+03 1.40e+03 1.39e+03 1.38e+03 1.37e+03 1.36e+03 1.35e+03 1.34e+03 1.33e+03 1.32e+03 1.31e+03 1.30e+03 1.29e+03 1.28e+03 1.27e+03 1.26e+03 1.25e+03 1.24e+03 1.23e+03 1.22e+03 1.21e+03 1.20e+03 1.19e+03 1.18e+03 1.17e+03 1.16e+03 1.15e+03 1.14e+03 1.13e+03 1.12e+03 1.11e+03 1.09e+03 1.08e+03 1.07e+03 1.06e+03 1.05e+03 1.04e+03 1.03e+03 1.02e+03 1.01e+03 9.98e+02 9.87e+02 9.76e+02 9.66e+02 9.55e+02 9.44e+02 9.34e+02 9.23e+02 9.12e+02 9.02e+02 8.91e+02 8.81e+02 8.71e+02 8.60e+02 8.50e+02 8.40e+02 8.30e+02 8.20e+02 8.10e+02 8.00e+02 7.90e+02 7.80e+02 7.70e+02 7.61e+02 7.51e+02 7.42e+02 7.32e+02 7.23e+02 7.14e+02 7.05e+02 6.96e+02 6.87e+02 6.78e+02 6.70e+02 6.61e+02 6.52e+02 6.44e+02 6.36e+02 6.28e+02 6.20e+02 6.12e+02 6.04e+02 5.96e+02 5.88e+02 5.81e+02 5.74e+02 5.66e+02 5.59e+02 5.52e+02 5.45e+02 5.38e+02 5.31e+02 5.24e+02 5.18e+02 5.11e+02 5.05e+02 4.99e+02 4.92e+02 4.86e+02 4.80e+02 4.74e+02 4.68e+02 4.63e+02 4.57e+02 4.51e+02 4.46e+02 4.40e+02 4.35e+02 4.30e+02 4.24e+02 4.19e+02 4.14e+02 4.09e+02 4.04e+02 4.00e+02 3.95e+02 3.90e+02 3.86e+02 3.81e+02 3.77e+02 3.72e+02 3.68e+02 3.64e+02 3.59e+02 3.55e+02 3.51e+02 3.47e+02 3.43e+02 3.39e+02 3.35e+02 3.32e+02 3.28e+02 3.24e+02 3.20e+02 3.17e+02 3.13e+02 3.10e+02 3.06e+02 3.03e+02 3.00e+02 2.96e+02 2.93e+02 2.90e+02 2.87e+02 2.83e+02 2.80e+02 2.77e+02 2.74e+02 2.71e+02 2.68e+02 2.65e+02 2.63e+02 2.60e+02 2.57e+02 2.54e+02 2.52e+02 2.49e+02 2.46e+02 2.44e+02 2.41e+02 2.39e+02 2.36e+02 2.34e+02 2.31e+02 2.29e+02 2.26e+02 2.24e+02 2.22e+02 2.19e+02 2.17e+02 2.13e+02 2.04e+02 1.88e+02 1.60e+02 1.17e+02 6.45e+01 2.75e+01 2.02e+01 2.00e+01 2.00e+01 2.00e+01 2.00e+01 2.00e+01 
 6.20698783018191e-10   1.41e+03 1.41e+03 1.41e+03 1.41e+03 1.41e+03 1.41e+03 1.41e+03 1.41e+03 1.41e+03 1.41e+03 1.41e+03 1.41e+03 1.41e+03 1.41e+03 1.41e+03 1.41e+03 1.41e+03 1.41e+03 1.41e+03 1.41e+03 1.41e+03 1.41e+03 1.41e+03 1.41e+03 1.41e+03 1.41e+03 1.41e+03 1.41e+03 1.41e+03 1.41e+03 1.41e+03 1.40e+03 1.39e+03 1.38e+03 1.37e+03 1.36e+03 1.35e+03 1.34e+03 1.33e+03 1.32e+03 1.31e+03 1.30e+03 1.29e+03 1.28e+03 1.27e+03 1.26e+03 1.25e+03 1.24e+03 1.23e+03 1.22e+03 1.21e+03 1.20e+03 1.19e+03 1.18e+03 1.17e+03 1.16e+03 1.15e+03 1.14e+03 1.13e+03 1.11e+03 1.10e+03 1.09e+03 1.08e+03 1.07e+03 1.06e+03 1.05e+03 1.04e+03 1.03e+03 1.02e+03 1.01e+03 9.97e+02 9.86e+02 9.75e+02 9.65e+02 9.54e+02 9.43e+02 9.33e+02 9.22e+02 9.12e+02 9.01e+02 8.91e+02 8.80e+02 8.70e+02 8.60e+02 8.50e+02 8.39e+02 8.29e+02 8.19e+02 8.09e+02 7.99e+02 7.90e+02 7.80e+02 7.70e+02 7.61e+02 7.51e+02 7.42e+02 7.32e+02 7.23e+02 7.14e+02 7.05e+02 6.96e+02 6.87e+02 6.79e+02 6.70e+02 6.61e+02 6.53e+02 6.45e+02 6.36e+02 6.28e+02 6.20e+02 6.12e+02 6.05e+02 5.97e+02 5.89e+02 5.82e+02 5.74e+02 5.67e+02 5.60e+02 5.53e+02 5.46e+02 5.39e+02 5.32e+02 5.25e+02 5.19e+02 5.12e+02 5.06e+02 5.00e+02 4.93e+02 4.87e+02 4.81e+02 4.75e+02 4.69e+02 4.64e+02 4.58e+02 4.52e+02 4.47e+02 4.42e+02 4.36e+02 4.31e+02 4.26e+02 4.21e+02 4.16e+02 4.11e+02 4.06e+02 4.01e+02 3.96e+02 3.92e+02 3.87e+02 3.82e+02 3.78e+02 3.74e+02 3.69e+02 3.65e+02 3.61e+02 3.57e+02 3.52e+02 3.48e+02 3.44e+02 3.41e+02 3.37e+02 3.33e+02 3.29e+02 3.25e+02 3.22e+02 3.18e+02 3.15e+02 3.11e+02 3.08e+02 3.04e+02 3.01e+02 2.98e+02 2.94e+02 2.91e+02 2.88e+02 2.85e+02 2.82e+02 2.79e+02 2.76e+02 2.73e+02 2.70e+02 2.67e+02 2.64e+02 2.61e+02 2.58e+02 2.56e+02 2.53e+02 2.50e+02 2.48e+02 2.45e+02 2.42e+02 2.40e+02 2.37e+02 2.35e+02 2.32e+02 2.30e+02 2.28e+02 2.25e+02 2.23e+02 2.21e+02 2.18e+02 2.14e+02 2.05e+02 1.89e+02 1.61e+02 1.18e+02 6.53e+01 2.77e+01 2.03e+01 2.00e+01 2.00e+01 2.00e+01 2.00e+01 2.00e+01 
 6.30704398844371e-10   1.41e+03 1.41e+03 1.41e+03 1.41e+03 1.41e+03 1.41e+03 1.41e+03 1.41e+03 1.41e+03 1.41e+03 1.41e+03 1.41e+03 1.41e+03 1.41e+03 1.41e+03 1.41e+03 1.41e+03 1.41e+03 1.41e+03 1.41e+03 1.41e+03 1.41e+03 1.41e+03 1.41e+03 1.41e+03 1.41e+03 1.41e+03 1.41e+03 1.41e+03 1.41e+03 1.41e+03 1.40e+03 1.39e+03 1.38e+03 1.37e+03 1.36e+03 1.35e+03 1.34e+03 1.33e+03 1.32e+03 1.31e+03 1.30e+03 1.29e+03 1.28e+03 1.27e+03 1.26e+03 1.25e+03 1.24e+03 1.23e+03 1.22e+03 1.21e+03 1.20e+03 1.19e+03 1.18e+03 1.17e+03 1.16e+03 1.15e+03 1.14e+03 1.12e+03 1.11e+03 1.10e+03 1.09e+03 1.08e+03 1.07e+03 1.06e+03 1.05e+03 1.04e+03 1.03e+03 1.02e+03 1.01e+03 9.96e+02 9.85e+02 9.75e+02 9.64e+02 9.53e+02 9.43e+02 9.32e+02 9.22e+02 9.11e+02 9.01e+02 8.90e+02 8.80e+02 8.70e+02 8.59e+02 8.49e+02 8.39e+02 8.29e+02 8.19e+02 8.09e+02 7.99e+02 7.90e+02 7.80e+02 7.70e+02 7.61e+02 7.51e+02 7.42e+02 7.33e+02 7.23e+02 7.14e+02 7.05e+02 6.96e+02 6.88e+02 6.79e+02 6.70e+02 6.62e+02 6.53e+02 6.45e+02 6.37e+02 6.29e+02 6.21e+02 6.13e+02 6.05e+02 5.98e+02 5.90e+02 5.83e+02 5.75e+02 5.68e+02 5.61e+02 5.54e+02 5.47e+02 5.40e+02 5.33e+02 5.26e+02 5.20e+02 5.13e+02 5.07e+02 5.01e+02 4.94e+02 4.88e+02 4.82e+02 4.76e+02 4.71e+02 4.65e+02 4.59e+02 4.54e+02 4.48e+02 4.43e+02 4.37e+02 4.32e+02 4.27e+02 4.22e+02 4.17e+02 4.12e+02 4.07e+02 4.02e+02 3.97e+02 3.93e+02 3.88e+02 3.84e+02 3.79e+02 3.75e+02 3.71e+02 3.66e+02 3.62e+02 3.58e+02 3.54e+02 3.50e+02 3.46e+02 3.42e+02 3.38e+02 3.34e+02 3.30e+02 3.27e+02 3.23e+02 3.20e+02 3.16e+02 3.12e+02 3.09e+02 3.06e+02 3.02e+02 2.99e+02 2.96e+02 2.92e+02 2.89e+02 2.86e+02 2.83e+02 2.80e+02 2.77e+02 2.74e+02 2.71e+02 2.68e+02 2.65e+02 2.63e+02 2.60e+02 2.57e+02 2.54e+02 2.52e+02 2.49e+02 2.46e+02 2.44e+02 2.41e+02 2.39e+02 2.36e+02 2.34e+02 2.31e+02 2.29e+02 2.27e+02 2.24e+02 2.22e+02 2.20e+02 2.15e+02 2.07e+02 1.90e+02 1.62e+02 1.19e+02 6.61e+01 2.80e+01 2.03e+01 2.00e+01 2.00e+01 2.00e+01 2.00e+01 2.00e+01 
 6.40716952550970e-10   1.41e+03 1.41e+03 1.41e+03 1.41e+03 1.41e+03 1.41e+03 1.41e+03 1.41e+03 1.41e+03 1.41e+03 1.41e+03 1.41e+03 1.41e+03 1.41e+03 1.41e+03 1.41e+03 1.41e+03 1.41e+03 1.41e+03 1.41e+03 1.41e+03 1.41e+03 1.41e+03 1.41e+03 1.41e+03 1.41e+03 1.41e+03 1.41e+03 1.41e+03 1.41e+03 1.41e+03 1.40e+03 1.39e+03 1.38e+03 1.37e+03 1.36e+03 1.35e+03 1.34e+03 1.33e+03 1.32e+03 1.31e+03 1.30e+03 1.29e+03 1.28e+03 1.27e+03 1.26e+03 1.25e+03 1.24e+03 1.23e+03 1.22e+03 1.21e+03 1.20e+03 1.19e+03 1.18e+03 1.17e+03 1.15e+03 1.14e+03 1.13e+03 1.12e+03 1.11e+03 1.10e+03 1.09e+03 1.08e+03 1.07e+03 1.06e+03 1.05e+03 1.04e+03 1.03e+03 1.02e+03 1.01e+03 9.95e+02 9.84e+02 9.74e+02 9.63e+02 9.53e+02 9.42e+02 9.31e+02 9.21e+02 9.11e+02 9.00e+02 8.90e+02 8.79e+02 8.69e+02 8.59e+02 8.49e+02 8.39e+02 8.29e+02 8.19e+02 8.09e+02 7.99e+02 7.89e+02 7.80e+02 7.70e+02 7.61e+02 7.51e+02 7.42e+02 7.33e+02 7.24e+02 7.15e+02 7.06e+02 6.97e+02 6.88e+02 6.79e+02 6.71e+02 6.62e+02 6.54e+02 6.46e+02 6.38e+02 6.30e+02 6.22e+02 6.14e+02 6.06e+02 5.98e+02 5.91e+02 5.83e+02 5.76e+02 5.69e+02 5.62e+02 5.55e+02 5.48e+02 5.41e+02 5.34e+02 5.27e+02 5.21e+02 5.14e+02 5.08e+02 5.02e+02 4.96e+02 4.89e+02 4.83e+02 4.78e+02 4.72e+02 4.66e+02 4.60e+02 4.55e+02 4.49e+02 4.44e+02 4.39e+02 4.33e+02 4.28e+02 4.23e+02 4.18e+02 4.13e+02 4.08e+02 4.03e+02 3.99e+02 3.94e+02 3.89e+02 3.85e+02 3.81e+02 3.76e+02 3.72e+02 3.68e+02 3.63e+02 3.59e+02 3.55e+02 3.51e+02 3.47e+02 3.43e+02 3.39e+02 3.36e+02 3.32e+02 3.28e+02 3.24e+02 3.21e+02 3.17e+02 3.14e+02 3.10e+02 3.07e+02 3.04e+02 3.00e+02 2.97e+02 2.94e+02 2.91e+02 2.88e+02 2.84e+02 2.81e+02 2.78e+02 2.75e+02 2.72e+02 2.70e+02 2.67e+02 2.64e+02 2.61e+02 2.58e+02 2.56e+02 2.53e+02 2.50e+02 2.48e+02 2.45e+02 2.43e+02 2.40e+02 2.38e+02 2.35e+02 2.33e+02 2.30e+02 2.28e+02 2.26e+02 2.23e+02 2.21e+02 2.16e+02 2.08e+02 1.92e+02 1.64e+02 1.20e+02 6.69e+01 2.82e+01 2.03e+01 2.00e+01 2.00e+01 2.00e+01 2.00e+01 2.00e+01 
 6.50736375571757e-10   1.41e+03 1.41e+03 1.41e+03 1.41e+03 1.41e+03 1.41e+03 1.41e+03 1.41e+03 1.41e+03 1.41e+03 1.41e+03 1.41e+03 1.41e+03 1.41e+03 1.41e+03 1.41e+03 1.41e+03 1.41e+03 1.41e+03 1.41e+03 1.41e+03 1.41e+03 1.41e+03 1.41e+03 1.41e+03 1.41e+03 1.41e+03 1.41e+03 1.41e+03 1.41e+03 1.41e+03 1.40e+03 1.39e+03 1.38e+03 1.37e+03 1.36e+03 1.35e+03 1.34e+03 1.33e+03 1.32e+03 1.31e+03 1.30e+03 1.29e+03 1.28e+03 1.27e+03 1.26e+03 1.25e+03 1.24e+03 1.23e+03 1.22e+03 1.21e+03 1.20e+03 1.19e+03 1.17e+03 1.16e+03 1.15e+03 1.14e+03 1.13e+03 1.12e+03 1.11e+03 1.10e+03 1.09e+03 1.08e+03 1.07e+03 1.06e+03 1.05e+03 1.04e+03 1.03e+03 1.02e+03 1.00e+03 9.94e+02 9.83e+02 9.73e+02 9.62e+02 9.52e+02 9.41e+02 9.31e+02 9.20e+02 9.10e+02 9.00e+02 8.89e+02 8.79e+02 8.69e+02 8.59e+02 8.49e+02 8.39e+02 8.29e+02 8.19e+02 8.09e+02 7.99e+02 7.89e+02 7.80e+02 7.70e+02 7.61e+02 7.51e+02 7.42e+02 7.33e+02 7.24e+02 7.15e+02 7.06e+02 6.97e+02 6.88e+02 6.80e+02 6.71e+02 6.63e+02 6.54e+02 6.46e+02 6.38e+02 6.30e+02 6.22e+02 6.14e+02 6.07e+02 5.99e+02 5.92e+02 5.84e+02 5.77e+02 5.70e+02 5.62e+02 5.55e+02 5.49e+02 5.42e+02 5.35e+02 5.28e+02 5.22e+02 5.15e+02 5.09e+02 5.03e+02 4.97e+02 4.91e+02 4.85e+02 4.79e+02 4.73e+02 4.67e+02 4.61e+02 4.56e+02 4.50e+02 4.45e+02 4.40e+02 4.35e+02 4.29e+02 4.24e+02 4.19e+02 4.14e+02 4.09e+02 4.05e+02 4.00e+02 3.95e+02 3.91e+02 3.86e+02 3.82e+02 3.77e+02 3.73e+02 3.69e+02 3.65e+02 3.60e+02 3.56e+02 3.52e+02 3.48e+02 3.45e+02 3.41e+02 3.37e+02 3.33e+02 3.29e+02 3.26e+02 3.22e+02 3.19e+02 3.15e+02 3.12e+02 3.08e+02 3.05e+02 3.02e+02 2.98e+02 2.95e+02 2.92e+02 2.89e+02 2.86e+02 2.83e+02 2.80e+02 2.77e+02 2.74e+02 2.71e+02 2.68e+02 2.65e+02 2.62e+02 2.60e+02 2.57e+02 2.54e+02 2.52e+02 2.49e+02 2.46e+02 2.44e+02 2.41e+02 2.39e+02 2.36e+02 2.34e+02 2.32e+02 2.29e+02 2.27e+02 2.25e+02 2.22e+02 2.18e+02 2.09e+02 1.93e+02 1.65e+02 1.21e+02 6.77e+01 2.85e+01 2.03e+01 2.00e+01 2.00e+01 2.00e+01 2.00e+01 2.00e+01 
 6.60739276095853e-10   1.41e+03 1.41e+03 1.41e+03 1.41e+03 1.41e+03 1.41e+03 1.41e+03 1.41e+03 1.41e+03 1.41e+03 1.41e+03 1.41e+03 1.41e+03 1.41e+03 1.41e+03 1.41e+03 1.41e+03 1.41e+03 1.41e+03 1.41e+03 1.41e+03 1.41e+03 1.41e+03 1.41e+03 1.41e+03 1.41e+03 1.41e+03 1.41e+03 1.41e+03 1.41e+03 1.40e+03 1.39e+03 1.38e+03 1.38e+03 1.37e+03 1.36e+03 1.35e+03 1.34e+03 1.33e+03 1.32e+03 1.31e+03 1.30e+03 1.29e+03 1.28e+03 1.27e+03 1.26e+03 1.25e+03 1.24e+03 1.23e+03 1.22e+03 1.21e+03 1.19e+03 1.18e+03 1.17e+03 1.16e+03 1.15e+03 1.14e+03 1.13e+03 1.12e+03 1.11e+03 1.10e+03 1.09e+03 1.08e+03 1.07e+03 1.06e+03 1.05e+03 1.04e+03 1.03e+03 1.01e+03 1.00e+03 9.93e+02 9.83e+02 9.72e+02 9.62e+02 9.51e+02 9.41e+02 9.30e+02 9.20e+02 9.09e+02 8.99e+02 8.89e+02 8.79e+02 8.68e+02 8.58e+02 8.48e+02 8.38e+02 8.28e+02 8.18e+02 8.09e+02 7.99e+02 7.89e+02 7.80e+02 7.70e+02 7.61e+02 7.52e+02 7.42e+02 7.33e+02 7.24e+02 7.15e+02 7.06e+02 6.97e+02 6.89e+02 6.80e+02 6.72e+02 6.63e+02 6.55e+02 6.47e+02 6.39e+02 6.31e+02 6.23e+02 6.15e+02 6.07e+02 6.00e+02 5.92e+02 5.85e+02 5.78e+02 5.70e+02 5.63e+02 5.56e+02 5.49e+02 5.43e+02 5.36e+02 5.29e+02 5.23e+02 5.16e+02 5.10e+02 5.04e+02 4.98e+02 4.92e+02 4.86e+02 4.80e+02 4.74e+02 4.68e+02 4.63e+02 4.57e+02 4.52e+02 4.46e+02 4.41e+02 4.36e+02 4.31e+02 4.25e+02 4.20e+02 4.16e+02 4.11e+02 4.06e+02 4.01e+02 3.97e+02 3.92e+02 3.87e+02 3.83e+02 3.79e+02 3.74e+02 3.70e+02 3.66e+02 3.62e+02 3.58e+02 3.54e+02 3.50e+02 3.46e+02 3.42e+02 3.38e+02 3.34e+02 3.31e+02 3.27e+02 3.23e+02 3.20e+02 3.16e+02 3.13e+02 3.10e+02 3.06e+02 3.03e+02 3.00e+02 2.96e+02 2.93e+02 2.90e+02 2.87e+02 2.84e+02 2.81e+02 2.78e+02 2.75e+02 2.72e+02 2.69e+02 2.66e+02 2.64e+02 2.61e+02 2.58e+02 2.56e+02 2.53e+02 2.50e+02 2.48e+02 2.45e+02 2.43e+02 2.40e+02 2.38e+02 2.35e+02 2.33e+02 2.30e+02 2.28e+02 2.26e+02 2.24e+02 2.19e+02 2.10e+02 1.94e+02 1.66e+02 1.22e+02 6.85e+01 2.88e+01 2.03e+01 2.00e+01 2.00e+01 2.00e+01 2.00e+01 2.00e+01 
 6.70748881808195e-10   1.41e+03 1.41e+03 1.41e+03 1.41e+03 1.41e+03 1.41e+03 1.41e+03 1.41e+03 1.41e+03 1.41e+03 1.41e+03 1.41e+03 1.41e+03 1.41e+03 1.41e+03 1.41e+03 1.41e+03 1.41e+03 1.41e+03 1.41e+03 1.41e+03 1.41e+03 1.41e+03 1.41e+03 1.41e+03 1.41e+03 1.41e+03 1.41e+03 1.41e+03 1.41e+03 1.40e+03 1.39e+03 1.38e+03 1.37e+03 1.36e+03 1.36e+03 1.35e+03 1.34e+03 1.33e+03 1.32e+03 1.31e+03 1.30e+03 1.29e+03 1.28e+03 1.27e+03 1.26e+03 1.25e+03 1.24e+03 1.22e+03 1.21e+03 1.20e+03 1.19e+03 1.18e+03 1.17e+03 1.16e+03 1.15e+03 1.14e+03 1.13e+03 1.12e+03 1.11e+03 1.10e+03 1.09e+03 1.08e+03 1.07e+03 1.06e+03 1.05e+03 1.03e+03 1.02e+03 1.01e+03 1.00e+03 9.92e+02 9.82e+02 9.71e+02 9.61e+02 9.50e+02 9.40e+02 9.30e+02 9.19e+02 9.09e+02 8.99e+02 8.88e+02 8.78e+02 8.68e+02 8.58e+02 8.48e+02 8.38e+02 8.28e+02 8.18e+02 8.09e+02 7.99e+02 7.89e+02 7.80e+02 7.70e+02 7.61e+02 7.52e+02 7.42e+02 7.33e+02 7.24e+02 7.15e+02 7.07e+02 6.98e+02 6.89e+02 6.81e+02 6.72e+02 6.64e+02 6.56e+02 6.47e+02 6.39e+02 6.31e+02 6.23e+02 6.16e+02 6.08e+02 6.00e+02 5.93e+02 5.86e+02 5.78e+02 5.71e+02 5.64e+02 5.57e+02 5.50e+02 5.43e+02 5.37e+02 5.30e+02 5.24e+02 5.17e+02 5.11e+02 5.05e+02 4.99e+02 4.93e+02 4.87e+02 4.81e+02 4.75e+02 4.69e+02 4.64e+02 4.58e+02 4.53e+02 4.47e+02 4.42e+02 4.37e+02 4.32e+02 4.27e+02 4.22e+02 4.17e+02 4.12e+02 4.07e+02 4.02e+02 3.98e+02 3.93e+02 3.89e+02 3.84e+02 3.80e+02 3.76e+02 3.71e+02 3.67e+02 3.63e+02 3.59e+02 3.55e+02 3.51e+02 3.47e+02 3.43e+02 3.39e+02 3.36e+02 3.32e+02 3.28e+02 3.25e+02 3.21e+02 3.18e+02 3.14e+02 3.11e+02 3.08e+02 3.04e+02 3.01e+02 2.98e+02 2.95e+02 2.91e+02 2.88e+02 2.85e+02 2.82e+02 2.79e+02 2.76e+02 2.73e+02 2.71e+02 2.68e+02 2.65e+02 2.62e+02 2.60e+02 2.57e+02 2.54e+02 2.52e+02 2.49e+02 2.46e+02 2.44e+02 2.41e+02 2.39e+02 2.37e+02 2.34e+02 2.32e+02 2.29e+02 2.27e+02 2.25e+02 2.20e+02 2.12e+02 1.95e+02 1.67e+02 1.23e+02 6.93e+01 2.90e+01 2.03e+01 2.00e+01 2.00e+01 2.00e+01 2.00e+01 2.00e+01 
 6.80765128655886e-10   1.41e+03 1.41e+03 1.41e+03 1.41e+03 1.41e+03 1.41e+03 1.41e+03 1.41e+03 1.41e+03 1.41e+03 1.41e+03 1.41e+03 1.41e+03 1.41e+03 1.41e+03 1.41e+03 1.41e+03 1.41e+03 1.41e+03 1.41e+03 1.41e+03 1.41e+03 1.41e+03 1.41e+03 1.41e+03 1.41e+03 1.41e+03 1.41e+03 1.41e+03 1.41e+03 1.40e+03 1.39e+03 1.38e+03 1.37e+03 1.36e+03 1.35e+03 1.34e+03 1.33e+03 1.32e+03 1.31e+03 1.30e+03 1.29e+03 1.28e+03 1.27e+03 1.26e+03 1.25e+03 1.24e+03 1.23e+03 1.22e+03 1.21e+03 1.20e+03 1.19e+03 1.18e+03 1.17e+03 1.16e+03 1.15e+03 1.14e+03 1.13e+03 1.12e+03 1.11e+03 1.10e+03 1.09e+03 1.08e+03 1.07e+03 1.06e+03 1.04e+03 1.03e+03 1.02e+03 1.01e+03 1.00e+03 9.92e+02 9.81e+02 9.71e+02 9.60e+02 9.50e+02 9.39e+02 9.29e+02 9.19e+02 9.08e+02 8.98e+02 8.88e+02 8.78e+02 8.68e+02 8.58e+02 8.48e+02 8.38e+02 8.28e+02 8.18e+02 8.08e+02 7.99e+02 7.89e+02 7.80e+02 7.70e+02 7.61e+02 7.52e+02 7.43e+02 7.34e+02 7.25e+02 7.16e+02 7.07e+02 6.98e+02 6.90e+02 6.81e+02 6.73e+02 6.64e+02 6.56e+02 6.48e+02 6.40e+02 6.32e+02 6.24e+02 6.16e+02 6.09e+02 6.01e+02 5.94e+02 5.86e+02 5.79e+02 5.72e+02 5.65e+02 5.58e+02 5.51e+02 5.44e+02 5.38e+02 5.31e+02 5.25e+02 5.18e+02 5.12e+02 5.06e+02 5.00e+02 4.94e+02 4.88e+02 4.82e+02 4.76e+02 4.70e+02 4.65e+02 4.59e+02 4.54e+02 4.49e+02 4.43e+02 4.38e+02 4.33e+02 4.28e+02 4.23e+02 4.18e+02 4.13e+02 4.08e+02 4.04e+02 3.99e+02 3.94e+02 3.90e+02 3.86e+02 3.81e+02 3.77e+02 3.73e+02 3.68e+02 3.64e+02 3.60e+02 3.56e+02 3.52e+02 3.48e+02 3.45e+02 3.41e+02 3.37e+02 3.33e+02 3.30e+02 3.26e+02 3.23e+02 3.19e+02 3.16e+02 3.12e+02 3.09e+02 3.06e+02 3.02e+02 2.99e+02 2.96e+02 2.93e+02 2.90e+02 2.87e+02 2.84e+02 2.81e+02 2.78e+02 2.75e+02 2.72e+02 2.69e+02 2.66e+02 2.64e+02 2.61e+02 2.58e+02 2.55e+02 2.53e+02 2.50e+02 2.48e+02 2.45e+02 2.43e+02 2.40e+02 2.38e+02 2.35e+02 2.33e+02 2.31e+02 2.28e+02 2.26e+02 2.22e+02 2.13e+02 1.97e+02 1.68e+02 1.24e+02 7.00e+01 2.93e+01 2.04e+01 2.00e+01 2.00e+01 2.00e+01 2.00e+01 2.00e+01 
 6.90787953851923e-10   1.41e+03 1.41e+03 1.41e+03 1.41e+03 1.41e+03 1.41e+03 1.41e+03 1.41e+03 1.41e+03 1.41e+03 1.41e+03 1.41e+03 1.41e+03 1.41e+03 1.41e+03 1.41e+03 1.41e+03 1.41e+03 1.41e+03 1.41e+03 1.41e+03 1.41e+03 1.41e+03 1.41e+03 1.41e+03 1.41e+03 1.41e+03 1.41e+03 1.41e+03 1.41e+03 1.40e+03 1.39e+03 1.38e+03 1.37e+03 1.36e+03 1.35e+03 1.34e+03 1.33e+03 1.32e+03 1.31e+03 1.30e+03 1.29e+03 1.28e+03 1.27e+03 1.26e+03 1.25e+03 1.24e+03 1.23e+03 1.22e+03 1.21e+03 1.20e+03 1.19e+03 1.18e+03 1.17e+03 1.16e+03 1.15e+03 1.14e+03 1.13e+03 1.12e+03 1.11e+03 1.10e+03 1.09e+03 1.08e+03 1.06e+03 1.05e+03 1.04e+03 1.03e+03 1.02e+03 1.01e+03 1.00e+03 9.91e+02 9.80e+02 9.70e+02 9.60e+02 9.49e+02 9.39e+02 9.28e+02 9.18e+02 9.08e+02 8.98e+02 8.88e+02 8.77e+02 8.67e+02 8.57e+02 8.47e+02 8.38e+02 8.28e+02 8.18e+02 8.08e+02 7.99e+02 7.89e+02 7.80e+02 7.70e+02 7.61e+02 7.52e+02 7.43e+02 7.34e+02 7.25e+02 7.16e+02 7.07e+02 6.98e+02 6.90e+02 6.81e+02 6.73e+02 6.65e+02 6.57e+02 6.48e+02 6.40e+02 6.33e+02 6.25e+02 6.17e+02 6.09e+02 6.02e+02 5.94e+02 5.87e+02 5.80e+02 5.73e+02 5.66e+02 5.59e+02 5.52e+02 5.45e+02 5.39e+02 5.32e+02 5.26e+02 5.19e+02 5.13e+02 5.07e+02 5.01e+02 4.95e+02 4.89e+02 4.83e+02 4.77e+02 4.72e+02 4.66e+02 4.60e+02 4.55e+02 4.50e+02 4.44e+02 4.39e+02 4.34e+02 4.29e+02 4.24e+02 4.19e+02 4.14e+02 4.10e+02 4.05e+02 4.00e+02 3.96e+02 3.91e+02 3.87e+02 3.82e+02 3.78e+02 3.74e+02 3.70e+02 3.66e+02 3.61e+02 3.57e+02 3.54e+02 3.50e+02 3.46e+02 3.42e+02 3.38e+02 3.35e+02 3.31e+02 3.27e+02 3.24e+02 3.20e+02 3.17e+02 3.13e+02 3.10e+02 3.07e+02 3.04e+02 3.00e+02 2.97e+02 2.94e+02 2.91e+02 2.88e+02 2.85e+02 2.82e+02 2.79e+02 2.76e+02 2.73e+02 2.70e+02 2.68e+02 2.65e+02 2.62e+02 2.59e+02 2.57e+02 2.54e+02 2.52e+02 2.49e+02 2.46e+02 2.44e+02 2.41e+02 2.39e+02 2.37e+02 2.34e+02 2.32e+02 2.30e+02 2.27e+02 2.23e+02 2.14e+02 1.98e+02 1.69e+02 1.25e+02 7.08e+01 2.96e+01 2.04e+01 2.00e+01 2.00e+01 2.00e+01 2.00e+01 2.00e+01 
 7.00793909889777e-10   1.41e+03 1.41e+03 1.41e+03 1.41e+03 1.41e+03 1.41e+03 1.41e+03 1.41e+03 1.41e+03 1.41e+03 1.41e+03 1.41e+03 1.41e+03 1.41e+03 1.41e+03 1.41e+03 1.41e+03 1.41e+03 1.41e+03 1.41e+03 1.41e+03 1.41e+03 1.41e+03 1.41e+03 1.41e+03 1.41e+03 1.41e+03 1.41e+03 1.41e+03 1.41e+03 1.40e+03 1.39e+03 1.38e+03 1.37e+03 1.36e+03 1.35e+03 1.34e+03 1.33e+03 1.32e+03 1.31e+03 1.30e+03 1.29e+03 1.28e+03 1.27e+03 1.26e+03 1.25e+03 1.24e+03 1.23e+03 1.22e+03 1.21e+03 1.20e+03 1.19e+03 1.18e+03 1.17e+03 1.16e+03 1.15e+03 1.14e+03 1.13e+03 1.12e+03 1.11e+03 1.10e+03 1.08e+03 1.07e+03 1.06e+03 1.05e+03 1.04e+03 1.03e+03 1.02e+03 1.01e+03 1.00e+03 9.90e+02 9.80e+02 9.69e+02 9.59e+02 9.49e+02 9.38e+02 9.28e+02 9.18e+02 9.07e+02 8.97e+02 8.87e+02 8.77e+02 8.67e+02 8.57e+02 8.47e+02 8.37e+02 8.28e+02 8.18e+02 8.08e+02 7.99e+02 7.89e+02 7.80e+02 7.70e+02 7.61e+02 7.52e+02 7.43e+02 7.34e+02 7.25e+02 7.16e+02 7.07e+02 6.99e+02 6.90e+02 6.82e+02 6.73e+02 6.65e+02 6.57e+02 6.49e+02 6.41e+02 6.33e+02 6.25e+02 6.18e+02 6.10e+02 6.03e+02 5.95e+02 5.88e+02 5.81e+02 5.74e+02 5.67e+02 5.60e+02 5.53e+02 5.46e+02 5.40e+02 5.33e+02 5.27e+02 5.20e+02 5.14e+02 5.08e+02 5.02e+02 4.96e+02 4.90e+02 4.84e+02 4.78e+02 4.73e+02 4.67e+02 4.61e+02 4.56e+02 4.51e+02 4.45e+02 4.40e+02 4.35e+02 4.30e+02 4.25e+02 4.20e+02 4.15e+02 4.11e+02 4.06e+02 4.01e+02 3.97e+02 3.92e+02 3.88e+02 3.84e+02 3.79e+02 3.75e+02 3.71e+02 3.67e+02 3.63e+02 3.59e+02 3.55e+02 3.51e+02 3.47e+02 3.43e+02 3.40e+02 3.36e+02 3.32e+02 3.29e+02 3.25e+02 3.22e+02 3.18e+02 3.15e+02 3.11e+02 3.08e+02 3.05e+02 3.02e+02 2.98e+02 2.95e+02 2.92e+02 2.89e+02 2.86e+02 2.83e+02 2.80e+02 2.77e+02 2.74e+02 2.72e+02 2.69e+02 2.66e+02 2.63e+02 2.61e+02 2.58e+02 2.55e+02 2.53e+02 2.50e+02 2.48e+02 2.45e+02 2.43e+02 2.40e+02 2.38e+02 2.35e+02 2.33e+02 2.31e+02 2.29e+02 2.24e+02 2.15e+02 1.99e+02 1.71e+02 1.26e+02 7.16e+01 2.98e+01 2.04e+01 2.00e+01 2.00e+01 2.00e+01 2.00e+01 2.00e+01 
 7.10806292434087e-10   1.41e+03 1.41e+03 1.41e+03 1.41e+03 1.41e+03 1.41e+03 1.41e+03 1.41e+03 1.41e+03 1.41e+03 1.41e+03 1.41e+03 1.41e+03 1.41e+03 1.41e+03 1.41e+03 1.41e+03 1.41e+03 1.41e+03 1.41e+03 1.41e+03 1.41e+03 1.41e+03 1.41e+03 1.41e+03 1.41e+03 1.41e+03 1.41e+03 1.41e+03 1.41e+03 1.40e+03 1.39e+03 1.38e+03 1.37e+03 1.36e+03 1.35e+03 1.34e+03 1.33e+03 1.32e+03 1.31e+03 1.30e+03 1.29e+03 1.28e+03 1.27e+03 1.26e+03 1.25e+03 1.24e+03 1.23e+03 1.22e+03 1.21e+03 1.20e+03 1.19e+03 1.18e+03 1.17e+03 1.16e+03 1.15e+03 1.14e+03 1.13e+03 1.12e+03 1.11e+03 1.09e+03 1.08e+03 1.07e+03 1.06e+03 1.05e+03 1.04e+03 1.03e+03 1.02e+03 1.01e+03 1.00e+03 9.90e+02 9.79e+02 9.69e+02 9.58e+02 9.48e+02 9.38e+02 9.27e+02 9.17e+02 9.07e+02 8.97e+02 8.87e+02 8.77e+02 8.67e+02 8.57e+02 8.47e+02 8.37e+02 8.27e+02 8.18e+02 8.08e+02 7.99e+02 7.89e+02 7.80e+02 7.71e+02 7.61e+02 7.52e+02 7.43e+02 7.34e+02 7.25e+02 7.17e+02 7.08e+02 6.99e+02 6.91e+02 6.82e+02 6.74e+02 6.66e+02 6.58e+02 6.50e+02 6.42e+02 6.34e+02 6.26e+02 6.18e+02 6.11e+02 6.03e+02 5.96e+02 5.89e+02 5.81e+02 5.74e+02 5.67e+02 5.61e+02 5.54e+02 5.47e+02 5.40e+02 5.34e+02 5.27e+02 5.21e+02 5.15e+02 5.09e+02 5.03e+02 4.97e+02 4.91e+02 4.85e+02 4.79e+02 4.74e+02 4.68e+02 4.63e+02 4.57e+02 4.52e+02 4.47e+02 4.41e+02 4.36e+02 4.31e+02 4.26e+02 4.21e+02 4.17e+02 4.12e+02 4.07e+02 4.03e+02 3.98e+02 3.94e+02 3.89e+02 3.85e+02 3.81e+02 3.76e+02 3.72e+02 3.68e+02 3.64e+02 3.60e+02 3.56e+02 3.52e+02 3.48e+02 3.44e+02 3.41e+02 3.37e+02 3.33e+02 3.30e+02 3.26e+02 3.23e+02 3.19e+02 3.16e+02 3.13e+02 3.09e+02 3.06e+02 3.03e+02 3.00e+02 2.97e+02 2.93e+02 2.90e+02 2.87e+02 2.84e+02 2.81e+02 2.79e+02 2.76e+02 2.73e+02 2.70e+02 2.67e+02 2.65e+02 2.62e+02 2.59e+02 2.57e+02 2.54e+02 2.51e+02 2.49e+02 2.46e+02 2.44e+02 2.42e+02 2.39e+02 2.37e+02 2.34e+02 2.32e+02 2.30e+02 2.25e+02 2.16e+02 2.00e+02 1.72e+02 1.27e+02 7.24e+01 3.01e+01 2.04e+01 2.00e+01 2.00e+01 2.00e+01 2.00e+01 2.00e+01 
 7.20825042700470e-10   1.41e+03 1.41e+03 1.41e+03 1.41e+03 1.41e+03 1.41e+03 1.41e+03 1.41e+03 1.41e+03 1.41e+03 1.41e+03 1.41e+03 1.41e+03 1.41e+03 1.41e+03 1.41e+03 1.41e+03 1.41e+03 1.41e+03 1.41e+03 1.41e+03 1.41e+03 1.41e+03 1.41e+03 1.41e+03 1.41e+03 1.41e+03 1.41e+03 1.41e+03 1.41e+03 1.40e+03 1.39e+03 1.38e+03 1.37e+03 1.36e+03 1.35e+03 1.34e+03 1.33e+03 1.32e+03 1.31e+03 1.30e+03 1.29e+03 1.28e+03 1.27e+03 1.26e+03 1.25e+03 1.24e+03 1.23e+03 1.22e+03 1.21e+03 1.20e+03 1.19e+03 1.18e+03 1.17e+03 1.16e+03 1.15e+03 1.14e+03 1.12e+03 1.11e+03 1.10e+03 1.09e+03 1.08e+03 1.07e+03 1.06e+03 1.05e+03 1.04e+03 1.03e+03 1.02e+03 1.01e+03 9.99e+02 9.89e+02 9.78e+02 9.68e+02 9.58e+02 9.47e+02 9.37e+02 9.27e+02 9.17e+02 9.07e+02 8.97e+02 8.87e+02 8.77e+02 8.67e+02 8.57e+02 8.47e+02 8.37e+02 8.27e+02 8.18e+02 8.08e+02 7.99e+02 7.89e+02 7.80e+02 7.71e+02 7.61e+02 7.52e+02 7.43e+02 7.34e+02 7.26e+02 7.17e+02 7.08e+02 7.00e+02 6.91e+02 6.83e+02 6.74e+02 6.66e+02 6.58e+02 6.50e+02 6.42e+02 6.34e+02 6.27e+02 6.19e+02 6.11e+02 6.04e+02 5.97e+02 5.89e+02 5.82e+02 5.75e+02 5.68e+02 5.61e+02 5.55e+02 5.48e+02 5.41e+02 5.35e+02 5.28e+02 5.22e+02 5.16e+02 5.10e+02 5.04e+02 4.98e+02 4.92e+02 4.86e+02 4.80e+02 4.75e+02 4.69e+02 4.64e+02 4.58e+02 4.53e+02 4.48e+02 4.43e+02 4.37e+02 4.32e+02 4.27e+02 4.23e+02 4.18e+02 4.13e+02 4.08e+02 4.04e+02 3.99e+02 3.95e+02 3.90e+02 3.86e+02 3.82e+02 3.77e+02 3.73e+02 3.69e+02 3.65e+02 3.61e+02 3.57e+02 3.53e+02 3.49e+02 3.46e+02 3.42e+02 3.38e+02 3.35e+02 3.31e+02 3.28e+02 3.24e+02 3.21e+02 3.17e+02 3.14e+02 3.11e+02 3.07e+02 3.04e+02 3.01e+02 2.98e+02 2.95e+02 2.92e+02 2.89e+02 2.86e+02 2.83e+02 2.80e+02 2.77e+02 2.74e+02 2.71e+02 2.69e+02 2.66e+02 2.63e+02 2.60e+02 2.58e+02 2.55e+02 2.53e+02 2.50e+02 2.48e+02 2.45e+02 2.43e+02 2.40e+02 2.38e+02 2.36e+02 2.33e+02 2.31e+02 2.26e+02 2.18e+02 2.01e+02 1.73e+02 1.29e+02 7.31e+01 3.04e+01 2.04e+01 2.00e+01 2.00e+01 2.00e+01 2.00e+01 2.00e+01 
 7.30826672680929e-10   1.41e+03 1.41e+03 1.41e+03 1.41e+03 1.41e+03 1.41e+03 1.41e+03 1.41e+03 1.41e+03 1.41e+03 1.41e+03 1.41e+03 1.41e+03 1.41e+03 1.41e+03 1.41e+03 1.41e+03 1.41e+03 1.41e+03 1.41e+03 1.41e+03 1.41e+03 1.41e+03 1.41e+03 1.41e+03 1.41e+03 1.41e+03 1.41e+03 1.41e+03 1.40e+03 1.40e+03 1.39e+03 1.38e+03 1.37e+03 1.36e+03 1.35e+03 1.34e+03 1.33e+03 1.32e+03 1.31e+03 1.30e+03 1.29e+03 1.28e+03 1.27e+03 1.26e+03 1.25e+03 1.24e+03 1.23e+03 1.22e+03 1.21e+03 1.20e+03 1.19e+03 1.18e+03 1.17e+03 1.16e+03 1.14e+03 1.13e+03 1.12e+03 1.11e+03 1.10e+03 1.09e+03 1.08e+03 1.07e+03 1.06e+03 1.05e+03 1.04e+03 1.03e+03 1.02e+03 1.01e+03 9.99e+02 9.88e+02 9.78e+02 9.68e+02 9.57e+02 9.47e+02 9.37e+02 9.27e+02 9.16e+02 9.06e+02 8.96e+02 8.86e+02 8.76e+02 8.66e+02 8.56e+02 8.47e+02 8.37e+02 8.27e+02 8.18e+02 8.08e+02 7.99e+02 7.89e+02 7.80e+02 7.71e+02 7.62e+02 7.53e+02 7.44e+02 7.35e+02 7.26e+02 7.17e+02 7.08e+02 7.00e+02 6.91e+02 6.83e+02 6.75e+02 6.67e+02 6.59e+02 6.51e+02 6.43e+02 6.35e+02 6.27e+02 6.20e+02 6.12e+02 6.05e+02 5.97e+02 5.90e+02 5.83e+02 5.76e+02 5.69e+02 5.62e+02 5.55e+02 5.49e+02 5.42e+02 5.36e+02 5.29e+02 5.23e+02 5.17e+02 5.11e+02 5.05e+02 4.99e+02 4.93e+02 4.87e+02 4.81e+02 4.76e+02 4.70e+02 4.65e+02 4.59e+02 4.54e+02 4.49e+02 4.44e+02 4.39e+02 4.34e+02 4.29e+02 4.24e+02 4.19e+02 4.14e+02 4.10e+02 4.05e+02 4.00e+02 3.96e+02 3.92e+02 3.87e+02 3.83e+02 3.79e+02 3.75e+02 3.70e+02 3.66e+02 3.62e+02 3.58e+02 3.55e+02 3.51e+02 3.47e+02 3.43e+02 3.40e+02 3.36e+02 3.32e+02 3.29e+02 3.25e+02 3.22e+02 3.18e+02 3.15e+02 3.12e+02 3.09e+02 3.05e+02 3.02e+02 2.99e+02 2.96e+02 2.93e+02 2.90e+02 2.87e+02 2.84e+02 2.81e+02 2.78e+02 2.75e+02 2.73e+02 2.70e+02 2.67e+02 2.64e+02 2.62e+02 2.59e+02 2.56e+02 2.54e+02 2.51e+02 2.49e+02 2.46e+02 2.44e+02 2.42e+02 2.39e+02 2.37e+02 2.34e+02 2.32e+02 2.28e+02 2.19e+02 2.03e+02 1.74e+02 1.30e+02 7.39e+01 3.07e+01 2.05e+01 2.00e+01 2.00e+01 2.00e+01 2.00e+01 2.00e+01 
 7.40834527102205e-10   1.41e+03 1.41e+03 1.41e+03 1.41e+03 1.41e+03 1.41e+03 1.41e+03 1.41e+03 1.41e+03 1.41e+03 1.41e+03 1.41e+03 1.41e+03 1.41e+03 1.41e+03 1.41e+03 1.41e+03 1.41e+03 1.41e+03 1.41e+03 1.41e+03 1.41e+03 1.41e+03 1.41e+03 1.41e+03 1.41e+03 1.41e+03 1.41e+03 1.41e+03 1.40e+03 1.39e+03 1.38e+03 1.38e+03 1.37e+03 1.36e+03 1.35e+03 1.34e+03 1.33e+03 1.32e+03 1.31e+03 1.30e+03 1.29e+03 1.28e+03 1.27e+03 1.26e+03 1.25e+03 1.24e+03 1.23e+03 1.22e+03 1.21e+03 1.20e+03 1.19e+03 1.18e+03 1.16e+03 1.15e+03 1.14e+03 1.13e+03 1.12e+03 1.11e+03 1.10e+03 1.09e+03 1.08e+03 1.07e+03 1.06e+03 1.05e+03 1.04e+03 1.03e+03 1.02e+03 1.01e+03 9.98e+02 9.88e+02 9.77e+02 9.67e+02 9.57e+02 9.46e+02 9.36e+02 9.26e+02 9.16e+02 9.06e+02 8.96e+02 8.86e+02 8.76e+02 8.66e+02 8.56e+02 8.47e+02 8.37e+02 8.27e+02 8.18e+02 8.08e+02 7.99e+02 7.89e+02 7.80e+02 7.71e+02 7.62e+02 7.53e+02 7.44e+02 7.35e+02 7.26e+02 7.17e+02 7.09e+02 7.00e+02 6.92e+02 6.84e+02 6.75e+02 6.67e+02 6.59e+02 6.51e+02 6.43e+02 6.36e+02 6.28e+02 6.20e+02 6.13e+02 6.05e+02 5.98e+02 5.91e+02 5.84e+02 5.77e+02 5.70e+02 5.63e+02 5.56e+02 5.50e+02 5.43e+02 5.37e+02 5.30e+02 5.24e+02 5.18e+02 5.12e+02 5.06e+02 5.00e+02 4.94e+02 4.88e+02 4.82e+02 4.77e+02 4.71e+02 4.66e+02 4.60e+02 4.55e+02 4.50e+02 4.45e+02 4.40e+02 4.35e+02 4.30e+02 4.25e+02 4.20e+02 4.15e+02 4.11e+02 4.06e+02 4.02e+02 3.97e+02 3.93e+02 3.88e+02 3.84e+02 3.80e+02 3.76e+02 3.72e+02 3.68e+02 3.64e+02 3.60e+02 3.56e+02 3.52e+02 3.48e+02 3.44e+02 3.41e+02 3.37e+02 3.34e+02 3.30e+02 3.27e+02 3.23e+02 3.20e+02 3.16e+02 3.13e+02 3.10e+02 3.07e+02 3.03e+02 3.00e+02 2.97e+02 2.94e+02 2.91e+02 2.88e+02 2.85e+02 2.82e+02 2.79e+02 2.77e+02 2.74e+02 2.71e+02 2.68e+02 2.66e+02 2.63e+02 2.60e+02 2.58e+02 2.55e+02 2.53e+02 2.50e+02 2.48e+02 2.45e+02 2.43e+02 2.40e+02 2.38e+02 2.36e+02 2.33e+02 2.29e+02 2.20e+02 2.04e+02 1.75e+02 1.31e+02 7.47e+01 3.09e+01 2.05e+01 2.00e+01 2.00e+01 2.00e+01 2.00e+01 2.00e+01 
 7.50848550853209e-10   1.41e+03 1.41e+03 1.41e+03 1.41e+03 1.41e+03 1.41e+03 1.41e+03 1.41e+03 1.41e+03 1.41e+03 1.41e+03 1.41e+03 1.41e+03 1.41e+03 1.41e+03 1.41e+03 1.41e+03 1.41e+03 1.41e+03 1.41e+03 1.41e+03 1.41e+03 1.41e+03 1.41e+03 1.41e+03 1.41e+03 1.41e+03 1.41e+03 1.41e+03 1.40e+03 1.39e+03 1.38e+03 1.37e+03 1.36e+03 1.35e+03 1.35e+03 1.34e+03 1.33e+03 1.32e+03 1.31e+03 1.30e+03 1.29e+03 1.28e+03 1.27e+03 1.26e+03 1.25e+03 1.24e+03 1.23e+03 1.22e+03 1.21e+03 1.19e+03 1.18e+03 1.17e+03 1.16e+03 1.15e+03 1.14e+03 1.13e+03 1.12e+03 1.11e+03 1.10e+03 1.09e+03 1.08e+03 1.07e+03 1.06e+03 1.05e+03 1.04e+03 1.03e+03 1.02e+03 1.01e+03 9.97e+02 9.87e+02 9.77e+02 9.66e+02 9.56e+02 9.46e+02 9.36e+02 9.26e+02 9.16e+02 9.06e+02 8.96e+02 8.86e+02 8.76e+02 8.66e+02 8.56e+02 8.46e+02 8.37e+02 8.27e+02 8.18e+02 8.08e+02 7.99e+02 7.89e+02 7.80e+02 7.71e+02 7.62e+02 7.53e+02 7.44e+02 7.35e+02 7.26e+02 7.18e+02 7.09e+02 7.01e+02 6.92e+02 6.84e+02 6.76e+02 6.68e+02 6.60e+02 6.52e+02 6.44e+02 6.36e+02 6.28e+02 6.21e+02 6.13e+02 6.06e+02 5.99e+02 5.92e+02 5.85e+02 5.78e+02 5.71e+02 5.64e+02 5.57e+02 5.51e+02 5.44e+02 5.38e+02 5.31e+02 5.25e+02 5.19e+02 5.13e+02 5.07e+02 5.01e+02 4.95e+02 4.89e+02 4.83e+02 4.78e+02 4.72e+02 4.67e+02 4.61e+02 4.56e+02 4.51e+02 4.46e+02 4.41e+02 4.36e+02 4.31e+02 4.26e+02 4.21e+02 4.16e+02 4.12e+02 4.07e+02 4.03e+02 3.98e+02 3.94e+02 3.90e+02 3.85e+02 3.81e+02 3.77e+02 3.73e+02 3.69e+02 3.65e+02 3.61e+02 3.57e+02 3.53e+02 3.49e+02 3.46e+02 3.42e+02 3.38e+02 3.35e+02 3.31e+02 3.28e+02 3.24e+02 3.21e+02 3.18e+02 3.14e+02 3.11e+02 3.08e+02 3.05e+02 3.01e+02 2.98e+02 2.95e+02 2.92e+02 2.89e+02 2.86e+02 2.83e+02 2.81e+02 2.78e+02 2.75e+02 2.72e+02 2.69e+02 2.67e+02 2.64e+02 2.61e+02 2.59e+02 2.56e+02 2.54e+02 2.51e+02 2.49e+02 2.46e+02 2.44e+02 2.42e+02 2.39e+02 2.37e+02 2.35e+02 2.30e+02 2.21e+02 2.05e+02 1.76e+02 1.32e+02 7.54e+01 3.12e+01 2.05e+01 2.00e+01 2.00e+01 2.00e+01 2.00e+01 2.00e+01 
 7.60868689854857e-10   1.41e+03 1.41e+03 1.41e+03 1.41e+03 1.41e+03 1.41e+03 1.41e+03 1.41e+03 1.41e+03 1.41e+03 1.41e+03 1.41e+03 1.41e+03 1.41e+03 1.41e+03 1.41e+03 1.41e+03 1.41e+03 1.41e+03 1.41e+03 1.41e+03 1.41e+03 1.41e+03 1.41e+03 1.41e+03 1.41e+03 1.41e+03 1.41e+03 1.41e+03 1.40e+03 1.39e+03 1.38e+03 1.37e+03 1.36e+03 1.35e+03 1.34e+03 1.33e+03 1.32e+03 1.31e+03 1.30e+03 1.29e+03 1.28e+03 1.27e+03 1.26e+03 1.25e+03 1.24e+03 1.23e+03 1.22e+03 1.21e+03 1.20e+03 1.19e+03 1.18e+03 1.17e+03 1.16e+03 1.15e+03 1.14e+03 1.13e+03 1.12e+03 1.11e+03 1.10e+03 1.09e+03 1.08e+03 1.07e+03 1.06e+03 1.05e+03 1.04e+03 1.03e+03 1.02e+03 1.01e+03 9.97e+02 9.86e+02 9.76e+02 9.66e+02 9.56e+02 9.46e+02 9.35e+02 9.25e+02 9.15e+02 9.05e+02 8.95e+02 8.85e+02 8.75e+02 8.66e+02 8.56e+02 8.46e+02 8.37e+02 8.27e+02 8.18e+02 8.08e+02 7.99e+02 7.89e+02 7.80e+02 7.71e+02 7.62e+02 7.53e+02 7.44e+02 7.35e+02 7.27e+02 7.18e+02 7.10e+02 7.01e+02 6.93e+02 6.84e+02 6.76e+02 6.68e+02 6.60e+02 6.52e+02 6.44e+02 6.37e+02 6.29e+02 6.22e+02 6.14e+02 6.07e+02 6.00e+02 5.92e+02 5.85e+02 5.78e+02 5.71e+02 5.65e+02 5.58e+02 5.51e+02 5.45e+02 5.38e+02 5.32e+02 5.26e+02 5.20e+02 5.14e+02 5.08e+02 5.02e+02 4.96e+02 4.90e+02 4.84e+02 4.79e+02 4.73e+02 4.68e+02 4.63e+02 4.57e+02 4.52e+02 4.47e+02 4.42e+02 4.37e+02 4.32e+02 4.27e+02 4.22e+02 4.18e+02 4.13e+02 4.08e+02 4.04e+02 3.99e+02 3.95e+02 3.91e+02 3.86e+02 3.82e+02 3.78e+02 3.74e+02 3.70e+02 3.66e+02 3.62e+02 3.58e+02 3.54e+02 3.51e+02 3.47e+02 3.43e+02 3.40e+02 3.36e+02 3.32e+02 3.29e+02 3.25e+02 3.22e+02 3.19e+02 3.15e+02 3.12e+02 3.09e+02 3.06e+02 3.03e+02 3.00e+02 2.96e+02 2.93e+02 2.90e+02 2.88e+02 2.85e+02 2.82e+02 2.79e+02 2.76e+02 2.73e+02 2.71e+02 2.68e+02 2.65e+02 2.63e+02 2.60e+02 2.57e+02 2.55e+02 2.52e+02 2.50e+02 2.48e+02 2.45e+02 2.43e+02 2.40e+02 2.38e+02 2.36e+02 2.31e+02 2.22e+02 2.06e+02 1.77e+02 1.32e+02 7.62e+01 3.15e+01 2.05e+01 2.00e+01 2.00e+01 2.00e+01 2.00e+01 2.00e+01 
 7.70871403428728e-10   1.41e+03 1.41e+03 1.41e+03 1.41e+03 1.41e+03 1.41e+03 1.41e+03 1.41e+03 1.41e+03 1.41e+03 1.41e+03 1.41e+03 1.41e+03 1.41e+03 1.41e+03 1.41e+03 1.41e+03 1.41e+03 1.41e+03 1.41e+03 1.41e+03 1.41e+03 1.41e+03 1.41e+03 1.41e+03 1.41e+03 1.41e+03 1.41e+03 1.41e+03 1.40e+03 1.39e+03 1.38e+03 1.37e+03 1.36e+03 1.35e+03 1.34e+03 1.33e+03 1.32e+03 1.31e+03 1.30e+03 1.29e+03 1.28e+03 1.27e+03 1.26e+03 1.25e+03 1.24e+03 1.23e+03 1.22e+03 1.21e+03 1.20e+03 1.19e+03 1.18e+03 1.17e+03 1.16e+03 1.15e+03 1.14e+03 1.13e+03 1.12e+03 1.11e+03 1.10e+03 1.09e+03 1.08e+03 1.07e+03 1.06e+03 1.05e+03 1.04e+03 1.03e+03 1.02e+03 1.01e+03 9.96e+02 9.86e+02 9.76e+02 9.65e+02 9.55e+02 9.45e+02 9.35e+02 9.25e+02 9.15e+02 9.05e+02 8.95e+02 8.85e+02 8.75e+02 8.65e+02 8.56e+02 8.46e+02 8.37e+02 8.27e+02 8.18e+02 8.08e+02 7.99e+02 7.90e+02 7.80e+02 7.71e+02 7.62e+02 7.53e+02 7.44e+02 7.36e+02 7.27e+02 7.18e+02 7.10e+02 7.01e+02 6.93e+02 6.85e+02 6.77e+02 6.69e+02 6.61e+02 6.53e+02 6.45e+02 6.37e+02 6.30e+02 6.22e+02 6.15e+02 6.07e+02 6.00e+02 5.93e+02 5.86e+02 5.79e+02 5.72e+02 5.65e+02 5.59e+02 5.52e+02 5.46e+02 5.39e+02 5.33e+02 5.27e+02 5.21e+02 5.15e+02 5.09e+02 5.03e+02 4.97e+02 4.91e+02 4.85e+02 4.80e+02 4.74e+02 4.69e+02 4.64e+02 4.58e+02 4.53e+02 4.48e+02 4.43e+02 4.38e+02 4.33e+02 4.28e+02 4.23e+02 4.19e+02 4.14e+02 4.10e+02 4.05e+02 4.01e+02 3.96e+02 3.92e+02 3.88e+02 3.83e+02 3.79e+02 3.75e+02 3.71e+02 3.67e+02 3.63e+02 3.59e+02 3.55e+02 3.52e+02 3.48e+02 3.44e+02 3.41e+02 3.37e+02 3.34e+02 3.30e+02 3.27e+02 3.23e+02 3.20e+02 3.17e+02 3.13e+02 3.10e+02 3.07e+02 3.04e+02 3.01e+02 2.98e+02 2.95e+02 2.92e+02 2.89e+02 2.86e+02 2.83e+02 2.80e+02 2.77e+02 2.75e+02 2.72e+02 2.69e+02 2.66e+02 2.64e+02 2.61e+02 2.59e+02 2.56e+02 2.54e+02 2.51e+02 2.49e+02 2.46e+02 2.44e+02 2.41e+02 2.39e+02 2.37e+02 2.32e+02 2.24e+02 2.07e+02 1.78e+02 1.33e+02 7.69e+01 3.18e+01 2.05e+01 2.00e+01 2.00e+01 2.00e+01 2.00e+01 2.00e+01 
 7.80880099093460e-10   1.41e+03 1.41e+03 1.41e+03 1.41e+03 1.41e+03 1.41e+03 1.41e+03 1.41e+03 1.41e+03 1.41e+03 1.41e+03 1.41e+03 1.41e+03 1.41e+03 1.41e+03 1.41e+03 1.41e+03 1.41e+03 1.41e+03 1.41e+03 1.41e+03 1.41e+03 1.41e+03 1.41e+03 1.41e+03 1.41e+03 1.41e+03 1.41e+03 1.41e+03 1.40e+03 1.39e+03 1.38e+03 1.37e+03 1.36e+03 1.35e+03 1.34e+03 1.33e+03 1.32e+03 1.31e+03 1.30e+03 1.29e+03 1.28e+03 1.27e+03 1.26e+03 1.25e+03 1.24e+03 1.23e+03 1.22e+03 1.21e+03 1.20e+03 1.19e+03 1.18e+03 1.17e+03 1.16e+03 1.15e+03 1.14e+03 1.13e+03 1.12e+03 1.11e+03 1.10e+03 1.09e+03 1.08e+03 1.07e+03 1.06e+03 1.05e+03 1.04e+03 1.03e+03 1.02e+03 1.01e+03 9.96e+02 9.85e+02 9.75e+02 9.65e+02 9.55e+02 9.45e+02 9.35e+02 9.25e+02 9.15e+02 9.05e+02 8.95e+02 8.85e+02 8.75e+02 8.65e+02 8.56e+02 8.46e+02 8.36e+02 8.27e+02 8.18e+02 8.08e+02 7.99e+02 7.90e+02 7.81e+02 7.71e+02 7.62e+02 7.54e+02 7.45e+02 7.36e+02 7.27e+02 7.19e+02 7.10e+02 7.02e+02 6.94e+02 6.85e+02 6.77e+02 6.69e+02 6.61e+02 6.53e+02 6.46e+02 6.38e+02 6.30e+02 6.23e+02 6.15e+02 6.08e+02 6.01e+02 5.94e+02 5.87e+02 5.80e+02 5.73e+02 5.66e+02 5.60e+02 5.53e+02 5.47e+02 5.40e+02 5.34e+02 5.28e+02 5.21e+02 5.15e+02 5.09e+02 5.04e+02 4.98e+02 4.92e+02 4.86e+02 4.81e+02 4.75e+02 4.70e+02 4.65e+02 4.59e+02 4.54e+02 4.49e+02 4.44e+02 4.39e+02 4.34e+02 4.29e+02 4.25e+02 4.20e+02 4.15e+02 4.11e+02 4.06e+02 4.02e+02 3.97e+02 3.93e+02 3.89e+02 3.85e+02 3.80e+02 3.76e+02 3.72e+02 3.68e+02 3.64e+02 3.60e+02 3.57e+02 3.53e+02 3.49e+02 3.45e+02 3.42e+02 3.38e+02 3.35e+02 3.31e+02 3.28e+02 3.24e+02 3.21e+02 3.18e+02 3.15e+02 3.11e+02 3.08e+02 3.05e+02 3.02e+02 2.99e+02 2.96e+02 2.93e+02 2.90e+02 2.87e+02 2.84e+02 2.81e+02 2.78e+02 2.76e+02 2.73e+02 2.70e+02 2.68e+02 2.65e+02 2.62e+02 2.60e+02 2.57e+02 2.55e+02 2.52e+02 2.50e+02 2.47e+02 2.45e+02 2.43e+02 2.40e+02 2.38e+02 2.33e+02 2.25e+02 2.08e+02 1.79e+02 1.34e+02 7.77e+01 3.21e+01 2.06e+01 2.00e+01 2.00e+01 2.00e+01 2.00e+01 2.00e+01 
 7.90894726072844e-10   1.41e+03 1.41e+03 1.41e+03 1.41e+03 1.41e+03 1.41e+03 1.41e+03 1.41e+03 1.41e+03 1.41e+03 1.41e+03 1.41e+03 1.41e+03 1.41e+03 1.41e+03 1.41e+03 1.41e+03 1.41e+03 1.41e+03 1.41e+03 1.41e+03 1.41e+03 1.41e+03 1.41e+03 1.41e+03 1.41e+03 1.41e+03 1.41e+03 1.41e+03 1.40e+03 1.39e+03 1.38e+03 1.37e+03 1.36e+03 1.35e+03 1.34e+03 1.33e+03 1.32e+03 1.31e+03 1.30e+03 1.29e+03 1.28e+03 1.27e+03 1.26e+03 1.25e+03 1.24e+03 1.23e+03 1.22e+03 1.21e+03 1.20e+03 1.19e+03 1.18e+03 1.17e+03 1.16e+03 1.15e+03 1.14e+03 1.13e+03 1.12e+03 1.11e+03 1.10e+03 1.09e+03 1.08e+03 1.07e+03 1.06e+03 1.05e+03 1.04e+03 1.03e+03 1.02e+03 1.01e+03 9.95e+02 9.85e+02 9.75e+02 9.64e+02 9.54e+02 9.44e+02 9.34e+02 9.24e+02 9.14e+02 9.04e+02 8.94e+02 8.85e+02 8.75e+02 8.65e+02 8.56e+02 8.46e+02 8.36e+02 8.27e+02 8.18e+02 8.08e+02 7.99e+02 7.90e+02 7.81e+02 7.72e+02 7.63e+02 7.54e+02 7.45e+02 7.36e+02 7.28e+02 7.19e+02 7.11e+02 7.02e+02 6.94e+02 6.86e+02 6.78e+02 6.70e+02 6.62e+02 6.54e+02 6.46e+02 6.39e+02 6.31e+02 6.24e+02 6.16e+02 6.09e+02 6.02e+02 5.95e+02 5.88e+02 5.81e+02 5.74e+02 5.67e+02 5.60e+02 5.54e+02 5.47e+02 5.41e+02 5.35e+02 5.29e+02 5.22e+02 5.16e+02 5.10e+02 5.05e+02 4.99e+02 4.93e+02 4.87e+02 4.82e+02 4.76e+02 4.71e+02 4.66e+02 4.60e+02 4.55e+02 4.50e+02 4.45e+02 4.40e+02 4.35e+02 4.30e+02 4.26e+02 4.21e+02 4.16e+02 4.12e+02 4.07e+02 4.03e+02 3.98e+02 3.94e+02 3.90e+02 3.86e+02 3.81e+02 3.77e+02 3.73e+02 3.69e+02 3.65e+02 3.62e+02 3.58e+02 3.54e+02 3.50e+02 3.47e+02 3.43e+02 3.39e+02 3.36e+02 3.32e+02 3.29e+02 3.26e+02 3.22e+02 3.19e+02 3.16e+02 3.12e+02 3.09e+02 3.06e+02 3.03e+02 3.00e+02 2.97e+02 2.94e+02 2.91e+02 2.88e+02 2.85e+02 2.82e+02 2.80e+02 2.77e+02 2.74e+02 2.71e+02 2.69e+02 2.66e+02 2.64e+02 2.61e+02 2.58e+02 2.56e+02 2.53e+02 2.51e+02 2.49e+02 2.46e+02 2.44e+02 2.41e+02 2.39e+02 2.35e+02 2.26e+02 2.09e+02 1.80e+02 1.35e+02 7.84e+01 3.24e+01 2.06e+01 2.00e+01 2.00e+01 2.00e+01 2.00e+01 2.00e+01 
 8.00915234517679e-10   1.41e+03 1.41e+03 1.41e+03 1.41e+03 1.41e+03 1.41e+03 1.41e+03 1.41e+03 1.41e+03 1.41e+03 1.41e+03 1.41e+03 1.41e+03 1.41e+03 1.41e+03 1.41e+03 1.41e+03 1.41e+03 1.41e+03 1.41e+03 1.41e+03 1.41e+03 1.41e+03 1.41e+03 1.41e+03 1.41e+03 1.41e+03 1.41e+03 1.41e+03 1.40e+03 1.39e+03 1.38e+03 1.37e+03 1.36e+03 1.35e+03 1.34e+03 1.33e+03 1.32e+03 1.31e+03 1.30e+03 1.29e+03 1.28e+03 1.27e+03 1.26e+03 1.25e+03 1.24e+03 1.23e+03 1.22e+03 1.21e+03 1.20e+03 1.19e+03 1.18e+03 1.17e+03 1.16e+03 1.15e+03 1.14e+03 1.13e+03 1.12e+03 1.11e+03 1.10e+03 1.09e+03 1.08e+03 1.07e+03 1.06e+03 1.05e+03 1.04e+03 1.03e+03 1.01e+03 1.00e+03 9.94e+02 9.84e+02 9.74e+02 9.64e+02 9.54e+02 9.44e+02 9.34e+02 9.24e+02 9.14e+02 9.04e+02 8.94e+02 8.84e+02 8.75e+02 8.65e+02 8.55e+02 8.46e+02 8.36e+02 8.27e+02 8.18e+02 8.08e+02 7.99e+02 7.90e+02 7.81e+02 7.72e+02 7.63e+02 7.54e+02 7.45e+02 7.37e+02 7.28e+02 7.19e+02 7.11e+02 7.03e+02 6.94e+02 6.86e+02 6.78e+02 6.70e+02 6.62e+02 6.54e+02 6.47e+02 6.39e+02 6.32e+02 6.24e+02 6.17e+02 6.10e+02 6.02e+02 5.95e+02 5.88e+02 5.81e+02 5.75e+02 5.68e+02 5.61e+02 5.55e+02 5.48e+02 5.42e+02 5.36e+02 5.29e+02 5.23e+02 5.17e+02 5.11e+02 5.05e+02 5.00e+02 4.94e+02 4.88e+02 4.83e+02 4.77e+02 4.72e+02 4.67e+02 4.61e+02 4.56e+02 4.51e+02 4.46e+02 4.41e+02 4.36e+02 4.31e+02 4.27e+02 4.22e+02 4.17e+02 4.13e+02 4.08e+02 4.04e+02 4.00e+02 3.95e+02 3.91e+02 3.87e+02 3.83e+02 3.79e+02 3.75e+02 3.71e+02 3.67e+02 3.63e+02 3.59e+02 3.55e+02 3.51e+02 3.48e+02 3.44e+02 3.41e+02 3.37e+02 3.34e+02 3.30e+02 3.27e+02 3.23e+02 3.20e+02 3.17e+02 3.14e+02 3.10e+02 3.07e+02 3.04e+02 3.01e+02 2.98e+02 2.95e+02 2.92e+02 2.89e+02 2.86e+02 2.84e+02 2.81e+02 2.78e+02 2.75e+02 2.73e+02 2.70e+02 2.67e+02 2.65e+02 2.62e+02 2.60e+02 2.57e+02 2.55e+02 2.52e+02 2.50e+02 2.47e+02 2.45e+02 2.43e+02 2.40e+02 2.36e+02 2.27e+02 2.10e+02 1.82e+02 1.36e+02 7.91e+01 3.27e+01 2.06e+01 2.00e+01 2.00e+01 2.00e+01 2.00e+01 2.00e+01 
 8.10918032679845e-10   1.41e+03 1.41e+03 1.41e+03 1.41e+03 1.41e+03 1.41e+03 1.41e+03 1.41e+03 1.41e+03 1.41e+03 1.41e+03 1.41e+03 1.41e+03 1.41e+03 1.41e+03 1.41e+03 1.41e+03 1.41e+03 1.41e+03 1.41e+03 1.41e+03 1.41e+03 1.41e+03 1.41e+03 1.41e+03 1.41e+03 1.41e+03 1.41e+03 1.40e+03 1.39e+03 1.39e+03 1.38e+03 1.37e+03 1.36e+03 1.35e+03 1.34e+03 1.33e+03 1.32e+03 1.31e+03 1.30e+03 1.29e+03 1.28e+03 1.27e+03 1.26e+03 1.25e+03 1.24e+03 1.23e+03 1.22e+03 1.21e+03 1.20e+03 1.19e+03 1.18e+03 1.17e+03 1.16e+03 1.15e+03 1.14e+03 1.13e+03 1.12e+03 1.11e+03 1.10e+03 1.09e+03 1.08e+03 1.07e+03 1.06e+03 1.04e+03 1.03e+03 1.02e+03 1.01e+03 1.00e+03 9.94e+02 9.84e+02 9.74e+02 9.64e+02 9.53e+02 9.43e+02 9.33e+02 9.24e+02 9.14e+02 9.04e+02 8.94e+02 8.84e+02 8.75e+02 8.65e+02 8.55e+02 8.46e+02 8.36e+02 8.27e+02 8.18e+02 8.08e+02 7.99e+02 7.90e+02 7.81e+02 7.72e+02 7.63e+02 7.54e+02 7.46e+02 7.37e+02 7.28e+02 7.20e+02 7.11e+02 7.03e+02 6.95e+02 6.87e+02 6.79e+02 6.71e+02 6.63e+02 6.55e+02 6.47e+02 6.40e+02 6.32e+02 6.25e+02 6.17e+02 6.10e+02 6.03e+02 5.96e+02 5.89e+02 5.82e+02 5.75e+02 5.69e+02 5.62e+02 5.56e+02 5.49e+02 5.43e+02 5.37e+02 5.30e+02 5.24e+02 5.18e+02 5.12e+02 5.06e+02 5.01e+02 4.95e+02 4.89e+02 4.84e+02 4.78e+02 4.73e+02 4.68e+02 4.62e+02 4.57e+02 4.52e+02 4.47e+02 4.42e+02 4.37e+02 4.33e+02 4.28e+02 4.23e+02 4.18e+02 4.14e+02 4.09e+02 4.05e+02 4.01e+02 3.96e+02 3.92e+02 3.88e+02 3.84e+02 3.80e+02 3.76e+02 3.72e+02 3.68e+02 3.64e+02 3.60e+02 3.56e+02 3.53e+02 3.49e+02 3.45e+02 3.42e+02 3.38e+02 3.35e+02 3.31e+02 3.28e+02 3.25e+02 3.21e+02 3.18e+02 3.15e+02 3.12e+02 3.08e+02 3.05e+02 3.02e+02 2.99e+02 2.96e+02 2.93e+02 2.90e+02 2.88e+02 2.85e+02 2.82e+02 2.79e+02 2.76e+02 2.74e+02 2.71e+02 2.68e+02 2.66e+02 2.63e+02 2.61e+02 2.58e+02 2.56e+02 2.53e+02 2.51e+02 2.48e+02 2.46e+02 2.44e+02 2.41e+02 2.37e+02 2.28e+02 2.12e+02 1.83e+02 1.37e+02 7.99e+01 3.30e+01 2.06e+01 2.00e+01 2.00e+01 2.00e+01 2.00e+01 2.00e+01 
 8.20926588287080e-10   1.41e+03 1.41e+03 1.41e+03 1.41e+03 1.41e+03 1.41e+03 1.41e+03 1.41e+03 1.41e+03 1.41e+03 1.41e+03 1.41e+03 1.41e+03 1.41e+03 1.41e+03 1.41e+03 1.41e+03 1.41e+03 1.41e+03 1.41e+03 1.41e+03 1.41e+03 1.41e+03 1.41e+03 1.41e+03 1.41e+03 1.41e+03 1.41e+03 1.40e+03 1.39e+03 1.38e+03 1.37e+03 1.37e+03 1.36e+03 1.35e+03 1.34e+03 1.33e+03 1.32e+03 1.31e+03 1.30e+03 1.29e+03 1.28e+03 1.27e+03 1.26e+03 1.25e+03 1.24e+03 1.23e+03 1.22e+03 1.21e+03 1.20e+03 1.19e+03 1.18e+03 1.17e+03 1.16e+03 1.15e+03 1.14e+03 1.13e+03 1.12e+03 1.11e+03 1.10e+03 1.09e+03 1.08e+03 1.06e+03 1.05e+03 1.04e+03 1.03e+03 1.02e+03 1.01e+03 1.00e+03 9.93e+02 9.83e+02 9.73e+02 9.63e+02 9.53e+02 9.43e+02 9.33e+02 9.23e+02 9.13e+02 9.04e+02 8.94e+02 8.84e+02 8.74e+02 8.65e+02 8.55e+02 8.46e+02 8.36e+02 8.27e+02 8.18e+02 8.08e+02 7.99e+02 7.90e+02 7.81e+02 7.72e+02 7.63e+02 7.54e+02 7.46e+02 7.37e+02 7.29e+02 7.20e+02 7.12e+02 7.03e+02 6.95e+02 6.87e+02 6.79e+02 6.71e+02 6.63e+02 6.56e+02 6.48e+02 6.40e+02 6.33e+02 6.25e+02 6.18e+02 6.11e+02 6.04e+02 5.97e+02 5.90e+02 5.83e+02 5.76e+02 5.69e+02 5.63e+02 5.56e+02 5.50e+02 5.44e+02 5.37e+02 5.31e+02 5.25e+02 5.19e+02 5.13e+02 5.07e+02 5.02e+02 4.96e+02 4.90e+02 4.85e+02 4.79e+02 4.74e+02 4.69e+02 4.63e+02 4.58e+02 4.53e+02 4.48e+02 4.43e+02 4.38e+02 4.34e+02 4.29e+02 4.24e+02 4.20e+02 4.15e+02 4.11e+02 4.06e+02 4.02e+02 3.97e+02 3.93e+02 3.89e+02 3.85e+02 3.81e+02 3.77e+02 3.73e+02 3.69e+02 3.65e+02 3.61e+02 3.57e+02 3.54e+02 3.50e+02 3.46e+02 3.43e+02 3.39e+02 3.36e+02 3.32e+02 3.29e+02 3.26e+02 3.22e+02 3.19e+02 3.16e+02 3.13e+02 3.10e+02 3.07e+02 3.03e+02 3.00e+02 2.97e+02 2.95e+02 2.92e+02 2.89e+02 2.86e+02 2.83e+02 2.80e+02 2.78e+02 2.75e+02 2.72e+02 2.70e+02 2.67e+02 2.64e+02 2.62e+02 2.59e+02 2.57e+02 2.54e+02 2.52e+02 2.50e+02 2.47e+02 2.45e+02 2.42e+02 2.38e+02 2.29e+02 2.13e+02 1.84e+02 1.38e+02 8.06e+01 3.33e+01 2.07e+01 2.00e+01 2.00e+01 2.00e+01 2.00e+01 2.00e+01 
 8.30940854468004e-10   1.41e+03 1.41e+03 1.41e+03 1.41e+03 1.41e+03 1.41e+03 1.41e+03 1.41e+03 1.41e+03 1.41e+03 1.41e+03 1.41e+03 1.41e+03 1.41e+03 1.41e+03 1.41e+03 1.41e+03 1.41e+03 1.41e+03 1.41e+03 1.41e+03 1.41e+03 1.41e+03 1.41e+03 1.41e+03 1.41e+03 1.41e+03 1.41e+03 1.40e+03 1.39e+03 1.38e+03 1.37e+03 1.36e+03 1.36e+03 1.35e+03 1.34e+03 1.33e+03 1.32e+03 1.31e+03 1.30e+03 1.29e+03 1.28e+03 1.27e+03 1.26e+03 1.25e+03 1.24e+03 1.23e+03 1.22e+03 1.21e+03 1.20e+03 1.19e+03 1.18e+03 1.17e+03 1.16e+03 1.15e+03 1.14e+03 1.13e+03 1.12e+03 1.11e+03 1.09e+03 1.08e+03 1.07e+03 1.06e+03 1.05e+03 1.04e+03 1.03e+03 1.02e+03 1.01e+03 1.00e+03 9.93e+02 9.83e+02 9.73e+02 9.63e+02 9.53e+02 9.43e+02 9.33e+02 9.23e+02 9.13e+02 9.03e+02 8.94e+02 8.84e+02 8.74e+02 8.65e+02 8.55e+02 8.46e+02 8.36e+02 8.27e+02 8.18e+02 8.08e+02 7.99e+02 7.90e+02 7.81e+02 7.72e+02 7.63e+02 7.55e+02 7.46e+02 7.37e+02 7.29e+02 7.21e+02 7.12e+02 7.04e+02 6.96e+02 6.88e+02 6.80e+02 6.72e+02 6.64e+02 6.56e+02 6.49e+02 6.41e+02 6.33e+02 6.26e+02 6.19e+02 6.12e+02 6.05e+02 5.97e+02 5.91e+02 5.84e+02 5.77e+02 5.70e+02 5.64e+02 5.57e+02 5.51e+02 5.44e+02 5.38e+02 5.32e+02 5.26e+02 5.20e+02 5.14e+02 5.08e+02 5.03e+02 4.97e+02 4.91e+02 4.86e+02 4.80e+02 4.75e+02 4.70e+02 4.64e+02 4.59e+02 4.54e+02 4.49e+02 4.44e+02 4.39e+02 4.35e+02 4.30e+02 4.25e+02 4.21e+02 4.16e+02 4.12e+02 4.07e+02 4.03e+02 3.99e+02 3.94e+02 3.90e+02 3.86e+02 3.82e+02 3.78e+02 3.74e+02 3.70e+02 3.66e+02 3.62e+02 3.59e+02 3.55e+02 3.51e+02 3.48e+02 3.44e+02 3.40e+02 3.37e+02 3.34e+02 3.30e+02 3.27e+02 3.24e+02 3.20e+02 3.17e+02 3.14e+02 3.11e+02 3.08e+02 3.05e+02 3.02e+02 2.99e+02 2.96e+02 2.93e+02 2.90e+02 2.87e+02 2.84e+02 2.81e+02 2.79e+02 2.76e+02 2.73e+02 2.71e+02 2.68e+02 2.66e+02 2.63e+02 2.60e+02 2.58e+02 2.55e+02 2.53e+02 2.51e+02 2.48e+02 2.46e+02 2.44e+02 2.39e+02 2.30e+02 2.14e+02 1.85e+02 1.39e+02 8.13e+01 3.36e+01 2.07e+01 2.00e+01 2.00e+01 2.00e+01 2.00e+01 2.00e+01 
 8.40960785184326e-10   1.41e+03 1.41e+03 1.41e+03 1.41e+03 1.41e+03 1.41e+03 1.41e+03 1.41e+03 1.41e+03 1.41e+03 1.41e+03 1.41e+03 1.41e+03 1.41e+03 1.41e+03 1.41e+03 1.41e+03 1.41e+03 1.41e+03 1.41e+03 1.41e+03 1.41e+03 1.41e+03 1.41e+03 1.41e+03 1.41e+03 1.41e+03 1.41e+03 1.40e+03 1.39e+03 1.38e+03 1.37e+03 1.36e+03 1.35e+03 1.34e+03 1.33e+03 1.33e+03 1.32e+03 1.31e+03 1.30e+03 1.29e+03 1.28e+03 1.27e+03 1.26e+03 1.25e+03 1.24e+03 1.23e+03 1.22e+03 1.21e+03 1.20e+03 1.19e+03 1.18e+03 1.17e+03 1.16e+03 1.15e+03 1.13e+03 1.12e+03 1.11e+03 1.10e+03 1.09e+03 1.08e+03 1.07e+03 1.06e+03 1.05e+03 1.04e+03 1.03e+03 1.02e+03 1.01e+03 1.00e+03 9.92e+02 9.82e+02 9.72e+02 9.62e+02 9.52e+02 9.42e+02 9.32e+02 9.23e+02 9.13e+02 9.03e+02 8.93e+02 8.84e+02 8.74e+02 8.65e+02 8.55e+02 8.46e+02 8.36e+02 8.27e+02 8.18e+02 8.09e+02 7.99e+02 7.90e+02 7.81e+02 7.73e+02 7.64e+02 7.55e+02 7.46e+02 7.38e+02 7.29e+02 7.21e+02 7.13e+02 7.04e+02 6.96e+02 6.88e+02 6.80e+02 6.72e+02 6.64e+02 6.57e+02 6.49e+02 6.42e+02 6.34e+02 6.27e+02 6.19e+02 6.12e+02 6.05e+02 5.98e+02 5.91e+02 5.84e+02 5.78e+02 5.71e+02 5.65e+02 5.58e+02 5.52e+02 5.45e+02 5.39e+02 5.33e+02 5.27e+02 5.21e+02 5.15e+02 5.09e+02 5.03e+02 4.98e+02 4.92e+02 4.87e+02 4.81e+02 4.76e+02 4.71e+02 4.65e+02 4.60e+02 4.55e+02 4.50e+02 4.45e+02 4.40e+02 4.36e+02 4.31e+02 4.26e+02 4.22e+02 4.17e+02 4.13e+02 4.08e+02 4.04e+02 4.00e+02 3.95e+02 3.91e+02 3.87e+02 3.83e+02 3.79e+02 3.75e+02 3.71e+02 3.67e+02 3.63e+02 3.60e+02 3.56e+02 3.52e+02 3.49e+02 3.45e+02 3.42e+02 3.38e+02 3.35e+02 3.31e+02 3.28e+02 3.25e+02 3.21e+02 3.18e+02 3.15e+02 3.12e+02 3.09e+02 3.06e+02 3.03e+02 3.00e+02 2.97e+02 2.94e+02 2.91e+02 2.88e+02 2.85e+02 2.83e+02 2.80e+02 2.77e+02 2.74e+02 2.72e+02 2.69e+02 2.67e+02 2.64e+02 2.62e+02 2.59e+02 2.57e+02 2.54e+02 2.52e+02 2.49e+02 2.47e+02 2.45e+02 2.40e+02 2.31e+02 2.15e+02 1.86e+02 1.40e+02 8.20e+01 3.39e+01 2.07e+01 2.00e+01 2.00e+01 2.00e+01 2.00e+01 2.00e+01 
 8.50962739120941e-10   1.41e+03 1.41e+03 1.41e+03 1.41e+03 1.41e+03 1.41e+03 1.41e+03 1.41e+03 1.41e+03 1.41e+03 1.41e+03 1.41e+03 1.41e+03 1.41e+03 1.41e+03 1.41e+03 1.41e+03 1.41e+03 1.41e+03 1.41e+03 1.41e+03 1.41e+03 1.41e+03 1.41e+03 1.41e+03 1.41e+03 1.41e+03 1.41e+03 1.40e+03 1.39e+03 1.38e+03 1.37e+03 1.36e+03 1.35e+03 1.34e+03 1.33e+03 1.32e+03 1.31e+03 1.30e+03 1.29e+03 1.28e+03 1.28e+03 1.27e+03 1.26e+03 1.25e+03 1.24e+03 1.23e+03 1.22e+03 1.21e+03 1.19e+03 1.18e+03 1.17e+03 1.16e+03 1.15e+03 1.14e+03 1.13e+03 1.12e+03 1.11e+03 1.10e+03 1.09e+03 1.08e+03 1.07e+03 1.06e+03 1.05e+03 1.04e+03 1.03e+03 1.02e+03 1.01e+03 1.00e+03 9.92e+02 9.82e+02 9.72e+02 9.62e+02 9.52e+02 9.42e+02 9.32e+02 9.22e+02 9.13e+02 9.03e+02 8.93e+02 8.84e+02 8.74e+02 8.64e+02 8.55e+02 8.46e+02 8.36e+02 8.27e+02 8.18e+02 8.09e+02 8.00e+02 7.91e+02 7.82e+02 7.73e+02 7.64e+02 7.55e+02 7.47e+02 7.38e+02 7.30e+02 7.21e+02 7.13e+02 7.05e+02 6.97e+02 6.89e+02 6.81e+02 6.73e+02 6.65e+02 6.57e+02 6.50e+02 6.42e+02 6.35e+02 6.27e+02 6.20e+02 6.13e+02 6.06e+02 5.99e+02 5.92e+02 5.85e+02 5.78e+02 5.72e+02 5.65e+02 5.59e+02 5.52e+02 5.46e+02 5.40e+02 5.34e+02 5.28e+02 5.22e+02 5.16e+02 5.10e+02 5.04e+02 4.99e+02 4.93e+02 4.88e+02 4.82e+02 4.77e+02 4.72e+02 4.66e+02 4.61e+02 4.56e+02 4.51e+02 4.46e+02 4.41e+02 4.37e+02 4.32e+02 4.27e+02 4.23e+02 4.18e+02 4.14e+02 4.09e+02 4.05e+02 4.01e+02 3.96e+02 3.92e+02 3.88e+02 3.84e+02 3.80e+02 3.76e+02 3.72e+02 3.68e+02 3.65e+02 3.61e+02 3.57e+02 3.53e+02 3.50e+02 3.46e+02 3.43e+02 3.39e+02 3.36e+02 3.32e+02 3.29e+02 3.26e+02 3.23e+02 3.19e+02 3.16e+02 3.13e+02 3.10e+02 3.07e+02 3.04e+02 3.01e+02 2.98e+02 2.95e+02 2.92e+02 2.89e+02 2.86e+02 2.84e+02 2.81e+02 2.78e+02 2.76e+02 2.73e+02 2.70e+02 2.68e+02 2.65e+02 2.63e+02 2.60e+02 2.58e+02 2.55e+02 2.53e+02 2.50e+02 2.48e+02 2.46e+02 2.41e+02 2.32e+02 2.16e+02 1.87e+02 1.41e+02 8.28e+01 3.42e+01 2.07e+01 2.00e+01 2.00e+01 2.00e+01 2.00e+01 2.00e+01 
 8.60970241835485e-10   1.41e+03 1.41e+03 1.41e+03 1.41e+03 1.41e+03 1.41e+03 1.41e+03 1.41e+03 1.41e+03 1.41e+03 1.41e+03 1.41e+03 1.41e+03 1.41e+03 1.41e+03 1.41e+03 1.41e+03 1.41e+03 1.41e+03 1.41e+03 1.41e+03 1.41e+03 1.41e+03 1.41e+03 1.41e+03 1.41e+03 1.41e+03 1.41e+03 1.40e+03 1.39e+03 1.38e+03 1.37e+03 1.36e+03 1.35e+03 1.34e+03 1.33e+03 1.32e+03 1.31e+03 1.30e+03 1.29e+03 1.28e+03 1.27e+03 1.26e+03 1.25e+03 1.24e+03 1.23e+03 1.22e+03 1.21e+03 1.20e+03 1.19e+03 1.18e+03 1.17e+03 1.16e+03 1.15e+03 1.14e+03 1.13e+03 1.12e+03 1.11e+03 1.10e+03 1.09e+03 1.08e+03 1.07e+03 1.06e+03 1.05e+03 1.04e+03 1.03e+03 1.02e+03 1.01e+03 1.00e+03 9.91e+02 9.81e+02 9.71e+02 9.62e+02 9.52e+02 9.42e+02 9.32e+02 9.22e+02 9.12e+02 9.03e+02 8.93e+02 8.83e+02 8.74e+02 8.64e+02 8.55e+02 8.46e+02 8.36e+02 8.27e+02 8.18e+02 8.09e+02 8.00e+02 7.91e+02 7.82e+02 7.73e+02 7.64e+02 7.56e+02 7.47e+02 7.38e+02 7.30e+02 7.22e+02 7.13e+02 7.05e+02 6.97e+02 6.89e+02 6.81e+02 6.73e+02 6.65e+02 6.58e+02 6.50e+02 6.43e+02 6.35e+02 6.28e+02 6.21e+02 6.14e+02 6.07e+02 6.00e+02 5.93e+02 5.86e+02 5.79e+02 5.73e+02 5.66e+02 5.60e+02 5.53e+02 5.47e+02 5.41e+02 5.35e+02 5.29e+02 5.23e+02 5.17e+02 5.11e+02 5.05e+02 5.00e+02 4.94e+02 4.89e+02 4.83e+02 4.78e+02 4.73e+02 4.67e+02 4.62e+02 4.57e+02 4.52e+02 4.47e+02 4.43e+02 4.38e+02 4.33e+02 4.28e+02 4.24e+02 4.19e+02 4.15e+02 4.10e+02 4.06e+02 4.02e+02 3.97e+02 3.93e+02 3.89e+02 3.85e+02 3.81e+02 3.77e+02 3.73e+02 3.69e+02 3.66e+02 3.62e+02 3.58e+02 3.54e+02 3.51e+02 3.47e+02 3.44e+02 3.40e+02 3.37e+02 3.34e+02 3.30e+02 3.27e+02 3.24e+02 3.20e+02 3.17e+02 3.14e+02 3.11e+02 3.08e+02 3.05e+02 3.02e+02 2.99e+02 2.96e+02 2.93e+02 2.90e+02 2.88e+02 2.85e+02 2.82e+02 2.79e+02 2.77e+02 2.74e+02 2.71e+02 2.69e+02 2.66e+02 2.64e+02 2.61e+02 2.59e+02 2.56e+02 2.54e+02 2.52e+02 2.49e+02 2.47e+02 2.42e+02 2.33e+02 2.17e+02 1.88e+02 1.42e+02 8.35e+01 3.45e+01 2.08e+01 2.00e+01 2.00e+01 2.00e+01 2.00e+01 2.00e+01 
 8.70983249976191e-10   1.41e+03 1.41e+03 1.41e+03 1.41e+03 1.41e+03 1.41e+03 1.41e+03 1.41e+03 1.41e+03 1.41e+03 1.41e+03 1.41e+03 1.41e+03 1.41e+03 1.41e+03 1.41e+03 1.41e+03 1.41e+03 1.41e+03 1.41e+03 1.41e+03 1.41e+03 1.41e+03 1.41e+03 1.41e+03 1.41e+03 1.41e+03 1.41e+03 1.40e+03 1.39e+03 1.38e+03 1.37e+03 1.36e+03 1.35e+03 1.34e+03 1.33e+03 1.32e+03 1.31e+03 1.30e+03 1.29e+03 1.28e+03 1.27e+03 1.26e+03 1.25e+03 1.24e+03 1.23e+03 1.22e+03 1.21e+03 1.20e+03 1.19e+03 1.18e+03 1.17e+03 1.16e+03 1.15e+03 1.14e+03 1.13e+03 1.12e+03 1.11e+03 1.10e+03 1.09e+03 1.08e+03 1.07e+03 1.06e+03 1.05e+03 1.04e+03 1.03e+03 1.02e+03 1.01e+03 1.00e+03 9.91e+02 9.81e+02 9.71e+02 9.61e+02 9.51e+02 9.41e+02 9.32e+02 9.22e+02 9.12e+02 9.02e+02 8.93e+02 8.83e+02 8.74e+02 8.64e+02 8.55e+02 8.46e+02 8.36e+02 8.27e+02 8.18e+02 8.09e+02 8.00e+02 7.91e+02 7.82e+02 7.73e+02 7.64e+02 7.56e+02 7.47e+02 7.39e+02 7.30e+02 7.22e+02 7.14e+02 7.06e+02 6.97e+02 6.90e+02 6.82e+02 6.74e+02 6.66e+02 6.58e+02 6.51e+02 6.43e+02 6.36e+02 6.29e+02 6.21e+02 6.14e+02 6.07e+02 6.00e+02 5.93e+02 5.87e+02 5.80e+02 5.73e+02 5.67e+02 5.60e+02 5.54e+02 5.48e+02 5.42e+02 5.36e+02 5.30e+02 5.24e+02 5.18e+02 5.12e+02 5.06e+02 5.01e+02 4.95e+02 4.90e+02 4.84e+02 4.79e+02 4.74e+02 4.68e+02 4.63e+02 4.58e+02 4.53e+02 4.48e+02 4.44e+02 4.39e+02 4.34e+02 4.29e+02 4.25e+02 4.20e+02 4.16e+02 4.11e+02 4.07e+02 4.03e+02 3.99e+02 3.94e+02 3.90e+02 3.86e+02 3.82e+02 3.78e+02 3.74e+02 3.70e+02 3.67e+02 3.63e+02 3.59e+02 3.56e+02 3.52e+02 3.48e+02 3.45e+02 3.41e+02 3.38e+02 3.35e+02 3.31e+02 3.28e+02 3.25e+02 3.22e+02 3.18e+02 3.15e+02 3.12e+02 3.09e+02 3.06e+02 3.03e+02 3.00e+02 2.97e+02 2.94e+02 2.91e+02 2.89e+02 2.86e+02 2.83e+02 2.80e+02 2.78e+02 2.75e+02 2.72e+02 2.70e+02 2.67e+02 2.65e+02 2.62e+02 2.60e+02 2.57e+02 2.55e+02 2.53e+02 2.50e+02 2.48e+02 2.43e+02 2.34e+02 2.18e+02 1.89e+02 1.43e+02 8.42e+01 3.48e+01 2.08e+01 2.00e+01 2.00e+01 2.00e+01 2.00e+01 2.00e+01 
 8.81001720940459e-10   1.41e+03 1.41e+03 1.41e+03 1.41e+03 1.41e+03 1.41e+03 1.41e+03 1.41e+03 1.41e+03 1.41e+03 1.41e+03 1.41e+03 1.41e+03 1.41e+03 1.41e+03 1.41e+03 1.41e+03 1.41e+03 1.41e+03 1.41e+03 1.41e+03 1.41e+03 1.41e+03 1.41e+03 1.41e+03 1.41e+03 1.41e+03 1.41e+03 1.40e+03 1.39e+03 1.38e+03 1.37e+03 1.36e+03 1.35e+03 1.34e+03 1.33e+03 1.32e+03 1.31e+03 1.30e+03 1.29e+03 1.28e+03 1.27e+03 1.26e+03 1.25e+03 1.24e+03 1.23e+03 1.22e+03 1.21e+03 1.20e+03 1.19e+03 1.18e+03 1.17e+03 1.16e+03 1.15e+03 1.14e+03 1.13e+03 1.12e+03 1.11e+03 1.10e+03 1.09e+03 1.08e+03 1.07e+03 1.06e+03 1.05e+03 1.04e+03 1.03e+03 1.02e+03 1.01e+03 1.00e+03 9.91e+02 9.81e+02 9.71e+02 9.61e+02 9.51e+02 9.41e+02 9.31e+02 9.22e+02 9.12e+02 9.02e+02 8.93e+02 8.83e+02 8.74e+02 8.64e+02 8.55e+02 8.46e+02 8.36e+02 8.27e+02 8.18e+02 8.09e+02 8.00e+02 7.91e+02 7.82e+02 7.73e+02 7.65e+02 7.56e+02 7.48e+02 7.39e+02 7.31e+02 7.22e+02 7.14e+02 7.06e+02 6.98e+02 6.90e+02 6.82e+02 6.74e+02 6.67e+02 6.59e+02 6.51e+02 6.44e+02 6.37e+02 6.29e+02 6.22e+02 6.15e+02 6.08e+02 6.01e+02 5.94e+02 5.87e+02 5.81e+02 5.74e+02 5.68e+02 5.61e+02 5.55e+02 5.49e+02 5.43e+02 5.36e+02 5.30e+02 5.24e+02 5.19e+02 5.13e+02 5.07e+02 5.02e+02 4.96e+02 4.91e+02 4.85e+02 4.80e+02 4.75e+02 4.69e+02 4.64e+02 4.59e+02 4.54e+02 4.49e+02 4.45e+02 4.40e+02 4.35e+02 4.30e+02 4.26e+02 4.21e+02 4.17e+02 4.12e+02 4.08e+02 4.04e+02 4.00e+02 3.95e+02 3.91e+02 3.87e+02 3.83e+02 3.79e+02 3.75e+02 3.72e+02 3.68e+02 3.64e+02 3.60e+02 3.57e+02 3.53e+02 3.49e+02 3.46e+02 3.43e+02 3.39e+02 3.36e+02 3.32e+02 3.29e+02 3.26e+02 3.23e+02 3.19e+02 3.16e+02 3.13e+02 3.10e+02 3.07e+02 3.04e+02 3.01e+02 2.98e+02 2.95e+02 2.93e+02 2.90e+02 2.87e+02 2.84e+02 2.81e+02 2.79e+02 2.76e+02 2.74e+02 2.71e+02 2.68e+02 2.66e+02 2.63e+02 2.61e+02 2.58e+02 2.56e+02 2.54e+02 2.51e+02 2.49e+02 2.44e+02 2.36e+02 2.19e+02 1.90e+02 1.44e+02 8.49e+01 3.51e+01 2.08e+01 2.00e+01 2.00e+01 2.00e+01 2.00e+01 2.00e+01 
 8.91001965257082e-10   1.41e+03 1.41e+03 1.41e+03 1.41e+03 1.41e+03 1.41e+03 1.41e+03 1.41e+03 1.41e+03 1.41e+03 1.41e+03 1.41e+03 1.41e+03 1.41e+03 1.41e+03 1.41e+03 1.41e+03 1.41e+03 1.41e+03 1.41e+03 1.41e+03 1.41e+03 1.41e+03 1.41e+03 1.41e+03 1.41e+03 1.41e+03 1.40e+03 1.39e+03 1.39e+03 1.38e+03 1.37e+03 1.36e+03 1.35e+03 1.34e+03 1.33e+03 1.32e+03 1.31e+03 1.30e+03 1.29e+03 1.28e+03 1.27e+03 1.26e+03 1.25e+03 1.24e+03 1.23e+03 1.22e+03 1.21e+03 1.20e+03 1.19e+03 1.18e+03 1.17e+03 1.16e+03 1.15e+03 1.14e+03 1.13e+03 1.12e+03 1.11e+03 1.10e+03 1.09e+03 1.08e+03 1.07e+03 1.06e+03 1.05e+03 1.04e+03 1.03e+03 1.02e+03 1.01e+03 1.00e+03 9.90e+02 9.80e+02 9.70e+02 9.60e+02 9.51e+02 9.41e+02 9.31e+02 9.21e+02 9.12e+02 9.02e+02 8.93e+02 8.83e+02 8.74e+02 8.64e+02 8.55e+02 8.46e+02 8.36e+02 8.27e+02 8.18e+02 8.09e+02 8.00e+02 7.91e+02 7.82e+02 7.74e+02 7.65e+02 7.56e+02 7.48e+02 7.39e+02 7.31e+02 7.23e+02 7.15e+02 7.06e+02 6.98e+02 6.90e+02 6.83e+02 6.75e+02 6.67e+02 6.60e+02 6.52e+02 6.45e+02 6.37e+02 6.30e+02 6.23e+02 6.16e+02 6.09e+02 6.02e+02 5.95e+02 5.88e+02 5.82e+02 5.75e+02 5.68e+02 5.62e+02 5.56e+02 5.50e+02 5.43e+02 5.37e+02 5.31e+02 5.25e+02 5.20e+02 5.14e+02 5.08e+02 5.02e+02 4.97e+02 4.91e+02 4.86e+02 4.81e+02 4.76e+02 4.70e+02 4.65e+02 4.60e+02 4.55e+02 4.50e+02 4.46e+02 4.41e+02 4.36e+02 4.31e+02 4.27e+02 4.22e+02 4.18e+02 4.13e+02 4.09e+02 4.05e+02 4.01e+02 3.96e+02 3.92e+02 3.88e+02 3.84e+02 3.80e+02 3.76e+02 3.73e+02 3.69e+02 3.65e+02 3.61e+02 3.58e+02 3.54e+02 3.51e+02 3.47e+02 3.44e+02 3.40e+02 3.37e+02 3.33e+02 3.30e+02 3.27e+02 3.24e+02 3.21e+02 3.17e+02 3.14e+02 3.11e+02 3.08e+02 3.05e+02 3.02e+02 2.99e+02 2.96e+02 2.94e+02 2.91e+02 2.88e+02 2.85e+02 2.83e+02 2.80e+02 2.77e+02 2.75e+02 2.72e+02 2.69e+02 2.67e+02 2.64e+02 2.62e+02 2.60e+02 2.57e+02 2.55e+02 2.52e+02 2.50e+02 2.45e+02 2.37e+02 2.20e+02 1.91e+02 1.45e+02 8.56e+01 3.54e+01 2.08e+01 2.00e+01 2.00e+01 2.00e+01 2.00e+01 2.00e+01 
 9.01007564116658e-10   1.41e+03 1.41e+03 1.41e+03 1.41e+03 1.41e+03 1.41e+03 1.41e+03 1.41e+03 1.41e+03 1.41e+03 1.41e+03 1.41e+03 1.41e+03 1.41e+03 1.41e+03 1.41e+03 1.41e+03 1.41e+03 1.41e+03 1.41e+03 1.41e+03 1.41e+03 1.41e+03 1.41e+03 1.41e+03 1.41e+03 1.41e+03 1.40e+03 1.39e+03 1.38e+03 1.38e+03 1.37e+03 1.36e+03 1.35e+03 1.34e+03 1.33e+03 1.32e+03 1.31e+03 1.30e+03 1.29e+03 1.28e+03 1.27e+03 1.26e+03 1.25e+03 1.24e+03 1.23e+03 1.22e+03 1.21e+03 1.20e+03 1.19e+03 1.18e+03 1.17e+03 1.16e+03 1.15e+03 1.14e+03 1.13e+03 1.12e+03 1.11e+03 1.10e+03 1.09e+03 1.08e+03 1.07e+03 1.06e+03 1.05e+03 1.04e+03 1.03e+03 1.02e+03 1.01e+03 1.00e+03 9.90e+02 9.80e+02 9.70e+02 9.60e+02 9.50e+02 9.41e+02 9.31e+02 9.21e+02 9.12e+02 9.02e+02 8.92e+02 8.83e+02 8.74e+02 8.64e+02 8.55e+02 8.46e+02 8.36e+02 8.27e+02 8.18e+02 8.09e+02 8.00e+02 7.91e+02 7.83e+02 7.74e+02 7.65e+02 7.57e+02 7.48e+02 7.40e+02 7.31e+02 7.23e+02 7.15e+02 7.07e+02 6.99e+02 6.91e+02 6.83e+02 6.75e+02 6.68e+02 6.60e+02 6.53e+02 6.45e+02 6.38e+02 6.31e+02 6.23e+02 6.16e+02 6.09e+02 6.02e+02 5.96e+02 5.89e+02 5.82e+02 5.76e+02 5.69e+02 5.63e+02 5.57e+02 5.50e+02 5.44e+02 5.38e+02 5.32e+02 5.26e+02 5.20e+02 5.15e+02 5.09e+02 5.03e+02 4.98e+02 4.92e+02 4.87e+02 4.82e+02 4.76e+02 4.71e+02 4.66e+02 4.61e+02 4.56e+02 4.51e+02 4.47e+02 4.42e+02 4.37e+02 4.32e+02 4.28e+02 4.23e+02 4.19e+02 4.15e+02 4.10e+02 4.06e+02 4.02e+02 3.98e+02 3.93e+02 3.89e+02 3.85e+02 3.81e+02 3.78e+02 3.74e+02 3.70e+02 3.66e+02 3.62e+02 3.59e+02 3.55e+02 3.52e+02 3.48e+02 3.45e+02 3.41e+02 3.38e+02 3.35e+02 3.31e+02 3.28e+02 3.25e+02 3.22e+02 3.18e+02 3.15e+02 3.12e+02 3.09e+02 3.06e+02 3.03e+02 3.00e+02 2.98e+02 2.95e+02 2.92e+02 2.89e+02 2.86e+02 2.84e+02 2.81e+02 2.78e+02 2.76e+02 2.73e+02 2.71e+02 2.68e+02 2.66e+02 2.63e+02 2.61e+02 2.58e+02 2.56e+02 2.53e+02 2.51e+02 2.47e+02 2.38e+02 2.21e+02 1.92e+02 1.46e+02 8.63e+01 3.57e+01 2.09e+01 2.00e+01 2.00e+01 2.00e+01 2.00e+01 2.00e+01 
 9.11018477340292e-10   1.41e+03 1.41e+03 1.41e+03 1.41e+03 1.41e+03 1.41e+03 1.41e+03 1.41e+03 1.41e+03 1.41e+03 1.41e+03 1.41e+03 1.41e+03 1.41e+03 1.41e+03 1.41e+03 1.41e+03 1.41e+03 1.41e+03 1.41e+03 1.41e+03 1.41e+03 1.41e+03 1.41e+03 1.41e+03 1.41e+03 1.41e+03 1.40e+03 1.39e+03 1.38e+03 1.37e+03 1.36e+03 1.36e+03 1.35e+03 1.34e+03 1.33e+03 1.32e+03 1.31e+03 1.30e+03 1.29e+03 1.28e+03 1.27e+03 1.26e+03 1.25e+03 1.24e+03 1.23e+03 1.22e+03 1.21e+03 1.20e+03 1.19e+03 1.18e+03 1.17e+03 1.16e+03 1.15e+03 1.14e+03 1.13e+03 1.12e+03 1.11e+03 1.10e+03 1.09e+03 1.08e+03 1.07e+03 1.06e+03 1.05e+03 1.04e+03 1.03e+03 1.02e+03 1.01e+03 9.99e+02 9.89e+02 9.79e+02 9.70e+02 9.60e+02 9.50e+02 9.40e+02 9.31e+02 9.21e+02 9.11e+02 9.02e+02 8.92e+02 8.83e+02 8.73e+02 8.64e+02 8.55e+02 8.46e+02 8.36e+02 8.27e+02 8.18e+02 8.09e+02 8.00e+02 7.92e+02 7.83e+02 7.74e+02 7.65e+02 7.57e+02 7.48e+02 7.40e+02 7.32e+02 7.23e+02 7.15e+02 7.07e+02 6.99e+02 6.91e+02 6.84e+02 6.76e+02 6.68e+02 6.61e+02 6.53e+02 6.46e+02 6.38e+02 6.31e+02 6.24e+02 6.17e+02 6.10e+02 6.03e+02 5.96e+02 5.90e+02 5.83e+02 5.77e+02 5.70e+02 5.64e+02 5.57e+02 5.51e+02 5.45e+02 5.39e+02 5.33e+02 5.27e+02 5.21e+02 5.16e+02 5.10e+02 5.04e+02 4.99e+02 4.93e+02 4.88e+02 4.83e+02 4.77e+02 4.72e+02 4.67e+02 4.62e+02 4.57e+02 4.52e+02 4.48e+02 4.43e+02 4.38e+02 4.33e+02 4.29e+02 4.24e+02 4.20e+02 4.16e+02 4.11e+02 4.07e+02 4.03e+02 3.99e+02 3.94e+02 3.90e+02 3.86e+02 3.82e+02 3.79e+02 3.75e+02 3.71e+02 3.67e+02 3.64e+02 3.60e+02 3.56e+02 3.53e+02 3.49e+02 3.46e+02 3.42e+02 3.39e+02 3.36e+02 3.32e+02 3.29e+02 3.26e+02 3.23e+02 3.19e+02 3.16e+02 3.13e+02 3.10e+02 3.07e+02 3.04e+02 3.01e+02 2.99e+02 2.96e+02 2.93e+02 2.90e+02 2.87e+02 2.85e+02 2.82e+02 2.79e+02 2.77e+02 2.74e+02 2.72e+02 2.69e+02 2.67e+02 2.64e+02 2.62e+02 2.59e+02 2.57e+02 2.54e+02 2.52e+02 2.48e+02 2.39e+02 2.22e+02 1.93e+02 1.46e+02 8.70e+01 3.60e+01 2.09e+01 2.00e+01 2.00e+01 2.00e+01 2.00e+01 2.00e+01 
 9.21034665421988e-10   1.41e+03 1.41e+03 1.41e+03 1.41e+03 1.41e+03 1.41e+03 1.41e+03 1.41e+03 1.41e+03 1.41e+03 1.41e+03 1.41e+03 1.41e+03 1.41e+03 1.41e+03 1.41e+03 1.41e+03 1.41e+03 1.41e+03 1.41e+03 1.41e+03 1.41e+03 1.41e+03 1.41e+03 1.41e+03 1.41e+03 1.41e+03 1.40e+03 1.39e+03 1.38e+03 1.37e+03 1.36e+03 1.35e+03 1.35e+03 1.34e+03 1.33e+03 1.32e+03 1.31e+03 1.30e+03 1.29e+03 1.28e+03 1.27e+03 1.26e+03 1.25e+03 1.24e+03 1.23e+03 1.22e+03 1.21e+03 1.20e+03 1.19e+03 1.18e+03 1.17e+03 1.16e+03 1.15e+03 1.14e+03 1.13e+03 1.12e+03 1.11e+03 1.10e+03 1.09e+03 1.08e+03 1.07e+03 1.06e+03 1.05e+03 1.04e+03 1.03e+03 1.02e+03 1.01e+03 9.99e+02 9.89e+02 9.79e+02 9.69e+02 9.60e+02 9.50e+02 9.40e+02 9.30e+02 9.21e+02 9.11e+02 9.02e+02 8.92e+02 8.83e+02 8.73e+02 8.64e+02 8.55e+02 8.46e+02 8.36e+02 8.27e+02 8.18e+02 8.09e+02 8.01e+02 7.92e+02 7.83e+02 7.74e+02 7.66e+02 7.57e+02 7.49e+02 7.40e+02 7.32e+02 7.24e+02 7.16e+02 7.08e+02 7.00e+02 6.92e+02 6.84e+02 6.76e+02 6.69e+02 6.61e+02 6.54e+02 6.46e+02 6.39e+02 6.32e+02 6.25e+02 6.18e+02 6.11e+02 6.04e+02 5.97e+02 5.90e+02 5.84e+02 5.77e+02 5.71e+02 5.64e+02 5.58e+02 5.52e+02 5.46e+02 5.40e+02 5.34e+02 5.28e+02 5.22e+02 5.16e+02 5.11e+02 5.05e+02 5.00e+02 4.94e+02 4.89e+02 4.84e+02 4.78e+02 4.73e+02 4.68e+02 4.63e+02 4.58e+02 4.53e+02 4.49e+02 4.44e+02 4.39e+02 4.34e+02 4.30e+02 4.25e+02 4.21e+02 4.17e+02 4.12e+02 4.08e+02 4.04e+02 4.00e+02 3.95e+02 3.91e+02 3.87e+02 3.84e+02 3.80e+02 3.76e+02 3.72e+02 3.68e+02 3.65e+02 3.61e+02 3.57e+02 3.54e+02 3.50e+02 3.47e+02 3.43e+02 3.40e+02 3.37e+02 3.33e+02 3.30e+02 3.27e+02 3.24e+02 3.21e+02 3.17e+02 3.14e+02 3.11e+02 3.08e+02 3.05e+02 3.03e+02 3.00e+02 2.97e+02 2.94e+02 2.91e+02 2.88e+02 2.86e+02 2.83e+02 2.80e+02 2.78e+02 2.75e+02 2.73e+02 2.70e+02 2.68e+02 2.65e+02 2.63e+02 2.60e+02 2.58e+02 2.56e+02 2.53e+02 2.49e+02 2.40e+02 2.23e+02 1.94e+02 1.47e+02 8.77e+01 3.63e+01 2.09e+01 2.00e+01 2.00e+01 2.00e+01 2.00e+01 2.00e+01 
 9.31056089512484e-10   1.41e+03 1.41e+03 1.41e+03 1.41e+03 1.41e+03 1.41e+03 1.41e+03 1.41e+03 1.41e+03 1.41e+03 1.41e+03 1.41e+03 1.41e+03 1.41e+03 1.41e+03 1.41e+03 1.41e+03 1.41e+03 1.41e+03 1.41e+03 1.41e+03 1.41e+03 1.41e+03 1.41e+03 1.41e+03 1.41e+03 1.41e+03 1.40e+03 1.39e+03 1.38e+03 1.37e+03 1.36e+03 1.35e+03 1.34e+03 1.34e+03 1.33e+03 1.32e+03 1.31e+03 1.30e+03 1.29e+03 1.28e+03 1.27e+03 1.26e+03 1.25e+03 1.24e+03 1.23e+03 1.22e+03 1.21e+03 1.20e+03 1.19e+03 1.18e+03 1.17e+03 1.16e+03 1.15e+03 1.14e+03 1.13e+03 1.12e+03 1.11e+03 1.10e+03 1.09e+03 1.08e+03 1.07e+03 1.06e+03 1.05e+03 1.04e+03 1.03e+03 1.02e+03 1.01e+03 9.98e+02 9.89e+02 9.79e+02 9.69e+02 9.59e+02 9.50e+02 9.40e+02 9.30e+02 9.21e+02 9.11e+02 9.02e+02 8.92e+02 8.83e+02 8.73e+02 8.64e+02 8.55e+02 8.46e+02 8.37e+02 8.27e+02 8.18e+02 8.10e+02 8.01e+02 7.92e+02 7.83e+02 7.75e+02 7.66e+02 7.57e+02 7.49e+02 7.41e+02 7.32e+02 7.24e+02 7.16e+02 7.08e+02 7.00e+02 6.92e+02 6.85e+02 6.77e+02 6.69e+02 6.62e+02 6.54e+02 6.47e+02 6.40e+02 6.32e+02 6.25e+02 6.18e+02 6.11e+02 6.05e+02 5.98e+02 5.91e+02 5.85e+02 5.78e+02 5.72e+02 5.65e+02 5.59e+02 5.53e+02 5.47e+02 5.41e+02 5.35e+02 5.29e+02 5.23e+02 5.17e+02 5.12e+02 5.06e+02 5.01e+02 4.95e+02 4.90e+02 4.85e+02 4.79e+02 4.74e+02 4.69e+02 4.64e+02 4.59e+02 4.54e+02 4.49e+02 4.45e+02 4.40e+02 4.35e+02 4.31e+02 4.26e+02 4.22e+02 4.18e+02 4.13e+02 4.09e+02 4.05e+02 4.01e+02 3.97e+02 3.92e+02 3.88e+02 3.85e+02 3.81e+02 3.77e+02 3.73e+02 3.69e+02 3.66e+02 3.62e+02 3.58e+02 3.55e+02 3.51e+02 3.48e+02 3.44e+02 3.41e+02 3.38e+02 3.34e+02 3.31e+02 3.28e+02 3.25e+02 3.22e+02 3.19e+02 3.15e+02 3.12e+02 3.09e+02 3.06e+02 3.04e+02 3.01e+02 2.98e+02 2.95e+02 2.92e+02 2.90e+02 2.87e+02 2.84e+02 2.81e+02 2.79e+02 2.76e+02 2.74e+02 2.71e+02 2.69e+02 2.66e+02 2.64e+02 2.61e+02 2.59e+02 2.57e+02 2.54e+02 2.50e+02 2.41e+02 2.24e+02 1.95e+02 1.48e+02 8.84e+01 3.66e+01 2.10e+01 2.00e+01 2.00e+01 2.00e+01 2.00e+01 2.00e+01 
 9.41059001705841e-10   1.41e+03 1.41e+03 1.41e+03 1.41e+03 1.41e+03 1.41e+03 1.41e+03 1.41e+03 1.41e+03 1.41e+03 1.41e+03 1.41e+03 1.41e+03 1.41e+03 1.41e+03 1.41e+03 1.41e+03 1.41e+03 1.41e+03 1.41e+03 1.41e+03 1.41e+03 1.41e+03 1.41e+03 1.41e+03 1.41e+03 1.41e+03 1.40e+03 1.39e+03 1.38e+03 1.37e+03 1.36e+03 1.35e+03 1.34e+03 1.33e+03 1.32e+03 1.32e+03 1.31e+03 1.30e+03 1.29e+03 1.28e+03 1.27e+03 1.26e+03 1.25e+03 1.24e+03 1.23e+03 1.22e+03 1.21e+03 1.20e+03 1.19e+03 1.18e+03 1.17e+03 1.16e+03 1.15e+03 1.14e+03 1.13e+03 1.12e+03 1.11e+03 1.10e+03 1.09e+03 1.08e+03 1.07e+03 1.06e+03 1.05e+03 1.04e+03 1.03e+03 1.02e+03 1.01e+03 9.98e+02 9.88e+02 9.78e+02 9.69e+02 9.59e+02 9.49e+02 9.40e+02 9.30e+02 9.20e+02 9.11e+02 9.01e+02 8.92e+02 8.83e+02 8.73e+02 8.64e+02 8.55e+02 8.46e+02 8.37e+02 8.28e+02 8.19e+02 8.10e+02 8.01e+02 7.92e+02 7.83e+02 7.75e+02 7.66e+02 7.58e+02 7.49e+02 7.41e+02 7.33e+02 7.25e+02 7.17e+02 7.09e+02 7.01e+02 6.93e+02 6.85e+02 6.77e+02 6.70e+02 6.62e+02 6.55e+02 6.48e+02 6.40e+02 6.33e+02 6.26e+02 6.19e+02 6.12e+02 6.05e+02 5.99e+02 5.92e+02 5.85e+02 5.79e+02 5.72e+02 5.66e+02 5.60e+02 5.54e+02 5.47e+02 5.41e+02 5.36e+02 5.30e+02 5.24e+02 5.18e+02 5.13e+02 5.07e+02 5.01e+02 4.96e+02 4.91e+02 4.85e+02 4.80e+02 4.75e+02 4.70e+02 4.65e+02 4.60e+02 4.55e+02 4.50e+02 4.46e+02 4.41e+02 4.36e+02 4.32e+02 4.27e+02 4.23e+02 4.19e+02 4.14e+02 4.10e+02 4.06e+02 4.02e+02 3.98e+02 3.93e+02 3.90e+02 3.86e+02 3.82e+02 3.78e+02 3.74e+02 3.70e+02 3.67e+02 3.63e+02 3.59e+02 3.56e+02 3.52e+02 3.49e+02 3.45e+02 3.42e+02 3.39e+02 3.35e+02 3.32e+02 3.29e+02 3.26e+02 3.23e+02 3.20e+02 3.16e+02 3.13e+02 3.10e+02 3.08e+02 3.05e+02 3.02e+02 2.99e+02 2.96e+02 2.93e+02 2.91e+02 2.88e+02 2.85e+02 2.82e+02 2.80e+02 2.77e+02 2.75e+02 2.72e+02 2.70e+02 2.67e+02 2.65e+02 2.62e+02 2.60e+02 2.58e+02 2.55e+02 2.51e+02 2.42e+02 2.25e+02 1.96e+02 1.49e+02 8.91e+01 3.69e+01 2.10e+01 2.00e+01 2.00e+01 2.00e+01 2.00e+01 2.00e+01 
 9.51067049835177e-10   1.41e+03 1.41e+03 1.41e+03 1.41e+03 1.41e+03 1.41e+03 1.41e+03 1.41e+03 1.41e+03 1.41e+03 1.41e+03 1.41e+03 1.41e+03 1.41e+03 1.41e+03 1.41e+03 1.41e+03 1.41e+03 1.41e+03 1.41e+03 1.41e+03 1.41e+03 1.41e+03 1.41e+03 1.41e+03 1.41e+03 1.41e+03 1.40e+03 1.39e+03 1.38e+03 1.37e+03 1.36e+03 1.35e+03 1.34e+03 1.33e+03 1.32e+03 1.31e+03 1.30e+03 1.29e+03 1.29e+03 1.28e+03 1.27e+03 1.26e+03 1.25e+03 1.24e+03 1.23e+03 1.22e+03 1.21e+03 1.20e+03 1.19e+03 1.18e+03 1.17e+03 1.16e+03 1.15e+03 1.14e+03 1.13e+03 1.12e+03 1.11e+03 1.10e+03 1.09e+03 1.08e+03 1.07e+03 1.06e+03 1.05e+03 1.04e+03 1.03e+03 1.02e+03 1.01e+03 9.98e+02 9.88e+02 9.78e+02 9.68e+02 9.59e+02 9.49e+02 9.39e+02 9.30e+02 9.20e+02 9.11e+02 9.01e+02 8.92e+02 8.83e+02 8.73e+02 8.64e+02 8.55e+02 8.46e+02 8.37e+02 8.28e+02 8.19e+02 8.10e+02 8.01e+02 7.92e+02 7.84e+02 7.75e+02 7.67e+02 7.58e+02 7.50e+02 7.41e+02 7.33e+02 7.25e+02 7.17e+02 7.09e+02 7.01e+02 6.93e+02 6.86e+02 6.78e+02 6.70e+02 6.63e+02 6.55e+02 6.48e+02 6.41e+02 6.34e+02 6.27e+02 6.20e+02 6.13e+02 6.06e+02 5.99e+02 5.93e+02 5.86e+02 5.80e+02 5.73e+02 5.67e+02 5.61e+02 5.54e+02 5.48e+02 5.42e+02 5.36e+02 5.31e+02 5.25e+02 5.19e+02 5.13e+02 5.08e+02 5.02e+02 4.97e+02 4.92e+02 4.86e+02 4.81e+02 4.76e+02 4.71e+02 4.66e+02 4.61e+02 4.56e+02 4.51e+02 4.47e+02 4.42e+02 4.37e+02 4.33e+02 4.28e+02 4.24e+02 4.20e+02 4.15e+02 4.11e+02 4.07e+02 4.03e+02 3.99e+02 3.95e+02 3.91e+02 3.87e+02 3.83e+02 3.79e+02 3.75e+02 3.71e+02 3.68e+02 3.64e+02 3.60e+02 3.57e+02 3.53e+02 3.50e+02 3.46e+02 3.43e+02 3.40e+02 3.36e+02 3.33e+02 3.30e+02 3.27e+02 3.24e+02 3.21e+02 3.18e+02 3.14e+02 3.12e+02 3.09e+02 3.06e+02 3.03e+02 3.00e+02 2.97e+02 2.94e+02 2.92e+02 2.89e+02 2.86e+02 2.84e+02 2.81e+02 2.78e+02 2.76e+02 2.73e+02 2.71e+02 2.68e+02 2.66e+02 2.63e+02 2.61e+02 2.59e+02 2.56e+02 2.52e+02 2.43e+02 2.26e+02 1.96e+02 1.50e+02 8.97e+01 3.72e+01 2.10e+01 2.00e+01 2.00e+01 2.00e+01 2.00e+01 2.00e+01 
 9.61080197187847e-10   1.41e+03 1.41e+03 1.41e+03 1.41e+03 1.41e+03 1.41e+03 1.41e+03 1.41e+03 1.41e+03 1.41e+03 1.41e+03 1.41e+03 1.41e+03 1.41e+03 1.41e+03 1.41e+03 1.41e+03 1.41e+03 1.41e+03 1.41e+03 1.41e+03 1.41e+03 1.41e+03 1.41e+03 1.41e+03 1.41e+03 1.40e+03 1.40e+03 1.39e+03 1.38e+03 1.37e+03 1.36e+03 1.35e+03 1.34e+03 1.33e+03 1.32e+03 1.31e+03 1.30e+03 1.29e+03 1.28e+03 1.27e+03 1.26e+03 1.25e+03 1.25e+03 1.24e+03 1.23e+03 1.22e+03 1.21e+03 1.20e+03 1.19e+03 1.18e+03 1.17e+03 1.16e+03 1.15e+03 1.14e+03 1.13e+03 1.12e+03 1.11e+03 1.10e+03 1.09e+03 1.08e+03 1.07e+03 1.06e+03 1.05e+03 1.04e+03 1.03e+03 1.02e+03 1.01e+03 9.97e+02 9.88e+02 9.78e+02 9.68e+02 9.58e+02 9.49e+02 9.39e+02 9.30e+02 9.20e+02 9.11e+02 9.01e+02 8.92e+02 8.83e+02 8.73e+02 8.64e+02 8.55e+02 8.46e+02 8.37e+02 8.28e+02 8.19e+02 8.10e+02 8.01e+02 7.93e+02 7.84e+02 7.75e+02 7.67e+02 7.58e+02 7.50e+02 7.42e+02 7.34e+02 7.25e+02 7.17e+02 7.09e+02 7.02e+02 6.94e+02 6.86e+02 6.78e+02 6.71e+02 6.63e+02 6.56e+02 6.49e+02 6.42e+02 6.34e+02 6.27e+02 6.20e+02 6.13e+02 6.07e+02 6.00e+02 5.93e+02 5.87e+02 5.80e+02 5.74e+02 5.68e+02 5.61e+02 5.55e+02 5.49e+02 5.43e+02 5.37e+02 5.31e+02 5.26e+02 5.20e+02 5.14e+02 5.09e+02 5.03e+02 4.98e+02 4.93e+02 4.87e+02 4.82e+02 4.77e+02 4.72e+02 4.67e+02 4.62e+02 4.57e+02 4.52e+02 4.48e+02 4.43e+02 4.38e+02 4.34e+02 4.29e+02 4.25e+02 4.21e+02 4.16e+02 4.12e+02 4.08e+02 4.04e+02 4.00e+02 3.96e+02 3.92e+02 3.88e+02 3.84e+02 3.80e+02 3.76e+02 3.72e+02 3.69e+02 3.65e+02 3.61e+02 3.58e+02 3.54e+02 3.51e+02 3.47e+02 3.44e+02 3.41e+02 3.37e+02 3.34e+02 3.31e+02 3.28e+02 3.25e+02 3.22e+02 3.19e+02 3.16e+02 3.13e+02 3.10e+02 3.07e+02 3.04e+02 3.01e+02 2.98e+02 2.95e+02 2.93e+02 2.90e+02 2.87e+02 2.85e+02 2.82e+02 2.79e+02 2.77e+02 2.74e+02 2.72e+02 2.69e+02 2.67e+02 2.64e+02 2.62e+02 2.60e+02 2.57e+02 2.53e+02 2.44e+02 2.27e+02 1.97e+02 1.51e+02 9.04e+01 3.75e+01 2.11e+01 2.00e+01 2.00e+01 2.00e+01 2.00e+01 2.00e+01 
 9.71098407641421e-10   1.41e+03 1.41e+03 1.41e+03 1.41e+03 1.41e+03 1.41e+03 1.41e+03 1.41e+03 1.41e+03 1.41e+03 1.41e+03 1.41e+03 1.41e+03 1.41e+03 1.41e+03 1.41e+03 1.41e+03 1.41e+03 1.41e+03 1.41e+03 1.41e+03 1.41e+03 1.41e+03 1.41e+03 1.41e+03 1.41e+03 1.40e+03 1.39e+03 1.39e+03 1.38e+03 1.37e+03 1.36e+03 1.35e+03 1.34e+03 1.33e+03 1.32e+03 1.31e+03 1.30e+03 1.29e+03 1.28e+03 1.27e+03 1.26e+03 1.25e+03 1.24e+03 1.23e+03 1.22e+03 1.21e+03 1.20e+03 1.19e+03 1.18e+03 1.17e+03 1.17e+03 1.16e+03 1.15e+03 1.14e+03 1.13e+03 1.12e+03 1.11e+03 1.10e+03 1.09e+03 1.08e+03 1.07e+03 1.06e+03 1.05e+03 1.04e+03 1.03e+03 1.02e+03 1.01e+03 9.97e+02 9.87e+02 9.77e+02 9.68e+02 9.58e+02 9.49e+02 9.39e+02 9.29e+02 9.20e+02 9.11e+02 9.01e+02 8.92e+02 8.82e+02 8.73e+02 8.64e+02 8.55e+02 8.46e+02 8.37e+02 8.28e+02 8.19e+02 8.10e+02 8.01e+02 7.93e+02 7.84e+02 7.76e+02 7.67e+02 7.59e+02 7.50e+02 7.42e+02 7.34e+02 7.26e+02 7.18e+02 7.10e+02 7.02e+02 6.94e+02 6.87e+02 6.79e+02 6.71e+02 6.64e+02 6.57e+02 6.49e+02 6.42e+02 6.35e+02 6.28e+02 6.21e+02 6.14e+02 6.07e+02 6.01e+02 5.94e+02 5.87e+02 5.81e+02 5.75e+02 5.68e+02 5.62e+02 5.56e+02 5.50e+02 5.44e+02 5.38e+02 5.32e+02 5.26e+02 5.21e+02 5.15e+02 5.10e+02 5.04e+02 4.99e+02 4.93e+02 4.88e+02 4.83e+02 4.78e+02 4.73e+02 4.68e+02 4.63e+02 4.58e+02 4.53e+02 4.49e+02 4.44e+02 4.39e+02 4.35e+02 4.30e+02 4.26e+02 4.22e+02 4.17e+02 4.13e+02 4.09e+02 4.05e+02 4.01e+02 3.97e+02 3.93e+02 3.89e+02 3.85e+02 3.81e+02 3.77e+02 3.73e+02 3.70e+02 3.66e+02 3.62e+02 3.59e+02 3.55e+02 3.52e+02 3.49e+02 3.45e+02 3.42e+02 3.39e+02 3.35e+02 3.32e+02 3.29e+02 3.26e+02 3.23e+02 3.20e+02 3.17e+02 3.14e+02 3.11e+02 3.08e+02 3.05e+02 3.02e+02 2.99e+02 2.96e+02 2.94e+02 2.91e+02 2.88e+02 2.86e+02 2.83e+02 2.80e+02 2.78e+02 2.75e+02 2.73e+02 2.70e+02 2.68e+02 2.65e+02 2.63e+02 2.61e+02 2.58e+02 2.54e+02 2.45e+02 2.28e+02 1.98e+02 1.52e+02 9.11e+01 3.78e+01 2.11e+01 2.00e+01 2.00e+01 2.00e+01 2.00e+01 2.00e+01 
 9.81121645649410e-10   1.41e+03 1.41e+03 1.41e+03 1.41e+03 1.41e+03 1.41e+03 1.41e+03 1.41e+03 1.41e+03 1.41e+03 1.41e+03 1.41e+03 1.41e+03 1.41e+03 1.41e+03 1.41e+03 1.41e+03 1.41e+03 1.41e+03 1.41e+03 1.41e+03 1.41e+03 1.41e+03 1.41e+03 1.41e+03 1.41e+03 1.40e+03 1.39e+03 1.38e+03 1.38e+03 1.37e+03 1.36e+03 1.35e+03 1.34e+03 1.33e+03 1.32e+03 1.31e+03 1.30e+03 1.29e+03 1.28e+03 1.27e+03 1.26e+03 1.25e+03 1.24e+03 1.23e+03 1.22e+03 1.21e+03 1.20e+03 1.19e+03 1.18e+03 1.17e+03 1.16e+03 1.15e+03 1.14e+03 1.13e+03 1.12e+03 1.11e+03 1.10e+03 1.09e+03 1.09e+03 1.08e+03 1.07e+03 1.06e+03 1.05e+03 1.04e+03 1.03e+03 1.02e+03 1.01e+03 9.97e+02 9.87e+02 9.77e+02 9.68e+02 9.58e+02 9.48e+02 9.39e+02 9.29e+02 9.20e+02 9.10e+02 9.01e+02 8.92e+02 8.82e+02 8.73e+02 8.64e+02 8.55e+02 8.46e+02 8.37e+02 8.28e+02 8.19e+02 8.10e+02 8.02e+02 7.93e+02 7.84e+02 7.76e+02 7.67e+02 7.59e+02 7.51e+02 7.42e+02 7.34e+02 7.26e+02 7.18e+02 7.10e+02 7.03e+02 6.95e+02 6.87e+02 6.79e+02 6.72e+02 6.65e+02 6.57e+02 6.50e+02 6.43e+02 6.36e+02 6.29e+02 6.22e+02 6.15e+02 6.08e+02 6.01e+02 5.95e+02 5.88e+02 5.82e+02 5.75e+02 5.69e+02 5.63e+02 5.57e+02 5.51e+02 5.45e+02 5.39e+02 5.33e+02 5.27e+02 5.22e+02 5.16e+02 5.10e+02 5.05e+02 5.00e+02 4.94e+02 4.89e+02 4.84e+02 4.79e+02 4.74e+02 4.69e+02 4.64e+02 4.59e+02 4.54e+02 4.50e+02 4.45e+02 4.40e+02 4.36e+02 4.31e+02 4.27e+02 4.23e+02 4.18e+02 4.14e+02 4.10e+02 4.06e+02 4.02e+02 3.98e+02 3.94e+02 3.90e+02 3.86e+02 3.82e+02 3.78e+02 3.74e+02 3.71e+02 3.67e+02 3.63e+02 3.60e+02 3.56e+02 3.53e+02 3.50e+02 3.46e+02 3.43e+02 3.40e+02 3.36e+02 3.33e+02 3.30e+02 3.27e+02 3.24e+02 3.21e+02 3.18e+02 3.15e+02 3.12e+02 3.09e+02 3.06e+02 3.03e+02 3.00e+02 2.97e+02 2.95e+02 2.92e+02 2.89e+02 2.87e+02 2.84e+02 2.81e+02 2.79e+02 2.76e+02 2.74e+02 2.71e+02 2.69e+02 2.66e+02 2.64e+02 2.62e+02 2.59e+02 2.55e+02 2.46e+02 2.29e+02 1.99e+02 1.53e+02 9.18e+01 3.82e+01 2.11e+01 2.00e+01 2.00e+01 2.00e+01 2.00e+01 2.00e+01 
 9.91126106773649e-10   1.41e+03 1.41e+03 1.41e+03 1.41e+03 1.41e+03 1.41e+03 1.41e+03 1.41e+03 1.41e+03 1.41e+03 1.41e+03 1.41e+03 1.41e+03 1.41e+03 1.41e+03 1.41e+03 1.41e+03 1.41e+03 1.41e+03 1.41e+03 1.41e+03 1.41e+03 1.41e+03 1.41e+03 1.41e+03 1.41e+03 1.40e+03 1.39e+03 1.38e+03 1.37e+03 1.37e+03 1.36e+03 1.35e+03 1.34e+03 1.33e+03 1.32e+03 1.31e+03 1.30e+03 1.29e+03 1.28e+03 1.27e+03 1.26e+03 1.25e+03 1.24e+03 1.23e+03 1.22e+03 1.21e+03 1.20e+03 1.19e+03 1.18e+03 1.17e+03 1.16e+03 1.15e+03 1.14e+03 1.13e+03 1.12e+03 1.11e+03 1.10e+03 1.09e+03 1.08e+03 1.07e+03 1.06e+03 1.05e+03 1.05e+03 1.04e+03 1.03e+03 1.02e+03 1.01e+03 9.96e+02 9.87e+02 9.77e+02 9.67e+02 9.58e+02 9.48e+02 9.39e+02 9.29e+02 9.20e+02 9.10e+02 9.01e+02 8.92e+02 8.82e+02 8.73e+02 8.64e+02 8.55e+02 8.46e+02 8.37e+02 8.28e+02 8.19e+02 8.11e+02 8.02e+02 7.93e+02 7.85e+02 7.76e+02 7.68e+02 7.59e+02 7.51e+02 7.43e+02 7.35e+02 7.27e+02 7.19e+02 7.11e+02 7.03e+02 6.95e+02 6.88e+02 6.80e+02 6.73e+02 6.65e+02 6.58e+02 6.51e+02 6.43e+02 6.36e+02 6.29e+02 6.22e+02 6.16e+02 6.09e+02 6.02e+02 5.95e+02 5.89e+02 5.83e+02 5.76e+02 5.70e+02 5.64e+02 5.58e+02 5.52e+02 5.46e+02 5.40e+02 5.34e+02 5.28e+02 5.22e+02 5.17e+02 5.11e+02 5.06e+02 5.01e+02 4.95e+02 4.90e+02 4.85e+02 4.80e+02 4.75e+02 4.70e+02 4.65e+02 4.60e+02 4.55e+02 4.50e+02 4.46e+02 4.41e+02 4.37e+02 4.32e+02 4.28e+02 4.23e+02 4.19e+02 4.15e+02 4.11e+02 4.07e+02 4.03e+02 3.98e+02 3.95e+02 3.91e+02 3.87e+02 3.83e+02 3.79e+02 3.75e+02 3.72e+02 3.68e+02 3.64e+02 3.61e+02 3.57e+02 3.54e+02 3.51e+02 3.47e+02 3.44e+02 3.41e+02 3.37e+02 3.34e+02 3.31e+02 3.28e+02 3.25e+02 3.22e+02 3.19e+02 3.16e+02 3.13e+02 3.10e+02 3.07e+02 3.04e+02 3.01e+02 2.98e+02 2.96e+02 2.93e+02 2.90e+02 2.88e+02 2.85e+02 2.82e+02 2.80e+02 2.77e+02 2.75e+02 2.72e+02 2.70e+02 2.67e+02 2.65e+02 2.63e+02 2.60e+02 2.56e+02 2.47e+02 2.30e+02 2.00e+02 1.53e+02 9.24e+01 3.85e+01 2.12e+01 2.00e+01 2.00e+01 2.00e+01 2.00e+01 2.00e+01 
 1.00113550264189e-09   1.41e+03 1.41e+03 1.41e+03 1.41e+03 1.41e+03 1.41e+03 1.41e+03 1.41e+03 1.41e+03 1.41e+03 1.41e+03 1.41e+03 1.41e+03 1.41e+03 1.41e+03 1.41e+03 1.41e+03 1.41e+03 1.41e+03 1.41e+03 1.41e+03 1.41e+03 1.41e+03 1.41e+03 1.41e+03 1.41e+03 1.40e+03 1.39e+03 1.38e+03 1.37e+03 1.36e+03 1.36e+03 1.35e+03 1.34e+03 1.33e+03 1.32e+03 1.31e+03 1.30e+03 1.29e+03 1.28e+03 1.27e+03 1.26e+03 1.25e+03 1.24e+03 1.23e+03 1.22e+03 1.21e+03 1.20e+03 1.19e+03 1.18e+03 1.17e+03 1.16e+03 1.15e+03 1.14e+03 1.13e+03 1.12e+03 1.11e+03 1.10e+03 1.09e+03 1.08e+03 1.07e+03 1.06e+03 1.05e+03 1.04e+03 1.03e+03 1.03e+03 1.02e+03 1.01e+03 9.96e+02 9.86e+02 9.77e+02 9.67e+02 9.57e+02 9.48e+02 9.38e+02 9.29e+02 9.20e+02 9.10e+02 9.01e+02 8.92e+02 8.82e+02 8.73e+02 8.64e+02 8.55e+02 8.46e+02 8.37e+02 8.28e+02 8.19e+02 8.11e+02 8.02e+02 7.93e+02 7.85e+02 7.76e+02 7.68e+02 7.60e+02 7.51e+02 7.43e+02 7.35e+02 7.27e+02 7.19e+02 7.11e+02 7.03e+02 6.96e+02 6.88e+02 6.81e+02 6.73e+02 6.66e+02 6.58e+02 6.51e+02 6.44e+02 6.37e+02 6.30e+02 6.23e+02 6.16e+02 6.09e+02 6.03e+02 5.96e+02 5.90e+02 5.83e+02 5.77e+02 5.71e+02 5.64e+02 5.58e+02 5.52e+02 5.46e+02 5.40e+02 5.35e+02 5.29e+02 5.23e+02 5.18e+02 5.12e+02 5.07e+02 5.01e+02 4.96e+02 4.91e+02 4.86e+02 4.81e+02 4.76e+02 4.71e+02 4.66e+02 4.61e+02 4.56e+02 4.51e+02 4.47e+02 4.42e+02 4.38e+02 4.33e+02 4.29e+02 4.24e+02 4.20e+02 4.16e+02 4.12e+02 4.08e+02 4.04e+02 3.99e+02 3.95e+02 3.92e+02 3.88e+02 3.84e+02 3.80e+02 3.76e+02 3.73e+02 3.69e+02 3.65e+02 3.62e+02 3.58e+02 3.55e+02 3.52e+02 3.48e+02 3.45e+02 3.42e+02 3.38e+02 3.35e+02 3.32e+02 3.29e+02 3.26e+02 3.23e+02 3.20e+02 3.17e+02 3.14e+02 3.11e+02 3.08e+02 3.05e+02 3.02e+02 2.99e+02 2.97e+02 2.94e+02 2.91e+02 2.89e+02 2.86e+02 2.83e+02 2.81e+02 2.78e+02 2.76e+02 2.73e+02 2.71e+02 2.68e+02 2.66e+02 2.64e+02 2.61e+02 2.57e+02 2.48e+02 2.31e+02 2.01e+02 1.54e+02 9.31e+01 3.88e+01 2.12e+01 2.00e+01 2.00e+01 2.00e+01 2.00e+01 2.00e+01 
 1.01114979959230e-09   1.41e+03 1.41e+03 1.41e+03 1.41e+03 1.41e+03 1.41e+03 1.41e+03 1.41e+03 1.41e+03 1.41e+03 1.41e+03 1.41e+03 1.41e+03 1.41e+03 1.41e+03 1.41e+03 1.41e+03 1.41e+03 1.41e+03 1.41e+03 1.41e+03 1.41e+03 1.41e+03 1.41e+03 1.41e+03 1.41e+03 1.40e+03 1.39e+03 1.38e+03 1.37e+03 1.36e+03 1.36e+03 1.35e+03 1.34e+03 1.33e+03 1.32e+03 1.31e+03 1.30e+03 1.29e+03 1.28e+03 1.27e+03 1.26e+03 1.25e+03 1.24e+03 1.23e+03 1.22e+03 1.21e+03 1.20e+03 1.19e+03 1.18e+03 1.17e+03 1.16e+03 1.15e+03 1.14e+03 1.13e+03 1.12e+03 1.11e+03 1.10e+03 1.09e+03 1.08e+03 1.07e+03 1.06e+03 1.05e+03 1.04e+03 1.03e+03 1.02e+03 1.01e+03 1.01e+03 9.96e+02 9.86e+02 9.76e+02 9.67e+02 9.57e+02 9.48e+02 9.38e+02 9.29e+02 9.19e+02 9.10e+02 9.01e+02 8.92e+02 8.82e+02 8.73e+02 8.64e+02 8.55e+02 8.46e+02 8.37e+02 8.28e+02 8.20e+02 8.11e+02 8.02e+02 7.94e+02 7.85e+02 7.77e+02 7.68e+02 7.60e+02 7.52e+02 7.44e+02 7.35e+02 7.27e+02 7.20e+02 7.12e+02 7.04e+02 6.96e+02 6.89e+02 6.81e+02 6.74e+02 6.66e+02 6.59e+02 6.52e+02 6.45e+02 6.38e+02 6.31e+02 6.24e+02 6.17e+02 6.10e+02 6.03e+02 5.97e+02 5.90e+02 5.84e+02 5.78e+02 5.71e+02 5.65e+02 5.59e+02 5.53e+02 5.47e+02 5.41e+02 5.36e+02 5.30e+02 5.24e+02 5.19e+02 5.13e+02 5.08e+02 5.02e+02 4.97e+02 4.92e+02 4.87e+02 4.82e+02 4.76e+02 4.72e+02 4.67e+02 4.62e+02 4.57e+02 4.52e+02 4.48e+02 4.43e+02 4.39e+02 4.34e+02 4.30e+02 4.25e+02 4.21e+02 4.17e+02 4.13e+02 4.09e+02 4.04e+02 4.00e+02 3.96e+02 3.93e+02 3.89e+02 3.85e+02 3.81e+02 3.77e+02 3.74e+02 3.70e+02 3.66e+02 3.63e+02 3.59e+02 3.56e+02 3.53e+02 3.49e+02 3.46e+02 3.43e+02 3.39e+02 3.36e+02 3.33e+02 3.30e+02 3.27e+02 3.24e+02 3.21e+02 3.18e+02 3.15e+02 3.12e+02 3.09e+02 3.06e+02 3.03e+02 3.00e+02 2.98e+02 2.95e+02 2.92e+02 2.90e+02 2.87e+02 2.84e+02 2.82e+02 2.79e+02 2.77e+02 2.74e+02 2.72e+02 2.69e+02 2.67e+02 2.65e+02 2.62e+02 2.58e+02 2.49e+02 2.32e+02 2.02e+02 1.55e+02 9.38e+01 3.91e+01 2.12e+01 2.00e+01 2.00e+01 2.00e+01 2.00e+01 2.00e+01 
 1.02116896448096e-09   1.41e+03 1.41e+03 1.41e+03 1.41e+03 1.41e+03 1.41e+03 1.41e+03 1.41e+03 1.41e+03 1.41e+03 1.41e+03 1.41e+03 1.41e+03 1.41e+03 1.41e+03 1.41e+03 1.41e+03 1.41e+03 1.41e+03 1.41e+03 1.41e+03 1.41e+03 1.41e+03 1.41e+03 1.41e+03 1.41e+03 1.40e+03 1.39e+03 1.38e+03 1.37e+03 1.36e+03 1.35e+03 1.35e+03 1.34e+03 1.33e+03 1.32e+03 1.31e+03 1.30e+03 1.29e+03 1.28e+03 1.27e+03 1.26e+03 1.25e+03 1.24e+03 1.23e+03 1.22e+03 1.21e+03 1.20e+03 1.19e+03 1.18e+03 1.17e+03 1.16e+03 1.15e+03 1.14e+03 1.13e+03 1.12e+03 1.11e+03 1.10e+03 1.09e+03 1.08e+03 1.07e+03 1.06e+03 1.05e+03 1.04e+03 1.03e+03 1.02e+03 1.01e+03 1.00e+03 9.95e+02 9.86e+02 9.76e+02 9.67e+02 9.57e+02 9.48e+02 9.38e+02 9.29e+02 9.19e+02 9.10e+02 9.01e+02 8.92e+02 8.82e+02 8.73e+02 8.64e+02 8.55e+02 8.46e+02 8.37e+02 8.29e+02 8.20e+02 8.11e+02 8.02e+02 7.94e+02 7.85e+02 7.77e+02 7.69e+02 7.60e+02 7.52e+02 7.44e+02 7.36e+02 7.28e+02 7.20e+02 7.12e+02 7.04e+02 6.97e+02 6.89e+02 6.82e+02 6.74e+02 6.67e+02 6.59e+02 6.52e+02 6.45e+02 6.38e+02 6.31e+02 6.24e+02 6.18e+02 6.11e+02 6.04e+02 5.98e+02 5.91e+02 5.85e+02 5.78e+02 5.72e+02 5.66e+02 5.60e+02 5.54e+02 5.48e+02 5.42e+02 5.36e+02 5.31e+02 5.25e+02 5.19e+02 5.14e+02 5.08e+02 5.03e+02 4.98e+02 4.93e+02 4.87e+02 4.82e+02 4.77e+02 4.72e+02 4.68e+02 4.63e+02 4.58e+02 4.53e+02 4.49e+02 4.44e+02 4.40e+02 4.35e+02 4.31e+02 4.26e+02 4.22e+02 4.18e+02 4.14e+02 4.10e+02 4.05e+02 4.01e+02 3.97e+02 3.94e+02 3.90e+02 3.86e+02 3.82e+02 3.78e+02 3.75e+02 3.71e+02 3.67e+02 3.64e+02 3.60e+02 3.57e+02 3.54e+02 3.50e+02 3.47e+02 3.44e+02 3.40e+02 3.37e+02 3.34e+02 3.31e+02 3.28e+02 3.25e+02 3.22e+02 3.19e+02 3.16e+02 3.13e+02 3.10e+02 3.07e+02 3.04e+02 3.01e+02 2.99e+02 2.96e+02 2.93e+02 2.90e+02 2.88e+02 2.85e+02 2.83e+02 2.80e+02 2.78e+02 2.75e+02 2.73e+02 2.70e+02 2.68e+02 2.65e+02 2.63e+02 2.58e+02 2.50e+02 2.33e+02 2.03e+02 1.56e+02 9.44e+01 3.94e+01 2.13e+01 2.00e+01 2.00e+01 2.00e+01 2.00e+01 2.00e+01 
 1.03116914898941e-09   1.41e+03 1.41e+03 1.41e+03 1.41e+03 1.41e+03 1.41e+03 1.41e+03 1.41e+03 1.41e+03 1.41e+03 1.41e+03 1.41e+03 1.41e+03 1.41e+03 1.41e+03 1.41e+03 1.41e+03 1.41e+03 1.41e+03 1.41e+03 1.41e+03 1.41e+03 1.41e+03 1.41e+03 1.41e+03 1.41e+03 1.40e+03 1.39e+03 1.38e+03 1.37e+03 1.36e+03 1.35e+03 1.34e+03 1.34e+03 1.33e+03 1.32e+03 1.31e+03 1.30e+03 1.29e+03 1.28e+03 1.27e+03 1.26e+03 1.25e+03 1.24e+03 1.23e+03 1.22e+03 1.21e+03 1.20e+03 1.19e+03 1.18e+03 1.17e+03 1.16e+03 1.15e+03 1.14e+03 1.13e+03 1.12e+03 1.11e+03 1.10e+03 1.09e+03 1.08e+03 1.07e+03 1.06e+03 1.05e+03 1.04e+03 1.03e+03 1.02e+03 1.01e+03 1.00e+03 9.95e+02 9.85e+02 9.76e+02 9.66e+02 9.57e+02 9.47e+02 9.38e+02 9.29e+02 9.19e+02 9.10e+02 9.01e+02 8.91e+02 8.82e+02 8.73e+02 8.64e+02 8.55e+02 8.46e+02 8.37e+02 8.29e+02 8.20e+02 8.11e+02 8.03e+02 7.94e+02 7.86e+02 7.77e+02 7.69e+02 7.61e+02 7.52e+02 7.44e+02 7.36e+02 7.28e+02 7.20e+02 7.13e+02 7.05e+02 6.97e+02 6.90e+02 6.82e+02 6.75e+02 6.67e+02 6.60e+02 6.53e+02 6.46e+02 6.39e+02 6.32e+02 6.25e+02 6.18e+02 6.11e+02 6.05e+02 5.98e+02 5.92e+02 5.85e+02 5.79e+02 5.73e+02 5.67e+02 5.61e+02 5.55e+02 5.49e+02 5.43e+02 5.37e+02 5.31e+02 5.26e+02 5.20e+02 5.15e+02 5.09e+02 5.04e+02 4.99e+02 4.94e+02 4.88e+02 4.83e+02 4.78e+02 4.73e+02 4.68e+02 4.64e+02 4.59e+02 4.54e+02 4.50e+02 4.45e+02 4.40e+02 4.36e+02 4.32e+02 4.27e+02 4.23e+02 4.19e+02 4.15e+02 4.10e+02 4.06e+02 4.02e+02 3.98e+02 3.94e+02 3.91e+02 3.87e+02 3.83e+02 3.79e+02 3.76e+02 3.72e+02 3.68e+02 3.65e+02 3.61e+02 3.58e+02 3.54e+02 3.51e+02 3.48e+02 3.44e+02 3.41e+02 3.38e+02 3.35e+02 3.32e+02 3.29e+02 3.26e+02 3.23e+02 3.20e+02 3.17e+02 3.14e+02 3.11e+02 3.08e+02 3.05e+02 3.02e+02 3.00e+02 2.97e+02 2.94e+02 2.91e+02 2.89e+02 2.86e+02 2.84e+02 2.81e+02 2.79e+02 2.76e+02 2.74e+02 2.71e+02 2.69e+02 2.66e+02 2.64e+02 2.59e+02 2.50e+02 2.34e+02 2.04e+02 1.57e+02 9.51e+01 3.97e+01 2.13e+01 2.00e+01 2.00e+01 2.00e+01 2.00e+01 2.00e+01 
 1.04117411393791e-09   1.41e+03 1.41e+03 1.41e+03 1.41e+03 1.41e+03 1.41e+03 1.41e+03 1.41e+03 1.41e+03 1.41e+03 1.41e+03 1.41e+03 1.41e+03 1.41e+03 1.41e+03 1.41e+03 1.41e+03 1.41e+03 1.41e+03 1.41e+03 1.41e+03 1.41e+03 1.41e+03 1.41e+03 1.41e+03 1.40e+03 1.40e+03 1.39e+03 1.38e+03 1.37e+03 1.36e+03 1.35e+03 1.34e+03 1.33e+03 1.33e+03 1.32e+03 1.31e+03 1.30e+03 1.29e+03 1.28e+03 1.27e+03 1.26e+03 1.25e+03 1.24e+03 1.23e+03 1.22e+03 1.21e+03 1.20e+03 1.19e+03 1.18e+03 1.17e+03 1.16e+03 1.15e+03 1.14e+03 1.13e+03 1.12e+03 1.11e+03 1.10e+03 1.09e+03 1.08e+03 1.07e+03 1.06e+03 1.05e+03 1.04e+03 1.03e+03 1.02e+03 1.01e+03 1.00e+03 9.95e+02 9.85e+02 9.76e+02 9.66e+02 9.57e+02 9.47e+02 9.38e+02 9.28e+02 9.19e+02 9.10e+02 9.01e+02 8.91e+02 8.82e+02 8.73e+02 8.64e+02 8.55e+02 8.46e+02 8.38e+02 8.29e+02 8.20e+02 8.11e+02 8.03e+02 7.94e+02 7.86e+02 7.77e+02 7.69e+02 7.61e+02 7.53e+02 7.45e+02 7.37e+02 7.29e+02 7.21e+02 7.13e+02 7.05e+02 6.98e+02 6.90e+02 6.83e+02 6.75e+02 6.68e+02 6.61e+02 6.53e+02 6.46e+02 6.39e+02 6.32e+02 6.26e+02 6.19e+02 6.12e+02 6.06e+02 5.99e+02 5.93e+02 5.86e+02 5.80e+02 5.74e+02 5.68e+02 5.61e+02 5.55e+02 5.50e+02 5.44e+02 5.38e+02 5.32e+02 5.27e+02 5.21e+02 5.16e+02 5.10e+02 5.05e+02 5.00e+02 4.94e+02 4.89e+02 4.84e+02 4.79e+02 4.74e+02 4.69e+02 4.65e+02 4.60e+02 4.55e+02 4.50e+02 4.46e+02 4.41e+02 4.37e+02 4.33e+02 4.28e+02 4.24e+02 4.20e+02 4.16e+02 4.11e+02 4.07e+02 4.03e+02 3.99e+02 3.95e+02 3.92e+02 3.88e+02 3.84e+02 3.80e+02 3.77e+02 3.73e+02 3.69e+02 3.66e+02 3.62e+02 3.59e+02 3.55e+02 3.52e+02 3.49e+02 3.45e+02 3.42e+02 3.39e+02 3.36e+02 3.33e+02 3.30e+02 3.27e+02 3.23e+02 3.21e+02 3.18e+02 3.15e+02 3.12e+02 3.09e+02 3.06e+02 3.03e+02 3.01e+02 2.98e+02 2.95e+02 2.92e+02 2.90e+02 2.87e+02 2.85e+02 2.82e+02 2.80e+02 2.77e+02 2.75e+02 2.72e+02 2.70e+02 2.67e+02 2.65e+02 2.60e+02 2.51e+02 2.35e+02 2.05e+02 1.58e+02 9.57e+01 4.01e+01 2.13e+01 2.00e+01 2.00e+01 2.00e+01 2.00e+01 2.00e+01 
 1.05118382788744e-09   1.41e+03 1.41e+03 1.41e+03 1.41e+03 1.41e+03 1.41e+03 1.41e+03 1.41e+03 1.41e+03 1.41e+03 1.41e+03 1.41e+03 1.41e+03 1.41e+03 1.41e+03 1.41e+03 1.41e+03 1.41e+03 1.41e+03 1.41e+03 1.41e+03 1.41e+03 1.41e+03 1.41e+03 1.41e+03 1.40e+03 1.39e+03 1.39e+03 1.38e+03 1.37e+03 1.36e+03 1.35e+03 1.34e+03 1.33e+03 1.32e+03 1.31e+03 1.30e+03 1.29e+03 1.29e+03 1.28e+03 1.27e+03 1.26e+03 1.25e+03 1.24e+03 1.23e+03 1.22e+03 1.21e+03 1.20e+03 1.19e+03 1.18e+03 1.17e+03 1.16e+03 1.15e+03 1.14e+03 1.13e+03 1.12e+03 1.11e+03 1.10e+03 1.09e+03 1.08e+03 1.07e+03 1.06e+03 1.05e+03 1.04e+03 1.03e+03 1.02e+03 1.01e+03 1.00e+03 9.94e+02 9.85e+02 9.75e+02 9.66e+02 9.56e+02 9.47e+02 9.38e+02 9.28e+02 9.19e+02 9.10e+02 9.01e+02 8.91e+02 8.82e+02 8.73e+02 8.64e+02 8.55e+02 8.46e+02 8.38e+02 8.29e+02 8.20e+02 8.12e+02 8.03e+02 7.95e+02 7.86e+02 7.78e+02 7.69e+02 7.61e+02 7.53e+02 7.45e+02 7.37e+02 7.29e+02 7.21e+02 7.13e+02 7.06e+02 6.98e+02 6.91e+02 6.83e+02 6.76e+02 6.68e+02 6.61e+02 6.54e+02 6.47e+02 6.40e+02 6.33e+02 6.26e+02 6.19e+02 6.13e+02 6.06e+02 6.00e+02 5.93e+02 5.87e+02 5.81e+02 5.74e+02 5.68e+02 5.62e+02 5.56e+02 5.50e+02 5.45e+02 5.39e+02 5.33e+02 5.27e+02 5.22e+02 5.16e+02 5.11e+02 5.06e+02 5.00e+02 4.95e+02 4.90e+02 4.85e+02 4.80e+02 4.75e+02 4.70e+02 4.65e+02 4.61e+02 4.56e+02 4.51e+02 4.47e+02 4.42e+02 4.38e+02 4.33e+02 4.29e+02 4.25e+02 4.21e+02 4.16e+02 4.12e+02 4.08e+02 4.04e+02 4.00e+02 3.96e+02 3.93e+02 3.89e+02 3.85e+02 3.81e+02 3.78e+02 3.74e+02 3.70e+02 3.67e+02 3.63e+02 3.60e+02 3.56e+02 3.53e+02 3.50e+02 3.46e+02 3.43e+02 3.40e+02 3.37e+02 3.34e+02 3.31e+02 3.27e+02 3.24e+02 3.21e+02 3.19e+02 3.16e+02 3.13e+02 3.10e+02 3.07e+02 3.04e+02 3.01e+02 2.99e+02 2.96e+02 2.93e+02 2.91e+02 2.88e+02 2.86e+02 2.83e+02 2.81e+02 2.78e+02 2.76e+02 2.73e+02 2.71e+02 2.68e+02 2.66e+02 2.61e+02 2.52e+02 2.35e+02 2.06e+02 1.58e+02 9.64e+01 4.04e+01 2.14e+01 2.00e+01 2.00e+01 2.00e+01 2.00e+01 2.00e+01 
 1.06119825986520e-09   1.41e+03 1.41e+03 1.41e+03 1.41e+03 1.41e+03 1.41e+03 1.41e+03 1.41e+03 1.41e+03 1.41e+03 1.41e+03 1.41e+03 1.41e+03 1.41e+03 1.41e+03 1.41e+03 1.41e+03 1.41e+03 1.41e+03 1.41e+03 1.41e+03 1.41e+03 1.41e+03 1.41e+03 1.41e+03 1.40e+03 1.39e+03 1.38e+03 1.38e+03 1.37e+03 1.36e+03 1.35e+03 1.34e+03 1.33e+03 1.32e+03 1.31e+03 1.30e+03 1.29e+03 1.28e+03 1.27e+03 1.26e+03 1.26e+03 1.25e+03 1.24e+03 1.23e+03 1.22e+03 1.21e+03 1.20e+03 1.19e+03 1.18e+03 1.17e+03 1.16e+03 1.15e+03 1.14e+03 1.13e+03 1.12e+03 1.11e+03 1.10e+03 1.09e+03 1.08e+03 1.07e+03 1.06e+03 1.05e+03 1.04e+03 1.03e+03 1.02e+03 1.01e+03 1.00e+03 9.94e+02 9.85e+02 9.75e+02 9.66e+02 9.56e+02 9.47e+02 9.37e+02 9.28e+02 9.19e+02 9.10e+02 9.01e+02 8.91e+02 8.82e+02 8.73e+02 8.64e+02 8.55e+02 8.47e+02 8.38e+02 8.29e+02 8.20e+02 8.12e+02 8.03e+02 7.95e+02 7.86e+02 7.78e+02 7.70e+02 7.62e+02 7.53e+02 7.45e+02 7.37e+02 7.29e+02 7.22e+02 7.14e+02 7.06e+02 6.99e+02 6.91e+02 6.84e+02 6.76e+02 6.69e+02 6.62e+02 6.55e+02 6.48e+02 6.41e+02 6.34e+02 6.27e+02 6.20e+02 6.13e+02 6.07e+02 6.00e+02 5.94e+02 5.88e+02 5.81e+02 5.75e+02 5.69e+02 5.63e+02 5.57e+02 5.51e+02 5.45e+02 5.40e+02 5.34e+02 5.28e+02 5.23e+02 5.17e+02 5.12e+02 5.07e+02 5.01e+02 4.96e+02 4.91e+02 4.86e+02 4.81e+02 4.76e+02 4.71e+02 4.66e+02 4.62e+02 4.57e+02 4.52e+02 4.48e+02 4.43e+02 4.39e+02 4.34e+02 4.30e+02 4.26e+02 4.22e+02 4.17e+02 4.13e+02 4.09e+02 4.05e+02 4.01e+02 3.97e+02 3.93e+02 3.90e+02 3.86e+02 3.82e+02 3.79e+02 3.75e+02 3.71e+02 3.68e+02 3.64e+02 3.61e+02 3.57e+02 3.54e+02 3.51e+02 3.47e+02 3.44e+02 3.41e+02 3.38e+02 3.35e+02 3.32e+02 3.28e+02 3.25e+02 3.22e+02 3.19e+02 3.17e+02 3.14e+02 3.11e+02 3.08e+02 3.05e+02 3.02e+02 3.00e+02 2.97e+02 2.94e+02 2.92e+02 2.89e+02 2.87e+02 2.84e+02 2.81e+02 2.79e+02 2.77e+02 2.74e+02 2.72e+02 2.69e+02 2.67e+02 2.62e+02 2.53e+02 2.36e+02 2.07e+02 1.59e+02 9.70e+01 4.07e+01 2.14e+01 2.00e+01 2.00e+01 2.00e+01 2.00e+01 2.00e+01 
 1.07121737935364e-09   1.41e+03 1.41e+03 1.41e+03 1.41e+03 1.41e+03 1.41e+03 1.41e+03 1.41e+03 1.41e+03 1.41e+03 1.41e+03 1.41e+03 1.41e+03 1.41e+03 1.41e+03 1.41e+03 1.41e+03 1.41e+03 1.41e+03 1.41e+03 1.41e+03 1.41e+03 1.41e+03 1.41e+03 1.41e+03 1.40e+03 1.39e+03 1.38e+03 1.38e+03 1.37e+03 1.36e+03 1.35e+03 1.34e+03 1.33e+03 1.32e+03 1.31e+03 1.30e+03 1.29e+03 1.28e+03 1.27e+03 1.26e+03 1.25e+03 1.24e+03 1.24e+03 1.23e+03 1.22e+03 1.21e+03 1.20e+03 1.19e+03 1.18e+03 1.17e+03 1.16e+03 1.15e+03 1.14e+03 1.13e+03 1.12e+03 1.11e+03 1.10e+03 1.09e+03 1.08e+03 1.07e+03 1.06e+03 1.05e+03 1.04e+03 1.03e+03 1.02e+03 1.01e+03 1.00e+03 9.94e+02 9.84e+02 9.75e+02 9.65e+02 9.56e+02 9.47e+02 9.37e+02 9.28e+02 9.19e+02 9.10e+02 9.00e+02 8.91e+02 8.82e+02 8.73e+02 8.64e+02 8.56e+02 8.47e+02 8.38e+02 8.29e+02 8.21e+02 8.12e+02 8.03e+02 7.95e+02 7.87e+02 7.78e+02 7.70e+02 7.62e+02 7.54e+02 7.46e+02 7.38e+02 7.30e+02 7.22e+02 7.14e+02 7.07e+02 6.99e+02 6.92e+02 6.84e+02 6.77e+02 6.70e+02 6.62e+02 6.55e+02 6.48e+02 6.41e+02 6.34e+02 6.28e+02 6.21e+02 6.14e+02 6.08e+02 6.01e+02 5.95e+02 5.88e+02 5.82e+02 5.76e+02 5.70e+02 5.64e+02 5.58e+02 5.52e+02 5.46e+02 5.40e+02 5.35e+02 5.29e+02 5.24e+02 5.18e+02 5.13e+02 5.07e+02 5.02e+02 4.97e+02 4.92e+02 4.87e+02 4.82e+02 4.77e+02 4.72e+02 4.67e+02 4.63e+02 4.58e+02 4.53e+02 4.49e+02 4.44e+02 4.40e+02 4.35e+02 4.31e+02 4.27e+02 4.23e+02 4.18e+02 4.14e+02 4.10e+02 4.06e+02 4.02e+02 3.98e+02 3.94e+02 3.91e+02 3.87e+02 3.83e+02 3.79e+02 3.76e+02 3.72e+02 3.69e+02 3.65e+02 3.62e+02 3.58e+02 3.55e+02 3.52e+02 3.48e+02 3.45e+02 3.42e+02 3.39e+02 3.36e+02 3.32e+02 3.29e+02 3.26e+02 3.23e+02 3.20e+02 3.18e+02 3.15e+02 3.12e+02 3.09e+02 3.06e+02 3.03e+02 3.01e+02 2.98e+02 2.95e+02 2.93e+02 2.90e+02 2.87e+02 2.85e+02 2.82e+02 2.80e+02 2.77e+02 2.75e+02 2.73e+02 2.70e+02 2.68e+02 2.63e+02 2.54e+02 2.37e+02 2.07e+02 1.60e+02 9.77e+01 4.10e+01 2.14e+01 2.00e+01 2.00e+01 2.00e+01 2.00e+01 2.00e+01 
 1.08124115627985e-09   1.41e+03 1.41e+03 1.41e+03 1.41e+03 1.41e+03 1.41e+03 1.41e+03 1.41e+03 1.41e+03 1.41e+03 1.41e+03 1.41e+03 1.41e+03 1.41e+03 1.41e+03 1.41e+03 1.41e+03 1.41e+03 1.41e+03 1.41e+03 1.41e+03 1.41e+03 1.41e+03 1.41e+03 1.41e+03 1.40e+03 1.39e+03 1.38e+03 1.37e+03 1.37e+03 1.36e+03 1.35e+03 1.34e+03 1.33e+03 1.32e+03 1.31e+03 1.30e+03 1.29e+03 1.28e+03 1.27e+03 1.26e+03 1.25e+03 1.24e+03 1.23e+03 1.22e+03 1.21e+03 1.21e+03 1.20e+03 1.19e+03 1.18e+03 1.17e+03 1.16e+03 1.15e+03 1.14e+03 1.13e+03 1.12e+03 1.11e+03 1.10e+03 1.09e+03 1.08e+03 1.07e+03 1.06e+03 1.05e+03 1.04e+03 1.03e+03 1.02e+03 1.01e+03 1.00e+03 9.94e+02 9.84e+02 9.75e+02 9.65e+02 9.56e+02 9.46e+02 9.37e+02 9.28e+02 9.19e+02 9.10e+02 9.00e+02 8.91e+02 8.82e+02 8.73e+02 8.64e+02 8.56e+02 8.47e+02 8.38e+02 8.29e+02 8.21e+02 8.12e+02 8.04e+02 7.95e+02 7.87e+02 7.79e+02 7.70e+02 7.62e+02 7.54e+02 7.46e+02 7.38e+02 7.30e+02 7.22e+02 7.15e+02 7.07e+02 7.00e+02 6.92e+02 6.85e+02 6.77e+02 6.70e+02 6.63e+02 6.56e+02 6.49e+02 6.42e+02 6.35e+02 6.28e+02 6.21e+02 6.15e+02 6.08e+02 6.02e+02 5.95e+02 5.89e+02 5.83e+02 5.77e+02 5.71e+02 5.65e+02 5.59e+02 5.53e+02 5.47e+02 5.41e+02 5.35e+02 5.30e+02 5.24e+02 5.19e+02 5.14e+02 5.08e+02 5.03e+02 4.98e+02 4.93e+02 4.88e+02 4.83e+02 4.78e+02 4.73e+02 4.68e+02 4.63e+02 4.59e+02 4.54e+02 4.50e+02 4.45e+02 4.41e+02 4.36e+02 4.32e+02 4.28e+02 4.23e+02 4.19e+02 4.15e+02 4.11e+02 4.07e+02 4.03e+02 3.99e+02 3.95e+02 3.92e+02 3.88e+02 3.84e+02 3.80e+02 3.77e+02 3.73e+02 3.70e+02 3.66e+02 3.63e+02 3.59e+02 3.56e+02 3.53e+02 3.49e+02 3.46e+02 3.43e+02 3.40e+02 3.37e+02 3.33e+02 3.30e+02 3.27e+02 3.24e+02 3.21e+02 3.18e+02 3.16e+02 3.13e+02 3.10e+02 3.07e+02 3.04e+02 3.02e+02 2.99e+02 2.96e+02 2.94e+02 2.91e+02 2.88e+02 2.86e+02 2.83e+02 2.81e+02 2.78e+02 2.76e+02 2.74e+02 2.71e+02 2.69e+02 2.64e+02 2.55e+02 2.38e+02 2.08e+02 1.61e+02 9.83e+01 4.13e+01 2.15e+01 2.00e+01 2.00e+01 2.00e+01 2.00e+01 2.00e+01 
 1.09124567837819e-09   1.41e+03 1.41e+03 1.41e+03 1.41e+03 1.41e+03 1.41e+03 1.41e+03 1.41e+03 1.41e+03 1.41e+03 1.41e+03 1.41e+03 1.41e+03 1.41e+03 1.41e+03 1.41e+03 1.41e+03 1.41e+03 1.41e+03 1.41e+03 1.41e+03 1.41e+03 1.41e+03 1.41e+03 1.41e+03 1.40e+03 1.39e+03 1.38e+03 1.37e+03 1.37e+03 1.36e+03 1.35e+03 1.34e+03 1.33e+03 1.32e+03 1.31e+03 1.30e+03 1.29e+03 1.28e+03 1.27e+03 1.26e+03 1.25e+03 1.24e+03 1.23e+03 1.22e+03 1.21e+03 1.20e+03 1.19e+03 1.19e+03 1.18e+03 1.17e+03 1.16e+03 1.15e+03 1.14e+03 1.13e+03 1.12e+03 1.11e+03 1.10e+03 1.09e+03 1.08e+03 1.07e+03 1.06e+03 1.05e+03 1.04e+03 1.03e+03 1.02e+03 1.01e+03 1.00e+03 9.93e+02 9.84e+02 9.74e+02 9.65e+02 9.56e+02 9.46e+02 9.37e+02 9.28e+02 9.19e+02 9.10e+02 9.00e+02 8.91e+02 8.82e+02 8.73e+02 8.65e+02 8.56e+02 8.47e+02 8.38e+02 8.30e+02 8.21e+02 8.12e+02 8.04e+02 7.96e+02 7.87e+02 7.79e+02 7.71e+02 7.63e+02 7.54e+02 7.46e+02 7.39e+02 7.31e+02 7.23e+02 7.15e+02 7.08e+02 7.00e+02 6.93e+02 6.85e+02 6.78e+02 6.71e+02 6.63e+02 6.56e+02 6.49e+02 6.42e+02 6.36e+02 6.29e+02 6.22e+02 6.15e+02 6.09e+02 6.02e+02 5.96e+02 5.90e+02 5.84e+02 5.77e+02 5.71e+02 5.65e+02 5.59e+02 5.53e+02 5.48e+02 5.42e+02 5.36e+02 5.31e+02 5.25e+02 5.20e+02 5.14e+02 5.09e+02 5.04e+02 4.99e+02 4.94e+02 4.89e+02 4.84e+02 4.79e+02 4.74e+02 4.69e+02 4.64e+02 4.60e+02 4.55e+02 4.50e+02 4.46e+02 4.42e+02 4.37e+02 4.33e+02 4.29e+02 4.24e+02 4.20e+02 4.16e+02 4.12e+02 4.08e+02 4.04e+02 4.00e+02 3.96e+02 3.92e+02 3.89e+02 3.85e+02 3.81e+02 3.78e+02 3.74e+02 3.71e+02 3.67e+02 3.64e+02 3.60e+02 3.57e+02 3.54e+02 3.50e+02 3.47e+02 3.44e+02 3.41e+02 3.37e+02 3.34e+02 3.31e+02 3.28e+02 3.25e+02 3.22e+02 3.19e+02 3.17e+02 3.14e+02 3.11e+02 3.08e+02 3.05e+02 3.03e+02 3.00e+02 2.97e+02 2.95e+02 2.92e+02 2.89e+02 2.87e+02 2.84e+02 2.82e+02 2.79e+02 2.77e+02 2.74e+02 2.72e+02 2.70e+02 2.65e+02 2.56e+02 2.39e+02 2.09e+02 1.62e+02 9.90e+01 4.17e+01 2.15e+01 2.00e+01 2.00e+01 2.00e+01 2.00e+01 2.00e+01 
 1.10125477725824e-09   1.41e+03 1.41e+03 1.41e+03 1.41e+03 1.41e+03 1.41e+03 1.41e+03 1.41e+03 1.41e+03 1.41e+03 1.41e+03 1.41e+03 1.41e+03 1.41e+03 1.41e+03 1.41e+03 1.41e+03 1.41e+03 1.41e+03 1.41e+03 1.41e+03 1.41e+03 1.41e+03 1.41e+03 1.41e+03 1.40e+03 1.39e+03 1.38e+03 1.37e+03 1.37e+03 1.36e+03 1.35e+03 1.34e+03 1.33e+03 1.32e+03 1.31e+03 1.30e+03 1.29e+03 1.28e+03 1.27e+03 1.26e+03 1.25e+03 1.24e+03 1.23e+03 1.22e+03 1.21e+03 1.20e+03 1.19e+03 1.18e+03 1.18e+03 1.17e+03 1.16e+03 1.15e+03 1.14e+03 1.13e+03 1.12e+03 1.11e+03 1.10e+03 1.09e+03 1.08e+03 1.07e+03 1.06e+03 1.05e+03 1.04e+03 1.03e+03 1.02e+03 1.01e+03 1.00e+03 9.93e+02 9.84e+02 9.74e+02 9.65e+02 9.55e+02 9.46e+02 9.37e+02 9.28e+02 9.19e+02 9.09e+02 9.00e+02 8.91e+02 8.82e+02 8.73e+02 8.65e+02 8.56e+02 8.47e+02 8.38e+02 8.30e+02 8.21e+02 8.13e+02 8.04e+02 7.96e+02 7.87e+02 7.79e+02 7.71e+02 7.63e+02 7.55e+02 7.47e+02 7.39e+02 7.31e+02 7.23e+02 7.16e+02 7.08e+02 7.01e+02 6.93e+02 6.86e+02 6.78e+02 6.71e+02 6.64e+02 6.57e+02 6.50e+02 6.43e+02 6.36e+02 6.29e+02 6.23e+02 6.16e+02 6.10e+02 6.03e+02 5.97e+02 5.90e+02 5.84e+02 5.78e+02 5.72e+02 5.66e+02 5.60e+02 5.54e+02 5.48e+02 5.43e+02 5.37e+02 5.32e+02 5.26e+02 5.21e+02 5.15e+02 5.10e+02 5.05e+02 5.00e+02 4.94e+02 4.89e+02 4.84e+02 4.80e+02 4.75e+02 4.70e+02 4.65e+02 4.61e+02 4.56e+02 4.51e+02 4.47e+02 4.42e+02 4.38e+02 4.34e+02 4.29e+02 4.25e+02 4.21e+02 4.17e+02 4.13e+02 4.09e+02 4.05e+02 4.01e+02 3.97e+02 3.93e+02 3.90e+02 3.86e+02 3.82e+02 3.79e+02 3.75e+02 3.72e+02 3.68e+02 3.65e+02 3.61e+02 3.58e+02 3.54e+02 3.51e+02 3.48e+02 3.45e+02 3.42e+02 3.38e+02 3.35e+02 3.32e+02 3.29e+02 3.26e+02 3.23e+02 3.20e+02 3.17e+02 3.15e+02 3.12e+02 3.09e+02 3.06e+02 3.03e+02 3.01e+02 2.98e+02 2.95e+02 2.93e+02 2.90e+02 2.88e+02 2.85e+02 2.83e+02 2.80e+02 2.78e+02 2.75e+02 2.73e+02 2.71e+02 2.66e+02 2.57e+02 2.40e+02 2.10e+02 1.62e+02 9.96e+01 4.20e+01 2.16e+01 2.00e+01 2.00e+01 2.00e+01 2.00e+01 2.00e+01 
 1.11126842432439e-09   1.41e+03 1.41e+03 1.41e+03 1.41e+03 1.41e+03 1.41e+03 1.41e+03 1.41e+03 1.41e+03 1.41e+03 1.41e+03 1.41e+03 1.41e+03 1.41e+03 1.41e+03 1.41e+03 1.41e+03 1.41e+03 1.41e+03 1.41e+03 1.41e+03 1.41e+03 1.41e+03 1.41e+03 1.41e+03 1.40e+03 1.39e+03 1.38e+03 1.37e+03 1.36e+03 1.36e+03 1.35e+03 1.34e+03 1.33e+03 1.32e+03 1.31e+03 1.30e+03 1.29e+03 1.28e+03 1.27e+03 1.26e+03 1.25e+03 1.24e+03 1.23e+03 1.22e+03 1.21e+03 1.20e+03 1.19e+03 1.18e+03 1.17e+03 1.16e+03 1.16e+03 1.15e+03 1.14e+03 1.13e+03 1.12e+03 1.11e+03 1.10e+03 1.09e+03 1.08e+03 1.07e+03 1.06e+03 1.05e+03 1.04e+03 1.03e+03 1.02e+03 1.01e+03 1.00e+03 9.93e+02 9.83e+02 9.74e+02 9.65e+02 9.55e+02 9.46e+02 9.37e+02 9.28e+02 9.19e+02 9.09e+02 9.00e+02 8.91e+02 8.82e+02 8.74e+02 8.65e+02 8.56e+02 8.47e+02 8.38e+02 8.30e+02 8.21e+02 8.13e+02 8.04e+02 7.96e+02 7.88e+02 7.79e+02 7.71e+02 7.63e+02 7.55e+02 7.47e+02 7.39e+02 7.32e+02 7.24e+02 7.16e+02 7.09e+02 7.01e+02 6.94e+02 6.86e+02 6.79e+02 6.72e+02 6.65e+02 6.58e+02 6.51e+02 6.44e+02 6.37e+02 6.30e+02 6.23e+02 6.17e+02 6.10e+02 6.04e+02 5.97e+02 5.91e+02 5.85e+02 5.79e+02 5.73e+02 5.67e+02 5.61e+02 5.55e+02 5.49e+02 5.44e+02 5.38e+02 5.32e+02 5.27e+02 5.21e+02 5.16e+02 5.11e+02 5.06e+02 5.00e+02 4.95e+02 4.90e+02 4.85e+02 4.80e+02 4.76e+02 4.71e+02 4.66e+02 4.61e+02 4.57e+02 4.52e+02 4.48e+02 4.43e+02 4.39e+02 4.35e+02 4.30e+02 4.26e+02 4.22e+02 4.18e+02 4.14e+02 4.10e+02 4.06e+02 4.02e+02 3.98e+02 3.94e+02 3.91e+02 3.87e+02 3.83e+02 3.80e+02 3.76e+02 3.72e+02 3.69e+02 3.66e+02 3.62e+02 3.59e+02 3.55e+02 3.52e+02 3.49e+02 3.46e+02 3.42e+02 3.39e+02 3.36e+02 3.33e+02 3.30e+02 3.27e+02 3.24e+02 3.21e+02 3.18e+02 3.16e+02 3.13e+02 3.10e+02 3.07e+02 3.04e+02 3.02e+02 2.99e+02 2.96e+02 2.94e+02 2.91e+02 2.89e+02 2.86e+02 2.84e+02 2.81e+02 2.79e+02 2.76e+02 2.74e+02 2.72e+02 2.67e+02 2.58e+02 2.41e+02 2.11e+02 1.63e+02 1.00e+02 4.23e+01 2.16e+01 2.00e+01 2.00e+01 2.00e+01 2.00e+01 2.00e+01 
 1.12128659138249e-09   1.41e+03 1.41e+03 1.41e+03 1.41e+03 1.41e+03 1.41e+03 1.41e+03 1.41e+03 1.41e+03 1.41e+03 1.41e+03 1.41e+03 1.41e+03 1.41e+03 1.41e+03 1.41e+03 1.41e+03 1.41e+03 1.41e+03 1.41e+03 1.41e+03 1.41e+03 1.41e+03 1.41e+03 1.40e+03 1.40e+03 1.39e+03 1.38e+03 1.37e+03 1.36e+03 1.35e+03 1.35e+03 1.34e+03 1.33e+03 1.32e+03 1.31e+03 1.30e+03 1.29e+03 1.28e+03 1.27e+03 1.26e+03 1.25e+03 1.24e+03 1.23e+03 1.22e+03 1.21e+03 1.20e+03 1.19e+03 1.18e+03 1.17e+03 1.16e+03 1.15e+03 1.14e+03 1.14e+03 1.13e+03 1.12e+03 1.11e+03 1.10e+03 1.09e+03 1.08e+03 1.07e+03 1.06e+03 1.05e+03 1.04e+03 1.03e+03 1.02e+03 1.01e+03 1.00e+03 9.92e+02 9.83e+02 9.74e+02 9.64e+02 9.55e+02 9.46e+02 9.37e+02 9.28e+02 9.18e+02 9.09e+02 9.00e+02 8.91e+02 8.82e+02 8.74e+02 8.65e+02 8.56e+02 8.47e+02 8.39e+02 8.30e+02 8.21e+02 8.13e+02 8.05e+02 7.96e+02 7.88e+02 7.80e+02 7.72e+02 7.64e+02 7.56e+02 7.48e+02 7.40e+02 7.32e+02 7.24e+02 7.17e+02 7.09e+02 7.01e+02 6.94e+02 6.87e+02 6.79e+02 6.72e+02 6.65e+02 6.58e+02 6.51e+02 6.44e+02 6.37e+02 6.31e+02 6.24e+02 6.17e+02 6.11e+02 6.05e+02 5.98e+02 5.92e+02 5.86e+02 5.80e+02 5.73e+02 5.68e+02 5.62e+02 5.56e+02 5.50e+02 5.44e+02 5.39e+02 5.33e+02 5.28e+02 5.22e+02 5.17e+02 5.12e+02 5.06e+02 5.01e+02 4.96e+02 4.91e+02 4.86e+02 4.81e+02 4.76e+02 4.72e+02 4.67e+02 4.62e+02 4.58e+02 4.53e+02 4.49e+02 4.44e+02 4.40e+02 4.36e+02 4.31e+02 4.27e+02 4.23e+02 4.19e+02 4.15e+02 4.11e+02 4.07e+02 4.03e+02 3.99e+02 3.95e+02 3.92e+02 3.88e+02 3.84e+02 3.80e+02 3.77e+02 3.73e+02 3.70e+02 3.66e+02 3.63e+02 3.60e+02 3.56e+02 3.53e+02 3.50e+02 3.47e+02 3.43e+02 3.40e+02 3.37e+02 3.34e+02 3.31e+02 3.28e+02 3.25e+02 3.22e+02 3.19e+02 3.16e+02 3.14e+02 3.11e+02 3.08e+02 3.05e+02 3.03e+02 3.00e+02 2.97e+02 2.95e+02 2.92e+02 2.90e+02 2.87e+02 2.85e+02 2.82e+02 2.80e+02 2.77e+02 2.75e+02 2.72e+02 2.68e+02 2.59e+02 2.42e+02 2.12e+02 1.64e+02 1.01e+02 4.26e+01 2.16e+01 2.00e+01 2.00e+01 2.00e+01 2.00e+01 2.00e+01 
 1.13130925063070e-09   1.41e+03 1.41e+03 1.41e+03 1.41e+03 1.41e+03 1.41e+03 1.41e+03 1.41e+03 1.41e+03 1.41e+03 1.41e+03 1.41e+03 1.41e+03 1.41e+03 1.41e+03 1.41e+03 1.41e+03 1.41e+03 1.41e+03 1.41e+03 1.41e+03 1.41e+03 1.41e+03 1.41e+03 1.40e+03 1.39e+03 1.39e+03 1.38e+03 1.37e+03 1.36e+03 1.35e+03 1.34e+03 1.33e+03 1.32e+03 1.32e+03 1.31e+03 1.30e+03 1.29e+03 1.28e+03 1.27e+03 1.26e+03 1.25e+03 1.24e+03 1.23e+03 1.22e+03 1.21e+03 1.20e+03 1.19e+03 1.18e+03 1.17e+03 1.16e+03 1.15e+03 1.14e+03 1.13e+03 1.13e+03 1.12e+03 1.11e+03 1.10e+03 1.09e+03 1.08e+03 1.07e+03 1.06e+03 1.05e+03 1.04e+03 1.03e+03 1.02e+03 1.01e+03 1.00e+03 9.92e+02 9.83e+02 9.74e+02 9.64e+02 9.55e+02 9.46e+02 9.37e+02 9.27e+02 9.18e+02 9.09e+02 9.00e+02 8.91e+02 8.82e+02 8.74e+02 8.65e+02 8.56e+02 8.47e+02 8.39e+02 8.30e+02 8.22e+02 8.13e+02 8.05e+02 7.97e+02 7.88e+02 7.80e+02 7.72e+02 7.64e+02 7.56e+02 7.48e+02 7.40e+02 7.32e+02 7.25e+02 7.17e+02 7.09e+02 7.02e+02 6.95e+02 6.87e+02 6.80e+02 6.73e+02 6.66e+02 6.59e+02 6.52e+02 6.45e+02 6.38e+02 6.31e+02 6.25e+02 6.18e+02 6.12e+02 6.05e+02 5.99e+02 5.93e+02 5.86e+02 5.80e+02 5.74e+02 5.68e+02 5.62e+02 5.57e+02 5.51e+02 5.45e+02 5.39e+02 5.34e+02 5.28e+02 5.23e+02 5.18e+02 5.12e+02 5.07e+02 5.02e+02 4.97e+02 4.92e+02 4.87e+02 4.82e+02 4.77e+02 4.72e+02 4.68e+02 4.63e+02 4.59e+02 4.54e+02 4.50e+02 4.45e+02 4.41e+02 4.36e+02 4.32e+02 4.28e+02 4.24e+02 4.20e+02 4.16e+02 4.12e+02 4.08e+02 4.04e+02 4.00e+02 3.96e+02 3.92e+02 3.89e+02 3.85e+02 3.81e+02 3.78e+02 3.74e+02 3.71e+02 3.67e+02 3.64e+02 3.61e+02 3.57e+02 3.54e+02 3.51e+02 3.48e+02 3.44e+02 3.41e+02 3.38e+02 3.35e+02 3.32e+02 3.29e+02 3.26e+02 3.23e+02 3.20e+02 3.17e+02 3.15e+02 3.12e+02 3.09e+02 3.06e+02 3.04e+02 3.01e+02 2.98e+02 2.96e+02 2.93e+02 2.90e+02 2.88e+02 2.85e+02 2.83e+02 2.81e+02 2.78e+02 2.76e+02 2.73e+02 2.69e+02 2.60e+02 2.43e+02 2.13e+02 1.65e+02 1.01e+02 4.30e+01 2.17e+01 2.00e+01 2.00e+01 2.00e+01 2.00e+01 2.00e+01 
 1.14131243827331e-09   1.41e+03 1.41e+03 1.41e+03 1.41e+03 1.41e+03 1.41e+03 1.41e+03 1.41e+03 1.41e+03 1.41e+03 1.41e+03 1.41e+03 1.41e+03 1.41e+03 1.41e+03 1.41e+03 1.41e+03 1.41e+03 1.41e+03 1.41e+03 1.41e+03 1.41e+03 1.41e+03 1.41e+03 1.40e+03 1.39e+03 1.39e+03 1.38e+03 1.37e+03 1.36e+03 1.35e+03 1.34e+03 1.33e+03 1.32e+03 1.31e+03 1.30e+03 1.30e+03 1.29e+03 1.28e+03 1.27e+03 1.26e+03 1.25e+03 1.24e+03 1.23e+03 1.22e+03 1.21e+03 1.20e+03 1.19e+03 1.18e+03 1.17e+03 1.16e+03 1.15e+03 1.14e+03 1.13e+03 1.12e+03 1.12e+03 1.11e+03 1.10e+03 1.09e+03 1.08e+03 1.07e+03 1.06e+03 1.05e+03 1.04e+03 1.03e+03 1.02e+03 1.01e+03 1.00e+03 9.92e+02 9.83e+02 9.73e+02 9.64e+02 9.55e+02 9.46e+02 9.37e+02 9.27e+02 9.18e+02 9.09e+02 9.00e+02 8.91e+02 8.83e+02 8.74e+02 8.65e+02 8.56e+02 8.48e+02 8.39e+02 8.30e+02 8.22e+02 8.13e+02 8.05e+02 7.97e+02 7.89e+02 7.80e+02 7.72e+02 7.64e+02 7.56e+02 7.48e+02 7.41e+02 7.33e+02 7.25e+02 7.17e+02 7.10e+02 7.02e+02 6.95e+02 6.88e+02 6.81e+02 6.73e+02 6.66e+02 6.59e+02 6.52e+02 6.45e+02 6.39e+02 6.32e+02 6.25e+02 6.19e+02 6.12e+02 6.06e+02 6.00e+02 5.93e+02 5.87e+02 5.81e+02 5.75e+02 5.69e+02 5.63e+02 5.57e+02 5.52e+02 5.46e+02 5.40e+02 5.35e+02 5.29e+02 5.24e+02 5.18e+02 5.13e+02 5.08e+02 5.03e+02 4.98e+02 4.93e+02 4.88e+02 4.83e+02 4.78e+02 4.73e+02 4.69e+02 4.64e+02 4.59e+02 4.55e+02 4.50e+02 4.46e+02 4.42e+02 4.37e+02 4.33e+02 4.29e+02 4.25e+02 4.21e+02 4.17e+02 4.13e+02 4.09e+02 4.05e+02 4.01e+02 3.97e+02 3.93e+02 3.90e+02 3.86e+02 3.82e+02 3.79e+02 3.75e+02 3.72e+02 3.68e+02 3.65e+02 3.61e+02 3.58e+02 3.55e+02 3.52e+02 3.48e+02 3.45e+02 3.42e+02 3.39e+02 3.36e+02 3.33e+02 3.30e+02 3.27e+02 3.24e+02 3.21e+02 3.18e+02 3.15e+02 3.13e+02 3.10e+02 3.07e+02 3.04e+02 3.02e+02 2.99e+02 2.97e+02 2.94e+02 2.91e+02 2.89e+02 2.86e+02 2.84e+02 2.81e+02 2.79e+02 2.77e+02 2.74e+02 2.70e+02 2.61e+02 2.44e+02 2.13e+02 1.65e+02 1.02e+02 4.33e+01 2.17e+01 2.00e+01 2.00e+01 2.00e+01 2.00e+01 2.00e+01 
 1.15132004255027e-09   1.41e+03 1.41e+03 1.41e+03 1.41e+03 1.41e+03 1.41e+03 1.41e+03 1.41e+03 1.41e+03 1.41e+03 1.41e+03 1.41e+03 1.41e+03 1.41e+03 1.41e+03 1.41e+03 1.41e+03 1.41e+03 1.41e+03 1.41e+03 1.41e+03 1.41e+03 1.41e+03 1.41e+03 1.40e+03 1.39e+03 1.38e+03 1.38e+03 1.37e+03 1.36e+03 1.35e+03 1.34e+03 1.33e+03 1.32e+03 1.31e+03 1.30e+03 1.29e+03 1.28e+03 1.28e+03 1.27e+03 1.26e+03 1.25e+03 1.24e+03 1.23e+03 1.22e+03 1.21e+03 1.20e+03 1.19e+03 1.18e+03 1.17e+03 1.16e+03 1.15e+03 1.14e+03 1.13e+03 1.12e+03 1.11e+03 1.11e+03 1.10e+03 1.09e+03 1.08e+03 1.07e+03 1.06e+03 1.05e+03 1.04e+03 1.03e+03 1.02e+03 1.01e+03 1.00e+03 9.92e+02 9.82e+02 9.73e+02 9.64e+02 9.55e+02 9.46e+02 9.36e+02 9.27e+02 9.18e+02 9.09e+02 9.00e+02 8.91e+02 8.83e+02 8.74e+02 8.65e+02 8.56e+02 8.48e+02 8.39e+02 8.31e+02 8.22e+02 8.14e+02 8.05e+02 7.97e+02 7.89e+02 7.81e+02 7.73e+02 7.65e+02 7.57e+02 7.49e+02 7.41e+02 7.33e+02 7.25e+02 7.18e+02 7.10e+02 7.03e+02 6.96e+02 6.88e+02 6.81e+02 6.74e+02 6.67e+02 6.60e+02 6.53e+02 6.46e+02 6.39e+02 6.33e+02 6.26e+02 6.19e+02 6.13e+02 6.07e+02 6.00e+02 5.94e+02 5.88e+02 5.82e+02 5.76e+02 5.70e+02 5.64e+02 5.58e+02 5.52e+02 5.47e+02 5.41e+02 5.35e+02 5.30e+02 5.25e+02 5.19e+02 5.14e+02 5.09e+02 5.04e+02 4.99e+02 4.94e+02 4.89e+02 4.84e+02 4.79e+02 4.74e+02 4.69e+02 4.65e+02 4.60e+02 4.56e+02 4.51e+02 4.47e+02 4.43e+02 4.38e+02 4.34e+02 4.30e+02 4.26e+02 4.22e+02 4.17e+02 4.13e+02 4.10e+02 4.06e+02 4.02e+02 3.98e+02 3.94e+02 3.91e+02 3.87e+02 3.83e+02 3.80e+02 3.76e+02 3.73e+02 3.69e+02 3.66e+02 3.62e+02 3.59e+02 3.56e+02 3.53e+02 3.49e+02 3.46e+02 3.43e+02 3.40e+02 3.37e+02 3.34e+02 3.31e+02 3.28e+02 3.25e+02 3.22e+02 3.19e+02 3.16e+02 3.14e+02 3.11e+02 3.08e+02 3.05e+02 3.03e+02 3.00e+02 2.97e+02 2.95e+02 2.92e+02 2.90e+02 2.87e+02 2.85e+02 2.82e+02 2.80e+02 2.77e+02 2.75e+02 2.70e+02 2.61e+02 2.44e+02 2.14e+02 1.66e+02 1.03e+02 4.36e+01 2.18e+01 2.00e+01 2.00e+01 2.00e+01 2.00e+01 2.00e+01 
 1.16133203697339e-09   1.41e+03 1.41e+03 1.41e+03 1.41e+03 1.41e+03 1.41e+03 1.41e+03 1.41e+03 1.41e+03 1.41e+03 1.41e+03 1.41e+03 1.41e+03 1.41e+03 1.41e+03 1.41e+03 1.41e+03 1.41e+03 1.41e+03 1.41e+03 1.41e+03 1.41e+03 1.41e+03 1.41e+03 1.40e+03 1.39e+03 1.38e+03 1.38e+03 1.37e+03 1.36e+03 1.35e+03 1.34e+03 1.33e+03 1.32e+03 1.31e+03 1.30e+03 1.29e+03 1.28e+03 1.27e+03 1.27e+03 1.26e+03 1.25e+03 1.24e+03 1.23e+03 1.22e+03 1.21e+03 1.20e+03 1.19e+03 1.18e+03 1.17e+03 1.16e+03 1.15e+03 1.14e+03 1.13e+03 1.12e+03 1.11e+03 1.10e+03 1.10e+03 1.09e+03 1.08e+03 1.07e+03 1.06e+03 1.05e+03 1.04e+03 1.03e+03 1.02e+03 1.01e+03 1.00e+03 9.91e+02 9.82e+02 9.73e+02 9.64e+02 9.55e+02 9.45e+02 9.36e+02 9.27e+02 9.18e+02 9.09e+02 9.00e+02 8.91e+02 8.83e+02 8.74e+02 8.65e+02 8.56e+02 8.48e+02 8.39e+02 8.31e+02 8.22e+02 8.14e+02 8.06e+02 7.97e+02 7.89e+02 7.81e+02 7.73e+02 7.65e+02 7.57e+02 7.49e+02 7.41e+02 7.34e+02 7.26e+02 7.18e+02 7.11e+02 7.03e+02 6.96e+02 6.89e+02 6.82e+02 6.74e+02 6.67e+02 6.60e+02 6.53e+02 6.47e+02 6.40e+02 6.33e+02 6.27e+02 6.20e+02 6.14e+02 6.07e+02 6.01e+02 5.95e+02 5.88e+02 5.82e+02 5.76e+02 5.70e+02 5.65e+02 5.59e+02 5.53e+02 5.47e+02 5.42e+02 5.36e+02 5.31e+02 5.25e+02 5.20e+02 5.15e+02 5.10e+02 5.04e+02 4.99e+02 4.94e+02 4.89e+02 4.85e+02 4.80e+02 4.75e+02 4.70e+02 4.66e+02 4.61e+02 4.57e+02 4.52e+02 4.48e+02 4.43e+02 4.39e+02 4.35e+02 4.31e+02 4.26e+02 4.22e+02 4.18e+02 4.14e+02 4.10e+02 4.07e+02 4.03e+02 3.99e+02 3.95e+02 3.91e+02 3.88e+02 3.84e+02 3.81e+02 3.77e+02 3.74e+02 3.70e+02 3.67e+02 3.63e+02 3.60e+02 3.57e+02 3.53e+02 3.50e+02 3.47e+02 3.44e+02 3.41e+02 3.38e+02 3.35e+02 3.32e+02 3.29e+02 3.26e+02 3.23e+02 3.20e+02 3.17e+02 3.14e+02 3.12e+02 3.09e+02 3.06e+02 3.04e+02 3.01e+02 2.98e+02 2.96e+02 2.93e+02 2.91e+02 2.88e+02 2.86e+02 2.83e+02 2.81e+02 2.78e+02 2.76e+02 2.71e+02 2.62e+02 2.45e+02 2.15e+02 1.67e+02 1.03e+02 4.39e+01 2.18e+01 2.00e+01 2.00e+01 2.00e+01 2.00e+01 2.00e+01 
 1.17134839540934e-09   1.41e+03 1.41e+03 1.41e+03 1.41e+03 1.41e+03 1.41e+03 1.41e+03 1.41e+03 1.41e+03 1.41e+03 1.41e+03 1.41e+03 1.41e+03 1.41e+03 1.41e+03 1.41e+03 1.41e+03 1.41e+03 1.41e+03 1.41e+03 1.41e+03 1.41e+03 1.41e+03 1.41e+03 1.40e+03 1.39e+03 1.38e+03 1.38e+03 1.37e+03 1.36e+03 1.35e+03 1.34e+03 1.33e+03 1.32e+03 1.31e+03 1.30e+03 1.29e+03 1.28e+03 1.27e+03 1.26e+03 1.26e+03 1.25e+03 1.24e+03 1.23e+03 1.22e+03 1.21e+03 1.20e+03 1.19e+03 1.18e+03 1.17e+03 1.16e+03 1.15e+03 1.14e+03 1.13e+03 1.12e+03 1.11e+03 1.10e+03 1.09e+03 1.09e+03 1.08e+03 1.07e+03 1.06e+03 1.05e+03 1.04e+03 1.03e+03 1.02e+03 1.01e+03 1.00e+03 9.91e+02 9.82e+02 9.73e+02 9.64e+02 9.54e+02 9.45e+02 9.36e+02 9.27e+02 9.18e+02 9.09e+02 9.00e+02 8.91e+02 8.83e+02 8.74e+02 8.65e+02 8.57e+02 8.48e+02 8.39e+02 8.31e+02 8.22e+02 8.14e+02 8.06e+02 7.98e+02 7.89e+02 7.81e+02 7.73e+02 7.65e+02 7.57e+02 7.49e+02 7.42e+02 7.34e+02 7.26e+02 7.19e+02 7.11e+02 7.04e+02 6.97e+02 6.89e+02 6.82e+02 6.75e+02 6.68e+02 6.61e+02 6.54e+02 6.47e+02 6.40e+02 6.34e+02 6.27e+02 6.21e+02 6.14e+02 6.08e+02 6.02e+02 5.95e+02 5.89e+02 5.83e+02 5.77e+02 5.71e+02 5.65e+02 5.60e+02 5.54e+02 5.48e+02 5.43e+02 5.37e+02 5.32e+02 5.26e+02 5.21e+02 5.16e+02 5.10e+02 5.05e+02 5.00e+02 4.95e+02 4.90e+02 4.85e+02 4.81e+02 4.76e+02 4.71e+02 4.67e+02 4.62e+02 4.57e+02 4.53e+02 4.49e+02 4.44e+02 4.40e+02 4.36e+02 4.32e+02 4.27e+02 4.23e+02 4.19e+02 4.15e+02 4.11e+02 4.07e+02 4.04e+02 4.00e+02 3.96e+02 3.92e+02 3.89e+02 3.85e+02 3.81e+02 3.78e+02 3.74e+02 3.71e+02 3.68e+02 3.64e+02 3.61e+02 3.58e+02 3.54e+02 3.51e+02 3.48e+02 3.45e+02 3.42e+02 3.39e+02 3.36e+02 3.33e+02 3.30e+02 3.27e+02 3.24e+02 3.21e+02 3.18e+02 3.15e+02 3.13e+02 3.10e+02 3.07e+02 3.04e+02 3.02e+02 2.99e+02 2.97e+02 2.94e+02 2.92e+02 2.89e+02 2.87e+02 2.84e+02 2.82e+02 2.79e+02 2.77e+02 2.72e+02 2.63e+02 2.46e+02 2.16e+02 1.68e+02 1.04e+02 4.43e+01 2.18e+01 2.00e+01 2.00e+01 2.00e+01 2.00e+01 2.00e+01 
 1.18136909207183e-09   1.41e+03 1.41e+03 1.41e+03 1.41e+03 1.41e+03 1.41e+03 1.41e+03 1.41e+03 1.41e+03 1.41e+03 1.41e+03 1.41e+03 1.41e+03 1.41e+03 1.41e+03 1.41e+03 1.41e+03 1.41e+03 1.41e+03 1.41e+03 1.41e+03 1.41e+03 1.41e+03 1.41e+03 1.40e+03 1.39e+03 1.38e+03 1.38e+03 1.37e+03 1.36e+03 1.35e+03 1.34e+03 1.33e+03 1.32e+03 1.31e+03 1.30e+03 1.29e+03 1.28e+03 1.27e+03 1.26e+03 1.25e+03 1.25e+03 1.24e+03 1.23e+03 1.22e+03 1.21e+03 1.20e+03 1.19e+03 1.18e+03 1.17e+03 1.16e+03 1.15e+03 1.14e+03 1.13e+03 1.12e+03 1.11e+03 1.10e+03 1.09e+03 1.08e+03 1.08e+03 1.07e+03 1.06e+03 1.05e+03 1.04e+03 1.03e+03 1.02e+03 1.01e+03 1.00e+03 9.91e+02 9.82e+02 9.73e+02 9.63e+02 9.54e+02 9.45e+02 9.36e+02 9.27e+02 9.18e+02 9.09e+02 9.00e+02 8.91e+02 8.83e+02 8.74e+02 8.65e+02 8.57e+02 8.48e+02 8.40e+02 8.31e+02 8.23e+02 8.14e+02 8.06e+02 7.98e+02 7.90e+02 7.82e+02 7.74e+02 7.66e+02 7.58e+02 7.50e+02 7.42e+02 7.34e+02 7.27e+02 7.19e+02 7.12e+02 7.04e+02 6.97e+02 6.90e+02 6.83e+02 6.75e+02 6.68e+02 6.62e+02 6.55e+02 6.48e+02 6.41e+02 6.34e+02 6.28e+02 6.21e+02 6.15e+02 6.09e+02 6.02e+02 5.96e+02 5.90e+02 5.84e+02 5.78e+02 5.72e+02 5.66e+02 5.60e+02 5.55e+02 5.49e+02 5.43e+02 5.38e+02 5.32e+02 5.27e+02 5.22e+02 5.16e+02 5.11e+02 5.06e+02 5.01e+02 4.96e+02 4.91e+02 4.86e+02 4.81e+02 4.77e+02 4.72e+02 4.67e+02 4.63e+02 4.58e+02 4.54e+02 4.49e+02 4.45e+02 4.41e+02 4.37e+02 4.32e+02 4.28e+02 4.24e+02 4.20e+02 4.16e+02 4.12e+02 4.08e+02 4.04e+02 4.01e+02 3.97e+02 3.93e+02 3.90e+02 3.86e+02 3.82e+02 3.79e+02 3.75e+02 3.72e+02 3.68e+02 3.65e+02 3.62e+02 3.58e+02 3.55e+02 3.52e+02 3.49e+02 3.46e+02 3.43e+02 3.40e+02 3.37e+02 3.34e+02 3.31e+02 3.28e+02 3.25e+02 3.22e+02 3.19e+02 3.16e+02 3.13e+02 3.11e+02 3.08e+02 3.05e+02 3.03e+02 3.00e+02 2.98e+02 2.95e+02 2.92e+02 2.90e+02 2.87e+02 2.85e+02 2.83e+02 2.80e+02 2.78e+02 2.73e+02 2.64e+02 2.47e+02 2.17e+02 1.69e+02 1.05e+02 4.46e+01 2.19e+01 2.00e+01 2.00e+01 2.00e+01 2.00e+01 2.00e+01 
 1.19137011311151e-09   1.41e+03 1.41e+03 1.41e+03 1.41e+03 1.41e+03 1.41e+03 1.41e+03 1.41e+03 1.41e+03 1.41e+03 1.41e+03 1.41e+03 1.41e+03 1.41e+03 1.41e+03 1.41e+03 1.41e+03 1.41e+03 1.41e+03 1.41e+03 1.41e+03 1.41e+03 1.41e+03 1.41e+03 1.40e+03 1.39e+03 1.38e+03 1.37e+03 1.37e+03 1.36e+03 1.35e+03 1.34e+03 1.33e+03 1.32e+03 1.31e+03 1.30e+03 1.29e+03 1.28e+03 1.27e+03 1.26e+03 1.25e+03 1.24e+03 1.24e+03 1.23e+03 1.22e+03 1.21e+03 1.20e+03 1.19e+03 1.18e+03 1.17e+03 1.16e+03 1.15e+03 1.14e+03 1.13e+03 1.12e+03 1.11e+03 1.10e+03 1.09e+03 1.08e+03 1.07e+03 1.07e+03 1.06e+03 1.05e+03 1.04e+03 1.03e+03 1.02e+03 1.01e+03 1.00e+03 9.91e+02 9.82e+02 9.72e+02 9.63e+02 9.54e+02 9.45e+02 9.36e+02 9.27e+02 9.18e+02 9.09e+02 9.00e+02 8.92e+02 8.83e+02 8.74e+02 8.65e+02 8.57e+02 8.48e+02 8.40e+02 8.31e+02 8.23e+02 8.15e+02 8.06e+02 7.98e+02 7.90e+02 7.82e+02 7.74e+02 7.66e+02 7.58e+02 7.50e+02 7.42e+02 7.35e+02 7.27e+02 7.20e+02 7.12e+02 7.05e+02 6.98e+02 6.90e+02 6.83e+02 6.76e+02 6.69e+02 6.62e+02 6.55e+02 6.48e+02 6.42e+02 6.35e+02 6.28e+02 6.22e+02 6.16e+02 6.09e+02 6.03e+02 5.97e+02 5.91e+02 5.85e+02 5.79e+02 5.73e+02 5.67e+02 5.61e+02 5.55e+02 5.50e+02 5.44e+02 5.39e+02 5.33e+02 5.28e+02 5.22e+02 5.17e+02 5.12e+02 5.07e+02 5.02e+02 4.97e+02 4.92e+02 4.87e+02 4.82e+02 4.78e+02 4.73e+02 4.68e+02 4.64e+02 4.59e+02 4.55e+02 4.50e+02 4.46e+02 4.42e+02 4.37e+02 4.33e+02 4.29e+02 4.25e+02 4.21e+02 4.17e+02 4.13e+02 4.09e+02 4.05e+02 4.02e+02 3.98e+02 3.94e+02 3.90e+02 3.87e+02 3.83e+02 3.80e+02 3.76e+02 3.73e+02 3.69e+02 3.66e+02 3.63e+02 3.59e+02 3.56e+02 3.53e+02 3.50e+02 3.47e+02 3.44e+02 3.40e+02 3.37e+02 3.34e+02 3.31e+02 3.29e+02 3.26e+02 3.23e+02 3.20e+02 3.17e+02 3.14e+02 3.12e+02 3.09e+02 3.06e+02 3.04e+02 3.01e+02 2.98e+02 2.96e+02 2.93e+02 2.91e+02 2.88e+02 2.86e+02 2.83e+02 2.81e+02 2.79e+02 2.74e+02 2.65e+02 2.48e+02 2.18e+02 1.69e+02 1.05e+02 4.49e+01 2.19e+01 2.00e+01 2.00e+01 2.00e+01 2.00e+01 2.00e+01 
 1.20137540138515e-09   1.41e+03 1.41e+03 1.41e+03 1.41e+03 1.41e+03 1.41e+03 1.41e+03 1.41e+03 1.41e+03 1.41e+03 1.41e+03 1.41e+03 1.41e+03 1.41e+03 1.41e+03 1.41e+03 1.41e+03 1.41e+03 1.41e+03 1.41e+03 1.41e+03 1.41e+03 1.41e+03 1.41e+03 1.40e+03 1.39e+03 1.38e+03 1.37e+03 1.37e+03 1.36e+03 1.35e+03 1.34e+03 1.33e+03 1.32e+03 1.31e+03 1.30e+03 1.29e+03 1.28e+03 1.27e+03 1.26e+03 1.25e+03 1.24e+03 1.23e+03 1.23e+03 1.22e+03 1.21e+03 1.20e+03 1.19e+03 1.18e+03 1.17e+03 1.16e+03 1.15e+03 1.14e+03 1.13e+03 1.12e+03 1.11e+03 1.10e+03 1.09e+03 1.08e+03 1.07e+03 1.06e+03 1.06e+03 1.05e+03 1.04e+03 1.03e+03 1.02e+03 1.01e+03 1.00e+03 9.91e+02 9.81e+02 9.72e+02 9.63e+02 9.54e+02 9.45e+02 9.36e+02 9.27e+02 9.18e+02 9.09e+02 9.00e+02 8.92e+02 8.83e+02 8.74e+02 8.65e+02 8.57e+02 8.48e+02 8.40e+02 8.31e+02 8.23e+02 8.15e+02 8.07e+02 7.98e+02 7.90e+02 7.82e+02 7.74e+02 7.66e+02 7.58e+02 7.51e+02 7.43e+02 7.35e+02 7.28e+02 7.20e+02 7.13e+02 7.05e+02 6.98e+02 6.91e+02 6.84e+02 6.77e+02 6.70e+02 6.63e+02 6.56e+02 6.49e+02 6.42e+02 6.36e+02 6.29e+02 6.23e+02 6.16e+02 6.10e+02 6.04e+02 5.97e+02 5.91e+02 5.85e+02 5.79e+02 5.73e+02 5.67e+02 5.62e+02 5.56e+02 5.50e+02 5.45e+02 5.39e+02 5.34e+02 5.29e+02 5.23e+02 5.18e+02 5.13e+02 5.08e+02 5.03e+02 4.98e+02 4.93e+02 4.88e+02 4.83e+02 4.78e+02 4.74e+02 4.69e+02 4.65e+02 4.60e+02 4.56e+02 4.51e+02 4.47e+02 4.43e+02 4.38e+02 4.34e+02 4.30e+02 4.26e+02 4.22e+02 4.18e+02 4.14e+02 4.10e+02 4.06e+02 4.02e+02 3.99e+02 3.95e+02 3.91e+02 3.88e+02 3.84e+02 3.81e+02 3.77e+02 3.74e+02 3.70e+02 3.67e+02 3.64e+02 3.60e+02 3.57e+02 3.54e+02 3.51e+02 3.47e+02 3.44e+02 3.41e+02 3.38e+02 3.35e+02 3.32e+02 3.29e+02 3.27e+02 3.24e+02 3.21e+02 3.18e+02 3.15e+02 3.13e+02 3.10e+02 3.07e+02 3.04e+02 3.02e+02 2.99e+02 2.97e+02 2.94e+02 2.92e+02 2.89e+02 2.87e+02 2.84e+02 2.82e+02 2.79e+02 2.75e+02 2.66e+02 2.49e+02 2.18e+02 1.70e+02 1.06e+02 4.52e+01 2.20e+01 2.00e+01 2.00e+01 2.00e+01 2.00e+01 2.00e+01 
 1.21138493227949e-09   1.41e+03 1.41e+03 1.41e+03 1.41e+03 1.41e+03 1.41e+03 1.41e+03 1.41e+03 1.41e+03 1.41e+03 1.41e+03 1.41e+03 1.41e+03 1.41e+03 1.41e+03 1.41e+03 1.41e+03 1.41e+03 1.41e+03 1.41e+03 1.41e+03 1.41e+03 1.41e+03 1.40e+03 1.40e+03 1.39e+03 1.38e+03 1.37e+03 1.36e+03 1.35e+03 1.34e+03 1.34e+03 1.33e+03 1.32e+03 1.31e+03 1.30e+03 1.29e+03 1.28e+03 1.27e+03 1.26e+03 1.25e+03 1.24e+03 1.23e+03 1.22e+03 1.22e+03 1.21e+03 1.20e+03 1.19e+03 1.18e+03 1.17e+03 1.16e+03 1.15e+03 1.14e+03 1.13e+03 1.12e+03 1.11e+03 1.10e+03 1.09e+03 1.08e+03 1.07e+03 1.06e+03 1.06e+03 1.05e+03 1.04e+03 1.03e+03 1.02e+03 1.01e+03 1.00e+03 9.90e+02 9.81e+02 9.72e+02 9.63e+02 9.54e+02 9.45e+02 9.36e+02 9.27e+02 9.18e+02 9.09e+02 9.00e+02 8.92e+02 8.83e+02 8.74e+02 8.66e+02 8.57e+02 8.48e+02 8.40e+02 8.32e+02 8.23e+02 8.15e+02 8.07e+02 7.99e+02 7.90e+02 7.82e+02 7.74e+02 7.67e+02 7.59e+02 7.51e+02 7.43e+02 7.36e+02 7.28e+02 7.21e+02 7.13e+02 7.06e+02 6.99e+02 6.91e+02 6.84e+02 6.77e+02 6.70e+02 6.63e+02 6.56e+02 6.50e+02 6.43e+02 6.36e+02 6.30e+02 6.23e+02 6.17e+02 6.11e+02 6.04e+02 5.98e+02 5.92e+02 5.86e+02 5.80e+02 5.74e+02 5.68e+02 5.62e+02 5.57e+02 5.51e+02 5.46e+02 5.40e+02 5.35e+02 5.29e+02 5.24e+02 5.19e+02 5.14e+02 5.09e+02 5.03e+02 4.99e+02 4.94e+02 4.89e+02 4.84e+02 4.79e+02 4.75e+02 4.70e+02 4.65e+02 4.61e+02 4.56e+02 4.52e+02 4.48e+02 4.43e+02 4.39e+02 4.35e+02 4.31e+02 4.27e+02 4.23e+02 4.19e+02 4.15e+02 4.11e+02 4.07e+02 4.03e+02 4.00e+02 3.96e+02 3.92e+02 3.89e+02 3.85e+02 3.81e+02 3.78e+02 3.75e+02 3.71e+02 3.68e+02 3.64e+02 3.61e+02 3.58e+02 3.55e+02 3.52e+02 3.48e+02 3.45e+02 3.42e+02 3.39e+02 3.36e+02 3.33e+02 3.30e+02 3.27e+02 3.25e+02 3.22e+02 3.19e+02 3.16e+02 3.13e+02 3.11e+02 3.08e+02 3.05e+02 3.03e+02 3.00e+02 2.98e+02 2.95e+02 2.93e+02 2.90e+02 2.88e+02 2.85e+02 2.83e+02 2.80e+02 2.76e+02 2.67e+02 2.50e+02 2.19e+02 1.71e+02 1.06e+02 4.56e+01 2.20e+01 2.00e+01 2.00e+01 2.00e+01 2.00e+01 2.00e+01 
 1.22139868149621e-09   1.41e+03 1.41e+03 1.41e+03 1.41e+03 1.41e+03 1.41e+03 1.41e+03 1.41e+03 1.41e+03 1.41e+03 1.41e+03 1.41e+03 1.41e+03 1.41e+03 1.41e+03 1.41e+03 1.41e+03 1.41e+03 1.41e+03 1.41e+03 1.41e+03 1.41e+03 1.41e+03 1.40e+03 1.39e+03 1.39e+03 1.38e+03 1.37e+03 1.36e+03 1.35e+03 1.34e+03 1.33e+03 1.32e+03 1.32e+03 1.31e+03 1.30e+03 1.29e+03 1.28e+03 1.27e+03 1.26e+03 1.25e+03 1.24e+03 1.23e+03 1.22e+03 1.21e+03 1.20e+03 1.20e+03 1.19e+03 1.18e+03 1.17e+03 1.16e+03 1.15e+03 1.14e+03 1.13e+03 1.12e+03 1.11e+03 1.10e+03 1.09e+03 1.08e+03 1.07e+03 1.06e+03 1.05e+03 1.05e+03 1.04e+03 1.03e+03 1.02e+03 1.01e+03 9.99e+02 9.90e+02 9.81e+02 9.72e+02 9.63e+02 9.54e+02 9.45e+02 9.36e+02 9.27e+02 9.18e+02 9.09e+02 9.00e+02 8.92e+02 8.83e+02 8.74e+02 8.66e+02 8.57e+02 8.49e+02 8.40e+02 8.32e+02 8.23e+02 8.15e+02 8.07e+02 7.99e+02 7.91e+02 7.83e+02 7.75e+02 7.67e+02 7.59e+02 7.51e+02 7.44e+02 7.36e+02 7.28e+02 7.21e+02 7.14e+02 7.06e+02 6.99e+02 6.92e+02 6.85e+02 6.78e+02 6.71e+02 6.64e+02 6.57e+02 6.50e+02 6.43e+02 6.37e+02 6.30e+02 6.24e+02 6.17e+02 6.11e+02 6.05e+02 5.99e+02 5.93e+02 5.87e+02 5.81e+02 5.75e+02 5.69e+02 5.63e+02 5.57e+02 5.52e+02 5.46e+02 5.41e+02 5.35e+02 5.30e+02 5.25e+02 5.20e+02 5.14e+02 5.09e+02 5.04e+02 4.99e+02 4.94e+02 4.90e+02 4.85e+02 4.80e+02 4.75e+02 4.71e+02 4.66e+02 4.62e+02 4.57e+02 4.53e+02 4.49e+02 4.44e+02 4.40e+02 4.36e+02 4.32e+02 4.28e+02 4.24e+02 4.20e+02 4.16e+02 4.12e+02 4.08e+02 4.04e+02 4.00e+02 3.97e+02 3.93e+02 3.89e+02 3.86e+02 3.82e+02 3.79e+02 3.75e+02 3.72e+02 3.69e+02 3.65e+02 3.62e+02 3.59e+02 3.56e+02 3.52e+02 3.49e+02 3.46e+02 3.43e+02 3.40e+02 3.37e+02 3.34e+02 3.31e+02 3.28e+02 3.25e+02 3.23e+02 3.20e+02 3.17e+02 3.14e+02 3.12e+02 3.09e+02 3.06e+02 3.04e+02 3.01e+02 2.98e+02 2.96e+02 2.93e+02 2.91e+02 2.88e+02 2.86e+02 2.84e+02 2.81e+02 2.77e+02 2.67e+02 2.50e+02 2.20e+02 1.72e+02 1.07e+02 4.59e+01 2.21e+01 2.00e+01 2.00e+01 2.00e+01 2.00e+01 2.00e+01 
 1.23141662504510e-09   1.41e+03 1.41e+03 1.41e+03 1.41e+03 1.41e+03 1.41e+03 1.41e+03 1.41e+03 1.41e+03 1.41e+03 1.41e+03 1.41e+03 1.41e+03 1.41e+03 1.41e+03 1.41e+03 1.41e+03 1.41e+03 1.41e+03 1.41e+03 1.41e+03 1.41e+03 1.41e+03 1.40e+03 1.39e+03 1.39e+03 1.38e+03 1.37e+03 1.36e+03 1.35e+03 1.34e+03 1.33e+03 1.32e+03 1.31e+03 1.31e+03 1.30e+03 1.29e+03 1.28e+03 1.27e+03 1.26e+03 1.25e+03 1.24e+03 1.23e+03 1.22e+03 1.21e+03 1.20e+03 1.19e+03 1.19e+03 1.18e+03 1.17e+03 1.16e+03 1.15e+03 1.14e+03 1.13e+03 1.12e+03 1.11e+03 1.10e+03 1.09e+03 1.08e+03 1.07e+03 1.06e+03 1.05e+03 1.05e+03 1.04e+03 1.03e+03 1.02e+03 1.01e+03 9.99e+02 9.90e+02 9.81e+02 9.72e+02 9.63e+02 9.54e+02 9.45e+02 9.36e+02 9.27e+02 9.18e+02 9.09e+02 9.00e+02 8.92e+02 8.83e+02 8.74e+02 8.66e+02 8.57e+02 8.49e+02 8.40e+02 8.32e+02 8.24e+02 8.15e+02 8.07e+02 7.99e+02 7.91e+02 7.83e+02 7.75e+02 7.67e+02 7.59e+02 7.52e+02 7.44e+02 7.36e+02 7.29e+02 7.21e+02 7.14e+02 7.07e+02 6.99e+02 6.92e+02 6.85e+02 6.78e+02 6.71e+02 6.64e+02 6.57e+02 6.51e+02 6.44e+02 6.37e+02 6.31e+02 6.25e+02 6.18e+02 6.12e+02 6.06e+02 5.99e+02 5.93e+02 5.87e+02 5.81e+02 5.75e+02 5.70e+02 5.64e+02 5.58e+02 5.53e+02 5.47e+02 5.42e+02 5.36e+02 5.31e+02 5.26e+02 5.20e+02 5.15e+02 5.10e+02 5.05e+02 5.00e+02 4.95e+02 4.90e+02 4.86e+02 4.81e+02 4.76e+02 4.72e+02 4.67e+02 4.63e+02 4.58e+02 4.54e+02 4.49e+02 4.45e+02 4.41e+02 4.37e+02 4.33e+02 4.28e+02 4.24e+02 4.20e+02 4.17e+02 4.13e+02 4.09e+02 4.05e+02 4.01e+02 3.98e+02 3.94e+02 3.90e+02 3.87e+02 3.83e+02 3.80e+02 3.76e+02 3.73e+02 3.70e+02 3.66e+02 3.63e+02 3.60e+02 3.56e+02 3.53e+02 3.50e+02 3.47e+02 3.44e+02 3.41e+02 3.38e+02 3.35e+02 3.32e+02 3.29e+02 3.26e+02 3.23e+02 3.21e+02 3.18e+02 3.15e+02 3.12e+02 3.10e+02 3.07e+02 3.04e+02 3.02e+02 2.99e+02 2.97e+02 2.94e+02 2.92e+02 2.89e+02 2.87e+02 2.84e+02 2.82e+02 2.77e+02 2.68e+02 2.51e+02 2.21e+02 1.72e+02 1.08e+02 4.62e+01 2.21e+01 2.00e+01 2.00e+01 2.00e+01 2.00e+01 2.00e+01 
 1.24143873923755e-09   1.41e+03 1.41e+03 1.41e+03 1.41e+03 1.41e+03 1.41e+03 1.41e+03 1.41e+03 1.41e+03 1.41e+03 1.41e+03 1.41e+03 1.41e+03 1.41e+03 1.41e+03 1.41e+03 1.41e+03 1.41e+03 1.41e+03 1.41e+03 1.41e+03 1.41e+03 1.41e+03 1.40e+03 1.39e+03 1.39e+03 1.38e+03 1.37e+03 1.36e+03 1.35e+03 1.34e+03 1.33e+03 1.32e+03 1.31e+03 1.30e+03 1.30e+03 1.29e+03 1.28e+03 1.27e+03 1.26e+03 1.25e+03 1.24e+03 1.23e+03 1.22e+03 1.21e+03 1.20e+03 1.19e+03 1.18e+03 1.18e+03 1.17e+03 1.16e+03 1.15e+03 1.14e+03 1.13e+03 1.12e+03 1.11e+03 1.10e+03 1.09e+03 1.08e+03 1.07e+03 1.06e+03 1.05e+03 1.04e+03 1.04e+03 1.03e+03 1.02e+03 1.01e+03 9.99e+02 9.90e+02 9.81e+02 9.72e+02 9.63e+02 9.54e+02 9.45e+02 9.36e+02 9.27e+02 9.18e+02 9.09e+02 9.00e+02 8.92e+02 8.83e+02 8.74e+02 8.66e+02 8.57e+02 8.49e+02 8.41e+02 8.32e+02 8.24e+02 8.16e+02 8.07e+02 7.99e+02 7.91e+02 7.83e+02 7.75e+02 7.68e+02 7.60e+02 7.52e+02 7.44e+02 7.37e+02 7.29e+02 7.22e+02 7.14e+02 7.07e+02 7.00e+02 6.93e+02 6.86e+02 6.79e+02 6.72e+02 6.65e+02 6.58e+02 6.51e+02 6.45e+02 6.38e+02 6.32e+02 6.25e+02 6.19e+02 6.12e+02 6.06e+02 6.00e+02 5.94e+02 5.88e+02 5.82e+02 5.76e+02 5.70e+02 5.65e+02 5.59e+02 5.53e+02 5.48e+02 5.42e+02 5.37e+02 5.32e+02 5.26e+02 5.21e+02 5.16e+02 5.11e+02 5.06e+02 5.01e+02 4.96e+02 4.91e+02 4.86e+02 4.82e+02 4.77e+02 4.72e+02 4.68e+02 4.63e+02 4.59e+02 4.55e+02 4.50e+02 4.46e+02 4.42e+02 4.38e+02 4.33e+02 4.29e+02 4.25e+02 4.21e+02 4.17e+02 4.14e+02 4.10e+02 4.06e+02 4.02e+02 3.98e+02 3.95e+02 3.91e+02 3.88e+02 3.84e+02 3.81e+02 3.77e+02 3.74e+02 3.70e+02 3.67e+02 3.64e+02 3.61e+02 3.57e+02 3.54e+02 3.51e+02 3.48e+02 3.45e+02 3.42e+02 3.39e+02 3.36e+02 3.33e+02 3.30e+02 3.27e+02 3.24e+02 3.21e+02 3.19e+02 3.16e+02 3.13e+02 3.11e+02 3.08e+02 3.05e+02 3.03e+02 3.00e+02 2.98e+02 2.95e+02 2.93e+02 2.90e+02 2.88e+02 2.85e+02 2.83e+02 2.78e+02 2.69e+02 2.52e+02 2.22e+02 1.73e+02 1.08e+02 4.65e+01 2.21e+01 2.00e+01 2.00e+01 2.00e+01 2.00e+01 2.00e+01 
 1.25144095194540e-09   1.41e+03 1.41e+03 1.41e+03 1.41e+03 1.41e+03 1.41e+03 1.41e+03 1.41e+03 1.41e+03 1.41e+03 1.41e+03 1.41e+03 1.41e+03 1.41e+03 1.41e+03 1.41e+03 1.41e+03 1.41e+03 1.41e+03 1.41e+03 1.41e+03 1.41e+03 1.41e+03 1.40e+03 1.39e+03 1.38e+03 1.38e+03 1.37e+03 1.36e+03 1.35e+03 1.34e+03 1.33e+03 1.32e+03 1.31e+03 1.30e+03 1.29e+03 1.29e+03 1.28e+03 1.27e+03 1.26e+03 1.25e+03 1.24e+03 1.23e+03 1.22e+03 1.21e+03 1.20e+03 1.19e+03 1.18e+03 1.17e+03 1.17e+03 1.16e+03 1.15e+03 1.14e+03 1.13e+03 1.12e+03 1.11e+03 1.10e+03 1.09e+03 1.08e+03 1.07e+03 1.06e+03 1.05e+03 1.04e+03 1.04e+03 1.03e+03 1.02e+03 1.01e+03 9.99e+02 9.90e+02 9.81e+02 9.71e+02 9.62e+02 9.53e+02 9.45e+02 9.36e+02 9.27e+02 9.18e+02 9.09e+02 9.00e+02 8.92e+02 8.83e+02 8.75e+02 8.66e+02 8.57e+02 8.49e+02 8.41e+02 8.32e+02 8.24e+02 8.16e+02 8.08e+02 8.00e+02 7.92e+02 7.84e+02 7.76e+02 7.68e+02 7.60e+02 7.52e+02 7.45e+02 7.37e+02 7.30e+02 7.22e+02 7.15e+02 7.08e+02 7.00e+02 6.93e+02 6.86e+02 6.79e+02 6.72e+02 6.65e+02 6.59e+02 6.52e+02 6.45e+02 6.39e+02 6.32e+02 6.26e+02 6.19e+02 6.13e+02 6.07e+02 6.01e+02 5.95e+02 5.89e+02 5.83e+02 5.77e+02 5.71e+02 5.65e+02 5.60e+02 5.54e+02 5.49e+02 5.43e+02 5.38e+02 5.32e+02 5.27e+02 5.22e+02 5.17e+02 5.12e+02 5.07e+02 5.02e+02 4.97e+02 4.92e+02 4.87e+02 4.82e+02 4.78e+02 4.73e+02 4.69e+02 4.64e+02 4.60e+02 4.55e+02 4.51e+02 4.47e+02 4.43e+02 4.38e+02 4.34e+02 4.30e+02 4.26e+02 4.22e+02 4.18e+02 4.14e+02 4.11e+02 4.07e+02 4.03e+02 3.99e+02 3.96e+02 3.92e+02 3.88e+02 3.85e+02 3.81e+02 3.78e+02 3.75e+02 3.71e+02 3.68e+02 3.65e+02 3.61e+02 3.58e+02 3.55e+02 3.52e+02 3.49e+02 3.46e+02 3.43e+02 3.40e+02 3.37e+02 3.34e+02 3.31e+02 3.28e+02 3.25e+02 3.22e+02 3.20e+02 3.17e+02 3.14e+02 3.11e+02 3.09e+02 3.06e+02 3.04e+02 3.01e+02 2.98e+02 2.96e+02 2.93e+02 2.91e+02 2.89e+02 2.86e+02 2.84e+02 2.79e+02 2.70e+02 2.53e+02 2.22e+02 1.74e+02 1.09e+02 4.69e+01 2.22e+01 2.00e+01 2.00e+01 2.00e+01 2.00e+01 2.00e+01 
 1.26144726909749e-09   1.41e+03 1.41e+03 1.41e+03 1.41e+03 1.41e+03 1.41e+03 1.41e+03 1.41e+03 1.41e+03 1.41e+03 1.41e+03 1.41e+03 1.41e+03 1.41e+03 1.41e+03 1.41e+03 1.41e+03 1.41e+03 1.41e+03 1.41e+03 1.41e+03 1.41e+03 1.41e+03 1.40e+03 1.39e+03 1.38e+03 1.38e+03 1.37e+03 1.36e+03 1.35e+03 1.34e+03 1.33e+03 1.32e+03 1.31e+03 1.30e+03 1.29e+03 1.28e+03 1.28e+03 1.27e+03 1.26e+03 1.25e+03 1.24e+03 1.23e+03 1.22e+03 1.21e+03 1.20e+03 1.19e+03 1.18e+03 1.17e+03 1.16e+03 1.16e+03 1.15e+03 1.14e+03 1.13e+03 1.12e+03 1.11e+03 1.10e+03 1.09e+03 1.08e+03 1.07e+03 1.06e+03 1.05e+03 1.04e+03 1.04e+03 1.03e+03 1.02e+03 1.01e+03 9.99e+02 9.89e+02 9.80e+02 9.71e+02 9.62e+02 9.53e+02 9.44e+02 9.36e+02 9.27e+02 9.18e+02 9.09e+02 9.00e+02 8.92e+02 8.83e+02 8.75e+02 8.66e+02 8.58e+02 8.49e+02 8.41e+02 8.33e+02 8.24e+02 8.16e+02 8.08e+02 8.00e+02 7.92e+02 7.84e+02 7.76e+02 7.68e+02 7.61e+02 7.53e+02 7.45e+02 7.38e+02 7.30e+02 7.23e+02 7.15e+02 7.08e+02 7.01e+02 6.94e+02 6.87e+02 6.80e+02 6.73e+02 6.66e+02 6.59e+02 6.52e+02 6.46e+02 6.39e+02 6.33e+02 6.26e+02 6.20e+02 6.14e+02 6.08e+02 6.01e+02 5.95e+02 5.89e+02 5.83e+02 5.78e+02 5.72e+02 5.66e+02 5.60e+02 5.55e+02 5.49e+02 5.44e+02 5.38e+02 5.33e+02 5.28e+02 5.23e+02 5.18e+02 5.12e+02 5.07e+02 5.02e+02 4.98e+02 4.93e+02 4.88e+02 4.83e+02 4.79e+02 4.74e+02 4.69e+02 4.65e+02 4.61e+02 4.56e+02 4.52e+02 4.48e+02 4.43e+02 4.39e+02 4.35e+02 4.31e+02 4.27e+02 4.23e+02 4.19e+02 4.15e+02 4.11e+02 4.08e+02 4.04e+02 4.00e+02 3.96e+02 3.93e+02 3.89e+02 3.86e+02 3.82e+02 3.79e+02 3.75e+02 3.72e+02 3.69e+02 3.65e+02 3.62e+02 3.59e+02 3.56e+02 3.53e+02 3.50e+02 3.47e+02 3.44e+02 3.41e+02 3.38e+02 3.35e+02 3.32e+02 3.29e+02 3.26e+02 3.23e+02 3.20e+02 3.18e+02 3.15e+02 3.12e+02 3.10e+02 3.07e+02 3.04e+02 3.02e+02 2.99e+02 2.97e+02 2.94e+02 2.92e+02 2.89e+02 2.87e+02 2.85e+02 2.80e+02 2.71e+02 2.54e+02 2.23e+02 1.74e+02 1.09e+02 4.72e+01 2.22e+01 2.00e+01 2.00e+01 2.00e+01 2.00e+01 2.00e+01 
 1.27145766803554e-09   1.41e+03 1.41e+03 1.41e+03 1.41e+03 1.41e+03 1.41e+03 1.41e+03 1.41e+03 1.41e+03 1.41e+03 1.41e+03 1.41e+03 1.41e+03 1.41e+03 1.41e+03 1.41e+03 1.41e+03 1.41e+03 1.41e+03 1.41e+03 1.41e+03 1.41e+03 1.41e+03 1.40e+03 1.39e+03 1.38e+03 1.38e+03 1.37e+03 1.36e+03 1.35e+03 1.34e+03 1.33e+03 1.32e+03 1.31e+03 1.30e+03 1.29e+03 1.28e+03 1.28e+03 1.27e+03 1.26e+03 1.25e+03 1.24e+03 1.23e+03 1.22e+03 1.21e+03 1.20e+03 1.19e+03 1.18e+03 1.17e+03 1.16e+03 1.15e+03 1.15e+03 1.14e+03 1.13e+03 1.12e+03 1.11e+03 1.10e+03 1.09e+03 1.08e+03 1.07e+03 1.06e+03 1.05e+03 1.04e+03 1.03e+03 1.03e+03 1.02e+03 1.01e+03 9.98e+02 9.89e+02 9.80e+02 9.71e+02 9.62e+02 9.53e+02 9.44e+02 9.36e+02 9.27e+02 9.18e+02 9.09e+02 9.01e+02 8.92e+02 8.83e+02 8.75e+02 8.66e+02 8.58e+02 8.49e+02 8.41e+02 8.33e+02 8.25e+02 8.16e+02 8.08e+02 8.00e+02 7.92e+02 7.84e+02 7.76e+02 7.69e+02 7.61e+02 7.53e+02 7.46e+02 7.38e+02 7.31e+02 7.23e+02 7.16e+02 7.09e+02 7.01e+02 6.94e+02 6.87e+02 6.80e+02 6.73e+02 6.67e+02 6.60e+02 6.53e+02 6.46e+02 6.40e+02 6.33e+02 6.27e+02 6.21e+02 6.14e+02 6.08e+02 6.02e+02 5.96e+02 5.90e+02 5.84e+02 5.78e+02 5.72e+02 5.67e+02 5.61e+02 5.56e+02 5.50e+02 5.45e+02 5.39e+02 5.34e+02 5.29e+02 5.23e+02 5.18e+02 5.13e+02 5.08e+02 5.03e+02 4.98e+02 4.94e+02 4.89e+02 4.84e+02 4.79e+02 4.75e+02 4.70e+02 4.66e+02 4.61e+02 4.57e+02 4.53e+02 4.48e+02 4.44e+02 4.40e+02 4.36e+02 4.32e+02 4.28e+02 4.24e+02 4.20e+02 4.16e+02 4.12e+02 4.08e+02 4.05e+02 4.01e+02 3.97e+02 3.94e+02 3.90e+02 3.87e+02 3.83e+02 3.80e+02 3.76e+02 3.73e+02 3.70e+02 3.66e+02 3.63e+02 3.60e+02 3.57e+02 3.54e+02 3.50e+02 3.47e+02 3.44e+02 3.41e+02 3.38e+02 3.35e+02 3.33e+02 3.30e+02 3.27e+02 3.24e+02 3.21e+02 3.19e+02 3.16e+02 3.13e+02 3.10e+02 3.08e+02 3.05e+02 3.03e+02 3.00e+02 2.98e+02 2.95e+02 2.93e+02 2.90e+02 2.88e+02 2.85e+02 2.81e+02 2.72e+02 2.54e+02 2.24e+02 1.75e+02 1.10e+02 4.75e+01 2.23e+01 2.00e+01 2.00e+01 2.00e+01 2.00e+01 2.00e+01 
 1.28147212637601e-09   1.41e+03 1.41e+03 1.41e+03 1.41e+03 1.41e+03 1.41e+03 1.41e+03 1.41e+03 1.41e+03 1.41e+03 1.41e+03 1.41e+03 1.41e+03 1.41e+03 1.41e+03 1.41e+03 1.41e+03 1.41e+03 1.41e+03 1.41e+03 1.41e+03 1.41e+03 1.41e+03 1.40e+03 1.39e+03 1.38e+03 1.38e+03 1.37e+03 1.36e+03 1.35e+03 1.34e+03 1.33e+03 1.32e+03 1.31e+03 1.30e+03 1.29e+03 1.28e+03 1.27e+03 1.27e+03 1.26e+03 1.25e+03 1.24e+03 1.23e+03 1.22e+03 1.21e+03 1.20e+03 1.19e+03 1.18e+03 1.17e+03 1.16e+03 1.15e+03 1.15e+03 1.14e+03 1.13e+03 1.12e+03 1.11e+03 1.10e+03 1.09e+03 1.08e+03 1.07e+03 1.06e+03 1.05e+03 1.04e+03 1.03e+03 1.03e+03 1.02e+03 1.01e+03 9.98e+02 9.89e+02 9.80e+02 9.71e+02 9.62e+02 9.53e+02 9.44e+02 9.35e+02 9.27e+02 9.18e+02 9.09e+02 9.01e+02 8.92e+02 8.83e+02 8.75e+02 8.66e+02 8.58e+02 8.50e+02 8.41e+02 8.33e+02 8.25e+02 8.17e+02 8.08e+02 8.00e+02 7.92e+02 7.85e+02 7.77e+02 7.69e+02 7.61e+02 7.54e+02 7.46e+02 7.38e+02 7.31e+02 7.24e+02 7.16e+02 7.09e+02 7.02e+02 6.95e+02 6.88e+02 6.81e+02 6.74e+02 6.67e+02 6.60e+02 6.54e+02 6.47e+02 6.40e+02 6.34e+02 6.28e+02 6.21e+02 6.15e+02 6.09e+02 6.03e+02 5.97e+02 5.91e+02 5.85e+02 5.79e+02 5.73e+02 5.67e+02 5.62e+02 5.56e+02 5.51e+02 5.45e+02 5.40e+02 5.35e+02 5.29e+02 5.24e+02 5.19e+02 5.14e+02 5.09e+02 5.04e+02 4.99e+02 4.94e+02 4.90e+02 4.85e+02 4.80e+02 4.76e+02 4.71e+02 4.67e+02 4.62e+02 4.58e+02 4.54e+02 4.49e+02 4.45e+02 4.41e+02 4.37e+02 4.33e+02 4.29e+02 4.25e+02 4.21e+02 4.17e+02 4.13e+02 4.09e+02 4.06e+02 4.02e+02 3.98e+02 3.95e+02 3.91e+02 3.87e+02 3.84e+02 3.81e+02 3.77e+02 3.74e+02 3.70e+02 3.67e+02 3.64e+02 3.61e+02 3.58e+02 3.54e+02 3.51e+02 3.48e+02 3.45e+02 3.42e+02 3.39e+02 3.36e+02 3.33e+02 3.31e+02 3.28e+02 3.25e+02 3.22e+02 3.19e+02 3.17e+02 3.14e+02 3.11e+02 3.09e+02 3.06e+02 3.04e+02 3.01e+02 2.98e+02 2.96e+02 2.93e+02 2.91e+02 2.89e+02 2.86e+02 2.82e+02 2.72e+02 2.55e+02 2.25e+02 1.76e+02 1.11e+02 4.78e+01 2.23e+01 2.00e+01 2.00e+01 2.00e+01 2.00e+01 2.00e+01 
 1.29149062200450e-09   1.41e+03 1.41e+03 1.41e+03 1.41e+03 1.41e+03 1.41e+03 1.41e+03 1.41e+03 1.41e+03 1.41e+03 1.41e+03 1.41e+03 1.41e+03 1.41e+03 1.41e+03 1.41e+03 1.41e+03 1.41e+03 1.41e+03 1.41e+03 1.41e+03 1.41e+03 1.40e+03 1.40e+03 1.39e+03 1.38e+03 1.37e+03 1.36e+03 1.35e+03 1.35e+03 1.34e+03 1.33e+03 1.32e+03 1.31e+03 1.30e+03 1.29e+03 1.28e+03 1.27e+03 1.26e+03 1.26e+03 1.25e+03 1.24e+03 1.23e+03 1.22e+03 1.21e+03 1.20e+03 1.19e+03 1.18e+03 1.17e+03 1.16e+03 1.15e+03 1.14e+03 1.14e+03 1.13e+03 1.12e+03 1.11e+03 1.10e+03 1.09e+03 1.08e+03 1.07e+03 1.06e+03 1.05e+03 1.04e+03 1.03e+03 1.03e+03 1.02e+03 1.01e+03 9.98e+02 9.89e+02 9.80e+02 9.71e+02 9.62e+02 9.53e+02 9.44e+02 9.35e+02 9.27e+02 9.18e+02 9.09e+02 9.01e+02 8.92e+02 8.83e+02 8.75e+02 8.66e+02 8.58e+02 8.50e+02 8.41e+02 8.33e+02 8.25e+02 8.17e+02 8.09e+02 8.01e+02 7.93e+02 7.85e+02 7.77e+02 7.69e+02 7.62e+02 7.54e+02 7.46e+02 7.39e+02 7.31e+02 7.24e+02 7.17e+02 7.10e+02 7.02e+02 6.95e+02 6.88e+02 6.81e+02 6.74e+02 6.68e+02 6.61e+02 6.54e+02 6.48e+02 6.41e+02 6.35e+02 6.28e+02 6.22e+02 6.16e+02 6.09e+02 6.03e+02 5.97e+02 5.91e+02 5.85e+02 5.80e+02 5.74e+02 5.68e+02 5.63e+02 5.57e+02 5.51e+02 5.46e+02 5.41e+02 5.35e+02 5.30e+02 5.25e+02 5.20e+02 5.15e+02 5.10e+02 5.05e+02 5.00e+02 4.95e+02 4.90e+02 4.86e+02 4.81e+02 4.76e+02 4.72e+02 4.67e+02 4.63e+02 4.59e+02 4.54e+02 4.50e+02 4.46e+02 4.42e+02 4.38e+02 4.34e+02 4.29e+02 4.26e+02 4.22e+02 4.18e+02 4.14e+02 4.10e+02 4.06e+02 4.03e+02 3.99e+02 3.95e+02 3.92e+02 3.88e+02 3.85e+02 3.81e+02 3.78e+02 3.75e+02 3.71e+02 3.68e+02 3.65e+02 3.62e+02 3.58e+02 3.55e+02 3.52e+02 3.49e+02 3.46e+02 3.43e+02 3.40e+02 3.37e+02 3.34e+02 3.31e+02 3.29e+02 3.26e+02 3.23e+02 3.20e+02 3.18e+02 3.15e+02 3.12e+02 3.10e+02 3.07e+02 3.04e+02 3.02e+02 2.99e+02 2.97e+02 2.94e+02 2.92e+02 2.89e+02 2.87e+02 2.82e+02 2.73e+02 2.56e+02 2.26e+02 1.77e+02 1.11e+02 4.82e+01 2.24e+01 2.00e+01 2.00e+01 2.00e+01 2.00e+01 2.00e+01 
 1.30151313307019e-09   1.41e+03 1.41e+03 1.41e+03 1.41e+03 1.41e+03 1.41e+03 1.41e+03 1.41e+03 1.41e+03 1.41e+03 1.41e+03 1.41e+03 1.41e+03 1.41e+03 1.41e+03 1.41e+03 1.41e+03 1.41e+03 1.41e+03 1.41e+03 1.41e+03 1.41e+03 1.40e+03 1.39e+03 1.39e+03 1.38e+03 1.37e+03 1.36e+03 1.35e+03 1.34e+03 1.34e+03 1.33e+03 1.32e+03 1.31e+03 1.30e+03 1.29e+03 1.28e+03 1.27e+03 1.26e+03 1.25e+03 1.25e+03 1.24e+03 1.23e+03 1.22e+03 1.21e+03 1.20e+03 1.19e+03 1.18e+03 1.17e+03 1.16e+03 1.15e+03 1.14e+03 1.13e+03 1.13e+03 1.12e+03 1.11e+03 1.10e+03 1.09e+03 1.08e+03 1.07e+03 1.06e+03 1.05e+03 1.04e+03 1.03e+03 1.02e+03 1.02e+03 1.01e+03 9.98e+02 9.89e+02 9.80e+02 9.71e+02 9.62e+02 9.53e+02 9.44e+02 9.35e+02 9.27e+02 9.18e+02 9.09e+02 9.01e+02 8.92e+02 8.83e+02 8.75e+02 8.67e+02 8.58e+02 8.50e+02 8.42e+02 8.33e+02 8.25e+02 8.17e+02 8.09e+02 8.01e+02 7.93e+02 7.85e+02 7.77e+02 7.70e+02 7.62e+02 7.54e+02 7.47e+02 7.39e+02 7.32e+02 7.24e+02 7.17e+02 7.10e+02 7.03e+02 6.96e+02 6.89e+02 6.82e+02 6.75e+02 6.68e+02 6.61e+02 6.55e+02 6.48e+02 6.42e+02 6.35e+02 6.29e+02 6.23e+02 6.16e+02 6.10e+02 6.04e+02 5.98e+02 5.92e+02 5.86e+02 5.80e+02 5.75e+02 5.69e+02 5.63e+02 5.58e+02 5.52e+02 5.47e+02 5.41e+02 5.36e+02 5.31e+02 5.26e+02 5.21e+02 5.16e+02 5.11e+02 5.06e+02 5.01e+02 4.96e+02 4.91e+02 4.86e+02 4.82e+02 4.77e+02 4.73e+02 4.68e+02 4.64e+02 4.59e+02 4.55e+02 4.51e+02 4.47e+02 4.43e+02 4.38e+02 4.34e+02 4.30e+02 4.26e+02 4.22e+02 4.19e+02 4.15e+02 4.11e+02 4.07e+02 4.04e+02 4.00e+02 3.96e+02 3.93e+02 3.89e+02 3.86e+02 3.82e+02 3.79e+02 3.75e+02 3.72e+02 3.69e+02 3.66e+02 3.62e+02 3.59e+02 3.56e+02 3.53e+02 3.50e+02 3.47e+02 3.44e+02 3.41e+02 3.38e+02 3.35e+02 3.32e+02 3.29e+02 3.27e+02 3.24e+02 3.21e+02 3.18e+02 3.16e+02 3.13e+02 3.10e+02 3.08e+02 3.05e+02 3.03e+02 3.00e+02 2.98e+02 2.95e+02 2.93e+02 2.90e+02 2.88e+02 2.83e+02 2.74e+02 2.57e+02 2.26e+02 1.77e+02 1.12e+02 4.85e+01 2.24e+01 2.00e+01 2.00e+01 2.00e+01 2.00e+01 2.00e+01 
 1.31151553103360e-09   1.41e+03 1.41e+03 1.41e+03 1.41e+03 1.41e+03 1.41e+03 1.41e+03 1.41e+03 1.41e+03 1.41e+03 1.41e+03 1.41e+03 1.41e+03 1.41e+03 1.41e+03 1.41e+03 1.41e+03 1.41e+03 1.41e+03 1.41e+03 1.41e+03 1.41e+03 1.40e+03 1.39e+03 1.39e+03 1.38e+03 1.37e+03 1.36e+03 1.35e+03 1.34e+03 1.33e+03 1.33e+03 1.32e+03 1.31e+03 1.30e+03 1.29e+03 1.28e+03 1.27e+03 1.26e+03 1.25e+03 1.24e+03 1.24e+03 1.23e+03 1.22e+03 1.21e+03 1.20e+03 1.19e+03 1.18e+03 1.17e+03 1.16e+03 1.15e+03 1.14e+03 1.13e+03 1.13e+03 1.12e+03 1.11e+03 1.10e+03 1.09e+03 1.08e+03 1.07e+03 1.06e+03 1.05e+03 1.04e+03 1.03e+03 1.02e+03 1.02e+03 1.01e+03 9.97e+02 9.89e+02 9.80e+02 9.71e+02 9.62e+02 9.53e+02 9.44e+02 9.35e+02 9.27e+02 9.18e+02 9.09e+02 9.01e+02 8.92e+02 8.84e+02 8.75e+02 8.67e+02 8.58e+02 8.50e+02 8.42e+02 8.34e+02 8.25e+02 8.17e+02 8.09e+02 8.01e+02 7.93e+02 7.85e+02 7.78e+02 7.70e+02 7.62e+02 7.55e+02 7.47e+02 7.40e+02 7.32e+02 7.25e+02 7.18e+02 7.10e+02 7.03e+02 6.96e+02 6.89e+02 6.82e+02 6.75e+02 6.69e+02 6.62e+02 6.55e+02 6.49e+02 6.42e+02 6.36e+02 6.29e+02 6.23e+02 6.17e+02 6.11e+02 6.05e+02 5.99e+02 5.93e+02 5.87e+02 5.81e+02 5.75e+02 5.70e+02 5.64e+02 5.58e+02 5.53e+02 5.47e+02 5.42e+02 5.37e+02 5.32e+02 5.26e+02 5.21e+02 5.16e+02 5.11e+02 5.06e+02 5.02e+02 4.97e+02 4.92e+02 4.87e+02 4.83e+02 4.78e+02 4.74e+02 4.69e+02 4.65e+02 4.60e+02 4.56e+02 4.52e+02 4.47e+02 4.43e+02 4.39e+02 4.35e+02 4.31e+02 4.27e+02 4.23e+02 4.19e+02 4.16e+02 4.12e+02 4.08e+02 4.04e+02 4.01e+02 3.97e+02 3.94e+02 3.90e+02 3.87e+02 3.83e+02 3.80e+02 3.76e+02 3.73e+02 3.70e+02 3.66e+02 3.63e+02 3.60e+02 3.57e+02 3.54e+02 3.51e+02 3.48e+02 3.45e+02 3.42e+02 3.39e+02 3.36e+02 3.33e+02 3.30e+02 3.27e+02 3.25e+02 3.22e+02 3.19e+02 3.16e+02 3.14e+02 3.11e+02 3.09e+02 3.06e+02 3.03e+02 3.01e+02 2.98e+02 2.96e+02 2.94e+02 2.91e+02 2.89e+02 2.84e+02 2.75e+02 2.58e+02 2.27e+02 1.78e+02 1.12e+02 4.88e+01 2.25e+01 2.00e+01 2.00e+01 2.00e+01 2.00e+01 2.00e+01 
 1.32152188247714e-09   1.41e+03 1.41e+03 1.41e+03 1.41e+03 1.41e+03 1.41e+03 1.41e+03 1.41e+03 1.41e+03 1.41e+03 1.41e+03 1.41e+03 1.41e+03 1.41e+03 1.41e+03 1.41e+03 1.41e+03 1.41e+03 1.41e+03 1.41e+03 1.41e+03 1.41e+03 1.40e+03 1.39e+03 1.39e+03 1.38e+03 1.37e+03 1.36e+03 1.35e+03 1.34e+03 1.33e+03 1.32e+03 1.32e+03 1.31e+03 1.30e+03 1.29e+03 1.28e+03 1.27e+03 1.26e+03 1.25e+03 1.24e+03 1.23e+03 1.23e+03 1.22e+03 1.21e+03 1.20e+03 1.19e+03 1.18e+03 1.17e+03 1.16e+03 1.15e+03 1.14e+03 1.13e+03 1.12e+03 1.12e+03 1.11e+03 1.10e+03 1.09e+03 1.08e+03 1.07e+03 1.06e+03 1.05e+03 1.04e+03 1.03e+03 1.02e+03 1.02e+03 1.01e+03 9.97e+02 9.88e+02 9.79e+02 9.71e+02 9.62e+02 9.53e+02 9.44e+02 9.35e+02 9.27e+02 9.18e+02 9.09e+02 9.01e+02 8.92e+02 8.84e+02 8.75e+02 8.67e+02 8.58e+02 8.50e+02 8.42e+02 8.34e+02 8.26e+02 8.17e+02 8.09e+02 8.02e+02 7.94e+02 7.86e+02 7.78e+02 7.70e+02 7.63e+02 7.55e+02 7.48e+02 7.40e+02 7.33e+02 7.25e+02 7.18e+02 7.11e+02 7.04e+02 6.97e+02 6.90e+02 6.83e+02 6.76e+02 6.69e+02 6.63e+02 6.56e+02 6.49e+02 6.43e+02 6.36e+02 6.30e+02 6.24e+02 6.18e+02 6.11e+02 6.05e+02 5.99e+02 5.93e+02 5.87e+02 5.82e+02 5.76e+02 5.70e+02 5.65e+02 5.59e+02 5.54e+02 5.48e+02 5.43e+02 5.38e+02 5.32e+02 5.27e+02 5.22e+02 5.17e+02 5.12e+02 5.07e+02 5.02e+02 4.97e+02 4.93e+02 4.88e+02 4.83e+02 4.79e+02 4.74e+02 4.70e+02 4.65e+02 4.61e+02 4.57e+02 4.52e+02 4.48e+02 4.44e+02 4.40e+02 4.36e+02 4.32e+02 4.28e+02 4.24e+02 4.20e+02 4.16e+02 4.13e+02 4.09e+02 4.05e+02 4.02e+02 3.98e+02 3.94e+02 3.91e+02 3.87e+02 3.84e+02 3.81e+02 3.77e+02 3.74e+02 3.71e+02 3.67e+02 3.64e+02 3.61e+02 3.58e+02 3.55e+02 3.52e+02 3.49e+02 3.46e+02 3.43e+02 3.40e+02 3.37e+02 3.34e+02 3.31e+02 3.28e+02 3.25e+02 3.23e+02 3.20e+02 3.17e+02 3.15e+02 3.12e+02 3.09e+02 3.07e+02 3.04e+02 3.02e+02 2.99e+02 2.97e+02 2.94e+02 2.92e+02 2.90e+02 2.85e+02 2.76e+02 2.58e+02 2.28e+02 1.79e+02 1.13e+02 4.92e+01 2.25e+01 2.00e+01 2.00e+01 2.00e+01 2.00e+01 2.00e+01 
 1.33153216646012e-09   1.41e+03 1.41e+03 1.41e+03 1.41e+03 1.41e+03 1.41e+03 1.41e+03 1.41e+03 1.41e+03 1.41e+03 1.41e+03 1.41e+03 1.41e+03 1.41e+03 1.41e+03 1.41e+03 1.41e+03 1.41e+03 1.41e+03 1.41e+03 1.41e+03 1.41e+03 1.40e+03 1.39e+03 1.39e+03 1.38e+03 1.37e+03 1.36e+03 1.35e+03 1.34e+03 1.33e+03 1.32e+03 1.31e+03 1.31e+03 1.30e+03 1.29e+03 1.28e+03 1.27e+03 1.26e+03 1.25e+03 1.24e+03 1.23e+03 1.22e+03 1.22e+03 1.21e+03 1.20e+03 1.19e+03 1.18e+03 1.17e+03 1.16e+03 1.15e+03 1.14e+03 1.13e+03 1.12e+03 1.12e+03 1.11e+03 1.10e+03 1.09e+03 1.08e+03 1.07e+03 1.06e+03 1.05e+03 1.04e+03 1.03e+03 1.02e+03 1.02e+03 1.01e+03 9.97e+02 9.88e+02 9.79e+02 9.70e+02 9.62e+02 9.53e+02 9.44e+02 9.35e+02 9.27e+02 9.18e+02 9.09e+02 9.01e+02 8.92e+02 8.84e+02 8.75e+02 8.67e+02 8.59e+02 8.50e+02 8.42e+02 8.34e+02 8.26e+02 8.18e+02 8.10e+02 8.02e+02 7.94e+02 7.86e+02 7.78e+02 7.71e+02 7.63e+02 7.55e+02 7.48e+02 7.40e+02 7.33e+02 7.26e+02 7.19e+02 7.11e+02 7.04e+02 6.97e+02 6.90e+02 6.83e+02 6.77e+02 6.70e+02 6.63e+02 6.56e+02 6.50e+02 6.43e+02 6.37e+02 6.31e+02 6.24e+02 6.18e+02 6.12e+02 6.06e+02 6.00e+02 5.94e+02 5.88e+02 5.82e+02 5.77e+02 5.71e+02 5.65e+02 5.60e+02 5.54e+02 5.49e+02 5.44e+02 5.38e+02 5.33e+02 5.28e+02 5.23e+02 5.18e+02 5.13e+02 5.08e+02 5.03e+02 4.98e+02 4.94e+02 4.89e+02 4.84e+02 4.80e+02 4.75e+02 4.71e+02 4.66e+02 4.62e+02 4.58e+02 4.53e+02 4.49e+02 4.45e+02 4.41e+02 4.37e+02 4.33e+02 4.29e+02 4.25e+02 4.21e+02 4.17e+02 4.13e+02 4.10e+02 4.06e+02 4.02e+02 3.99e+02 3.95e+02 3.92e+02 3.88e+02 3.85e+02 3.81e+02 3.78e+02 3.75e+02 3.71e+02 3.68e+02 3.65e+02 3.62e+02 3.59e+02 3.55e+02 3.52e+02 3.49e+02 3.46e+02 3.43e+02 3.40e+02 3.38e+02 3.35e+02 3.32e+02 3.29e+02 3.26e+02 3.24e+02 3.21e+02 3.18e+02 3.15e+02 3.13e+02 3.10e+02 3.08e+02 3.05e+02 3.03e+02 3.00e+02 2.98e+02 2.95e+02 2.93e+02 2.90e+02 2.86e+02 2.76e+02 2.59e+02 2.29e+02 1.79e+02 1.14e+02 4.95e+01 2.26e+01 2.00e+01 2.00e+01 2.00e+01 2.00e+01 2.00e+01 
 1.34154636228268e-09   1.41e+03 1.41e+03 1.41e+03 1.41e+03 1.41e+03 1.41e+03 1.41e+03 1.41e+03 1.41e+03 1.41e+03 1.41e+03 1.41e+03 1.41e+03 1.41e+03 1.41e+03 1.41e+03 1.41e+03 1.41e+03 1.41e+03 1.41e+03 1.41e+03 1.41e+03 1.40e+03 1.39e+03 1.39e+03 1.38e+03 1.37e+03 1.36e+03 1.35e+03 1.34e+03 1.33e+03 1.32e+03 1.31e+03 1.31e+03 1.30e+03 1.29e+03 1.28e+03 1.27e+03 1.26e+03 1.25e+03 1.24e+03 1.23e+03 1.22e+03 1.22e+03 1.21e+03 1.20e+03 1.19e+03 1.18e+03 1.17e+03 1.16e+03 1.15e+03 1.14e+03 1.13e+03 1.12e+03 1.11e+03 1.11e+03 1.10e+03 1.09e+03 1.08e+03 1.07e+03 1.06e+03 1.05e+03 1.04e+03 1.03e+03 1.02e+03 1.01e+03 1.01e+03 9.97e+02 9.88e+02 9.79e+02 9.70e+02 9.61e+02 9.53e+02 9.44e+02 9.35e+02 9.27e+02 9.18e+02 9.09e+02 9.01e+02 8.92e+02 8.84e+02 8.75e+02 8.67e+02 8.59e+02 8.50e+02 8.42e+02 8.34e+02 8.26e+02 8.18e+02 8.10e+02 8.02e+02 7.94e+02 7.86e+02 7.79e+02 7.71e+02 7.63e+02 7.56e+02 7.48e+02 7.41e+02 7.34e+02 7.26e+02 7.19e+02 7.12e+02 7.05e+02 6.98e+02 6.91e+02 6.84e+02 6.77e+02 6.70e+02 6.64e+02 6.57e+02 6.50e+02 6.44e+02 6.38e+02 6.31e+02 6.25e+02 6.19e+02 6.13e+02 6.07e+02 6.01e+02 5.95e+02 5.89e+02 5.83e+02 5.77e+02 5.72e+02 5.66e+02 5.61e+02 5.55e+02 5.50e+02 5.44e+02 5.39e+02 5.34e+02 5.29e+02 5.24e+02 5.19e+02 5.14e+02 5.09e+02 5.04e+02 4.99e+02 4.94e+02 4.90e+02 4.85e+02 4.80e+02 4.76e+02 4.71e+02 4.67e+02 4.63e+02 4.58e+02 4.54e+02 4.50e+02 4.46e+02 4.42e+02 4.38e+02 4.34e+02 4.30e+02 4.26e+02 4.22e+02 4.18e+02 4.14e+02 4.11e+02 4.07e+02 4.03e+02 4.00e+02 3.96e+02 3.92e+02 3.89e+02 3.86e+02 3.82e+02 3.79e+02 3.75e+02 3.72e+02 3.69e+02 3.66e+02 3.63e+02 3.59e+02 3.56e+02 3.53e+02 3.50e+02 3.47e+02 3.44e+02 3.41e+02 3.38e+02 3.36e+02 3.33e+02 3.30e+02 3.27e+02 3.24e+02 3.22e+02 3.19e+02 3.16e+02 3.14e+02 3.11e+02 3.08e+02 3.06e+02 3.03e+02 3.01e+02 2.98e+02 2.96e+02 2.94e+02 2.91e+02 2.86e+02 2.77e+02 2.60e+02 2.29e+02 1.80e+02 1.14e+02 4.98e+01 2.26e+01 2.00e+01 2.00e+01 2.00e+01 2.00e+01 2.00e+01 
 1.35156444948112e-09   1.41e+03 1.41e+03 1.41e+03 1.41e+03 1.41e+03 1.41e+03 1.41e+03 1.41e+03 1.41e+03 1.41e+03 1.41e+03 1.41e+03 1.41e+03 1.41e+03 1.41e+03 1.41e+03 1.41e+03 1.41e+03 1.41e+03 1.41e+03 1.41e+03 1.41e+03 1.40e+03 1.39e+03 1.39e+03 1.38e+03 1.37e+03 1.36e+03 1.35e+03 1.34e+03 1.33e+03 1.32e+03 1.31e+03 1.30e+03 1.30e+03 1.29e+03 1.28e+03 1.27e+03 1.26e+03 1.25e+03 1.24e+03 1.23e+03 1.22e+03 1.21e+03 1.21e+03 1.20e+03 1.19e+03 1.18e+03 1.17e+03 1.16e+03 1.15e+03 1.14e+03 1.13e+03 1.12e+03 1.11e+03 1.11e+03 1.10e+03 1.09e+03 1.08e+03 1.07e+03 1.06e+03 1.05e+03 1.04e+03 1.03e+03 1.02e+03 1.01e+03 1.01e+03 9.97e+02 9.88e+02 9.79e+02 9.70e+02 9.61e+02 9.53e+02 9.44e+02 9.35e+02 9.27e+02 9.18e+02 9.09e+02 9.01e+02 8.92e+02 8.84e+02 8.76e+02 8.67e+02 8.59e+02 8.51e+02 8.42e+02 8.34e+02 8.26e+02 8.18e+02 8.10e+02 8.02e+02 7.94e+02 7.87e+02 7.79e+02 7.71e+02 7.64e+02 7.56e+02 7.49e+02 7.41e+02 7.34e+02 7.27e+02 7.19e+02 7.12e+02 7.05e+02 6.98e+02 6.91e+02 6.84e+02 6.78e+02 6.71e+02 6.64e+02 6.58e+02 6.51e+02 6.45e+02 6.38e+02 6.32e+02 6.26e+02 6.19e+02 6.13e+02 6.07e+02 6.01e+02 5.95e+02 5.89e+02 5.84e+02 5.78e+02 5.72e+02 5.67e+02 5.61e+02 5.56e+02 5.50e+02 5.45e+02 5.40e+02 5.35e+02 5.29e+02 5.24e+02 5.19e+02 5.14e+02 5.09e+02 5.05e+02 5.00e+02 4.95e+02 4.90e+02 4.86e+02 4.81e+02 4.77e+02 4.72e+02 4.68e+02 4.63e+02 4.59e+02 4.55e+02 4.51e+02 4.47e+02 4.42e+02 4.38e+02 4.34e+02 4.30e+02 4.27e+02 4.23e+02 4.19e+02 4.15e+02 4.11e+02 4.08e+02 4.04e+02 4.00e+02 3.97e+02 3.93e+02 3.90e+02 3.86e+02 3.83e+02 3.80e+02 3.76e+02 3.73e+02 3.70e+02 3.67e+02 3.63e+02 3.60e+02 3.57e+02 3.54e+02 3.51e+02 3.48e+02 3.45e+02 3.42e+02 3.39e+02 3.36e+02 3.34e+02 3.31e+02 3.28e+02 3.25e+02 3.22e+02 3.20e+02 3.17e+02 3.14e+02 3.12e+02 3.09e+02 3.07e+02 3.04e+02 3.02e+02 2.99e+02 2.97e+02 2.94e+02 2.92e+02 2.87e+02 2.78e+02 2.61e+02 2.30e+02 1.81e+02 1.15e+02 5.01e+01 2.27e+01 2.00e+01 2.00e+01 2.00e+01 2.00e+01 2.00e+01 
 1.36158640782336e-09   1.41e+03 1.41e+03 1.41e+03 1.41e+03 1.41e+03 1.41e+03 1.41e+03 1.41e+03 1.41e+03 1.41e+03 1.41e+03 1.41e+03 1.41e+03 1.41e+03 1.41e+03 1.41e+03 1.41e+03 1.41e+03 1.41e+03 1.41e+03 1.41e+03 1.41e+03 1.40e+03 1.39e+03 1.38e+03 1.38e+03 1.37e+03 1.36e+03 1.35e+03 1.34e+03 1.33e+03 1.32e+03 1.31e+03 1.30e+03 1.30e+03 1.29e+03 1.28e+03 1.27e+03 1.26e+03 1.25e+03 1.24e+03 1.23e+03 1.22e+03 1.21e+03 1.20e+03 1.20e+03 1.19e+03 1.18e+03 1.17e+03 1.16e+03 1.15e+03 1.14e+03 1.13e+03 1.12e+03 1.11e+03 1.10e+03 1.10e+03 1.09e+03 1.08e+03 1.07e+03 1.06e+03 1.05e+03 1.04e+03 1.03e+03 1.02e+03 1.01e+03 1.01e+03 9.97e+02 9.88e+02 9.79e+02 9.70e+02 9.61e+02 9.53e+02 9.44e+02 9.35e+02 9.27e+02 9.18e+02 9.09e+02 9.01e+02 8.92e+02 8.84e+02 8.76e+02 8.67e+02 8.59e+02 8.51e+02 8.43e+02 8.35e+02 8.26e+02 8.18e+02 8.10e+02 8.03e+02 7.95e+02 7.87e+02 7.79e+02 7.72e+02 7.64e+02 7.57e+02 7.49e+02 7.42e+02 7.34e+02 7.27e+02 7.20e+02 7.13e+02 7.06e+02 6.99e+02 6.92e+02 6.85e+02 6.78e+02 6.71e+02 6.65e+02 6.58e+02 6.52e+02 6.45e+02 6.39e+02 6.32e+02 6.26e+02 6.20e+02 6.14e+02 6.08e+02 6.02e+02 5.96e+02 5.90e+02 5.84e+02 5.79e+02 5.73e+02 5.67e+02 5.62e+02 5.56e+02 5.51e+02 5.46e+02 5.40e+02 5.35e+02 5.30e+02 5.25e+02 5.20e+02 5.15e+02 5.10e+02 5.05e+02 5.01e+02 4.96e+02 4.91e+02 4.87e+02 4.82e+02 4.77e+02 4.73e+02 4.69e+02 4.64e+02 4.60e+02 4.56e+02 4.51e+02 4.47e+02 4.43e+02 4.39e+02 4.35e+02 4.31e+02 4.27e+02 4.23e+02 4.20e+02 4.16e+02 4.12e+02 4.08e+02 4.05e+02 4.01e+02 3.98e+02 3.94e+02 3.91e+02 3.87e+02 3.84e+02 3.80e+02 3.77e+02 3.74e+02 3.71e+02 3.67e+02 3.64e+02 3.61e+02 3.58e+02 3.55e+02 3.52e+02 3.49e+02 3.46e+02 3.43e+02 3.40e+02 3.37e+02 3.34e+02 3.32e+02 3.29e+02 3.26e+02 3.23e+02 3.21e+02 3.18e+02 3.15e+02 3.13e+02 3.10e+02 3.08e+02 3.05e+02 3.02e+02 3.00e+02 2.98e+02 2.95e+02 2.93e+02 2.88e+02 2.79e+02 2.62e+02 2.31e+02 1.82e+02 1.15e+02 5.05e+01 2.27e+01 2.00e+01 2.00e+01 2.00e+01 2.00e+01 2.00e+01 
 1.37158805411455e-09   1.41e+03 1.41e+03 1.41e+03 1.41e+03 1.41e+03 1.41e+03 1.41e+03 1.41e+03 1.41e+03 1.41e+03 1.41e+03 1.41e+03 1.41e+03 1.41e+03 1.41e+03 1.41e+03 1.41e+03 1.41e+03 1.41e+03 1.41e+03 1.41e+03 1.40e+03 1.40e+03 1.39e+03 1.38e+03 1.37e+03 1.37e+03 1.36e+03 1.35e+03 1.34e+03 1.33e+03 1.32e+03 1.31e+03 1.30e+03 1.29e+03 1.29e+03 1.28e+03 1.27e+03 1.26e+03 1.25e+03 1.24e+03 1.23e+03 1.22e+03 1.21e+03 1.20e+03 1.20e+03 1.19e+03 1.18e+03 1.17e+03 1.16e+03 1.15e+03 1.14e+03 1.13e+03 1.12e+03 1.11e+03 1.10e+03 1.10e+03 1.09e+03 1.08e+03 1.07e+03 1.06e+03 1.05e+03 1.04e+03 1.03e+03 1.02e+03 1.01e+03 1.01e+03 9.96e+02 9.88e+02 9.79e+02 9.70e+02 9.61e+02 9.52e+02 9.44e+02 9.35e+02 9.27e+02 9.18e+02 9.09e+02 9.01e+02 8.92e+02 8.84e+02 8.76e+02 8.67e+02 8.59e+02 8.51e+02 8.43e+02 8.35e+02 8.27e+02 8.19e+02 8.11e+02 8.03e+02 7.95e+02 7.87e+02 7.80e+02 7.72e+02 7.64e+02 7.57e+02 7.49e+02 7.42e+02 7.35e+02 7.28e+02 7.20e+02 7.13e+02 7.06e+02 6.99e+02 6.92e+02 6.85e+02 6.79e+02 6.72e+02 6.65e+02 6.59e+02 6.52e+02 6.46e+02 6.39e+02 6.33e+02 6.27e+02 6.21e+02 6.15e+02 6.09e+02 6.03e+02 5.97e+02 5.91e+02 5.85e+02 5.79e+02 5.74e+02 5.68e+02 5.63e+02 5.57e+02 5.52e+02 5.46e+02 5.41e+02 5.36e+02 5.31e+02 5.26e+02 5.21e+02 5.16e+02 5.11e+02 5.06e+02 5.01e+02 4.97e+02 4.92e+02 4.87e+02 4.83e+02 4.78e+02 4.74e+02 4.69e+02 4.65e+02 4.61e+02 4.56e+02 4.52e+02 4.48e+02 4.44e+02 4.40e+02 4.36e+02 4.32e+02 4.28e+02 4.24e+02 4.20e+02 4.17e+02 4.13e+02 4.09e+02 4.06e+02 4.02e+02 3.98e+02 3.95e+02 3.91e+02 3.88e+02 3.85e+02 3.81e+02 3.78e+02 3.75e+02 3.71e+02 3.68e+02 3.65e+02 3.62e+02 3.59e+02 3.56e+02 3.53e+02 3.50e+02 3.47e+02 3.44e+02 3.41e+02 3.38e+02 3.35e+02 3.32e+02 3.30e+02 3.27e+02 3.24e+02 3.21e+02 3.19e+02 3.16e+02 3.13e+02 3.11e+02 3.08e+02 3.06e+02 3.03e+02 3.01e+02 2.98e+02 2.96e+02 2.94e+02 2.89e+02 2.80e+02 2.62e+02 2.32e+02 1.82e+02 1.16e+02 5.08e+01 2.28e+01 2.00e+01 2.00e+01 2.00e+01 2.00e+01 2.00e+01 
 1.38159351336746e-09   1.41e+03 1.41e+03 1.41e+03 1.41e+03 1.41e+03 1.41e+03 1.41e+03 1.41e+03 1.41e+03 1.41e+03 1.41e+03 1.41e+03 1.41e+03 1.41e+03 1.41e+03 1.41e+03 1.41e+03 1.41e+03 1.41e+03 1.41e+03 1.41e+03 1.40e+03 1.40e+03 1.39e+03 1.38e+03 1.37e+03 1.36e+03 1.35e+03 1.35e+03 1.34e+03 1.33e+03 1.32e+03 1.31e+03 1.30e+03 1.29e+03 1.28e+03 1.28e+03 1.27e+03 1.26e+03 1.25e+03 1.24e+03 1.23e+03 1.22e+03 1.21e+03 1.20e+03 1.19e+03 1.19e+03 1.18e+03 1.17e+03 1.16e+03 1.15e+03 1.14e+03 1.13e+03 1.12e+03 1.11e+03 1.10e+03 1.09e+03 1.09e+03 1.08e+03 1.07e+03 1.06e+03 1.05e+03 1.04e+03 1.03e+03 1.02e+03 1.01e+03 1.01e+03 9.96e+02 9.87e+02 9.79e+02 9.70e+02 9.61e+02 9.52e+02 9.44e+02 9.35e+02 9.27e+02 9.18e+02 9.09e+02 9.01e+02 8.93e+02 8.84e+02 8.76e+02 8.68e+02 8.59e+02 8.51e+02 8.43e+02 8.35e+02 8.27e+02 8.19e+02 8.11e+02 8.03e+02 7.95e+02 7.88e+02 7.80e+02 7.72e+02 7.65e+02 7.57e+02 7.50e+02 7.42e+02 7.35e+02 7.28e+02 7.21e+02 7.14e+02 7.07e+02 7.00e+02 6.93e+02 6.86e+02 6.79e+02 6.72e+02 6.66e+02 6.59e+02 6.53e+02 6.46e+02 6.40e+02 6.34e+02 6.27e+02 6.21e+02 6.15e+02 6.09e+02 6.03e+02 5.97e+02 5.91e+02 5.86e+02 5.80e+02 5.74e+02 5.69e+02 5.63e+02 5.58e+02 5.52e+02 5.47e+02 5.42e+02 5.37e+02 5.32e+02 5.27e+02 5.22e+02 5.17e+02 5.12e+02 5.07e+02 5.02e+02 4.97e+02 4.93e+02 4.88e+02 4.83e+02 4.79e+02 4.75e+02 4.70e+02 4.66e+02 4.61e+02 4.57e+02 4.53e+02 4.49e+02 4.45e+02 4.41e+02 4.37e+02 4.33e+02 4.29e+02 4.25e+02 4.21e+02 4.17e+02 4.14e+02 4.10e+02 4.06e+02 4.03e+02 3.99e+02 3.96e+02 3.92e+02 3.89e+02 3.85e+02 3.82e+02 3.79e+02 3.75e+02 3.72e+02 3.69e+02 3.66e+02 3.63e+02 3.60e+02 3.56e+02 3.53e+02 3.50e+02 3.47e+02 3.45e+02 3.42e+02 3.39e+02 3.36e+02 3.33e+02 3.30e+02 3.28e+02 3.25e+02 3.22e+02 3.19e+02 3.17e+02 3.14e+02 3.12e+02 3.09e+02 3.07e+02 3.04e+02 3.02e+02 2.99e+02 2.97e+02 2.94e+02 2.90e+02 2.80e+02 2.63e+02 2.32e+02 1.83e+02 1.16e+02 5.11e+01 2.28e+01 2.00e+01 2.00e+01 2.00e+01 2.00e+01 2.00e+01 
 1.39160276615877e-09   1.41e+03 1.41e+03 1.41e+03 1.41e+03 1.41e+03 1.41e+03 1.41e+03 1.41e+03 1.41e+03 1.41e+03 1.41e+03 1.41e+03 1.41e+03 1.41e+03 1.41e+03 1.41e+03 1.41e+03 1.41e+03 1.41e+03 1.41e+03 1.41e+03 1.40e+03 1.40e+03 1.39e+03 1.38e+03 1.37e+03 1.36e+03 1.35e+03 1.34e+03 1.34e+03 1.33e+03 1.32e+03 1.31e+03 1.30e+03 1.29e+03 1.28e+03 1.27e+03 1.27e+03 1.26e+03 1.25e+03 1.24e+03 1.23e+03 1.22e+03 1.21e+03 1.20e+03 1.19e+03 1.18e+03 1.18e+03 1.17e+03 1.16e+03 1.15e+03 1.14e+03 1.13e+03 1.12e+03 1.11e+03 1.10e+03 1.09e+03 1.09e+03 1.08e+03 1.07e+03 1.06e+03 1.05e+03 1.04e+03 1.03e+03 1.02e+03 1.01e+03 1.00e+03 9.96e+02 9.87e+02 9.78e+02 9.70e+02 9.61e+02 9.52e+02 9.44e+02 9.35e+02 9.27e+02 9.18e+02 9.09e+02 9.01e+02 8.93e+02 8.84e+02 8.76e+02 8.68e+02 8.59e+02 8.51e+02 8.43e+02 8.35e+02 8.27e+02 8.19e+02 8.11e+02 8.03e+02 7.96e+02 7.88e+02 7.80e+02 7.73e+02 7.65e+02 7.58e+02 7.50e+02 7.43e+02 7.36e+02 7.28e+02 7.21e+02 7.14e+02 7.07e+02 7.00e+02 6.93e+02 6.86e+02 6.80e+02 6.73e+02 6.66e+02 6.60e+02 6.53e+02 6.47e+02 6.41e+02 6.34e+02 6.28e+02 6.22e+02 6.16e+02 6.10e+02 6.04e+02 5.98e+02 5.92e+02 5.86e+02 5.81e+02 5.75e+02 5.69e+02 5.64e+02 5.59e+02 5.53e+02 5.48e+02 5.43e+02 5.37e+02 5.32e+02 5.27e+02 5.22e+02 5.17e+02 5.12e+02 5.08e+02 5.03e+02 4.98e+02 4.93e+02 4.89e+02 4.84e+02 4.80e+02 4.75e+02 4.71e+02 4.67e+02 4.62e+02 4.58e+02 4.54e+02 4.50e+02 4.46e+02 4.42e+02 4.38e+02 4.34e+02 4.30e+02 4.26e+02 4.22e+02 4.18e+02 4.15e+02 4.11e+02 4.07e+02 4.04e+02 4.00e+02 3.97e+02 3.93e+02 3.90e+02 3.86e+02 3.83e+02 3.80e+02 3.76e+02 3.73e+02 3.70e+02 3.67e+02 3.63e+02 3.60e+02 3.57e+02 3.54e+02 3.51e+02 3.48e+02 3.45e+02 3.42e+02 3.40e+02 3.37e+02 3.34e+02 3.31e+02 3.28e+02 3.26e+02 3.23e+02 3.20e+02 3.18e+02 3.15e+02 3.12e+02 3.10e+02 3.07e+02 3.05e+02 3.02e+02 3.00e+02 2.98e+02 2.95e+02 2.90e+02 2.81e+02 2.64e+02 2.33e+02 1.84e+02 1.17e+02 5.15e+01 2.29e+01 2.00e+01 2.00e+01 2.00e+01 2.00e+01 2.00e+01 
 1.40161579327745e-09   1.41e+03 1.41e+03 1.41e+03 1.41e+03 1.41e+03 1.41e+03 1.41e+03 1.41e+03 1.41e+03 1.41e+03 1.41e+03 1.41e+03 1.41e+03 1.41e+03 1.41e+03 1.41e+03 1.41e+03 1.41e+03 1.41e+03 1.41e+03 1.41e+03 1.40e+03 1.39e+03 1.39e+03 1.38e+03 1.37e+03 1.36e+03 1.35e+03 1.34e+03 1.33e+03 1.33e+03 1.32e+03 1.31e+03 1.30e+03 1.29e+03 1.28e+03 1.27e+03 1.26e+03 1.26e+03 1.25e+03 1.24e+03 1.23e+03 1.22e+03 1.21e+03 1.20e+03 1.19e+03 1.18e+03 1.18e+03 1.17e+03 1.16e+03 1.15e+03 1.14e+03 1.13e+03 1.12e+03 1.11e+03 1.10e+03 1.09e+03 1.09e+03 1.08e+03 1.07e+03 1.06e+03 1.05e+03 1.04e+03 1.03e+03 1.02e+03 1.01e+03 1.00e+03 9.96e+02 9.87e+02 9.78e+02 9.70e+02 9.61e+02 9.52e+02 9.44e+02 9.35e+02 9.26e+02 9.18e+02 9.10e+02 9.01e+02 8.93e+02 8.84e+02 8.76e+02 8.68e+02 8.60e+02 8.51e+02 8.43e+02 8.35e+02 8.27e+02 8.19e+02 8.12e+02 8.04e+02 7.96e+02 7.88e+02 7.81e+02 7.73e+02 7.65e+02 7.58e+02 7.51e+02 7.43e+02 7.36e+02 7.29e+02 7.22e+02 7.15e+02 7.08e+02 7.01e+02 6.94e+02 6.87e+02 6.80e+02 6.73e+02 6.67e+02 6.60e+02 6.54e+02 6.47e+02 6.41e+02 6.35e+02 6.29e+02 6.22e+02 6.16e+02 6.10e+02 6.04e+02 5.99e+02 5.93e+02 5.87e+02 5.81e+02 5.76e+02 5.70e+02 5.65e+02 5.59e+02 5.54e+02 5.49e+02 5.43e+02 5.38e+02 5.33e+02 5.28e+02 5.23e+02 5.18e+02 5.13e+02 5.08e+02 5.04e+02 4.99e+02 4.94e+02 4.90e+02 4.85e+02 4.81e+02 4.76e+02 4.72e+02 4.67e+02 4.63e+02 4.59e+02 4.55e+02 4.50e+02 4.46e+02 4.42e+02 4.38e+02 4.34e+02 4.30e+02 4.27e+02 4.23e+02 4.19e+02 4.15e+02 4.12e+02 4.08e+02 4.04e+02 4.01e+02 3.97e+02 3.94e+02 3.90e+02 3.87e+02 3.84e+02 3.80e+02 3.77e+02 3.74e+02 3.71e+02 3.67e+02 3.64e+02 3.61e+02 3.58e+02 3.55e+02 3.52e+02 3.49e+02 3.46e+02 3.43e+02 3.40e+02 3.38e+02 3.35e+02 3.32e+02 3.29e+02 3.26e+02 3.24e+02 3.21e+02 3.18e+02 3.16e+02 3.13e+02 3.11e+02 3.08e+02 3.06e+02 3.03e+02 3.01e+02 2.98e+02 2.96e+02 2.91e+02 2.82e+02 2.65e+02 2.34e+02 1.84e+02 1.17e+02 5.18e+01 2.29e+01 2.00e+01 2.00e+01 2.00e+01 2.00e+01 2.00e+01 
 1.41163257572075e-09   1.41e+03 1.41e+03 1.41e+03 1.41e+03 1.41e+03 1.41e+03 1.41e+03 1.41e+03 1.41e+03 1.41e+03 1.41e+03 1.41e+03 1.41e+03 1.41e+03 1.41e+03 1.41e+03 1.41e+03 1.41e+03 1.41e+03 1.41e+03 1.41e+03 1.40e+03 1.39e+03 1.39e+03 1.38e+03 1.37e+03 1.36e+03 1.35e+03 1.34e+03 1.33e+03 1.33e+03 1.32e+03 1.31e+03 1.30e+03 1.29e+03 1.28e+03 1.27e+03 1.26e+03 1.26e+03 1.25e+03 1.24e+03 1.23e+03 1.22e+03 1.21e+03 1.20e+03 1.19e+03 1.18e+03 1.17e+03 1.17e+03 1.16e+03 1.15e+03 1.14e+03 1.13e+03 1.12e+03 1.11e+03 1.10e+03 1.09e+03 1.08e+03 1.08e+03 1.07e+03 1.06e+03 1.05e+03 1.04e+03 1.03e+03 1.02e+03 1.01e+03 1.00e+03 9.96e+02 9.87e+02 9.78e+02 9.70e+02 9.61e+02 9.52e+02 9.44e+02 9.35e+02 9.26e+02 9.18e+02 9.10e+02 9.01e+02 8.93e+02 8.84e+02 8.76e+02 8.68e+02 8.60e+02 8.52e+02 8.44e+02 8.36e+02 8.28e+02 8.20e+02 8.12e+02 8.04e+02 7.96e+02 7.89e+02 7.81e+02 7.73e+02 7.66e+02 7.58e+02 7.51e+02 7.44e+02 7.36e+02 7.29e+02 7.22e+02 7.15e+02 7.08e+02 7.01e+02 6.94e+02 6.87e+02 6.81e+02 6.74e+02 6.67e+02 6.61e+02 6.54e+02 6.48e+02 6.42e+02 6.35e+02 6.29e+02 6.23e+02 6.17e+02 6.11e+02 6.05e+02 5.99e+02 5.93e+02 5.88e+02 5.82e+02 5.76e+02 5.71e+02 5.65e+02 5.60e+02 5.55e+02 5.49e+02 5.44e+02 5.39e+02 5.34e+02 5.29e+02 5.24e+02 5.19e+02 5.14e+02 5.09e+02 5.04e+02 5.00e+02 4.95e+02 4.90e+02 4.86e+02 4.81e+02 4.77e+02 4.72e+02 4.68e+02 4.64e+02 4.60e+02 4.55e+02 4.51e+02 4.47e+02 4.43e+02 4.39e+02 4.35e+02 4.31e+02 4.27e+02 4.24e+02 4.20e+02 4.16e+02 4.12e+02 4.09e+02 4.05e+02 4.02e+02 3.98e+02 3.95e+02 3.91e+02 3.88e+02 3.84e+02 3.81e+02 3.78e+02 3.75e+02 3.71e+02 3.68e+02 3.65e+02 3.62e+02 3.59e+02 3.56e+02 3.53e+02 3.50e+02 3.47e+02 3.44e+02 3.41e+02 3.38e+02 3.35e+02 3.33e+02 3.30e+02 3.27e+02 3.25e+02 3.22e+02 3.19e+02 3.17e+02 3.14e+02 3.11e+02 3.09e+02 3.06e+02 3.04e+02 3.01e+02 2.99e+02 2.97e+02 2.92e+02 2.83e+02 2.65e+02 2.35e+02 1.85e+02 1.18e+02 5.21e+01 2.30e+01 2.00e+01 2.00e+01 2.00e+01 2.00e+01 2.00e+01 
 1.42165309469035e-09   1.41e+03 1.41e+03 1.41e+03 1.41e+03 1.41e+03 1.41e+03 1.41e+03 1.41e+03 1.41e+03 1.41e+03 1.41e+03 1.41e+03 1.41e+03 1.41e+03 1.41e+03 1.41e+03 1.41e+03 1.41e+03 1.41e+03 1.41e+03 1.41e+03 1.40e+03 1.39e+03 1.39e+03 1.38e+03 1.37e+03 1.36e+03 1.35e+03 1.34e+03 1.33e+03 1.32e+03 1.32e+03 1.31e+03 1.30e+03 1.29e+03 1.28e+03 1.27e+03 1.26e+03 1.25e+03 1.25e+03 1.24e+03 1.23e+03 1.22e+03 1.21e+03 1.20e+03 1.19e+03 1.18e+03 1.17e+03 1.17e+03 1.16e+03 1.15e+03 1.14e+03 1.13e+03 1.12e+03 1.11e+03 1.10e+03 1.09e+03 1.08e+03 1.08e+03 1.07e+03 1.06e+03 1.05e+03 1.04e+03 1.03e+03 1.02e+03 1.01e+03 1.00e+03 9.96e+02 9.87e+02 9.78e+02 9.69e+02 9.61e+02 9.52e+02 9.44e+02 9.35e+02 9.26e+02 9.18e+02 9.10e+02 9.01e+02 8.93e+02 8.85e+02 8.76e+02 8.68e+02 8.60e+02 8.52e+02 8.44e+02 8.36e+02 8.28e+02 8.20e+02 8.12e+02 8.04e+02 7.96e+02 7.89e+02 7.81e+02 7.74e+02 7.66e+02 7.59e+02 7.51e+02 7.44e+02 7.37e+02 7.30e+02 7.23e+02 7.15e+02 7.08e+02 7.02e+02 6.95e+02 6.88e+02 6.81e+02 6.75e+02 6.68e+02 6.61e+02 6.55e+02 6.49e+02 6.42e+02 6.36e+02 6.30e+02 6.24e+02 6.18e+02 6.12e+02 6.06e+02 6.00e+02 5.94e+02 5.88e+02 5.83e+02 5.77e+02 5.72e+02 5.66e+02 5.61e+02 5.55e+02 5.50e+02 5.45e+02 5.40e+02 5.34e+02 5.29e+02 5.24e+02 5.19e+02 5.15e+02 5.10e+02 5.05e+02 5.00e+02 4.96e+02 4.91e+02 4.87e+02 4.82e+02 4.78e+02 4.73e+02 4.69e+02 4.65e+02 4.60e+02 4.56e+02 4.52e+02 4.48e+02 4.44e+02 4.40e+02 4.36e+02 4.32e+02 4.28e+02 4.24e+02 4.21e+02 4.17e+02 4.13e+02 4.10e+02 4.06e+02 4.02e+02 3.99e+02 3.95e+02 3.92e+02 3.89e+02 3.85e+02 3.82e+02 3.79e+02 3.75e+02 3.72e+02 3.69e+02 3.66e+02 3.63e+02 3.60e+02 3.57e+02 3.54e+02 3.51e+02 3.48e+02 3.45e+02 3.42e+02 3.39e+02 3.36e+02 3.33e+02 3.31e+02 3.28e+02 3.25e+02 3.23e+02 3.20e+02 3.17e+02 3.15e+02 3.12e+02 3.10e+02 3.07e+02 3.05e+02 3.02e+02 3.00e+02 2.97e+02 2.93e+02 2.84e+02 2.66e+02 2.35e+02 1.86e+02 1.19e+02 5.24e+01 2.31e+01 2.00e+01 2.00e+01 2.00e+01 2.00e+01 2.00e+01 
 1.43165311399146e-09   1.41e+03 1.41e+03 1.41e+03 1.41e+03 1.41e+03 1.41e+03 1.41e+03 1.41e+03 1.41e+03 1.41e+03 1.41e+03 1.41e+03 1.41e+03 1.41e+03 1.41e+03 1.41e+03 1.41e+03 1.41e+03 1.41e+03 1.41e+03 1.41e+03 1.40e+03 1.39e+03 1.39e+03 1.38e+03 1.37e+03 1.36e+03 1.35e+03 1.34e+03 1.33e+03 1.32e+03 1.32e+03 1.31e+03 1.30e+03 1.29e+03 1.28e+03 1.27e+03 1.26e+03 1.25e+03 1.24e+03 1.24e+03 1.23e+03 1.22e+03 1.21e+03 1.20e+03 1.19e+03 1.18e+03 1.17e+03 1.16e+03 1.16e+03 1.15e+03 1.14e+03 1.13e+03 1.12e+03 1.11e+03 1.10e+03 1.09e+03 1.08e+03 1.08e+03 1.07e+03 1.06e+03 1.05e+03 1.04e+03 1.03e+03 1.02e+03 1.01e+03 1.00e+03 9.95e+02 9.87e+02 9.78e+02 9.69e+02 9.61e+02 9.52e+02 9.44e+02 9.35e+02 9.27e+02 9.18e+02 9.10e+02 9.01e+02 8.93e+02 8.85e+02 8.76e+02 8.68e+02 8.60e+02 8.52e+02 8.44e+02 8.36e+02 8.28e+02 8.20e+02 8.12e+02 8.04e+02 7.97e+02 7.89e+02 7.82e+02 7.74e+02 7.66e+02 7.59e+02 7.52e+02 7.44e+02 7.37e+02 7.30e+02 7.23e+02 7.16e+02 7.09e+02 7.02e+02 6.95e+02 6.88e+02 6.82e+02 6.75e+02 6.68e+02 6.62e+02 6.56e+02 6.49e+02 6.43e+02 6.37e+02 6.30e+02 6.24e+02 6.18e+02 6.12e+02 6.06e+02 6.00e+02 5.95e+02 5.89e+02 5.83e+02 5.78e+02 5.72e+02 5.67e+02 5.61e+02 5.56e+02 5.51e+02 5.45e+02 5.40e+02 5.35e+02 5.30e+02 5.25e+02 5.20e+02 5.15e+02 5.11e+02 5.06e+02 5.01e+02 4.96e+02 4.92e+02 4.87e+02 4.83e+02 4.78e+02 4.74e+02 4.70e+02 4.65e+02 4.61e+02 4.57e+02 4.53e+02 4.49e+02 4.45e+02 4.41e+02 4.37e+02 4.33e+02 4.29e+02 4.25e+02 4.21e+02 4.18e+02 4.14e+02 4.10e+02 4.07e+02 4.03e+02 4.00e+02 3.96e+02 3.93e+02 3.89e+02 3.86e+02 3.83e+02 3.79e+02 3.76e+02 3.73e+02 3.70e+02 3.67e+02 3.64e+02 3.60e+02 3.57e+02 3.54e+02 3.51e+02 3.49e+02 3.46e+02 3.43e+02 3.40e+02 3.37e+02 3.34e+02 3.32e+02 3.29e+02 3.26e+02 3.23e+02 3.21e+02 3.18e+02 3.16e+02 3.13e+02 3.10e+02 3.08e+02 3.06e+02 3.03e+02 3.01e+02 2.98e+02 2.93e+02 2.84e+02 2.67e+02 2.36e+02 1.86e+02 1.19e+02 5.28e+01 2.31e+01 2.00e+01 2.00e+01 2.00e+01 2.00e+01 2.00e+01 
 1.44165681501416e-09   1.41e+03 1.41e+03 1.41e+03 1.41e+03 1.41e+03 1.41e+03 1.41e+03 1.41e+03 1.41e+03 1.41e+03 1.41e+03 1.41e+03 1.41e+03 1.41e+03 1.41e+03 1.41e+03 1.41e+03 1.41e+03 1.41e+03 1.41e+03 1.41e+03 1.40e+03 1.39e+03 1.39e+03 1.38e+03 1.37e+03 1.36e+03 1.35e+03 1.34e+03 1.33e+03 1.32e+03 1.32e+03 1.31e+03 1.30e+03 1.29e+03 1.28e+03 1.27e+03 1.26e+03 1.25e+03 1.24e+03 1.24e+03 1.23e+03 1.22e+03 1.21e+03 1.20e+03 1.19e+03 1.18e+03 1.17e+03 1.16e+03 1.16e+03 1.15e+03 1.14e+03 1.13e+03 1.12e+03 1.11e+03 1.10e+03 1.09e+03 1.08e+03 1.07e+03 1.07e+03 1.06e+03 1.05e+03 1.04e+03 1.03e+03 1.02e+03 1.01e+03 1.00e+03 9.95e+02 9.87e+02 9.78e+02 9.69e+02 9.61e+02 9.52e+02 9.43e+02 9.35e+02 9.27e+02 9.18e+02 9.10e+02 9.01e+02 8.93e+02 8.85e+02 8.77e+02 8.68e+02 8.60e+02 8.52e+02 8.44e+02 8.36e+02 8.28e+02 8.20e+02 8.13e+02 8.05e+02 7.97e+02 7.89e+02 7.82e+02 7.74e+02 7.67e+02 7.59e+02 7.52e+02 7.45e+02 7.38e+02 7.30e+02 7.23e+02 7.16e+02 7.09e+02 7.02e+02 6.96e+02 6.89e+02 6.82e+02 6.76e+02 6.69e+02 6.62e+02 6.56e+02 6.50e+02 6.43e+02 6.37e+02 6.31e+02 6.25e+02 6.19e+02 6.13e+02 6.07e+02 6.01e+02 5.95e+02 5.90e+02 5.84e+02 5.78e+02 5.73e+02 5.67e+02 5.62e+02 5.57e+02 5.51e+02 5.46e+02 5.41e+02 5.36e+02 5.31e+02 5.26e+02 5.21e+02 5.16e+02 5.11e+02 5.06e+02 5.02e+02 4.97e+02 4.93e+02 4.88e+02 4.84e+02 4.79e+02 4.75e+02 4.70e+02 4.66e+02 4.62e+02 4.58e+02 4.54e+02 4.49e+02 4.45e+02 4.41e+02 4.37e+02 4.34e+02 4.30e+02 4.26e+02 4.22e+02 4.18e+02 4.15e+02 4.11e+02 4.08e+02 4.04e+02 4.00e+02 3.97e+02 3.94e+02 3.90e+02 3.87e+02 3.83e+02 3.80e+02 3.77e+02 3.74e+02 3.71e+02 3.67e+02 3.64e+02 3.61e+02 3.58e+02 3.55e+02 3.52e+02 3.49e+02 3.46e+02 3.44e+02 3.41e+02 3.38e+02 3.35e+02 3.32e+02 3.30e+02 3.27e+02 3.24e+02 3.22e+02 3.19e+02 3.16e+02 3.14e+02 3.11e+02 3.09e+02 3.06e+02 3.04e+02 3.01e+02 2.99e+02 2.94e+02 2.85e+02 2.68e+02 2.37e+02 1.87e+02 1.20e+02 5.31e+01 2.32e+01 2.00e+01 2.00e+01 2.00e+01 2.00e+01 2.00e+01 
 1.45166417968242e-09   1.41e+03 1.41e+03 1.41e+03 1.41e+03 1.41e+03 1.41e+03 1.41e+03 1.41e+03 1.41e+03 1.41e+03 1.41e+03 1.41e+03 1.41e+03 1.41e+03 1.41e+03 1.41e+03 1.41e+03 1.41e+03 1.41e+03 1.41e+03 1.41e+03 1.40e+03 1.39e+03 1.39e+03 1.38e+03 1.37e+03 1.36e+03 1.35e+03 1.34e+03 1.33e+03 1.32e+03 1.31e+03 1.31e+03 1.30e+03 1.29e+03 1.28e+03 1.27e+03 1.26e+03 1.25e+03 1.24e+03 1.23e+03 1.23e+03 1.22e+03 1.21e+03 1.20e+03 1.19e+03 1.18e+03 1.17e+03 1.16e+03 1.15e+03 1.15e+03 1.14e+03 1.13e+03 1.12e+03 1.11e+03 1.10e+03 1.09e+03 1.08e+03 1.07e+03 1.07e+03 1.06e+03 1.05e+03 1.04e+03 1.03e+03 1.02e+03 1.01e+03 1.00e+03 9.95e+02 9.86e+02 9.78e+02 9.69e+02 9.61e+02 9.52e+02 9.43e+02 9.35e+02 9.27e+02 9.18e+02 9.10e+02 9.01e+02 8.93e+02 8.85e+02 8.77e+02 8.68e+02 8.60e+02 8.52e+02 8.44e+02 8.36e+02 8.28e+02 8.21e+02 8.13e+02 8.05e+02 7.97e+02 7.90e+02 7.82e+02 7.75e+02 7.67e+02 7.60e+02 7.52e+02 7.45e+02 7.38e+02 7.31e+02 7.24e+02 7.17e+02 7.10e+02 7.03e+02 6.96e+02 6.89e+02 6.83e+02 6.76e+02 6.70e+02 6.63e+02 6.57e+02 6.50e+02 6.44e+02 6.38e+02 6.32e+02 6.25e+02 6.19e+02 6.13e+02 6.08e+02 6.02e+02 5.96e+02 5.90e+02 5.85e+02 5.79e+02 5.73e+02 5.68e+02 5.63e+02 5.57e+02 5.52e+02 5.47e+02 5.42e+02 5.37e+02 5.32e+02 5.27e+02 5.22e+02 5.17e+02 5.12e+02 5.07e+02 5.03e+02 4.98e+02 4.93e+02 4.89e+02 4.84e+02 4.80e+02 4.75e+02 4.71e+02 4.67e+02 4.63e+02 4.58e+02 4.54e+02 4.50e+02 4.46e+02 4.42e+02 4.38e+02 4.34e+02 4.31e+02 4.27e+02 4.23e+02 4.19e+02 4.16e+02 4.12e+02 4.08e+02 4.05e+02 4.01e+02 3.98e+02 3.94e+02 3.91e+02 3.88e+02 3.84e+02 3.81e+02 3.78e+02 3.75e+02 3.71e+02 3.68e+02 3.65e+02 3.62e+02 3.59e+02 3.56e+02 3.53e+02 3.50e+02 3.47e+02 3.44e+02 3.41e+02 3.39e+02 3.36e+02 3.33e+02 3.30e+02 3.28e+02 3.25e+02 3.22e+02 3.20e+02 3.17e+02 3.15e+02 3.12e+02 3.10e+02 3.07e+02 3.05e+02 3.02e+02 3.00e+02 2.95e+02 2.86e+02 2.68e+02 2.37e+02 1.88e+02 1.20e+02 5.34e+01 2.32e+01 2.00e+01 2.00e+01 2.00e+01 2.00e+01 2.00e+01 
 1.46167519010840e-09   1.41e+03 1.41e+03 1.41e+03 1.41e+03 1.41e+03 1.41e+03 1.41e+03 1.41e+03 1.41e+03 1.41e+03 1.41e+03 1.41e+03 1.41e+03 1.41e+03 1.41e+03 1.41e+03 1.41e+03 1.41e+03 1.41e+03 1.41e+03 1.40e+03 1.40e+03 1.39e+03 1.38e+03 1.37e+03 1.36e+03 1.36e+03 1.35e+03 1.34e+03 1.33e+03 1.32e+03 1.31e+03 1.31e+03 1.30e+03 1.29e+03 1.28e+03 1.27e+03 1.26e+03 1.25e+03 1.24e+03 1.23e+03 1.23e+03 1.22e+03 1.21e+03 1.20e+03 1.19e+03 1.18e+03 1.17e+03 1.16e+03 1.15e+03 1.15e+03 1.14e+03 1.13e+03 1.12e+03 1.11e+03 1.10e+03 1.09e+03 1.08e+03 1.07e+03 1.07e+03 1.06e+03 1.05e+03 1.04e+03 1.03e+03 1.02e+03 1.01e+03 1.00e+03 9.95e+02 9.86e+02 9.78e+02 9.69e+02 9.60e+02 9.52e+02 9.43e+02 9.35e+02 9.27e+02 9.18e+02 9.10e+02 9.01e+02 8.93e+02 8.85e+02 8.77e+02 8.69e+02 8.61e+02 8.52e+02 8.44e+02 8.37e+02 8.29e+02 8.21e+02 8.13e+02 8.05e+02 7.98e+02 7.90e+02 7.82e+02 7.75e+02 7.68e+02 7.60e+02 7.53e+02 7.46e+02 7.38e+02 7.31e+02 7.24e+02 7.17e+02 7.10e+02 7.03e+02 6.97e+02 6.90e+02 6.83e+02 6.77e+02 6.70e+02 6.64e+02 6.57e+02 6.51e+02 6.45e+02 6.38e+02 6.32e+02 6.26e+02 6.20e+02 6.14e+02 6.08e+02 6.02e+02 5.97e+02 5.91e+02 5.85e+02 5.80e+02 5.74e+02 5.69e+02 5.63e+02 5.58e+02 5.53e+02 5.48e+02 5.42e+02 5.37e+02 5.32e+02 5.27e+02 5.22e+02 5.17e+02 5.13e+02 5.08e+02 5.03e+02 4.99e+02 4.94e+02 4.89e+02 4.85e+02 4.81e+02 4.76e+02 4.72e+02 4.68e+02 4.63e+02 4.59e+02 4.55e+02 4.51e+02 4.47e+02 4.43e+02 4.39e+02 4.35e+02 4.31e+02 4.27e+02 4.24e+02 4.20e+02 4.16e+02 4.13e+02 4.09e+02 4.06e+02 4.02e+02 3.99e+02 3.95e+02 3.92e+02 3.88e+02 3.85e+02 3.82e+02 3.79e+02 3.75e+02 3.72e+02 3.69e+02 3.66e+02 3.63e+02 3.60e+02 3.57e+02 3.54e+02 3.51e+02 3.48e+02 3.45e+02 3.42e+02 3.39e+02 3.37e+02 3.34e+02 3.31e+02 3.28e+02 3.26e+02 3.23e+02 3.20e+02 3.18e+02 3.15e+02 3.13e+02 3.10e+02 3.08e+02 3.05e+02 3.03e+02 3.00e+02 2.96e+02 2.87e+02 2.69e+02 2.38e+02 1.88e+02 1.21e+02 5.37e+01 2.33e+01 2.00e+01 2.00e+01 2.00e+01 2.00e+01 2.00e+01 
 1.47168982858911e-09   1.41e+03 1.41e+03 1.41e+03 1.41e+03 1.41e+03 1.41e+03 1.41e+03 1.41e+03 1.41e+03 1.41e+03 1.41e+03 1.41e+03 1.41e+03 1.41e+03 1.41e+03 1.41e+03 1.41e+03 1.41e+03 1.41e+03 1.41e+03 1.40e+03 1.40e+03 1.39e+03 1.38e+03 1.37e+03 1.36e+03 1.35e+03 1.35e+03 1.34e+03 1.33e+03 1.32e+03 1.31e+03 1.30e+03 1.30e+03 1.29e+03 1.28e+03 1.27e+03 1.26e+03 1.25e+03 1.24e+03 1.23e+03 1.22e+03 1.22e+03 1.21e+03 1.20e+03 1.19e+03 1.18e+03 1.17e+03 1.16e+03 1.15e+03 1.14e+03 1.14e+03 1.13e+03 1.12e+03 1.11e+03 1.10e+03 1.09e+03 1.08e+03 1.07e+03 1.06e+03 1.06e+03 1.05e+03 1.04e+03 1.03e+03 1.02e+03 1.01e+03 1.00e+03 9.95e+02 9.86e+02 9.78e+02 9.69e+02 9.60e+02 9.52e+02 9.43e+02 9.35e+02 9.27e+02 9.18e+02 9.10e+02 9.01e+02 8.93e+02 8.85e+02 8.77e+02 8.69e+02 8.61e+02 8.53e+02 8.45e+02 8.37e+02 8.29e+02 8.21e+02 8.13e+02 8.06e+02 7.98e+02 7.90e+02 7.83e+02 7.75e+02 7.68e+02 7.61e+02 7.53e+02 7.46e+02 7.39e+02 7.32e+02 7.25e+02 7.18e+02 7.11e+02 7.04e+02 6.97e+02 6.90e+02 6.84e+02 6.77e+02 6.71e+02 6.64e+02 6.58e+02 6.51e+02 6.45e+02 6.39e+02 6.33e+02 6.27e+02 6.21e+02 6.15e+02 6.09e+02 6.03e+02 5.97e+02 5.92e+02 5.86e+02 5.80e+02 5.75e+02 5.69e+02 5.64e+02 5.59e+02 5.53e+02 5.48e+02 5.43e+02 5.38e+02 5.33e+02 5.28e+02 5.23e+02 5.18e+02 5.13e+02 5.09e+02 5.04e+02 4.99e+02 4.95e+02 4.90e+02 4.86e+02 4.81e+02 4.77e+02 4.73e+02 4.68e+02 4.64e+02 4.60e+02 4.56e+02 4.52e+02 4.48e+02 4.44e+02 4.40e+02 4.36e+02 4.32e+02 4.28e+02 4.24e+02 4.21e+02 4.17e+02 4.13e+02 4.10e+02 4.06e+02 4.03e+02 3.99e+02 3.96e+02 3.92e+02 3.89e+02 3.86e+02 3.83e+02 3.79e+02 3.76e+02 3.73e+02 3.70e+02 3.67e+02 3.64e+02 3.61e+02 3.58e+02 3.55e+02 3.52e+02 3.49e+02 3.46e+02 3.43e+02 3.40e+02 3.37e+02 3.35e+02 3.32e+02 3.29e+02 3.27e+02 3.24e+02 3.21e+02 3.19e+02 3.16e+02 3.14e+02 3.11e+02 3.09e+02 3.06e+02 3.04e+02 3.01e+02 2.97e+02 2.87e+02 2.70e+02 2.39e+02 1.89e+02 1.21e+02 5.41e+01 2.33e+01 2.00e+01 2.00e+01 2.00e+01 2.00e+01 2.00e+01 
 1.48170807760305e-09   1.41e+03 1.41e+03 1.41e+03 1.41e+03 1.41e+03 1.41e+03 1.41e+03 1.41e+03 1.41e+03 1.41e+03 1.41e+03 1.41e+03 1.41e+03 1.41e+03 1.41e+03 1.41e+03 1.41e+03 1.41e+03 1.41e+03 1.41e+03 1.40e+03 1.40e+03 1.39e+03 1.38e+03 1.37e+03 1.36e+03 1.35e+03 1.35e+03 1.34e+03 1.33e+03 1.32e+03 1.31e+03 1.30e+03 1.29e+03 1.29e+03 1.28e+03 1.27e+03 1.26e+03 1.25e+03 1.24e+03 1.23e+03 1.22e+03 1.22e+03 1.21e+03 1.20e+03 1.19e+03 1.18e+03 1.17e+03 1.16e+03 1.15e+03 1.14e+03 1.14e+03 1.13e+03 1.12e+03 1.11e+03 1.10e+03 1.09e+03 1.08e+03 1.07e+03 1.06e+03 1.06e+03 1.05e+03 1.04e+03 1.03e+03 1.02e+03 1.01e+03 1.00e+03 9.95e+02 9.86e+02 9.77e+02 9.69e+02 9.60e+02 9.52e+02 9.43e+02 9.35e+02 9.27e+02 9.18e+02 9.10e+02 9.02e+02 8.93e+02 8.85e+02 8.77e+02 8.69e+02 8.61e+02 8.53e+02 8.45e+02 8.37e+02 8.29e+02 8.21e+02 8.14e+02 8.06e+02 7.98e+02 7.91e+02 7.83e+02 7.76e+02 7.68e+02 7.61e+02 7.54e+02 7.46e+02 7.39e+02 7.32e+02 7.25e+02 7.18e+02 7.11e+02 7.04e+02 6.98e+02 6.91e+02 6.84e+02 6.78e+02 6.71e+02 6.65e+02 6.58e+02 6.52e+02 6.46e+02 6.39e+02 6.33e+02 6.27e+02 6.21e+02 6.15e+02 6.09e+02 6.04e+02 5.98e+02 5.92e+02 5.87e+02 5.81e+02 5.75e+02 5.70e+02 5.65e+02 5.59e+02 5.54e+02 5.49e+02 5.44e+02 5.39e+02 5.34e+02 5.29e+02 5.24e+02 5.19e+02 5.14e+02 5.09e+02 5.05e+02 5.00e+02 4.95e+02 4.91e+02 4.86e+02 4.82e+02 4.78e+02 4.73e+02 4.69e+02 4.65e+02 4.61e+02 4.57e+02 4.53e+02 4.48e+02 4.44e+02 4.41e+02 4.37e+02 4.33e+02 4.29e+02 4.25e+02 4.22e+02 4.18e+02 4.14e+02 4.11e+02 4.07e+02 4.04e+02 4.00e+02 3.97e+02 3.93e+02 3.90e+02 3.87e+02 3.83e+02 3.80e+02 3.77e+02 3.74e+02 3.71e+02 3.67e+02 3.64e+02 3.61e+02 3.58e+02 3.55e+02 3.52e+02 3.49e+02 3.47e+02 3.44e+02 3.41e+02 3.38e+02 3.35e+02 3.33e+02 3.30e+02 3.27e+02 3.25e+02 3.22e+02 3.19e+02 3.17e+02 3.14e+02 3.12e+02 3.09e+02 3.07e+02 3.04e+02 3.02e+02 2.97e+02 2.88e+02 2.71e+02 2.40e+02 1.90e+02 1.22e+02 5.44e+01 2.34e+01 2.00e+01 2.00e+01 2.00e+01 2.00e+01 2.00e+01 
 1.49172991980696e-09   1.41e+03 1.41e+03 1.41e+03 1.41e+03 1.41e+03 1.41e+03 1.41e+03 1.41e+03 1.41e+03 1.41e+03 1.41e+03 1.41e+03 1.41e+03 1.41e+03 1.41e+03 1.41e+03 1.41e+03 1.41e+03 1.41e+03 1.41e+03 1.40e+03 1.39e+03 1.39e+03 1.38e+03 1.37e+03 1.36e+03 1.35e+03 1.34e+03 1.34e+03 1.33e+03 1.32e+03 1.31e+03 1.30e+03 1.29e+03 1.28e+03 1.28e+03 1.27e+03 1.26e+03 1.25e+03 1.24e+03 1.23e+03 1.22e+03 1.21e+03 1.21e+03 1.20e+03 1.19e+03 1.18e+03 1.17e+03 1.16e+03 1.15e+03 1.14e+03 1.14e+03 1.13e+03 1.12e+03 1.11e+03 1.10e+03 1.09e+03 1.08e+03 1.07e+03 1.06e+03 1.06e+03 1.05e+03 1.04e+03 1.03e+03 1.02e+03 1.01e+03 1.00e+03 9.95e+02 9.86e+02 9.77e+02 9.69e+02 9.60e+02 9.52e+02 9.43e+02 9.35e+02 9.27e+02 9.18e+02 9.10e+02 9.02e+02 8.93e+02 8.85e+02 8.77e+02 8.69e+02 8.61e+02 8.53e+02 8.45e+02 8.37e+02 8.29e+02 8.22e+02 8.14e+02 8.06e+02 7.98e+02 7.91e+02 7.83e+02 7.76e+02 7.69e+02 7.61e+02 7.54e+02 7.47e+02 7.40e+02 7.33e+02 7.26e+02 7.19e+02 7.12e+02 7.05e+02 6.98e+02 6.91e+02 6.85e+02 6.78e+02 6.72e+02 6.65e+02 6.59e+02 6.52e+02 6.46e+02 6.40e+02 6.34e+02 6.28e+02 6.22e+02 6.16e+02 6.10e+02 6.04e+02 5.98e+02 5.93e+02 5.87e+02 5.82e+02 5.76e+02 5.71e+02 5.65e+02 5.60e+02 5.55e+02 5.50e+02 5.44e+02 5.39e+02 5.34e+02 5.29e+02 5.24e+02 5.20e+02 5.15e+02 5.10e+02 5.05e+02 5.01e+02 4.96e+02 4.92e+02 4.87e+02 4.83e+02 4.78e+02 4.74e+02 4.70e+02 4.66e+02 4.61e+02 4.57e+02 4.53e+02 4.49e+02 4.45e+02 4.41e+02 4.37e+02 4.34e+02 4.30e+02 4.26e+02 4.22e+02 4.19e+02 4.15e+02 4.11e+02 4.08e+02 4.04e+02 4.01e+02 3.97e+02 3.94e+02 3.91e+02 3.87e+02 3.84e+02 3.81e+02 3.78e+02 3.74e+02 3.71e+02 3.68e+02 3.65e+02 3.62e+02 3.59e+02 3.56e+02 3.53e+02 3.50e+02 3.47e+02 3.45e+02 3.42e+02 3.39e+02 3.36e+02 3.33e+02 3.31e+02 3.28e+02 3.25e+02 3.23e+02 3.20e+02 3.18e+02 3.15e+02 3.13e+02 3.10e+02 3.08e+02 3.05e+02 3.03e+02 2.98e+02 2.89e+02 2.71e+02 2.40e+02 1.90e+02 1.22e+02 5.47e+01 2.34e+01 2.00e+01 2.00e+01 2.00e+01 2.00e+01 2.00e+01 
 1.50173105910721e-09   1.41e+03 1.41e+03 1.41e+03 1.41e+03 1.41e+03 1.41e+03 1.41e+03 1.41e+03 1.41e+03 1.41e+03 1.41e+03 1.41e+03 1.41e+03 1.41e+03 1.41e+03 1.41e+03 1.41e+03 1.41e+03 1.41e+03 1.41e+03 1.40e+03 1.39e+03 1.39e+03 1.38e+03 1.37e+03 1.36e+03 1.35e+03 1.34e+03 1.34e+03 1.33e+03 1.32e+03 1.31e+03 1.30e+03 1.29e+03 1.28e+03 1.28e+03 1.27e+03 1.26e+03 1.25e+03 1.24e+03 1.23e+03 1.22e+03 1.21e+03 1.21e+03 1.20e+03 1.19e+03 1.18e+03 1.17e+03 1.16e+03 1.15e+03 1.14e+03 1.13e+03 1.13e+03 1.12e+03 1.11e+03 1.10e+03 1.09e+03 1.08e+03 1.07e+03 1.06e+03 1.06e+03 1.05e+03 1.04e+03 1.03e+03 1.02e+03 1.01e+03 1.00e+03 9.94e+02 9.86e+02 9.77e+02 9.69e+02 9.60e+02 9.52e+02 9.43e+02 9.35e+02 9.27e+02 9.18e+02 9.10e+02 9.02e+02 8.93e+02 8.85e+02 8.77e+02 8.69e+02 8.61e+02 8.53e+02 8.45e+02 8.37e+02 8.30e+02 8.22e+02 8.14e+02 8.06e+02 7.99e+02 7.91e+02 7.84e+02 7.76e+02 7.69e+02 7.62e+02 7.54e+02 7.47e+02 7.40e+02 7.33e+02 7.26e+02 7.19e+02 7.12e+02 7.05e+02 6.99e+02 6.92e+02 6.85e+02 6.79e+02 6.72e+02 6.66e+02 6.59e+02 6.53e+02 6.47e+02 6.41e+02 6.34e+02 6.28e+02 6.22e+02 6.16e+02 6.11e+02 6.05e+02 5.99e+02 5.93e+02 5.88e+02 5.82e+02 5.77e+02 5.71e+02 5.66e+02 5.61e+02 5.55e+02 5.50e+02 5.45e+02 5.40e+02 5.35e+02 5.30e+02 5.25e+02 5.20e+02 5.16e+02 5.11e+02 5.06e+02 5.01e+02 4.97e+02 4.92e+02 4.88e+02 4.84e+02 4.79e+02 4.75e+02 4.71e+02 4.66e+02 4.62e+02 4.58e+02 4.54e+02 4.50e+02 4.46e+02 4.42e+02 4.38e+02 4.34e+02 4.31e+02 4.27e+02 4.23e+02 4.19e+02 4.16e+02 4.12e+02 4.09e+02 4.05e+02 4.02e+02 3.98e+02 3.95e+02 3.91e+02 3.88e+02 3.85e+02 3.82e+02 3.78e+02 3.75e+02 3.72e+02 3.69e+02 3.66e+02 3.63e+02 3.60e+02 3.57e+02 3.54e+02 3.51e+02 3.48e+02 3.45e+02 3.42e+02 3.40e+02 3.37e+02 3.34e+02 3.31e+02 3.29e+02 3.26e+02 3.24e+02 3.21e+02 3.18e+02 3.16e+02 3.13e+02 3.11e+02 3.08e+02 3.06e+02 3.03e+02 2.99e+02 2.90e+02 2.72e+02 2.41e+02 1.91e+02 1.23e+02 5.51e+01 2.35e+01 2.00e+01 2.00e+01 2.00e+01 2.00e+01 2.00e+01 
 1.51173574025987e-09   1.41e+03 1.41e+03 1.41e+03 1.41e+03 1.41e+03 1.41e+03 1.41e+03 1.41e+03 1.41e+03 1.41e+03 1.41e+03 1.41e+03 1.41e+03 1.41e+03 1.41e+03 1.41e+03 1.41e+03 1.41e+03 1.41e+03 1.41e+03 1.40e+03 1.39e+03 1.39e+03 1.38e+03 1.37e+03 1.36e+03 1.35e+03 1.34e+03 1.33e+03 1.33e+03 1.32e+03 1.31e+03 1.30e+03 1.29e+03 1.28e+03 1.27e+03 1.27e+03 1.26e+03 1.25e+03 1.24e+03 1.23e+03 1.22e+03 1.21e+03 1.20e+03 1.20e+03 1.19e+03 1.18e+03 1.17e+03 1.16e+03 1.15e+03 1.14e+03 1.13e+03 1.13e+03 1.12e+03 1.11e+03 1.10e+03 1.09e+03 1.08e+03 1.07e+03 1.06e+03 1.05e+03 1.05e+03 1.04e+03 1.03e+03 1.02e+03 1.01e+03 1.00e+03 9.94e+02 9.86e+02 9.77e+02 9.69e+02 9.60e+02 9.52e+02 9.43e+02 9.35e+02 9.27e+02 9.18e+02 9.10e+02 9.02e+02 8.94e+02 8.85e+02 8.77e+02 8.69e+02 8.61e+02 8.53e+02 8.45e+02 8.38e+02 8.30e+02 8.22e+02 8.14e+02 8.07e+02 7.99e+02 7.92e+02 7.84e+02 7.77e+02 7.69e+02 7.62e+02 7.55e+02 7.48e+02 7.40e+02 7.33e+02 7.26e+02 7.19e+02 7.13e+02 7.06e+02 6.99e+02 6.92e+02 6.86e+02 6.79e+02 6.73e+02 6.66e+02 6.60e+02 6.54e+02 6.47e+02 6.41e+02 6.35e+02 6.29e+02 6.23e+02 6.17e+02 6.11e+02 6.05e+02 6.00e+02 5.94e+02 5.88e+02 5.83e+02 5.77e+02 5.72e+02 5.67e+02 5.61e+02 5.56e+02 5.51e+02 5.46e+02 5.41e+02 5.36e+02 5.31e+02 5.26e+02 5.21e+02 5.16e+02 5.11e+02 5.07e+02 5.02e+02 4.98e+02 4.93e+02 4.89e+02 4.84e+02 4.80e+02 4.76e+02 4.71e+02 4.67e+02 4.63e+02 4.59e+02 4.55e+02 4.51e+02 4.47e+02 4.43e+02 4.39e+02 4.35e+02 4.31e+02 4.28e+02 4.24e+02 4.20e+02 4.16e+02 4.13e+02 4.09e+02 4.06e+02 4.02e+02 3.99e+02 3.96e+02 3.92e+02 3.89e+02 3.86e+02 3.82e+02 3.79e+02 3.76e+02 3.73e+02 3.70e+02 3.67e+02 3.64e+02 3.61e+02 3.58e+02 3.55e+02 3.52e+02 3.49e+02 3.46e+02 3.43e+02 3.40e+02 3.38e+02 3.35e+02 3.32e+02 3.30e+02 3.27e+02 3.24e+02 3.22e+02 3.19e+02 3.17e+02 3.14e+02 3.12e+02 3.09e+02 3.07e+02 3.04e+02 2.99e+02 2.90e+02 2.73e+02 2.42e+02 1.92e+02 1.24e+02 5.54e+01 2.36e+01 2.00e+01 2.00e+01 2.00e+01 2.00e+01 2.00e+01 
 1.52174394655947e-09   1.41e+03 1.41e+03 1.41e+03 1.41e+03 1.41e+03 1.41e+03 1.41e+03 1.41e+03 1.41e+03 1.41e+03 1.41e+03 1.41e+03 1.41e+03 1.41e+03 1.41e+03 1.41e+03 1.41e+03 1.41e+03 1.41e+03 1.41e+03 1.40e+03 1.39e+03 1.39e+03 1.38e+03 1.37e+03 1.36e+03 1.35e+03 1.34e+03 1.33e+03 1.33e+03 1.32e+03 1.31e+03 1.30e+03 1.29e+03 1.28e+03 1.27e+03 1.27e+03 1.26e+03 1.25e+03 1.24e+03 1.23e+03 1.22e+03 1.21e+03 1.20e+03 1.20e+03 1.19e+03 1.18e+03 1.17e+03 1.16e+03 1.15e+03 1.14e+03 1.13e+03 1.12e+03 1.12e+03 1.11e+03 1.10e+03 1.09e+03 1.08e+03 1.07e+03 1.06e+03 1.05e+03 1.05e+03 1.04e+03 1.03e+03 1.02e+03 1.01e+03 1.00e+03 9.94e+02 9.86e+02 9.77e+02 9.69e+02 9.60e+02 9.52e+02 9.43e+02 9.35e+02 9.27e+02 9.18e+02 9.10e+02 9.02e+02 8.94e+02 8.86e+02 8.77e+02 8.69e+02 8.61e+02 8.53e+02 8.46e+02 8.38e+02 8.30e+02 8.22e+02 8.15e+02 8.07e+02 7.99e+02 7.92e+02 7.84e+02 7.77e+02 7.70e+02 7.62e+02 7.55e+02 7.48e+02 7.41e+02 7.34e+02 7.27e+02 7.20e+02 7.13e+02 7.06e+02 6.99e+02 6.93e+02 6.86e+02 6.80e+02 6.73e+02 6.67e+02 6.60e+02 6.54e+02 6.48e+02 6.42e+02 6.36e+02 6.30e+02 6.24e+02 6.18e+02 6.12e+02 6.06e+02 6.00e+02 5.95e+02 5.89e+02 5.84e+02 5.78e+02 5.73e+02 5.67e+02 5.62e+02 5.57e+02 5.52e+02 5.46e+02 5.41e+02 5.36e+02 5.31e+02 5.27e+02 5.22e+02 5.17e+02 5.12e+02 5.08e+02 5.03e+02 4.98e+02 4.94e+02 4.89e+02 4.85e+02 4.81e+02 4.76e+02 4.72e+02 4.68e+02 4.64e+02 4.60e+02 4.55e+02 4.51e+02 4.47e+02 4.44e+02 4.40e+02 4.36e+02 4.32e+02 4.28e+02 4.25e+02 4.21e+02 4.17e+02 4.14e+02 4.10e+02 4.07e+02 4.03e+02 4.00e+02 3.96e+02 3.93e+02 3.90e+02 3.86e+02 3.83e+02 3.80e+02 3.77e+02 3.74e+02 3.70e+02 3.67e+02 3.64e+02 3.61e+02 3.58e+02 3.55e+02 3.53e+02 3.50e+02 3.47e+02 3.44e+02 3.41e+02 3.38e+02 3.36e+02 3.33e+02 3.30e+02 3.28e+02 3.25e+02 3.22e+02 3.20e+02 3.17e+02 3.15e+02 3.12e+02 3.10e+02 3.07e+02 3.05e+02 3.00e+02 2.91e+02 2.74e+02 2.42e+02 1.92e+02 1.24e+02 5.57e+01 2.36e+01 2.00e+01 2.00e+01 2.00e+01 2.00e+01 2.00e+01 
 1.53175566146525e-09   1.41e+03 1.41e+03 1.41e+03 1.41e+03 1.41e+03 1.41e+03 1.41e+03 1.41e+03 1.41e+03 1.41e+03 1.41e+03 1.41e+03 1.41e+03 1.41e+03 1.41e+03 1.41e+03 1.41e+03 1.41e+03 1.41e+03 1.41e+03 1.40e+03 1.39e+03 1.39e+03 1.38e+03 1.37e+03 1.36e+03 1.35e+03 1.34e+03 1.33e+03 1.33e+03 1.32e+03 1.31e+03 1.30e+03 1.29e+03 1.28e+03 1.27e+03 1.26e+03 1.26e+03 1.25e+03 1.24e+03 1.23e+03 1.22e+03 1.21e+03 1.20e+03 1.19e+03 1.19e+03 1.18e+03 1.17e+03 1.16e+03 1.15e+03 1.14e+03 1.13e+03 1.12e+03 1.12e+03 1.11e+03 1.10e+03 1.09e+03 1.08e+03 1.07e+03 1.06e+03 1.05e+03 1.05e+03 1.04e+03 1.03e+03 1.02e+03 1.01e+03 1.00e+03 9.94e+02 9.85e+02 9.77e+02 9.68e+02 9.60e+02 9.52e+02 9.43e+02 9.35e+02 9.27e+02 9.18e+02 9.10e+02 9.02e+02 8.94e+02 8.86e+02 8.78e+02 8.70e+02 8.62e+02 8.54e+02 8.46e+02 8.38e+02 8.30e+02 8.22e+02 8.15e+02 8.07e+02 8.00e+02 7.92e+02 7.85e+02 7.77e+02 7.70e+02 7.63e+02 7.55e+02 7.48e+02 7.41e+02 7.34e+02 7.27e+02 7.20e+02 7.13e+02 7.07e+02 7.00e+02 6.93e+02 6.87e+02 6.80e+02 6.74e+02 6.67e+02 6.61e+02 6.55e+02 6.48e+02 6.42e+02 6.36e+02 6.30e+02 6.24e+02 6.18e+02 6.12e+02 6.07e+02 6.01e+02 5.95e+02 5.90e+02 5.84e+02 5.79e+02 5.73e+02 5.68e+02 5.63e+02 5.57e+02 5.52e+02 5.47e+02 5.42e+02 5.37e+02 5.32e+02 5.27e+02 5.22e+02 5.18e+02 5.13e+02 5.08e+02 5.04e+02 4.99e+02 4.95e+02 4.90e+02 4.86e+02 4.81e+02 4.77e+02 4.73e+02 4.69e+02 4.64e+02 4.60e+02 4.56e+02 4.52e+02 4.48e+02 4.44e+02 4.40e+02 4.37e+02 4.33e+02 4.29e+02 4.25e+02 4.22e+02 4.18e+02 4.14e+02 4.11e+02 4.07e+02 4.04e+02 4.00e+02 3.97e+02 3.94e+02 3.90e+02 3.87e+02 3.84e+02 3.81e+02 3.77e+02 3.74e+02 3.71e+02 3.68e+02 3.65e+02 3.62e+02 3.59e+02 3.56e+02 3.53e+02 3.50e+02 3.48e+02 3.45e+02 3.42e+02 3.39e+02 3.36e+02 3.34e+02 3.31e+02 3.28e+02 3.26e+02 3.23e+02 3.21e+02 3.18e+02 3.16e+02 3.13e+02 3.11e+02 3.08e+02 3.06e+02 3.01e+02 2.92e+02 2.74e+02 2.43e+02 1.93e+02 1.25e+02 5.60e+01 2.37e+01 2.00e+01 2.00e+01 2.00e+01 2.00e+01 2.00e+01 
 1.54177086859843e-09   1.41e+03 1.41e+03 1.41e+03 1.41e+03 1.41e+03 1.41e+03 1.41e+03 1.41e+03 1.41e+03 1.41e+03 1.41e+03 1.41e+03 1.41e+03 1.41e+03 1.41e+03 1.41e+03 1.41e+03 1.41e+03 1.41e+03 1.41e+03 1.40e+03 1.39e+03 1.39e+03 1.38e+03 1.37e+03 1.36e+03 1.35e+03 1.34e+03 1.33e+03 1.33e+03 1.32e+03 1.31e+03 1.30e+03 1.29e+03 1.28e+03 1.27e+03 1.26e+03 1.26e+03 1.25e+03 1.24e+03 1.23e+03 1.22e+03 1.21e+03 1.20e+03 1.19e+03 1.19e+03 1.18e+03 1.17e+03 1.16e+03 1.15e+03 1.14e+03 1.13e+03 1.12e+03 1.12e+03 1.11e+03 1.10e+03 1.09e+03 1.08e+03 1.07e+03 1.06e+03 1.05e+03 1.05e+03 1.04e+03 1.03e+03 1.02e+03 1.01e+03 1.00e+03 9.94e+02 9.85e+02 9.77e+02 9.68e+02 9.60e+02 9.52e+02 9.43e+02 9.35e+02 9.27e+02 9.18e+02 9.10e+02 9.02e+02 8.94e+02 8.86e+02 8.78e+02 8.70e+02 8.62e+02 8.54e+02 8.46e+02 8.38e+02 8.30e+02 8.23e+02 8.15e+02 8.07e+02 8.00e+02 7.92e+02 7.85e+02 7.78e+02 7.70e+02 7.63e+02 7.56e+02 7.49e+02 7.42e+02 7.35e+02 7.28e+02 7.21e+02 7.14e+02 7.07e+02 7.00e+02 6.94e+02 6.87e+02 6.81e+02 6.74e+02 6.68e+02 6.61e+02 6.55e+02 6.49e+02 6.43e+02 6.37e+02 6.31e+02 6.25e+02 6.19e+02 6.13e+02 6.07e+02 6.02e+02 5.96e+02 5.90e+02 5.85e+02 5.79e+02 5.74e+02 5.69e+02 5.63e+02 5.58e+02 5.53e+02 5.48e+02 5.43e+02 5.38e+02 5.33e+02 5.28e+02 5.23e+02 5.18e+02 5.14e+02 5.09e+02 5.04e+02 5.00e+02 4.95e+02 4.91e+02 4.86e+02 4.82e+02 4.78e+02 4.73e+02 4.69e+02 4.65e+02 4.61e+02 4.57e+02 4.53e+02 4.49e+02 4.45e+02 4.41e+02 4.37e+02 4.34e+02 4.30e+02 4.26e+02 4.22e+02 4.19e+02 4.15e+02 4.12e+02 4.08e+02 4.05e+02 4.01e+02 3.98e+02 3.94e+02 3.91e+02 3.88e+02 3.85e+02 3.81e+02 3.78e+02 3.75e+02 3.72e+02 3.69e+02 3.66e+02 3.63e+02 3.60e+02 3.57e+02 3.54e+02 3.51e+02 3.48e+02 3.45e+02 3.43e+02 3.40e+02 3.37e+02 3.34e+02 3.32e+02 3.29e+02 3.26e+02 3.24e+02 3.21e+02 3.19e+02 3.16e+02 3.14e+02 3.11e+02 3.09e+02 3.06e+02 3.02e+02 2.92e+02 2.75e+02 2.44e+02 1.94e+02 1.25e+02 5.64e+01 2.37e+01 2.00e+01 2.00e+01 2.00e+01 2.00e+01 2.00e+01 
 1.55178955173945e-09   1.41e+03 1.41e+03 1.41e+03 1.41e+03 1.41e+03 1.41e+03 1.41e+03 1.41e+03 1.41e+03 1.41e+03 1.41e+03 1.41e+03 1.41e+03 1.41e+03 1.41e+03 1.41e+03 1.41e+03 1.41e+03 1.41e+03 1.40e+03 1.40e+03 1.39e+03 1.38e+03 1.37e+03 1.36e+03 1.36e+03 1.35e+03 1.34e+03 1.33e+03 1.32e+03 1.32e+03 1.31e+03 1.30e+03 1.29e+03 1.28e+03 1.27e+03 1.26e+03 1.25e+03 1.25e+03 1.24e+03 1.23e+03 1.22e+03 1.21e+03 1.20e+03 1.19e+03 1.18e+03 1.18e+03 1.17e+03 1.16e+03 1.15e+03 1.14e+03 1.13e+03 1.12e+03 1.11e+03 1.11e+03 1.10e+03 1.09e+03 1.08e+03 1.07e+03 1.06e+03 1.05e+03 1.05e+03 1.04e+03 1.03e+03 1.02e+03 1.01e+03 1.00e+03 9.94e+02 9.85e+02 9.77e+02 9.68e+02 9.60e+02 9.52e+02 9.43e+02 9.35e+02 9.27e+02 9.18e+02 9.10e+02 9.02e+02 8.94e+02 8.86e+02 8.78e+02 8.70e+02 8.62e+02 8.54e+02 8.46e+02 8.38e+02 8.31e+02 8.23e+02 8.15e+02 8.08e+02 8.00e+02 7.93e+02 7.85e+02 7.78e+02 7.71e+02 7.63e+02 7.56e+02 7.49e+02 7.42e+02 7.35e+02 7.28e+02 7.21e+02 7.14e+02 7.08e+02 7.01e+02 6.94e+02 6.88e+02 6.81e+02 6.75e+02 6.68e+02 6.62e+02 6.56e+02 6.49e+02 6.43e+02 6.37e+02 6.31e+02 6.25e+02 6.19e+02 6.14e+02 6.08e+02 6.02e+02 5.97e+02 5.91e+02 5.85e+02 5.80e+02 5.75e+02 5.69e+02 5.64e+02 5.59e+02 5.54e+02 5.48e+02 5.43e+02 5.38e+02 5.33e+02 5.29e+02 5.24e+02 5.19e+02 5.14e+02 5.10e+02 5.05e+02 5.00e+02 4.96e+02 4.92e+02 4.87e+02 4.83e+02 4.78e+02 4.74e+02 4.70e+02 4.66e+02 4.62e+02 4.58e+02 4.54e+02 4.50e+02 4.46e+02 4.42e+02 4.38e+02 4.34e+02 4.30e+02 4.27e+02 4.23e+02 4.19e+02 4.16e+02 4.12e+02 4.09e+02 4.05e+02 4.02e+02 3.99e+02 3.95e+02 3.92e+02 3.89e+02 3.85e+02 3.82e+02 3.79e+02 3.76e+02 3.73e+02 3.70e+02 3.67e+02 3.64e+02 3.61e+02 3.58e+02 3.55e+02 3.52e+02 3.49e+02 3.46e+02 3.43e+02 3.41e+02 3.38e+02 3.35e+02 3.33e+02 3.30e+02 3.27e+02 3.25e+02 3.22e+02 3.20e+02 3.17e+02 3.15e+02 3.12e+02 3.10e+02 3.07e+02 3.02e+02 2.93e+02 2.76e+02 2.45e+02 1.94e+02 1.26e+02 5.67e+01 2.38e+01 2.00e+01 2.00e+01 2.00e+01 2.00e+01 2.00e+01 
 1.56181169482525e-09   1.41e+03 1.41e+03 1.41e+03 1.41e+03 1.41e+03 1.41e+03 1.41e+03 1.41e+03 1.41e+03 1.41e+03 1.41e+03 1.41e+03 1.41e+03 1.41e+03 1.41e+03 1.41e+03 1.41e+03 1.41e+03 1.41e+03 1.40e+03 1.40e+03 1.39e+03 1.38e+03 1.37e+03 1.36e+03 1.36e+03 1.35e+03 1.34e+03 1.33e+03 1.32e+03 1.31e+03 1.31e+03 1.30e+03 1.29e+03 1.28e+03 1.27e+03 1.26e+03 1.25e+03 1.25e+03 1.24e+03 1.23e+03 1.22e+03 1.21e+03 1.20e+03 1.19e+03 1.18e+03 1.18e+03 1.17e+03 1.16e+03 1.15e+03 1.14e+03 1.13e+03 1.12e+03 1.11e+03 1.11e+03 1.10e+03 1.09e+03 1.08e+03 1.07e+03 1.06e+03 1.05e+03 1.05e+03 1.04e+03 1.03e+03 1.02e+03 1.01e+03 1.00e+03 9.94e+02 9.85e+02 9.77e+02 9.68e+02 9.60e+02 9.52e+02 9.43e+02 9.35e+02 9.27e+02 9.18e+02 9.10e+02 9.02e+02 8.94e+02 8.86e+02 8.78e+02 8.70e+02 8.62e+02 8.54e+02 8.46e+02 8.39e+02 8.31e+02 8.23e+02 8.16e+02 8.08e+02 8.00e+02 7.93e+02 7.86e+02 7.78e+02 7.71e+02 7.64e+02 7.57e+02 7.49e+02 7.42e+02 7.35e+02 7.28e+02 7.22e+02 7.15e+02 7.08e+02 7.01e+02 6.95e+02 6.88e+02 6.82e+02 6.75e+02 6.69e+02 6.62e+02 6.56e+02 6.50e+02 6.44e+02 6.38e+02 6.32e+02 6.26e+02 6.20e+02 6.14e+02 6.08e+02 6.03e+02 5.97e+02 5.92e+02 5.86e+02 5.81e+02 5.75e+02 5.70e+02 5.65e+02 5.59e+02 5.54e+02 5.49e+02 5.44e+02 5.39e+02 5.34e+02 5.29e+02 5.24e+02 5.20e+02 5.15e+02 5.10e+02 5.06e+02 5.01e+02 4.97e+02 4.92e+02 4.88e+02 4.83e+02 4.79e+02 4.75e+02 4.71e+02 4.67e+02 4.62e+02 4.58e+02 4.54e+02 4.50e+02 4.46e+02 4.43e+02 4.39e+02 4.35e+02 4.31e+02 4.28e+02 4.24e+02 4.20e+02 4.17e+02 4.13e+02 4.10e+02 4.06e+02 4.03e+02 3.99e+02 3.96e+02 3.93e+02 3.89e+02 3.86e+02 3.83e+02 3.80e+02 3.77e+02 3.73e+02 3.70e+02 3.67e+02 3.64e+02 3.61e+02 3.58e+02 3.55e+02 3.53e+02 3.50e+02 3.47e+02 3.44e+02 3.41e+02 3.39e+02 3.36e+02 3.33e+02 3.31e+02 3.28e+02 3.25e+02 3.23e+02 3.20e+02 3.18e+02 3.15e+02 3.13e+02 3.10e+02 3.08e+02 3.03e+02 2.94e+02 2.76e+02 2.45e+02 1.95e+02 1.26e+02 5.70e+01 2.39e+01 2.01e+01 2.00e+01 2.00e+01 2.00e+01 2.00e+01 
 1.57181294384058e-09   1.41e+03 1.41e+03 1.41e+03 1.41e+03 1.41e+03 1.41e+03 1.41e+03 1.41e+03 1.41e+03 1.41e+03 1.41e+03 1.41e+03 1.41e+03 1.41e+03 1.41e+03 1.41e+03 1.41e+03 1.41e+03 1.41e+03 1.40e+03 1.40e+03 1.39e+03 1.38e+03 1.37e+03 1.36e+03 1.35e+03 1.35e+03 1.34e+03 1.33e+03 1.32e+03 1.31e+03 1.30e+03 1.30e+03 1.29e+03 1.28e+03 1.27e+03 1.26e+03 1.25e+03 1.24e+03 1.24e+03 1.23e+03 1.22e+03 1.21e+03 1.20e+03 1.19e+03 1.18e+03 1.18e+03 1.17e+03 1.16e+03 1.15e+03 1.14e+03 1.13e+03 1.12e+03 1.11e+03 1.11e+03 1.10e+03 1.09e+03 1.08e+03 1.07e+03 1.06e+03 1.05e+03 1.04e+03 1.04e+03 1.03e+03 1.02e+03 1.01e+03 1.00e+03 9.94e+02 9.85e+02 9.77e+02 9.68e+02 9.60e+02 9.51e+02 9.43e+02 9.35e+02 9.27e+02 9.18e+02 9.10e+02 9.02e+02 8.94e+02 8.86e+02 8.78e+02 8.70e+02 8.62e+02 8.54e+02 8.47e+02 8.39e+02 8.31e+02 8.23e+02 8.16e+02 8.08e+02 8.01e+02 7.93e+02 7.86e+02 7.79e+02 7.71e+02 7.64e+02 7.57e+02 7.50e+02 7.43e+02 7.36e+02 7.29e+02 7.22e+02 7.15e+02 7.08e+02 7.02e+02 6.95e+02 6.89e+02 6.82e+02 6.76e+02 6.69e+02 6.63e+02 6.57e+02 6.51e+02 6.44e+02 6.38e+02 6.32e+02 6.26e+02 6.21e+02 6.15e+02 6.09e+02 6.03e+02 5.98e+02 5.92e+02 5.87e+02 5.81e+02 5.76e+02 5.71e+02 5.65e+02 5.60e+02 5.55e+02 5.50e+02 5.45e+02 5.40e+02 5.35e+02 5.30e+02 5.25e+02 5.20e+02 5.16e+02 5.11e+02 5.06e+02 5.02e+02 4.97e+02 4.93e+02 4.89e+02 4.84e+02 4.80e+02 4.76e+02 4.71e+02 4.67e+02 4.63e+02 4.59e+02 4.55e+02 4.51e+02 4.47e+02 4.43e+02 4.39e+02 4.36e+02 4.32e+02 4.28e+02 4.25e+02 4.21e+02 4.17e+02 4.14e+02 4.10e+02 4.07e+02 4.03e+02 4.00e+02 3.97e+02 3.93e+02 3.90e+02 3.87e+02 3.84e+02 3.80e+02 3.77e+02 3.74e+02 3.71e+02 3.68e+02 3.65e+02 3.62e+02 3.59e+02 3.56e+02 3.53e+02 3.50e+02 3.48e+02 3.45e+02 3.42e+02 3.39e+02 3.37e+02 3.34e+02 3.31e+02 3.29e+02 3.26e+02 3.24e+02 3.21e+02 3.18e+02 3.16e+02 3.13e+02 3.11e+02 3.09e+02 3.04e+02 2.95e+02 2.77e+02 2.46e+02 1.95e+02 1.27e+02 5.73e+01 2.39e+01 2.01e+01 2.00e+01 2.00e+01 2.00e+01 2.00e+01 
 1.58181760454956e-09   1.41e+03 1.41e+03 1.41e+03 1.41e+03 1.41e+03 1.41e+03 1.41e+03 1.41e+03 1.41e+03 1.41e+03 1.41e+03 1.41e+03 1.41e+03 1.41e+03 1.41e+03 1.41e+03 1.41e+03 1.41e+03 1.41e+03 1.40e+03 1.40e+03 1.39e+03 1.38e+03 1.37e+03 1.36e+03 1.35e+03 1.35e+03 1.34e+03 1.33e+03 1.32e+03 1.31e+03 1.30e+03 1.30e+03 1.29e+03 1.28e+03 1.27e+03 1.26e+03 1.25e+03 1.24e+03 1.24e+03 1.23e+03 1.22e+03 1.21e+03 1.20e+03 1.19e+03 1.18e+03 1.17e+03 1.17e+03 1.16e+03 1.15e+03 1.14e+03 1.13e+03 1.12e+03 1.11e+03 1.11e+03 1.10e+03 1.09e+03 1.08e+03 1.07e+03 1.06e+03 1.05e+03 1.04e+03 1.04e+03 1.03e+03 1.02e+03 1.01e+03 1.00e+03 9.93e+02 9.85e+02 9.77e+02 9.68e+02 9.60e+02 9.51e+02 9.43e+02 9.35e+02 9.27e+02 9.18e+02 9.10e+02 9.02e+02 8.94e+02 8.86e+02 8.78e+02 8.70e+02 8.62e+02 8.55e+02 8.47e+02 8.39e+02 8.31e+02 8.24e+02 8.16e+02 8.08e+02 8.01e+02 7.94e+02 7.86e+02 7.79e+02 7.72e+02 7.64e+02 7.57e+02 7.50e+02 7.43e+02 7.36e+02 7.29e+02 7.22e+02 7.16e+02 7.09e+02 7.02e+02 6.96e+02 6.89e+02 6.83e+02 6.76e+02 6.70e+02 6.64e+02 6.57e+02 6.51e+02 6.45e+02 6.39e+02 6.33e+02 6.27e+02 6.21e+02 6.15e+02 6.10e+02 6.04e+02 5.98e+02 5.93e+02 5.87e+02 5.82e+02 5.76e+02 5.71e+02 5.66e+02 5.61e+02 5.56e+02 5.50e+02 5.45e+02 5.40e+02 5.36e+02 5.31e+02 5.26e+02 5.21e+02 5.16e+02 5.12e+02 5.07e+02 5.03e+02 4.98e+02 4.94e+02 4.89e+02 4.85e+02 4.81e+02 4.76e+02 4.72e+02 4.68e+02 4.64e+02 4.60e+02 4.56e+02 4.52e+02 4.48e+02 4.44e+02 4.40e+02 4.36e+02 4.33e+02 4.29e+02 4.25e+02 4.22e+02 4.18e+02 4.15e+02 4.11e+02 4.08e+02 4.04e+02 4.01e+02 3.97e+02 3.94e+02 3.91e+02 3.88e+02 3.84e+02 3.81e+02 3.78e+02 3.75e+02 3.72e+02 3.69e+02 3.66e+02 3.63e+02 3.60e+02 3.57e+02 3.54e+02 3.51e+02 3.48e+02 3.46e+02 3.43e+02 3.40e+02 3.37e+02 3.35e+02 3.32e+02 3.29e+02 3.27e+02 3.24e+02 3.22e+02 3.19e+02 3.17e+02 3.14e+02 3.12e+02 3.09e+02 3.05e+02 2.95e+02 2.78e+02 2.47e+02 1.96e+02 1.27e+02 5.77e+01 2.40e+01 2.01e+01 2.00e+01 2.00e+01 2.00e+01 2.00e+01 
 1.59182566145602e-09   1.41e+03 1.41e+03 1.41e+03 1.41e+03 1.41e+03 1.41e+03 1.41e+03 1.41e+03 1.41e+03 1.41e+03 1.41e+03 1.41e+03 1.41e+03 1.41e+03 1.41e+03 1.41e+03 1.41e+03 1.41e+03 1.41e+03 1.40e+03 1.40e+03 1.39e+03 1.38e+03 1.37e+03 1.36e+03 1.35e+03 1.34e+03 1.34e+03 1.33e+03 1.32e+03 1.31e+03 1.30e+03 1.29e+03 1.29e+03 1.28e+03 1.27e+03 1.26e+03 1.25e+03 1.24e+03 1.23e+03 1.23e+03 1.22e+03 1.21e+03 1.20e+03 1.19e+03 1.18e+03 1.17e+03 1.17e+03 1.16e+03 1.15e+03 1.14e+03 1.13e+03 1.12e+03 1.11e+03 1.10e+03 1.10e+03 1.09e+03 1.08e+03 1.07e+03 1.06e+03 1.05e+03 1.04e+03 1.04e+03 1.03e+03 1.02e+03 1.01e+03 1.00e+03 9.93e+02 9.85e+02 9.76e+02 9.68e+02 9.60e+02 9.51e+02 9.43e+02 9.35e+02 9.27e+02 9.19e+02 9.10e+02 9.02e+02 8.94e+02 8.86e+02 8.78e+02 8.70e+02 8.63e+02 8.55e+02 8.47e+02 8.39e+02 8.31e+02 8.24e+02 8.16e+02 8.09e+02 8.01e+02 7.94e+02 7.87e+02 7.79e+02 7.72e+02 7.65e+02 7.58e+02 7.51e+02 7.44e+02 7.37e+02 7.30e+02 7.23e+02 7.16e+02 7.09e+02 7.03e+02 6.96e+02 6.90e+02 6.83e+02 6.77e+02 6.70e+02 6.64e+02 6.58e+02 6.52e+02 6.46e+02 6.39e+02 6.34e+02 6.28e+02 6.22e+02 6.16e+02 6.10e+02 6.05e+02 5.99e+02 5.93e+02 5.88e+02 5.82e+02 5.77e+02 5.72e+02 5.67e+02 5.61e+02 5.56e+02 5.51e+02 5.46e+02 5.41e+02 5.36e+02 5.31e+02 5.26e+02 5.22e+02 5.17e+02 5.12e+02 5.08e+02 5.03e+02 4.99e+02 4.94e+02 4.90e+02 4.86e+02 4.81e+02 4.77e+02 4.73e+02 4.69e+02 4.65e+02 4.61e+02 4.57e+02 4.53e+02 4.49e+02 4.45e+02 4.41e+02 4.37e+02 4.33e+02 4.30e+02 4.26e+02 4.22e+02 4.19e+02 4.15e+02 4.12e+02 4.08e+02 4.05e+02 4.01e+02 3.98e+02 3.95e+02 3.92e+02 3.88e+02 3.85e+02 3.82e+02 3.79e+02 3.76e+02 3.73e+02 3.70e+02 3.67e+02 3.64e+02 3.61e+02 3.58e+02 3.55e+02 3.52e+02 3.49e+02 3.46e+02 3.44e+02 3.41e+02 3.38e+02 3.35e+02 3.33e+02 3.30e+02 3.28e+02 3.25e+02 3.22e+02 3.20e+02 3.17e+02 3.15e+02 3.12e+02 3.10e+02 3.05e+02 2.96e+02 2.79e+02 2.47e+02 1.97e+02 1.28e+02 5.80e+01 2.40e+01 2.01e+01 2.00e+01 2.00e+01 2.00e+01 2.00e+01 
 1.60183709920879e-09   1.41e+03 1.41e+03 1.41e+03 1.41e+03 1.41e+03 1.41e+03 1.41e+03 1.41e+03 1.41e+03 1.41e+03 1.41e+03 1.41e+03 1.41e+03 1.41e+03 1.41e+03 1.41e+03 1.41e+03 1.41e+03 1.41e+03 1.40e+03 1.39e+03 1.39e+03 1.38e+03 1.37e+03 1.36e+03 1.35e+03 1.34e+03 1.34e+03 1.33e+03 1.32e+03 1.31e+03 1.30e+03 1.29e+03 1.29e+03 1.28e+03 1.27e+03 1.26e+03 1.25e+03 1.24e+03 1.23e+03 1.23e+03 1.22e+03 1.21e+03 1.20e+03 1.19e+03 1.18e+03 1.17e+03 1.16e+03 1.16e+03 1.15e+03 1.14e+03 1.13e+03 1.12e+03 1.11e+03 1.10e+03 1.10e+03 1.09e+03 1.08e+03 1.07e+03 1.06e+03 1.05e+03 1.04e+03 1.04e+03 1.03e+03 1.02e+03 1.01e+03 1.00e+03 9.93e+02 9.85e+02 9.76e+02 9.68e+02 9.60e+02 9.51e+02 9.43e+02 9.35e+02 9.27e+02 9.19e+02 9.10e+02 9.02e+02 8.94e+02 8.86e+02 8.78e+02 8.71e+02 8.63e+02 8.55e+02 8.47e+02 8.39e+02 8.32e+02 8.24e+02 8.17e+02 8.09e+02 8.02e+02 7.94e+02 7.87e+02 7.80e+02 7.72e+02 7.65e+02 7.58e+02 7.51e+02 7.44e+02 7.37e+02 7.30e+02 7.23e+02 7.16e+02 7.10e+02 7.03e+02 6.97e+02 6.90e+02 6.84e+02 6.77e+02 6.71e+02 6.65e+02 6.58e+02 6.52e+02 6.46e+02 6.40e+02 6.34e+02 6.28e+02 6.22e+02 6.17e+02 6.11e+02 6.05e+02 6.00e+02 5.94e+02 5.89e+02 5.83e+02 5.78e+02 5.72e+02 5.67e+02 5.62e+02 5.57e+02 5.52e+02 5.47e+02 5.42e+02 5.37e+02 5.32e+02 5.27e+02 5.22e+02 5.18e+02 5.13e+02 5.08e+02 5.04e+02 4.99e+02 4.95e+02 4.91e+02 4.86e+02 4.82e+02 4.78e+02 4.74e+02 4.69e+02 4.65e+02 4.61e+02 4.57e+02 4.53e+02 4.49e+02 4.45e+02 4.42e+02 4.38e+02 4.34e+02 4.30e+02 4.27e+02 4.23e+02 4.20e+02 4.16e+02 4.13e+02 4.09e+02 4.06e+02 4.02e+02 3.99e+02 3.96e+02 3.92e+02 3.89e+02 3.86e+02 3.83e+02 3.79e+02 3.76e+02 3.73e+02 3.70e+02 3.67e+02 3.64e+02 3.61e+02 3.58e+02 3.56e+02 3.53e+02 3.50e+02 3.47e+02 3.44e+02 3.42e+02 3.39e+02 3.36e+02 3.33e+02 3.31e+02 3.28e+02 3.26e+02 3.23e+02 3.21e+02 3.18e+02 3.16e+02 3.13e+02 3.11e+02 3.06e+02 2.97e+02 2.79e+02 2.48e+02 1.97e+02 1.28e+02 5.83e+01 2.41e+01 2.01e+01 2.00e+01 2.00e+01 2.00e+01 2.00e+01 
 1.61185190259944e-09   1.41e+03 1.41e+03 1.41e+03 1.41e+03 1.41e+03 1.41e+03 1.41e+03 1.41e+03 1.41e+03 1.41e+03 1.41e+03 1.41e+03 1.41e+03 1.41e+03 1.41e+03 1.41e+03 1.41e+03 1.41e+03 1.41e+03 1.40e+03 1.39e+03 1.39e+03 1.38e+03 1.37e+03 1.36e+03 1.35e+03 1.34e+03 1.34e+03 1.33e+03 1.32e+03 1.31e+03 1.30e+03 1.29e+03 1.28e+03 1.28e+03 1.27e+03 1.26e+03 1.25e+03 1.24e+03 1.23e+03 1.22e+03 1.22e+03 1.21e+03 1.20e+03 1.19e+03 1.18e+03 1.17e+03 1.16e+03 1.16e+03 1.15e+03 1.14e+03 1.13e+03 1.12e+03 1.11e+03 1.10e+03 1.10e+03 1.09e+03 1.08e+03 1.07e+03 1.06e+03 1.05e+03 1.04e+03 1.04e+03 1.03e+03 1.02e+03 1.01e+03 1.00e+03 9.93e+02 9.85e+02 9.76e+02 9.68e+02 9.60e+02 9.51e+02 9.43e+02 9.35e+02 9.27e+02 9.19e+02 9.11e+02 9.02e+02 8.94e+02 8.86e+02 8.79e+02 8.71e+02 8.63e+02 8.55e+02 8.47e+02 8.40e+02 8.32e+02 8.24e+02 8.17e+02 8.09e+02 8.02e+02 7.94e+02 7.87e+02 7.80e+02 7.73e+02 7.65e+02 7.58e+02 7.51e+02 7.44e+02 7.37e+02 7.30e+02 7.24e+02 7.17e+02 7.10e+02 7.04e+02 6.97e+02 6.90e+02 6.84e+02 6.78e+02 6.71e+02 6.65e+02 6.59e+02 6.53e+02 6.47e+02 6.41e+02 6.35e+02 6.29e+02 6.23e+02 6.17e+02 6.11e+02 6.06e+02 6.00e+02 5.95e+02 5.89e+02 5.84e+02 5.78e+02 5.73e+02 5.68e+02 5.63e+02 5.57e+02 5.52e+02 5.47e+02 5.42e+02 5.37e+02 5.33e+02 5.28e+02 5.23e+02 5.18e+02 5.14e+02 5.09e+02 5.05e+02 5.00e+02 4.96e+02 4.91e+02 4.87e+02 4.83e+02 4.78e+02 4.74e+02 4.70e+02 4.66e+02 4.62e+02 4.58e+02 4.54e+02 4.50e+02 4.46e+02 4.42e+02 4.39e+02 4.35e+02 4.31e+02 4.27e+02 4.24e+02 4.20e+02 4.17e+02 4.13e+02 4.10e+02 4.06e+02 4.03e+02 4.00e+02 3.96e+02 3.93e+02 3.90e+02 3.87e+02 3.83e+02 3.80e+02 3.77e+02 3.74e+02 3.71e+02 3.68e+02 3.65e+02 3.62e+02 3.59e+02 3.56e+02 3.53e+02 3.51e+02 3.48e+02 3.45e+02 3.42e+02 3.40e+02 3.37e+02 3.34e+02 3.32e+02 3.29e+02 3.26e+02 3.24e+02 3.21e+02 3.19e+02 3.16e+02 3.14e+02 3.11e+02 3.07e+02 2.97e+02 2.80e+02 2.49e+02 1.98e+02 1.29e+02 5.86e+01 2.42e+01 2.01e+01 2.00e+01 2.00e+01 2.00e+01 2.00e+01 
 1.62187005656004e-09   1.41e+03 1.41e+03 1.41e+03 1.41e+03 1.41e+03 1.41e+03 1.41e+03 1.41e+03 1.41e+03 1.41e+03 1.41e+03 1.41e+03 1.41e+03 1.41e+03 1.41e+03 1.41e+03 1.41e+03 1.41e+03 1.41e+03 1.40e+03 1.39e+03 1.39e+03 1.38e+03 1.37e+03 1.36e+03 1.35e+03 1.34e+03 1.34e+03 1.33e+03 1.32e+03 1.31e+03 1.30e+03 1.29e+03 1.28e+03 1.28e+03 1.27e+03 1.26e+03 1.25e+03 1.24e+03 1.23e+03 1.22e+03 1.22e+03 1.21e+03 1.20e+03 1.19e+03 1.18e+03 1.17e+03 1.16e+03 1.16e+03 1.15e+03 1.14e+03 1.13e+03 1.12e+03 1.11e+03 1.10e+03 1.10e+03 1.09e+03 1.08e+03 1.07e+03 1.06e+03 1.05e+03 1.04e+03 1.04e+03 1.03e+03 1.02e+03 1.01e+03 1.00e+03 9.93e+02 9.85e+02 9.76e+02 9.68e+02 9.60e+02 9.51e+02 9.43e+02 9.35e+02 9.27e+02 9.19e+02 9.11e+02 9.03e+02 8.95e+02 8.87e+02 8.79e+02 8.71e+02 8.63e+02 8.55e+02 8.47e+02 8.40e+02 8.32e+02 8.25e+02 8.17e+02 8.10e+02 8.02e+02 7.95e+02 7.87e+02 7.80e+02 7.73e+02 7.66e+02 7.59e+02 7.52e+02 7.45e+02 7.38e+02 7.31e+02 7.24e+02 7.17e+02 7.11e+02 7.04e+02 6.97e+02 6.91e+02 6.85e+02 6.78e+02 6.72e+02 6.66e+02 6.59e+02 6.53e+02 6.47e+02 6.41e+02 6.35e+02 6.29e+02 6.23e+02 6.18e+02 6.12e+02 6.06e+02 6.01e+02 5.95e+02 5.90e+02 5.84e+02 5.79e+02 5.74e+02 5.68e+02 5.63e+02 5.58e+02 5.53e+02 5.48e+02 5.43e+02 5.38e+02 5.33e+02 5.29e+02 5.24e+02 5.19e+02 5.14e+02 5.10e+02 5.05e+02 5.01e+02 4.96e+02 4.92e+02 4.88e+02 4.83e+02 4.79e+02 4.75e+02 4.71e+02 4.67e+02 4.63e+02 4.59e+02 4.55e+02 4.51e+02 4.47e+02 4.43e+02 4.39e+02 4.36e+02 4.32e+02 4.28e+02 4.25e+02 4.21e+02 4.17e+02 4.14e+02 4.10e+02 4.07e+02 4.04e+02 4.00e+02 3.97e+02 3.94e+02 3.90e+02 3.87e+02 3.84e+02 3.81e+02 3.78e+02 3.75e+02 3.72e+02 3.69e+02 3.66e+02 3.63e+02 3.60e+02 3.57e+02 3.54e+02 3.51e+02 3.48e+02 3.46e+02 3.43e+02 3.40e+02 3.38e+02 3.35e+02 3.32e+02 3.30e+02 3.27e+02 3.25e+02 3.22e+02 3.20e+02 3.17e+02 3.15e+02 3.12e+02 3.07e+02 2.98e+02 2.81e+02 2.49e+02 1.99e+02 1.29e+02 5.90e+01 2.42e+01 2.01e+01 2.00e+01 2.00e+01 2.00e+01 2.00e+01 
 1.63189154616088e-09   1.41e+03 1.41e+03 1.41e+03 1.41e+03 1.41e+03 1.41e+03 1.41e+03 1.41e+03 1.41e+03 1.41e+03 1.41e+03 1.41e+03 1.41e+03 1.41e+03 1.41e+03 1.41e+03 1.41e+03 1.41e+03 1.41e+03 1.40e+03 1.39e+03 1.39e+03 1.38e+03 1.37e+03 1.36e+03 1.35e+03 1.34e+03 1.34e+03 1.33e+03 1.32e+03 1.31e+03 1.30e+03 1.29e+03 1.28e+03 1.28e+03 1.27e+03 1.26e+03 1.25e+03 1.24e+03 1.23e+03 1.22e+03 1.22e+03 1.21e+03 1.20e+03 1.19e+03 1.18e+03 1.17e+03 1.16e+03 1.15e+03 1.15e+03 1.14e+03 1.13e+03 1.12e+03 1.11e+03 1.10e+03 1.09e+03 1.09e+03 1.08e+03 1.07e+03 1.06e+03 1.05e+03 1.04e+03 1.03e+03 1.03e+03 1.02e+03 1.01e+03 1.00e+03 9.93e+02 9.84e+02 9.76e+02 9.68e+02 9.60e+02 9.51e+02 9.43e+02 9.35e+02 9.27e+02 9.19e+02 9.11e+02 9.03e+02 8.95e+02 8.87e+02 8.79e+02 8.71e+02 8.63e+02 8.55e+02 8.48e+02 8.40e+02 8.32e+02 8.25e+02 8.17e+02 8.10e+02 8.02e+02 7.95e+02 7.88e+02 7.80e+02 7.73e+02 7.66e+02 7.59e+02 7.52e+02 7.45e+02 7.38e+02 7.31e+02 7.25e+02 7.18e+02 7.11e+02 7.04e+02 6.98e+02 6.91e+02 6.85e+02 6.79e+02 6.72e+02 6.66e+02 6.60e+02 6.54e+02 6.48e+02 6.42e+02 6.36e+02 6.30e+02 6.24e+02 6.18e+02 6.13e+02 6.07e+02 6.01e+02 5.96e+02 5.90e+02 5.85e+02 5.80e+02 5.74e+02 5.69e+02 5.64e+02 5.59e+02 5.54e+02 5.49e+02 5.44e+02 5.39e+02 5.34e+02 5.29e+02 5.24e+02 5.20e+02 5.15e+02 5.11e+02 5.06e+02 5.02e+02 4.97e+02 4.93e+02 4.88e+02 4.84e+02 4.80e+02 4.76e+02 4.72e+02 4.67e+02 4.63e+02 4.59e+02 4.55e+02 4.52e+02 4.48e+02 4.44e+02 4.40e+02 4.36e+02 4.33e+02 4.29e+02 4.25e+02 4.22e+02 4.18e+02 4.15e+02 4.11e+02 4.08e+02 4.04e+02 4.01e+02 3.98e+02 3.94e+02 3.91e+02 3.88e+02 3.85e+02 3.82e+02 3.79e+02 3.75e+02 3.72e+02 3.69e+02 3.66e+02 3.63e+02 3.61e+02 3.58e+02 3.55e+02 3.52e+02 3.49e+02 3.46e+02 3.44e+02 3.41e+02 3.38e+02 3.36e+02 3.33e+02 3.30e+02 3.28e+02 3.25e+02 3.23e+02 3.20e+02 3.18e+02 3.15e+02 3.13e+02 3.08e+02 2.99e+02 2.81e+02 2.50e+02 1.99e+02 1.30e+02 5.93e+01 2.43e+01 2.01e+01 2.00e+01 2.00e+01 2.00e+01 2.00e+01 
 1.64189196132379e-09   1.41e+03 1.41e+03 1.41e+03 1.41e+03 1.41e+03 1.41e+03 1.41e+03 1.41e+03 1.41e+03 1.41e+03 1.41e+03 1.41e+03 1.41e+03 1.41e+03 1.41e+03 1.41e+03 1.41e+03 1.41e+03 1.40e+03 1.40e+03 1.39e+03 1.38e+03 1.37e+03 1.37e+03 1.36e+03 1.35e+03 1.34e+03 1.33e+03 1.33e+03 1.32e+03 1.31e+03 1.30e+03 1.29e+03 1.28e+03 1.27e+03 1.27e+03 1.26e+03 1.25e+03 1.24e+03 1.23e+03 1.22e+03 1.21e+03 1.21e+03 1.20e+03 1.19e+03 1.18e+03 1.17e+03 1.16e+03 1.15e+03 1.15e+03 1.14e+03 1.13e+03 1.12e+03 1.11e+03 1.10e+03 1.09e+03 1.09e+03 1.08e+03 1.07e+03 1.06e+03 1.05e+03 1.04e+03 1.03e+03 1.03e+03 1.02e+03 1.01e+03 1.00e+03 9.93e+02 9.84e+02 9.76e+02 9.68e+02 9.60e+02 9.51e+02 9.43e+02 9.35e+02 9.27e+02 9.19e+02 9.11e+02 9.03e+02 8.95e+02 8.87e+02 8.79e+02 8.71e+02 8.63e+02 8.56e+02 8.48e+02 8.40e+02 8.33e+02 8.25e+02 8.18e+02 8.10e+02 8.03e+02 7.95e+02 7.88e+02 7.81e+02 7.74e+02 7.66e+02 7.59e+02 7.52e+02 7.45e+02 7.39e+02 7.32e+02 7.25e+02 7.18e+02 7.12e+02 7.05e+02 6.98e+02 6.92e+02 6.85e+02 6.79e+02 6.73e+02 6.67e+02 6.60e+02 6.54e+02 6.48e+02 6.42e+02 6.36e+02 6.30e+02 6.25e+02 6.19e+02 6.13e+02 6.07e+02 6.02e+02 5.96e+02 5.91e+02 5.86e+02 5.80e+02 5.75e+02 5.70e+02 5.64e+02 5.59e+02 5.54e+02 5.49e+02 5.44e+02 5.39e+02 5.35e+02 5.30e+02 5.25e+02 5.20e+02 5.16e+02 5.11e+02 5.07e+02 5.02e+02 4.98e+02 4.93e+02 4.89e+02 4.85e+02 4.81e+02 4.76e+02 4.72e+02 4.68e+02 4.64e+02 4.60e+02 4.56e+02 4.52e+02 4.48e+02 4.45e+02 4.41e+02 4.37e+02 4.33e+02 4.30e+02 4.26e+02 4.22e+02 4.19e+02 4.15e+02 4.12e+02 4.08e+02 4.05e+02 4.02e+02 3.98e+02 3.95e+02 3.92e+02 3.89e+02 3.86e+02 3.82e+02 3.79e+02 3.76e+02 3.73e+02 3.70e+02 3.67e+02 3.64e+02 3.61e+02 3.58e+02 3.56e+02 3.53e+02 3.50e+02 3.47e+02 3.44e+02 3.42e+02 3.39e+02 3.36e+02 3.34e+02 3.31e+02 3.29e+02 3.26e+02 3.23e+02 3.21e+02 3.18e+02 3.16e+02 3.14e+02 3.09e+02 3.00e+02 2.82e+02 2.51e+02 2.00e+02 1.30e+02 5.96e+01 2.43e+01 2.01e+01 2.00e+01 2.00e+01 2.00e+01 2.00e+01 
 1.65189566663994e-09   1.41e+03 1.41e+03 1.41e+03 1.41e+03 1.41e+03 1.41e+03 1.41e+03 1.41e+03 1.41e+03 1.41e+03 1.41e+03 1.41e+03 1.41e+03 1.41e+03 1.41e+03 1.41e+03 1.41e+03 1.41e+03 1.40e+03 1.40e+03 1.39e+03 1.38e+03 1.37e+03 1.36e+03 1.36e+03 1.35e+03 1.34e+03 1.33e+03 1.32e+03 1.32e+03 1.31e+03 1.30e+03 1.29e+03 1.28e+03 1.27e+03 1.27e+03 1.26e+03 1.25e+03 1.24e+03 1.23e+03 1.22e+03 1.21e+03 1.21e+03 1.20e+03 1.19e+03 1.18e+03 1.17e+03 1.16e+03 1.15e+03 1.15e+03 1.14e+03 1.13e+03 1.12e+03 1.11e+03 1.10e+03 1.09e+03 1.09e+03 1.08e+03 1.07e+03 1.06e+03 1.05e+03 1.04e+03 1.03e+03 1.03e+03 1.02e+03 1.01e+03 1.00e+03 9.93e+02 9.84e+02 9.76e+02 9.68e+02 9.59e+02 9.51e+02 9.43e+02 9.35e+02 9.27e+02 9.19e+02 9.11e+02 9.03e+02 8.95e+02 8.87e+02 8.79e+02 8.71e+02 8.63e+02 8.56e+02 8.48e+02 8.40e+02 8.33e+02 8.25e+02 8.18e+02 8.10e+02 8.03e+02 7.96e+02 7.88e+02 7.81e+02 7.74e+02 7.67e+02 7.60e+02 7.53e+02 7.46e+02 7.39e+02 7.32e+02 7.25e+02 7.19e+02 7.12e+02 7.05e+02 6.99e+02 6.92e+02 6.86e+02 6.80e+02 6.73e+02 6.67e+02 6.61e+02 6.55e+02 6.49e+02 6.43e+02 6.37e+02 6.31e+02 6.25e+02 6.19e+02 6.14e+02 6.08e+02 6.03e+02 5.97e+02 5.92e+02 5.86e+02 5.81e+02 5.76e+02 5.70e+02 5.65e+02 5.60e+02 5.55e+02 5.50e+02 5.45e+02 5.40e+02 5.35e+02 5.30e+02 5.26e+02 5.21e+02 5.16e+02 5.12e+02 5.07e+02 5.03e+02 4.98e+02 4.94e+02 4.90e+02 4.85e+02 4.81e+02 4.77e+02 4.73e+02 4.69e+02 4.65e+02 4.61e+02 4.57e+02 4.53e+02 4.49e+02 4.45e+02 4.41e+02 4.38e+02 4.34e+02 4.30e+02 4.27e+02 4.23e+02 4.20e+02 4.16e+02 4.13e+02 4.09e+02 4.06e+02 4.02e+02 3.99e+02 3.96e+02 3.93e+02 3.89e+02 3.86e+02 3.83e+02 3.80e+02 3.77e+02 3.74e+02 3.71e+02 3.68e+02 3.65e+02 3.62e+02 3.59e+02 3.56e+02 3.53e+02 3.51e+02 3.48e+02 3.45e+02 3.42e+02 3.40e+02 3.37e+02 3.34e+02 3.32e+02 3.29e+02 3.27e+02 3.24e+02 3.22e+02 3.19e+02 3.17e+02 3.14e+02 3.10e+02 3.00e+02 2.83e+02 2.51e+02 2.00e+02 1.31e+02 5.99e+01 2.44e+01 2.01e+01 2.00e+01 2.00e+01 2.00e+01 2.00e+01 
 1.66190264768670e-09   1.41e+03 1.41e+03 1.41e+03 1.41e+03 1.41e+03 1.41e+03 1.41e+03 1.41e+03 1.41e+03 1.41e+03 1.41e+03 1.41e+03 1.41e+03 1.41e+03 1.41e+03 1.41e+03 1.41e+03 1.41e+03 1.40e+03 1.40e+03 1.39e+03 1.38e+03 1.37e+03 1.36e+03 1.36e+03 1.35e+03 1.34e+03 1.33e+03 1.32e+03 1.31e+03 1.31e+03 1.30e+03 1.29e+03 1.28e+03 1.27e+03 1.26e+03 1.26e+03 1.25e+03 1.24e+03 1.23e+03 1.22e+03 1.21e+03 1.21e+03 1.20e+03 1.19e+03 1.18e+03 1.17e+03 1.16e+03 1.15e+03 1.15e+03 1.14e+03 1.13e+03 1.12e+03 1.11e+03 1.10e+03 1.09e+03 1.09e+03 1.08e+03 1.07e+03 1.06e+03 1.05e+03 1.04e+03 1.03e+03 1.03e+03 1.02e+03 1.01e+03 1.00e+03 9.92e+02 9.84e+02 9.76e+02 9.68e+02 9.59e+02 9.51e+02 9.43e+02 9.35e+02 9.27e+02 9.19e+02 9.11e+02 9.03e+02 8.95e+02 8.87e+02 8.79e+02 8.71e+02 8.64e+02 8.56e+02 8.48e+02 8.41e+02 8.33e+02 8.25e+02 8.18e+02 8.11e+02 8.03e+02 7.96e+02 7.89e+02 7.81e+02 7.74e+02 7.67e+02 7.60e+02 7.53e+02 7.46e+02 7.39e+02 7.32e+02 7.26e+02 7.19e+02 7.12e+02 7.06e+02 6.99e+02 6.93e+02 6.86e+02 6.80e+02 6.74e+02 6.68e+02 6.61e+02 6.55e+02 6.49e+02 6.43e+02 6.37e+02 6.32e+02 6.26e+02 6.20e+02 6.14e+02 6.09e+02 6.03e+02 5.98e+02 5.92e+02 5.87e+02 5.81e+02 5.76e+02 5.71e+02 5.66e+02 5.61e+02 5.56e+02 5.51e+02 5.46e+02 5.41e+02 5.36e+02 5.31e+02 5.26e+02 5.22e+02 5.17e+02 5.13e+02 5.08e+02 5.04e+02 4.99e+02 4.95e+02 4.90e+02 4.86e+02 4.82e+02 4.78e+02 4.74e+02 4.70e+02 4.65e+02 4.61e+02 4.58e+02 4.54e+02 4.50e+02 4.46e+02 4.42e+02 4.38e+02 4.35e+02 4.31e+02 4.27e+02 4.24e+02 4.20e+02 4.17e+02 4.13e+02 4.10e+02 4.07e+02 4.03e+02 4.00e+02 3.97e+02 3.93e+02 3.90e+02 3.87e+02 3.84e+02 3.81e+02 3.78e+02 3.75e+02 3.72e+02 3.69e+02 3.66e+02 3.63e+02 3.60e+02 3.57e+02 3.54e+02 3.51e+02 3.49e+02 3.46e+02 3.43e+02 3.40e+02 3.38e+02 3.35e+02 3.33e+02 3.30e+02 3.27e+02 3.25e+02 3.22e+02 3.20e+02 3.17e+02 3.15e+02 3.10e+02 3.01e+02 2.83e+02 2.52e+02 2.01e+02 1.31e+02 6.02e+01 2.45e+01 2.01e+01 2.00e+01 2.00e+01 2.00e+01 2.00e+01 
 1.67191289016986e-09   1.41e+03 1.41e+03 1.41e+03 1.41e+03 1.41e+03 1.41e+03 1.41e+03 1.41e+03 1.41e+03 1.41e+03 1.41e+03 1.41e+03 1.41e+03 1.41e+03 1.41e+03 1.41e+03 1.41e+03 1.41e+03 1.40e+03 1.40e+03 1.39e+03 1.38e+03 1.37e+03 1.36e+03 1.35e+03 1.35e+03 1.34e+03 1.33e+03 1.32e+03 1.31e+03 1.31e+03 1.30e+03 1.29e+03 1.28e+03 1.27e+03 1.26e+03 1.26e+03 1.25e+03 1.24e+03 1.23e+03 1.22e+03 1.21e+03 1.20e+03 1.20e+03 1.19e+03 1.18e+03 1.17e+03 1.16e+03 1.15e+03 1.14e+03 1.14e+03 1.13e+03 1.12e+03 1.11e+03 1.10e+03 1.09e+03 1.08e+03 1.08e+03 1.07e+03 1.06e+03 1.05e+03 1.04e+03 1.03e+03 1.03e+03 1.02e+03 1.01e+03 1.00e+03 9.92e+02 9.84e+02 9.76e+02 9.68e+02 9.59e+02 9.51e+02 9.43e+02 9.35e+02 9.27e+02 9.19e+02 9.11e+02 9.03e+02 8.95e+02 8.87e+02 8.79e+02 8.72e+02 8.64e+02 8.56e+02 8.48e+02 8.41e+02 8.33e+02 8.26e+02 8.18e+02 8.11e+02 8.03e+02 7.96e+02 7.89e+02 7.82e+02 7.75e+02 7.67e+02 7.60e+02 7.53e+02 7.47e+02 7.40e+02 7.33e+02 7.26e+02 7.19e+02 7.13e+02 7.06e+02 7.00e+02 6.93e+02 6.87e+02 6.81e+02 6.74e+02 6.68e+02 6.62e+02 6.56e+02 6.50e+02 6.44e+02 6.38e+02 6.32e+02 6.26e+02 6.21e+02 6.15e+02 6.09e+02 6.04e+02 5.98e+02 5.93e+02 5.87e+02 5.82e+02 5.77e+02 5.72e+02 5.66e+02 5.61e+02 5.56e+02 5.51e+02 5.46e+02 5.41e+02 5.37e+02 5.32e+02 5.27e+02 5.22e+02 5.18e+02 5.13e+02 5.09e+02 5.04e+02 5.00e+02 4.95e+02 4.91e+02 4.87e+02 4.83e+02 4.78e+02 4.74e+02 4.70e+02 4.66e+02 4.62e+02 4.58e+02 4.54e+02 4.50e+02 4.47e+02 4.43e+02 4.39e+02 4.35e+02 4.32e+02 4.28e+02 4.25e+02 4.21e+02 4.18e+02 4.14e+02 4.11e+02 4.07e+02 4.04e+02 4.01e+02 3.97e+02 3.94e+02 3.91e+02 3.88e+02 3.85e+02 3.81e+02 3.78e+02 3.75e+02 3.72e+02 3.69e+02 3.66e+02 3.63e+02 3.61e+02 3.58e+02 3.55e+02 3.52e+02 3.49e+02 3.47e+02 3.44e+02 3.41e+02 3.38e+02 3.36e+02 3.33e+02 3.31e+02 3.28e+02 3.26e+02 3.23e+02 3.21e+02 3.18e+02 3.16e+02 3.11e+02 3.02e+02 2.84e+02 2.53e+02 2.02e+02 1.32e+02 6.06e+01 2.45e+01 2.01e+01 2.00e+01 2.00e+01 2.00e+01 2.00e+01 
 1.68192637992175e-09   1.41e+03 1.41e+03 1.41e+03 1.41e+03 1.41e+03 1.41e+03 1.41e+03 1.41e+03 1.41e+03 1.41e+03 1.41e+03 1.41e+03 1.41e+03 1.41e+03 1.41e+03 1.41e+03 1.41e+03 1.41e+03 1.40e+03 1.40e+03 1.39e+03 1.38e+03 1.37e+03 1.36e+03 1.35e+03 1.35e+03 1.34e+03 1.33e+03 1.32e+03 1.31e+03 1.30e+03 1.30e+03 1.29e+03 1.28e+03 1.27e+03 1.26e+03 1.25e+03 1.25e+03 1.24e+03 1.23e+03 1.22e+03 1.21e+03 1.20e+03 1.20e+03 1.19e+03 1.18e+03 1.17e+03 1.16e+03 1.15e+03 1.14e+03 1.14e+03 1.13e+03 1.12e+03 1.11e+03 1.10e+03 1.09e+03 1.08e+03 1.08e+03 1.07e+03 1.06e+03 1.05e+03 1.04e+03 1.03e+03 1.03e+03 1.02e+03 1.01e+03 1.00e+03 9.92e+02 9.84e+02 9.76e+02 9.68e+02 9.59e+02 9.51e+02 9.43e+02 9.35e+02 9.27e+02 9.19e+02 9.11e+02 9.03e+02 8.95e+02 8.87e+02 8.79e+02 8.72e+02 8.64e+02 8.56e+02 8.49e+02 8.41e+02 8.33e+02 8.26e+02 8.19e+02 8.11e+02 8.04e+02 7.96e+02 7.89e+02 7.82e+02 7.75e+02 7.68e+02 7.61e+02 7.54e+02 7.47e+02 7.40e+02 7.33e+02 7.27e+02 7.20e+02 7.13e+02 7.07e+02 7.00e+02 6.94e+02 6.87e+02 6.81e+02 6.75e+02 6.69e+02 6.62e+02 6.56e+02 6.50e+02 6.44e+02 6.38e+02 6.33e+02 6.27e+02 6.21e+02 6.15e+02 6.10e+02 6.04e+02 5.99e+02 5.93e+02 5.88e+02 5.83e+02 5.77e+02 5.72e+02 5.67e+02 5.62e+02 5.57e+02 5.52e+02 5.47e+02 5.42e+02 5.37e+02 5.32e+02 5.28e+02 5.23e+02 5.18e+02 5.14e+02 5.09e+02 5.05e+02 5.00e+02 4.96e+02 4.92e+02 4.88e+02 4.83e+02 4.79e+02 4.75e+02 4.71e+02 4.67e+02 4.63e+02 4.59e+02 4.55e+02 4.51e+02 4.47e+02 4.44e+02 4.40e+02 4.36e+02 4.32e+02 4.29e+02 4.25e+02 4.22e+02 4.18e+02 4.15e+02 4.11e+02 4.08e+02 4.05e+02 4.01e+02 3.98e+02 3.95e+02 3.92e+02 3.88e+02 3.85e+02 3.82e+02 3.79e+02 3.76e+02 3.73e+02 3.70e+02 3.67e+02 3.64e+02 3.61e+02 3.58e+02 3.56e+02 3.53e+02 3.50e+02 3.47e+02 3.45e+02 3.42e+02 3.39e+02 3.37e+02 3.34e+02 3.31e+02 3.29e+02 3.26e+02 3.24e+02 3.21e+02 3.19e+02 3.16e+02 3.12e+02 3.02e+02 2.85e+02 2.53e+02 2.02e+02 1.32e+02 6.09e+01 2.46e+01 2.01e+01 2.00e+01 2.00e+01 2.00e+01 2.00e+01 
 1.69194310289925e-09   1.41e+03 1.41e+03 1.41e+03 1.41e+03 1.41e+03 1.41e+03 1.41e+03 1.41e+03 1.41e+03 1.41e+03 1.41e+03 1.41e+03 1.41e+03 1.41e+03 1.41e+03 1.41e+03 1.41e+03 1.41e+03 1.40e+03 1.40e+03 1.39e+03 1.38e+03 1.37e+03 1.36e+03 1.35e+03 1.35e+03 1.34e+03 1.33e+03 1.32e+03 1.31e+03 1.30e+03 1.30e+03 1.29e+03 1.28e+03 1.27e+03 1.26e+03 1.25e+03 1.25e+03 1.24e+03 1.23e+03 1.22e+03 1.21e+03 1.20e+03 1.19e+03 1.19e+03 1.18e+03 1.17e+03 1.16e+03 1.15e+03 1.14e+03 1.14e+03 1.13e+03 1.12e+03 1.11e+03 1.10e+03 1.09e+03 1.08e+03 1.08e+03 1.07e+03 1.06e+03 1.05e+03 1.04e+03 1.03e+03 1.03e+03 1.02e+03 1.01e+03 1.00e+03 9.92e+02 9.84e+02 9.76e+02 9.67e+02 9.59e+02 9.51e+02 9.43e+02 9.35e+02 9.27e+02 9.19e+02 9.11e+02 9.03e+02 8.95e+02 8.87e+02 8.80e+02 8.72e+02 8.64e+02 8.56e+02 8.49e+02 8.41e+02 8.34e+02 8.26e+02 8.19e+02 8.11e+02 8.04e+02 7.97e+02 7.90e+02 7.82e+02 7.75e+02 7.68e+02 7.61e+02 7.54e+02 7.47e+02 7.40e+02 7.34e+02 7.27e+02 7.20e+02 7.14e+02 7.07e+02 7.01e+02 6.94e+02 6.88e+02 6.82e+02 6.75e+02 6.69e+02 6.63e+02 6.57e+02 6.51e+02 6.45e+02 6.39e+02 6.33e+02 6.27e+02 6.22e+02 6.16e+02 6.10e+02 6.05e+02 5.99e+02 5.94e+02 5.89e+02 5.83e+02 5.78e+02 5.73e+02 5.68e+02 5.63e+02 5.57e+02 5.52e+02 5.48e+02 5.43e+02 5.38e+02 5.33e+02 5.28e+02 5.24e+02 5.19e+02 5.15e+02 5.10e+02 5.06e+02 5.01e+02 4.97e+02 4.92e+02 4.88e+02 4.84e+02 4.80e+02 4.76e+02 4.72e+02 4.68e+02 4.64e+02 4.60e+02 4.56e+02 4.52e+02 4.48e+02 4.44e+02 4.40e+02 4.37e+02 4.33e+02 4.30e+02 4.26e+02 4.22e+02 4.19e+02 4.15e+02 4.12e+02 4.09e+02 4.05e+02 4.02e+02 3.99e+02 3.95e+02 3.92e+02 3.89e+02 3.86e+02 3.83e+02 3.80e+02 3.77e+02 3.74e+02 3.71e+02 3.68e+02 3.65e+02 3.62e+02 3.59e+02 3.56e+02 3.53e+02 3.51e+02 3.48e+02 3.45e+02 3.43e+02 3.40e+02 3.37e+02 3.35e+02 3.32e+02 3.29e+02 3.27e+02 3.24e+02 3.22e+02 3.19e+02 3.17e+02 3.12e+02 3.03e+02 2.85e+02 2.54e+02 2.03e+02 1.33e+02 6.12e+01 2.47e+01 2.01e+01 2.00e+01 2.00e+01 2.00e+01 2.00e+01 
 1.70196304518197e-09   1.41e+03 1.41e+03 1.41e+03 1.41e+03 1.41e+03 1.41e+03 1.41e+03 1.41e+03 1.41e+03 1.41e+03 1.41e+03 1.41e+03 1.41e+03 1.41e+03 1.41e+03 1.41e+03 1.41e+03 1.41e+03 1.40e+03 1.40e+03 1.39e+03 1.38e+03 1.37e+03 1.36e+03 1.35e+03 1.35e+03 1.34e+03 1.33e+03 1.32e+03 1.31e+03 1.30e+03 1.30e+03 1.29e+03 1.28e+03 1.27e+03 1.26e+03 1.25e+03 1.24e+03 1.24e+03 1.23e+03 1.22e+03 1.21e+03 1.20e+03 1.19e+03 1.19e+03 1.18e+03 1.17e+03 1.16e+03 1.15e+03 1.14e+03 1.13e+03 1.13e+03 1.12e+03 1.11e+03 1.10e+03 1.09e+03 1.08e+03 1.08e+03 1.07e+03 1.06e+03 1.05e+03 1.04e+03 1.03e+03 1.03e+03 1.02e+03 1.01e+03 1.00e+03 9.92e+02 9.84e+02 9.76e+02 9.67e+02 9.59e+02 9.51e+02 9.43e+02 9.35e+02 9.27e+02 9.19e+02 9.11e+02 9.03e+02 8.95e+02 8.87e+02 8.80e+02 8.72e+02 8.64e+02 8.57e+02 8.49e+02 8.41e+02 8.34e+02 8.26e+02 8.19e+02 8.12e+02 8.04e+02 7.97e+02 7.90e+02 7.83e+02 7.76e+02 7.69e+02 7.62e+02 7.55e+02 7.48e+02 7.41e+02 7.34e+02 7.27e+02 7.21e+02 7.14e+02 7.08e+02 7.01e+02 6.95e+02 6.88e+02 6.82e+02 6.76e+02 6.70e+02 6.63e+02 6.57e+02 6.51e+02 6.45e+02 6.40e+02 6.34e+02 6.28e+02 6.22e+02 6.17e+02 6.11e+02 6.05e+02 6.00e+02 5.94e+02 5.89e+02 5.84e+02 5.79e+02 5.73e+02 5.68e+02 5.63e+02 5.58e+02 5.53e+02 5.48e+02 5.43e+02 5.38e+02 5.34e+02 5.29e+02 5.24e+02 5.20e+02 5.15e+02 5.11e+02 5.06e+02 5.02e+02 4.97e+02 4.93e+02 4.89e+02 4.85e+02 4.80e+02 4.76e+02 4.72e+02 4.68e+02 4.64e+02 4.60e+02 4.56e+02 4.53e+02 4.49e+02 4.45e+02 4.41e+02 4.37e+02 4.34e+02 4.30e+02 4.27e+02 4.23e+02 4.20e+02 4.16e+02 4.13e+02 4.09e+02 4.06e+02 4.03e+02 3.99e+02 3.96e+02 3.93e+02 3.90e+02 3.87e+02 3.83e+02 3.80e+02 3.77e+02 3.74e+02 3.71e+02 3.68e+02 3.66e+02 3.63e+02 3.60e+02 3.57e+02 3.54e+02 3.51e+02 3.49e+02 3.46e+02 3.43e+02 3.41e+02 3.38e+02 3.35e+02 3.33e+02 3.30e+02 3.28e+02 3.25e+02 3.23e+02 3.20e+02 3.18e+02 3.13e+02 3.04e+02 2.86e+02 2.55e+02 2.03e+02 1.33e+02 6.15e+01 2.47e+01 2.01e+01 2.00e+01 2.00e+01 2.00e+01 2.00e+01 
 1.71198619297047e-09   1.41e+03 1.41e+03 1.41e+03 1.41e+03 1.41e+03 1.41e+03 1.41e+03 1.41e+03 1.41e+03 1.41e+03 1.41e+03 1.41e+03 1.41e+03 1.41e+03 1.41e+03 1.41e+03 1.41e+03 1.41e+03 1.40e+03 1.40e+03 1.39e+03 1.38e+03 1.37e+03 1.36e+03 1.35e+03 1.35e+03 1.34e+03 1.33e+03 1.32e+03 1.31e+03 1.30e+03 1.29e+03 1.29e+03 1.28e+03 1.27e+03 1.26e+03 1.25e+03 1.24e+03 1.24e+03 1.23e+03 1.22e+03 1.21e+03 1.20e+03 1.19e+03 1.19e+03 1.18e+03 1.17e+03 1.16e+03 1.15e+03 1.14e+03 1.13e+03 1.13e+03 1.12e+03 1.11e+03 1.10e+03 1.09e+03 1.08e+03 1.08e+03 1.07e+03 1.06e+03 1.05e+03 1.04e+03 1.03e+03 1.03e+03 1.02e+03 1.01e+03 1.00e+03 9.92e+02 9.84e+02 9.76e+02 9.67e+02 9.59e+02 9.51e+02 9.43e+02 9.35e+02 9.27e+02 9.19e+02 9.11e+02 9.03e+02 8.95e+02 8.88e+02 8.80e+02 8.72e+02 8.64e+02 8.57e+02 8.49e+02 8.42e+02 8.34e+02 8.27e+02 8.19e+02 8.12e+02 8.05e+02 7.97e+02 7.90e+02 7.83e+02 7.76e+02 7.69e+02 7.62e+02 7.55e+02 7.48e+02 7.41e+02 7.34e+02 7.28e+02 7.21e+02 7.15e+02 7.08e+02 7.02e+02 6.95e+02 6.89e+02 6.82e+02 6.76e+02 6.70e+02 6.64e+02 6.58e+02 6.52e+02 6.46e+02 6.40e+02 6.34e+02 6.28e+02 6.23e+02 6.17e+02 6.12e+02 6.06e+02 6.00e+02 5.95e+02 5.90e+02 5.84e+02 5.79e+02 5.74e+02 5.69e+02 5.64e+02 5.59e+02 5.54e+02 5.49e+02 5.44e+02 5.39e+02 5.34e+02 5.30e+02 5.25e+02 5.20e+02 5.16e+02 5.11e+02 5.07e+02 5.02e+02 4.98e+02 4.94e+02 4.90e+02 4.85e+02 4.81e+02 4.77e+02 4.73e+02 4.69e+02 4.65e+02 4.61e+02 4.57e+02 4.53e+02 4.49e+02 4.46e+02 4.42e+02 4.38e+02 4.35e+02 4.31e+02 4.27e+02 4.24e+02 4.20e+02 4.17e+02 4.13e+02 4.10e+02 4.07e+02 4.03e+02 4.00e+02 3.97e+02 3.94e+02 3.90e+02 3.87e+02 3.84e+02 3.81e+02 3.78e+02 3.75e+02 3.72e+02 3.69e+02 3.66e+02 3.63e+02 3.60e+02 3.58e+02 3.55e+02 3.52e+02 3.49e+02 3.47e+02 3.44e+02 3.41e+02 3.39e+02 3.36e+02 3.33e+02 3.31e+02 3.28e+02 3.26e+02 3.23e+02 3.21e+02 3.18e+02 3.14e+02 3.04e+02 2.87e+02 2.55e+02 2.04e+02 1.34e+02 6.19e+01 2.48e+01 2.01e+01 2.00e+01 2.00e+01 2.00e+01 2.00e+01 
 1.72198807422561e-09   1.41e+03 1.41e+03 1.41e+03 1.41e+03 1.41e+03 1.41e+03 1.41e+03 1.41e+03 1.41e+03 1.41e+03 1.41e+03 1.41e+03 1.41e+03 1.41e+03 1.41e+03 1.41e+03 1.41e+03 1.41e+03 1.40e+03 1.40e+03 1.39e+03 1.38e+03 1.37e+03 1.36e+03 1.35e+03 1.34e+03 1.34e+03 1.33e+03 1.32e+03 1.31e+03 1.30e+03 1.29e+03 1.29e+03 1.28e+03 1.27e+03 1.26e+03 1.25e+03 1.24e+03 1.24e+03 1.23e+03 1.22e+03 1.21e+03 1.20e+03 1.19e+03 1.18e+03 1.18e+03 1.17e+03 1.16e+03 1.15e+03 1.14e+03 1.13e+03 1.13e+03 1.12e+03 1.11e+03 1.10e+03 1.09e+03 1.08e+03 1.08e+03 1.07e+03 1.06e+03 1.05e+03 1.04e+03 1.03e+03 1.02e+03 1.02e+03 1.01e+03 1.00e+03 9.92e+02 9.84e+02 9.75e+02 9.67e+02 9.59e+02 9.51e+02 9.43e+02 9.35e+02 9.27e+02 9.19e+02 9.11e+02 9.03e+02 8.95e+02 8.88e+02 8.80e+02 8.72e+02 8.65e+02 8.57e+02 8.49e+02 8.42e+02 8.34e+02 8.27e+02 8.19e+02 8.12e+02 8.05e+02 7.98e+02 7.90e+02 7.83e+02 7.76e+02 7.69e+02 7.62e+02 7.55e+02 7.48e+02 7.42e+02 7.35e+02 7.28e+02 7.22e+02 7.15e+02 7.08e+02 7.02e+02 6.96e+02 6.89e+02 6.83e+02 6.77e+02 6.71e+02 6.64e+02 6.58e+02 6.52e+02 6.46e+02 6.41e+02 6.35e+02 6.29e+02 6.23e+02 6.18e+02 6.12e+02 6.07e+02 6.01e+02 5.96e+02 5.90e+02 5.85e+02 5.80e+02 5.75e+02 5.69e+02 5.64e+02 5.59e+02 5.54e+02 5.49e+02 5.45e+02 5.40e+02 5.35e+02 5.30e+02 5.26e+02 5.21e+02 5.16e+02 5.12e+02 5.08e+02 5.03e+02 4.99e+02 4.94e+02 4.90e+02 4.86e+02 4.82e+02 4.78e+02 4.74e+02 4.70e+02 4.66e+02 4.62e+02 4.58e+02 4.54e+02 4.50e+02 4.46e+02 4.43e+02 4.39e+02 4.35e+02 4.32e+02 4.28e+02 4.24e+02 4.21e+02 4.18e+02 4.14e+02 4.11e+02 4.07e+02 4.04e+02 4.01e+02 3.98e+02 3.94e+02 3.91e+02 3.88e+02 3.85e+02 3.82e+02 3.79e+02 3.76e+02 3.73e+02 3.70e+02 3.67e+02 3.64e+02 3.61e+02 3.58e+02 3.56e+02 3.53e+02 3.50e+02 3.47e+02 3.45e+02 3.42e+02 3.39e+02 3.37e+02 3.34e+02 3.32e+02 3.29e+02 3.26e+02 3.24e+02 3.22e+02 3.19e+02 3.14e+02 3.05e+02 2.87e+02 2.56e+02 2.05e+02 1.34e+02 6.22e+01 2.49e+01 2.01e+01 2.00e+01 2.00e+01 2.00e+01 2.00e+01 
 1.73199311829119e-09   1.41e+03 1.41e+03 1.41e+03 1.41e+03 1.41e+03 1.41e+03 1.41e+03 1.41e+03 1.41e+03 1.41e+03 1.41e+03 1.41e+03 1.41e+03 1.41e+03 1.41e+03 1.41e+03 1.41e+03 1.40e+03 1.40e+03 1.39e+03 1.38e+03 1.37e+03 1.37e+03 1.36e+03 1.35e+03 1.34e+03 1.33e+03 1.33e+03 1.32e+03 1.31e+03 1.30e+03 1.29e+03 1.29e+03 1.28e+03 1.27e+03 1.26e+03 1.25e+03 1.24e+03 1.24e+03 1.23e+03 1.22e+03 1.21e+03 1.20e+03 1.19e+03 1.18e+03 1.18e+03 1.17e+03 1.16e+03 1.15e+03 1.14e+03 1.13e+03 1.13e+03 1.12e+03 1.11e+03 1.10e+03 1.09e+03 1.08e+03 1.07e+03 1.07e+03 1.06e+03 1.05e+03 1.04e+03 1.03e+03 1.02e+03 1.02e+03 1.01e+03 1.00e+03 9.92e+02 9.84e+02 9.75e+02 9.67e+02 9.59e+02 9.51e+02 9.43e+02 9.35e+02 9.27e+02 9.19e+02 9.11e+02 9.03e+02 8.96e+02 8.88e+02 8.80e+02 8.72e+02 8.65e+02 8.57e+02 8.50e+02 8.42e+02 8.35e+02 8.27e+02 8.20e+02 8.12e+02 8.05e+02 7.98e+02 7.91e+02 7.84e+02 7.77e+02 7.70e+02 7.63e+02 7.56e+02 7.49e+02 7.42e+02 7.35e+02 7.29e+02 7.22e+02 7.15e+02 7.09e+02 7.02e+02 6.96e+02 6.90e+02 6.83e+02 6.77e+02 6.71e+02 6.65e+02 6.59e+02 6.53e+02 6.47e+02 6.41e+02 6.35e+02 6.30e+02 6.24e+02 6.18e+02 6.13e+02 6.07e+02 6.02e+02 5.96e+02 5.91e+02 5.86e+02 5.80e+02 5.75e+02 5.70e+02 5.65e+02 5.60e+02 5.55e+02 5.50e+02 5.45e+02 5.40e+02 5.36e+02 5.31e+02 5.26e+02 5.22e+02 5.17e+02 5.13e+02 5.08e+02 5.04e+02 4.99e+02 4.95e+02 4.91e+02 4.87e+02 4.82e+02 4.78e+02 4.74e+02 4.70e+02 4.66e+02 4.62e+02 4.58e+02 4.55e+02 4.51e+02 4.47e+02 4.43e+02 4.40e+02 4.36e+02 4.32e+02 4.29e+02 4.25e+02 4.22e+02 4.18e+02 4.15e+02 4.11e+02 4.08e+02 4.05e+02 4.01e+02 3.98e+02 3.95e+02 3.92e+02 3.89e+02 3.86e+02 3.82e+02 3.79e+02 3.76e+02 3.73e+02 3.71e+02 3.68e+02 3.65e+02 3.62e+02 3.59e+02 3.56e+02 3.53e+02 3.51e+02 3.48e+02 3.45e+02 3.43e+02 3.40e+02 3.37e+02 3.35e+02 3.32e+02 3.30e+02 3.27e+02 3.25e+02 3.22e+02 3.20e+02 3.15e+02 3.06e+02 2.88e+02 2.56e+02 2.05e+02 1.35e+02 6.25e+01 2.49e+01 2.01e+01 2.00e+01 2.00e+01 2.00e+01 2.00e+01 
 1.74200131181757e-09   1.41e+03 1.41e+03 1.41e+03 1.41e+03 1.41e+03 1.41e+03 1.41e+03 1.41e+03 1.41e+03 1.41e+03 1.41e+03 1.41e+03 1.41e+03 1.41e+03 1.41e+03 1.41e+03 1.41e+03 1.40e+03 1.40e+03 1.39e+03 1.38e+03 1.37e+03 1.37e+03 1.36e+03 1.35e+03 1.34e+03 1.33e+03 1.33e+03 1.32e+03 1.31e+03 1.30e+03 1.29e+03 1.28e+03 1.28e+03 1.27e+03 1.26e+03 1.25e+03 1.24e+03 1.23e+03 1.23e+03 1.22e+03 1.21e+03 1.20e+03 1.19e+03 1.18e+03 1.18e+03 1.17e+03 1.16e+03 1.15e+03 1.14e+03 1.13e+03 1.12e+03 1.12e+03 1.11e+03 1.10e+03 1.09e+03 1.08e+03 1.07e+03 1.07e+03 1.06e+03 1.05e+03 1.04e+03 1.03e+03 1.02e+03 1.02e+03 1.01e+03 1.00e+03 9.92e+02 9.83e+02 9.75e+02 9.67e+02 9.59e+02 9.51e+02 9.43e+02 9.35e+02 9.27e+02 9.19e+02 9.11e+02 9.03e+02 8.96e+02 8.88e+02 8.80e+02 8.72e+02 8.65e+02 8.57e+02 8.50e+02 8.42e+02 8.35e+02 8.27e+02 8.20e+02 8.13e+02 8.05e+02 7.98e+02 7.91e+02 7.84e+02 7.77e+02 7.70e+02 7.63e+02 7.56e+02 7.49e+02 7.42e+02 7.36e+02 7.29e+02 7.22e+02 7.16e+02 7.09e+02 7.03e+02 6.96e+02 6.90e+02 6.84e+02 6.78e+02 6.72e+02 6.65e+02 6.59e+02 6.53e+02 6.47e+02 6.42e+02 6.36e+02 6.30e+02 6.24e+02 6.19e+02 6.13e+02 6.08e+02 6.02e+02 5.97e+02 5.91e+02 5.86e+02 5.81e+02 5.76e+02 5.71e+02 5.66e+02 5.61e+02 5.56e+02 5.51e+02 5.46e+02 5.41e+02 5.36e+02 5.32e+02 5.27e+02 5.22e+02 5.18e+02 5.13e+02 5.09e+02 5.04e+02 5.00e+02 4.96e+02 4.92e+02 4.87e+02 4.83e+02 4.79e+02 4.75e+02 4.71e+02 4.67e+02 4.63e+02 4.59e+02 4.55e+02 4.51e+02 4.48e+02 4.44e+02 4.40e+02 4.37e+02 4.33e+02 4.29e+02 4.26e+02 4.22e+02 4.19e+02 4.15e+02 4.12e+02 4.09e+02 4.05e+02 4.02e+02 3.99e+02 3.96e+02 3.93e+02 3.89e+02 3.86e+02 3.83e+02 3.80e+02 3.77e+02 3.74e+02 3.71e+02 3.68e+02 3.65e+02 3.63e+02 3.60e+02 3.57e+02 3.54e+02 3.51e+02 3.49e+02 3.46e+02 3.43e+02 3.41e+02 3.38e+02 3.35e+02 3.33e+02 3.30e+02 3.28e+02 3.25e+02 3.23e+02 3.20e+02 3.16e+02 3.06e+02 2.89e+02 2.57e+02 2.06e+02 1.35e+02 6.28e+01 2.50e+01 2.01e+01 2.00e+01 2.00e+01 2.00e+01 2.00e+01 
 1.75201264156794e-09   1.41e+03 1.41e+03 1.41e+03 1.41e+03 1.41e+03 1.41e+03 1.41e+03 1.41e+03 1.41e+03 1.41e+03 1.41e+03 1.41e+03 1.41e+03 1.41e+03 1.41e+03 1.41e+03 1.41e+03 1.40e+03 1.40e+03 1.39e+03 1.38e+03 1.37e+03 1.36e+03 1.36e+03 1.35e+03 1.34e+03 1.33e+03 1.32e+03 1.32e+03 1.31e+03 1.30e+03 1.29e+03 1.28e+03 1.28e+03 1.27e+03 1.26e+03 1.25e+03 1.24e+03 1.23e+03 1.23e+03 1.22e+03 1.21e+03 1.20e+03 1.19e+03 1.18e+03 1.18e+03 1.17e+03 1.16e+03 1.15e+03 1.14e+03 1.13e+03 1.12e+03 1.12e+03 1.11e+03 1.10e+03 1.09e+03 1.08e+03 1.07e+03 1.07e+03 1.06e+03 1.05e+03 1.04e+03 1.03e+03 1.02e+03 1.02e+03 1.01e+03 1.00e+03 9.92e+02 9.83e+02 9.75e+02 9.67e+02 9.59e+02 9.51e+02 9.43e+02 9.35e+02 9.27e+02 9.19e+02 9.11e+02 9.04e+02 8.96e+02 8.88e+02 8.80e+02 8.73e+02 8.65e+02 8.57e+02 8.50e+02 8.42e+02 8.35e+02 8.28e+02 8.20e+02 8.13e+02 8.06e+02 7.98e+02 7.91e+02 7.84e+02 7.77e+02 7.70e+02 7.63e+02 7.56e+02 7.50e+02 7.43e+02 7.36e+02 7.29e+02 7.23e+02 7.16e+02 7.10e+02 7.03e+02 6.97e+02 6.91e+02 6.84e+02 6.78e+02 6.72e+02 6.66e+02 6.60e+02 6.54e+02 6.48e+02 6.42e+02 6.36e+02 6.31e+02 6.25e+02 6.19e+02 6.14e+02 6.08e+02 6.03e+02 5.97e+02 5.92e+02 5.87e+02 5.82e+02 5.76e+02 5.71e+02 5.66e+02 5.61e+02 5.56e+02 5.51e+02 5.46e+02 5.42e+02 5.37e+02 5.32e+02 5.28e+02 5.23e+02 5.18e+02 5.14e+02 5.09e+02 5.05e+02 5.01e+02 4.96e+02 4.92e+02 4.88e+02 4.84e+02 4.80e+02 4.76e+02 4.72e+02 4.68e+02 4.64e+02 4.60e+02 4.56e+02 4.52e+02 4.48e+02 4.45e+02 4.41e+02 4.37e+02 4.34e+02 4.30e+02 4.27e+02 4.23e+02 4.20e+02 4.16e+02 4.13e+02 4.09e+02 4.06e+02 4.03e+02 4.00e+02 3.96e+02 3.93e+02 3.90e+02 3.87e+02 3.84e+02 3.81e+02 3.78e+02 3.75e+02 3.72e+02 3.69e+02 3.66e+02 3.63e+02 3.60e+02 3.58e+02 3.55e+02 3.52e+02 3.49e+02 3.47e+02 3.44e+02 3.41e+02 3.39e+02 3.36e+02 3.34e+02 3.31e+02 3.29e+02 3.26e+02 3.24e+02 3.21e+02 3.16e+02 3.07e+02 2.89e+02 2.58e+02 2.06e+02 1.36e+02 6.31e+01 2.51e+01 2.01e+01 2.00e+01 2.00e+01 2.00e+01 2.00e+01 
 1.76202709441654e-09   1.41e+03 1.41e+03 1.41e+03 1.41e+03 1.41e+03 1.41e+03 1.41e+03 1.41e+03 1.41e+03 1.41e+03 1.41e+03 1.41e+03 1.41e+03 1.41e+03 1.41e+03 1.41e+03 1.41e+03 1.40e+03 1.40e+03 1.39e+03 1.38e+03 1.37e+03 1.36e+03 1.36e+03 1.35e+03 1.34e+03 1.33e+03 1.32e+03 1.32e+03 1.31e+03 1.30e+03 1.29e+03 1.28e+03 1.27e+03 1.27e+03 1.26e+03 1.25e+03 1.24e+03 1.23e+03 1.22e+03 1.22e+03 1.21e+03 1.20e+03 1.19e+03 1.18e+03 1.17e+03 1.17e+03 1.16e+03 1.15e+03 1.14e+03 1.13e+03 1.12e+03 1.12e+03 1.11e+03 1.10e+03 1.09e+03 1.08e+03 1.07e+03 1.07e+03 1.06e+03 1.05e+03 1.04e+03 1.03e+03 1.02e+03 1.02e+03 1.01e+03 1.00e+03 9.91e+02 9.83e+02 9.75e+02 9.67e+02 9.59e+02 9.51e+02 9.43e+02 9.35e+02 9.27e+02 9.19e+02 9.11e+02 9.04e+02 8.96e+02 8.88e+02 8.80e+02 8.73e+02 8.65e+02 8.58e+02 8.50e+02 8.43e+02 8.35e+02 8.28e+02 8.20e+02 8.13e+02 8.06e+02 7.99e+02 7.92e+02 7.85e+02 7.77e+02 7.70e+02 7.64e+02 7.57e+02 7.50e+02 7.43e+02 7.36e+02 7.30e+02 7.23e+02 7.17e+02 7.10e+02 7.04e+02 6.97e+02 6.91e+02 6.85e+02 6.79e+02 6.72e+02 6.66e+02 6.60e+02 6.54e+02 6.49e+02 6.43e+02 6.37e+02 6.31e+02 6.25e+02 6.20e+02 6.14e+02 6.09e+02 6.03e+02 5.98e+02 5.93e+02 5.87e+02 5.82e+02 5.77e+02 5.72e+02 5.67e+02 5.62e+02 5.57e+02 5.52e+02 5.47e+02 5.42e+02 5.38e+02 5.33e+02 5.28e+02 5.24e+02 5.19e+02 5.15e+02 5.10e+02 5.06e+02 5.01e+02 4.97e+02 4.93e+02 4.89e+02 4.84e+02 4.80e+02 4.76e+02 4.72e+02 4.68e+02 4.64e+02 4.60e+02 4.57e+02 4.53e+02 4.49e+02 4.45e+02 4.42e+02 4.38e+02 4.34e+02 4.31e+02 4.27e+02 4.24e+02 4.20e+02 4.17e+02 4.13e+02 4.10e+02 4.07e+02 4.04e+02 4.00e+02 3.97e+02 3.94e+02 3.91e+02 3.88e+02 3.85e+02 3.82e+02 3.78e+02 3.76e+02 3.73e+02 3.70e+02 3.67e+02 3.64e+02 3.61e+02 3.58e+02 3.55e+02 3.53e+02 3.50e+02 3.47e+02 3.45e+02 3.42e+02 3.39e+02 3.37e+02 3.34e+02 3.32e+02 3.29e+02 3.27e+02 3.24e+02 3.22e+02 3.17e+02 3.08e+02 2.90e+02 2.58e+02 2.07e+02 1.36e+02 6.35e+01 2.51e+01 2.01e+01 2.00e+01 2.00e+01 2.00e+01 2.00e+01 
 1.77204465734717e-09   1.41e+03 1.41e+03 1.41e+03 1.41e+03 1.41e+03 1.41e+03 1.41e+03 1.41e+03 1.41e+03 1.41e+03 1.41e+03 1.41e+03 1.41e+03 1.41e+03 1.41e+03 1.41e+03 1.41e+03 1.40e+03 1.40e+03 1.39e+03 1.38e+03 1.37e+03 1.36e+03 1.36e+03 1.35e+03 1.34e+03 1.33e+03 1.32e+03 1.31e+03 1.31e+03 1.30e+03 1.29e+03 1.28e+03 1.27e+03 1.27e+03 1.26e+03 1.25e+03 1.24e+03 1.23e+03 1.22e+03 1.22e+03 1.21e+03 1.20e+03 1.19e+03 1.18e+03 1.17e+03 1.17e+03 1.16e+03 1.15e+03 1.14e+03 1.13e+03 1.12e+03 1.12e+03 1.11e+03 1.10e+03 1.09e+03 1.08e+03 1.07e+03 1.07e+03 1.06e+03 1.05e+03 1.04e+03 1.03e+03 1.02e+03 1.02e+03 1.01e+03 1.00e+03 9.91e+02 9.83e+02 9.75e+02 9.67e+02 9.59e+02 9.51e+02 9.43e+02 9.35e+02 9.27e+02 9.19e+02 9.12e+02 9.04e+02 8.96e+02 8.88e+02 8.81e+02 8.73e+02 8.65e+02 8.58e+02 8.50e+02 8.43e+02 8.35e+02 8.28e+02 8.21e+02 8.13e+02 8.06e+02 7.99e+02 7.92e+02 7.85e+02 7.78e+02 7.71e+02 7.64e+02 7.57e+02 7.50e+02 7.43e+02 7.37e+02 7.30e+02 7.24e+02 7.17e+02 7.11e+02 7.04e+02 6.98e+02 6.92e+02 6.85e+02 6.79e+02 6.73e+02 6.67e+02 6.61e+02 6.55e+02 6.49e+02 6.43e+02 6.37e+02 6.32e+02 6.26e+02 6.20e+02 6.15e+02 6.09e+02 6.04e+02 5.99e+02 5.93e+02 5.88e+02 5.83e+02 5.78e+02 5.72e+02 5.67e+02 5.62e+02 5.57e+02 5.53e+02 5.48e+02 5.43e+02 5.38e+02 5.33e+02 5.29e+02 5.24e+02 5.20e+02 5.15e+02 5.11e+02 5.06e+02 5.02e+02 4.98e+02 4.93e+02 4.89e+02 4.85e+02 4.81e+02 4.77e+02 4.73e+02 4.69e+02 4.65e+02 4.61e+02 4.57e+02 4.53e+02 4.50e+02 4.46e+02 4.42e+02 4.39e+02 4.35e+02 4.31e+02 4.28e+02 4.24e+02 4.21e+02 4.18e+02 4.14e+02 4.11e+02 4.07e+02 4.04e+02 4.01e+02 3.98e+02 3.95e+02 3.91e+02 3.88e+02 3.85e+02 3.82e+02 3.79e+02 3.76e+02 3.73e+02 3.70e+02 3.67e+02 3.65e+02 3.62e+02 3.59e+02 3.56e+02 3.53e+02 3.51e+02 3.48e+02 3.45e+02 3.43e+02 3.40e+02 3.37e+02 3.35e+02 3.32e+02 3.30e+02 3.27e+02 3.25e+02 3.22e+02 3.18e+02 3.08e+02 2.91e+02 2.59e+02 2.08e+02 1.37e+02 6.38e+01 2.52e+01 2.01e+01 2.00e+01 2.00e+01 2.00e+01 2.00e+01 
 1.78206531745156e-09   1.41e+03 1.41e+03 1.41e+03 1.41e+03 1.41e+03 1.41e+03 1.41e+03 1.41e+03 1.41e+03 1.41e+03 1.41e+03 1.41e+03 1.41e+03 1.41e+03 1.41e+03 1.41e+03 1.41e+03 1.40e+03 1.40e+03 1.39e+03 1.38e+03 1.37e+03 1.36e+03 1.35e+03 1.35e+03 1.34e+03 1.33e+03 1.32e+03 1.31e+03 1.31e+03 1.30e+03 1.29e+03 1.28e+03 1.27e+03 1.27e+03 1.26e+03 1.25e+03 1.24e+03 1.23e+03 1.22e+03 1.22e+03 1.21e+03 1.20e+03 1.19e+03 1.18e+03 1.17e+03 1.17e+03 1.16e+03 1.15e+03 1.14e+03 1.13e+03 1.12e+03 1.12e+03 1.11e+03 1.10e+03 1.09e+03 1.08e+03 1.07e+03 1.07e+03 1.06e+03 1.05e+03 1.04e+03 1.03e+03 1.02e+03 1.02e+03 1.01e+03 9.99e+02 9.91e+02 9.83e+02 9.75e+02 9.67e+02 9.59e+02 9.51e+02 9.43e+02 9.35e+02 9.27e+02 9.19e+02 9.12e+02 9.04e+02 8.96e+02 8.88e+02 8.81e+02 8.73e+02 8.65e+02 8.58e+02 8.50e+02 8.43e+02 8.36e+02 8.28e+02 8.21e+02 8.14e+02 8.06e+02 7.99e+02 7.92e+02 7.85e+02 7.78e+02 7.71e+02 7.64e+02 7.57e+02 7.51e+02 7.44e+02 7.37e+02 7.31e+02 7.24e+02 7.17e+02 7.11e+02 7.05e+02 6.98e+02 6.92e+02 6.86e+02 6.80e+02 6.73e+02 6.67e+02 6.61e+02 6.55e+02 6.50e+02 6.44e+02 6.38e+02 6.32e+02 6.27e+02 6.21e+02 6.15e+02 6.10e+02 6.04e+02 5.99e+02 5.94e+02 5.89e+02 5.83e+02 5.78e+02 5.73e+02 5.68e+02 5.63e+02 5.58e+02 5.53e+02 5.48e+02 5.44e+02 5.39e+02 5.34e+02 5.29e+02 5.25e+02 5.20e+02 5.16e+02 5.11e+02 5.07e+02 5.03e+02 4.98e+02 4.94e+02 4.90e+02 4.86e+02 4.82e+02 4.78e+02 4.74e+02 4.70e+02 4.66e+02 4.62e+02 4.58e+02 4.54e+02 4.50e+02 4.47e+02 4.43e+02 4.39e+02 4.36e+02 4.32e+02 4.29e+02 4.25e+02 4.22e+02 4.18e+02 4.15e+02 4.11e+02 4.08e+02 4.05e+02 4.02e+02 3.98e+02 3.95e+02 3.92e+02 3.89e+02 3.86e+02 3.83e+02 3.80e+02 3.77e+02 3.74e+02 3.71e+02 3.68e+02 3.65e+02 3.62e+02 3.60e+02 3.57e+02 3.54e+02 3.51e+02 3.49e+02 3.46e+02 3.43e+02 3.41e+02 3.38e+02 3.36e+02 3.33e+02 3.31e+02 3.28e+02 3.26e+02 3.23e+02 3.18e+02 3.09e+02 2.91e+02 2.60e+02 2.08e+02 1.37e+02 6.41e+01 2.53e+01 2.01e+01 2.00e+01 2.00e+01 2.00e+01 2.00e+01 
 1.79208906192790e-09   1.41e+03 1.41e+03 1.41e+03 1.41e+03 1.41e+03 1.41e+03 1.41e+03 1.41e+03 1.41e+03 1.41e+03 1.41e+03 1.41e+03 1.41e+03 1.41e+03 1.41e+03 1.41e+03 1.41e+03 1.40e+03 1.40e+03 1.39e+03 1.38e+03 1.37e+03 1.36e+03 1.35e+03 1.35e+03 1.34e+03 1.33e+03 1.32e+03 1.31e+03 1.31e+03 1.30e+03 1.29e+03 1.28e+03 1.27e+03 1.26e+03 1.26e+03 1.25e+03 1.24e+03 1.23e+03 1.22e+03 1.21e+03 1.21e+03 1.20e+03 1.19e+03 1.18e+03 1.17e+03 1.16e+03 1.16e+03 1.15e+03 1.14e+03 1.13e+03 1.12e+03 1.11e+03 1.11e+03 1.10e+03 1.09e+03 1.08e+03 1.07e+03 1.06e+03 1.06e+03 1.05e+03 1.04e+03 1.03e+03 1.02e+03 1.02e+03 1.01e+03 9.99e+02 9.91e+02 9.83e+02 9.75e+02 9.67e+02 9.59e+02 9.51e+02 9.43e+02 9.35e+02 9.27e+02 9.19e+02 9.12e+02 9.04e+02 8.96e+02 8.88e+02 8.81e+02 8.73e+02 8.66e+02 8.58e+02 8.51e+02 8.43e+02 8.36e+02 8.28e+02 8.21e+02 8.14e+02 8.07e+02 8.00e+02 7.92e+02 7.85e+02 7.78e+02 7.71e+02 7.65e+02 7.58e+02 7.51e+02 7.44e+02 7.38e+02 7.31e+02 7.24e+02 7.18e+02 7.11e+02 7.05e+02 6.99e+02 6.92e+02 6.86e+02 6.80e+02 6.74e+02 6.68e+02 6.62e+02 6.56e+02 6.50e+02 6.44e+02 6.38e+02 6.33e+02 6.27e+02 6.21e+02 6.16e+02 6.10e+02 6.05e+02 6.00e+02 5.94e+02 5.89e+02 5.84e+02 5.79e+02 5.74e+02 5.69e+02 5.64e+02 5.59e+02 5.54e+02 5.49e+02 5.44e+02 5.39e+02 5.35e+02 5.30e+02 5.26e+02 5.21e+02 5.16e+02 5.12e+02 5.08e+02 5.03e+02 4.99e+02 4.95e+02 4.91e+02 4.86e+02 4.82e+02 4.78e+02 4.74e+02 4.70e+02 4.66e+02 4.62e+02 4.59e+02 4.55e+02 4.51e+02 4.47e+02 4.44e+02 4.40e+02 4.36e+02 4.33e+02 4.29e+02 4.26e+02 4.22e+02 4.19e+02 4.15e+02 4.12e+02 4.09e+02 4.06e+02 4.02e+02 3.99e+02 3.96e+02 3.93e+02 3.90e+02 3.87e+02 3.84e+02 3.81e+02 3.78e+02 3.75e+02 3.72e+02 3.69e+02 3.66e+02 3.63e+02 3.60e+02 3.57e+02 3.55e+02 3.52e+02 3.49e+02 3.47e+02 3.44e+02 3.41e+02 3.39e+02 3.36e+02 3.34e+02 3.31e+02 3.29e+02 3.26e+02 3.24e+02 3.19e+02 3.10e+02 2.92e+02 2.60e+02 2.09e+02 1.38e+02 6.44e+01 2.53e+01 2.01e+01 2.00e+01 2.00e+01 2.00e+01 2.00e+01 
 1.80209135890076e-09   1.41e+03 1.41e+03 1.41e+03 1.41e+03 1.41e+03 1.41e+03 1.41e+03 1.41e+03 1.41e+03 1.41e+03 1.41e+03 1.41e+03 1.41e+03 1.41e+03 1.41e+03 1.41e+03 1.41e+03 1.40e+03 1.40e+03 1.39e+03 1.38e+03 1.37e+03 1.36e+03 1.35e+03 1.35e+03 1.34e+03 1.33e+03 1.32e+03 1.31e+03 1.31e+03 1.30e+03 1.29e+03 1.28e+03 1.27e+03 1.26e+03 1.26e+03 1.25e+03 1.24e+03 1.23e+03 1.22e+03 1.21e+03 1.21e+03 1.20e+03 1.19e+03 1.18e+03 1.17e+03 1.16e+03 1.16e+03 1.15e+03 1.14e+03 1.13e+03 1.12e+03 1.11e+03 1.11e+03 1.10e+03 1.09e+03 1.08e+03 1.07e+03 1.06e+03 1.06e+03 1.05e+03 1.04e+03 1.03e+03 1.02e+03 1.02e+03 1.01e+03 9.99e+02 9.91e+02 9.83e+02 9.75e+02 9.67e+02 9.59e+02 9.51e+02 9.43e+02 9.35e+02 9.27e+02 9.20e+02 9.12e+02 9.04e+02 8.96e+02 8.89e+02 8.81e+02 8.73e+02 8.66e+02 8.58e+02 8.51e+02 8.43e+02 8.36e+02 8.29e+02 8.21e+02 8.14e+02 8.07e+02 8.00e+02 7.93e+02 7.86e+02 7.79e+02 7.72e+02 7.65e+02 7.58e+02 7.51e+02 7.45e+02 7.38e+02 7.31e+02 7.25e+02 7.18e+02 7.12e+02 7.05e+02 6.99e+02 6.93e+02 6.87e+02 6.80e+02 6.74e+02 6.68e+02 6.62e+02 6.56e+02 6.51e+02 6.45e+02 6.39e+02 6.33e+02 6.28e+02 6.22e+02 6.16e+02 6.11e+02 6.06e+02 6.00e+02 5.95e+02 5.90e+02 5.84e+02 5.79e+02 5.74e+02 5.69e+02 5.64e+02 5.59e+02 5.54e+02 5.50e+02 5.45e+02 5.40e+02 5.35e+02 5.31e+02 5.26e+02 5.22e+02 5.17e+02 5.13e+02 5.08e+02 5.04e+02 5.00e+02 4.95e+02 4.91e+02 4.87e+02 4.83e+02 4.79e+02 4.75e+02 4.71e+02 4.67e+02 4.63e+02 4.59e+02 4.55e+02 4.52e+02 4.48e+02 4.44e+02 4.41e+02 4.37e+02 4.33e+02 4.30e+02 4.26e+02 4.23e+02 4.20e+02 4.16e+02 4.13e+02 4.09e+02 4.06e+02 4.03e+02 4.00e+02 3.97e+02 3.93e+02 3.90e+02 3.87e+02 3.84e+02 3.81e+02 3.78e+02 3.75e+02 3.72e+02 3.69e+02 3.67e+02 3.64e+02 3.61e+02 3.58e+02 3.55e+02 3.53e+02 3.50e+02 3.47e+02 3.45e+02 3.42e+02 3.39e+02 3.37e+02 3.34e+02 3.32e+02 3.29e+02 3.27e+02 3.24e+02 3.20e+02 3.10e+02 2.93e+02 2.61e+02 2.09e+02 1.38e+02 6.47e+01 2.54e+01 2.01e+01 2.00e+01 2.00e+01 2.00e+01 2.00e+01 
 1.81209670004536e-09   1.41e+03 1.41e+03 1.41e+03 1.41e+03 1.41e+03 1.41e+03 1.41e+03 1.41e+03 1.41e+03 1.41e+03 1.41e+03 1.41e+03 1.41e+03 1.41e+03 1.41e+03 1.41e+03 1.41e+03 1.40e+03 1.40e+03 1.39e+03 1.38e+03 1.37e+03 1.36e+03 1.35e+03 1.35e+03 1.34e+03 1.33e+03 1.32e+03 1.31e+03 1.30e+03 1.30e+03 1.29e+03 1.28e+03 1.27e+03 1.26e+03 1.26e+03 1.25e+03 1.24e+03 1.23e+03 1.22e+03 1.21e+03 1.21e+03 1.20e+03 1.19e+03 1.18e+03 1.17e+03 1.16e+03 1.16e+03 1.15e+03 1.14e+03 1.13e+03 1.12e+03 1.11e+03 1.11e+03 1.10e+03 1.09e+03 1.08e+03 1.07e+03 1.06e+03 1.06e+03 1.05e+03 1.04e+03 1.03e+03 1.02e+03 1.02e+03 1.01e+03 9.99e+02 9.91e+02 9.83e+02 9.75e+02 9.67e+02 9.59e+02 9.51e+02 9.43e+02 9.35e+02 9.27e+02 9.20e+02 9.12e+02 9.04e+02 8.96e+02 8.89e+02 8.81e+02 8.73e+02 8.66e+02 8.58e+02 8.51e+02 8.44e+02 8.36e+02 8.29e+02 8.22e+02 8.14e+02 8.07e+02 8.00e+02 7.93e+02 7.86e+02 7.79e+02 7.72e+02 7.65e+02 7.58e+02 7.52e+02 7.45e+02 7.38e+02 7.32e+02 7.25e+02 7.19e+02 7.12e+02 7.06e+02 7.00e+02 6.93e+02 6.87e+02 6.81e+02 6.75e+02 6.69e+02 6.63e+02 6.57e+02 6.51e+02 6.45e+02 6.39e+02 6.34e+02 6.28e+02 6.23e+02 6.17e+02 6.12e+02 6.06e+02 6.01e+02 5.95e+02 5.90e+02 5.85e+02 5.80e+02 5.75e+02 5.70e+02 5.65e+02 5.60e+02 5.55e+02 5.50e+02 5.45e+02 5.41e+02 5.36e+02 5.31e+02 5.27e+02 5.22e+02 5.18e+02 5.13e+02 5.09e+02 5.05e+02 5.00e+02 4.96e+02 4.92e+02 4.88e+02 4.84e+02 4.80e+02 4.76e+02 4.72e+02 4.68e+02 4.64e+02 4.60e+02 4.56e+02 4.52e+02 4.49e+02 4.45e+02 4.41e+02 4.38e+02 4.34e+02 4.31e+02 4.27e+02 4.24e+02 4.20e+02 4.17e+02 4.13e+02 4.10e+02 4.07e+02 4.04e+02 4.00e+02 3.97e+02 3.94e+02 3.91e+02 3.88e+02 3.85e+02 3.82e+02 3.79e+02 3.76e+02 3.73e+02 3.70e+02 3.67e+02 3.64e+02 3.62e+02 3.59e+02 3.56e+02 3.53e+02 3.51e+02 3.48e+02 3.45e+02 3.43e+02 3.40e+02 3.38e+02 3.35e+02 3.32e+02 3.30e+02 3.28e+02 3.25e+02 3.20e+02 3.11e+02 2.93e+02 2.62e+02 2.10e+02 1.39e+02 6.50e+01 2.55e+01 2.01e+01 2.00e+01 2.00e+01 2.00e+01 2.00e+01 
 1.82210507296151e-09   1.41e+03 1.41e+03 1.41e+03 1.41e+03 1.41e+03 1.41e+03 1.41e+03 1.41e+03 1.41e+03 1.41e+03 1.41e+03 1.41e+03 1.41e+03 1.41e+03 1.41e+03 1.41e+03 1.40e+03 1.40e+03 1.39e+03 1.38e+03 1.38e+03 1.37e+03 1.36e+03 1.35e+03 1.34e+03 1.34e+03 1.33e+03 1.32e+03 1.31e+03 1.30e+03 1.30e+03 1.29e+03 1.28e+03 1.27e+03 1.26e+03 1.25e+03 1.25e+03 1.24e+03 1.23e+03 1.22e+03 1.21e+03 1.21e+03 1.20e+03 1.19e+03 1.18e+03 1.17e+03 1.16e+03 1.16e+03 1.15e+03 1.14e+03 1.13e+03 1.12e+03 1.11e+03 1.11e+03 1.10e+03 1.09e+03 1.08e+03 1.07e+03 1.06e+03 1.06e+03 1.05e+03 1.04e+03 1.03e+03 1.02e+03 1.02e+03 1.01e+03 9.99e+02 9.91e+02 9.83e+02 9.75e+02 9.67e+02 9.59e+02 9.51e+02 9.43e+02 9.35e+02 9.27e+02 9.20e+02 9.12e+02 9.04e+02 8.96e+02 8.89e+02 8.81e+02 8.74e+02 8.66e+02 8.59e+02 8.51e+02 8.44e+02 8.36e+02 8.29e+02 8.22e+02 8.15e+02 8.07e+02 8.00e+02 7.93e+02 7.86e+02 7.79e+02 7.72e+02 7.66e+02 7.59e+02 7.52e+02 7.45e+02 7.39e+02 7.32e+02 7.26e+02 7.19e+02 7.13e+02 7.06e+02 7.00e+02 6.94e+02 6.88e+02 6.81e+02 6.75e+02 6.69e+02 6.63e+02 6.57e+02 6.52e+02 6.46e+02 6.40e+02 6.34e+02 6.29e+02 6.23e+02 6.18e+02 6.12e+02 6.07e+02 6.01e+02 5.96e+02 5.91e+02 5.86e+02 5.80e+02 5.75e+02 5.70e+02 5.65e+02 5.60e+02 5.56e+02 5.51e+02 5.46e+02 5.41e+02 5.37e+02 5.32e+02 5.27e+02 5.23e+02 5.18e+02 5.14e+02 5.10e+02 5.05e+02 5.01e+02 4.97e+02 4.93e+02 4.88e+02 4.84e+02 4.80e+02 4.76e+02 4.72e+02 4.68e+02 4.64e+02 4.61e+02 4.57e+02 4.53e+02 4.49e+02 4.46e+02 4.42e+02 4.38e+02 4.35e+02 4.31e+02 4.28e+02 4.24e+02 4.21e+02 4.17e+02 4.14e+02 4.11e+02 4.08e+02 4.04e+02 4.01e+02 3.98e+02 3.95e+02 3.92e+02 3.89e+02 3.86e+02 3.83e+02 3.80e+02 3.77e+02 3.74e+02 3.71e+02 3.68e+02 3.65e+02 3.62e+02 3.59e+02 3.57e+02 3.54e+02 3.51e+02 3.49e+02 3.46e+02 3.43e+02 3.41e+02 3.38e+02 3.36e+02 3.33e+02 3.31e+02 3.28e+02 3.26e+02 3.21e+02 3.12e+02 2.94e+02 2.62e+02 2.11e+02 1.39e+02 6.54e+01 2.56e+01 2.01e+01 2.00e+01 2.00e+01 2.00e+01 2.00e+01 
 1.83211646534865e-09   1.41e+03 1.41e+03 1.41e+03 1.41e+03 1.41e+03 1.41e+03 1.41e+03 1.41e+03 1.41e+03 1.41e+03 1.41e+03 1.41e+03 1.41e+03 1.41e+03 1.41e+03 1.41e+03 1.40e+03 1.40e+03 1.39e+03 1.38e+03 1.37e+03 1.37e+03 1.36e+03 1.35e+03 1.34e+03 1.34e+03 1.33e+03 1.32e+03 1.31e+03 1.30e+03 1.30e+03 1.29e+03 1.28e+03 1.27e+03 1.26e+03 1.25e+03 1.25e+03 1.24e+03 1.23e+03 1.22e+03 1.21e+03 1.20e+03 1.20e+03 1.19e+03 1.18e+03 1.17e+03 1.16e+03 1.15e+03 1.15e+03 1.14e+03 1.13e+03 1.12e+03 1.11e+03 1.11e+03 1.10e+03 1.09e+03 1.08e+03 1.07e+03 1.06e+03 1.06e+03 1.05e+03 1.04e+03 1.03e+03 1.02e+03 1.02e+03 1.01e+03 9.99e+02 9.91e+02 9.83e+02 9.75e+02 9.67e+02 9.59e+02 9.51e+02 9.43e+02 9.35e+02 9.27e+02 9.20e+02 9.12e+02 9.04e+02 8.97e+02 8.89e+02 8.81e+02 8.74e+02 8.66e+02 8.59e+02 8.51e+02 8.44e+02 8.37e+02 8.29e+02 8.22e+02 8.15e+02 8.08e+02 8.01e+02 7.94e+02 7.87e+02 7.80e+02 7.73e+02 7.66e+02 7.59e+02 7.52e+02 7.46e+02 7.39e+02 7.32e+02 7.26e+02 7.20e+02 7.13e+02 7.07e+02 7.00e+02 6.94e+02 6.88e+02 6.82e+02 6.76e+02 6.70e+02 6.64e+02 6.58e+02 6.52e+02 6.46e+02 6.41e+02 6.35e+02 6.29e+02 6.24e+02 6.18e+02 6.13e+02 6.07e+02 6.02e+02 5.97e+02 5.91e+02 5.86e+02 5.81e+02 5.76e+02 5.71e+02 5.66e+02 5.61e+02 5.56e+02 5.51e+02 5.47e+02 5.42e+02 5.37e+02 5.33e+02 5.28e+02 5.23e+02 5.19e+02 5.15e+02 5.10e+02 5.06e+02 5.02e+02 4.97e+02 4.93e+02 4.89e+02 4.85e+02 4.81e+02 4.77e+02 4.73e+02 4.69e+02 4.65e+02 4.61e+02 4.57e+02 4.54e+02 4.50e+02 4.46e+02 4.43e+02 4.39e+02 4.35e+02 4.32e+02 4.28e+02 4.25e+02 4.22e+02 4.18e+02 4.15e+02 4.11e+02 4.08e+02 4.05e+02 4.02e+02 3.99e+02 3.95e+02 3.92e+02 3.89e+02 3.86e+02 3.83e+02 3.80e+02 3.77e+02 3.74e+02 3.71e+02 3.69e+02 3.66e+02 3.63e+02 3.60e+02 3.57e+02 3.55e+02 3.52e+02 3.49e+02 3.47e+02 3.44e+02 3.41e+02 3.39e+02 3.36e+02 3.34e+02 3.31e+02 3.29e+02 3.26e+02 3.22e+02 3.12e+02 2.94e+02 2.63e+02 2.11e+02 1.40e+02 6.57e+01 2.56e+01 2.01e+01 2.00e+01 2.00e+01 2.00e+01 2.00e+01 
 1.84213086500452e-09   1.41e+03 1.41e+03 1.41e+03 1.41e+03 1.41e+03 1.41e+03 1.41e+03 1.41e+03 1.41e+03 1.41e+03 1.41e+03 1.41e+03 1.41e+03 1.41e+03 1.41e+03 1.41e+03 1.40e+03 1.40e+03 1.39e+03 1.38e+03 1.37e+03 1.37e+03 1.36e+03 1.35e+03 1.34e+03 1.33e+03 1.33e+03 1.32e+03 1.31e+03 1.30e+03 1.29e+03 1.29e+03 1.28e+03 1.27e+03 1.26e+03 1.25e+03 1.25e+03 1.24e+03 1.23e+03 1.22e+03 1.21e+03 1.20e+03 1.20e+03 1.19e+03 1.18e+03 1.17e+03 1.16e+03 1.15e+03 1.15e+03 1.14e+03 1.13e+03 1.12e+03 1.11e+03 1.10e+03 1.10e+03 1.09e+03 1.08e+03 1.07e+03 1.06e+03 1.06e+03 1.05e+03 1.04e+03 1.03e+03 1.02e+03 1.01e+03 1.01e+03 9.99e+02 9.91e+02 9.83e+02 9.75e+02 9.67e+02 9.59e+02 9.51e+02 9.43e+02 9.35e+02 9.27e+02 9.20e+02 9.12e+02 9.04e+02 8.97e+02 8.89e+02 8.81e+02 8.74e+02 8.66e+02 8.59e+02 8.52e+02 8.44e+02 8.37e+02 8.30e+02 8.22e+02 8.15e+02 8.08e+02 8.01e+02 7.94e+02 7.87e+02 7.80e+02 7.73e+02 7.66e+02 7.59e+02 7.53e+02 7.46e+02 7.39e+02 7.33e+02 7.26e+02 7.20e+02 7.14e+02 7.07e+02 7.01e+02 6.95e+02 6.88e+02 6.82e+02 6.76e+02 6.70e+02 6.64e+02 6.58e+02 6.53e+02 6.47e+02 6.41e+02 6.35e+02 6.30e+02 6.24e+02 6.19e+02 6.13e+02 6.08e+02 6.02e+02 5.97e+02 5.92e+02 5.87e+02 5.82e+02 5.77e+02 5.72e+02 5.67e+02 5.62e+02 5.57e+02 5.52e+02 5.47e+02 5.42e+02 5.38e+02 5.33e+02 5.29e+02 5.24e+02 5.20e+02 5.15e+02 5.11e+02 5.06e+02 5.02e+02 4.98e+02 4.94e+02 4.90e+02 4.86e+02 4.81e+02 4.77e+02 4.74e+02 4.70e+02 4.66e+02 4.62e+02 4.58e+02 4.54e+02 4.51e+02 4.47e+02 4.43e+02 4.40e+02 4.36e+02 4.33e+02 4.29e+02 4.26e+02 4.22e+02 4.19e+02 4.15e+02 4.12e+02 4.09e+02 4.06e+02 4.02e+02 3.99e+02 3.96e+02 3.93e+02 3.90e+02 3.87e+02 3.84e+02 3.81e+02 3.78e+02 3.75e+02 3.72e+02 3.69e+02 3.66e+02 3.64e+02 3.61e+02 3.58e+02 3.55e+02 3.53e+02 3.50e+02 3.47e+02 3.45e+02 3.42e+02 3.40e+02 3.37e+02 3.34e+02 3.32e+02 3.29e+02 3.27e+02 3.22e+02 3.13e+02 2.95e+02 2.63e+02 2.12e+02 1.40e+02 6.60e+01 2.57e+01 2.01e+01 2.00e+01 2.00e+01 2.00e+01 2.00e+01 
 1.85214825982373e-09   1.41e+03 1.41e+03 1.41e+03 1.41e+03 1.41e+03 1.41e+03 1.41e+03 1.41e+03 1.41e+03 1.41e+03 1.41e+03 1.41e+03 1.41e+03 1.41e+03 1.41e+03 1.41e+03 1.40e+03 1.40e+03 1.39e+03 1.38e+03 1.37e+03 1.36e+03 1.36e+03 1.35e+03 1.34e+03 1.33e+03 1.33e+03 1.32e+03 1.31e+03 1.30e+03 1.29e+03 1.29e+03 1.28e+03 1.27e+03 1.26e+03 1.25e+03 1.24e+03 1.24e+03 1.23e+03 1.22e+03 1.21e+03 1.20e+03 1.20e+03 1.19e+03 1.18e+03 1.17e+03 1.16e+03 1.15e+03 1.15e+03 1.14e+03 1.13e+03 1.12e+03 1.11e+03 1.10e+03 1.10e+03 1.09e+03 1.08e+03 1.07e+03 1.06e+03 1.06e+03 1.05e+03 1.04e+03 1.03e+03 1.02e+03 1.01e+03 1.01e+03 9.99e+02 9.91e+02 9.83e+02 9.75e+02 9.67e+02 9.59e+02 9.51e+02 9.43e+02 9.35e+02 9.28e+02 9.20e+02 9.12e+02 9.04e+02 8.97e+02 8.89e+02 8.82e+02 8.74e+02 8.67e+02 8.59e+02 8.52e+02 8.44e+02 8.37e+02 8.30e+02 8.23e+02 8.15e+02 8.08e+02 8.01e+02 7.94e+02 7.87e+02 7.80e+02 7.73e+02 7.67e+02 7.60e+02 7.53e+02 7.46e+02 7.40e+02 7.33e+02 7.27e+02 7.20e+02 7.14e+02 7.08e+02 7.01e+02 6.95e+02 6.89e+02 6.83e+02 6.77e+02 6.71e+02 6.65e+02 6.59e+02 6.53e+02 6.47e+02 6.42e+02 6.36e+02 6.30e+02 6.25e+02 6.19e+02 6.14e+02 6.08e+02 6.03e+02 5.98e+02 5.92e+02 5.87e+02 5.82e+02 5.77e+02 5.72e+02 5.67e+02 5.62e+02 5.57e+02 5.53e+02 5.48e+02 5.43e+02 5.38e+02 5.34e+02 5.29e+02 5.25e+02 5.20e+02 5.16e+02 5.11e+02 5.07e+02 5.03e+02 4.99e+02 4.94e+02 4.90e+02 4.86e+02 4.82e+02 4.78e+02 4.74e+02 4.70e+02 4.66e+02 4.62e+02 4.59e+02 4.55e+02 4.51e+02 4.48e+02 4.44e+02 4.40e+02 4.37e+02 4.33e+02 4.30e+02 4.26e+02 4.23e+02 4.19e+02 4.16e+02 4.13e+02 4.10e+02 4.06e+02 4.03e+02 4.00e+02 3.97e+02 3.94e+02 3.91e+02 3.88e+02 3.84e+02 3.82e+02 3.79e+02 3.76e+02 3.73e+02 3.70e+02 3.67e+02 3.64e+02 3.61e+02 3.59e+02 3.56e+02 3.53e+02 3.51e+02 3.48e+02 3.45e+02 3.43e+02 3.40e+02 3.38e+02 3.35e+02 3.33e+02 3.30e+02 3.28e+02 3.23e+02 3.13e+02 2.96e+02 2.64e+02 2.12e+02 1.41e+02 6.63e+01 2.58e+01 2.01e+01 2.00e+01 2.00e+01 2.00e+01 2.00e+01 
 1.86216863779644e-09   1.41e+03 1.41e+03 1.41e+03 1.41e+03 1.41e+03 1.41e+03 1.41e+03 1.41e+03 1.41e+03 1.41e+03 1.41e+03 1.41e+03 1.41e+03 1.41e+03 1.41e+03 1.41e+03 1.40e+03 1.40e+03 1.39e+03 1.38e+03 1.37e+03 1.36e+03 1.36e+03 1.35e+03 1.34e+03 1.33e+03 1.32e+03 1.32e+03 1.31e+03 1.30e+03 1.29e+03 1.28e+03 1.28e+03 1.27e+03 1.26e+03 1.25e+03 1.24e+03 1.24e+03 1.23e+03 1.22e+03 1.21e+03 1.20e+03 1.19e+03 1.19e+03 1.18e+03 1.17e+03 1.16e+03 1.15e+03 1.15e+03 1.14e+03 1.13e+03 1.12e+03 1.11e+03 1.10e+03 1.10e+03 1.09e+03 1.08e+03 1.07e+03 1.06e+03 1.06e+03 1.05e+03 1.04e+03 1.03e+03 1.02e+03 1.01e+03 1.01e+03 9.99e+02 9.91e+02 9.83e+02 9.75e+02 9.67e+02 9.59e+02 9.51e+02 9.43e+02 9.35e+02 9.28e+02 9.20e+02 9.12e+02 9.04e+02 8.97e+02 8.89e+02 8.82e+02 8.74e+02 8.67e+02 8.59e+02 8.52e+02 8.45e+02 8.37e+02 8.30e+02 8.23e+02 8.16e+02 8.09e+02 8.01e+02 7.94e+02 7.87e+02 7.81e+02 7.74e+02 7.67e+02 7.60e+02 7.53e+02 7.47e+02 7.40e+02 7.34e+02 7.27e+02 7.21e+02 7.14e+02 7.08e+02 7.02e+02 6.96e+02 6.89e+02 6.83e+02 6.77e+02 6.71e+02 6.65e+02 6.59e+02 6.54e+02 6.48e+02 6.42e+02 6.36e+02 6.31e+02 6.25e+02 6.20e+02 6.14e+02 6.09e+02 6.04e+02 5.98e+02 5.93e+02 5.88e+02 5.83e+02 5.78e+02 5.73e+02 5.68e+02 5.63e+02 5.58e+02 5.53e+02 5.48e+02 5.44e+02 5.39e+02 5.34e+02 5.30e+02 5.25e+02 5.21e+02 5.16e+02 5.12e+02 5.08e+02 5.03e+02 4.99e+02 4.95e+02 4.91e+02 4.87e+02 4.83e+02 4.79e+02 4.75e+02 4.71e+02 4.67e+02 4.63e+02 4.59e+02 4.56e+02 4.52e+02 4.48e+02 4.45e+02 4.41e+02 4.37e+02 4.34e+02 4.30e+02 4.27e+02 4.23e+02 4.20e+02 4.17e+02 4.13e+02 4.10e+02 4.07e+02 4.04e+02 4.01e+02 3.97e+02 3.94e+02 3.91e+02 3.88e+02 3.85e+02 3.82e+02 3.79e+02 3.76e+02 3.73e+02 3.71e+02 3.68e+02 3.65e+02 3.62e+02 3.59e+02 3.57e+02 3.54e+02 3.51e+02 3.49e+02 3.46e+02 3.43e+02 3.41e+02 3.38e+02 3.36e+02 3.33e+02 3.31e+02 3.28e+02 3.23e+02 3.14e+02 2.96e+02 2.65e+02 2.13e+02 1.41e+02 6.66e+01 2.58e+01 2.01e+01 2.00e+01 2.00e+01 2.00e+01 2.00e+01 
 1.87219198700712e-09   1.41e+03 1.41e+03 1.41e+03 1.41e+03 1.41e+03 1.41e+03 1.41e+03 1.41e+03 1.41e+03 1.41e+03 1.41e+03 1.41e+03 1.41e+03 1.41e+03 1.41e+03 1.41e+03 1.40e+03 1.40e+03 1.39e+03 1.38e+03 1.37e+03 1.36e+03 1.36e+03 1.35e+03 1.34e+03 1.33e+03 1.32e+03 1.32e+03 1.31e+03 1.30e+03 1.29e+03 1.28e+03 1.28e+03 1.27e+03 1.26e+03 1.25e+03 1.24e+03 1.24e+03 1.23e+03 1.22e+03 1.21e+03 1.20e+03 1.19e+03 1.19e+03 1.18e+03 1.17e+03 1.16e+03 1.15e+03 1.15e+03 1.14e+03 1.13e+03 1.12e+03 1.11e+03 1.10e+03 1.10e+03 1.09e+03 1.08e+03 1.07e+03 1.06e+03 1.05e+03 1.05e+03 1.04e+03 1.03e+03 1.02e+03 1.01e+03 1.01e+03 9.98e+02 9.91e+02 9.83e+02 9.75e+02 9.67e+02 9.59e+02 9.51e+02 9.43e+02 9.35e+02 9.28e+02 9.20e+02 9.12e+02 9.05e+02 8.97e+02 8.89e+02 8.82e+02 8.74e+02 8.67e+02 8.59e+02 8.52e+02 8.45e+02 8.37e+02 8.30e+02 8.23e+02 8.16e+02 8.09e+02 8.02e+02 7.95e+02 7.88e+02 7.81e+02 7.74e+02 7.67e+02 7.60e+02 7.54e+02 7.47e+02 7.41e+02 7.34e+02 7.28e+02 7.21e+02 7.15e+02 7.08e+02 7.02e+02 6.96e+02 6.90e+02 6.84e+02 6.78e+02 6.72e+02 6.66e+02 6.60e+02 6.54e+02 6.48e+02 6.43e+02 6.37e+02 6.31e+02 6.26e+02 6.20e+02 6.15e+02 6.09e+02 6.04e+02 5.99e+02 5.94e+02 5.88e+02 5.83e+02 5.78e+02 5.73e+02 5.68e+02 5.63e+02 5.59e+02 5.54e+02 5.49e+02 5.44e+02 5.40e+02 5.35e+02 5.30e+02 5.26e+02 5.21e+02 5.17e+02 5.13e+02 5.08e+02 5.04e+02 5.00e+02 4.96e+02 4.92e+02 4.87e+02 4.83e+02 4.79e+02 4.75e+02 4.72e+02 4.68e+02 4.64e+02 4.60e+02 4.56e+02 4.53e+02 4.49e+02 4.45e+02 4.42e+02 4.38e+02 4.34e+02 4.31e+02 4.28e+02 4.24e+02 4.21e+02 4.17e+02 4.14e+02 4.11e+02 4.08e+02 4.04e+02 4.01e+02 3.98e+02 3.95e+02 3.92e+02 3.89e+02 3.86e+02 3.83e+02 3.80e+02 3.77e+02 3.74e+02 3.71e+02 3.68e+02 3.66e+02 3.63e+02 3.60e+02 3.57e+02 3.55e+02 3.52e+02 3.49e+02 3.47e+02 3.44e+02 3.41e+02 3.39e+02 3.36e+02 3.34e+02 3.31e+02 3.29e+02 3.24e+02 3.15e+02 2.97e+02 2.65e+02 2.13e+02 1.42e+02 6.69e+01 2.59e+01 2.01e+01 2.00e+01 2.00e+01 2.00e+01 2.00e+01 
 1.88219371773916e-09   1.41e+03 1.41e+03 1.41e+03 1.41e+03 1.41e+03 1.41e+03 1.41e+03 1.41e+03 1.41e+03 1.41e+03 1.41e+03 1.41e+03 1.41e+03 1.41e+03 1.41e+03 1.41e+03 1.40e+03 1.40e+03 1.39e+03 1.38e+03 1.37e+03 1.36e+03 1.36e+03 1.35e+03 1.34e+03 1.33e+03 1.32e+03 1.32e+03 1.31e+03 1.30e+03 1.29e+03 1.28e+03 1.28e+03 1.27e+03 1.26e+03 1.25e+03 1.24e+03 1.23e+03 1.23e+03 1.22e+03 1.21e+03 1.20e+03 1.19e+03 1.19e+03 1.18e+03 1.17e+03 1.16e+03 1.15e+03 1.14e+03 1.14e+03 1.13e+03 1.12e+03 1.11e+03 1.10e+03 1.10e+03 1.09e+03 1.08e+03 1.07e+03 1.06e+03 1.05e+03 1.05e+03 1.04e+03 1.03e+03 1.02e+03 1.01e+03 1.01e+03 9.98e+02 9.90e+02 9.82e+02 9.75e+02 9.67e+02 9.59e+02 9.51e+02 9.43e+02 9.35e+02 9.28e+02 9.20e+02 9.12e+02 9.05e+02 8.97e+02 8.89e+02 8.82e+02 8.74e+02 8.67e+02 8.60e+02 8.52e+02 8.45e+02 8.38e+02 8.30e+02 8.23e+02 8.16e+02 8.09e+02 8.02e+02 7.95e+02 7.88e+02 7.81e+02 7.74e+02 7.68e+02 7.61e+02 7.54e+02 7.48e+02 7.41e+02 7.34e+02 7.28e+02 7.22e+02 7.15e+02 7.09e+02 7.03e+02 6.96e+02 6.90e+02 6.84e+02 6.78e+02 6.72e+02 6.66e+02 6.60e+02 6.55e+02 6.49e+02 6.43e+02 6.37e+02 6.32e+02 6.26e+02 6.21e+02 6.15e+02 6.10e+02 6.05e+02 5.99e+02 5.94e+02 5.89e+02 5.84e+02 5.79e+02 5.74e+02 5.69e+02 5.64e+02 5.59e+02 5.54e+02 5.50e+02 5.45e+02 5.40e+02 5.36e+02 5.31e+02 5.27e+02 5.22e+02 5.18e+02 5.13e+02 5.09e+02 5.05e+02 5.00e+02 4.96e+02 4.92e+02 4.88e+02 4.84e+02 4.80e+02 4.76e+02 4.72e+02 4.68e+02 4.64e+02 4.61e+02 4.57e+02 4.53e+02 4.49e+02 4.46e+02 4.42e+02 4.39e+02 4.35e+02 4.32e+02 4.28e+02 4.25e+02 4.21e+02 4.18e+02 4.15e+02 4.11e+02 4.08e+02 4.05e+02 4.02e+02 3.99e+02 3.96e+02 3.93e+02 3.89e+02 3.86e+02 3.83e+02 3.81e+02 3.78e+02 3.75e+02 3.72e+02 3.69e+02 3.66e+02 3.63e+02 3.61e+02 3.58e+02 3.55e+02 3.53e+02 3.50e+02 3.47e+02 3.45e+02 3.42e+02 3.40e+02 3.37e+02 3.35e+02 3.32e+02 3.30e+02 3.25e+02 3.15e+02 2.98e+02 2.66e+02 2.14e+02 1.42e+02 6.73e+01 2.60e+01 2.01e+01 2.00e+01 2.00e+01 2.00e+01 2.00e+01 
 1.89219838175277e-09   1.41e+03 1.41e+03 1.41e+03 1.41e+03 1.41e+03 1.41e+03 1.41e+03 1.41e+03 1.41e+03 1.41e+03 1.41e+03 1.41e+03 1.41e+03 1.41e+03 1.41e+03 1.41e+03 1.40e+03 1.40e+03 1.39e+03 1.38e+03 1.37e+03 1.36e+03 1.36e+03 1.35e+03 1.34e+03 1.33e+03 1.32e+03 1.32e+03 1.31e+03 1.30e+03 1.29e+03 1.28e+03 1.27e+03 1.27e+03 1.26e+03 1.25e+03 1.24e+03 1.23e+03 1.23e+03 1.22e+03 1.21e+03 1.20e+03 1.19e+03 1.19e+03 1.18e+03 1.17e+03 1.16e+03 1.15e+03 1.14e+03 1.14e+03 1.13e+03 1.12e+03 1.11e+03 1.10e+03 1.10e+03 1.09e+03 1.08e+03 1.07e+03 1.06e+03 1.05e+03 1.05e+03 1.04e+03 1.03e+03 1.02e+03 1.01e+03 1.01e+03 9.98e+02 9.90e+02 9.82e+02 9.75e+02 9.67e+02 9.59e+02 9.51e+02 9.43e+02 9.35e+02 9.28e+02 9.20e+02 9.12e+02 9.05e+02 8.97e+02 8.90e+02 8.82e+02 8.75e+02 8.67e+02 8.60e+02 8.52e+02 8.45e+02 8.38e+02 8.31e+02 8.23e+02 8.16e+02 8.09e+02 8.02e+02 7.95e+02 7.88e+02 7.81e+02 7.75e+02 7.68e+02 7.61e+02 7.54e+02 7.48e+02 7.41e+02 7.35e+02 7.28e+02 7.22e+02 7.16e+02 7.09e+02 7.03e+02 6.97e+02 6.91e+02 6.85e+02 6.79e+02 6.73e+02 6.67e+02 6.61e+02 6.55e+02 6.49e+02 6.44e+02 6.38e+02 6.32e+02 6.27e+02 6.21e+02 6.16e+02 6.11e+02 6.05e+02 6.00e+02 5.95e+02 5.90e+02 5.84e+02 5.79e+02 5.74e+02 5.69e+02 5.65e+02 5.60e+02 5.55e+02 5.50e+02 5.45e+02 5.41e+02 5.36e+02 5.32e+02 5.27e+02 5.23e+02 5.18e+02 5.14e+02 5.10e+02 5.05e+02 5.01e+02 4.97e+02 4.93e+02 4.89e+02 4.85e+02 4.81e+02 4.77e+02 4.73e+02 4.69e+02 4.65e+02 4.61e+02 4.58e+02 4.54e+02 4.50e+02 4.46e+02 4.43e+02 4.39e+02 4.36e+02 4.32e+02 4.29e+02 4.25e+02 4.22e+02 4.19e+02 4.15e+02 4.12e+02 4.09e+02 4.06e+02 4.02e+02 3.99e+02 3.96e+02 3.93e+02 3.90e+02 3.87e+02 3.84e+02 3.81e+02 3.78e+02 3.75e+02 3.72e+02 3.70e+02 3.67e+02 3.64e+02 3.61e+02 3.59e+02 3.56e+02 3.53e+02 3.51e+02 3.48e+02 3.45e+02 3.43e+02 3.40e+02 3.38e+02 3.35e+02 3.33e+02 3.30e+02 3.25e+02 3.16e+02 2.98e+02 2.66e+02 2.15e+02 1.43e+02 6.76e+01 2.61e+01 2.01e+01 2.00e+01 2.00e+01 2.00e+01 2.00e+01 
 1.90220596749300e-09   1.41e+03 1.41e+03 1.41e+03 1.41e+03 1.41e+03 1.41e+03 1.41e+03 1.41e+03 1.41e+03 1.41e+03 1.41e+03 1.41e+03 1.41e+03 1.41e+03 1.41e+03 1.41e+03 1.40e+03 1.40e+03 1.39e+03 1.38e+03 1.37e+03 1.36e+03 1.36e+03 1.35e+03 1.34e+03 1.33e+03 1.32e+03 1.31e+03 1.31e+03 1.30e+03 1.29e+03 1.28e+03 1.27e+03 1.27e+03 1.26e+03 1.25e+03 1.24e+03 1.23e+03 1.23e+03 1.22e+03 1.21e+03 1.20e+03 1.19e+03 1.18e+03 1.18e+03 1.17e+03 1.16e+03 1.15e+03 1.14e+03 1.14e+03 1.13e+03 1.12e+03 1.11e+03 1.10e+03 1.09e+03 1.09e+03 1.08e+03 1.07e+03 1.06e+03 1.05e+03 1.05e+03 1.04e+03 1.03e+03 1.02e+03 1.01e+03 1.01e+03 9.98e+02 9.90e+02 9.82e+02 9.74e+02 9.67e+02 9.59e+02 9.51e+02 9.43e+02 9.35e+02 9.28e+02 9.20e+02 9.12e+02 9.05e+02 8.97e+02 8.90e+02 8.82e+02 8.75e+02 8.67e+02 8.60e+02 8.53e+02 8.45e+02 8.38e+02 8.31e+02 8.24e+02 8.17e+02 8.10e+02 8.03e+02 7.96e+02 7.89e+02 7.82e+02 7.75e+02 7.68e+02 7.61e+02 7.55e+02 7.48e+02 7.42e+02 7.35e+02 7.29e+02 7.22e+02 7.16e+02 7.10e+02 7.03e+02 6.97e+02 6.91e+02 6.85e+02 6.79e+02 6.73e+02 6.67e+02 6.61e+02 6.55e+02 6.50e+02 6.44e+02 6.38e+02 6.33e+02 6.27e+02 6.22e+02 6.16e+02 6.11e+02 6.06e+02 6.00e+02 5.95e+02 5.90e+02 5.85e+02 5.80e+02 5.75e+02 5.70e+02 5.65e+02 5.60e+02 5.55e+02 5.51e+02 5.46e+02 5.41e+02 5.37e+02 5.32e+02 5.28e+02 5.23e+02 5.19e+02 5.15e+02 5.10e+02 5.06e+02 5.02e+02 4.98e+02 4.93e+02 4.89e+02 4.85e+02 4.81e+02 4.77e+02 4.73e+02 4.70e+02 4.66e+02 4.62e+02 4.58e+02 4.54e+02 4.51e+02 4.47e+02 4.44e+02 4.40e+02 4.36e+02 4.33e+02 4.29e+02 4.26e+02 4.23e+02 4.19e+02 4.16e+02 4.13e+02 4.10e+02 4.06e+02 4.03e+02 4.00e+02 3.97e+02 3.94e+02 3.91e+02 3.88e+02 3.85e+02 3.82e+02 3.79e+02 3.76e+02 3.73e+02 3.70e+02 3.67e+02 3.65e+02 3.62e+02 3.59e+02 3.56e+02 3.54e+02 3.51e+02 3.49e+02 3.46e+02 3.43e+02 3.41e+02 3.38e+02 3.36e+02 3.33e+02 3.31e+02 3.26e+02 3.17e+02 2.99e+02 2.67e+02 2.15e+02 1.43e+02 6.79e+01 2.61e+01 2.01e+01 2.00e+01 2.00e+01 2.00e+01 2.00e+01 
 1.91221646349346e-09   1.41e+03 1.41e+03 1.41e+03 1.41e+03 1.41e+03 1.41e+03 1.41e+03 1.41e+03 1.41e+03 1.41e+03 1.41e+03 1.41e+03 1.41e+03 1.41e+03 1.41e+03 1.40e+03 1.40e+03 1.39e+03 1.38e+03 1.38e+03 1.37e+03 1.36e+03 1.35e+03 1.35e+03 1.34e+03 1.33e+03 1.32e+03 1.31e+03 1.31e+03 1.30e+03 1.29e+03 1.28e+03 1.27e+03 1.27e+03 1.26e+03 1.25e+03 1.24e+03 1.23e+03 1.23e+03 1.22e+03 1.21e+03 1.20e+03 1.19e+03 1.18e+03 1.18e+03 1.17e+03 1.16e+03 1.15e+03 1.14e+03 1.14e+03 1.13e+03 1.12e+03 1.11e+03 1.10e+03 1.09e+03 1.09e+03 1.08e+03 1.07e+03 1.06e+03 1.05e+03 1.05e+03 1.04e+03 1.03e+03 1.02e+03 1.01e+03 1.01e+03 9.98e+02 9.90e+02 9.82e+02 9.74e+02 9.67e+02 9.59e+02 9.51e+02 9.43e+02 9.35e+02 9.28e+02 9.20e+02 9.12e+02 9.05e+02 8.97e+02 8.90e+02 8.82e+02 8.75e+02 8.67e+02 8.60e+02 8.53e+02 8.46e+02 8.38e+02 8.31e+02 8.24e+02 8.17e+02 8.10e+02 8.03e+02 7.96e+02 7.89e+02 7.82e+02 7.75e+02 7.69e+02 7.62e+02 7.55e+02 7.49e+02 7.42e+02 7.36e+02 7.29e+02 7.23e+02 7.16e+02 7.10e+02 7.04e+02 6.98e+02 6.92e+02 6.85e+02 6.79e+02 6.74e+02 6.68e+02 6.62e+02 6.56e+02 6.50e+02 6.45e+02 6.39e+02 6.33e+02 6.28e+02 6.22e+02 6.17e+02 6.12e+02 6.06e+02 6.01e+02 5.96e+02 5.91e+02 5.86e+02 5.81e+02 5.76e+02 5.71e+02 5.66e+02 5.61e+02 5.56e+02 5.51e+02 5.47e+02 5.42e+02 5.37e+02 5.33e+02 5.28e+02 5.24e+02 5.19e+02 5.15e+02 5.11e+02 5.07e+02 5.02e+02 4.98e+02 4.94e+02 4.90e+02 4.86e+02 4.82e+02 4.78e+02 4.74e+02 4.70e+02 4.66e+02 4.63e+02 4.59e+02 4.55e+02 4.51e+02 4.48e+02 4.44e+02 4.41e+02 4.37e+02 4.34e+02 4.30e+02 4.27e+02 4.23e+02 4.20e+02 4.17e+02 4.13e+02 4.10e+02 4.07e+02 4.04e+02 4.01e+02 3.98e+02 3.94e+02 3.91e+02 3.88e+02 3.85e+02 3.82e+02 3.80e+02 3.77e+02 3.74e+02 3.71e+02 3.68e+02 3.65e+02 3.63e+02 3.60e+02 3.57e+02 3.54e+02 3.52e+02 3.49e+02 3.47e+02 3.44e+02 3.41e+02 3.39e+02 3.36e+02 3.34e+02 3.32e+02 3.27e+02 3.17e+02 2.99e+02 2.68e+02 2.16e+02 1.44e+02 6.82e+01 2.62e+01 2.01e+01 2.00e+01 2.00e+01 2.00e+01 2.00e+01 
 1.92222985837522e-09   1.41e+03 1.41e+03 1.41e+03 1.41e+03 1.41e+03 1.41e+03 1.41e+03 1.41e+03 1.41e+03 1.41e+03 1.41e+03 1.41e+03 1.41e+03 1.41e+03 1.41e+03 1.40e+03 1.40e+03 1.39e+03 1.38e+03 1.37e+03 1.37e+03 1.36e+03 1.35e+03 1.34e+03 1.34e+03 1.33e+03 1.32e+03 1.31e+03 1.31e+03 1.30e+03 1.29e+03 1.28e+03 1.27e+03 1.27e+03 1.26e+03 1.25e+03 1.24e+03 1.23e+03 1.22e+03 1.22e+03 1.21e+03 1.20e+03 1.19e+03 1.18e+03 1.18e+03 1.17e+03 1.16e+03 1.15e+03 1.14e+03 1.14e+03 1.13e+03 1.12e+03 1.11e+03 1.10e+03 1.09e+03 1.09e+03 1.08e+03 1.07e+03 1.06e+03 1.05e+03 1.05e+03 1.04e+03 1.03e+03 1.02e+03 1.01e+03 1.01e+03 9.98e+02 9.90e+02 9.82e+02 9.74e+02 9.67e+02 9.59e+02 9.51e+02 9.43e+02 9.35e+02 9.28e+02 9.20e+02 9.13e+02 9.05e+02 8.97e+02 8.90e+02 8.82e+02 8.75e+02 8.68e+02 8.60e+02 8.53e+02 8.46e+02 8.38e+02 8.31e+02 8.24e+02 8.17e+02 8.10e+02 8.03e+02 7.96e+02 7.89e+02 7.82e+02 7.76e+02 7.69e+02 7.62e+02 7.56e+02 7.49e+02 7.42e+02 7.36e+02 7.29e+02 7.23e+02 7.17e+02 7.10e+02 7.04e+02 6.98e+02 6.92e+02 6.86e+02 6.80e+02 6.74e+02 6.68e+02 6.62e+02 6.56e+02 6.51e+02 6.45e+02 6.39e+02 6.34e+02 6.28e+02 6.23e+02 6.17e+02 6.12e+02 6.07e+02 6.02e+02 5.96e+02 5.91e+02 5.86e+02 5.81e+02 5.76e+02 5.71e+02 5.66e+02 5.61e+02 5.57e+02 5.52e+02 5.47e+02 5.43e+02 5.38e+02 5.33e+02 5.29e+02 5.25e+02 5.20e+02 5.16e+02 5.11e+02 5.07e+02 5.03e+02 4.99e+02 4.95e+02 4.91e+02 4.87e+02 4.83e+02 4.79e+02 4.75e+02 4.71e+02 4.67e+02 4.63e+02 4.59e+02 4.56e+02 4.52e+02 4.48e+02 4.45e+02 4.41e+02 4.38e+02 4.34e+02 4.31e+02 4.27e+02 4.24e+02 4.21e+02 4.17e+02 4.14e+02 4.11e+02 4.08e+02 4.04e+02 4.01e+02 3.98e+02 3.95e+02 3.92e+02 3.89e+02 3.86e+02 3.83e+02 3.80e+02 3.77e+02 3.74e+02 3.72e+02 3.69e+02 3.66e+02 3.63e+02 3.60e+02 3.58e+02 3.55e+02 3.52e+02 3.50e+02 3.47e+02 3.45e+02 3.42e+02 3.40e+02 3.37e+02 3.35e+02 3.32e+02 3.27e+02 3.18e+02 3.00e+02 2.68e+02 2.16e+02 1.44e+02 6.85e+01 2.63e+01 2.01e+01 2.00e+01 2.00e+01 2.00e+01 2.00e+01 
 1.93224614084555e-09   1.41e+03 1.41e+03 1.41e+03 1.41e+03 1.41e+03 1.41e+03 1.41e+03 1.41e+03 1.41e+03 1.41e+03 1.41e+03 1.41e+03 1.41e+03 1.41e+03 1.41e+03 1.40e+03 1.40e+03 1.39e+03 1.38e+03 1.37e+03 1.37e+03 1.36e+03 1.35e+03 1.34e+03 1.34e+03 1.33e+03 1.32e+03 1.31e+03 1.30e+03 1.30e+03 1.29e+03 1.28e+03 1.27e+03 1.26e+03 1.26e+03 1.25e+03 1.24e+03 1.23e+03 1.22e+03 1.22e+03 1.21e+03 1.20e+03 1.19e+03 1.18e+03 1.18e+03 1.17e+03 1.16e+03 1.15e+03 1.14e+03 1.13e+03 1.13e+03 1.12e+03 1.11e+03 1.10e+03 1.09e+03 1.09e+03 1.08e+03 1.07e+03 1.06e+03 1.05e+03 1.05e+03 1.04e+03 1.03e+03 1.02e+03 1.01e+03 1.01e+03 9.98e+02 9.90e+02 9.82e+02 9.74e+02 9.66e+02 9.59e+02 9.51e+02 9.43e+02 9.36e+02 9.28e+02 9.20e+02 9.13e+02 9.05e+02 8.98e+02 8.90e+02 8.83e+02 8.75e+02 8.68e+02 8.60e+02 8.53e+02 8.46e+02 8.39e+02 8.32e+02 8.24e+02 8.17e+02 8.10e+02 8.03e+02 7.96e+02 7.90e+02 7.83e+02 7.76e+02 7.69e+02 7.62e+02 7.56e+02 7.49e+02 7.43e+02 7.36e+02 7.30e+02 7.23e+02 7.17e+02 7.11e+02 7.05e+02 6.99e+02 6.92e+02 6.86e+02 6.80e+02 6.74e+02 6.69e+02 6.63e+02 6.57e+02 6.51e+02 6.46e+02 6.40e+02 6.34e+02 6.29e+02 6.23e+02 6.18e+02 6.13e+02 6.07e+02 6.02e+02 5.97e+02 5.92e+02 5.87e+02 5.82e+02 5.77e+02 5.72e+02 5.67e+02 5.62e+02 5.57e+02 5.52e+02 5.48e+02 5.43e+02 5.39e+02 5.34e+02 5.30e+02 5.25e+02 5.21e+02 5.16e+02 5.12e+02 5.08e+02 5.04e+02 4.99e+02 4.95e+02 4.91e+02 4.87e+02 4.83e+02 4.79e+02 4.75e+02 4.71e+02 4.68e+02 4.64e+02 4.60e+02 4.56e+02 4.53e+02 4.49e+02 4.45e+02 4.42e+02 4.38e+02 4.35e+02 4.31e+02 4.28e+02 4.25e+02 4.21e+02 4.18e+02 4.15e+02 4.11e+02 4.08e+02 4.05e+02 4.02e+02 3.99e+02 3.96e+02 3.93e+02 3.90e+02 3.87e+02 3.84e+02 3.81e+02 3.78e+02 3.75e+02 3.72e+02 3.69e+02 3.67e+02 3.64e+02 3.61e+02 3.58e+02 3.56e+02 3.53e+02 3.50e+02 3.48e+02 3.45e+02 3.43e+02 3.40e+02 3.38e+02 3.35e+02 3.33e+02 3.28e+02 3.19e+02 3.01e+02 2.69e+02 2.17e+02 1.45e+02 6.88e+01 2.63e+01 2.01e+01 2.00e+01 2.00e+01 2.00e+01 2.00e+01 
 1.94226529969688e-09   1.41e+03 1.41e+03 1.41e+03 1.41e+03 1.41e+03 1.41e+03 1.41e+03 1.41e+03 1.41e+03 1.41e+03 1.41e+03 1.41e+03 1.41e+03 1.41e+03 1.41e+03 1.40e+03 1.40e+03 1.39e+03 1.38e+03 1.37e+03 1.37e+03 1.36e+03 1.35e+03 1.34e+03 1.33e+03 1.33e+03 1.32e+03 1.31e+03 1.30e+03 1.30e+03 1.29e+03 1.28e+03 1.27e+03 1.26e+03 1.26e+03 1.25e+03 1.24e+03 1.23e+03 1.22e+03 1.22e+03 1.21e+03 1.20e+03 1.19e+03 1.18e+03 1.18e+03 1.17e+03 1.16e+03 1.15e+03 1.14e+03 1.13e+03 1.13e+03 1.12e+03 1.11e+03 1.10e+03 1.09e+03 1.09e+03 1.08e+03 1.07e+03 1.06e+03 1.05e+03 1.05e+03 1.04e+03 1.03e+03 1.02e+03 1.01e+03 1.01e+03 9.98e+02 9.90e+02 9.82e+02 9.74e+02 9.66e+02 9.59e+02 9.51e+02 9.43e+02 9.36e+02 9.28e+02 9.20e+02 9.13e+02 9.05e+02 8.98e+02 8.90e+02 8.83e+02 8.75e+02 8.68e+02 8.61e+02 8.53e+02 8.46e+02 8.39e+02 8.32e+02 8.25e+02 8.18e+02 8.11e+02 8.04e+02 7.97e+02 7.90e+02 7.83e+02 7.76e+02 7.69e+02 7.63e+02 7.56e+02 7.50e+02 7.43e+02 7.37e+02 7.30e+02 7.24e+02 7.18e+02 7.11e+02 7.05e+02 6.99e+02 6.93e+02 6.87e+02 6.81e+02 6.75e+02 6.69e+02 6.63e+02 6.57e+02 6.52e+02 6.46e+02 6.40e+02 6.35e+02 6.29e+02 6.24e+02 6.18e+02 6.13e+02 6.08e+02 6.03e+02 5.97e+02 5.92e+02 5.87e+02 5.82e+02 5.77e+02 5.72e+02 5.67e+02 5.63e+02 5.58e+02 5.53e+02 5.48e+02 5.44e+02 5.39e+02 5.35e+02 5.30e+02 5.26e+02 5.21e+02 5.17e+02 5.13e+02 5.08e+02 5.04e+02 5.00e+02 4.96e+02 4.92e+02 4.88e+02 4.84e+02 4.80e+02 4.76e+02 4.72e+02 4.68e+02 4.64e+02 4.61e+02 4.57e+02 4.53e+02 4.50e+02 4.46e+02 4.42e+02 4.39e+02 4.35e+02 4.32e+02 4.29e+02 4.25e+02 4.22e+02 4.19e+02 4.15e+02 4.12e+02 4.09e+02 4.06e+02 4.03e+02 3.99e+02 3.96e+02 3.93e+02 3.90e+02 3.87e+02 3.84e+02 3.81e+02 3.79e+02 3.76e+02 3.73e+02 3.70e+02 3.67e+02 3.64e+02 3.62e+02 3.59e+02 3.56e+02 3.54e+02 3.51e+02 3.48e+02 3.46e+02 3.43e+02 3.41e+02 3.38e+02 3.36e+02 3.33e+02 3.29e+02 3.19e+02 3.01e+02 2.69e+02 2.17e+02 1.45e+02 6.91e+01 2.64e+01 2.01e+01 2.00e+01 2.00e+01 2.00e+01 2.00e+01 
 1.95228732380559e-09   1.41e+03 1.41e+03 1.41e+03 1.41e+03 1.41e+03 1.41e+03 1.41e+03 1.41e+03 1.41e+03 1.41e+03 1.41e+03 1.41e+03 1.41e+03 1.41e+03 1.41e+03 1.40e+03 1.40e+03 1.39e+03 1.38e+03 1.37e+03 1.37e+03 1.36e+03 1.35e+03 1.34e+03 1.33e+03 1.33e+03 1.32e+03 1.31e+03 1.30e+03 1.29e+03 1.29e+03 1.28e+03 1.27e+03 1.26e+03 1.26e+03 1.25e+03 1.24e+03 1.23e+03 1.22e+03 1.22e+03 1.21e+03 1.20e+03 1.19e+03 1.18e+03 1.17e+03 1.17e+03 1.16e+03 1.15e+03 1.14e+03 1.13e+03 1.13e+03 1.12e+03 1.11e+03 1.10e+03 1.09e+03 1.09e+03 1.08e+03 1.07e+03 1.06e+03 1.05e+03 1.05e+03 1.04e+03 1.03e+03 1.02e+03 1.01e+03 1.01e+03 9.98e+02 9.90e+02 9.82e+02 9.74e+02 9.66e+02 9.59e+02 9.51e+02 9.43e+02 9.36e+02 9.28e+02 9.20e+02 9.13e+02 9.05e+02 8.98e+02 8.90e+02 8.83e+02 8.75e+02 8.68e+02 8.61e+02 8.54e+02 8.46e+02 8.39e+02 8.32e+02 8.25e+02 8.18e+02 8.11e+02 8.04e+02 7.97e+02 7.90e+02 7.83e+02 7.77e+02 7.70e+02 7.63e+02 7.57e+02 7.50e+02 7.43e+02 7.37e+02 7.31e+02 7.24e+02 7.18e+02 7.12e+02 7.06e+02 6.99e+02 6.93e+02 6.87e+02 6.81e+02 6.75e+02 6.69e+02 6.64e+02 6.58e+02 6.52e+02 6.47e+02 6.41e+02 6.35e+02 6.30e+02 6.24e+02 6.19e+02 6.14e+02 6.08e+02 6.03e+02 5.98e+02 5.93e+02 5.88e+02 5.83e+02 5.78e+02 5.73e+02 5.68e+02 5.63e+02 5.58e+02 5.54e+02 5.49e+02 5.44e+02 5.40e+02 5.35e+02 5.31e+02 5.26e+02 5.22e+02 5.18e+02 5.13e+02 5.09e+02 5.05e+02 5.01e+02 4.96e+02 4.92e+02 4.88e+02 4.84e+02 4.80e+02 4.77e+02 4.73e+02 4.69e+02 4.65e+02 4.61e+02 4.58e+02 4.54e+02 4.50e+02 4.47e+02 4.43e+02 4.40e+02 4.36e+02 4.33e+02 4.29e+02 4.26e+02 4.23e+02 4.19e+02 4.16e+02 4.13e+02 4.09e+02 4.06e+02 4.03e+02 4.00e+02 3.97e+02 3.94e+02 3.91e+02 3.88e+02 3.85e+02 3.82e+02 3.79e+02 3.76e+02 3.73e+02 3.71e+02 3.68e+02 3.65e+02 3.62e+02 3.60e+02 3.57e+02 3.54e+02 3.52e+02 3.49e+02 3.47e+02 3.44e+02 3.41e+02 3.39e+02 3.36e+02 3.34e+02 3.29e+02 3.20e+02 3.02e+02 2.70e+02 2.18e+02 1.46e+02 6.95e+01 2.65e+01 2.02e+01 2.00e+01 2.00e+01 2.00e+01 2.00e+01 
 1.96228756749153e-09   1.41e+03 1.41e+03 1.41e+03 1.41e+03 1.41e+03 1.41e+03 1.41e+03 1.41e+03 1.41e+03 1.41e+03 1.41e+03 1.41e+03 1.41e+03 1.41e+03 1.41e+03 1.40e+03 1.40e+03 1.39e+03 1.38e+03 1.37e+03 1.36e+03 1.36e+03 1.35e+03 1.34e+03 1.33e+03 1.33e+03 1.32e+03 1.31e+03 1.30e+03 1.29e+03 1.29e+03 1.28e+03 1.27e+03 1.26e+03 1.25e+03 1.25e+03 1.24e+03 1.23e+03 1.22e+03 1.21e+03 1.21e+03 1.20e+03 1.19e+03 1.18e+03 1.17e+03 1.17e+03 1.16e+03 1.15e+03 1.14e+03 1.13e+03 1.13e+03 1.12e+03 1.11e+03 1.10e+03 1.09e+03 1.09e+03 1.08e+03 1.07e+03 1.06e+03 1.05e+03 1.05e+03 1.04e+03 1.03e+03 1.02e+03 1.01e+03 1.01e+03 9.98e+02 9.90e+02 9.82e+02 9.74e+02 9.66e+02 9.59e+02 9.51e+02 9.43e+02 9.36e+02 9.28e+02 9.20e+02 9.13e+02 9.05e+02 8.98e+02 8.90e+02 8.83e+02 8.76e+02 8.68e+02 8.61e+02 8.54e+02 8.46e+02 8.39e+02 8.32e+02 8.25e+02 8.18e+02 8.11e+02 8.04e+02 7.97e+02 7.90e+02 7.84e+02 7.77e+02 7.70e+02 7.63e+02 7.57e+02 7.50e+02 7.44e+02 7.37e+02 7.31e+02 7.25e+02 7.18e+02 7.12e+02 7.06e+02 7.00e+02 6.94e+02 6.88e+02 6.82e+02 6.76e+02 6.70e+02 6.64e+02 6.58e+02 6.53e+02 6.47e+02 6.41e+02 6.36e+02 6.30e+02 6.25e+02 6.20e+02 6.14e+02 6.09e+02 6.04e+02 5.99e+02 5.93e+02 5.88e+02 5.83e+02 5.78e+02 5.73e+02 5.69e+02 5.64e+02 5.59e+02 5.54e+02 5.50e+02 5.45e+02 5.40e+02 5.36e+02 5.31e+02 5.27e+02 5.22e+02 5.18e+02 5.14e+02 5.10e+02 5.05e+02 5.01e+02 4.97e+02 4.93e+02 4.89e+02 4.85e+02 4.81e+02 4.77e+02 4.73e+02 4.69e+02 4.66e+02 4.62e+02 4.58e+02 4.55e+02 4.51e+02 4.47e+02 4.44e+02 4.40e+02 4.37e+02 4.33e+02 4.30e+02 4.27e+02 4.23e+02 4.20e+02 4.17e+02 4.13e+02 4.10e+02 4.07e+02 4.04e+02 4.01e+02 3.98e+02 3.95e+02 3.92e+02 3.89e+02 3.86e+02 3.83e+02 3.80e+02 3.77e+02 3.74e+02 3.71e+02 3.68e+02 3.66e+02 3.63e+02 3.60e+02 3.58e+02 3.55e+02 3.52e+02 3.50e+02 3.47e+02 3.45e+02 3.42e+02 3.40e+02 3.37e+02 3.35e+02 3.30e+02 3.20e+02 3.03e+02 2.71e+02 2.18e+02 1.46e+02 6.98e+01 2.66e+01 2.02e+01 2.00e+01 2.00e+01 2.00e+01 2.00e+01 
 1.97229064050748e-09   1.41e+03 1.41e+03 1.41e+03 1.41e+03 1.41e+03 1.41e+03 1.41e+03 1.41e+03 1.41e+03 1.41e+03 1.41e+03 1.41e+03 1.41e+03 1.41e+03 1.41e+03 1.40e+03 1.40e+03 1.39e+03 1.38e+03 1.37e+03 1.36e+03 1.36e+03 1.35e+03 1.34e+03 1.33e+03 1.33e+03 1.32e+03 1.31e+03 1.30e+03 1.29e+03 1.29e+03 1.28e+03 1.27e+03 1.26e+03 1.25e+03 1.25e+03 1.24e+03 1.23e+03 1.22e+03 1.21e+03 1.21e+03 1.20e+03 1.19e+03 1.18e+03 1.17e+03 1.17e+03 1.16e+03 1.15e+03 1.14e+03 1.13e+03 1.13e+03 1.12e+03 1.11e+03 1.10e+03 1.09e+03 1.09e+03 1.08e+03 1.07e+03 1.06e+03 1.05e+03 1.05e+03 1.04e+03 1.03e+03 1.02e+03 1.01e+03 1.01e+03 9.98e+02 9.90e+02 9.82e+02 9.74e+02 9.66e+02 9.59e+02 9.51e+02 9.43e+02 9.36e+02 9.28e+02 9.20e+02 9.13e+02 9.05e+02 8.98e+02 8.90e+02 8.83e+02 8.76e+02 8.68e+02 8.61e+02 8.54e+02 8.47e+02 8.40e+02 8.32e+02 8.25e+02 8.18e+02 8.11e+02 8.04e+02 7.97e+02 7.91e+02 7.84e+02 7.77e+02 7.70e+02 7.64e+02 7.57e+02 7.51e+02 7.44e+02 7.38e+02 7.31e+02 7.25e+02 7.19e+02 7.13e+02 7.06e+02 7.00e+02 6.94e+02 6.88e+02 6.82e+02 6.76e+02 6.70e+02 6.65e+02 6.59e+02 6.53e+02 6.47e+02 6.42e+02 6.36e+02 6.31e+02 6.25e+02 6.20e+02 6.15e+02 6.09e+02 6.04e+02 5.99e+02 5.94e+02 5.89e+02 5.84e+02 5.79e+02 5.74e+02 5.69e+02 5.64e+02 5.60e+02 5.55e+02 5.50e+02 5.45e+02 5.41e+02 5.36e+02 5.32e+02 5.27e+02 5.23e+02 5.19e+02 5.14e+02 5.10e+02 5.06e+02 5.02e+02 4.98e+02 4.94e+02 4.90e+02 4.86e+02 4.82e+02 4.78e+02 4.74e+02 4.70e+02 4.66e+02 4.63e+02 4.59e+02 4.55e+02 4.52e+02 4.48e+02 4.44e+02 4.41e+02 4.37e+02 4.34e+02 4.31e+02 4.27e+02 4.24e+02 4.20e+02 4.17e+02 4.14e+02 4.11e+02 4.08e+02 4.04e+02 4.01e+02 3.98e+02 3.95e+02 3.92e+02 3.89e+02 3.86e+02 3.83e+02 3.80e+02 3.78e+02 3.75e+02 3.72e+02 3.69e+02 3.66e+02 3.64e+02 3.61e+02 3.58e+02 3.56e+02 3.53e+02 3.50e+02 3.48e+02 3.45e+02 3.43e+02 3.40e+02 3.38e+02 3.35e+02 3.30e+02 3.21e+02 3.03e+02 2.71e+02 2.19e+02 1.47e+02 7.01e+01 2.66e+01 2.02e+01 2.00e+01 2.00e+01 2.00e+01 2.00e+01 
 1.98229653205527e-09   1.41e+03 1.41e+03 1.41e+03 1.41e+03 1.41e+03 1.41e+03 1.41e+03 1.41e+03 1.41e+03 1.41e+03 1.41e+03 1.41e+03 1.41e+03 1.41e+03 1.41e+03 1.40e+03 1.40e+03 1.39e+03 1.38e+03 1.37e+03 1.36e+03 1.36e+03 1.35e+03 1.34e+03 1.33e+03 1.32e+03 1.32e+03 1.31e+03 1.30e+03 1.29e+03 1.29e+03 1.28e+03 1.27e+03 1.26e+03 1.25e+03 1.25e+03 1.24e+03 1.23e+03 1.22e+03 1.21e+03 1.21e+03 1.20e+03 1.19e+03 1.18e+03 1.17e+03 1.17e+03 1.16e+03 1.15e+03 1.14e+03 1.13e+03 1.12e+03 1.12e+03 1.11e+03 1.10e+03 1.09e+03 1.08e+03 1.08e+03 1.07e+03 1.06e+03 1.05e+03 1.04e+03 1.04e+03 1.03e+03 1.02e+03 1.01e+03 1.01e+03 9.97e+02 9.90e+02 9.82e+02 9.74e+02 9.66e+02 9.59e+02 9.51e+02 9.43e+02 9.36e+02 9.28e+02 9.21e+02 9.13e+02 9.05e+02 8.98e+02 8.91e+02 8.83e+02 8.76e+02 8.69e+02 8.61e+02 8.54e+02 8.47e+02 8.40e+02 8.33e+02 8.26e+02 8.19e+02 8.12e+02 8.05e+02 7.98e+02 7.91e+02 7.84e+02 7.77e+02 7.71e+02 7.64e+02 7.58e+02 7.51e+02 7.45e+02 7.38e+02 7.32e+02 7.25e+02 7.19e+02 7.13e+02 7.07e+02 7.01e+02 6.95e+02 6.89e+02 6.83e+02 6.77e+02 6.71e+02 6.65e+02 6.59e+02 6.54e+02 6.48e+02 6.42e+02 6.37e+02 6.31e+02 6.26e+02 6.21e+02 6.15e+02 6.10e+02 6.05e+02 6.00e+02 5.94e+02 5.89e+02 5.84e+02 5.79e+02 5.75e+02 5.70e+02 5.65e+02 5.60e+02 5.55e+02 5.51e+02 5.46e+02 5.41e+02 5.37e+02 5.32e+02 5.28e+02 5.24e+02 5.19e+02 5.15e+02 5.11e+02 5.07e+02 5.02e+02 4.98e+02 4.94e+02 4.90e+02 4.86e+02 4.82e+02 4.78e+02 4.74e+02 4.71e+02 4.67e+02 4.63e+02 4.59e+02 4.56e+02 4.52e+02 4.49e+02 4.45e+02 4.41e+02 4.38e+02 4.35e+02 4.31e+02 4.28e+02 4.24e+02 4.21e+02 4.18e+02 4.15e+02 4.11e+02 4.08e+02 4.05e+02 4.02e+02 3.99e+02 3.96e+02 3.93e+02 3.90e+02 3.87e+02 3.84e+02 3.81e+02 3.78e+02 3.75e+02 3.73e+02 3.70e+02 3.67e+02 3.64e+02 3.62e+02 3.59e+02 3.56e+02 3.54e+02 3.51e+02 3.48e+02 3.46e+02 3.43e+02 3.41e+02 3.38e+02 3.36e+02 3.31e+02 3.22e+02 3.04e+02 2.72e+02 2.20e+02 1.47e+02 7.04e+01 2.67e+01 2.02e+01 2.00e+01 2.00e+01 2.00e+01 2.00e+01 
 1.99230523141587e-09   1.41e+03 1.41e+03 1.41e+03 1.41e+03 1.41e+03 1.41e+03 1.41e+03 1.41e+03 1.41e+03 1.41e+03 1.41e+03 1.41e+03 1.41e+03 1.41e+03 1.41e+03 1.40e+03 1.40e+03 1.39e+03 1.38e+03 1.37e+03 1.36e+03 1.36e+03 1.35e+03 1.34e+03 1.33e+03 1.32e+03 1.32e+03 1.31e+03 1.30e+03 1.29e+03 1.28e+03 1.28e+03 1.27e+03 1.26e+03 1.25e+03 1.25e+03 1.24e+03 1.23e+03 1.22e+03 1.21e+03 1.20e+03 1.20e+03 1.19e+03 1.18e+03 1.17e+03 1.16e+03 1.16e+03 1.15e+03 1.14e+03 1.13e+03 1.12e+03 1.12e+03 1.11e+03 1.10e+03 1.09e+03 1.08e+03 1.08e+03 1.07e+03 1.06e+03 1.05e+03 1.04e+03 1.04e+03 1.03e+03 1.02e+03 1.01e+03 1.01e+03 9.97e+02 9.90e+02 9.82e+02 9.74e+02 9.66e+02 9.59e+02 9.51e+02 9.43e+02 9.36e+02 9.28e+02 9.21e+02 9.13e+02 9.06e+02 8.98e+02 8.91e+02 8.83e+02 8.76e+02 8.69e+02 8.61e+02 8.54e+02 8.47e+02 8.40e+02 8.33e+02 8.26e+02 8.19e+02 8.12e+02 8.05e+02 7.98e+02 7.91e+02 7.84e+02 7.78e+02 7.71e+02 7.64e+02 7.58e+02 7.51e+02 7.45e+02 7.38e+02 7.32e+02 7.26e+02 7.20e+02 7.13e+02 7.07e+02 7.01e+02 6.95e+02 6.89e+02 6.83e+02 6.77e+02 6.71e+02 6.65e+02 6.60e+02 6.54e+02 6.48e+02 6.43e+02 6.37e+02 6.32e+02 6.26e+02 6.21e+02 6.16e+02 6.10e+02 6.05e+02 6.00e+02 5.95e+02 5.90e+02 5.85e+02 5.80e+02 5.75e+02 5.70e+02 5.65e+02 5.61e+02 5.56e+02 5.51e+02 5.47e+02 5.42e+02 5.38e+02 5.33e+02 5.29e+02 5.24e+02 5.20e+02 5.16e+02 5.11e+02 5.07e+02 5.03e+02 4.99e+02 4.95e+02 4.91e+02 4.87e+02 4.83e+02 4.79e+02 4.75e+02 4.71e+02 4.67e+02 4.64e+02 4.60e+02 4.56e+02 4.53e+02 4.49e+02 4.46e+02 4.42e+02 4.39e+02 4.35e+02 4.32e+02 4.28e+02 4.25e+02 4.22e+02 4.18e+02 4.15e+02 4.12e+02 4.09e+02 4.06e+02 4.03e+02 3.99e+02 3.96e+02 3.93e+02 3.90e+02 3.87e+02 3.85e+02 3.82e+02 3.79e+02 3.76e+02 3.73e+02 3.70e+02 3.68e+02 3.65e+02 3.62e+02 3.59e+02 3.57e+02 3.54e+02 3.52e+02 3.49e+02 3.46e+02 3.44e+02 3.41e+02 3.39e+02 3.36e+02 3.32e+02 3.22e+02 3.04e+02 2.72e+02 2.20e+02 1.48e+02 7.07e+01 2.68e+01 2.02e+01 2.00e+01 2.00e+01 2.00e+01 2.00e+01 
 2.00231672794838e-09   1.41e+03 1.41e+03 1.41e+03 1.41e+03 1.41e+03 1.41e+03 1.41e+03 1.41e+03 1.41e+03 1.41e+03 1.41e+03 1.41e+03 1.41e+03 1.41e+03 1.41e+03 1.40e+03 1.40e+03 1.39e+03 1.38e+03 1.37e+03 1.36e+03 1.36e+03 1.35e+03 1.34e+03 1.33e+03 1.32e+03 1.32e+03 1.31e+03 1.30e+03 1.29e+03 1.28e+03 1.28e+03 1.27e+03 1.26e+03 1.25e+03 1.24e+03 1.24e+03 1.23e+03 1.22e+03 1.21e+03 1.20e+03 1.20e+03 1.19e+03 1.18e+03 1.17e+03 1.16e+03 1.16e+03 1.15e+03 1.14e+03 1.13e+03 1.12e+03 1.12e+03 1.11e+03 1.10e+03 1.09e+03 1.08e+03 1.08e+03 1.07e+03 1.06e+03 1.05e+03 1.04e+03 1.04e+03 1.03e+03 1.02e+03 1.01e+03 1.01e+03 9.97e+02 9.90e+02 9.82e+02 9.74e+02 9.66e+02 9.59e+02 9.51e+02 9.43e+02 9.36e+02 9.28e+02 9.21e+02 9.13e+02 9.06e+02 8.98e+02 8.91e+02 8.83e+02 8.76e+02 8.69e+02 8.62e+02 8.54e+02 8.47e+02 8.40e+02 8.33e+02 8.26e+02 8.19e+02 8.12e+02 8.05e+02 7.98e+02 7.92e+02 7.85e+02 7.78e+02 7.71e+02 7.65e+02 7.58e+02 7.52e+02 7.45e+02 7.39e+02 7.32e+02 7.26e+02 7.20e+02 7.14e+02 7.08e+02 7.01e+02 6.95e+02 6.89e+02 6.83e+02 6.78e+02 6.72e+02 6.66e+02 6.60e+02 6.55e+02 6.49e+02 6.43e+02 6.38e+02 6.32e+02 6.27e+02 6.22e+02 6.16e+02 6.11e+02 6.06e+02 6.01e+02 5.96e+02 5.90e+02 5.85e+02 5.81e+02 5.76e+02 5.71e+02 5.66e+02 5.61e+02 5.56e+02 5.52e+02 5.47e+02 5.43e+02 5.38e+02 5.34e+02 5.29e+02 5.25e+02 5.21e+02 5.16e+02 5.12e+02 5.08e+02 5.04e+02 5.00e+02 4.95e+02 4.91e+02 4.87e+02 4.83e+02 4.80e+02 4.76e+02 4.72e+02 4.68e+02 4.64e+02 4.61e+02 4.57e+02 4.53e+02 4.50e+02 4.46e+02 4.43e+02 4.39e+02 4.36e+02 4.32e+02 4.29e+02 4.26e+02 4.22e+02 4.19e+02 4.16e+02 4.13e+02 4.09e+02 4.06e+02 4.03e+02 4.00e+02 3.97e+02 3.94e+02 3.91e+02 3.88e+02 3.85e+02 3.82e+02 3.79e+02 3.77e+02 3.74e+02 3.71e+02 3.68e+02 3.65e+02 3.63e+02 3.60e+02 3.57e+02 3.55e+02 3.52e+02 3.50e+02 3.47e+02 3.45e+02 3.42e+02 3.40e+02 3.37e+02 3.32e+02 3.23e+02 3.05e+02 2.73e+02 2.21e+02 1.48e+02 7.10e+01 2.69e+01 2.02e+01 2.00e+01 2.00e+01 2.00e+01 2.00e+01 
 2.01233101108911e-09   1.41e+03 1.41e+03 1.41e+03 1.41e+03 1.41e+03 1.41e+03 1.41e+03 1.41e+03 1.41e+03 1.41e+03 1.41e+03 1.41e+03 1.41e+03 1.41e+03 1.40e+03 1.40e+03 1.39e+03 1.38e+03 1.38e+03 1.37e+03 1.36e+03 1.35e+03 1.35e+03 1.34e+03 1.33e+03 1.32e+03 1.32e+03 1.31e+03 1.30e+03 1.29e+03 1.28e+03 1.28e+03 1.27e+03 1.26e+03 1.25e+03 1.24e+03 1.24e+03 1.23e+03 1.22e+03 1.21e+03 1.20e+03 1.20e+03 1.19e+03 1.18e+03 1.17e+03 1.16e+03 1.16e+03 1.15e+03 1.14e+03 1.13e+03 1.12e+03 1.12e+03 1.11e+03 1.10e+03 1.09e+03 1.08e+03 1.08e+03 1.07e+03 1.06e+03 1.05e+03 1.04e+03 1.04e+03 1.03e+03 1.02e+03 1.01e+03 1.01e+03 9.97e+02 9.89e+02 9.82e+02 9.74e+02 9.66e+02 9.59e+02 9.51e+02 9.43e+02 9.36e+02 9.28e+02 9.21e+02 9.13e+02 9.06e+02 8.98e+02 8.91e+02 8.84e+02 8.76e+02 8.69e+02 8.62e+02 8.55e+02 8.47e+02 8.40e+02 8.33e+02 8.26e+02 8.19e+02 8.12e+02 8.05e+02 7.99e+02 7.92e+02 7.85e+02 7.78e+02 7.72e+02 7.65e+02 7.59e+02 7.52e+02 7.46e+02 7.39e+02 7.33e+02 7.27e+02 7.20e+02 7.14e+02 7.08e+02 7.02e+02 6.96e+02 6.90e+02 6.84e+02 6.78e+02 6.72e+02 6.66e+02 6.61e+02 6.55e+02 6.49e+02 6.44e+02 6.38e+02 6.33e+02 6.27e+02 6.22e+02 6.17e+02 6.12e+02 6.06e+02 6.01e+02 5.96e+02 5.91e+02 5.86e+02 5.81e+02 5.76e+02 5.71e+02 5.67e+02 5.62e+02 5.57e+02 5.52e+02 5.48e+02 5.43e+02 5.39e+02 5.34e+02 5.30e+02 5.25e+02 5.21e+02 5.17e+02 5.13e+02 5.08e+02 5.04e+02 5.00e+02 4.96e+02 4.92e+02 4.88e+02 4.84e+02 4.80e+02 4.76e+02 4.73e+02 4.69e+02 4.65e+02 4.61e+02 4.58e+02 4.54e+02 4.50e+02 4.47e+02 4.43e+02 4.40e+02 4.36e+02 4.33e+02 4.30e+02 4.26e+02 4.23e+02 4.20e+02 4.16e+02 4.13e+02 4.10e+02 4.07e+02 4.04e+02 4.01e+02 3.98e+02 3.95e+02 3.92e+02 3.89e+02 3.86e+02 3.83e+02 3.80e+02 3.77e+02 3.74e+02 3.72e+02 3.69e+02 3.66e+02 3.63e+02 3.61e+02 3.58e+02 3.55e+02 3.53e+02 3.50e+02 3.48e+02 3.45e+02 3.43e+02 3.40e+02 3.38e+02 3.33e+02 3.23e+02 3.06e+02 2.73e+02 2.21e+02 1.48e+02 7.13e+01 2.70e+01 2.02e+01 2.00e+01 2.00e+01 2.00e+01 2.00e+01 
 2.02234807035060e-09   1.41e+03 1.41e+03 1.41e+03 1.41e+03 1.41e+03 1.41e+03 1.41e+03 1.41e+03 1.41e+03 1.41e+03 1.41e+03 1.41e+03 1.41e+03 1.41e+03 1.40e+03 1.40e+03 1.39e+03 1.38e+03 1.37e+03 1.37e+03 1.36e+03 1.35e+03 1.35e+03 1.34e+03 1.33e+03 1.32e+03 1.31e+03 1.31e+03 1.30e+03 1.29e+03 1.28e+03 1.28e+03 1.27e+03 1.26e+03 1.25e+03 1.24e+03 1.24e+03 1.23e+03 1.22e+03 1.21e+03 1.20e+03 1.20e+03 1.19e+03 1.18e+03 1.17e+03 1.16e+03 1.16e+03 1.15e+03 1.14e+03 1.13e+03 1.12e+03 1.12e+03 1.11e+03 1.10e+03 1.09e+03 1.08e+03 1.08e+03 1.07e+03 1.06e+03 1.05e+03 1.04e+03 1.04e+03 1.03e+03 1.02e+03 1.01e+03 1.00e+03 9.97e+02 9.89e+02 9.82e+02 9.74e+02 9.66e+02 9.59e+02 9.51e+02 9.43e+02 9.36e+02 9.28e+02 9.21e+02 9.13e+02 9.06e+02 8.98e+02 8.91e+02 8.84e+02 8.76e+02 8.69e+02 8.62e+02 8.55e+02 8.48e+02 8.41e+02 8.33e+02 8.26e+02 8.19e+02 8.13e+02 8.06e+02 7.99e+02 7.92e+02 7.85e+02 7.79e+02 7.72e+02 7.65e+02 7.59e+02 7.52e+02 7.46e+02 7.40e+02 7.33e+02 7.27e+02 7.21e+02 7.14e+02 7.08e+02 7.02e+02 6.96e+02 6.90e+02 6.84e+02 6.78e+02 6.73e+02 6.67e+02 6.61e+02 6.55e+02 6.50e+02 6.44e+02 6.39e+02 6.33e+02 6.28e+02 6.23e+02 6.17e+02 6.12e+02 6.07e+02 6.02e+02 5.97e+02 5.92e+02 5.87e+02 5.82e+02 5.77e+02 5.72e+02 5.67e+02 5.62e+02 5.58e+02 5.53e+02 5.48e+02 5.44e+02 5.39e+02 5.35e+02 5.30e+02 5.26e+02 5.22e+02 5.17e+02 5.13e+02 5.09e+02 5.05e+02 5.01e+02 4.97e+02 4.93e+02 4.89e+02 4.85e+02 4.81e+02 4.77e+02 4.73e+02 4.69e+02 4.66e+02 4.62e+02 4.58e+02 4.55e+02 4.51e+02 4.47e+02 4.44e+02 4.40e+02 4.37e+02 4.34e+02 4.30e+02 4.27e+02 4.24e+02 4.20e+02 4.17e+02 4.14e+02 4.11e+02 4.08e+02 4.04e+02 4.01e+02 3.98e+02 3.95e+02 3.92e+02 3.89e+02 3.86e+02 3.84e+02 3.81e+02 3.78e+02 3.75e+02 3.72e+02 3.69e+02 3.67e+02 3.64e+02 3.61e+02 3.59e+02 3.56e+02 3.53e+02 3.51e+02 3.48e+02 3.46e+02 3.43e+02 3.41e+02 3.38e+02 3.33e+02 3.24e+02 3.06e+02 2.74e+02 2.22e+02 1.49e+02 7.16e+01 2.70e+01 2.02e+01 2.00e+01 2.00e+01 2.00e+01 2.00e+01 
 2.03236789532061e-09   1.41e+03 1.41e+03 1.41e+03 1.41e+03 1.41e+03 1.41e+03 1.41e+03 1.41e+03 1.41e+03 1.41e+03 1.41e+03 1.41e+03 1.41e+03 1.41e+03 1.40e+03 1.40e+03 1.39e+03 1.38e+03 1.37e+03 1.37e+03 1.36e+03 1.35e+03 1.34e+03 1.34e+03 1.33e+03 1.32e+03 1.31e+03 1.31e+03 1.30e+03 1.29e+03 1.28e+03 1.27e+03 1.27e+03 1.26e+03 1.25e+03 1.24e+03 1.24e+03 1.23e+03 1.22e+03 1.21e+03 1.20e+03 1.20e+03 1.19e+03 1.18e+03 1.17e+03 1.16e+03 1.16e+03 1.15e+03 1.14e+03 1.13e+03 1.12e+03 1.12e+03 1.11e+03 1.10e+03 1.09e+03 1.08e+03 1.08e+03 1.07e+03 1.06e+03 1.05e+03 1.04e+03 1.04e+03 1.03e+03 1.02e+03 1.01e+03 1.00e+03 9.97e+02 9.89e+02 9.82e+02 9.74e+02 9.66e+02 9.59e+02 9.51e+02 9.43e+02 9.36e+02 9.28e+02 9.21e+02 9.13e+02 9.06e+02 8.98e+02 8.91e+02 8.84e+02 8.77e+02 8.69e+02 8.62e+02 8.55e+02 8.48e+02 8.41e+02 8.34e+02 8.27e+02 8.20e+02 8.13e+02 8.06e+02 7.99e+02 7.92e+02 7.86e+02 7.79e+02 7.72e+02 7.66e+02 7.59e+02 7.53e+02 7.46e+02 7.40e+02 7.34e+02 7.27e+02 7.21e+02 7.15e+02 7.09e+02 7.03e+02 6.97e+02 6.91e+02 6.85e+02 6.79e+02 6.73e+02 6.67e+02 6.62e+02 6.56e+02 6.50e+02 6.45e+02 6.39e+02 6.34e+02 6.28e+02 6.23e+02 6.18e+02 6.13e+02 6.07e+02 6.02e+02 5.97e+02 5.92e+02 5.87e+02 5.82e+02 5.77e+02 5.72e+02 5.68e+02 5.63e+02 5.58e+02 5.54e+02 5.49e+02 5.44e+02 5.40e+02 5.35e+02 5.31e+02 5.27e+02 5.22e+02 5.18e+02 5.14e+02 5.10e+02 5.05e+02 5.01e+02 4.97e+02 4.93e+02 4.89e+02 4.85e+02 4.81e+02 4.78e+02 4.74e+02 4.70e+02 4.66e+02 4.62e+02 4.59e+02 4.55e+02 4.52e+02 4.48e+02 4.45e+02 4.41e+02 4.38e+02 4.34e+02 4.31e+02 4.27e+02 4.24e+02 4.21e+02 4.18e+02 4.14e+02 4.11e+02 4.08e+02 4.05e+02 4.02e+02 3.99e+02 3.96e+02 3.93e+02 3.90e+02 3.87e+02 3.84e+02 3.81e+02 3.78e+02 3.76e+02 3.73e+02 3.70e+02 3.67e+02 3.65e+02 3.62e+02 3.59e+02 3.57e+02 3.54e+02 3.51e+02 3.49e+02 3.46e+02 3.44e+02 3.41e+02 3.39e+02 3.34e+02 3.25e+02 3.07e+02 2.75e+02 2.22e+02 1.49e+02 7.19e+01 2.71e+01 2.02e+01 2.00e+01 2.00e+01 2.00e+01 2.00e+01 
 2.04239047566129e-09   1.41e+03 1.41e+03 1.41e+03 1.41e+03 1.41e+03 1.41e+03 1.41e+03 1.41e+03 1.41e+03 1.41e+03 1.41e+03 1.41e+03 1.41e+03 1.41e+03 1.40e+03 1.40e+03 1.39e+03 1.38e+03 1.37e+03 1.37e+03 1.36e+03 1.35e+03 1.34e+03 1.34e+03 1.33e+03 1.32e+03 1.31e+03 1.31e+03 1.30e+03 1.29e+03 1.28e+03 1.27e+03 1.27e+03 1.26e+03 1.25e+03 1.24e+03 1.23e+03 1.23e+03 1.22e+03 1.21e+03 1.20e+03 1.19e+03 1.19e+03 1.18e+03 1.17e+03 1.16e+03 1.15e+03 1.15e+03 1.14e+03 1.13e+03 1.12e+03 1.12e+03 1.11e+03 1.10e+03 1.09e+03 1.08e+03 1.08e+03 1.07e+03 1.06e+03 1.05e+03 1.04e+03 1.04e+03 1.03e+03 1.02e+03 1.01e+03 1.00e+03 9.97e+02 9.89e+02 9.82e+02 9.74e+02 9.66e+02 9.59e+02 9.51e+02 9.43e+02 9.36e+02 9.28e+02 9.21e+02 9.13e+02 9.06e+02 8.99e+02 8.91e+02 8.84e+02 8.77e+02 8.69e+02 8.62e+02 8.55e+02 8.48e+02 8.41e+02 8.34e+02 8.27e+02 8.20e+02 8.13e+02 8.06e+02 7.99e+02 7.93e+02 7.86e+02 7.79e+02 7.73e+02 7.66e+02 7.60e+02 7.53e+02 7.47e+02 7.40e+02 7.34e+02 7.28e+02 7.21e+02 7.15e+02 7.09e+02 7.03e+02 6.97e+02 6.91e+02 6.85e+02 6.79e+02 6.74e+02 6.68e+02 6.62e+02 6.56e+02 6.51e+02 6.45e+02 6.40e+02 6.34e+02 6.29e+02 6.24e+02 6.18e+02 6.13e+02 6.08e+02 6.03e+02 5.98e+02 5.93e+02 5.88e+02 5.83e+02 5.78e+02 5.73e+02 5.68e+02 5.63e+02 5.59e+02 5.54e+02 5.49e+02 5.45e+02 5.40e+02 5.36e+02 5.32e+02 5.27e+02 5.23e+02 5.19e+02 5.14e+02 5.10e+02 5.06e+02 5.02e+02 4.98e+02 4.94e+02 4.90e+02 4.86e+02 4.82e+02 4.78e+02 4.74e+02 4.71e+02 4.67e+02 4.63e+02 4.59e+02 4.56e+02 4.52e+02 4.49e+02 4.45e+02 4.42e+02 4.38e+02 4.35e+02 4.31e+02 4.28e+02 4.25e+02 4.22e+02 4.18e+02 4.15e+02 4.12e+02 4.09e+02 4.06e+02 4.03e+02 4.00e+02 3.97e+02 3.94e+02 3.91e+02 3.88e+02 3.85e+02 3.82e+02 3.79e+02 3.76e+02 3.73e+02 3.71e+02 3.68e+02 3.65e+02 3.63e+02 3.60e+02 3.57e+02 3.55e+02 3.52e+02 3.49e+02 3.47e+02 3.44e+02 3.42e+02 3.39e+02 3.35e+02 3.25e+02 3.07e+02 2.75e+02 2.23e+02 1.50e+02 7.22e+01 2.72e+01 2.02e+01 2.00e+01 2.00e+01 2.00e+01 2.00e+01 
 2.05239110482434e-09   1.41e+03 1.41e+03 1.41e+03 1.41e+03 1.41e+03 1.41e+03 1.41e+03 1.41e+03 1.41e+03 1.41e+03 1.41e+03 1.41e+03 1.41e+03 1.41e+03 1.40e+03 1.40e+03 1.39e+03 1.38e+03 1.37e+03 1.37e+03 1.36e+03 1.35e+03 1.34e+03 1.34e+03 1.33e+03 1.32e+03 1.31e+03 1.30e+03 1.30e+03 1.29e+03 1.28e+03 1.27e+03 1.27e+03 1.26e+03 1.25e+03 1.24e+03 1.23e+03 1.23e+03 1.22e+03 1.21e+03 1.20e+03 1.19e+03 1.19e+03 1.18e+03 1.17e+03 1.16e+03 1.15e+03 1.15e+03 1.14e+03 1.13e+03 1.12e+03 1.11e+03 1.11e+03 1.10e+03 1.09e+03 1.08e+03 1.08e+03 1.07e+03 1.06e+03 1.05e+03 1.04e+03 1.04e+03 1.03e+03 1.02e+03 1.01e+03 1.00e+03 9.97e+02 9.89e+02 9.81e+02 9.74e+02 9.66e+02 9.59e+02 9.51e+02 9.43e+02 9.36e+02 9.28e+02 9.21e+02 9.13e+02 9.06e+02 8.99e+02 8.91e+02 8.84e+02 8.77e+02 8.70e+02 8.62e+02 8.55e+02 8.48e+02 8.41e+02 8.34e+02 8.27e+02 8.20e+02 8.13e+02 8.06e+02 8.00e+02 7.93e+02 7.86e+02 7.80e+02 7.73e+02 7.66e+02 7.60e+02 7.53e+02 7.47e+02 7.41e+02 7.34e+02 7.28e+02 7.22e+02 7.16e+02 7.10e+02 7.03e+02 6.97e+02 6.92e+02 6.86e+02 6.80e+02 6.74e+02 6.68e+02 6.63e+02 6.57e+02 6.51e+02 6.46e+02 6.40e+02 6.35e+02 6.29e+02 6.24e+02 6.19e+02 6.14e+02 6.08e+02 6.03e+02 5.98e+02 5.93e+02 5.88e+02 5.83e+02 5.78e+02 5.73e+02 5.69e+02 5.64e+02 5.59e+02 5.55e+02 5.50e+02 5.45e+02 5.41e+02 5.37e+02 5.32e+02 5.28e+02 5.23e+02 5.19e+02 5.15e+02 5.11e+02 5.07e+02 5.02e+02 4.98e+02 4.94e+02 4.90e+02 4.86e+02 4.83e+02 4.79e+02 4.75e+02 4.71e+02 4.67e+02 4.64e+02 4.60e+02 4.56e+02 4.53e+02 4.49e+02 4.46e+02 4.42e+02 4.39e+02 4.35e+02 4.32e+02 4.29e+02 4.25e+02 4.22e+02 4.19e+02 4.16e+02 4.13e+02 4.09e+02 4.06e+02 4.03e+02 4.00e+02 3.97e+02 3.94e+02 3.91e+02 3.88e+02 3.85e+02 3.82e+02 3.80e+02 3.77e+02 3.74e+02 3.71e+02 3.69e+02 3.66e+02 3.63e+02 3.60e+02 3.58e+02 3.55e+02 3.53e+02 3.50e+02 3.48e+02 3.45e+02 3.43e+02 3.40e+02 3.35e+02 3.26e+02 3.08e+02 2.76e+02 2.23e+02 1.50e+02 7.25e+01 2.73e+01 2.02e+01 2.00e+01 2.00e+01 2.00e+01 2.00e+01 
 2.06239445547065e-09   1.41e+03 1.41e+03 1.41e+03 1.41e+03 1.41e+03 1.41e+03 1.41e+03 1.41e+03 1.41e+03 1.41e+03 1.41e+03 1.41e+03 1.41e+03 1.41e+03 1.40e+03 1.40e+03 1.39e+03 1.38e+03 1.37e+03 1.37e+03 1.36e+03 1.35e+03 1.34e+03 1.33e+03 1.33e+03 1.32e+03 1.31e+03 1.30e+03 1.30e+03 1.29e+03 1.28e+03 1.27e+03 1.26e+03 1.26e+03 1.25e+03 1.24e+03 1.23e+03 1.23e+03 1.22e+03 1.21e+03 1.20e+03 1.19e+03 1.19e+03 1.18e+03 1.17e+03 1.16e+03 1.15e+03 1.15e+03 1.14e+03 1.13e+03 1.12e+03 1.11e+03 1.11e+03 1.10e+03 1.09e+03 1.08e+03 1.07e+03 1.07e+03 1.06e+03 1.05e+03 1.04e+03 1.04e+03 1.03e+03 1.02e+03 1.01e+03 1.00e+03 9.97e+02 9.89e+02 9.81e+02 9.74e+02 9.66e+02 9.59e+02 9.51e+02 9.43e+02 9.36e+02 9.28e+02 9.21e+02 9.14e+02 9.06e+02 8.99e+02 8.91e+02 8.84e+02 8.77e+02 8.70e+02 8.63e+02 8.55e+02 8.48e+02 8.41e+02 8.34e+02 8.27e+02 8.20e+02 8.14e+02 8.07e+02 8.00e+02 7.93e+02 7.86e+02 7.80e+02 7.73e+02 7.67e+02 7.60e+02 7.54e+02 7.47e+02 7.41e+02 7.35e+02 7.28e+02 7.22e+02 7.16e+02 7.10e+02 7.04e+02 6.98e+02 6.92e+02 6.86e+02 6.80e+02 6.74e+02 6.69e+02 6.63e+02 6.57e+02 6.52e+02 6.46e+02 6.41e+02 6.35e+02 6.30e+02 6.25e+02 6.19e+02 6.14e+02 6.09e+02 6.04e+02 5.99e+02 5.94e+02 5.89e+02 5.84e+02 5.79e+02 5.74e+02 5.69e+02 5.65e+02 5.60e+02 5.55e+02 5.51e+02 5.46e+02 5.42e+02 5.37e+02 5.33e+02 5.28e+02 5.24e+02 5.20e+02 5.15e+02 5.11e+02 5.07e+02 5.03e+02 4.99e+02 4.95e+02 4.91e+02 4.87e+02 4.83e+02 4.79e+02 4.76e+02 4.72e+02 4.68e+02 4.64e+02 4.61e+02 4.57e+02 4.53e+02 4.50e+02 4.46e+02 4.43e+02 4.39e+02 4.36e+02 4.33e+02 4.29e+02 4.26e+02 4.23e+02 4.20e+02 4.16e+02 4.13e+02 4.10e+02 4.07e+02 4.04e+02 4.01e+02 3.98e+02 3.95e+02 3.92e+02 3.89e+02 3.86e+02 3.83e+02 3.80e+02 3.77e+02 3.75e+02 3.72e+02 3.69e+02 3.66e+02 3.64e+02 3.61e+02 3.58e+02 3.56e+02 3.53e+02 3.51e+02 3.48e+02 3.46e+02 3.43e+02 3.41e+02 3.36e+02 3.26e+02 3.09e+02 2.76e+02 2.24e+02 1.51e+02 7.29e+01 2.73e+01 2.02e+01 2.00e+01 2.00e+01 2.00e+01 2.00e+01 
 2.07240051755431e-09   1.41e+03 1.41e+03 1.41e+03 1.41e+03 1.41e+03 1.41e+03 1.41e+03 1.41e+03 1.41e+03 1.41e+03 1.41e+03 1.41e+03 1.41e+03 1.41e+03 1.40e+03 1.40e+03 1.39e+03 1.38e+03 1.37e+03 1.37e+03 1.36e+03 1.35e+03 1.34e+03 1.33e+03 1.33e+03 1.32e+03 1.31e+03 1.30e+03 1.30e+03 1.29e+03 1.28e+03 1.27e+03 1.26e+03 1.26e+03 1.25e+03 1.24e+03 1.23e+03 1.23e+03 1.22e+03 1.21e+03 1.20e+03 1.19e+03 1.19e+03 1.18e+03 1.17e+03 1.16e+03 1.15e+03 1.15e+03 1.14e+03 1.13e+03 1.12e+03 1.11e+03 1.11e+03 1.10e+03 1.09e+03 1.08e+03 1.07e+03 1.07e+03 1.06e+03 1.05e+03 1.04e+03 1.04e+03 1.03e+03 1.02e+03 1.01e+03 1.00e+03 9.97e+02 9.89e+02 9.81e+02 9.74e+02 9.66e+02 9.59e+02 9.51e+02 9.43e+02 9.36e+02 9.28e+02 9.21e+02 9.14e+02 9.06e+02 8.99e+02 8.92e+02 8.84e+02 8.77e+02 8.70e+02 8.63e+02 8.56e+02 8.49e+02 8.41e+02 8.34e+02 8.28e+02 8.21e+02 8.14e+02 8.07e+02 8.00e+02 7.93e+02 7.87e+02 7.80e+02 7.74e+02 7.67e+02 7.60e+02 7.54e+02 7.48e+02 7.41e+02 7.35e+02 7.29e+02 7.23e+02 7.16e+02 7.10e+02 7.04e+02 6.98e+02 6.92e+02 6.86e+02 6.81e+02 6.75e+02 6.69e+02 6.63e+02 6.58e+02 6.52e+02 6.47e+02 6.41e+02 6.36e+02 6.30e+02 6.25e+02 6.20e+02 6.15e+02 6.09e+02 6.04e+02 5.99e+02 5.94e+02 5.89e+02 5.84e+02 5.79e+02 5.75e+02 5.70e+02 5.65e+02 5.60e+02 5.56e+02 5.51e+02 5.47e+02 5.42e+02 5.38e+02 5.33e+02 5.29e+02 5.25e+02 5.20e+02 5.16e+02 5.12e+02 5.08e+02 5.04e+02 5.00e+02 4.96e+02 4.92e+02 4.88e+02 4.84e+02 4.80e+02 4.76e+02 4.72e+02 4.69e+02 4.65e+02 4.61e+02 4.58e+02 4.54e+02 4.50e+02 4.47e+02 4.43e+02 4.40e+02 4.37e+02 4.33e+02 4.30e+02 4.27e+02 4.23e+02 4.20e+02 4.17e+02 4.14e+02 4.11e+02 4.07e+02 4.04e+02 4.01e+02 3.98e+02 3.95e+02 3.92e+02 3.89e+02 3.87e+02 3.84e+02 3.81e+02 3.78e+02 3.75e+02 3.72e+02 3.70e+02 3.67e+02 3.64e+02 3.62e+02 3.59e+02 3.56e+02 3.54e+02 3.51e+02 3.49e+02 3.46e+02 3.44e+02 3.41e+02 3.36e+02 3.27e+02 3.09e+02 2.77e+02 2.24e+02 1.51e+02 7.32e+01 2.74e+01 2.02e+01 2.00e+01 2.00e+01 2.00e+01 2.00e+01 
 2.08240928109964e-09   1.41e+03 1.41e+03 1.41e+03 1.41e+03 1.41e+03 1.41e+03 1.41e+03 1.41e+03 1.41e+03 1.41e+03 1.41e+03 1.41e+03 1.41e+03 1.41e+03 1.40e+03 1.40e+03 1.39e+03 1.38e+03 1.37e+03 1.37e+03 1.36e+03 1.35e+03 1.34e+03 1.33e+03 1.33e+03 1.32e+03 1.31e+03 1.30e+03 1.30e+03 1.29e+03 1.28e+03 1.27e+03 1.26e+03 1.26e+03 1.25e+03 1.24e+03 1.23e+03 1.22e+03 1.22e+03 1.21e+03 1.20e+03 1.19e+03 1.19e+03 1.18e+03 1.17e+03 1.16e+03 1.15e+03 1.15e+03 1.14e+03 1.13e+03 1.12e+03 1.11e+03 1.11e+03 1.10e+03 1.09e+03 1.08e+03 1.07e+03 1.07e+03 1.06e+03 1.05e+03 1.04e+03 1.04e+03 1.03e+03 1.02e+03 1.01e+03 1.00e+03 9.97e+02 9.89e+02 9.81e+02 9.74e+02 9.66e+02 9.59e+02 9.51e+02 9.43e+02 9.36e+02 9.29e+02 9.21e+02 9.14e+02 9.06e+02 8.99e+02 8.92e+02 8.84e+02 8.77e+02 8.70e+02 8.63e+02 8.56e+02 8.49e+02 8.42e+02 8.35e+02 8.28e+02 8.21e+02 8.14e+02 8.07e+02 8.00e+02 7.94e+02 7.87e+02 7.80e+02 7.74e+02 7.67e+02 7.61e+02 7.54e+02 7.48e+02 7.42e+02 7.35e+02 7.29e+02 7.23e+02 7.17e+02 7.11e+02 7.05e+02 6.99e+02 6.93e+02 6.87e+02 6.81e+02 6.75e+02 6.70e+02 6.64e+02 6.58e+02 6.53e+02 6.47e+02 6.42e+02 6.36e+02 6.31e+02 6.26e+02 6.20e+02 6.15e+02 6.10e+02 6.05e+02 6.00e+02 5.95e+02 5.90e+02 5.85e+02 5.80e+02 5.75e+02 5.70e+02 5.66e+02 5.61e+02 5.56e+02 5.52e+02 5.47e+02 5.43e+02 5.38e+02 5.34e+02 5.29e+02 5.25e+02 5.21e+02 5.17e+02 5.12e+02 5.08e+02 5.04e+02 5.00e+02 4.96e+02 4.92e+02 4.88e+02 4.84e+02 4.80e+02 4.77e+02 4.73e+02 4.69e+02 4.65e+02 4.62e+02 4.58e+02 4.55e+02 4.51e+02 4.48e+02 4.44e+02 4.41e+02 4.37e+02 4.34e+02 4.31e+02 4.27e+02 4.24e+02 4.21e+02 4.18e+02 4.14e+02 4.11e+02 4.08e+02 4.05e+02 4.02e+02 3.99e+02 3.96e+02 3.93e+02 3.90e+02 3.87e+02 3.84e+02 3.81e+02 3.79e+02 3.76e+02 3.73e+02 3.70e+02 3.68e+02 3.65e+02 3.62e+02 3.60e+02 3.57e+02 3.54e+02 3.52e+02 3.49e+02 3.47e+02 3.44e+02 3.42e+02 3.37e+02 3.28e+02 3.10e+02 2.77e+02 2.25e+02 1.52e+02 7.35e+01 2.75e+01 2.02e+01 2.00e+01 2.00e+01 2.00e+01 2.00e+01 
 2.09242073620033e-09   1.41e+03 1.41e+03 1.41e+03 1.41e+03 1.41e+03 1.41e+03 1.41e+03 1.41e+03 1.41e+03 1.41e+03 1.41e+03 1.41e+03 1.41e+03 1.41e+03 1.40e+03 1.40e+03 1.39e+03 1.38e+03 1.37e+03 1.36e+03 1.36e+03 1.35e+03 1.34e+03 1.33e+03 1.33e+03 1.32e+03 1.31e+03 1.30e+03 1.29e+03 1.29e+03 1.28e+03 1.27e+03 1.26e+03 1.26e+03 1.25e+03 1.24e+03 1.23e+03 1.22e+03 1.22e+03 1.21e+03 1.20e+03 1.19e+03 1.18e+03 1.18e+03 1.17e+03 1.16e+03 1.15e+03 1.15e+03 1.14e+03 1.13e+03 1.12e+03 1.11e+03 1.11e+03 1.10e+03 1.09e+03 1.08e+03 1.07e+03 1.07e+03 1.06e+03 1.05e+03 1.04e+03 1.04e+03 1.03e+03 1.02e+03 1.01e+03 1.00e+03 9.97e+02 9.89e+02 9.81e+02 9.74e+02 9.66e+02 9.59e+02 9.51e+02 9.43e+02 9.36e+02 9.29e+02 9.21e+02 9.14e+02 9.06e+02 8.99e+02 8.92e+02 8.85e+02 8.77e+02 8.70e+02 8.63e+02 8.56e+02 8.49e+02 8.42e+02 8.35e+02 8.28e+02 8.21e+02 8.14e+02 8.07e+02 8.01e+02 7.94e+02 7.87e+02 7.81e+02 7.74e+02 7.68e+02 7.61e+02 7.55e+02 7.48e+02 7.42e+02 7.36e+02 7.29e+02 7.23e+02 7.17e+02 7.11e+02 7.05e+02 6.99e+02 6.93e+02 6.87e+02 6.81e+02 6.76e+02 6.70e+02 6.64e+02 6.59e+02 6.53e+02 6.48e+02 6.42e+02 6.37e+02 6.31e+02 6.26e+02 6.21e+02 6.16e+02 6.10e+02 6.05e+02 6.00e+02 5.95e+02 5.90e+02 5.85e+02 5.80e+02 5.76e+02 5.71e+02 5.66e+02 5.61e+02 5.57e+02 5.52e+02 5.48e+02 5.43e+02 5.39e+02 5.34e+02 5.30e+02 5.26e+02 5.21e+02 5.17e+02 5.13e+02 5.09e+02 5.05e+02 5.01e+02 4.97e+02 4.93e+02 4.89e+02 4.85e+02 4.81e+02 4.77e+02 4.74e+02 4.70e+02 4.66e+02 4.62e+02 4.59e+02 4.55e+02 4.52e+02 4.48e+02 4.45e+02 4.41e+02 4.38e+02 4.34e+02 4.31e+02 4.28e+02 4.25e+02 4.21e+02 4.18e+02 4.15e+02 4.12e+02 4.09e+02 4.06e+02 4.03e+02 4.00e+02 3.97e+02 3.94e+02 3.91e+02 3.88e+02 3.85e+02 3.82e+02 3.79e+02 3.76e+02 3.74e+02 3.71e+02 3.68e+02 3.66e+02 3.63e+02 3.60e+02 3.58e+02 3.55e+02 3.52e+02 3.50e+02 3.47e+02 3.45e+02 3.42e+02 3.38e+02 3.28e+02 3.10e+02 2.78e+02 2.25e+02 1.52e+02 7.38e+01 2.76e+01 2.02e+01 2.00e+01 2.00e+01 2.00e+01 2.00e+01 
 2.10243487301863e-09   1.41e+03 1.41e+03 1.41e+03 1.41e+03 1.41e+03 1.41e+03 1.41e+03 1.41e+03 1.41e+03 1.41e+03 1.41e+03 1.41e+03 1.41e+03 1.41e+03 1.40e+03 1.39e+03 1.39e+03 1.38e+03 1.37e+03 1.36e+03 1.36e+03 1.35e+03 1.34e+03 1.33e+03 1.33e+03 1.32e+03 1.31e+03 1.30e+03 1.29e+03 1.29e+03 1.28e+03 1.27e+03 1.26e+03 1.26e+03 1.25e+03 1.24e+03 1.23e+03 1.22e+03 1.22e+03 1.21e+03 1.20e+03 1.19e+03 1.18e+03 1.18e+03 1.17e+03 1.16e+03 1.15e+03 1.14e+03 1.14e+03 1.13e+03 1.12e+03 1.11e+03 1.11e+03 1.10e+03 1.09e+03 1.08e+03 1.07e+03 1.07e+03 1.06e+03 1.05e+03 1.04e+03 1.04e+03 1.03e+03 1.02e+03 1.01e+03 1.00e+03 9.97e+02 9.89e+02 9.81e+02 9.74e+02 9.66e+02 9.59e+02 9.51e+02 9.44e+02 9.36e+02 9.29e+02 9.21e+02 9.14e+02 9.06e+02 8.99e+02 8.92e+02 8.85e+02 8.77e+02 8.70e+02 8.63e+02 8.56e+02 8.49e+02 8.42e+02 8.35e+02 8.28e+02 8.21e+02 8.14e+02 8.08e+02 8.01e+02 7.94e+02 7.88e+02 7.81e+02 7.74e+02 7.68e+02 7.61e+02 7.55e+02 7.49e+02 7.42e+02 7.36e+02 7.30e+02 7.24e+02 7.18e+02 7.11e+02 7.05e+02 7.00e+02 6.94e+02 6.88e+02 6.82e+02 6.76e+02 6.70e+02 6.65e+02 6.59e+02 6.54e+02 6.48e+02 6.43e+02 6.37e+02 6.32e+02 6.27e+02 6.21e+02 6.16e+02 6.11e+02 6.06e+02 6.01e+02 5.96e+02 5.91e+02 5.86e+02 5.81e+02 5.76e+02 5.71e+02 5.67e+02 5.62e+02 5.57e+02 5.53e+02 5.48e+02 5.44e+02 5.39e+02 5.35e+02 5.31e+02 5.26e+02 5.22e+02 5.18e+02 5.14e+02 5.09e+02 5.05e+02 5.01e+02 4.97e+02 4.93e+02 4.89e+02 4.86e+02 4.82e+02 4.78e+02 4.74e+02 4.70e+02 4.67e+02 4.63e+02 4.59e+02 4.56e+02 4.52e+02 4.49e+02 4.45e+02 4.42e+02 4.38e+02 4.35e+02 4.32e+02 4.28e+02 4.25e+02 4.22e+02 4.19e+02 4.16e+02 4.12e+02 4.09e+02 4.06e+02 4.03e+02 4.00e+02 3.97e+02 3.94e+02 3.91e+02 3.88e+02 3.85e+02 3.83e+02 3.80e+02 3.77e+02 3.74e+02 3.72e+02 3.69e+02 3.66e+02 3.63e+02 3.61e+02 3.58e+02 3.56e+02 3.53e+02 3.51e+02 3.48e+02 3.46e+02 3.43e+02 3.38e+02 3.29e+02 3.11e+02 2.79e+02 2.26e+02 1.53e+02 7.41e+01 2.77e+01 2.02e+01 2.00e+01 2.00e+01 2.00e+01 2.00e+01 
 2.11245168178455e-09   1.41e+03 1.41e+03 1.41e+03 1.41e+03 1.41e+03 1.41e+03 1.41e+03 1.41e+03 1.41e+03 1.41e+03 1.41e+03 1.41e+03 1.41e+03 1.40e+03 1.40e+03 1.39e+03 1.38e+03 1.38e+03 1.37e+03 1.36e+03 1.35e+03 1.35e+03 1.34e+03 1.33e+03 1.32e+03 1.32e+03 1.31e+03 1.30e+03 1.29e+03 1.29e+03 1.28e+03 1.27e+03 1.26e+03 1.25e+03 1.25e+03 1.24e+03 1.23e+03 1.22e+03 1.22e+03 1.21e+03 1.20e+03 1.19e+03 1.18e+03 1.18e+03 1.17e+03 1.16e+03 1.15e+03 1.14e+03 1.14e+03 1.13e+03 1.12e+03 1.11e+03 1.11e+03 1.10e+03 1.09e+03 1.08e+03 1.07e+03 1.07e+03 1.06e+03 1.05e+03 1.04e+03 1.03e+03 1.03e+03 1.02e+03 1.01e+03 1.00e+03 9.96e+02 9.89e+02 9.81e+02 9.74e+02 9.66e+02 9.59e+02 9.51e+02 9.44e+02 9.36e+02 9.29e+02 9.21e+02 9.14e+02 9.07e+02 8.99e+02 8.92e+02 8.85e+02 8.78e+02 8.70e+02 8.63e+02 8.56e+02 8.49e+02 8.42e+02 8.35e+02 8.28e+02 8.22e+02 8.15e+02 8.08e+02 8.01e+02 7.95e+02 7.88e+02 7.81e+02 7.75e+02 7.68e+02 7.62e+02 7.55e+02 7.49e+02 7.43e+02 7.36e+02 7.30e+02 7.24e+02 7.18e+02 7.12e+02 7.06e+02 7.00e+02 6.94e+02 6.88e+02 6.82e+02 6.77e+02 6.71e+02 6.65e+02 6.60e+02 6.54e+02 6.49e+02 6.43e+02 6.38e+02 6.32e+02 6.27e+02 6.22e+02 6.17e+02 6.11e+02 6.06e+02 6.01e+02 5.96e+02 5.91e+02 5.86e+02 5.82e+02 5.77e+02 5.72e+02 5.67e+02 5.63e+02 5.58e+02 5.53e+02 5.49e+02 5.44e+02 5.40e+02 5.35e+02 5.31e+02 5.27e+02 5.23e+02 5.18e+02 5.14e+02 5.10e+02 5.06e+02 5.02e+02 4.98e+02 4.94e+02 4.90e+02 4.86e+02 4.82e+02 4.78e+02 4.75e+02 4.71e+02 4.67e+02 4.64e+02 4.60e+02 4.56e+02 4.53e+02 4.49e+02 4.46e+02 4.42e+02 4.39e+02 4.36e+02 4.32e+02 4.29e+02 4.26e+02 4.23e+02 4.19e+02 4.16e+02 4.13e+02 4.10e+02 4.07e+02 4.04e+02 4.01e+02 3.98e+02 3.95e+02 3.92e+02 3.89e+02 3.86e+02 3.83e+02 3.80e+02 3.78e+02 3.75e+02 3.72e+02 3.69e+02 3.67e+02 3.64e+02 3.61e+02 3.59e+02 3.56e+02 3.54e+02 3.51e+02 3.49e+02 3.46e+02 3.44e+02 3.39e+02 3.29e+02 3.11e+02 2.79e+02 2.26e+02 1.53e+02 7.44e+01 2.77e+01 2.02e+01 2.00e+01 2.00e+01 2.00e+01 2.00e+01 
 2.12247115279507e-09   1.41e+03 1.41e+03 1.41e+03 1.41e+03 1.41e+03 1.41e+03 1.41e+03 1.41e+03 1.41e+03 1.41e+03 1.41e+03 1.41e+03 1.41e+03 1.40e+03 1.40e+03 1.39e+03 1.38e+03 1.38e+03 1.37e+03 1.36e+03 1.35e+03 1.35e+03 1.34e+03 1.33e+03 1.32e+03 1.32e+03 1.31e+03 1.30e+03 1.29e+03 1.29e+03 1.28e+03 1.27e+03 1.26e+03 1.25e+03 1.25e+03 1.24e+03 1.23e+03 1.22e+03 1.22e+03 1.21e+03 1.20e+03 1.19e+03 1.18e+03 1.18e+03 1.17e+03 1.16e+03 1.15e+03 1.14e+03 1.14e+03 1.13e+03 1.12e+03 1.11e+03 1.10e+03 1.10e+03 1.09e+03 1.08e+03 1.07e+03 1.07e+03 1.06e+03 1.05e+03 1.04e+03 1.03e+03 1.03e+03 1.02e+03 1.01e+03 1.00e+03 9.96e+02 9.89e+02 9.81e+02 9.74e+02 9.66e+02 9.59e+02 9.51e+02 9.44e+02 9.36e+02 9.29e+02 9.21e+02 9.14e+02 9.07e+02 8.99e+02 8.92e+02 8.85e+02 8.78e+02 8.71e+02 8.64e+02 8.56e+02 8.49e+02 8.42e+02 8.36e+02 8.29e+02 8.22e+02 8.15e+02 8.08e+02 8.01e+02 7.95e+02 7.88e+02 7.82e+02 7.75e+02 7.69e+02 7.62e+02 7.56e+02 7.49e+02 7.43e+02 7.37e+02 7.31e+02 7.24e+02 7.18e+02 7.12e+02 7.06e+02 7.00e+02 6.94e+02 6.89e+02 6.83e+02 6.77e+02 6.71e+02 6.66e+02 6.60e+02 6.54e+02 6.49e+02 6.44e+02 6.38e+02 6.33e+02 6.28e+02 6.22e+02 6.17e+02 6.12e+02 6.07e+02 6.02e+02 5.97e+02 5.92e+02 5.87e+02 5.82e+02 5.77e+02 5.72e+02 5.68e+02 5.63e+02 5.58e+02 5.54e+02 5.49e+02 5.45e+02 5.40e+02 5.36e+02 5.32e+02 5.27e+02 5.23e+02 5.19e+02 5.15e+02 5.11e+02 5.07e+02 5.02e+02 4.98e+02 4.94e+02 4.91e+02 4.87e+02 4.83e+02 4.79e+02 4.75e+02 4.72e+02 4.68e+02 4.64e+02 4.61e+02 4.57e+02 4.53e+02 4.50e+02 4.46e+02 4.43e+02 4.40e+02 4.36e+02 4.33e+02 4.30e+02 4.26e+02 4.23e+02 4.20e+02 4.17e+02 4.14e+02 4.10e+02 4.07e+02 4.04e+02 4.01e+02 3.98e+02 3.95e+02 3.92e+02 3.90e+02 3.87e+02 3.84e+02 3.81e+02 3.78e+02 3.75e+02 3.73e+02 3.70e+02 3.67e+02 3.65e+02 3.62e+02 3.59e+02 3.57e+02 3.54e+02 3.52e+02 3.49e+02 3.47e+02 3.44e+02 3.39e+02 3.30e+02 3.12e+02 2.80e+02 2.27e+02 1.53e+02 7.47e+01 2.78e+01 2.02e+01 2.00e+01 2.00e+01 2.00e+01 2.00e+01 
 2.13249327641333e-09   1.41e+03 1.41e+03 1.41e+03 1.41e+03 1.41e+03 1.41e+03 1.41e+03 1.41e+03 1.41e+03 1.41e+03 1.41e+03 1.41e+03 1.41e+03 1.40e+03 1.40e+03 1.39e+03 1.38e+03 1.37e+03 1.37e+03 1.36e+03 1.35e+03 1.35e+03 1.34e+03 1.33e+03 1.32e+03 1.31e+03 1.31e+03 1.30e+03 1.29e+03 1.28e+03 1.28e+03 1.27e+03 1.26e+03 1.25e+03 1.25e+03 1.24e+03 1.23e+03 1.22e+03 1.21e+03 1.21e+03 1.20e+03 1.19e+03 1.18e+03 1.18e+03 1.17e+03 1.16e+03 1.15e+03 1.14e+03 1.14e+03 1.13e+03 1.12e+03 1.11e+03 1.10e+03 1.10e+03 1.09e+03 1.08e+03 1.07e+03 1.07e+03 1.06e+03 1.05e+03 1.04e+03 1.03e+03 1.03e+03 1.02e+03 1.01e+03 1.00e+03 9.96e+02 9.89e+02 9.81e+02 9.74e+02 9.66e+02 9.58e+02 9.51e+02 9.44e+02 9.36e+02 9.29e+02 9.21e+02 9.14e+02 9.07e+02 8.99e+02 8.92e+02 8.85e+02 8.78e+02 8.71e+02 8.64e+02 8.57e+02 8.50e+02 8.43e+02 8.36e+02 8.29e+02 8.22e+02 8.15e+02 8.08e+02 8.02e+02 7.95e+02 7.88e+02 7.82e+02 7.75e+02 7.69e+02 7.62e+02 7.56e+02 7.50e+02 7.43e+02 7.37e+02 7.31e+02 7.25e+02 7.19e+02 7.13e+02 7.07e+02 7.01e+02 6.95e+02 6.89e+02 6.83e+02 6.77e+02 6.72e+02 6.66e+02 6.60e+02 6.55e+02 6.49e+02 6.44e+02 6.39e+02 6.33e+02 6.28e+02 6.23e+02 6.18e+02 6.12e+02 6.07e+02 6.02e+02 5.97e+02 5.92e+02 5.87e+02 5.83e+02 5.78e+02 5.73e+02 5.68e+02 5.64e+02 5.59e+02 5.54e+02 5.50e+02 5.45e+02 5.41e+02 5.37e+02 5.32e+02 5.28e+02 5.24e+02 5.19e+02 5.15e+02 5.11e+02 5.07e+02 5.03e+02 4.99e+02 4.95e+02 4.91e+02 4.87e+02 4.83e+02 4.80e+02 4.76e+02 4.72e+02 4.68e+02 4.65e+02 4.61e+02 4.58e+02 4.54e+02 4.51e+02 4.47e+02 4.44e+02 4.40e+02 4.37e+02 4.33e+02 4.30e+02 4.27e+02 4.24e+02 4.20e+02 4.17e+02 4.14e+02 4.11e+02 4.08e+02 4.05e+02 4.02e+02 3.99e+02 3.96e+02 3.93e+02 3.90e+02 3.87e+02 3.84e+02 3.82e+02 3.79e+02 3.76e+02 3.73e+02 3.71e+02 3.68e+02 3.65e+02 3.63e+02 3.60e+02 3.57e+02 3.55e+02 3.52e+02 3.50e+02 3.47e+02 3.45e+02 3.40e+02 3.30e+02 3.13e+02 2.80e+02 2.28e+02 1.54e+02 7.50e+01 2.79e+01 2.02e+01 2.00e+01 2.00e+01 2.00e+01 2.00e+01 
 2.14249328731045e-09   1.41e+03 1.41e+03 1.41e+03 1.41e+03 1.41e+03 1.41e+03 1.41e+03 1.41e+03 1.41e+03 1.41e+03 1.41e+03 1.41e+03 1.41e+03 1.40e+03 1.40e+03 1.39e+03 1.38e+03 1.37e+03 1.37e+03 1.36e+03 1.35e+03 1.34e+03 1.34e+03 1.33e+03 1.32e+03 1.31e+03 1.31e+03 1.30e+03 1.29e+03 1.28e+03 1.28e+03 1.27e+03 1.26e+03 1.25e+03 1.25e+03 1.24e+03 1.23e+03 1.22e+03 1.21e+03 1.21e+03 1.20e+03 1.19e+03 1.18e+03 1.17e+03 1.17e+03 1.16e+03 1.15e+03 1.14e+03 1.14e+03 1.13e+03 1.12e+03 1.11e+03 1.10e+03 1.10e+03 1.09e+03 1.08e+03 1.07e+03 1.07e+03 1.06e+03 1.05e+03 1.04e+03 1.03e+03 1.03e+03 1.02e+03 1.01e+03 1.00e+03 9.96e+02 9.89e+02 9.81e+02 9.74e+02 9.66e+02 9.58e+02 9.51e+02 9.44e+02 9.36e+02 9.29e+02 9.21e+02 9.14e+02 9.07e+02 9.00e+02 8.92e+02 8.85e+02 8.78e+02 8.71e+02 8.64e+02 8.57e+02 8.50e+02 8.43e+02 8.36e+02 8.29e+02 8.22e+02 8.15e+02 8.09e+02 8.02e+02 7.95e+02 7.89e+02 7.82e+02 7.76e+02 7.69e+02 7.63e+02 7.56e+02 7.50e+02 7.44e+02 7.37e+02 7.31e+02 7.25e+02 7.19e+02 7.13e+02 7.07e+02 7.01e+02 6.95e+02 6.89e+02 6.84e+02 6.78e+02 6.72e+02 6.67e+02 6.61e+02 6.55e+02 6.50e+02 6.44e+02 6.39e+02 6.34e+02 6.28e+02 6.23e+02 6.18e+02 6.13e+02 6.08e+02 6.03e+02 5.98e+02 5.93e+02 5.88e+02 5.83e+02 5.78e+02 5.74e+02 5.69e+02 5.64e+02 5.60e+02 5.55e+02 5.50e+02 5.46e+02 5.42e+02 5.37e+02 5.33e+02 5.29e+02 5.24e+02 5.20e+02 5.16e+02 5.12e+02 5.08e+02 5.04e+02 5.00e+02 4.96e+02 4.92e+02 4.88e+02 4.84e+02 4.80e+02 4.76e+02 4.73e+02 4.69e+02 4.65e+02 4.62e+02 4.58e+02 4.55e+02 4.51e+02 4.48e+02 4.44e+02 4.41e+02 4.37e+02 4.34e+02 4.31e+02 4.28e+02 4.24e+02 4.21e+02 4.18e+02 4.15e+02 4.12e+02 4.09e+02 4.06e+02 4.03e+02 4.00e+02 3.97e+02 3.94e+02 3.91e+02 3.88e+02 3.85e+02 3.82e+02 3.79e+02 3.77e+02 3.74e+02 3.71e+02 3.68e+02 3.66e+02 3.63e+02 3.61e+02 3.58e+02 3.55e+02 3.53e+02 3.50e+02 3.48e+02 3.45e+02 3.41e+02 3.31e+02 3.13e+02 2.81e+02 2.28e+02 1.54e+02 7.53e+01 2.80e+01 2.02e+01 2.00e+01 2.00e+01 2.00e+01 2.00e+01 
 2.15249591877120e-09   1.41e+03 1.41e+03 1.41e+03 1.41e+03 1.41e+03 1.41e+03 1.41e+03 1.41e+03 1.41e+03 1.41e+03 1.41e+03 1.41e+03 1.41e+03 1.40e+03 1.40e+03 1.39e+03 1.38e+03 1.37e+03 1.37e+03 1.36e+03 1.35e+03 1.34e+03 1.34e+03 1.33e+03 1.32e+03 1.31e+03 1.31e+03 1.30e+03 1.29e+03 1.28e+03 1.28e+03 1.27e+03 1.26e+03 1.25e+03 1.24e+03 1.24e+03 1.23e+03 1.22e+03 1.21e+03 1.21e+03 1.20e+03 1.19e+03 1.18e+03 1.17e+03 1.17e+03 1.16e+03 1.15e+03 1.14e+03 1.14e+03 1.13e+03 1.12e+03 1.11e+03 1.10e+03 1.10e+03 1.09e+03 1.08e+03 1.07e+03 1.07e+03 1.06e+03 1.05e+03 1.04e+03 1.03e+03 1.03e+03 1.02e+03 1.01e+03 1.00e+03 9.96e+02 9.89e+02 9.81e+02 9.73e+02 9.66e+02 9.58e+02 9.51e+02 9.44e+02 9.36e+02 9.29e+02 9.21e+02 9.14e+02 9.07e+02 9.00e+02 8.92e+02 8.85e+02 8.78e+02 8.71e+02 8.64e+02 8.57e+02 8.50e+02 8.43e+02 8.36e+02 8.29e+02 8.22e+02 8.16e+02 8.09e+02 8.02e+02 7.96e+02 7.89e+02 7.82e+02 7.76e+02 7.69e+02 7.63e+02 7.57e+02 7.50e+02 7.44e+02 7.38e+02 7.32e+02 7.26e+02 7.19e+02 7.13e+02 7.07e+02 7.02e+02 6.96e+02 6.90e+02 6.84e+02 6.78e+02 6.73e+02 6.67e+02 6.61e+02 6.56e+02 6.50e+02 6.45e+02 6.40e+02 6.34e+02 6.29e+02 6.24e+02 6.19e+02 6.13e+02 6.08e+02 6.03e+02 5.98e+02 5.93e+02 5.88e+02 5.84e+02 5.79e+02 5.74e+02 5.69e+02 5.65e+02 5.60e+02 5.56e+02 5.51e+02 5.47e+02 5.42e+02 5.38e+02 5.33e+02 5.29e+02 5.25e+02 5.21e+02 5.16e+02 5.12e+02 5.08e+02 5.04e+02 5.00e+02 4.96e+02 4.92e+02 4.88e+02 4.85e+02 4.81e+02 4.77e+02 4.73e+02 4.70e+02 4.66e+02 4.62e+02 4.59e+02 4.55e+02 4.52e+02 4.48e+02 4.45e+02 4.41e+02 4.38e+02 4.35e+02 4.31e+02 4.28e+02 4.25e+02 4.22e+02 4.18e+02 4.15e+02 4.12e+02 4.09e+02 4.06e+02 4.03e+02 4.00e+02 3.97e+02 3.94e+02 3.91e+02 3.88e+02 3.86e+02 3.83e+02 3.80e+02 3.77e+02 3.74e+02 3.72e+02 3.69e+02 3.66e+02 3.64e+02 3.61e+02 3.59e+02 3.56e+02 3.53e+02 3.51e+02 3.48e+02 3.46e+02 3.41e+02 3.32e+02 3.14e+02 2.81e+02 2.29e+02 1.55e+02 7.56e+01 2.81e+01 2.02e+01 2.00e+01 2.00e+01 2.00e+01 2.00e+01 
 2.16250116142221e-09   1.41e+03 1.41e+03 1.41e+03 1.41e+03 1.41e+03 1.41e+03 1.41e+03 1.41e+03 1.41e+03 1.41e+03 1.41e+03 1.41e+03 1.41e+03 1.40e+03 1.40e+03 1.39e+03 1.38e+03 1.37e+03 1.37e+03 1.36e+03 1.35e+03 1.34e+03 1.34e+03 1.33e+03 1.32e+03 1.31e+03 1.31e+03 1.30e+03 1.29e+03 1.28e+03 1.27e+03 1.27e+03 1.26e+03 1.25e+03 1.24e+03 1.24e+03 1.23e+03 1.22e+03 1.21e+03 1.21e+03 1.20e+03 1.19e+03 1.18e+03 1.17e+03 1.17e+03 1.16e+03 1.15e+03 1.14e+03 1.14e+03 1.13e+03 1.12e+03 1.11e+03 1.10e+03 1.10e+03 1.09e+03 1.08e+03 1.07e+03 1.07e+03 1.06e+03 1.05e+03 1.04e+03 1.03e+03 1.03e+03 1.02e+03 1.01e+03 1.00e+03 9.96e+02 9.89e+02 9.81e+02 9.73e+02 9.66e+02 9.58e+02 9.51e+02 9.44e+02 9.36e+02 9.29e+02 9.22e+02 9.14e+02 9.07e+02 9.00e+02 8.93e+02 8.85e+02 8.78e+02 8.71e+02 8.64e+02 8.57e+02 8.50e+02 8.43e+02 8.36e+02 8.29e+02 8.23e+02 8.16e+02 8.09e+02 8.02e+02 7.96e+02 7.89e+02 7.83e+02 7.76e+02 7.70e+02 7.63e+02 7.57e+02 7.51e+02 7.44e+02 7.38e+02 7.32e+02 7.26e+02 7.20e+02 7.14e+02 7.08e+02 7.02e+02 6.96e+02 6.90e+02 6.84e+02 6.79e+02 6.73e+02 6.67e+02 6.62e+02 6.56e+02 6.51e+02 6.45e+02 6.40e+02 6.35e+02 6.29e+02 6.24e+02 6.19e+02 6.14e+02 6.09e+02 6.04e+02 5.99e+02 5.94e+02 5.89e+02 5.84e+02 5.79e+02 5.75e+02 5.70e+02 5.65e+02 5.61e+02 5.56e+02 5.52e+02 5.47e+02 5.43e+02 5.38e+02 5.34e+02 5.30e+02 5.25e+02 5.21e+02 5.17e+02 5.13e+02 5.09e+02 5.05e+02 5.01e+02 4.97e+02 4.93e+02 4.89e+02 4.85e+02 4.81e+02 4.78e+02 4.74e+02 4.70e+02 4.67e+02 4.63e+02 4.59e+02 4.56e+02 4.52e+02 4.49e+02 4.45e+02 4.42e+02 4.39e+02 4.35e+02 4.32e+02 4.29e+02 4.25e+02 4.22e+02 4.19e+02 4.16e+02 4.13e+02 4.10e+02 4.07e+02 4.04e+02 4.01e+02 3.98e+02 3.95e+02 3.92e+02 3.89e+02 3.86e+02 3.83e+02 3.81e+02 3.78e+02 3.75e+02 3.72e+02 3.70e+02 3.67e+02 3.64e+02 3.62e+02 3.59e+02 3.57e+02 3.54e+02 3.52e+02 3.49e+02 3.47e+02 3.42e+02 3.32e+02 3.14e+02 2.82e+02 2.29e+02 1.55e+02 7.59e+01 2.81e+01 2.02e+01 2.00e+01 2.00e+01 2.00e+01 2.00e+01 
 2.17250900595266e-09   1.41e+03 1.41e+03 1.41e+03 1.41e+03 1.41e+03 1.41e+03 1.41e+03 1.41e+03 1.41e+03 1.41e+03 1.41e+03 1.41e+03 1.41e+03 1.40e+03 1.40e+03 1.39e+03 1.38e+03 1.37e+03 1.37e+03 1.36e+03 1.35e+03 1.34e+03 1.34e+03 1.33e+03 1.32e+03 1.31e+03 1.31e+03 1.30e+03 1.29e+03 1.28e+03 1.27e+03 1.27e+03 1.26e+03 1.25e+03 1.24e+03 1.24e+03 1.23e+03 1.22e+03 1.21e+03 1.20e+03 1.20e+03 1.19e+03 1.18e+03 1.17e+03 1.17e+03 1.16e+03 1.15e+03 1.14e+03 1.13e+03 1.13e+03 1.12e+03 1.11e+03 1.10e+03 1.10e+03 1.09e+03 1.08e+03 1.07e+03 1.06e+03 1.06e+03 1.05e+03 1.04e+03 1.03e+03 1.03e+03 1.02e+03 1.01e+03 1.00e+03 9.96e+02 9.88e+02 9.81e+02 9.73e+02 9.66e+02 9.58e+02 9.51e+02 9.44e+02 9.36e+02 9.29e+02 9.22e+02 9.14e+02 9.07e+02 9.00e+02 8.93e+02 8.86e+02 8.78e+02 8.71e+02 8.64e+02 8.57e+02 8.50e+02 8.43e+02 8.37e+02 8.30e+02 8.23e+02 8.16e+02 8.09e+02 8.03e+02 7.96e+02 7.90e+02 7.83e+02 7.76e+02 7.70e+02 7.64e+02 7.57e+02 7.51e+02 7.45e+02 7.39e+02 7.32e+02 7.26e+02 7.20e+02 7.14e+02 7.08e+02 7.02e+02 6.96e+02 6.91e+02 6.85e+02 6.79e+02 6.73e+02 6.68e+02 6.62e+02 6.57e+02 6.51e+02 6.46e+02 6.40e+02 6.35e+02 6.30e+02 6.25e+02 6.19e+02 6.14e+02 6.09e+02 6.04e+02 5.99e+02 5.94e+02 5.89e+02 5.85e+02 5.80e+02 5.75e+02 5.70e+02 5.66e+02 5.61e+02 5.57e+02 5.52e+02 5.48e+02 5.43e+02 5.39e+02 5.34e+02 5.30e+02 5.26e+02 5.22e+02 5.18e+02 5.13e+02 5.09e+02 5.05e+02 5.01e+02 4.97e+02 4.93e+02 4.90e+02 4.86e+02 4.82e+02 4.78e+02 4.74e+02 4.71e+02 4.67e+02 4.63e+02 4.60e+02 4.56e+02 4.53e+02 4.49e+02 4.46e+02 4.43e+02 4.39e+02 4.36e+02 4.33e+02 4.29e+02 4.26e+02 4.23e+02 4.20e+02 4.17e+02 4.13e+02 4.10e+02 4.07e+02 4.04e+02 4.01e+02 3.98e+02 3.95e+02 3.92e+02 3.90e+02 3.87e+02 3.84e+02 3.81e+02 3.78e+02 3.76e+02 3.73e+02 3.70e+02 3.68e+02 3.65e+02 3.62e+02 3.60e+02 3.57e+02 3.55e+02 3.52e+02 3.50e+02 3.47e+02 3.42e+02 3.33e+02 3.15e+02 2.83e+02 2.30e+02 1.56e+02 7.62e+01 2.82e+01 2.02e+01 2.00e+01 2.00e+01 2.00e+01 2.00e+01 
 2.18251944311369e-09   1.41e+03 1.41e+03 1.41e+03 1.41e+03 1.41e+03 1.41e+03 1.41e+03 1.41e+03 1.41e+03 1.41e+03 1.41e+03 1.41e+03 1.41e+03 1.40e+03 1.40e+03 1.39e+03 1.38e+03 1.37e+03 1.37e+03 1.36e+03 1.35e+03 1.34e+03 1.34e+03 1.33e+03 1.32e+03 1.31e+03 1.30e+03 1.30e+03 1.29e+03 1.28e+03 1.27e+03 1.27e+03 1.26e+03 1.25e+03 1.24e+03 1.24e+03 1.23e+03 1.22e+03 1.21e+03 1.20e+03 1.20e+03 1.19e+03 1.18e+03 1.17e+03 1.17e+03 1.16e+03 1.15e+03 1.14e+03 1.13e+03 1.13e+03 1.12e+03 1.11e+03 1.10e+03 1.10e+03 1.09e+03 1.08e+03 1.07e+03 1.06e+03 1.06e+03 1.05e+03 1.04e+03 1.03e+03 1.03e+03 1.02e+03 1.01e+03 1.00e+03 9.96e+02 9.88e+02 9.81e+02 9.73e+02 9.66e+02 9.58e+02 9.51e+02 9.44e+02 9.36e+02 9.29e+02 9.22e+02 9.14e+02 9.07e+02 9.00e+02 8.93e+02 8.86e+02 8.79e+02 8.71e+02 8.64e+02 8.57e+02 8.51e+02 8.44e+02 8.37e+02 8.30e+02 8.23e+02 8.16e+02 8.10e+02 8.03e+02 7.96e+02 7.90e+02 7.83e+02 7.77e+02 7.70e+02 7.64e+02 7.58e+02 7.51e+02 7.45e+02 7.39e+02 7.33e+02 7.27e+02 7.21e+02 7.15e+02 7.09e+02 7.03e+02 6.97e+02 6.91e+02 6.85e+02 6.80e+02 6.74e+02 6.68e+02 6.63e+02 6.57e+02 6.52e+02 6.46e+02 6.41e+02 6.36e+02 6.30e+02 6.25e+02 6.20e+02 6.15e+02 6.10e+02 6.05e+02 6.00e+02 5.95e+02 5.90e+02 5.85e+02 5.80e+02 5.76e+02 5.71e+02 5.66e+02 5.62e+02 5.57e+02 5.53e+02 5.48e+02 5.44e+02 5.39e+02 5.35e+02 5.31e+02 5.26e+02 5.22e+02 5.18e+02 5.14e+02 5.10e+02 5.06e+02 5.02e+02 4.98e+02 4.94e+02 4.90e+02 4.86e+02 4.82e+02 4.79e+02 4.75e+02 4.71e+02 4.68e+02 4.64e+02 4.60e+02 4.57e+02 4.53e+02 4.50e+02 4.47e+02 4.43e+02 4.40e+02 4.36e+02 4.33e+02 4.30e+02 4.27e+02 4.23e+02 4.20e+02 4.17e+02 4.14e+02 4.11e+02 4.08e+02 4.05e+02 4.02e+02 3.99e+02 3.96e+02 3.93e+02 3.90e+02 3.87e+02 3.85e+02 3.82e+02 3.79e+02 3.76e+02 3.73e+02 3.71e+02 3.68e+02 3.66e+02 3.63e+02 3.60e+02 3.58e+02 3.55e+02 3.53e+02 3.50e+02 3.48e+02 3.43e+02 3.33e+02 3.15e+02 2.83e+02 2.30e+02 1.56e+02 7.65e+01 2.83e+01 2.02e+01 2.00e+01 2.00e+01 2.00e+01 2.00e+01 
 2.19253246371765e-09   1.41e+03 1.41e+03 1.41e+03 1.41e+03 1.41e+03 1.41e+03 1.41e+03 1.41e+03 1.41e+03 1.41e+03 1.41e+03 1.41e+03 1.41e+03 1.40e+03 1.40e+03 1.39e+03 1.38e+03 1.37e+03 1.37e+03 1.36e+03 1.35e+03 1.34e+03 1.34e+03 1.33e+03 1.32e+03 1.31e+03 1.30e+03 1.30e+03 1.29e+03 1.28e+03 1.27e+03 1.27e+03 1.26e+03 1.25e+03 1.24e+03 1.23e+03 1.23e+03 1.22e+03 1.21e+03 1.20e+03 1.20e+03 1.19e+03 1.18e+03 1.17e+03 1.17e+03 1.16e+03 1.15e+03 1.14e+03 1.13e+03 1.13e+03 1.12e+03 1.11e+03 1.10e+03 1.10e+03 1.09e+03 1.08e+03 1.07e+03 1.06e+03 1.06e+03 1.05e+03 1.04e+03 1.03e+03 1.03e+03 1.02e+03 1.01e+03 1.00e+03 9.96e+02 9.88e+02 9.81e+02 9.73e+02 9.66e+02 9.58e+02 9.51e+02 9.44e+02 9.36e+02 9.29e+02 9.22e+02 9.14e+02 9.07e+02 9.00e+02 8.93e+02 8.86e+02 8.79e+02 8.72e+02 8.65e+02 8.58e+02 8.51e+02 8.44e+02 8.37e+02 8.30e+02 8.23e+02 8.17e+02 8.10e+02 8.03e+02 7.97e+02 7.90e+02 7.84e+02 7.77e+02 7.71e+02 7.64e+02 7.58e+02 7.52e+02 7.45e+02 7.39e+02 7.33e+02 7.27e+02 7.21e+02 7.15e+02 7.09e+02 7.03e+02 6.97e+02 6.91e+02 6.86e+02 6.80e+02 6.74e+02 6.69e+02 6.63e+02 6.58e+02 6.52e+02 6.47e+02 6.41e+02 6.36e+02 6.31e+02 6.26e+02 6.20e+02 6.15e+02 6.10e+02 6.05e+02 6.00e+02 5.95e+02 5.90e+02 5.86e+02 5.81e+02 5.76e+02 5.71e+02 5.67e+02 5.62e+02 5.58e+02 5.53e+02 5.49e+02 5.44e+02 5.40e+02 5.36e+02 5.31e+02 5.27e+02 5.23e+02 5.19e+02 5.15e+02 5.10e+02 5.06e+02 5.02e+02 4.98e+02 4.95e+02 4.91e+02 4.87e+02 4.83e+02 4.79e+02 4.76e+02 4.72e+02 4.68e+02 4.65e+02 4.61e+02 4.58e+02 4.54e+02 4.51e+02 4.47e+02 4.44e+02 4.40e+02 4.37e+02 4.34e+02 4.30e+02 4.27e+02 4.24e+02 4.21e+02 4.18e+02 4.15e+02 4.11e+02 4.08e+02 4.05e+02 4.02e+02 3.99e+02 3.97e+02 3.94e+02 3.91e+02 3.88e+02 3.85e+02 3.82e+02 3.80e+02 3.77e+02 3.74e+02 3.71e+02 3.69e+02 3.66e+02 3.63e+02 3.61e+02 3.58e+02 3.56e+02 3.53e+02 3.51e+02 3.48e+02 3.43e+02 3.34e+02 3.16e+02 2.84e+02 2.31e+02 1.57e+02 7.68e+01 2.84e+01 2.02e+01 2.00e+01 2.00e+01 2.00e+01 2.00e+01 
 2.20254805863749e-09   1.41e+03 1.41e+03 1.41e+03 1.41e+03 1.41e+03 1.41e+03 1.41e+03 1.41e+03 1.41e+03 1.41e+03 1.41e+03 1.41e+03 1.41e+03 1.40e+03 1.39e+03 1.39e+03 1.38e+03 1.37e+03 1.37e+03 1.36e+03 1.35e+03 1.34e+03 1.33e+03 1.33e+03 1.32e+03 1.31e+03 1.30e+03 1.30e+03 1.29e+03 1.28e+03 1.27e+03 1.27e+03 1.26e+03 1.25e+03 1.24e+03 1.23e+03 1.23e+03 1.22e+03 1.21e+03 1.20e+03 1.20e+03 1.19e+03 1.18e+03 1.17e+03 1.16e+03 1.16e+03 1.15e+03 1.14e+03 1.13e+03 1.13e+03 1.12e+03 1.11e+03 1.10e+03 1.10e+03 1.09e+03 1.08e+03 1.07e+03 1.06e+03 1.06e+03 1.05e+03 1.04e+03 1.03e+03 1.03e+03 1.02e+03 1.01e+03 1.00e+03 9.96e+02 9.88e+02 9.81e+02 9.73e+02 9.66e+02 9.58e+02 9.51e+02 9.44e+02 9.36e+02 9.29e+02 9.22e+02 9.15e+02 9.07e+02 9.00e+02 8.93e+02 8.86e+02 8.79e+02 8.72e+02 8.65e+02 8.58e+02 8.51e+02 8.44e+02 8.37e+02 8.30e+02 8.24e+02 8.17e+02 8.10e+02 8.03e+02 7.97e+02 7.90e+02 7.84e+02 7.77e+02 7.71e+02 7.65e+02 7.58e+02 7.52e+02 7.46e+02 7.40e+02 7.33e+02 7.27e+02 7.21e+02 7.15e+02 7.09e+02 7.03e+02 6.98e+02 6.92e+02 6.86e+02 6.80e+02 6.75e+02 6.69e+02 6.64e+02 6.58e+02 6.53e+02 6.47e+02 6.42e+02 6.37e+02 6.31e+02 6.26e+02 6.21e+02 6.16e+02 6.11e+02 6.06e+02 6.01e+02 5.96e+02 5.91e+02 5.86e+02 5.81e+02 5.77e+02 5.72e+02 5.67e+02 5.63e+02 5.58e+02 5.54e+02 5.49e+02 5.45e+02 5.40e+02 5.36e+02 5.32e+02 5.28e+02 5.23e+02 5.19e+02 5.15e+02 5.11e+02 5.07e+02 5.03e+02 4.99e+02 4.95e+02 4.91e+02 4.87e+02 4.84e+02 4.80e+02 4.76e+02 4.72e+02 4.69e+02 4.65e+02 4.62e+02 4.58e+02 4.55e+02 4.51e+02 4.48e+02 4.44e+02 4.41e+02 4.38e+02 4.34e+02 4.31e+02 4.28e+02 4.25e+02 4.21e+02 4.18e+02 4.15e+02 4.12e+02 4.09e+02 4.06e+02 4.03e+02 4.00e+02 3.97e+02 3.94e+02 3.91e+02 3.88e+02 3.86e+02 3.83e+02 3.80e+02 3.77e+02 3.75e+02 3.72e+02 3.69e+02 3.67e+02 3.64e+02 3.61e+02 3.59e+02 3.56e+02 3.54e+02 3.51e+02 3.49e+02 3.44e+02 3.34e+02 3.17e+02 2.84e+02 2.31e+02 1.57e+02 7.71e+01 2.85e+01 2.02e+01 2.00e+01 2.00e+01 2.00e+01 2.00e+01 
 2.21256621880601e-09   1.41e+03 1.41e+03 1.41e+03 1.41e+03 1.41e+03 1.41e+03 1.41e+03 1.41e+03 1.41e+03 1.41e+03 1.41e+03 1.41e+03 1.40e+03 1.40e+03 1.39e+03 1.38e+03 1.38e+03 1.37e+03 1.36e+03 1.36e+03 1.35e+03 1.34e+03 1.33e+03 1.33e+03 1.32e+03 1.31e+03 1.30e+03 1.30e+03 1.29e+03 1.28e+03 1.27e+03 1.27e+03 1.26e+03 1.25e+03 1.24e+03 1.23e+03 1.23e+03 1.22e+03 1.21e+03 1.20e+03 1.20e+03 1.19e+03 1.18e+03 1.17e+03 1.16e+03 1.16e+03 1.15e+03 1.14e+03 1.13e+03 1.13e+03 1.12e+03 1.11e+03 1.10e+03 1.09e+03 1.09e+03 1.08e+03 1.07e+03 1.06e+03 1.06e+03 1.05e+03 1.04e+03 1.03e+03 1.03e+03 1.02e+03 1.01e+03 1.00e+03 9.96e+02 9.88e+02 9.81e+02 9.73e+02 9.66e+02 9.58e+02 9.51e+02 9.44e+02 9.36e+02 9.29e+02 9.22e+02 9.15e+02 9.07e+02 9.00e+02 8.93e+02 8.86e+02 8.79e+02 8.72e+02 8.65e+02 8.58e+02 8.51e+02 8.44e+02 8.37e+02 8.31e+02 8.24e+02 8.17e+02 8.10e+02 8.04e+02 7.97e+02 7.91e+02 7.84e+02 7.78e+02 7.71e+02 7.65e+02 7.59e+02 7.52e+02 7.46e+02 7.40e+02 7.34e+02 7.28e+02 7.22e+02 7.16e+02 7.10e+02 7.04e+02 6.98e+02 6.92e+02 6.86e+02 6.81e+02 6.75e+02 6.70e+02 6.64e+02 6.59e+02 6.53e+02 6.48e+02 6.42e+02 6.37e+02 6.32e+02 6.27e+02 6.21e+02 6.16e+02 6.11e+02 6.06e+02 6.01e+02 5.96e+02 5.91e+02 5.87e+02 5.82e+02 5.77e+02 5.72e+02 5.68e+02 5.63e+02 5.59e+02 5.54e+02 5.50e+02 5.45e+02 5.41e+02 5.37e+02 5.32e+02 5.28e+02 5.24e+02 5.20e+02 5.16e+02 5.12e+02 5.08e+02 5.04e+02 5.00e+02 4.96e+02 4.92e+02 4.88e+02 4.84e+02 4.80e+02 4.77e+02 4.73e+02 4.69e+02 4.66e+02 4.62e+02 4.59e+02 4.55e+02 4.52e+02 4.48e+02 4.45e+02 4.41e+02 4.38e+02 4.35e+02 4.32e+02 4.28e+02 4.25e+02 4.22e+02 4.19e+02 4.16e+02 4.13e+02 4.10e+02 4.07e+02 4.04e+02 4.01e+02 3.98e+02 3.95e+02 3.92e+02 3.89e+02 3.86e+02 3.83e+02 3.81e+02 3.78e+02 3.75e+02 3.73e+02 3.70e+02 3.67e+02 3.65e+02 3.62e+02 3.59e+02 3.57e+02 3.54e+02 3.52e+02 3.49e+02 3.45e+02 3.35e+02 3.17e+02 2.85e+02 2.32e+02 1.57e+02 7.74e+01 2.85e+01 2.02e+01 2.00e+01 2.00e+01 2.00e+01 2.00e+01 
 2.22258693521527e-09   1.41e+03 1.41e+03 1.41e+03 1.41e+03 1.41e+03 1.41e+03 1.41e+03 1.41e+03 1.41e+03 1.41e+03 1.41e+03 1.41e+03 1.40e+03 1.40e+03 1.39e+03 1.38e+03 1.38e+03 1.37e+03 1.36e+03 1.35e+03 1.35e+03 1.34e+03 1.33e+03 1.32e+03 1.32e+03 1.31e+03 1.30e+03 1.29e+03 1.29e+03 1.28e+03 1.27e+03 1.26e+03 1.26e+03 1.25e+03 1.24e+03 1.23e+03 1.23e+03 1.22e+03 1.21e+03 1.20e+03 1.20e+03 1.19e+03 1.18e+03 1.17e+03 1.16e+03 1.16e+03 1.15e+03 1.14e+03 1.13e+03 1.13e+03 1.12e+03 1.11e+03 1.10e+03 1.09e+03 1.09e+03 1.08e+03 1.07e+03 1.06e+03 1.06e+03 1.05e+03 1.04e+03 1.03e+03 1.03e+03 1.02e+03 1.01e+03 1.00e+03 9.96e+02 9.88e+02 9.81e+02 9.73e+02 9.66e+02 9.58e+02 9.51e+02 9.44e+02 9.36e+02 9.29e+02 9.22e+02 9.15e+02 9.07e+02 9.00e+02 8.93e+02 8.86e+02 8.79e+02 8.72e+02 8.65e+02 8.58e+02 8.51e+02 8.44e+02 8.38e+02 8.31e+02 8.24e+02 8.17e+02 8.11e+02 8.04e+02 7.97e+02 7.91e+02 7.84e+02 7.78e+02 7.72e+02 7.65e+02 7.59e+02 7.53e+02 7.46e+02 7.40e+02 7.34e+02 7.28e+02 7.22e+02 7.16e+02 7.10e+02 7.04e+02 6.98e+02 6.93e+02 6.87e+02 6.81e+02 6.76e+02 6.70e+02 6.64e+02 6.59e+02 6.54e+02 6.48e+02 6.43e+02 6.37e+02 6.32e+02 6.27e+02 6.22e+02 6.17e+02 6.12e+02 6.07e+02 6.02e+02 5.97e+02 5.92e+02 5.87e+02 5.82e+02 5.78e+02 5.73e+02 5.68e+02 5.64e+02 5.59e+02 5.55e+02 5.50e+02 5.46e+02 5.41e+02 5.37e+02 5.33e+02 5.29e+02 5.24e+02 5.20e+02 5.16e+02 5.12e+02 5.08e+02 5.04e+02 5.00e+02 4.96e+02 4.92e+02 4.89e+02 4.85e+02 4.81e+02 4.77e+02 4.74e+02 4.70e+02 4.66e+02 4.63e+02 4.59e+02 4.56e+02 4.52e+02 4.49e+02 4.45e+02 4.42e+02 4.39e+02 4.35e+02 4.32e+02 4.29e+02 4.26e+02 4.23e+02 4.19e+02 4.16e+02 4.13e+02 4.10e+02 4.07e+02 4.04e+02 4.01e+02 3.98e+02 3.95e+02 3.92e+02 3.90e+02 3.87e+02 3.84e+02 3.81e+02 3.79e+02 3.76e+02 3.73e+02 3.70e+02 3.68e+02 3.65e+02 3.63e+02 3.60e+02 3.57e+02 3.55e+02 3.52e+02 3.50e+02 3.45e+02 3.36e+02 3.18e+02 2.85e+02 2.32e+02 1.58e+02 7.77e+01 2.86e+01 2.03e+01 2.00e+01 2.00e+01 2.00e+01 2.00e+01 
 2.23261019891586e-09   1.41e+03 1.41e+03 1.41e+03 1.41e+03 1.41e+03 1.41e+03 1.41e+03 1.41e+03 1.41e+03 1.41e+03 1.41e+03 1.41e+03 1.40e+03 1.40e+03 1.39e+03 1.38e+03 1.38e+03 1.37e+03 1.36e+03 1.35e+03 1.35e+03 1.34e+03 1.33e+03 1.32e+03 1.32e+03 1.31e+03 1.30e+03 1.29e+03 1.29e+03 1.28e+03 1.27e+03 1.26e+03 1.26e+03 1.25e+03 1.24e+03 1.23e+03 1.23e+03 1.22e+03 1.21e+03 1.20e+03 1.19e+03 1.19e+03 1.18e+03 1.17e+03 1.16e+03 1.16e+03 1.15e+03 1.14e+03 1.13e+03 1.13e+03 1.12e+03 1.11e+03 1.10e+03 1.09e+03 1.09e+03 1.08e+03 1.07e+03 1.06e+03 1.06e+03 1.05e+03 1.04e+03 1.03e+03 1.03e+03 1.02e+03 1.01e+03 1.00e+03 9.96e+02 9.88e+02 9.81e+02 9.73e+02 9.66e+02 9.58e+02 9.51e+02 9.44e+02 9.36e+02 9.29e+02 9.22e+02 9.15e+02 9.08e+02 9.00e+02 8.93e+02 8.86e+02 8.79e+02 8.72e+02 8.65e+02 8.58e+02 8.51e+02 8.45e+02 8.38e+02 8.31e+02 8.24e+02 8.18e+02 8.11e+02 8.04e+02 7.98e+02 7.91e+02 7.85e+02 7.78e+02 7.72e+02 7.65e+02 7.59e+02 7.53e+02 7.47e+02 7.41e+02 7.34e+02 7.28e+02 7.22e+02 7.16e+02 7.10e+02 7.05e+02 6.99e+02 6.93e+02 6.87e+02 6.82e+02 6.76e+02 6.70e+02 6.65e+02 6.59e+02 6.54e+02 6.49e+02 6.43e+02 6.38e+02 6.33e+02 6.27e+02 6.22e+02 6.17e+02 6.12e+02 6.07e+02 6.02e+02 5.97e+02 5.92e+02 5.88e+02 5.83e+02 5.78e+02 5.73e+02 5.69e+02 5.64e+02 5.60e+02 5.55e+02 5.51e+02 5.46e+02 5.42e+02 5.38e+02 5.33e+02 5.29e+02 5.25e+02 5.21e+02 5.17e+02 5.13e+02 5.09e+02 5.05e+02 5.01e+02 4.97e+02 4.93e+02 4.89e+02 4.85e+02 4.82e+02 4.78e+02 4.74e+02 4.70e+02 4.67e+02 4.63e+02 4.60e+02 4.56e+02 4.53e+02 4.49e+02 4.46e+02 4.43e+02 4.39e+02 4.36e+02 4.33e+02 4.29e+02 4.26e+02 4.23e+02 4.20e+02 4.17e+02 4.14e+02 4.11e+02 4.08e+02 4.05e+02 4.02e+02 3.99e+02 3.96e+02 3.93e+02 3.90e+02 3.87e+02 3.85e+02 3.82e+02 3.79e+02 3.76e+02 3.74e+02 3.71e+02 3.68e+02 3.66e+02 3.63e+02 3.61e+02 3.58e+02 3.56e+02 3.53e+02 3.51e+02 3.46e+02 3.36e+02 3.18e+02 2.86e+02 2.33e+02 1.58e+02 7.80e+01 2.87e+01 2.03e+01 2.00e+01 2.00e+01 2.00e+01 2.00e+01 
 2.24261118154790e-09   1.41e+03 1.41e+03 1.41e+03 1.41e+03 1.41e+03 1.41e+03 1.41e+03 1.41e+03 1.41e+03 1.41e+03 1.41e+03 1.41e+03 1.40e+03 1.40e+03 1.39e+03 1.38e+03 1.37e+03 1.37e+03 1.36e+03 1.35e+03 1.35e+03 1.34e+03 1.33e+03 1.32e+03 1.32e+03 1.31e+03 1.30e+03 1.29e+03 1.29e+03 1.28e+03 1.27e+03 1.26e+03 1.26e+03 1.25e+03 1.24e+03 1.23e+03 1.23e+03 1.22e+03 1.21e+03 1.20e+03 1.19e+03 1.19e+03 1.18e+03 1.17e+03 1.16e+03 1.16e+03 1.15e+03 1.14e+03 1.13e+03 1.12e+03 1.12e+03 1.11e+03 1.10e+03 1.09e+03 1.09e+03 1.08e+03 1.07e+03 1.06e+03 1.06e+03 1.05e+03 1.04e+03 1.03e+03 1.03e+03 1.02e+03 1.01e+03 1.00e+03 9.96e+02 9.88e+02 9.81e+02 9.73e+02 9.66e+02 9.58e+02 9.51e+02 9.44e+02 9.37e+02 9.29e+02 9.22e+02 9.15e+02 9.08e+02 9.01e+02 8.93e+02 8.86e+02 8.79e+02 8.72e+02 8.65e+02 8.58e+02 8.52e+02 8.45e+02 8.38e+02 8.31e+02 8.24e+02 8.18e+02 8.11e+02 8.04e+02 7.98e+02 7.91e+02 7.85e+02 7.79e+02 7.72e+02 7.66e+02 7.60e+02 7.53e+02 7.47e+02 7.41e+02 7.35e+02 7.29e+02 7.23e+02 7.17e+02 7.11e+02 7.05e+02 6.99e+02 6.93e+02 6.88e+02 6.82e+02 6.76e+02 6.71e+02 6.65e+02 6.60e+02 6.54e+02 6.49e+02 6.44e+02 6.38e+02 6.33e+02 6.28e+02 6.23e+02 6.18e+02 6.13e+02 6.08e+02 6.03e+02 5.98e+02 5.93e+02 5.88e+02 5.83e+02 5.79e+02 5.74e+02 5.69e+02 5.65e+02 5.60e+02 5.56e+02 5.51e+02 5.47e+02 5.43e+02 5.38e+02 5.34e+02 5.30e+02 5.26e+02 5.21e+02 5.17e+02 5.13e+02 5.09e+02 5.05e+02 5.01e+02 4.97e+02 4.93e+02 4.90e+02 4.86e+02 4.82e+02 4.78e+02 4.75e+02 4.71e+02 4.67e+02 4.64e+02 4.60e+02 4.57e+02 4.53e+02 4.50e+02 4.47e+02 4.43e+02 4.40e+02 4.37e+02 4.33e+02 4.30e+02 4.27e+02 4.24e+02 4.21e+02 4.17e+02 4.14e+02 4.11e+02 4.08e+02 4.05e+02 4.02e+02 3.99e+02 3.97e+02 3.94e+02 3.91e+02 3.88e+02 3.85e+02 3.82e+02 3.80e+02 3.77e+02 3.74e+02 3.72e+02 3.69e+02 3.66e+02 3.64e+02 3.61e+02 3.59e+02 3.56e+02 3.54e+02 3.51e+02 3.46e+02 3.37e+02 3.19e+02 2.86e+02 2.33e+02 1.59e+02 7.83e+01 2.88e+01 2.03e+01 2.00e+01 2.00e+01 2.00e+01 2.00e+01 
 2.25261468126005e-09   1.41e+03 1.41e+03 1.41e+03 1.41e+03 1.41e+03 1.41e+03 1.41e+03 1.41e+03 1.41e+03 1.41e+03 1.41e+03 1.41e+03 1.40e+03 1.40e+03 1.39e+03 1.38e+03 1.37e+03 1.37e+03 1.36e+03 1.35e+03 1.35e+03 1.34e+03 1.33e+03 1.32e+03 1.32e+03 1.31e+03 1.30e+03 1.29e+03 1.29e+03 1.28e+03 1.27e+03 1.26e+03 1.25e+03 1.25e+03 1.24e+03 1.23e+03 1.22e+03 1.22e+03 1.21e+03 1.20e+03 1.19e+03 1.19e+03 1.18e+03 1.17e+03 1.16e+03 1.16e+03 1.15e+03 1.14e+03 1.13e+03 1.12e+03 1.12e+03 1.11e+03 1.10e+03 1.09e+03 1.09e+03 1.08e+03 1.07e+03 1.06e+03 1.06e+03 1.05e+03 1.04e+03 1.03e+03 1.03e+03 1.02e+03 1.01e+03 1.00e+03 9.95e+02 9.88e+02 9.81e+02 9.73e+02 9.66e+02 9.58e+02 9.51e+02 9.44e+02 9.37e+02 9.29e+02 9.22e+02 9.15e+02 9.08e+02 9.01e+02 8.94e+02 8.86e+02 8.79e+02 8.72e+02 8.66e+02 8.59e+02 8.52e+02 8.45e+02 8.38e+02 8.31e+02 8.25e+02 8.18e+02 8.11e+02 8.05e+02 7.98e+02 7.92e+02 7.85e+02 7.79e+02 7.72e+02 7.66e+02 7.60e+02 7.54e+02 7.47e+02 7.41e+02 7.35e+02 7.29e+02 7.23e+02 7.17e+02 7.11e+02 7.05e+02 7.00e+02 6.94e+02 6.88e+02 6.82e+02 6.77e+02 6.71e+02 6.66e+02 6.60e+02 6.55e+02 6.49e+02 6.44e+02 6.39e+02 6.34e+02 6.28e+02 6.23e+02 6.18e+02 6.13e+02 6.08e+02 6.03e+02 5.98e+02 5.93e+02 5.89e+02 5.84e+02 5.79e+02 5.75e+02 5.70e+02 5.65e+02 5.61e+02 5.56e+02 5.52e+02 5.47e+02 5.43e+02 5.39e+02 5.34e+02 5.30e+02 5.26e+02 5.22e+02 5.18e+02 5.14e+02 5.10e+02 5.06e+02 5.02e+02 4.98e+02 4.94e+02 4.90e+02 4.86e+02 4.83e+02 4.79e+02 4.75e+02 4.72e+02 4.68e+02 4.64e+02 4.61e+02 4.57e+02 4.54e+02 4.51e+02 4.47e+02 4.44e+02 4.40e+02 4.37e+02 4.34e+02 4.31e+02 4.27e+02 4.24e+02 4.21e+02 4.18e+02 4.15e+02 4.12e+02 4.09e+02 4.06e+02 4.03e+02 4.00e+02 3.97e+02 3.94e+02 3.91e+02 3.89e+02 3.86e+02 3.83e+02 3.80e+02 3.77e+02 3.75e+02 3.72e+02 3.69e+02 3.67e+02 3.64e+02 3.62e+02 3.59e+02 3.57e+02 3.54e+02 3.52e+02 3.47e+02 3.37e+02 3.19e+02 2.87e+02 2.34e+02 1.59e+02 7.86e+01 2.89e+01 2.03e+01 2.00e+01 2.00e+01 2.00e+01 2.00e+01 
 2.26262068933956e-09   1.41e+03 1.41e+03 1.41e+03 1.41e+03 1.41e+03 1.41e+03 1.41e+03 1.41e+03 1.41e+03 1.41e+03 1.41e+03 1.41e+03 1.40e+03 1.40e+03 1.39e+03 1.38e+03 1.37e+03 1.37e+03 1.36e+03 1.35e+03 1.34e+03 1.34e+03 1.33e+03 1.32e+03 1.31e+03 1.31e+03 1.30e+03 1.29e+03 1.28e+03 1.28e+03 1.27e+03 1.26e+03 1.25e+03 1.25e+03 1.24e+03 1.23e+03 1.22e+03 1.22e+03 1.21e+03 1.20e+03 1.19e+03 1.19e+03 1.18e+03 1.17e+03 1.16e+03 1.16e+03 1.15e+03 1.14e+03 1.13e+03 1.12e+03 1.12e+03 1.11e+03 1.10e+03 1.09e+03 1.09e+03 1.08e+03 1.07e+03 1.06e+03 1.06e+03 1.05e+03 1.04e+03 1.03e+03 1.03e+03 1.02e+03 1.01e+03 1.00e+03 9.95e+02 9.88e+02 9.81e+02 9.73e+02 9.66e+02 9.58e+02 9.51e+02 9.44e+02 9.37e+02 9.29e+02 9.22e+02 9.15e+02 9.08e+02 9.01e+02 8.94e+02 8.87e+02 8.80e+02 8.73e+02 8.66e+02 8.59e+02 8.52e+02 8.45e+02 8.38e+02 8.32e+02 8.25e+02 8.18e+02 8.12e+02 8.05e+02 7.98e+02 7.92e+02 7.85e+02 7.79e+02 7.73e+02 7.66e+02 7.60e+02 7.54e+02 7.48e+02 7.42e+02 7.35e+02 7.29e+02 7.23e+02 7.18e+02 7.12e+02 7.06e+02 7.00e+02 6.94e+02 6.88e+02 6.83e+02 6.77e+02 6.72e+02 6.66e+02 6.61e+02 6.55e+02 6.50e+02 6.45e+02 6.39e+02 6.34e+02 6.29e+02 6.24e+02 6.19e+02 6.14e+02 6.09e+02 6.04e+02 5.99e+02 5.94e+02 5.89e+02 5.84e+02 5.80e+02 5.75e+02 5.70e+02 5.66e+02 5.61e+02 5.57e+02 5.52e+02 5.48e+02 5.44e+02 5.39e+02 5.35e+02 5.31e+02 5.27e+02 5.22e+02 5.18e+02 5.14e+02 5.10e+02 5.06e+02 5.02e+02 4.98e+02 4.95e+02 4.91e+02 4.87e+02 4.83e+02 4.79e+02 4.76e+02 4.72e+02 4.69e+02 4.65e+02 4.61e+02 4.58e+02 4.55e+02 4.51e+02 4.48e+02 4.44e+02 4.41e+02 4.38e+02 4.34e+02 4.31e+02 4.28e+02 4.25e+02 4.22e+02 4.19e+02 4.15e+02 4.12e+02 4.09e+02 4.06e+02 4.03e+02 4.01e+02 3.98e+02 3.95e+02 3.92e+02 3.89e+02 3.86e+02 3.84e+02 3.81e+02 3.78e+02 3.75e+02 3.73e+02 3.70e+02 3.67e+02 3.65e+02 3.62e+02 3.60e+02 3.57e+02 3.55e+02 3.52e+02 3.47e+02 3.38e+02 3.20e+02 2.87e+02 2.34e+02 1.60e+02 7.89e+01 2.90e+01 2.03e+01 2.00e+01 2.00e+01 2.00e+01 2.00e+01 
 2.27262919712919e-09   1.41e+03 1.41e+03 1.41e+03 1.41e+03 1.41e+03 1.41e+03 1.41e+03 1.41e+03 1.41e+03 1.41e+03 1.41e+03 1.41e+03 1.40e+03 1.40e+03 1.39e+03 1.38e+03 1.37e+03 1.37e+03 1.36e+03 1.35e+03 1.34e+03 1.34e+03 1.33e+03 1.32e+03 1.31e+03 1.31e+03 1.30e+03 1.29e+03 1.28e+03 1.28e+03 1.27e+03 1.26e+03 1.25e+03 1.25e+03 1.24e+03 1.23e+03 1.22e+03 1.22e+03 1.21e+03 1.20e+03 1.19e+03 1.19e+03 1.18e+03 1.17e+03 1.16e+03 1.15e+03 1.15e+03 1.14e+03 1.13e+03 1.12e+03 1.12e+03 1.11e+03 1.10e+03 1.09e+03 1.09e+03 1.08e+03 1.07e+03 1.06e+03 1.06e+03 1.05e+03 1.04e+03 1.03e+03 1.03e+03 1.02e+03 1.01e+03 1.00e+03 9.95e+02 9.88e+02 9.81e+02 9.73e+02 9.66e+02 9.58e+02 9.51e+02 9.44e+02 9.37e+02 9.29e+02 9.22e+02 9.15e+02 9.08e+02 9.01e+02 8.94e+02 8.87e+02 8.80e+02 8.73e+02 8.66e+02 8.59e+02 8.52e+02 8.45e+02 8.38e+02 8.32e+02 8.25e+02 8.18e+02 8.12e+02 8.05e+02 7.99e+02 7.92e+02 7.86e+02 7.79e+02 7.73e+02 7.67e+02 7.60e+02 7.54e+02 7.48e+02 7.42e+02 7.36e+02 7.30e+02 7.24e+02 7.18e+02 7.12e+02 7.06e+02 7.00e+02 6.95e+02 6.89e+02 6.83e+02 6.78e+02 6.72e+02 6.67e+02 6.61e+02 6.56e+02 6.50e+02 6.45e+02 6.40e+02 6.35e+02 6.29e+02 6.24e+02 6.19e+02 6.14e+02 6.09e+02 6.04e+02 5.99e+02 5.94e+02 5.90e+02 5.85e+02 5.80e+02 5.76e+02 5.71e+02 5.66e+02 5.62e+02 5.57e+02 5.53e+02 5.48e+02 5.44e+02 5.40e+02 5.36e+02 5.31e+02 5.27e+02 5.23e+02 5.19e+02 5.15e+02 5.11e+02 5.07e+02 5.03e+02 4.99e+02 4.95e+02 4.91e+02 4.88e+02 4.84e+02 4.80e+02 4.76e+02 4.73e+02 4.69e+02 4.66e+02 4.62e+02 4.59e+02 4.55e+02 4.52e+02 4.48e+02 4.45e+02 4.42e+02 4.38e+02 4.35e+02 4.32e+02 4.29e+02 4.25e+02 4.22e+02 4.19e+02 4.16e+02 4.13e+02 4.10e+02 4.07e+02 4.04e+02 4.01e+02 3.98e+02 3.95e+02 3.92e+02 3.90e+02 3.87e+02 3.84e+02 3.81e+02 3.79e+02 3.76e+02 3.73e+02 3.71e+02 3.68e+02 3.65e+02 3.63e+02 3.60e+02 3.58e+02 3.55e+02 3.53e+02 3.48e+02 3.38e+02 3.20e+02 2.88e+02 2.35e+02 1.60e+02 7.92e+01 2.90e+01 2.03e+01 2.00e+01 2.00e+01 2.00e+01 2.00e+01 
 2.28264019602665e-09   1.41e+03 1.41e+03 1.41e+03 1.41e+03 1.41e+03 1.41e+03 1.41e+03 1.41e+03 1.41e+03 1.41e+03 1.41e+03 1.41e+03 1.40e+03 1.40e+03 1.39e+03 1.38e+03 1.37e+03 1.37e+03 1.36e+03 1.35e+03 1.34e+03 1.34e+03 1.33e+03 1.32e+03 1.31e+03 1.31e+03 1.30e+03 1.29e+03 1.28e+03 1.28e+03 1.27e+03 1.26e+03 1.25e+03 1.25e+03 1.24e+03 1.23e+03 1.22e+03 1.22e+03 1.21e+03 1.20e+03 1.19e+03 1.18e+03 1.18e+03 1.17e+03 1.16e+03 1.15e+03 1.15e+03 1.14e+03 1.13e+03 1.12e+03 1.12e+03 1.11e+03 1.10e+03 1.09e+03 1.09e+03 1.08e+03 1.07e+03 1.06e+03 1.06e+03 1.05e+03 1.04e+03 1.03e+03 1.03e+03 1.02e+03 1.01e+03 1.00e+03 9.95e+02 9.88e+02 9.80e+02 9.73e+02 9.66e+02 9.58e+02 9.51e+02 9.44e+02 9.37e+02 9.29e+02 9.22e+02 9.15e+02 9.08e+02 9.01e+02 8.94e+02 8.87e+02 8.80e+02 8.73e+02 8.66e+02 8.59e+02 8.52e+02 8.45e+02 8.39e+02 8.32e+02 8.25e+02 8.19e+02 8.12e+02 8.05e+02 7.99e+02 7.92e+02 7.86e+02 7.80e+02 7.73e+02 7.67e+02 7.61e+02 7.55e+02 7.48e+02 7.42e+02 7.36e+02 7.30e+02 7.24e+02 7.18e+02 7.12e+02 7.07e+02 7.01e+02 6.95e+02 6.89e+02 6.84e+02 6.78e+02 6.72e+02 6.67e+02 6.62e+02 6.56e+02 6.51e+02 6.45e+02 6.40e+02 6.35e+02 6.30e+02 6.25e+02 6.20e+02 6.15e+02 6.10e+02 6.05e+02 6.00e+02 5.95e+02 5.90e+02 5.85e+02 5.81e+02 5.76e+02 5.71e+02 5.67e+02 5.62e+02 5.58e+02 5.53e+02 5.49e+02 5.45e+02 5.40e+02 5.36e+02 5.32e+02 5.28e+02 5.24e+02 5.19e+02 5.15e+02 5.11e+02 5.07e+02 5.03e+02 5.00e+02 4.96e+02 4.92e+02 4.88e+02 4.84e+02 4.81e+02 4.77e+02 4.73e+02 4.70e+02 4.66e+02 4.63e+02 4.59e+02 4.56e+02 4.52e+02 4.49e+02 4.45e+02 4.42e+02 4.39e+02 4.36e+02 4.32e+02 4.29e+02 4.26e+02 4.23e+02 4.20e+02 4.17e+02 4.14e+02 4.11e+02 4.08e+02 4.05e+02 4.02e+02 3.99e+02 3.96e+02 3.93e+02 3.90e+02 3.87e+02 3.85e+02 3.82e+02 3.79e+02 3.76e+02 3.74e+02 3.71e+02 3.69e+02 3.66e+02 3.63e+02 3.61e+02 3.58e+02 3.56e+02 3.53e+02 3.48e+02 3.39e+02 3.21e+02 2.88e+02 2.35e+02 1.60e+02 7.95e+01 2.91e+01 2.03e+01 2.00e+01 2.00e+01 2.00e+01 2.00e+01 
 2.29265367748406e-09   1.41e+03 1.41e+03 1.41e+03 1.41e+03 1.41e+03 1.41e+03 1.41e+03 1.41e+03 1.41e+03 1.41e+03 1.41e+03 1.41e+03 1.40e+03 1.40e+03 1.39e+03 1.38e+03 1.37e+03 1.37e+03 1.36e+03 1.35e+03 1.34e+03 1.34e+03 1.33e+03 1.32e+03 1.31e+03 1.31e+03 1.30e+03 1.29e+03 1.28e+03 1.28e+03 1.27e+03 1.26e+03 1.25e+03 1.25e+03 1.24e+03 1.23e+03 1.22e+03 1.22e+03 1.21e+03 1.20e+03 1.19e+03 1.18e+03 1.18e+03 1.17e+03 1.16e+03 1.15e+03 1.15e+03 1.14e+03 1.13e+03 1.12e+03 1.12e+03 1.11e+03 1.10e+03 1.09e+03 1.09e+03 1.08e+03 1.07e+03 1.06e+03 1.06e+03 1.05e+03 1.04e+03 1.03e+03 1.03e+03 1.02e+03 1.01e+03 1.00e+03 9.95e+02 9.88e+02 9.80e+02 9.73e+02 9.66e+02 9.58e+02 9.51e+02 9.44e+02 9.37e+02 9.29e+02 9.22e+02 9.15e+02 9.08e+02 9.01e+02 8.94e+02 8.87e+02 8.80e+02 8.73e+02 8.66e+02 8.59e+02 8.52e+02 8.46e+02 8.39e+02 8.32e+02 8.25e+02 8.19e+02 8.12e+02 8.06e+02 7.99e+02 7.93e+02 7.86e+02 7.80e+02 7.74e+02 7.67e+02 7.61e+02 7.55e+02 7.49e+02 7.43e+02 7.37e+02 7.30e+02 7.25e+02 7.19e+02 7.13e+02 7.07e+02 7.01e+02 6.95e+02 6.90e+02 6.84e+02 6.78e+02 6.73e+02 6.67e+02 6.62e+02 6.57e+02 6.51e+02 6.46e+02 6.41e+02 6.35e+02 6.30e+02 6.25e+02 6.20e+02 6.15e+02 6.10e+02 6.05e+02 6.00e+02 5.95e+02 5.91e+02 5.86e+02 5.81e+02 5.77e+02 5.72e+02 5.67e+02 5.63e+02 5.58e+02 5.54e+02 5.50e+02 5.45e+02 5.41e+02 5.37e+02 5.32e+02 5.28e+02 5.24e+02 5.20e+02 5.16e+02 5.12e+02 5.08e+02 5.04e+02 5.00e+02 4.96e+02 4.92e+02 4.89e+02 4.85e+02 4.81e+02 4.77e+02 4.74e+02 4.70e+02 4.67e+02 4.63e+02 4.60e+02 4.56e+02 4.53e+02 4.49e+02 4.46e+02 4.43e+02 4.39e+02 4.36e+02 4.33e+02 4.30e+02 4.27e+02 4.23e+02 4.20e+02 4.17e+02 4.14e+02 4.11e+02 4.08e+02 4.05e+02 4.02e+02 3.99e+02 3.96e+02 3.94e+02 3.91e+02 3.88e+02 3.85e+02 3.82e+02 3.80e+02 3.77e+02 3.74e+02 3.72e+02 3.69e+02 3.67e+02 3.64e+02 3.61e+02 3.59e+02 3.56e+02 3.54e+02 3.49e+02 3.39e+02 3.21e+02 2.89e+02 2.36e+02 1.61e+02 7.98e+01 2.92e+01 2.03e+01 2.00e+01 2.00e+01 2.00e+01 2.00e+01 
 2.30266963300736e-09   1.41e+03 1.41e+03 1.41e+03 1.41e+03 1.41e+03 1.41e+03 1.41e+03 1.41e+03 1.41e+03 1.41e+03 1.41e+03 1.41e+03 1.40e+03 1.39e+03 1.39e+03 1.38e+03 1.37e+03 1.37e+03 1.36e+03 1.35e+03 1.34e+03 1.34e+03 1.33e+03 1.32e+03 1.31e+03 1.31e+03 1.30e+03 1.29e+03 1.28e+03 1.28e+03 1.27e+03 1.26e+03 1.25e+03 1.25e+03 1.24e+03 1.23e+03 1.22e+03 1.21e+03 1.21e+03 1.20e+03 1.19e+03 1.18e+03 1.18e+03 1.17e+03 1.16e+03 1.15e+03 1.15e+03 1.14e+03 1.13e+03 1.12e+03 1.12e+03 1.11e+03 1.10e+03 1.09e+03 1.09e+03 1.08e+03 1.07e+03 1.06e+03 1.05e+03 1.05e+03 1.04e+03 1.03e+03 1.02e+03 1.02e+03 1.01e+03 1.00e+03 9.95e+02 9.88e+02 9.80e+02 9.73e+02 9.66e+02 9.58e+02 9.51e+02 9.44e+02 9.37e+02 9.30e+02 9.22e+02 9.15e+02 9.08e+02 9.01e+02 8.94e+02 8.87e+02 8.80e+02 8.73e+02 8.66e+02 8.59e+02 8.53e+02 8.46e+02 8.39e+02 8.32e+02 8.26e+02 8.19e+02 8.12e+02 8.06e+02 7.99e+02 7.93e+02 7.87e+02 7.80e+02 7.74e+02 7.68e+02 7.61e+02 7.55e+02 7.49e+02 7.43e+02 7.37e+02 7.31e+02 7.25e+02 7.19e+02 7.13e+02 7.07e+02 7.01e+02 6.96e+02 6.90e+02 6.84e+02 6.79e+02 6.73e+02 6.68e+02 6.62e+02 6.57e+02 6.52e+02 6.46e+02 6.41e+02 6.36e+02 6.31e+02 6.26e+02 6.21e+02 6.16e+02 6.11e+02 6.06e+02 6.01e+02 5.96e+02 5.91e+02 5.86e+02 5.82e+02 5.77e+02 5.72e+02 5.68e+02 5.63e+02 5.59e+02 5.54e+02 5.50e+02 5.46e+02 5.41e+02 5.37e+02 5.33e+02 5.29e+02 5.25e+02 5.21e+02 5.16e+02 5.12e+02 5.08e+02 5.05e+02 5.01e+02 4.97e+02 4.93e+02 4.89e+02 4.85e+02 4.82e+02 4.78e+02 4.74e+02 4.71e+02 4.67e+02 4.64e+02 4.60e+02 4.57e+02 4.53e+02 4.50e+02 4.47e+02 4.43e+02 4.40e+02 4.37e+02 4.33e+02 4.30e+02 4.27e+02 4.24e+02 4.21e+02 4.18e+02 4.15e+02 4.12e+02 4.09e+02 4.06e+02 4.03e+02 4.00e+02 3.97e+02 3.94e+02 3.91e+02 3.89e+02 3.86e+02 3.83e+02 3.80e+02 3.78e+02 3.75e+02 3.72e+02 3.70e+02 3.67e+02 3.65e+02 3.62e+02 3.59e+02 3.57e+02 3.54e+02 3.50e+02 3.40e+02 3.22e+02 2.89e+02 2.36e+02 1.61e+02 8.01e+01 2.93e+01 2.03e+01 2.00e+01 2.00e+01 2.00e+01 2.00e+01 
 2.31268805415576e-09   1.41e+03 1.41e+03 1.41e+03 1.41e+03 1.41e+03 1.41e+03 1.41e+03 1.41e+03 1.41e+03 1.41e+03 1.41e+03 1.40e+03 1.40e+03 1.39e+03 1.38e+03 1.38e+03 1.37e+03 1.36e+03 1.36e+03 1.35e+03 1.34e+03 1.33e+03 1.33e+03 1.32e+03 1.31e+03 1.31e+03 1.30e+03 1.29e+03 1.28e+03 1.28e+03 1.27e+03 1.26e+03 1.25e+03 1.24e+03 1.24e+03 1.23e+03 1.22e+03 1.21e+03 1.21e+03 1.20e+03 1.19e+03 1.18e+03 1.18e+03 1.17e+03 1.16e+03 1.15e+03 1.15e+03 1.14e+03 1.13e+03 1.12e+03 1.12e+03 1.11e+03 1.10e+03 1.09e+03 1.08e+03 1.08e+03 1.07e+03 1.06e+03 1.05e+03 1.05e+03 1.04e+03 1.03e+03 1.02e+03 1.02e+03 1.01e+03 1.00e+03 9.95e+02 9.88e+02 9.80e+02 9.73e+02 9.66e+02 9.58e+02 9.51e+02 9.44e+02 9.37e+02 9.30e+02 9.22e+02 9.15e+02 9.08e+02 9.01e+02 8.94e+02 8.87e+02 8.80e+02 8.73e+02 8.66e+02 8.60e+02 8.53e+02 8.46e+02 8.39e+02 8.33e+02 8.26e+02 8.19e+02 8.13e+02 8.06e+02 8.00e+02 7.93e+02 7.87e+02 7.80e+02 7.74e+02 7.68e+02 7.62e+02 7.55e+02 7.49e+02 7.43e+02 7.37e+02 7.31e+02 7.25e+02 7.19e+02 7.13e+02 7.08e+02 7.02e+02 6.96e+02 6.90e+02 6.85e+02 6.79e+02 6.74e+02 6.68e+02 6.63e+02 6.57e+02 6.52e+02 6.47e+02 6.42e+02 6.36e+02 6.31e+02 6.26e+02 6.21e+02 6.16e+02 6.11e+02 6.06e+02 6.01e+02 5.96e+02 5.92e+02 5.87e+02 5.82e+02 5.78e+02 5.73e+02 5.68e+02 5.64e+02 5.59e+02 5.55e+02 5.51e+02 5.46e+02 5.42e+02 5.38e+02 5.33e+02 5.29e+02 5.25e+02 5.21e+02 5.17e+02 5.13e+02 5.09e+02 5.05e+02 5.01e+02 4.97e+02 4.93e+02 4.90e+02 4.86e+02 4.82e+02 4.79e+02 4.75e+02 4.71e+02 4.68e+02 4.64e+02 4.61e+02 4.57e+02 4.54e+02 4.50e+02 4.47e+02 4.44e+02 4.40e+02 4.37e+02 4.34e+02 4.31e+02 4.28e+02 4.24e+02 4.21e+02 4.18e+02 4.15e+02 4.12e+02 4.09e+02 4.06e+02 4.03e+02 4.00e+02 3.98e+02 3.95e+02 3.92e+02 3.89e+02 3.86e+02 3.84e+02 3.81e+02 3.78e+02 3.75e+02 3.73e+02 3.70e+02 3.68e+02 3.65e+02 3.63e+02 3.60e+02 3.57e+02 3.55e+02 3.50e+02 3.41e+02 3.23e+02 2.90e+02 2.37e+02 1.62e+02 8.04e+01 2.94e+01 2.03e+01 2.00e+01 2.00e+01 2.00e+01 2.00e+01 
 2.32270893254114e-09   1.41e+03 1.41e+03 1.41e+03 1.41e+03 1.41e+03 1.41e+03 1.41e+03 1.41e+03 1.41e+03 1.41e+03 1.41e+03 1.40e+03 1.40e+03 1.39e+03 1.38e+03 1.38e+03 1.37e+03 1.36e+03 1.36e+03 1.35e+03 1.34e+03 1.33e+03 1.33e+03 1.32e+03 1.31e+03 1.30e+03 1.30e+03 1.29e+03 1.28e+03 1.27e+03 1.27e+03 1.26e+03 1.25e+03 1.24e+03 1.24e+03 1.23e+03 1.22e+03 1.21e+03 1.21e+03 1.20e+03 1.19e+03 1.18e+03 1.18e+03 1.17e+03 1.16e+03 1.15e+03 1.15e+03 1.14e+03 1.13e+03 1.12e+03 1.12e+03 1.11e+03 1.10e+03 1.09e+03 1.08e+03 1.08e+03 1.07e+03 1.06e+03 1.05e+03 1.05e+03 1.04e+03 1.03e+03 1.02e+03 1.02e+03 1.01e+03 1.00e+03 9.95e+02 9.88e+02 9.80e+02 9.73e+02 9.66e+02 9.58e+02 9.51e+02 9.44e+02 9.37e+02 9.30e+02 9.22e+02 9.15e+02 9.08e+02 9.01e+02 8.94e+02 8.87e+02 8.80e+02 8.73e+02 8.67e+02 8.60e+02 8.53e+02 8.46e+02 8.39e+02 8.33e+02 8.26e+02 8.20e+02 8.13e+02 8.06e+02 8.00e+02 7.94e+02 7.87e+02 7.81e+02 7.74e+02 7.68e+02 7.62e+02 7.56e+02 7.50e+02 7.44e+02 7.38e+02 7.32e+02 7.26e+02 7.20e+02 7.14e+02 7.08e+02 7.02e+02 6.97e+02 6.91e+02 6.85e+02 6.80e+02 6.74e+02 6.69e+02 6.63e+02 6.58e+02 6.53e+02 6.47e+02 6.42e+02 6.37e+02 6.32e+02 6.27e+02 6.21e+02 6.16e+02 6.11e+02 6.07e+02 6.02e+02 5.97e+02 5.92e+02 5.87e+02 5.83e+02 5.78e+02 5.73e+02 5.69e+02 5.64e+02 5.60e+02 5.55e+02 5.51e+02 5.47e+02 5.42e+02 5.38e+02 5.34e+02 5.30e+02 5.26e+02 5.22e+02 5.18e+02 5.13e+02 5.10e+02 5.06e+02 5.02e+02 4.98e+02 4.94e+02 4.90e+02 4.86e+02 4.83e+02 4.79e+02 4.75e+02 4.72e+02 4.68e+02 4.65e+02 4.61e+02 4.58e+02 4.54e+02 4.51e+02 4.48e+02 4.44e+02 4.41e+02 4.38e+02 4.35e+02 4.31e+02 4.28e+02 4.25e+02 4.22e+02 4.19e+02 4.16e+02 4.13e+02 4.10e+02 4.07e+02 4.04e+02 4.01e+02 3.98e+02 3.95e+02 3.92e+02 3.90e+02 3.87e+02 3.84e+02 3.81e+02 3.79e+02 3.76e+02 3.73e+02 3.71e+02 3.68e+02 3.66e+02 3.63e+02 3.61e+02 3.58e+02 3.56e+02 3.51e+02 3.41e+02 3.23e+02 2.91e+02 2.37e+02 1.62e+02 8.07e+01 2.95e+01 2.03e+01 2.00e+01 2.00e+01 2.00e+01 2.00e+01 
 2.33273225982752e-09   1.41e+03 1.41e+03 1.41e+03 1.41e+03 1.41e+03 1.41e+03 1.41e+03 1.41e+03 1.41e+03 1.41e+03 1.41e+03 1.40e+03 1.40e+03 1.39e+03 1.38e+03 1.38e+03 1.37e+03 1.36e+03 1.35e+03 1.35e+03 1.34e+03 1.33e+03 1.33e+03 1.32e+03 1.31e+03 1.30e+03 1.30e+03 1.29e+03 1.28e+03 1.27e+03 1.27e+03 1.26e+03 1.25e+03 1.24e+03 1.24e+03 1.23e+03 1.22e+03 1.21e+03 1.21e+03 1.20e+03 1.19e+03 1.18e+03 1.18e+03 1.17e+03 1.16e+03 1.15e+03 1.15e+03 1.14e+03 1.13e+03 1.12e+03 1.11e+03 1.11e+03 1.10e+03 1.09e+03 1.08e+03 1.08e+03 1.07e+03 1.06e+03 1.05e+03 1.05e+03 1.04e+03 1.03e+03 1.02e+03 1.02e+03 1.01e+03 1.00e+03 9.95e+02 9.88e+02 9.80e+02 9.73e+02 9.66e+02 9.58e+02 9.51e+02 9.44e+02 9.37e+02 9.30e+02 9.23e+02 9.15e+02 9.08e+02 9.01e+02 8.94e+02 8.87e+02 8.80e+02 8.74e+02 8.67e+02 8.60e+02 8.53e+02 8.46e+02 8.40e+02 8.33e+02 8.26e+02 8.20e+02 8.13e+02 8.07e+02 8.00e+02 7.94e+02 7.87e+02 7.81e+02 7.75e+02 7.68e+02 7.62e+02 7.56e+02 7.50e+02 7.44e+02 7.38e+02 7.32e+02 7.26e+02 7.20e+02 7.14e+02 7.08e+02 7.03e+02 6.97e+02 6.91e+02 6.86e+02 6.80e+02 6.75e+02 6.69e+02 6.64e+02 6.58e+02 6.53e+02 6.48e+02 6.42e+02 6.37e+02 6.32e+02 6.27e+02 6.22e+02 6.17e+02 6.12e+02 6.07e+02 6.02e+02 5.97e+02 5.93e+02 5.88e+02 5.83e+02 5.79e+02 5.74e+02 5.69e+02 5.65e+02 5.60e+02 5.56e+02 5.52e+02 5.47e+02 5.43e+02 5.39e+02 5.34e+02 5.30e+02 5.26e+02 5.22e+02 5.18e+02 5.14e+02 5.10e+02 5.06e+02 5.02e+02 4.98e+02 4.95e+02 4.91e+02 4.87e+02 4.83e+02 4.80e+02 4.76e+02 4.72e+02 4.69e+02 4.65e+02 4.62e+02 4.58e+02 4.55e+02 4.52e+02 4.48e+02 4.45e+02 4.42e+02 4.38e+02 4.35e+02 4.32e+02 4.29e+02 4.26e+02 4.22e+02 4.19e+02 4.16e+02 4.13e+02 4.10e+02 4.07e+02 4.04e+02 4.02e+02 3.99e+02 3.96e+02 3.93e+02 3.90e+02 3.87e+02 3.85e+02 3.82e+02 3.79e+02 3.77e+02 3.74e+02 3.71e+02 3.69e+02 3.66e+02 3.64e+02 3.61e+02 3.59e+02 3.56e+02 3.51e+02 3.42e+02 3.24e+02 2.91e+02 2.38e+02 1.63e+02 8.10e+01 2.96e+01 2.03e+01 2.00e+01 2.00e+01 2.00e+01 2.00e+01 
 2.34273314688074e-09   1.41e+03 1.41e+03 1.41e+03 1.41e+03 1.41e+03 1.41e+03 1.41e+03 1.41e+03 1.41e+03 1.41e+03 1.41e+03 1.40e+03 1.40e+03 1.39e+03 1.38e+03 1.38e+03 1.37e+03 1.36e+03 1.35e+03 1.35e+03 1.34e+03 1.33e+03 1.32e+03 1.32e+03 1.31e+03 1.30e+03 1.30e+03 1.29e+03 1.28e+03 1.27e+03 1.27e+03 1.26e+03 1.25e+03 1.24e+03 1.24e+03 1.23e+03 1.22e+03 1.21e+03 1.21e+03 1.20e+03 1.19e+03 1.18e+03 1.18e+03 1.17e+03 1.16e+03 1.15e+03 1.14e+03 1.14e+03 1.13e+03 1.12e+03 1.11e+03 1.11e+03 1.10e+03 1.09e+03 1.08e+03 1.08e+03 1.07e+03 1.06e+03 1.05e+03 1.05e+03 1.04e+03 1.03e+03 1.02e+03 1.02e+03 1.01e+03 1.00e+03 9.95e+02 9.88e+02 9.80e+02 9.73e+02 9.66e+02 9.58e+02 9.51e+02 9.44e+02 9.37e+02 9.30e+02 9.23e+02 9.16e+02 9.08e+02 9.01e+02 8.94e+02 8.88e+02 8.81e+02 8.74e+02 8.67e+02 8.60e+02 8.53e+02 8.47e+02 8.40e+02 8.33e+02 8.27e+02 8.20e+02 8.13e+02 8.07e+02 8.00e+02 7.94e+02 7.88e+02 7.81e+02 7.75e+02 7.69e+02 7.63e+02 7.56e+02 7.50e+02 7.44e+02 7.38e+02 7.32e+02 7.26e+02 7.20e+02 7.15e+02 7.09e+02 7.03e+02 6.97e+02 6.92e+02 6.86e+02 6.80e+02 6.75e+02 6.69e+02 6.64e+02 6.59e+02 6.53e+02 6.48e+02 6.43e+02 6.38e+02 6.33e+02 6.27e+02 6.22e+02 6.17e+02 6.12e+02 6.08e+02 6.03e+02 5.98e+02 5.93e+02 5.88e+02 5.84e+02 5.79e+02 5.74e+02 5.70e+02 5.65e+02 5.61e+02 5.56e+02 5.52e+02 5.48e+02 5.43e+02 5.39e+02 5.35e+02 5.31e+02 5.27e+02 5.23e+02 5.19e+02 5.15e+02 5.11e+02 5.07e+02 5.03e+02 4.99e+02 4.95e+02 4.91e+02 4.88e+02 4.84e+02 4.80e+02 4.77e+02 4.73e+02 4.69e+02 4.66e+02 4.62e+02 4.59e+02 4.56e+02 4.52e+02 4.49e+02 4.45e+02 4.42e+02 4.39e+02 4.36e+02 4.32e+02 4.29e+02 4.26e+02 4.23e+02 4.20e+02 4.17e+02 4.14e+02 4.11e+02 4.08e+02 4.05e+02 4.02e+02 3.99e+02 3.96e+02 3.94e+02 3.91e+02 3.88e+02 3.85e+02 3.83e+02 3.80e+02 3.77e+02 3.74e+02 3.72e+02 3.69e+02 3.67e+02 3.64e+02 3.62e+02 3.59e+02 3.57e+02 3.52e+02 3.42e+02 3.24e+02 2.92e+02 2.38e+02 1.63e+02 8.13e+01 2.96e+01 2.03e+01 2.00e+01 2.00e+01 2.00e+01 2.00e+01 
 2.35273645428100e-09   1.41e+03 1.41e+03 1.41e+03 1.41e+03 1.41e+03 1.41e+03 1.41e+03 1.41e+03 1.41e+03 1.41e+03 1.41e+03 1.40e+03 1.40e+03 1.39e+03 1.38e+03 1.38e+03 1.37e+03 1.36e+03 1.35e+03 1.35e+03 1.34e+03 1.33e+03 1.32e+03 1.32e+03 1.31e+03 1.30e+03 1.29e+03 1.29e+03 1.28e+03 1.27e+03 1.27e+03 1.26e+03 1.25e+03 1.24e+03 1.24e+03 1.23e+03 1.22e+03 1.21e+03 1.21e+03 1.20e+03 1.19e+03 1.18e+03 1.17e+03 1.17e+03 1.16e+03 1.15e+03 1.14e+03 1.14e+03 1.13e+03 1.12e+03 1.11e+03 1.11e+03 1.10e+03 1.09e+03 1.08e+03 1.08e+03 1.07e+03 1.06e+03 1.05e+03 1.05e+03 1.04e+03 1.03e+03 1.02e+03 1.02e+03 1.01e+03 1.00e+03 9.95e+02 9.88e+02 9.80e+02 9.73e+02 9.66e+02 9.58e+02 9.51e+02 9.44e+02 9.37e+02 9.30e+02 9.23e+02 9.16e+02 9.09e+02 9.02e+02 8.95e+02 8.88e+02 8.81e+02 8.74e+02 8.67e+02 8.60e+02 8.53e+02 8.47e+02 8.40e+02 8.33e+02 8.27e+02 8.20e+02 8.14e+02 8.07e+02 8.01e+02 7.94e+02 7.88e+02 7.82e+02 7.75e+02 7.69e+02 7.63e+02 7.57e+02 7.51e+02 7.45e+02 7.39e+02 7.33e+02 7.27e+02 7.21e+02 7.15e+02 7.09e+02 7.03e+02 6.98e+02 6.92e+02 6.86e+02 6.81e+02 6.75e+02 6.70e+02 6.64e+02 6.59e+02 6.54e+02 6.49e+02 6.43e+02 6.38e+02 6.33e+02 6.28e+02 6.23e+02 6.18e+02 6.13e+02 6.08e+02 6.03e+02 5.98e+02 5.94e+02 5.89e+02 5.84e+02 5.80e+02 5.75e+02 5.70e+02 5.66e+02 5.61e+02 5.57e+02 5.53e+02 5.48e+02 5.44e+02 5.40e+02 5.36e+02 5.31e+02 5.27e+02 5.23e+02 5.19e+02 5.15e+02 5.11e+02 5.07e+02 5.03e+02 4.99e+02 4.96e+02 4.92e+02 4.88e+02 4.84e+02 4.81e+02 4.77e+02 4.74e+02 4.70e+02 4.66e+02 4.63e+02 4.59e+02 4.56e+02 4.53e+02 4.49e+02 4.46e+02 4.43e+02 4.39e+02 4.36e+02 4.33e+02 4.30e+02 4.27e+02 4.24e+02 4.21e+02 4.17e+02 4.14e+02 4.11e+02 4.08e+02 4.06e+02 4.03e+02 4.00e+02 3.97e+02 3.94e+02 3.91e+02 3.89e+02 3.86e+02 3.83e+02 3.80e+02 3.78e+02 3.75e+02 3.72e+02 3.70e+02 3.67e+02 3.65e+02 3.62e+02 3.60e+02 3.57e+02 3.52e+02 3.43e+02 3.25e+02 2.92e+02 2.39e+02 1.63e+02 8.16e+01 2.97e+01 2.03e+01 2.00e+01 2.00e+01 2.00e+01 2.00e+01 
 2.36274217390602e-09   1.41e+03 1.41e+03 1.41e+03 1.41e+03 1.41e+03 1.41e+03 1.41e+03 1.41e+03 1.41e+03 1.41e+03 1.41e+03 1.40e+03 1.40e+03 1.39e+03 1.38e+03 1.38e+03 1.37e+03 1.36e+03 1.35e+03 1.35e+03 1.34e+03 1.33e+03 1.32e+03 1.32e+03 1.31e+03 1.30e+03 1.29e+03 1.29e+03 1.28e+03 1.27e+03 1.26e+03 1.26e+03 1.25e+03 1.24e+03 1.23e+03 1.23e+03 1.22e+03 1.21e+03 1.20e+03 1.20e+03 1.19e+03 1.18e+03 1.17e+03 1.17e+03 1.16e+03 1.15e+03 1.14e+03 1.14e+03 1.13e+03 1.12e+03 1.11e+03 1.11e+03 1.10e+03 1.09e+03 1.08e+03 1.08e+03 1.07e+03 1.06e+03 1.05e+03 1.05e+03 1.04e+03 1.03e+03 1.02e+03 1.02e+03 1.01e+03 1.00e+03 9.95e+02 9.87e+02 9.80e+02 9.73e+02 9.66e+02 9.58e+02 9.51e+02 9.44e+02 9.37e+02 9.30e+02 9.23e+02 9.16e+02 9.09e+02 9.02e+02 8.95e+02 8.88e+02 8.81e+02 8.74e+02 8.67e+02 8.60e+02 8.54e+02 8.47e+02 8.40e+02 8.34e+02 8.27e+02 8.20e+02 8.14e+02 8.07e+02 8.01e+02 7.95e+02 7.88e+02 7.82e+02 7.76e+02 7.69e+02 7.63e+02 7.57e+02 7.51e+02 7.45e+02 7.39e+02 7.33e+02 7.27e+02 7.21e+02 7.15e+02 7.09e+02 7.04e+02 6.98e+02 6.92e+02 6.87e+02 6.81e+02 6.76e+02 6.70e+02 6.65e+02 6.60e+02 6.54e+02 6.49e+02 6.44e+02 6.39e+02 6.33e+02 6.28e+02 6.23e+02 6.18e+02 6.13e+02 6.08e+02 6.04e+02 5.99e+02 5.94e+02 5.89e+02 5.85e+02 5.80e+02 5.75e+02 5.71e+02 5.66e+02 5.62e+02 5.57e+02 5.53e+02 5.49e+02 5.44e+02 5.40e+02 5.36e+02 5.32e+02 5.28e+02 5.24e+02 5.20e+02 5.16e+02 5.12e+02 5.08e+02 5.04e+02 5.00e+02 4.96e+02 4.92e+02 4.89e+02 4.85e+02 4.81e+02 4.78e+02 4.74e+02 4.70e+02 4.67e+02 4.63e+02 4.60e+02 4.57e+02 4.53e+02 4.50e+02 4.47e+02 4.43e+02 4.40e+02 4.37e+02 4.34e+02 4.30e+02 4.27e+02 4.24e+02 4.21e+02 4.18e+02 4.15e+02 4.12e+02 4.09e+02 4.06e+02 4.03e+02 4.00e+02 3.97e+02 3.95e+02 3.92e+02 3.89e+02 3.86e+02 3.84e+02 3.81e+02 3.78e+02 3.76e+02 3.73e+02 3.70e+02 3.68e+02 3.65e+02 3.63e+02 3.60e+02 3.58e+02 3.53e+02 3.43e+02 3.25e+02 2.93e+02 2.39e+02 1.64e+02 8.19e+01 2.98e+01 2.03e+01 2.00e+01 2.00e+01 2.00e+01 2.00e+01 
 2.37275029768305e-09   1.41e+03 1.41e+03 1.41e+03 1.41e+03 1.41e+03 1.41e+03 1.41e+03 1.41e+03 1.41e+03 1.41e+03 1.41e+03 1.40e+03 1.40e+03 1.39e+03 1.38e+03 1.37e+03 1.37e+03 1.36e+03 1.35e+03 1.35e+03 1.34e+03 1.33e+03 1.32e+03 1.32e+03 1.31e+03 1.30e+03 1.29e+03 1.29e+03 1.28e+03 1.27e+03 1.26e+03 1.26e+03 1.25e+03 1.24e+03 1.23e+03 1.23e+03 1.22e+03 1.21e+03 1.20e+03 1.20e+03 1.19e+03 1.18e+03 1.17e+03 1.17e+03 1.16e+03 1.15e+03 1.14e+03 1.14e+03 1.13e+03 1.12e+03 1.11e+03 1.11e+03 1.10e+03 1.09e+03 1.08e+03 1.08e+03 1.07e+03 1.06e+03 1.05e+03 1.05e+03 1.04e+03 1.03e+03 1.02e+03 1.02e+03 1.01e+03 1.00e+03 9.95e+02 9.87e+02 9.80e+02 9.73e+02 9.66e+02 9.58e+02 9.51e+02 9.44e+02 9.37e+02 9.30e+02 9.23e+02 9.16e+02 9.09e+02 9.02e+02 8.95e+02 8.88e+02 8.81e+02 8.74e+02 8.67e+02 8.61e+02 8.54e+02 8.47e+02 8.40e+02 8.34e+02 8.27e+02 8.21e+02 8.14e+02 8.08e+02 8.01e+02 7.95e+02 7.88e+02 7.82e+02 7.76e+02 7.70e+02 7.63e+02 7.57e+02 7.51e+02 7.45e+02 7.39e+02 7.33e+02 7.27e+02 7.21e+02 7.16e+02 7.10e+02 7.04e+02 6.98e+02 6.93e+02 6.87e+02 6.82e+02 6.76e+02 6.71e+02 6.65e+02 6.60e+02 6.55e+02 6.49e+02 6.44e+02 6.39e+02 6.34e+02 6.29e+02 6.24e+02 6.19e+02 6.14e+02 6.09e+02 6.04e+02 5.99e+02 5.94e+02 5.90e+02 5.85e+02 5.80e+02 5.76e+02 5.71e+02 5.67e+02 5.62e+02 5.58e+02 5.54e+02 5.49e+02 5.45e+02 5.41e+02 5.37e+02 5.32e+02 5.28e+02 5.24e+02 5.20e+02 5.16e+02 5.12e+02 5.08e+02 5.04e+02 5.01e+02 4.97e+02 4.93e+02 4.89e+02 4.85e+02 4.82e+02 4.78e+02 4.75e+02 4.71e+02 4.68e+02 4.64e+02 4.61e+02 4.57e+02 4.54e+02 4.50e+02 4.47e+02 4.44e+02 4.41e+02 4.37e+02 4.34e+02 4.31e+02 4.28e+02 4.25e+02 4.22e+02 4.19e+02 4.16e+02 4.13e+02 4.10e+02 4.07e+02 4.04e+02 4.01e+02 3.98e+02 3.95e+02 3.92e+02 3.90e+02 3.87e+02 3.84e+02 3.81e+02 3.79e+02 3.76e+02 3.74e+02 3.71e+02 3.68e+02 3.66e+02 3.63e+02 3.61e+02 3.58e+02 3.53e+02 3.44e+02 3.26e+02 2.93e+02 2.40e+02 1.64e+02 8.22e+01 2.99e+01 2.03e+01 2.00e+01 2.00e+01 2.00e+01 2.00e+01 
 2.38276081758843e-09   1.41e+03 1.41e+03 1.41e+03 1.41e+03 1.41e+03 1.41e+03 1.41e+03 1.41e+03 1.41e+03 1.41e+03 1.41e+03 1.40e+03 1.40e+03 1.39e+03 1.38e+03 1.37e+03 1.37e+03 1.36e+03 1.35e+03 1.35e+03 1.34e+03 1.33e+03 1.32e+03 1.32e+03 1.31e+03 1.30e+03 1.29e+03 1.29e+03 1.28e+03 1.27e+03 1.26e+03 1.26e+03 1.25e+03 1.24e+03 1.23e+03 1.23e+03 1.22e+03 1.21e+03 1.20e+03 1.20e+03 1.19e+03 1.18e+03 1.17e+03 1.17e+03 1.16e+03 1.15e+03 1.14e+03 1.14e+03 1.13e+03 1.12e+03 1.11e+03 1.11e+03 1.10e+03 1.09e+03 1.08e+03 1.08e+03 1.07e+03 1.06e+03 1.05e+03 1.05e+03 1.04e+03 1.03e+03 1.02e+03 1.02e+03 1.01e+03 1.00e+03 9.95e+02 9.87e+02 9.80e+02 9.73e+02 9.66e+02 9.58e+02 9.51e+02 9.44e+02 9.37e+02 9.30e+02 9.23e+02 9.16e+02 9.09e+02 9.02e+02 8.95e+02 8.88e+02 8.81e+02 8.74e+02 8.67e+02 8.61e+02 8.54e+02 8.47e+02 8.41e+02 8.34e+02 8.27e+02 8.21e+02 8.14e+02 8.08e+02 8.01e+02 7.95e+02 7.89e+02 7.82e+02 7.76e+02 7.70e+02 7.64e+02 7.58e+02 7.52e+02 7.45e+02 7.39e+02 7.34e+02 7.28e+02 7.22e+02 7.16e+02 7.10e+02 7.04e+02 6.99e+02 6.93e+02 6.88e+02 6.82e+02 6.77e+02 6.71e+02 6.66e+02 6.60e+02 6.55e+02 6.50e+02 6.45e+02 6.39e+02 6.34e+02 6.29e+02 6.24e+02 6.19e+02 6.14e+02 6.09e+02 6.05e+02 6.00e+02 5.95e+02 5.90e+02 5.86e+02 5.81e+02 5.76e+02 5.72e+02 5.67e+02 5.63e+02 5.58e+02 5.54e+02 5.50e+02 5.46e+02 5.41e+02 5.37e+02 5.33e+02 5.29e+02 5.25e+02 5.21e+02 5.17e+02 5.13e+02 5.09e+02 5.05e+02 5.01e+02 4.97e+02 4.93e+02 4.90e+02 4.86e+02 4.82e+02 4.79e+02 4.75e+02 4.72e+02 4.68e+02 4.65e+02 4.61e+02 4.58e+02 4.54e+02 4.51e+02 4.48e+02 4.44e+02 4.41e+02 4.38e+02 4.35e+02 4.31e+02 4.28e+02 4.25e+02 4.22e+02 4.19e+02 4.16e+02 4.13e+02 4.10e+02 4.07e+02 4.04e+02 4.01e+02 3.99e+02 3.96e+02 3.93e+02 3.90e+02 3.87e+02 3.85e+02 3.82e+02 3.79e+02 3.77e+02 3.74e+02 3.71e+02 3.69e+02 3.66e+02 3.64e+02 3.61e+02 3.59e+02 3.54e+02 3.44e+02 3.26e+02 2.94e+02 2.40e+02 1.65e+02 8.25e+01 3.00e+01 2.03e+01 2.00e+01 2.00e+01 2.00e+01 2.00e+01 
 2.39277372564704e-09   1.41e+03 1.41e+03 1.41e+03 1.41e+03 1.41e+03 1.41e+03 1.41e+03 1.41e+03 1.41e+03 1.41e+03 1.41e+03 1.40e+03 1.40e+03 1.39e+03 1.38e+03 1.37e+03 1.37e+03 1.36e+03 1.35e+03 1.35e+03 1.34e+03 1.33e+03 1.32e+03 1.32e+03 1.31e+03 1.30e+03 1.29e+03 1.29e+03 1.28e+03 1.27e+03 1.26e+03 1.26e+03 1.25e+03 1.24e+03 1.23e+03 1.23e+03 1.22e+03 1.21e+03 1.20e+03 1.20e+03 1.19e+03 1.18e+03 1.17e+03 1.17e+03 1.16e+03 1.15e+03 1.14e+03 1.14e+03 1.13e+03 1.12e+03 1.11e+03 1.11e+03 1.10e+03 1.09e+03 1.08e+03 1.08e+03 1.07e+03 1.06e+03 1.05e+03 1.05e+03 1.04e+03 1.03e+03 1.02e+03 1.02e+03 1.01e+03 1.00e+03 9.95e+02 9.87e+02 9.80e+02 9.73e+02 9.66e+02 9.58e+02 9.51e+02 9.44e+02 9.37e+02 9.30e+02 9.23e+02 9.16e+02 9.09e+02 9.02e+02 8.95e+02 8.88e+02 8.81e+02 8.74e+02 8.68e+02 8.61e+02 8.54e+02 8.47e+02 8.41e+02 8.34e+02 8.28e+02 8.21e+02 8.15e+02 8.08e+02 8.02e+02 7.95e+02 7.89e+02 7.83e+02 7.76e+02 7.70e+02 7.64e+02 7.58e+02 7.52e+02 7.46e+02 7.40e+02 7.34e+02 7.28e+02 7.22e+02 7.16e+02 7.11e+02 7.05e+02 6.99e+02 6.94e+02 6.88e+02 6.82e+02 6.77e+02 6.72e+02 6.66e+02 6.61e+02 6.55e+02 6.50e+02 6.45e+02 6.40e+02 6.35e+02 6.30e+02 6.25e+02 6.20e+02 6.15e+02 6.10e+02 6.05e+02 6.00e+02 5.95e+02 5.91e+02 5.86e+02 5.81e+02 5.77e+02 5.72e+02 5.68e+02 5.63e+02 5.59e+02 5.55e+02 5.50e+02 5.46e+02 5.42e+02 5.38e+02 5.33e+02 5.29e+02 5.25e+02 5.21e+02 5.17e+02 5.13e+02 5.09e+02 5.05e+02 5.02e+02 4.98e+02 4.94e+02 4.90e+02 4.87e+02 4.83e+02 4.79e+02 4.76e+02 4.72e+02 4.69e+02 4.65e+02 4.62e+02 4.58e+02 4.55e+02 4.51e+02 4.48e+02 4.45e+02 4.42e+02 4.38e+02 4.35e+02 4.32e+02 4.29e+02 4.26e+02 4.23e+02 4.20e+02 4.17e+02 4.14e+02 4.11e+02 4.08e+02 4.05e+02 4.02e+02 3.99e+02 3.96e+02 3.93e+02 3.91e+02 3.88e+02 3.85e+02 3.83e+02 3.80e+02 3.77e+02 3.75e+02 3.72e+02 3.69e+02 3.67e+02 3.64e+02 3.62e+02 3.59e+02 3.54e+02 3.45e+02 3.27e+02 2.94e+02 2.41e+02 1.65e+02 8.28e+01 3.01e+01 2.03e+01 2.00e+01 2.00e+01 2.00e+01 2.00e+01 
 2.40278901393190e-09   1.41e+03 1.41e+03 1.41e+03 1.41e+03 1.41e+03 1.41e+03 1.41e+03 1.41e+03 1.41e+03 1.41e+03 1.41e+03 1.40e+03 1.40e+03 1.39e+03 1.38e+03 1.37e+03 1.37e+03 1.36e+03 1.35e+03 1.34e+03 1.34e+03 1.33e+03 1.32e+03 1.32e+03 1.31e+03 1.30e+03 1.29e+03 1.29e+03 1.28e+03 1.27e+03 1.26e+03 1.26e+03 1.25e+03 1.24e+03 1.23e+03 1.23e+03 1.22e+03 1.21e+03 1.20e+03 1.20e+03 1.19e+03 1.18e+03 1.17e+03 1.17e+03 1.16e+03 1.15e+03 1.14e+03 1.14e+03 1.13e+03 1.12e+03 1.11e+03 1.11e+03 1.10e+03 1.09e+03 1.08e+03 1.08e+03 1.07e+03 1.06e+03 1.05e+03 1.05e+03 1.04e+03 1.03e+03 1.02e+03 1.02e+03 1.01e+03 1.00e+03 9.95e+02 9.87e+02 9.80e+02 9.73e+02 9.66e+02 9.58e+02 9.51e+02 9.44e+02 9.37e+02 9.30e+02 9.23e+02 9.16e+02 9.09e+02 9.02e+02 8.95e+02 8.88e+02 8.81e+02 8.75e+02 8.68e+02 8.61e+02 8.54e+02 8.48e+02 8.41e+02 8.34e+02 8.28e+02 8.21e+02 8.15e+02 8.08e+02 8.02e+02 7.96e+02 7.89e+02 7.83e+02 7.77e+02 7.70e+02 7.64e+02 7.58e+02 7.52e+02 7.46e+02 7.40e+02 7.34e+02 7.28e+02 7.22e+02 7.17e+02 7.11e+02 7.05e+02 7.00e+02 6.94e+02 6.88e+02 6.83e+02 6.77e+02 6.72e+02 6.67e+02 6.61e+02 6.56e+02 6.51e+02 6.45e+02 6.40e+02 6.35e+02 6.30e+02 6.25e+02 6.20e+02 6.15e+02 6.10e+02 6.05e+02 6.01e+02 5.96e+02 5.91e+02 5.87e+02 5.82e+02 5.77e+02 5.73e+02 5.68e+02 5.64e+02 5.59e+02 5.55e+02 5.51e+02 5.47e+02 5.42e+02 5.38e+02 5.34e+02 5.30e+02 5.26e+02 5.22e+02 5.18e+02 5.14e+02 5.10e+02 5.06e+02 5.02e+02 4.98e+02 4.95e+02 4.91e+02 4.87e+02 4.83e+02 4.80e+02 4.76e+02 4.73e+02 4.69e+02 4.66e+02 4.62e+02 4.59e+02 4.55e+02 4.52e+02 4.49e+02 4.45e+02 4.42e+02 4.39e+02 4.36e+02 4.33e+02 4.29e+02 4.26e+02 4.23e+02 4.20e+02 4.17e+02 4.14e+02 4.11e+02 4.08e+02 4.05e+02 4.02e+02 4.00e+02 3.97e+02 3.94e+02 3.91e+02 3.88e+02 3.86e+02 3.83e+02 3.80e+02 3.78e+02 3.75e+02 3.73e+02 3.70e+02 3.67e+02 3.65e+02 3.62e+02 3.60e+02 3.55e+02 3.45e+02 3.27e+02 2.95e+02 2.41e+02 1.65e+02 8.30e+01 3.02e+01 2.03e+01 2.00e+01 2.00e+01 2.00e+01 2.00e+01 
 2.41280667456364e-09   1.41e+03 1.41e+03 1.41e+03 1.41e+03 1.41e+03 1.41e+03 1.41e+03 1.41e+03 1.41e+03 1.41e+03 1.40e+03 1.40e+03 1.39e+03 1.38e+03 1.38e+03 1.37e+03 1.36e+03 1.36e+03 1.35e+03 1.34e+03 1.34e+03 1.33e+03 1.32e+03 1.31e+03 1.31e+03 1.30e+03 1.29e+03 1.28e+03 1.28e+03 1.27e+03 1.26e+03 1.26e+03 1.25e+03 1.24e+03 1.23e+03 1.23e+03 1.22e+03 1.21e+03 1.20e+03 1.20e+03 1.19e+03 1.18e+03 1.17e+03 1.17e+03 1.16e+03 1.15e+03 1.14e+03 1.14e+03 1.13e+03 1.12e+03 1.11e+03 1.11e+03 1.10e+03 1.09e+03 1.08e+03 1.08e+03 1.07e+03 1.06e+03 1.05e+03 1.05e+03 1.04e+03 1.03e+03 1.02e+03 1.02e+03 1.01e+03 1.00e+03 9.95e+02 9.87e+02 9.80e+02 9.73e+02 9.66e+02 9.58e+02 9.51e+02 9.44e+02 9.37e+02 9.30e+02 9.23e+02 9.16e+02 9.09e+02 9.02e+02 8.95e+02 8.88e+02 8.81e+02 8.75e+02 8.68e+02 8.61e+02 8.54e+02 8.48e+02 8.41e+02 8.35e+02 8.28e+02 8.21e+02 8.15e+02 8.09e+02 8.02e+02 7.96e+02 7.89e+02 7.83e+02 7.77e+02 7.71e+02 7.65e+02 7.59e+02 7.52e+02 7.46e+02 7.40e+02 7.35e+02 7.29e+02 7.23e+02 7.17e+02 7.11e+02 7.06e+02 7.00e+02 6.94e+02 6.89e+02 6.83e+02 6.78e+02 6.72e+02 6.67e+02 6.62e+02 6.56e+02 6.51e+02 6.46e+02 6.41e+02 6.36e+02 6.31e+02 6.26e+02 6.21e+02 6.16e+02 6.11e+02 6.06e+02 6.01e+02 5.96e+02 5.92e+02 5.87e+02 5.82e+02 5.78e+02 5.73e+02 5.69e+02 5.64e+02 5.60e+02 5.56e+02 5.51e+02 5.47e+02 5.43e+02 5.39e+02 5.34e+02 5.30e+02 5.26e+02 5.22e+02 5.18e+02 5.14e+02 5.10e+02 5.06e+02 5.03e+02 4.99e+02 4.95e+02 4.91e+02 4.88e+02 4.84e+02 4.80e+02 4.77e+02 4.73e+02 4.70e+02 4.66e+02 4.63e+02 4.59e+02 4.56e+02 4.53e+02 4.49e+02 4.46e+02 4.43e+02 4.39e+02 4.36e+02 4.33e+02 4.30e+02 4.27e+02 4.24e+02 4.21e+02 4.18e+02 4.15e+02 4.12e+02 4.09e+02 4.06e+02 4.03e+02 4.00e+02 3.97e+02 3.95e+02 3.92e+02 3.89e+02 3.86e+02 3.84e+02 3.81e+02 3.78e+02 3.76e+02 3.73e+02 3.70e+02 3.68e+02 3.65e+02 3.63e+02 3.60e+02 3.56e+02 3.46e+02 3.28e+02 2.95e+02 2.41e+02 1.66e+02 8.33e+01 3.02e+01 2.03e+01 2.00e+01 2.00e+01 2.00e+01 2.00e+01 
 2.42282669971001e-09   1.41e+03 1.41e+03 1.41e+03 1.41e+03 1.41e+03 1.41e+03 1.41e+03 1.41e+03 1.41e+03 1.41e+03 1.40e+03 1.40e+03 1.39e+03 1.38e+03 1.38e+03 1.37e+03 1.36e+03 1.36e+03 1.35e+03 1.34e+03 1.34e+03 1.33e+03 1.32e+03 1.31e+03 1.31e+03 1.30e+03 1.29e+03 1.28e+03 1.28e+03 1.27e+03 1.26e+03 1.25e+03 1.25e+03 1.24e+03 1.23e+03 1.22e+03 1.22e+03 1.21e+03 1.20e+03 1.19e+03 1.19e+03 1.18e+03 1.17e+03 1.16e+03 1.16e+03 1.15e+03 1.14e+03 1.13e+03 1.13e+03 1.12e+03 1.11e+03 1.11e+03 1.10e+03 1.09e+03 1.08e+03 1.08e+03 1.07e+03 1.06e+03 1.05e+03 1.05e+03 1.04e+03 1.03e+03 1.02e+03 1.02e+03 1.01e+03 1.00e+03 9.94e+02 9.87e+02 9.80e+02 9.73e+02 9.66e+02 9.58e+02 9.51e+02 9.44e+02 9.37e+02 9.30e+02 9.23e+02 9.16e+02 9.09e+02 9.02e+02 8.95e+02 8.88e+02 8.82e+02 8.75e+02 8.68e+02 8.61e+02 8.55e+02 8.48e+02 8.41e+02 8.35e+02 8.28e+02 8.22e+02 8.15e+02 8.09e+02 8.02e+02 7.96e+02 7.90e+02 7.83e+02 7.77e+02 7.71e+02 7.65e+02 7.59e+02 7.53e+02 7.47e+02 7.41e+02 7.35e+02 7.29e+02 7.23e+02 7.17e+02 7.12e+02 7.06e+02 7.00e+02 6.95e+02 6.89e+02 6.84e+02 6.78e+02 6.73e+02 6.67e+02 6.62e+02 6.57e+02 6.51e+02 6.46e+02 6.41e+02 6.36e+02 6.31e+02 6.26e+02 6.21e+02 6.16e+02 6.11e+02 6.06e+02 6.02e+02 5.97e+02 5.92e+02 5.87e+02 5.83e+02 5.78e+02 5.74e+02 5.69e+02 5.65e+02 5.60e+02 5.56e+02 5.52e+02 5.48e+02 5.43e+02 5.39e+02 5.35e+02 5.31e+02 5.27e+02 5.23e+02 5.19e+02 5.15e+02 5.11e+02 5.07e+02 5.03e+02 4.99e+02 4.96e+02 4.92e+02 4.88e+02 4.84e+02 4.81e+02 4.77e+02 4.74e+02 4.70e+02 4.67e+02 4.63e+02 4.60e+02 4.56e+02 4.53e+02 4.50e+02 4.46e+02 4.43e+02 4.40e+02 4.37e+02 4.34e+02 4.30e+02 4.27e+02 4.24e+02 4.21e+02 4.18e+02 4.15e+02 4.12e+02 4.09e+02 4.06e+02 4.04e+02 4.01e+02 3.98e+02 3.95e+02 3.92e+02 3.90e+02 3.87e+02 3.84e+02 3.81e+02 3.79e+02 3.76e+02 3.74e+02 3.71e+02 3.68e+02 3.66e+02 3.63e+02 3.61e+02 3.56e+02 3.46e+02 3.28e+02 2.96e+02 2.42e+02 1.66e+02 8.36e+01 3.03e+01 2.03e+01 2.00e+01 2.00e+01 2.00e+01 2.00e+01 
 2.43284908158544e-09   1.41e+03 1.41e+03 1.41e+03 1.41e+03 1.41e+03 1.41e+03 1.41e+03 1.41e+03 1.41e+03 1.41e+03 1.40e+03 1.40e+03 1.39e+03 1.38e+03 1.38e+03 1.37e+03 1.36e+03 1.36e+03 1.35e+03 1.34e+03 1.33e+03 1.33e+03 1.32e+03 1.31e+03 1.31e+03 1.30e+03 1.29e+03 1.28e+03 1.28e+03 1.27e+03 1.26e+03 1.25e+03 1.25e+03 1.24e+03 1.23e+03 1.22e+03 1.22e+03 1.21e+03 1.20e+03 1.19e+03 1.19e+03 1.18e+03 1.17e+03 1.16e+03 1.16e+03 1.15e+03 1.14e+03 1.13e+03 1.13e+03 1.12e+03 1.11e+03 1.10e+03 1.10e+03 1.09e+03 1.08e+03 1.08e+03 1.07e+03 1.06e+03 1.05e+03 1.05e+03 1.04e+03 1.03e+03 1.02e+03 1.02e+03 1.01e+03 1.00e+03 9.94e+02 9.87e+02 9.80e+02 9.73e+02 9.66e+02 9.58e+02 9.51e+02 9.44e+02 9.37e+02 9.30e+02 9.23e+02 9.16e+02 9.09e+02 9.02e+02 8.95e+02 8.89e+02 8.82e+02 8.75e+02 8.68e+02 8.61e+02 8.55e+02 8.48e+02 8.42e+02 8.35e+02 8.28e+02 8.22e+02 8.15e+02 8.09e+02 8.03e+02 7.96e+02 7.90e+02 7.84e+02 7.78e+02 7.71e+02 7.65e+02 7.59e+02 7.53e+02 7.47e+02 7.41e+02 7.35e+02 7.29e+02 7.24e+02 7.18e+02 7.12e+02 7.06e+02 7.01e+02 6.95e+02 6.90e+02 6.84e+02 6.79e+02 6.73e+02 6.68e+02 6.62e+02 6.57e+02 6.52e+02 6.47e+02 6.42e+02 6.36e+02 6.31e+02 6.26e+02 6.21e+02 6.17e+02 6.12e+02 6.07e+02 6.02e+02 5.97e+02 5.93e+02 5.88e+02 5.83e+02 5.79e+02 5.74e+02 5.70e+02 5.65e+02 5.61e+02 5.57e+02 5.52e+02 5.48e+02 5.44e+02 5.40e+02 5.35e+02 5.31e+02 5.27e+02 5.23e+02 5.19e+02 5.15e+02 5.11e+02 5.07e+02 5.04e+02 5.00e+02 4.96e+02 4.92e+02 4.89e+02 4.85e+02 4.81e+02 4.78e+02 4.74e+02 4.71e+02 4.67e+02 4.64e+02 4.60e+02 4.57e+02 4.54e+02 4.50e+02 4.47e+02 4.44e+02 4.41e+02 4.37e+02 4.34e+02 4.31e+02 4.28e+02 4.25e+02 4.22e+02 4.19e+02 4.16e+02 4.13e+02 4.10e+02 4.07e+02 4.04e+02 4.01e+02 3.98e+02 3.96e+02 3.93e+02 3.90e+02 3.87e+02 3.85e+02 3.82e+02 3.79e+02 3.77e+02 3.74e+02 3.72e+02 3.69e+02 3.66e+02 3.64e+02 3.61e+02 3.57e+02 3.47e+02 3.29e+02 2.96e+02 2.42e+02 1.67e+02 8.39e+01 3.04e+01 2.03e+01 2.00e+01 2.00e+01 2.00e+01 2.00e+01 
 2.44287381245052e-09   1.41e+03 1.41e+03 1.41e+03 1.41e+03 1.41e+03 1.41e+03 1.41e+03 1.41e+03 1.41e+03 1.41e+03 1.40e+03 1.40e+03 1.39e+03 1.38e+03 1.38e+03 1.37e+03 1.36e+03 1.35e+03 1.35e+03 1.34e+03 1.33e+03 1.33e+03 1.32e+03 1.31e+03 1.30e+03 1.30e+03 1.29e+03 1.28e+03 1.28e+03 1.27e+03 1.26e+03 1.25e+03 1.25e+03 1.24e+03 1.23e+03 1.22e+03 1.22e+03 1.21e+03 1.20e+03 1.19e+03 1.19e+03 1.18e+03 1.17e+03 1.16e+03 1.16e+03 1.15e+03 1.14e+03 1.13e+03 1.13e+03 1.12e+03 1.11e+03 1.10e+03 1.10e+03 1.09e+03 1.08e+03 1.07e+03 1.07e+03 1.06e+03 1.05e+03 1.05e+03 1.04e+03 1.03e+03 1.02e+03 1.02e+03 1.01e+03 1.00e+03 9.94e+02 9.87e+02 9.80e+02 9.73e+02 9.66e+02 9.58e+02 9.51e+02 9.44e+02 9.37e+02 9.30e+02 9.23e+02 9.16e+02 9.09e+02 9.02e+02 8.96e+02 8.89e+02 8.82e+02 8.75e+02 8.68e+02 8.62e+02 8.55e+02 8.48e+02 8.42e+02 8.35e+02 8.29e+02 8.22e+02 8.16e+02 8.09e+02 8.03e+02 7.97e+02 7.90e+02 7.84e+02 7.78e+02 7.72e+02 7.65e+02 7.59e+02 7.53e+02 7.47e+02 7.41e+02 7.36e+02 7.30e+02 7.24e+02 7.18e+02 7.12e+02 7.07e+02 7.01e+02 6.95e+02 6.90e+02 6.84e+02 6.79e+02 6.74e+02 6.68e+02 6.63e+02 6.58e+02 6.52e+02 6.47e+02 6.42e+02 6.37e+02 6.32e+02 6.27e+02 6.22e+02 6.17e+02 6.12e+02 6.07e+02 6.03e+02 5.98e+02 5.93e+02 5.88e+02 5.84e+02 5.79e+02 5.75e+02 5.70e+02 5.66e+02 5.61e+02 5.57e+02 5.53e+02 5.49e+02 5.44e+02 5.40e+02 5.36e+02 5.32e+02 5.28e+02 5.24e+02 5.20e+02 5.16e+02 5.12e+02 5.08e+02 5.04e+02 5.00e+02 4.97e+02 4.93e+02 4.89e+02 4.86e+02 4.82e+02 4.78e+02 4.75e+02 4.71e+02 4.68e+02 4.64e+02 4.61e+02 4.57e+02 4.54e+02 4.51e+02 4.48e+02 4.44e+02 4.41e+02 4.38e+02 4.35e+02 4.32e+02 4.28e+02 4.25e+02 4.22e+02 4.19e+02 4.16e+02 4.13e+02 4.10e+02 4.08e+02 4.05e+02 4.02e+02 3.99e+02 3.96e+02 3.93e+02 3.91e+02 3.88e+02 3.85e+02 3.83e+02 3.80e+02 3.77e+02 3.75e+02 3.72e+02 3.70e+02 3.67e+02 3.64e+02 3.62e+02 3.57e+02 3.48e+02 3.29e+02 2.97e+02 2.43e+02 1.67e+02 8.42e+01 3.05e+01 2.04e+01 2.00e+01 2.00e+01 2.00e+01 2.00e+01 
 2.45287593874750e-09   1.41e+03 1.41e+03 1.41e+03 1.41e+03 1.41e+03 1.41e+03 1.41e+03 1.41e+03 1.41e+03 1.41e+03 1.40e+03 1.40e+03 1.39e+03 1.38e+03 1.38e+03 1.37e+03 1.36e+03 1.35e+03 1.35e+03 1.34e+03 1.33e+03 1.33e+03 1.32e+03 1.31e+03 1.30e+03 1.30e+03 1.29e+03 1.28e+03 1.27e+03 1.27e+03 1.26e+03 1.25e+03 1.25e+03 1.24e+03 1.23e+03 1.22e+03 1.22e+03 1.21e+03 1.20e+03 1.19e+03 1.19e+03 1.18e+03 1.17e+03 1.16e+03 1.16e+03 1.15e+03 1.14e+03 1.13e+03 1.13e+03 1.12e+03 1.11e+03 1.10e+03 1.10e+03 1.09e+03 1.08e+03 1.07e+03 1.07e+03 1.06e+03 1.05e+03 1.05e+03 1.04e+03 1.03e+03 1.02e+03 1.02e+03 1.01e+03 1.00e+03 9.94e+02 9.87e+02 9.80e+02 9.73e+02 9.66e+02 9.58e+02 9.51e+02 9.44e+02 9.37e+02 9.30e+02 9.23e+02 9.16e+02 9.09e+02 9.02e+02 8.96e+02 8.89e+02 8.82e+02 8.75e+02 8.68e+02 8.62e+02 8.55e+02 8.48e+02 8.42e+02 8.35e+02 8.29e+02 8.22e+02 8.16e+02 8.09e+02 8.03e+02 7.97e+02 7.90e+02 7.84e+02 7.78e+02 7.72e+02 7.66e+02 7.60e+02 7.54e+02 7.48e+02 7.42e+02 7.36e+02 7.30e+02 7.24e+02 7.18e+02 7.13e+02 7.07e+02 7.01e+02 6.96e+02 6.90e+02 6.85e+02 6.79e+02 6.74e+02 6.69e+02 6.63e+02 6.58e+02 6.53e+02 6.48e+02 6.42e+02 6.37e+02 6.32e+02 6.27e+02 6.22e+02 6.17e+02 6.13e+02 6.08e+02 6.03e+02 5.98e+02 5.94e+02 5.89e+02 5.84e+02 5.80e+02 5.75e+02 5.71e+02 5.66e+02 5.62e+02 5.58e+02 5.53e+02 5.49e+02 5.45e+02 5.41e+02 5.36e+02 5.32e+02 5.28e+02 5.24e+02 5.20e+02 5.16e+02 5.12e+02 5.09e+02 5.05e+02 5.01e+02 4.97e+02 4.93e+02 4.90e+02 4.86e+02 4.82e+02 4.79e+02 4.75e+02 4.72e+02 4.68e+02 4.65e+02 4.61e+02 4.58e+02 4.55e+02 4.51e+02 4.48e+02 4.45e+02 4.42e+02 4.38e+02 4.35e+02 4.32e+02 4.29e+02 4.26e+02 4.23e+02 4.20e+02 4.17e+02 4.14e+02 4.11e+02 4.08e+02 4.05e+02 4.02e+02 3.99e+02 3.97e+02 3.94e+02 3.91e+02 3.88e+02 3.86e+02 3.83e+02 3.80e+02 3.78e+02 3.75e+02 3.73e+02 3.70e+02 3.68e+02 3.65e+02 3.63e+02 3.58e+02 3.48e+02 3.30e+02 2.97e+02 2.43e+02 1.68e+02 8.45e+01 3.06e+01 2.04e+01 2.00e+01 2.00e+01 2.00e+01 2.00e+01 
 2.46288038711516e-09   1.41e+03 1.41e+03 1.41e+03 1.41e+03 1.41e+03 1.41e+03 1.41e+03 1.41e+03 1.41e+03 1.41e+03 1.40e+03 1.40e+03 1.39e+03 1.38e+03 1.38e+03 1.37e+03 1.36e+03 1.35e+03 1.35e+03 1.34e+03 1.33e+03 1.33e+03 1.32e+03 1.31e+03 1.30e+03 1.30e+03 1.29e+03 1.28e+03 1.27e+03 1.27e+03 1.26e+03 1.25e+03 1.25e+03 1.24e+03 1.23e+03 1.22e+03 1.22e+03 1.21e+03 1.20e+03 1.19e+03 1.19e+03 1.18e+03 1.17e+03 1.16e+03 1.16e+03 1.15e+03 1.14e+03 1.13e+03 1.13e+03 1.12e+03 1.11e+03 1.10e+03 1.10e+03 1.09e+03 1.08e+03 1.07e+03 1.07e+03 1.06e+03 1.05e+03 1.05e+03 1.04e+03 1.03e+03 1.02e+03 1.02e+03 1.01e+03 1.00e+03 9.94e+02 9.87e+02 9.80e+02 9.73e+02 9.66e+02 9.58e+02 9.51e+02 9.44e+02 9.37e+02 9.30e+02 9.23e+02 9.16e+02 9.09e+02 9.03e+02 8.96e+02 8.89e+02 8.82e+02 8.75e+02 8.69e+02 8.62e+02 8.55e+02 8.49e+02 8.42e+02 8.35e+02 8.29e+02 8.23e+02 8.16e+02 8.10e+02 8.03e+02 7.97e+02 7.91e+02 7.85e+02 7.78e+02 7.72e+02 7.66e+02 7.60e+02 7.54e+02 7.48e+02 7.42e+02 7.36e+02 7.30e+02 7.25e+02 7.19e+02 7.13e+02 7.07e+02 7.02e+02 6.96e+02 6.91e+02 6.85e+02 6.80e+02 6.74e+02 6.69e+02 6.64e+02 6.58e+02 6.53e+02 6.48e+02 6.43e+02 6.38e+02 6.33e+02 6.28e+02 6.23e+02 6.18e+02 6.13e+02 6.08e+02 6.03e+02 5.99e+02 5.94e+02 5.89e+02 5.85e+02 5.80e+02 5.76e+02 5.71e+02 5.67e+02 5.62e+02 5.58e+02 5.54e+02 5.49e+02 5.45e+02 5.41e+02 5.37e+02 5.33e+02 5.29e+02 5.25e+02 5.21e+02 5.17e+02 5.13e+02 5.09e+02 5.05e+02 5.01e+02 4.98e+02 4.94e+02 4.90e+02 4.87e+02 4.83e+02 4.79e+02 4.76e+02 4.72e+02 4.69e+02 4.65e+02 4.62e+02 4.59e+02 4.55e+02 4.52e+02 4.49e+02 4.45e+02 4.42e+02 4.39e+02 4.36e+02 4.33e+02 4.29e+02 4.26e+02 4.23e+02 4.20e+02 4.17e+02 4.14e+02 4.11e+02 4.09e+02 4.06e+02 4.03e+02 4.00e+02 3.97e+02 3.94e+02 3.92e+02 3.89e+02 3.86e+02 3.84e+02 3.81e+02 3.78e+02 3.76e+02 3.73e+02 3.71e+02 3.68e+02 3.66e+02 3.63e+02 3.58e+02 3.49e+02 3.30e+02 2.98e+02 2.44e+02 1.68e+02 8.48e+01 3.07e+01 2.04e+01 2.00e+01 2.00e+01 2.00e+01 2.00e+01 
 2.47288715000642e-09   1.41e+03 1.41e+03 1.41e+03 1.41e+03 1.41e+03 1.41e+03 1.41e+03 1.41e+03 1.41e+03 1.41e+03 1.40e+03 1.40e+03 1.39e+03 1.38e+03 1.38e+03 1.37e+03 1.36e+03 1.35e+03 1.35e+03 1.34e+03 1.33e+03 1.32e+03 1.32e+03 1.31e+03 1.30e+03 1.30e+03 1.29e+03 1.28e+03 1.27e+03 1.27e+03 1.26e+03 1.25e+03 1.24e+03 1.24e+03 1.23e+03 1.22e+03 1.22e+03 1.21e+03 1.20e+03 1.19e+03 1.19e+03 1.18e+03 1.17e+03 1.16e+03 1.16e+03 1.15e+03 1.14e+03 1.13e+03 1.13e+03 1.12e+03 1.11e+03 1.10e+03 1.10e+03 1.09e+03 1.08e+03 1.07e+03 1.07e+03 1.06e+03 1.05e+03 1.05e+03 1.04e+03 1.03e+03 1.02e+03 1.02e+03 1.01e+03 1.00e+03 9.94e+02 9.87e+02 9.80e+02 9.73e+02 9.66e+02 9.58e+02 9.51e+02 9.44e+02 9.37e+02 9.30e+02 9.23e+02 9.16e+02 9.10e+02 9.03e+02 8.96e+02 8.89e+02 8.82e+02 8.75e+02 8.69e+02 8.62e+02 8.55e+02 8.49e+02 8.42e+02 8.36e+02 8.29e+02 8.23e+02 8.16e+02 8.10e+02 8.04e+02 7.97e+02 7.91e+02 7.85e+02 7.79e+02 7.72e+02 7.66e+02 7.60e+02 7.54e+02 7.48e+02 7.42e+02 7.36e+02 7.31e+02 7.25e+02 7.19e+02 7.13e+02 7.08e+02 7.02e+02 6.97e+02 6.91e+02 6.86e+02 6.80e+02 6.75e+02 6.69e+02 6.64e+02 6.59e+02 6.54e+02 6.48e+02 6.43e+02 6.38e+02 6.33e+02 6.28e+02 6.23e+02 6.18e+02 6.13e+02 6.09e+02 6.04e+02 5.99e+02 5.94e+02 5.90e+02 5.85e+02 5.81e+02 5.76e+02 5.72e+02 5.67e+02 5.63e+02 5.59e+02 5.54e+02 5.50e+02 5.46e+02 5.42e+02 5.37e+02 5.33e+02 5.29e+02 5.25e+02 5.21e+02 5.17e+02 5.13e+02 5.10e+02 5.06e+02 5.02e+02 4.98e+02 4.94e+02 4.91e+02 4.87e+02 4.83e+02 4.80e+02 4.76e+02 4.73e+02 4.69e+02 4.66e+02 4.62e+02 4.59e+02 4.56e+02 4.52e+02 4.49e+02 4.46e+02 4.43e+02 4.39e+02 4.36e+02 4.33e+02 4.30e+02 4.27e+02 4.24e+02 4.21e+02 4.18e+02 4.15e+02 4.12e+02 4.09e+02 4.06e+02 4.03e+02 4.01e+02 3.98e+02 3.95e+02 3.92e+02 3.89e+02 3.87e+02 3.84e+02 3.81e+02 3.79e+02 3.76e+02 3.74e+02 3.71e+02 3.69e+02 3.66e+02 3.64e+02 3.59e+02 3.49e+02 3.31e+02 2.98e+02 2.44e+02 1.68e+02 8.51e+01 3.08e+01 2.04e+01 2.00e+01 2.00e+01 2.00e+01 2.00e+01 
 2.48289621991817e-09   1.41e+03 1.41e+03 1.41e+03 1.41e+03 1.41e+03 1.41e+03 1.41e+03 1.41e+03 1.41e+03 1.41e+03 1.40e+03 1.40e+03 1.39e+03 1.38e+03 1.38e+03 1.37e+03 1.36e+03 1.35e+03 1.35e+03 1.34e+03 1.33e+03 1.32e+03 1.32e+03 1.31e+03 1.30e+03 1.30e+03 1.29e+03 1.28e+03 1.27e+03 1.27e+03 1.26e+03 1.25e+03 1.24e+03 1.24e+03 1.23e+03 1.22e+03 1.21e+03 1.21e+03 1.20e+03 1.19e+03 1.19e+03 1.18e+03 1.17e+03 1.16e+03 1.16e+03 1.15e+03 1.14e+03 1.13e+03 1.13e+03 1.12e+03 1.11e+03 1.10e+03 1.10e+03 1.09e+03 1.08e+03 1.07e+03 1.07e+03 1.06e+03 1.05e+03 1.04e+03 1.04e+03 1.03e+03 1.02e+03 1.02e+03 1.01e+03 1.00e+03 9.94e+02 9.87e+02 9.80e+02 9.73e+02 9.66e+02 9.58e+02 9.51e+02 9.44e+02 9.37e+02 9.30e+02 9.23e+02 9.17e+02 9.10e+02 9.03e+02 8.96e+02 8.89e+02 8.82e+02 8.76e+02 8.69e+02 8.62e+02 8.56e+02 8.49e+02 8.42e+02 8.36e+02 8.29e+02 8.23e+02 8.17e+02 8.10e+02 8.04e+02 7.98e+02 7.91e+02 7.85e+02 7.79e+02 7.73e+02 7.67e+02 7.61e+02 7.55e+02 7.49e+02 7.43e+02 7.37e+02 7.31e+02 7.25e+02 7.19e+02 7.14e+02 7.08e+02 7.02e+02 6.97e+02 6.91e+02 6.86e+02 6.80e+02 6.75e+02 6.70e+02 6.64e+02 6.59e+02 6.54e+02 6.49e+02 6.44e+02 6.39e+02 6.34e+02 6.29e+02 6.24e+02 6.19e+02 6.14e+02 6.09e+02 6.04e+02 6.00e+02 5.95e+02 5.90e+02 5.86e+02 5.81e+02 5.77e+02 5.72e+02 5.68e+02 5.63e+02 5.59e+02 5.55e+02 5.50e+02 5.46e+02 5.42e+02 5.38e+02 5.34e+02 5.30e+02 5.26e+02 5.22e+02 5.18e+02 5.14e+02 5.10e+02 5.06e+02 5.02e+02 4.99e+02 4.95e+02 4.91e+02 4.88e+02 4.84e+02 4.80e+02 4.77e+02 4.73e+02 4.70e+02 4.66e+02 4.63e+02 4.60e+02 4.56e+02 4.53e+02 4.50e+02 4.46e+02 4.43e+02 4.40e+02 4.37e+02 4.34e+02 4.31e+02 4.27e+02 4.24e+02 4.21e+02 4.18e+02 4.15e+02 4.13e+02 4.10e+02 4.07e+02 4.04e+02 4.01e+02 3.98e+02 3.95e+02 3.93e+02 3.90e+02 3.87e+02 3.85e+02 3.82e+02 3.79e+02 3.77e+02 3.74e+02 3.72e+02 3.69e+02 3.67e+02 3.64e+02 3.59e+02 3.50e+02 3.31e+02 2.99e+02 2.45e+02 1.69e+02 8.54e+01 3.09e+01 2.04e+01 2.00e+01 2.00e+01 2.00e+01 2.00e+01 
 2.49290758939096e-09   1.41e+03 1.41e+03 1.41e+03 1.41e+03 1.41e+03 1.41e+03 1.41e+03 1.41e+03 1.41e+03 1.41e+03 1.40e+03 1.40e+03 1.39e+03 1.38e+03 1.38e+03 1.37e+03 1.36e+03 1.35e+03 1.35e+03 1.34e+03 1.33e+03 1.32e+03 1.32e+03 1.31e+03 1.30e+03 1.30e+03 1.29e+03 1.28e+03 1.27e+03 1.27e+03 1.26e+03 1.25e+03 1.24e+03 1.24e+03 1.23e+03 1.22e+03 1.21e+03 1.21e+03 1.20e+03 1.19e+03 1.18e+03 1.18e+03 1.17e+03 1.16e+03 1.16e+03 1.15e+03 1.14e+03 1.13e+03 1.13e+03 1.12e+03 1.11e+03 1.10e+03 1.10e+03 1.09e+03 1.08e+03 1.07e+03 1.07e+03 1.06e+03 1.05e+03 1.04e+03 1.04e+03 1.03e+03 1.02e+03 1.02e+03 1.01e+03 1.00e+03 9.94e+02 9.87e+02 9.80e+02 9.73e+02 9.66e+02 9.58e+02 9.51e+02 9.44e+02 9.37e+02 9.30e+02 9.23e+02 9.17e+02 9.10e+02 9.03e+02 8.96e+02 8.89e+02 8.82e+02 8.76e+02 8.69e+02 8.62e+02 8.56e+02 8.49e+02 8.43e+02 8.36e+02 8.30e+02 8.23e+02 8.17e+02 8.10e+02 8.04e+02 7.98e+02 7.92e+02 7.85e+02 7.79e+02 7.73e+02 7.67e+02 7.61e+02 7.55e+02 7.49e+02 7.43e+02 7.37e+02 7.31e+02 7.26e+02 7.20e+02 7.14e+02 7.08e+02 7.03e+02 6.97e+02 6.92e+02 6.86e+02 6.81e+02 6.75e+02 6.70e+02 6.65e+02 6.60e+02 6.54e+02 6.49e+02 6.44e+02 6.39e+02 6.34e+02 6.29e+02 6.24e+02 6.19e+02 6.14e+02 6.10e+02 6.05e+02 6.00e+02 5.95e+02 5.91e+02 5.86e+02 5.82e+02 5.77e+02 5.73e+02 5.68e+02 5.64e+02 5.60e+02 5.55e+02 5.51e+02 5.47e+02 5.43e+02 5.38e+02 5.34e+02 5.30e+02 5.26e+02 5.22e+02 5.18e+02 5.14e+02 5.11e+02 5.07e+02 5.03e+02 4.99e+02 4.95e+02 4.92e+02 4.88e+02 4.84e+02 4.81e+02 4.77e+02 4.74e+02 4.70e+02 4.67e+02 4.63e+02 4.60e+02 4.57e+02 4.53e+02 4.50e+02 4.47e+02 4.44e+02 4.40e+02 4.37e+02 4.34e+02 4.31e+02 4.28e+02 4.25e+02 4.22e+02 4.19e+02 4.16e+02 4.13e+02 4.10e+02 4.07e+02 4.04e+02 4.02e+02 3.99e+02 3.96e+02 3.93e+02 3.91e+02 3.88e+02 3.85e+02 3.83e+02 3.80e+02 3.77e+02 3.75e+02 3.72e+02 3.70e+02 3.67e+02 3.65e+02 3.60e+02 3.50e+02 3.32e+02 2.99e+02 2.45e+02 1.69e+02 8.57e+01 3.09e+01 2.04e+01 2.00e+01 2.00e+01 2.00e+01 2.00e+01 
 2.50292125100850e-09   1.41e+03 1.41e+03 1.41e+03 1.41e+03 1.41e+03 1.41e+03 1.41e+03 1.41e+03 1.41e+03 1.41e+03 1.40e+03 1.40e+03 1.39e+03 1.38e+03 1.38e+03 1.37e+03 1.36e+03 1.35e+03 1.35e+03 1.34e+03 1.33e+03 1.32e+03 1.32e+03 1.31e+03 1.30e+03 1.29e+03 1.29e+03 1.28e+03 1.27e+03 1.27e+03 1.26e+03 1.25e+03 1.24e+03 1.24e+03 1.23e+03 1.22e+03 1.21e+03 1.21e+03 1.20e+03 1.19e+03 1.18e+03 1.18e+03 1.17e+03 1.16e+03 1.15e+03 1.15e+03 1.14e+03 1.13e+03 1.13e+03 1.12e+03 1.11e+03 1.10e+03 1.10e+03 1.09e+03 1.08e+03 1.07e+03 1.07e+03 1.06e+03 1.05e+03 1.04e+03 1.04e+03 1.03e+03 1.02e+03 1.02e+03 1.01e+03 1.00e+03 9.94e+02 9.87e+02 9.80e+02 9.73e+02 9.66e+02 9.58e+02 9.51e+02 9.44e+02 9.37e+02 9.30e+02 9.24e+02 9.17e+02 9.10e+02 9.03e+02 8.96e+02 8.89e+02 8.83e+02 8.76e+02 8.69e+02 8.63e+02 8.56e+02 8.49e+02 8.43e+02 8.36e+02 8.30e+02 8.23e+02 8.17e+02 8.11e+02 8.04e+02 7.98e+02 7.92e+02 7.86e+02 7.79e+02 7.73e+02 7.67e+02 7.61e+02 7.55e+02 7.49e+02 7.43e+02 7.37e+02 7.32e+02 7.26e+02 7.20e+02 7.14e+02 7.09e+02 7.03e+02 6.98e+02 6.92e+02 6.87e+02 6.81e+02 6.76e+02 6.71e+02 6.65e+02 6.60e+02 6.55e+02 6.50e+02 6.45e+02 6.39e+02 6.34e+02 6.29e+02 6.25e+02 6.20e+02 6.15e+02 6.10e+02 6.05e+02 6.01e+02 5.96e+02 5.91e+02 5.87e+02 5.82e+02 5.78e+02 5.73e+02 5.69e+02 5.64e+02 5.60e+02 5.56e+02 5.51e+02 5.47e+02 5.43e+02 5.39e+02 5.35e+02 5.31e+02 5.27e+02 5.23e+02 5.19e+02 5.15e+02 5.11e+02 5.07e+02 5.03e+02 5.00e+02 4.96e+02 4.92e+02 4.89e+02 4.85e+02 4.81e+02 4.78e+02 4.74e+02 4.71e+02 4.67e+02 4.64e+02 4.61e+02 4.57e+02 4.54e+02 4.51e+02 4.47e+02 4.44e+02 4.41e+02 4.38e+02 4.35e+02 4.32e+02 4.29e+02 4.25e+02 4.22e+02 4.19e+02 4.17e+02 4.14e+02 4.11e+02 4.08e+02 4.05e+02 4.02e+02 3.99e+02 3.97e+02 3.94e+02 3.91e+02 3.88e+02 3.86e+02 3.83e+02 3.80e+02 3.78e+02 3.75e+02 3.73e+02 3.70e+02 3.68e+02 3.65e+02 3.60e+02 3.51e+02 3.33e+02 3.00e+02 2.46e+02 1.70e+02 8.59e+01 3.10e+01 2.04e+01 2.00e+01 2.00e+01 2.00e+01 2.00e+01 
 2.51293719739732e-09   1.41e+03 1.41e+03 1.41e+03 1.41e+03 1.41e+03 1.41e+03 1.41e+03 1.41e+03 1.41e+03 1.41e+03 1.40e+03 1.39e+03 1.39e+03 1.38e+03 1.37e+03 1.37e+03 1.36e+03 1.35e+03 1.35e+03 1.34e+03 1.33e+03 1.32e+03 1.32e+03 1.31e+03 1.30e+03 1.29e+03 1.29e+03 1.28e+03 1.27e+03 1.27e+03 1.26e+03 1.25e+03 1.24e+03 1.24e+03 1.23e+03 1.22e+03 1.21e+03 1.21e+03 1.20e+03 1.19e+03 1.18e+03 1.18e+03 1.17e+03 1.16e+03 1.15e+03 1.15e+03 1.14e+03 1.13e+03 1.13e+03 1.12e+03 1.11e+03 1.10e+03 1.10e+03 1.09e+03 1.08e+03 1.07e+03 1.07e+03 1.06e+03 1.05e+03 1.04e+03 1.04e+03 1.03e+03 1.02e+03 1.02e+03 1.01e+03 1.00e+03 9.94e+02 9.87e+02 9.80e+02 9.73e+02 9.66e+02 9.58e+02 9.51e+02 9.44e+02 9.37e+02 9.31e+02 9.24e+02 9.17e+02 9.10e+02 9.03e+02 8.96e+02 8.89e+02 8.83e+02 8.76e+02 8.69e+02 8.63e+02 8.56e+02 8.49e+02 8.43e+02 8.36e+02 8.30e+02 8.24e+02 8.17e+02 8.11e+02 8.05e+02 7.98e+02 7.92e+02 7.86e+02 7.80e+02 7.74e+02 7.67e+02 7.61e+02 7.55e+02 7.50e+02 7.44e+02 7.38e+02 7.32e+02 7.26e+02 7.20e+02 7.15e+02 7.09e+02 7.04e+02 6.98e+02 6.92e+02 6.87e+02 6.82e+02 6.76e+02 6.71e+02 6.66e+02 6.60e+02 6.55e+02 6.50e+02 6.45e+02 6.40e+02 6.35e+02 6.30e+02 6.25e+02 6.20e+02 6.15e+02 6.10e+02 6.06e+02 6.01e+02 5.96e+02 5.92e+02 5.87e+02 5.83e+02 5.78e+02 5.74e+02 5.69e+02 5.65e+02 5.60e+02 5.56e+02 5.52e+02 5.48e+02 5.44e+02 5.39e+02 5.35e+02 5.31e+02 5.27e+02 5.23e+02 5.19e+02 5.15e+02 5.12e+02 5.08e+02 5.04e+02 5.00e+02 4.96e+02 4.93e+02 4.89e+02 4.86e+02 4.82e+02 4.78e+02 4.75e+02 4.71e+02 4.68e+02 4.65e+02 4.61e+02 4.58e+02 4.54e+02 4.51e+02 4.48e+02 4.45e+02 4.42e+02 4.38e+02 4.35e+02 4.32e+02 4.29e+02 4.26e+02 4.23e+02 4.20e+02 4.17e+02 4.14e+02 4.11e+02 4.08e+02 4.05e+02 4.03e+02 4.00e+02 3.97e+02 3.94e+02 3.92e+02 3.89e+02 3.86e+02 3.84e+02 3.81e+02 3.78e+02 3.76e+02 3.73e+02 3.71e+02 3.68e+02 3.66e+02 3.61e+02 3.51e+02 3.33e+02 3.00e+02 2.46e+02 1.70e+02 8.62e+01 3.11e+01 2.04e+01 2.00e+01 2.00e+01 2.00e+01 2.00e+01 
 2.52295542122630e-09   1.41e+03 1.41e+03 1.41e+03 1.41e+03 1.41e+03 1.41e+03 1.41e+03 1.41e+03 1.41e+03 1.40e+03 1.40e+03 1.39e+03 1.38e+03 1.38e+03 1.37e+03 1.36e+03 1.36e+03 1.35e+03 1.34e+03 1.34e+03 1.33e+03 1.32e+03 1.32e+03 1.31e+03 1.30e+03 1.29e+03 1.29e+03 1.28e+03 1.27e+03 1.26e+03 1.26e+03 1.25e+03 1.24e+03 1.24e+03 1.23e+03 1.22e+03 1.21e+03 1.21e+03 1.20e+03 1.19e+03 1.18e+03 1.18e+03 1.17e+03 1.16e+03 1.15e+03 1.15e+03 1.14e+03 1.13e+03 1.12e+03 1.12e+03 1.11e+03 1.10e+03 1.10e+03 1.09e+03 1.08e+03 1.07e+03 1.07e+03 1.06e+03 1.05e+03 1.04e+03 1.04e+03 1.03e+03 1.02e+03 1.02e+03 1.01e+03 1.00e+03 9.94e+02 9.87e+02 9.80e+02 9.73e+02 9.66e+02 9.58e+02 9.51e+02 9.44e+02 9.38e+02 9.31e+02 9.24e+02 9.17e+02 9.10e+02 9.03e+02 8.96e+02 8.90e+02 8.83e+02 8.76e+02 8.69e+02 8.63e+02 8.56e+02 8.50e+02 8.43e+02 8.37e+02 8.30e+02 8.24e+02 8.17e+02 8.11e+02 8.05e+02 7.98e+02 7.92e+02 7.86e+02 7.80e+02 7.74e+02 7.68e+02 7.62e+02 7.56e+02 7.50e+02 7.44e+02 7.38e+02 7.32e+02 7.27e+02 7.21e+02 7.15e+02 7.09e+02 7.04e+02 6.98e+02 6.93e+02 6.87e+02 6.82e+02 6.77e+02 6.71e+02 6.66e+02 6.61e+02 6.56e+02 6.50e+02 6.45e+02 6.40e+02 6.35e+02 6.30e+02 6.25e+02 6.21e+02 6.16e+02 6.11e+02 6.06e+02 6.01e+02 5.97e+02 5.92e+02 5.88e+02 5.83e+02 5.79e+02 5.74e+02 5.70e+02 5.65e+02 5.61e+02 5.57e+02 5.52e+02 5.48e+02 5.44e+02 5.40e+02 5.36e+02 5.32e+02 5.28e+02 5.24e+02 5.20e+02 5.16e+02 5.12e+02 5.08e+02 5.04e+02 5.01e+02 4.97e+02 4.93e+02 4.90e+02 4.86e+02 4.82e+02 4.79e+02 4.75e+02 4.72e+02 4.68e+02 4.65e+02 4.62e+02 4.58e+02 4.55e+02 4.52e+02 4.48e+02 4.45e+02 4.42e+02 4.39e+02 4.36e+02 4.33e+02 4.30e+02 4.27e+02 4.24e+02 4.21e+02 4.18e+02 4.15e+02 4.12e+02 4.09e+02 4.06e+02 4.03e+02 4.00e+02 3.98e+02 3.95e+02 3.92e+02 3.89e+02 3.87e+02 3.84e+02 3.81e+02 3.79e+02 3.76e+02 3.74e+02 3.71e+02 3.69e+02 3.66e+02 3.61e+02 3.52e+02 3.34e+02 3.01e+02 2.47e+02 1.70e+02 8.65e+01 3.12e+01 2.04e+01 2.00e+01 2.00e+01 2.00e+01 2.00e+01 
 2.53297591520631e-09   1.41e+03 1.41e+03 1.41e+03 1.41e+03 1.41e+03 1.41e+03 1.41e+03 1.41e+03 1.41e+03 1.40e+03 1.40e+03 1.39e+03 1.38e+03 1.38e+03 1.37e+03 1.36e+03 1.36e+03 1.35e+03 1.34e+03 1.34e+03 1.33e+03 1.32e+03 1.31e+03 1.31e+03 1.30e+03 1.29e+03 1.29e+03 1.28e+03 1.27e+03 1.26e+03 1.26e+03 1.25e+03 1.24e+03 1.23e+03 1.23e+03 1.22e+03 1.21e+03 1.21e+03 1.20e+03 1.19e+03 1.18e+03 1.18e+03 1.17e+03 1.16e+03 1.15e+03 1.15e+03 1.14e+03 1.13e+03 1.12e+03 1.12e+03 1.11e+03 1.10e+03 1.10e+03 1.09e+03 1.08e+03 1.07e+03 1.07e+03 1.06e+03 1.05e+03 1.04e+03 1.04e+03 1.03e+03 1.02e+03 1.02e+03 1.01e+03 1.00e+03 9.94e+02 9.87e+02 9.80e+02 9.73e+02 9.66e+02 9.58e+02 9.51e+02 9.45e+02 9.38e+02 9.31e+02 9.24e+02 9.17e+02 9.10e+02 9.03e+02 8.96e+02 8.90e+02 8.83e+02 8.76e+02 8.70e+02 8.63e+02 8.56e+02 8.50e+02 8.43e+02 8.37e+02 8.30e+02 8.24e+02 8.18e+02 8.11e+02 8.05e+02 7.99e+02 7.92e+02 7.86e+02 7.80e+02 7.74e+02 7.68e+02 7.62e+02 7.56e+02 7.50e+02 7.44e+02 7.38e+02 7.33e+02 7.27e+02 7.21e+02 7.15e+02 7.10e+02 7.04e+02 6.99e+02 6.93e+02 6.88e+02 6.82e+02 6.77e+02 6.72e+02 6.66e+02 6.61e+02 6.56e+02 6.51e+02 6.46e+02 6.41e+02 6.36e+02 6.31e+02 6.26e+02 6.21e+02 6.16e+02 6.11e+02 6.07e+02 6.02e+02 5.97e+02 5.93e+02 5.88e+02 5.83e+02 5.79e+02 5.75e+02 5.70e+02 5.66e+02 5.61e+02 5.57e+02 5.53e+02 5.49e+02 5.45e+02 5.40e+02 5.36e+02 5.32e+02 5.28e+02 5.24e+02 5.20e+02 5.16e+02 5.13e+02 5.09e+02 5.05e+02 5.01e+02 4.97e+02 4.94e+02 4.90e+02 4.87e+02 4.83e+02 4.79e+02 4.76e+02 4.72e+02 4.69e+02 4.66e+02 4.62e+02 4.59e+02 4.56e+02 4.52e+02 4.49e+02 4.46e+02 4.43e+02 4.39e+02 4.36e+02 4.33e+02 4.30e+02 4.27e+02 4.24e+02 4.21e+02 4.18e+02 4.15e+02 4.12e+02 4.09e+02 4.06e+02 4.04e+02 4.01e+02 3.98e+02 3.95e+02 3.93e+02 3.90e+02 3.87e+02 3.85e+02 3.82e+02 3.79e+02 3.77e+02 3.74e+02 3.72e+02 3.69e+02 3.67e+02 3.62e+02 3.52e+02 3.34e+02 3.01e+02 2.47e+02 1.71e+02 8.68e+01 3.13e+01 2.04e+01 2.00e+01 2.00e+01 2.00e+01 2.00e+01 
 2.54299867208976e-09   1.41e+03 1.41e+03 1.41e+03 1.41e+03 1.41e+03 1.41e+03 1.41e+03 1.41e+03 1.41e+03 1.40e+03 1.40e+03 1.39e+03 1.38e+03 1.38e+03 1.37e+03 1.36e+03 1.36e+03 1.35e+03 1.34e+03 1.33e+03 1.33e+03 1.32e+03 1.31e+03 1.31e+03 1.30e+03 1.29e+03 1.29e+03 1.28e+03 1.27e+03 1.26e+03 1.26e+03 1.25e+03 1.24e+03 1.23e+03 1.23e+03 1.22e+03 1.21e+03 1.21e+03 1.20e+03 1.19e+03 1.18e+03 1.18e+03 1.17e+03 1.16e+03 1.15e+03 1.15e+03 1.14e+03 1.13e+03 1.12e+03 1.12e+03 1.11e+03 1.10e+03 1.10e+03 1.09e+03 1.08e+03 1.07e+03 1.07e+03 1.06e+03 1.05e+03 1.04e+03 1.04e+03 1.03e+03 1.02e+03 1.02e+03 1.01e+03 1.00e+03 9.94e+02 9.87e+02 9.80e+02 9.73e+02 9.66e+02 9.58e+02 9.52e+02 9.45e+02 9.38e+02 9.31e+02 9.24e+02 9.17e+02 9.10e+02 9.03e+02 8.97e+02 8.90e+02 8.83e+02 8.76e+02 8.70e+02 8.63e+02 8.57e+02 8.50e+02 8.43e+02 8.37e+02 8.31e+02 8.24e+02 8.18e+02 8.11e+02 8.05e+02 7.99e+02 7.93e+02 7.87e+02 7.80e+02 7.74e+02 7.68e+02 7.62e+02 7.56e+02 7.50e+02 7.45e+02 7.39e+02 7.33e+02 7.27e+02 7.21e+02 7.16e+02 7.10e+02 7.05e+02 6.99e+02 6.94e+02 6.88e+02 6.83e+02 6.77e+02 6.72e+02 6.67e+02 6.62e+02 6.56e+02 6.51e+02 6.46e+02 6.41e+02 6.36e+02 6.31e+02 6.26e+02 6.21e+02 6.17e+02 6.12e+02 6.07e+02 6.02e+02 5.98e+02 5.93e+02 5.88e+02 5.84e+02 5.79e+02 5.75e+02 5.71e+02 5.66e+02 5.62e+02 5.58e+02 5.53e+02 5.49e+02 5.45e+02 5.41e+02 5.37e+02 5.33e+02 5.29e+02 5.25e+02 5.21e+02 5.17e+02 5.13e+02 5.09e+02 5.05e+02 5.02e+02 4.98e+02 4.94e+02 4.91e+02 4.87e+02 4.83e+02 4.80e+02 4.76e+02 4.73e+02 4.69e+02 4.66e+02 4.63e+02 4.59e+02 4.56e+02 4.53e+02 4.49e+02 4.46e+02 4.43e+02 4.40e+02 4.37e+02 4.34e+02 4.31e+02 4.28e+02 4.25e+02 4.22e+02 4.19e+02 4.16e+02 4.13e+02 4.10e+02 4.07e+02 4.04e+02 4.01e+02 3.99e+02 3.96e+02 3.93e+02 3.90e+02 3.88e+02 3.85e+02 3.82e+02 3.80e+02 3.77e+02 3.75e+02 3.72e+02 3.70e+02 3.67e+02 3.62e+02 3.53e+02 3.35e+02 3.02e+02 2.48e+02 1.71e+02 8.71e+01 3.14e+01 2.04e+01 2.00e+01 2.00e+01 2.00e+01 2.00e+01 
 2.55299868183922e-09   1.41e+03 1.41e+03 1.41e+03 1.41e+03 1.41e+03 1.41e+03 1.41e+03 1.41e+03 1.41e+03 1.40e+03 1.40e+03 1.39e+03 1.38e+03 1.38e+03 1.37e+03 1.36e+03 1.36e+03 1.35e+03 1.34e+03 1.33e+03 1.33e+03 1.32e+03 1.31e+03 1.31e+03 1.30e+03 1.29e+03 1.28e+03 1.28e+03 1.27e+03 1.26e+03 1.26e+03 1.25e+03 1.24e+03 1.23e+03 1.23e+03 1.22e+03 1.21e+03 1.20e+03 1.20e+03 1.19e+03 1.18e+03 1.18e+03 1.17e+03 1.16e+03 1.15e+03 1.15e+03 1.14e+03 1.13e+03 1.12e+03 1.12e+03 1.11e+03 1.10e+03 1.09e+03 1.09e+03 1.08e+03 1.07e+03 1.07e+03 1.06e+03 1.05e+03 1.04e+03 1.04e+03 1.03e+03 1.02e+03 1.02e+03 1.01e+03 1.00e+03 9.94e+02 9.87e+02 9.80e+02 9.73e+02 9.66e+02 9.59e+02 9.52e+02 9.45e+02 9.38e+02 9.31e+02 9.24e+02 9.17e+02 9.10e+02 9.03e+02 8.97e+02 8.90e+02 8.83e+02 8.76e+02 8.70e+02 8.63e+02 8.57e+02 8.50e+02 8.44e+02 8.37e+02 8.31e+02 8.24e+02 8.18e+02 8.12e+02 8.05e+02 7.99e+02 7.93e+02 7.87e+02 7.81e+02 7.75e+02 7.69e+02 7.63e+02 7.57e+02 7.51e+02 7.45e+02 7.39e+02 7.33e+02 7.28e+02 7.22e+02 7.16e+02 7.11e+02 7.05e+02 6.99e+02 6.94e+02 6.89e+02 6.83e+02 6.78e+02 6.72e+02 6.67e+02 6.62e+02 6.57e+02 6.52e+02 6.47e+02 6.42e+02 6.37e+02 6.32e+02 6.27e+02 6.22e+02 6.17e+02 6.12e+02 6.07e+02 6.03e+02 5.98e+02 5.94e+02 5.89e+02 5.84e+02 5.80e+02 5.75e+02 5.71e+02 5.67e+02 5.62e+02 5.58e+02 5.54e+02 5.50e+02 5.45e+02 5.41e+02 5.37e+02 5.33e+02 5.29e+02 5.25e+02 5.21e+02 5.17e+02 5.14e+02 5.10e+02 5.06e+02 5.02e+02 4.98e+02 4.95e+02 4.91e+02 4.88e+02 4.84e+02 4.80e+02 4.77e+02 4.73e+02 4.70e+02 4.67e+02 4.63e+02 4.60e+02 4.57e+02 4.53e+02 4.50e+02 4.47e+02 4.44e+02 4.40e+02 4.37e+02 4.34e+02 4.31e+02 4.28e+02 4.25e+02 4.22e+02 4.19e+02 4.16e+02 4.13e+02 4.10e+02 4.08e+02 4.05e+02 4.02e+02 3.99e+02 3.96e+02 3.94e+02 3.91e+02 3.88e+02 3.86e+02 3.83e+02 3.80e+02 3.78e+02 3.75e+02 3.73e+02 3.70e+02 3.68e+02 3.63e+02 3.53e+02 3.35e+02 3.02e+02 2.48e+02 1.72e+02 8.74e+01 3.15e+01 2.04e+01 2.00e+01 2.00e+01 2.00e+01 2.00e+01 
 2.56300092893715e-09   1.41e+03 1.41e+03 1.41e+03 1.41e+03 1.41e+03 1.41e+03 1.41e+03 1.41e+03 1.41e+03 1.40e+03 1.40e+03 1.39e+03 1.38e+03 1.38e+03 1.37e+03 1.36e+03 1.36e+03 1.35e+03 1.34e+03 1.33e+03 1.33e+03 1.32e+03 1.31e+03 1.31e+03 1.30e+03 1.29e+03 1.28e+03 1.28e+03 1.27e+03 1.26e+03 1.26e+03 1.25e+03 1.24e+03 1.23e+03 1.23e+03 1.22e+03 1.21e+03 1.20e+03 1.20e+03 1.19e+03 1.18e+03 1.18e+03 1.17e+03 1.16e+03 1.15e+03 1.15e+03 1.14e+03 1.13e+03 1.12e+03 1.12e+03 1.11e+03 1.10e+03 1.09e+03 1.09e+03 1.08e+03 1.07e+03 1.07e+03 1.06e+03 1.05e+03 1.04e+03 1.04e+03 1.03e+03 1.02e+03 1.02e+03 1.01e+03 1.00e+03 9.94e+02 9.87e+02 9.80e+02 9.73e+02 9.66e+02 9.59e+02 9.52e+02 9.45e+02 9.38e+02 9.31e+02 9.24e+02 9.17e+02 9.10e+02 9.03e+02 8.97e+02 8.90e+02 8.83e+02 8.77e+02 8.70e+02 8.63e+02 8.57e+02 8.50e+02 8.44e+02 8.37e+02 8.31e+02 8.25e+02 8.18e+02 8.12e+02 8.06e+02 7.99e+02 7.93e+02 7.87e+02 7.81e+02 7.75e+02 7.69e+02 7.63e+02 7.57e+02 7.51e+02 7.45e+02 7.39e+02 7.34e+02 7.28e+02 7.22e+02 7.16e+02 7.11e+02 7.05e+02 7.00e+02 6.94e+02 6.89e+02 6.84e+02 6.78e+02 6.73e+02 6.68e+02 6.62e+02 6.57e+02 6.52e+02 6.47e+02 6.42e+02 6.37e+02 6.32e+02 6.27e+02 6.22e+02 6.17e+02 6.13e+02 6.08e+02 6.03e+02 5.99e+02 5.94e+02 5.89e+02 5.85e+02 5.80e+02 5.76e+02 5.72e+02 5.67e+02 5.63e+02 5.59e+02 5.54e+02 5.50e+02 5.46e+02 5.42e+02 5.38e+02 5.34e+02 5.30e+02 5.26e+02 5.22e+02 5.18e+02 5.14e+02 5.10e+02 5.06e+02 5.03e+02 4.99e+02 4.95e+02 4.92e+02 4.88e+02 4.84e+02 4.81e+02 4.77e+02 4.74e+02 4.70e+02 4.67e+02 4.64e+02 4.60e+02 4.57e+02 4.54e+02 4.51e+02 4.47e+02 4.44e+02 4.41e+02 4.38e+02 4.35e+02 4.32e+02 4.29e+02 4.26e+02 4.23e+02 4.20e+02 4.17e+02 4.14e+02 4.11e+02 4.08e+02 4.05e+02 4.02e+02 4.00e+02 3.97e+02 3.94e+02 3.91e+02 3.89e+02 3.86e+02 3.83e+02 3.81e+02 3.78e+02 3.76e+02 3.73e+02 3.71e+02 3.68e+02 3.63e+02 3.54e+02 3.36e+02 3.03e+02 2.49e+02 1.72e+02 8.77e+01 3.16e+01 2.04e+01 2.00e+01 2.00e+01 2.00e+01 2.00e+01 
 2.57300540631132e-09   1.41e+03 1.41e+03 1.41e+03 1.41e+03 1.41e+03 1.41e+03 1.41e+03 1.41e+03 1.41e+03 1.40e+03 1.40e+03 1.39e+03 1.38e+03 1.38e+03 1.37e+03 1.36e+03 1.35e+03 1.35e+03 1.34e+03 1.33e+03 1.33e+03 1.32e+03 1.31e+03 1.31e+03 1.30e+03 1.29e+03 1.28e+03 1.28e+03 1.27e+03 1.26e+03 1.25e+03 1.25e+03 1.24e+03 1.23e+03 1.23e+03 1.22e+03 1.21e+03 1.20e+03 1.20e+03 1.19e+03 1.18e+03 1.17e+03 1.17e+03 1.16e+03 1.15e+03 1.15e+03 1.14e+03 1.13e+03 1.12e+03 1.12e+03 1.11e+03 1.10e+03 1.09e+03 1.09e+03 1.08e+03 1.07e+03 1.07e+03 1.06e+03 1.05e+03 1.04e+03 1.04e+03 1.03e+03 1.02e+03 1.02e+03 1.01e+03 1.00e+03 9.94e+02 9.87e+02 9.80e+02 9.73e+02 9.66e+02 9.59e+02 9.52e+02 9.45e+02 9.38e+02 9.31e+02 9.24e+02 9.17e+02 9.10e+02 9.04e+02 8.97e+02 8.90e+02 8.83e+02 8.77e+02 8.70e+02 8.64e+02 8.57e+02 8.50e+02 8.44e+02 8.38e+02 8.31e+02 8.25e+02 8.18e+02 8.12e+02 8.06e+02 8.00e+02 7.93e+02 7.87e+02 7.81e+02 7.75e+02 7.69e+02 7.63e+02 7.57e+02 7.51e+02 7.45e+02 7.40e+02 7.34e+02 7.28e+02 7.22e+02 7.17e+02 7.11e+02 7.06e+02 7.00e+02 6.95e+02 6.89e+02 6.84e+02 6.79e+02 6.73e+02 6.68e+02 6.63e+02 6.58e+02 6.52e+02 6.47e+02 6.42e+02 6.37e+02 6.32e+02 6.28e+02 6.23e+02 6.18e+02 6.13e+02 6.08e+02 6.04e+02 5.99e+02 5.94e+02 5.90e+02 5.85e+02 5.81e+02 5.76e+02 5.72e+02 5.68e+02 5.63e+02 5.59e+02 5.55e+02 5.51e+02 5.46e+02 5.42e+02 5.38e+02 5.34e+02 5.30e+02 5.26e+02 5.22e+02 5.18e+02 5.15e+02 5.11e+02 5.07e+02 5.03e+02 4.99e+02 4.96e+02 4.92e+02 4.89e+02 4.85e+02 4.81e+02 4.78e+02 4.74e+02 4.71e+02 4.68e+02 4.64e+02 4.61e+02 4.58e+02 4.54e+02 4.51e+02 4.48e+02 4.45e+02 4.41e+02 4.38e+02 4.35e+02 4.32e+02 4.29e+02 4.26e+02 4.23e+02 4.20e+02 4.17e+02 4.14e+02 4.11e+02 4.09e+02 4.06e+02 4.03e+02 4.00e+02 3.97e+02 3.95e+02 3.92e+02 3.89e+02 3.87e+02 3.84e+02 3.81e+02 3.79e+02 3.76e+02 3.74e+02 3.71e+02 3.69e+02 3.64e+02 3.54e+02 3.36e+02 3.03e+02 2.49e+02 1.72e+02 8.79e+01 3.17e+01 2.04e+01 2.00e+01 2.00e+01 2.00e+01 2.00e+01 
 2.58301210692920e-09   1.41e+03 1.41e+03 1.41e+03 1.41e+03 1.41e+03 1.41e+03 1.41e+03 1.41e+03 1.41e+03 1.40e+03 1.40e+03 1.39e+03 1.38e+03 1.38e+03 1.37e+03 1.36e+03 1.35e+03 1.35e+03 1.34e+03 1.33e+03 1.33e+03 1.32e+03 1.31e+03 1.30e+03 1.30e+03 1.29e+03 1.28e+03 1.28e+03 1.27e+03 1.26e+03 1.25e+03 1.25e+03 1.24e+03 1.23e+03 1.23e+03 1.22e+03 1.21e+03 1.20e+03 1.20e+03 1.19e+03 1.18e+03 1.17e+03 1.17e+03 1.16e+03 1.15e+03 1.15e+03 1.14e+03 1.13e+03 1.12e+03 1.12e+03 1.11e+03 1.10e+03 1.09e+03 1.09e+03 1.08e+03 1.07e+03 1.07e+03 1.06e+03 1.05e+03 1.04e+03 1.04e+03 1.03e+03 1.02e+03 1.01e+03 1.01e+03 1.00e+03 9.94e+02 9.87e+02 9.80e+02 9.72e+02 9.65e+02 9.59e+02 9.52e+02 9.45e+02 9.38e+02 9.31e+02 9.24e+02 9.17e+02 9.10e+02 9.04e+02 8.97e+02 8.90e+02 8.84e+02 8.77e+02 8.70e+02 8.64e+02 8.57e+02 8.51e+02 8.44e+02 8.38e+02 8.31e+02 8.25e+02 8.19e+02 8.12e+02 8.06e+02 8.00e+02 7.94e+02 7.88e+02 7.81e+02 7.75e+02 7.69e+02 7.63e+02 7.58e+02 7.52e+02 7.46e+02 7.40e+02 7.34e+02 7.28e+02 7.23e+02 7.17e+02 7.12e+02 7.06e+02 7.01e+02 6.95e+02 6.90e+02 6.84e+02 6.79e+02 6.74e+02 6.68e+02 6.63e+02 6.58e+02 6.53e+02 6.48e+02 6.43e+02 6.38e+02 6.33e+02 6.28e+02 6.23e+02 6.18e+02 6.14e+02 6.09e+02 6.04e+02 5.99e+02 5.95e+02 5.90e+02 5.86e+02 5.81e+02 5.77e+02 5.72e+02 5.68e+02 5.64e+02 5.60e+02 5.55e+02 5.51e+02 5.47e+02 5.43e+02 5.39e+02 5.35e+02 5.31e+02 5.27e+02 5.23e+02 5.19e+02 5.15e+02 5.11e+02 5.07e+02 5.04e+02 5.00e+02 4.96e+02 4.93e+02 4.89e+02 4.85e+02 4.82e+02 4.78e+02 4.75e+02 4.72e+02 4.68e+02 4.65e+02 4.61e+02 4.58e+02 4.55e+02 4.52e+02 4.48e+02 4.45e+02 4.42e+02 4.39e+02 4.36e+02 4.33e+02 4.30e+02 4.27e+02 4.24e+02 4.21e+02 4.18e+02 4.15e+02 4.12e+02 4.09e+02 4.06e+02 4.03e+02 4.01e+02 3.98e+02 3.95e+02 3.92e+02 3.90e+02 3.87e+02 3.85e+02 3.82e+02 3.79e+02 3.77e+02 3.74e+02 3.72e+02 3.69e+02 3.64e+02 3.55e+02 3.37e+02 3.04e+02 2.49e+02 1.73e+02 8.82e+01 3.18e+01 2.04e+01 2.00e+01 2.00e+01 2.00e+01 2.00e+01 
 2.59302102379756e-09   1.41e+03 1.41e+03 1.41e+03 1.41e+03 1.41e+03 1.41e+03 1.41e+03 1.41e+03 1.41e+03 1.40e+03 1.40e+03 1.39e+03 1.38e+03 1.38e+03 1.37e+03 1.36e+03 1.35e+03 1.35e+03 1.34e+03 1.33e+03 1.33e+03 1.32e+03 1.31e+03 1.30e+03 1.30e+03 1.29e+03 1.28e+03 1.28e+03 1.27e+03 1.26e+03 1.25e+03 1.25e+03 1.24e+03 1.23e+03 1.22e+03 1.22e+03 1.21e+03 1.20e+03 1.20e+03 1.19e+03 1.18e+03 1.17e+03 1.17e+03 1.16e+03 1.15e+03 1.14e+03 1.14e+03 1.13e+03 1.12e+03 1.12e+03 1.11e+03 1.10e+03 1.09e+03 1.09e+03 1.08e+03 1.07e+03 1.07e+03 1.06e+03 1.05e+03 1.04e+03 1.04e+03 1.03e+03 1.02e+03 1.01e+03 1.01e+03 1.00e+03 9.94e+02 9.87e+02 9.79e+02 9.72e+02 9.65e+02 9.59e+02 9.52e+02 9.45e+02 9.38e+02 9.31e+02 9.24e+02 9.17e+02 9.10e+02 9.04e+02 8.97e+02 8.90e+02 8.84e+02 8.77e+02 8.70e+02 8.64e+02 8.57e+02 8.51e+02 8.44e+02 8.38e+02 8.32e+02 8.25e+02 8.19e+02 8.13e+02 8.06e+02 8.00e+02 7.94e+02 7.88e+02 7.82e+02 7.76e+02 7.70e+02 7.64e+02 7.58e+02 7.52e+02 7.46e+02 7.40e+02 7.35e+02 7.29e+02 7.23e+02 7.17e+02 7.12e+02 7.06e+02 7.01e+02 6.95e+02 6.90e+02 6.85e+02 6.79e+02 6.74e+02 6.69e+02 6.64e+02 6.58e+02 6.53e+02 6.48e+02 6.43e+02 6.38e+02 6.33e+02 6.28e+02 6.24e+02 6.19e+02 6.14e+02 6.09e+02 6.05e+02 6.00e+02 5.95e+02 5.91e+02 5.86e+02 5.82e+02 5.77e+02 5.73e+02 5.69e+02 5.64e+02 5.60e+02 5.56e+02 5.52e+02 5.47e+02 5.43e+02 5.39e+02 5.35e+02 5.31e+02 5.27e+02 5.23e+02 5.19e+02 5.16e+02 5.12e+02 5.08e+02 5.04e+02 5.00e+02 4.97e+02 4.93e+02 4.90e+02 4.86e+02 4.82e+02 4.79e+02 4.75e+02 4.72e+02 4.69e+02 4.65e+02 4.62e+02 4.59e+02 4.55e+02 4.52e+02 4.49e+02 4.46e+02 4.42e+02 4.39e+02 4.36e+02 4.33e+02 4.30e+02 4.27e+02 4.24e+02 4.21e+02 4.18e+02 4.15e+02 4.12e+02 4.10e+02 4.07e+02 4.04e+02 4.01e+02 3.98e+02 3.96e+02 3.93e+02 3.90e+02 3.88e+02 3.85e+02 3.82e+02 3.80e+02 3.77e+02 3.75e+02 3.72e+02 3.70e+02 3.65e+02 3.55e+02 3.37e+02 3.04e+02 2.50e+02 1.73e+02 8.85e+01 3.19e+01 2.04e+01 2.00e+01 2.00e+01 2.00e+01 2.00e+01 
 2.60303214996216e-09   1.41e+03 1.41e+03 1.41e+03 1.41e+03 1.41e+03 1.41e+03 1.41e+03 1.41e+03 1.41e+03 1.40e+03 1.40e+03 1.39e+03 1.38e+03 1.38e+03 1.37e+03 1.36e+03 1.35e+03 1.35e+03 1.34e+03 1.33e+03 1.33e+03 1.32e+03 1.31e+03 1.30e+03 1.30e+03 1.29e+03 1.28e+03 1.28e+03 1.27e+03 1.26e+03 1.25e+03 1.25e+03 1.24e+03 1.23e+03 1.22e+03 1.22e+03 1.21e+03 1.20e+03 1.20e+03 1.19e+03 1.18e+03 1.17e+03 1.17e+03 1.16e+03 1.15e+03 1.14e+03 1.14e+03 1.13e+03 1.12e+03 1.12e+03 1.11e+03 1.10e+03 1.09e+03 1.09e+03 1.08e+03 1.07e+03 1.06e+03 1.06e+03 1.05e+03 1.04e+03 1.04e+03 1.03e+03 1.02e+03 1.01e+03 1.01e+03 1.00e+03 9.94e+02 9.86e+02 9.79e+02 9.72e+02 9.65e+02 9.59e+02 9.52e+02 9.45e+02 9.38e+02 9.31e+02 9.24e+02 9.17e+02 9.11e+02 9.04e+02 8.97e+02 8.90e+02 8.84e+02 8.77e+02 8.71e+02 8.64e+02 8.57e+02 8.51e+02 8.45e+02 8.38e+02 8.32e+02 8.25e+02 8.19e+02 8.13e+02 8.07e+02 8.00e+02 7.94e+02 7.88e+02 7.82e+02 7.76e+02 7.70e+02 7.64e+02 7.58e+02 7.52e+02 7.46e+02 7.41e+02 7.35e+02 7.29e+02 7.23e+02 7.18e+02 7.12e+02 7.07e+02 7.01e+02 6.96e+02 6.90e+02 6.85e+02 6.80e+02 6.74e+02 6.69e+02 6.64e+02 6.59e+02 6.54e+02 6.49e+02 6.44e+02 6.39e+02 6.34e+02 6.29e+02 6.24e+02 6.19e+02 6.14e+02 6.10e+02 6.05e+02 6.00e+02 5.96e+02 5.91e+02 5.87e+02 5.82e+02 5.78e+02 5.73e+02 5.69e+02 5.65e+02 5.60e+02 5.56e+02 5.52e+02 5.48e+02 5.44e+02 5.40e+02 5.36e+02 5.32e+02 5.28e+02 5.24e+02 5.20e+02 5.16e+02 5.12e+02 5.08e+02 5.05e+02 5.01e+02 4.97e+02 4.94e+02 4.90e+02 4.86e+02 4.83e+02 4.79e+02 4.76e+02 4.73e+02 4.69e+02 4.66e+02 4.62e+02 4.59e+02 4.56e+02 4.53e+02 4.49e+02 4.46e+02 4.43e+02 4.40e+02 4.37e+02 4.34e+02 4.31e+02 4.28e+02 4.25e+02 4.22e+02 4.19e+02 4.16e+02 4.13e+02 4.10e+02 4.07e+02 4.04e+02 4.02e+02 3.99e+02 3.96e+02 3.93e+02 3.91e+02 3.88e+02 3.86e+02 3.83e+02 3.80e+02 3.78e+02 3.75e+02 3.73e+02 3.70e+02 3.65e+02 3.56e+02 3.38e+02 3.05e+02 2.50e+02 1.74e+02 8.88e+01 3.19e+01 2.04e+01 2.00e+01 2.00e+01 2.00e+01 2.00e+01 
 2.61304547850738e-09   1.41e+03 1.41e+03 1.41e+03 1.41e+03 1.41e+03 1.41e+03 1.41e+03 1.41e+03 1.41e+03 1.40e+03 1.40e+03 1.39e+03 1.38e+03 1.38e+03 1.37e+03 1.36e+03 1.35e+03 1.35e+03 1.34e+03 1.33e+03 1.33e+03 1.32e+03 1.31e+03 1.30e+03 1.30e+03 1.29e+03 1.28e+03 1.27e+03 1.27e+03 1.26e+03 1.25e+03 1.25e+03 1.24e+03 1.23e+03 1.22e+03 1.22e+03 1.21e+03 1.20e+03 1.20e+03 1.19e+03 1.18e+03 1.17e+03 1.17e+03 1.16e+03 1.15e+03 1.14e+03 1.14e+03 1.13e+03 1.12e+03 1.12e+03 1.11e+03 1.10e+03 1.09e+03 1.09e+03 1.08e+03 1.07e+03 1.06e+03 1.06e+03 1.05e+03 1.04e+03 1.04e+03 1.03e+03 1.02e+03 1.01e+03 1.01e+03 1.00e+03 9.93e+02 9.86e+02 9.79e+02 9.72e+02 9.65e+02 9.59e+02 9.52e+02 9.45e+02 9.38e+02 9.31e+02 9.24e+02 9.17e+02 9.11e+02 9.04e+02 8.97e+02 8.91e+02 8.84e+02 8.77e+02 8.71e+02 8.64e+02 8.58e+02 8.51e+02 8.45e+02 8.38e+02 8.32e+02 8.26e+02 8.19e+02 8.13e+02 8.07e+02 8.01e+02 7.94e+02 7.88e+02 7.82e+02 7.76e+02 7.70e+02 7.64e+02 7.58e+02 7.53e+02 7.47e+02 7.41e+02 7.35e+02 7.29e+02 7.24e+02 7.18e+02 7.13e+02 7.07e+02 7.02e+02 6.96e+02 6.91e+02 6.85e+02 6.80e+02 6.75e+02 6.70e+02 6.64e+02 6.59e+02 6.54e+02 6.49e+02 6.44e+02 6.39e+02 6.34e+02 6.29e+02 6.24e+02 6.20e+02 6.15e+02 6.10e+02 6.05e+02 6.01e+02 5.96e+02 5.92e+02 5.87e+02 5.83e+02 5.78e+02 5.74e+02 5.69e+02 5.65e+02 5.61e+02 5.57e+02 5.52e+02 5.48e+02 5.44e+02 5.40e+02 5.36e+02 5.32e+02 5.28e+02 5.24e+02 5.20e+02 5.16e+02 5.13e+02 5.09e+02 5.05e+02 5.01e+02 4.98e+02 4.94e+02 4.91e+02 4.87e+02 4.83e+02 4.80e+02 4.76e+02 4.73e+02 4.70e+02 4.66e+02 4.63e+02 4.60e+02 4.56e+02 4.53e+02 4.50e+02 4.47e+02 4.43e+02 4.40e+02 4.37e+02 4.34e+02 4.31e+02 4.28e+02 4.25e+02 4.22e+02 4.19e+02 4.16e+02 4.13e+02 4.11e+02 4.08e+02 4.05e+02 4.02e+02 3.99e+02 3.97e+02 3.94e+02 3.91e+02 3.89e+02 3.86e+02 3.83e+02 3.81e+02 3.78e+02 3.76e+02 3.73e+02 3.71e+02 3.66e+02 3.56e+02 3.38e+02 3.05e+02 2.51e+02 1.74e+02 8.91e+01 3.20e+01 2.04e+01 2.00e+01 2.00e+01 2.00e+01 2.00e+01 
 2.62306100255587e-09   1.41e+03 1.41e+03 1.41e+03 1.41e+03 1.41e+03 1.41e+03 1.41e+03 1.41e+03 1.40e+03 1.40e+03 1.39e+03 1.39e+03 1.38e+03 1.37e+03 1.37e+03 1.36e+03 1.35e+03 1.35e+03 1.34e+03 1.33e+03 1.32e+03 1.32e+03 1.31e+03 1.30e+03 1.30e+03 1.29e+03 1.28e+03 1.27e+03 1.27e+03 1.26e+03 1.25e+03 1.25e+03 1.24e+03 1.23e+03 1.22e+03 1.22e+03 1.21e+03 1.20e+03 1.19e+03 1.19e+03 1.18e+03 1.17e+03 1.17e+03 1.16e+03 1.15e+03 1.14e+03 1.14e+03 1.13e+03 1.12e+03 1.12e+03 1.11e+03 1.10e+03 1.09e+03 1.09e+03 1.08e+03 1.07e+03 1.06e+03 1.06e+03 1.05e+03 1.04e+03 1.04e+03 1.03e+03 1.02e+03 1.01e+03 1.01e+03 1.00e+03 9.93e+02 9.86e+02 9.79e+02 9.72e+02 9.65e+02 9.59e+02 9.52e+02 9.45e+02 9.38e+02 9.31e+02 9.24e+02 9.17e+02 9.11e+02 9.04e+02 8.97e+02 8.91e+02 8.84e+02 8.77e+02 8.71e+02 8.64e+02 8.58e+02 8.51e+02 8.45e+02 8.38e+02 8.32e+02 8.26e+02 8.19e+02 8.13e+02 8.07e+02 8.01e+02 7.95e+02 7.89e+02 7.83e+02 7.76e+02 7.71e+02 7.65e+02 7.59e+02 7.53e+02 7.47e+02 7.41e+02 7.35e+02 7.30e+02 7.24e+02 7.18e+02 7.13e+02 7.07e+02 7.02e+02 6.96e+02 6.91e+02 6.86e+02 6.80e+02 6.75e+02 6.70e+02 6.65e+02 6.60e+02 6.54e+02 6.49e+02 6.44e+02 6.39e+02 6.35e+02 6.30e+02 6.25e+02 6.20e+02 6.15e+02 6.11e+02 6.06e+02 6.01e+02 5.97e+02 5.92e+02 5.88e+02 5.83e+02 5.79e+02 5.74e+02 5.70e+02 5.66e+02 5.61e+02 5.57e+02 5.53e+02 5.49e+02 5.45e+02 5.41e+02 5.37e+02 5.33e+02 5.29e+02 5.25e+02 5.21e+02 5.17e+02 5.13e+02 5.09e+02 5.06e+02 5.02e+02 4.98e+02 4.95e+02 4.91e+02 4.87e+02 4.84e+02 4.80e+02 4.77e+02 4.74e+02 4.70e+02 4.67e+02 4.63e+02 4.60e+02 4.57e+02 4.54e+02 4.50e+02 4.47e+02 4.44e+02 4.41e+02 4.38e+02 4.35e+02 4.32e+02 4.29e+02 4.26e+02 4.23e+02 4.20e+02 4.17e+02 4.14e+02 4.11e+02 4.08e+02 4.05e+02 4.03e+02 4.00e+02 3.97e+02 3.95e+02 3.92e+02 3.89e+02 3.87e+02 3.84e+02 3.81e+02 3.79e+02 3.76e+02 3.74e+02 3.71e+02 3.66e+02 3.57e+02 3.39e+02 3.06e+02 2.51e+02 1.74e+02 8.94e+01 3.21e+01 2.05e+01 2.00e+01 2.00e+01 2.00e+01 2.00e+01 
 2.63307871526820e-09   1.41e+03 1.41e+03 1.41e+03 1.41e+03 1.41e+03 1.41e+03 1.41e+03 1.41e+03 1.40e+03 1.40e+03 1.39e+03 1.38e+03 1.38e+03 1.37e+03 1.36e+03 1.36e+03 1.35e+03 1.34e+03 1.34e+03 1.33e+03 1.32e+03 1.32e+03 1.31e+03 1.30e+03 1.30e+03 1.29e+03 1.28e+03 1.27e+03 1.27e+03 1.26e+03 1.25e+03 1.25e+03 1.24e+03 1.23e+03 1.22e+03 1.22e+03 1.21e+03 1.20e+03 1.19e+03 1.19e+03 1.18e+03 1.17e+03 1.17e+03 1.16e+03 1.15e+03 1.14e+03 1.14e+03 1.13e+03 1.12e+03 1.11e+03 1.11e+03 1.10e+03 1.09e+03 1.09e+03 1.08e+03 1.07e+03 1.06e+03 1.06e+03 1.05e+03 1.04e+03 1.04e+03 1.03e+03 1.02e+03 1.01e+03 1.01e+03 1.00e+03 9.93e+02 9.86e+02 9.79e+02 9.72e+02 9.65e+02 9.59e+02 9.52e+02 9.45e+02 9.38e+02 9.31e+02 9.24e+02 9.18e+02 9.11e+02 9.04e+02 8.97e+02 8.91e+02 8.84e+02 8.78e+02 8.71e+02 8.64e+02 8.58e+02 8.51e+02 8.45e+02 8.39e+02 8.32e+02 8.26e+02 8.20e+02 8.13e+02 8.07e+02 8.01e+02 7.95e+02 7.89e+02 7.83e+02 7.77e+02 7.71e+02 7.65e+02 7.59e+02 7.53e+02 7.47e+02 7.41e+02 7.36e+02 7.30e+02 7.24e+02 7.19e+02 7.13e+02 7.08e+02 7.02e+02 6.97e+02 6.91e+02 6.86e+02 6.81e+02 6.76e+02 6.70e+02 6.65e+02 6.60e+02 6.55e+02 6.50e+02 6.45e+02 6.40e+02 6.35e+02 6.30e+02 6.25e+02 6.20e+02 6.16e+02 6.11e+02 6.06e+02 6.02e+02 5.97e+02 5.93e+02 5.88e+02 5.84e+02 5.79e+02 5.75e+02 5.70e+02 5.66e+02 5.62e+02 5.58e+02 5.53e+02 5.49e+02 5.45e+02 5.41e+02 5.37e+02 5.33e+02 5.29e+02 5.25e+02 5.21e+02 5.17e+02 5.14e+02 5.10e+02 5.06e+02 5.02e+02 4.99e+02 4.95e+02 4.92e+02 4.88e+02 4.84e+02 4.81e+02 4.77e+02 4.74e+02 4.71e+02 4.67e+02 4.64e+02 4.61e+02 4.57e+02 4.54e+02 4.51e+02 4.48e+02 4.44e+02 4.41e+02 4.38e+02 4.35e+02 4.32e+02 4.29e+02 4.26e+02 4.23e+02 4.20e+02 4.17e+02 4.14e+02 4.12e+02 4.09e+02 4.06e+02 4.03e+02 4.00e+02 3.98e+02 3.95e+02 3.92e+02 3.90e+02 3.87e+02 3.84e+02 3.82e+02 3.79e+02 3.77e+02 3.74e+02 3.72e+02 3.67e+02 3.57e+02 3.39e+02 3.06e+02 2.52e+02 1.75e+02 8.96e+01 3.22e+01 2.05e+01 2.00e+01 2.00e+01 2.00e+01 2.00e+01 
 2.64309860984250e-09   1.41e+03 1.41e+03 1.41e+03 1.41e+03 1.41e+03 1.41e+03 1.41e+03 1.41e+03 1.40e+03 1.40e+03 1.39e+03 1.38e+03 1.38e+03 1.37e+03 1.36e+03 1.36e+03 1.35e+03 1.34e+03 1.34e+03 1.33e+03 1.32e+03 1.32e+03 1.31e+03 1.30e+03 1.29e+03 1.29e+03 1.28e+03 1.27e+03 1.27e+03 1.26e+03 1.25e+03 1.24e+03 1.24e+03 1.23e+03 1.22e+03 1.22e+03 1.21e+03 1.20e+03 1.19e+03 1.19e+03 1.18e+03 1.17e+03 1.17e+03 1.16e+03 1.15e+03 1.14e+03 1.14e+03 1.13e+03 1.12e+03 1.11e+03 1.11e+03 1.10e+03 1.09e+03 1.09e+03 1.08e+03 1.07e+03 1.06e+03 1.06e+03 1.05e+03 1.04e+03 1.04e+03 1.03e+03 1.02e+03 1.01e+03 1.01e+03 1.00e+03 9.93e+02 9.86e+02 9.79e+02 9.72e+02 9.65e+02 9.59e+02 9.52e+02 9.45e+02 9.38e+02 9.31e+02 9.24e+02 9.18e+02 9.11e+02 9.04e+02 8.97e+02 8.91e+02 8.84e+02 8.78e+02 8.71e+02 8.65e+02 8.58e+02 8.52e+02 8.45e+02 8.39e+02 8.32e+02 8.26e+02 8.20e+02 8.14e+02 8.07e+02 8.01e+02 7.95e+02 7.89e+02 7.83e+02 7.77e+02 7.71e+02 7.65e+02 7.59e+02 7.53e+02 7.48e+02 7.42e+02 7.36e+02 7.30e+02 7.25e+02 7.19e+02 7.14e+02 7.08e+02 7.03e+02 6.97e+02 6.92e+02 6.86e+02 6.81e+02 6.76e+02 6.71e+02 6.65e+02 6.60e+02 6.55e+02 6.50e+02 6.45e+02 6.40e+02 6.35e+02 6.30e+02 6.26e+02 6.21e+02 6.16e+02 6.11e+02 6.07e+02 6.02e+02 5.98e+02 5.93e+02 5.88e+02 5.84e+02 5.80e+02 5.75e+02 5.71e+02 5.67e+02 5.62e+02 5.58e+02 5.54e+02 5.50e+02 5.46e+02 5.42e+02 5.38e+02 5.34e+02 5.30e+02 5.26e+02 5.22e+02 5.18e+02 5.14e+02 5.10e+02 5.07e+02 5.03e+02 4.99e+02 4.96e+02 4.92e+02 4.88e+02 4.85e+02 4.81e+02 4.78e+02 4.75e+02 4.71e+02 4.68e+02 4.64e+02 4.61e+02 4.58e+02 4.55e+02 4.51e+02 4.48e+02 4.45e+02 4.42e+02 4.39e+02 4.36e+02 4.33e+02 4.30e+02 4.27e+02 4.24e+02 4.21e+02 4.18e+02 4.15e+02 4.12e+02 4.09e+02 4.06e+02 4.04e+02 4.01e+02 3.98e+02 3.96e+02 3.93e+02 3.90e+02 3.88e+02 3.85e+02 3.82e+02 3.80e+02 3.77e+02 3.75e+02 3.72e+02 3.67e+02 3.58e+02 3.39e+02 3.07e+02 2.52e+02 1.75e+02 8.99e+01 3.23e+01 2.05e+01 2.00e+01 2.00e+01 2.00e+01 2.00e+01 
 2.65312067951413e-09   1.41e+03 1.41e+03 1.41e+03 1.41e+03 1.41e+03 1.41e+03 1.41e+03 1.41e+03 1.40e+03 1.40e+03 1.39e+03 1.38e+03 1.38e+03 1.37e+03 1.36e+03 1.36e+03 1.35e+03 1.34e+03 1.34e+03 1.33e+03 1.32e+03 1.32e+03 1.31e+03 1.30e+03 1.29e+03 1.29e+03 1.28e+03 1.27e+03 1.27e+03 1.26e+03 1.25e+03 1.24e+03 1.24e+03 1.23e+03 1.22e+03 1.22e+03 1.21e+03 1.20e+03 1.19e+03 1.19e+03 1.18e+03 1.17e+03 1.16e+03 1.16e+03 1.15e+03 1.14e+03 1.14e+03 1.13e+03 1.12e+03 1.11e+03 1.11e+03 1.10e+03 1.09e+03 1.09e+03 1.08e+03 1.07e+03 1.06e+03 1.06e+03 1.05e+03 1.04e+03 1.04e+03 1.03e+03 1.02e+03 1.01e+03 1.01e+03 1.00e+03 9.93e+02 9.86e+02 9.79e+02 9.72e+02 9.65e+02 9.59e+02 9.52e+02 9.45e+02 9.38e+02 9.31e+02 9.24e+02 9.18e+02 9.11e+02 9.04e+02 8.98e+02 8.91e+02 8.84e+02 8.78e+02 8.71e+02 8.65e+02 8.58e+02 8.52e+02 8.45e+02 8.39e+02 8.33e+02 8.26e+02 8.20e+02 8.14e+02 8.08e+02 8.02e+02 7.95e+02 7.89e+02 7.83e+02 7.77e+02 7.71e+02 7.65e+02 7.60e+02 7.54e+02 7.48e+02 7.42e+02 7.36e+02 7.31e+02 7.25e+02 7.19e+02 7.14e+02 7.08e+02 7.03e+02 6.98e+02 6.92e+02 6.87e+02 6.82e+02 6.76e+02 6.71e+02 6.66e+02 6.61e+02 6.56e+02 6.51e+02 6.46e+02 6.41e+02 6.36e+02 6.31e+02 6.26e+02 6.21e+02 6.17e+02 6.12e+02 6.07e+02 6.03e+02 5.98e+02 5.93e+02 5.89e+02 5.84e+02 5.80e+02 5.76e+02 5.71e+02 5.67e+02 5.63e+02 5.59e+02 5.54e+02 5.50e+02 5.46e+02 5.42e+02 5.38e+02 5.34e+02 5.30e+02 5.26e+02 5.22e+02 5.18e+02 5.15e+02 5.11e+02 5.07e+02 5.03e+02 5.00e+02 4.96e+02 4.92e+02 4.89e+02 4.85e+02 4.82e+02 4.78e+02 4.75e+02 4.72e+02 4.68e+02 4.65e+02 4.62e+02 4.58e+02 4.55e+02 4.52e+02 4.49e+02 4.45e+02 4.42e+02 4.39e+02 4.36e+02 4.33e+02 4.30e+02 4.27e+02 4.24e+02 4.21e+02 4.18e+02 4.15e+02 4.13e+02 4.10e+02 4.07e+02 4.04e+02 4.01e+02 3.99e+02 3.96e+02 3.93e+02 3.91e+02 3.88e+02 3.85e+02 3.83e+02 3.80e+02 3.78e+02 3.75e+02 3.73e+02 3.68e+02 3.58e+02 3.40e+02 3.07e+02 2.53e+02 1.76e+02 9.02e+01 3.24e+01 2.05e+01 2.00e+01 2.00e+01 2.00e+01 2.00e+01 
 2.66314491755531e-09   1.41e+03 1.41e+03 1.41e+03 1.41e+03 1.41e+03 1.41e+03 1.41e+03 1.41e+03 1.40e+03 1.40e+03 1.39e+03 1.38e+03 1.38e+03 1.37e+03 1.36e+03 1.36e+03 1.35e+03 1.34e+03 1.34e+03 1.33e+03 1.32e+03 1.31e+03 1.31e+03 1.30e+03 1.29e+03 1.29e+03 1.28e+03 1.27e+03 1.27e+03 1.26e+03 1.25e+03 1.24e+03 1.24e+03 1.23e+03 1.22e+03 1.22e+03 1.21e+03 1.20e+03 1.19e+03 1.19e+03 1.18e+03 1.17e+03 1.16e+03 1.16e+03 1.15e+03 1.14e+03 1.14e+03 1.13e+03 1.12e+03 1.11e+03 1.11e+03 1.10e+03 1.09e+03 1.09e+03 1.08e+03 1.07e+03 1.06e+03 1.06e+03 1.05e+03 1.04e+03 1.04e+03 1.03e+03 1.02e+03 1.01e+03 1.01e+03 1.00e+03 9.93e+02 9.86e+02 9.79e+02 9.72e+02 9.65e+02 9.59e+02 9.52e+02 9.45e+02 9.38e+02 9.31e+02 9.24e+02 9.18e+02 9.11e+02 9.04e+02 8.98e+02 8.91e+02 8.84e+02 8.78e+02 8.71e+02 8.65e+02 8.58e+02 8.52e+02 8.46e+02 8.39e+02 8.33e+02 8.27e+02 8.20e+02 8.14e+02 8.08e+02 8.02e+02 7.96e+02 7.90e+02 7.84e+02 7.78e+02 7.72e+02 7.66e+02 7.60e+02 7.54e+02 7.48e+02 7.42e+02 7.37e+02 7.31e+02 7.25e+02 7.20e+02 7.14e+02 7.09e+02 7.03e+02 6.98e+02 6.92e+02 6.87e+02 6.82e+02 6.77e+02 6.71e+02 6.66e+02 6.61e+02 6.56e+02 6.51e+02 6.46e+02 6.41e+02 6.36e+02 6.31e+02 6.26e+02 6.22e+02 6.17e+02 6.12e+02 6.08e+02 6.03e+02 5.98e+02 5.94e+02 5.89e+02 5.85e+02 5.80e+02 5.76e+02 5.72e+02 5.67e+02 5.63e+02 5.59e+02 5.55e+02 5.51e+02 5.47e+02 5.43e+02 5.38e+02 5.34e+02 5.31e+02 5.27e+02 5.23e+02 5.19e+02 5.15e+02 5.11e+02 5.08e+02 5.04e+02 5.00e+02 4.97e+02 4.93e+02 4.89e+02 4.86e+02 4.82e+02 4.79e+02 4.75e+02 4.72e+02 4.69e+02 4.65e+02 4.62e+02 4.59e+02 4.56e+02 4.52e+02 4.49e+02 4.46e+02 4.43e+02 4.40e+02 4.37e+02 4.34e+02 4.31e+02 4.28e+02 4.25e+02 4.22e+02 4.19e+02 4.16e+02 4.13e+02 4.10e+02 4.07e+02 4.05e+02 4.02e+02 3.99e+02 3.97e+02 3.94e+02 3.91e+02 3.89e+02 3.86e+02 3.83e+02 3.81e+02 3.78e+02 3.76e+02 3.73e+02 3.68e+02 3.59e+02 3.40e+02 3.08e+02 2.53e+02 1.76e+02 9.05e+01 3.25e+01 2.05e+01 2.00e+01 2.00e+01 2.00e+01 2.00e+01 
 2.67314624858575e-09   1.41e+03 1.41e+03 1.41e+03 1.41e+03 1.41e+03 1.41e+03 1.41e+03 1.41e+03 1.40e+03 1.40e+03 1.39e+03 1.38e+03 1.38e+03 1.37e+03 1.36e+03 1.36e+03 1.35e+03 1.34e+03 1.34e+03 1.33e+03 1.32e+03 1.31e+03 1.31e+03 1.30e+03 1.29e+03 1.29e+03 1.28e+03 1.27e+03 1.26e+03 1.26e+03 1.25e+03 1.24e+03 1.24e+03 1.23e+03 1.22e+03 1.21e+03 1.21e+03 1.20e+03 1.19e+03 1.19e+03 1.18e+03 1.17e+03 1.16e+03 1.16e+03 1.15e+03 1.14e+03 1.14e+03 1.13e+03 1.12e+03 1.11e+03 1.11e+03 1.10e+03 1.09e+03 1.09e+03 1.08e+03 1.07e+03 1.06e+03 1.06e+03 1.05e+03 1.04e+03 1.04e+03 1.03e+03 1.02e+03 1.01e+03 1.01e+03 1.00e+03 9.93e+02 9.86e+02 9.79e+02 9.72e+02 9.65e+02 9.59e+02 9.52e+02 9.45e+02 9.38e+02 9.31e+02 9.25e+02 9.18e+02 9.11e+02 9.04e+02 8.98e+02 8.91e+02 8.85e+02 8.78e+02 8.71e+02 8.65e+02 8.59e+02 8.52e+02 8.46e+02 8.39e+02 8.33e+02 8.27e+02 8.20e+02 8.14e+02 8.08e+02 8.02e+02 7.96e+02 7.90e+02 7.84e+02 7.78e+02 7.72e+02 7.66e+02 7.60e+02 7.54e+02 7.48e+02 7.43e+02 7.37e+02 7.31e+02 7.26e+02 7.20e+02 7.15e+02 7.09e+02 7.04e+02 6.98e+02 6.93e+02 6.88e+02 6.82e+02 6.77e+02 6.72e+02 6.67e+02 6.62e+02 6.56e+02 6.51e+02 6.46e+02 6.41e+02 6.37e+02 6.32e+02 6.27e+02 6.22e+02 6.17e+02 6.13e+02 6.08e+02 6.03e+02 5.99e+02 5.94e+02 5.90e+02 5.85e+02 5.81e+02 5.77e+02 5.72e+02 5.68e+02 5.64e+02 5.59e+02 5.55e+02 5.51e+02 5.47e+02 5.43e+02 5.39e+02 5.35e+02 5.31e+02 5.27e+02 5.23e+02 5.19e+02 5.16e+02 5.12e+02 5.08e+02 5.04e+02 5.01e+02 4.97e+02 4.93e+02 4.90e+02 4.86e+02 4.83e+02 4.79e+02 4.76e+02 4.73e+02 4.69e+02 4.66e+02 4.63e+02 4.59e+02 4.56e+02 4.53e+02 4.50e+02 4.46e+02 4.43e+02 4.40e+02 4.37e+02 4.34e+02 4.31e+02 4.28e+02 4.25e+02 4.22e+02 4.19e+02 4.16e+02 4.14e+02 4.11e+02 4.08e+02 4.05e+02 4.02e+02 4.00e+02 3.97e+02 3.94e+02 3.92e+02 3.89e+02 3.86e+02 3.84e+02 3.81e+02 3.79e+02 3.76e+02 3.74e+02 3.69e+02 3.59e+02 3.41e+02 3.08e+02 2.54e+02 1.76e+02 9.08e+01 3.26e+01 2.05e+01 2.00e+01 2.00e+01 2.00e+01 2.00e+01 
 2.68314972389446e-09   1.41e+03 1.41e+03 1.41e+03 1.41e+03 1.41e+03 1.41e+03 1.41e+03 1.41e+03 1.40e+03 1.40e+03 1.39e+03 1.38e+03 1.38e+03 1.37e+03 1.36e+03 1.36e+03 1.35e+03 1.34e+03 1.33e+03 1.33e+03 1.32e+03 1.31e+03 1.31e+03 1.30e+03 1.29e+03 1.29e+03 1.28e+03 1.27e+03 1.26e+03 1.26e+03 1.25e+03 1.24e+03 1.24e+03 1.23e+03 1.22e+03 1.21e+03 1.21e+03 1.20e+03 1.19e+03 1.19e+03 1.18e+03 1.17e+03 1.16e+03 1.16e+03 1.15e+03 1.14e+03 1.14e+03 1.13e+03 1.12e+03 1.11e+03 1.11e+03 1.10e+03 1.09e+03 1.09e+03 1.08e+03 1.07e+03 1.06e+03 1.06e+03 1.05e+03 1.04e+03 1.04e+03 1.03e+03 1.02e+03 1.01e+03 1.01e+03 1.00e+03 9.93e+02 9.86e+02 9.79e+02 9.72e+02 9.65e+02 9.59e+02 9.52e+02 9.45e+02 9.38e+02 9.31e+02 9.25e+02 9.18e+02 9.11e+02 9.05e+02 8.98e+02 8.91e+02 8.85e+02 8.78e+02 8.72e+02 8.65e+02 8.59e+02 8.52e+02 8.46e+02 8.40e+02 8.33e+02 8.27e+02 8.21e+02 8.14e+02 8.08e+02 8.02e+02 7.96e+02 7.90e+02 7.84e+02 7.78e+02 7.72e+02 7.66e+02 7.60e+02 7.55e+02 7.49e+02 7.43e+02 7.37e+02 7.32e+02 7.26e+02 7.20e+02 7.15e+02 7.09e+02 7.04e+02 6.99e+02 6.93e+02 6.88e+02 6.83e+02 6.77e+02 6.72e+02 6.67e+02 6.62e+02 6.57e+02 6.52e+02 6.47e+02 6.42e+02 6.37e+02 6.32e+02 6.27e+02 6.23e+02 6.18e+02 6.13e+02 6.08e+02 6.04e+02 5.99e+02 5.95e+02 5.90e+02 5.86e+02 5.81e+02 5.77e+02 5.73e+02 5.68e+02 5.64e+02 5.60e+02 5.56e+02 5.52e+02 5.48e+02 5.43e+02 5.39e+02 5.35e+02 5.31e+02 5.28e+02 5.24e+02 5.20e+02 5.16e+02 5.12e+02 5.09e+02 5.05e+02 5.01e+02 4.98e+02 4.94e+02 4.90e+02 4.87e+02 4.83e+02 4.80e+02 4.76e+02 4.73e+02 4.70e+02 4.66e+02 4.63e+02 4.60e+02 4.57e+02 4.53e+02 4.50e+02 4.47e+02 4.44e+02 4.41e+02 4.38e+02 4.35e+02 4.32e+02 4.29e+02 4.26e+02 4.23e+02 4.20e+02 4.17e+02 4.14e+02 4.11e+02 4.08e+02 4.06e+02 4.03e+02 4.00e+02 3.97e+02 3.95e+02 3.92e+02 3.90e+02 3.87e+02 3.84e+02 3.82e+02 3.79e+02 3.77e+02 3.74e+02 3.69e+02 3.60e+02 3.41e+02 3.08e+02 2.54e+02 1.77e+02 9.11e+01 3.27e+01 2.05e+01 2.00e+01 2.00e+01 2.00e+01 2.00e+01 
 2.69315533691182e-09   1.41e+03 1.41e+03 1.41e+03 1.41e+03 1.41e+03 1.41e+03 1.41e+03 1.41e+03 1.40e+03 1.40e+03 1.39e+03 1.38e+03 1.38e+03 1.37e+03 1.36e+03 1.36e+03 1.35e+03 1.34e+03 1.33e+03 1.33e+03 1.32e+03 1.31e+03 1.31e+03 1.30e+03 1.29e+03 1.29e+03 1.28e+03 1.27e+03 1.26e+03 1.26e+03 1.25e+03 1.24e+03 1.24e+03 1.23e+03 1.22e+03 1.21e+03 1.21e+03 1.20e+03 1.19e+03 1.19e+03 1.18e+03 1.17e+03 1.16e+03 1.16e+03 1.15e+03 1.14e+03 1.13e+03 1.13e+03 1.12e+03 1.11e+03 1.11e+03 1.10e+03 1.09e+03 1.08e+03 1.08e+03 1.07e+03 1.06e+03 1.06e+03 1.05e+03 1.04e+03 1.04e+03 1.03e+03 1.02e+03 1.01e+03 1.01e+03 1.00e+03 9.93e+02 9.86e+02 9.79e+02 9.72e+02 9.65e+02 9.59e+02 9.52e+02 9.45e+02 9.38e+02 9.31e+02 9.25e+02 9.18e+02 9.11e+02 9.05e+02 8.98e+02 8.91e+02 8.85e+02 8.78e+02 8.72e+02 8.65e+02 8.59e+02 8.52e+02 8.46e+02 8.40e+02 8.33e+02 8.27e+02 8.21e+02 8.15e+02 8.09e+02 8.02e+02 7.96e+02 7.90e+02 7.84e+02 7.78e+02 7.72e+02 7.66e+02 7.61e+02 7.55e+02 7.49e+02 7.43e+02 7.38e+02 7.32e+02 7.26e+02 7.21e+02 7.15e+02 7.10e+02 7.04e+02 6.99e+02 6.94e+02 6.88e+02 6.83e+02 6.78e+02 6.73e+02 6.67e+02 6.62e+02 6.57e+02 6.52e+02 6.47e+02 6.42e+02 6.37e+02 6.33e+02 6.28e+02 6.23e+02 6.18e+02 6.13e+02 6.09e+02 6.04e+02 6.00e+02 5.95e+02 5.91e+02 5.86e+02 5.82e+02 5.77e+02 5.73e+02 5.69e+02 5.65e+02 5.60e+02 5.56e+02 5.52e+02 5.48e+02 5.44e+02 5.40e+02 5.36e+02 5.32e+02 5.28e+02 5.24e+02 5.20e+02 5.17e+02 5.13e+02 5.09e+02 5.05e+02 5.02e+02 4.98e+02 4.94e+02 4.91e+02 4.87e+02 4.84e+02 4.80e+02 4.77e+02 4.74e+02 4.70e+02 4.67e+02 4.64e+02 4.60e+02 4.57e+02 4.54e+02 4.51e+02 4.47e+02 4.44e+02 4.41e+02 4.38e+02 4.35e+02 4.32e+02 4.29e+02 4.26e+02 4.23e+02 4.20e+02 4.17e+02 4.15e+02 4.12e+02 4.09e+02 4.06e+02 4.03e+02 4.01e+02 3.98e+02 3.95e+02 3.93e+02 3.90e+02 3.87e+02 3.85e+02 3.82e+02 3.80e+02 3.77e+02 3.75e+02 3.70e+02 3.60e+02 3.42e+02 3.09e+02 2.54e+02 1.77e+02 9.13e+01 3.28e+01 2.05e+01 2.00e+01 2.00e+01 2.00e+01 2.00e+01 
 2.70316308110353e-09   1.41e+03 1.41e+03 1.41e+03 1.41e+03 1.41e+03 1.41e+03 1.41e+03 1.41e+03 1.40e+03 1.40e+03 1.39e+03 1.38e+03 1.38e+03 1.37e+03 1.36e+03 1.36e+03 1.35e+03 1.34e+03 1.33e+03 1.33e+03 1.32e+03 1.31e+03 1.31e+03 1.30e+03 1.29e+03 1.28e+03 1.28e+03 1.27e+03 1.26e+03 1.26e+03 1.25e+03 1.24e+03 1.23e+03 1.23e+03 1.22e+03 1.21e+03 1.21e+03 1.20e+03 1.19e+03 1.18e+03 1.18e+03 1.17e+03 1.16e+03 1.16e+03 1.15e+03 1.14e+03 1.13e+03 1.13e+03 1.12e+03 1.11e+03 1.11e+03 1.10e+03 1.09e+03 1.08e+03 1.08e+03 1.07e+03 1.06e+03 1.06e+03 1.05e+03 1.04e+03 1.04e+03 1.03e+03 1.02e+03 1.01e+03 1.01e+03 1.00e+03 9.93e+02 9.86e+02 9.79e+02 9.72e+02 9.65e+02 9.59e+02 9.52e+02 9.45e+02 9.38e+02 9.31e+02 9.25e+02 9.18e+02 9.11e+02 9.05e+02 8.98e+02 8.91e+02 8.85e+02 8.78e+02 8.72e+02 8.65e+02 8.59e+02 8.53e+02 8.46e+02 8.40e+02 8.34e+02 8.27e+02 8.21e+02 8.15e+02 8.09e+02 8.03e+02 7.97e+02 7.91e+02 7.85e+02 7.79e+02 7.73e+02 7.67e+02 7.61e+02 7.55e+02 7.49e+02 7.44e+02 7.38e+02 7.32e+02 7.27e+02 7.21e+02 7.16e+02 7.10e+02 7.05e+02 6.99e+02 6.94e+02 6.89e+02 6.83e+02 6.78e+02 6.73e+02 6.68e+02 6.63e+02 6.58e+02 6.53e+02 6.48e+02 6.43e+02 6.38e+02 6.33e+02 6.28e+02 6.23e+02 6.19e+02 6.14e+02 6.09e+02 6.05e+02 6.00e+02 5.96e+02 5.91e+02 5.87e+02 5.82e+02 5.78e+02 5.74e+02 5.69e+02 5.65e+02 5.61e+02 5.57e+02 5.53e+02 5.48e+02 5.44e+02 5.40e+02 5.36e+02 5.32e+02 5.29e+02 5.25e+02 5.21e+02 5.17e+02 5.13e+02 5.10e+02 5.06e+02 5.02e+02 4.99e+02 4.95e+02 4.91e+02 4.88e+02 4.84e+02 4.81e+02 4.77e+02 4.74e+02 4.71e+02 4.67e+02 4.64e+02 4.61e+02 4.58e+02 4.54e+02 4.51e+02 4.48e+02 4.45e+02 4.42e+02 4.39e+02 4.36e+02 4.33e+02 4.30e+02 4.27e+02 4.24e+02 4.21e+02 4.18e+02 4.15e+02 4.12e+02 4.09e+02 4.07e+02 4.04e+02 4.01e+02 3.98e+02 3.96e+02 3.93e+02 3.91e+02 3.88e+02 3.85e+02 3.83e+02 3.80e+02 3.78e+02 3.75e+02 3.70e+02 3.61e+02 3.42e+02 3.09e+02 2.55e+02 1.78e+02 9.16e+01 3.29e+01 2.05e+01 2.00e+01 2.00e+01 2.00e+01 2.00e+01 
 2.71317294997030e-09   1.41e+03 1.41e+03 1.41e+03 1.41e+03 1.41e+03 1.41e+03 1.41e+03 1.41e+03 1.40e+03 1.40e+03 1.39e+03 1.38e+03 1.38e+03 1.37e+03 1.36e+03 1.36e+03 1.35e+03 1.34e+03 1.33e+03 1.33e+03 1.32e+03 1.31e+03 1.31e+03 1.30e+03 1.29e+03 1.28e+03 1.28e+03 1.27e+03 1.26e+03 1.26e+03 1.25e+03 1.24e+03 1.23e+03 1.23e+03 1.22e+03 1.21e+03 1.21e+03 1.20e+03 1.19e+03 1.18e+03 1.18e+03 1.17e+03 1.16e+03 1.16e+03 1.15e+03 1.14e+03 1.13e+03 1.13e+03 1.12e+03 1.11e+03 1.11e+03 1.10e+03 1.09e+03 1.08e+03 1.08e+03 1.07e+03 1.06e+03 1.06e+03 1.05e+03 1.04e+03 1.03e+03 1.03e+03 1.02e+03 1.01e+03 1.01e+03 1.00e+03 9.93e+02 9.86e+02 9.79e+02 9.72e+02 9.65e+02 9.59e+02 9.52e+02 9.45e+02 9.38e+02 9.31e+02 9.25e+02 9.18e+02 9.11e+02 9.05e+02 8.98e+02 8.92e+02 8.85e+02 8.79e+02 8.72e+02 8.66e+02 8.59e+02 8.53e+02 8.46e+02 8.40e+02 8.34e+02 8.28e+02 8.21e+02 8.15e+02 8.09e+02 8.03e+02 7.97e+02 7.91e+02 7.85e+02 7.79e+02 7.73e+02 7.67e+02 7.61e+02 7.55e+02 7.50e+02 7.44e+02 7.38e+02 7.33e+02 7.27e+02 7.21e+02 7.16e+02 7.10e+02 7.05e+02 7.00e+02 6.94e+02 6.89e+02 6.84e+02 6.78e+02 6.73e+02 6.68e+02 6.63e+02 6.58e+02 6.53e+02 6.48e+02 6.43e+02 6.38e+02 6.33e+02 6.29e+02 6.24e+02 6.19e+02 6.14e+02 6.10e+02 6.05e+02 6.01e+02 5.96e+02 5.92e+02 5.87e+02 5.83e+02 5.78e+02 5.74e+02 5.70e+02 5.65e+02 5.61e+02 5.57e+02 5.53e+02 5.49e+02 5.45e+02 5.41e+02 5.37e+02 5.33e+02 5.29e+02 5.25e+02 5.21e+02 5.17e+02 5.14e+02 5.10e+02 5.06e+02 5.03e+02 4.99e+02 4.95e+02 4.92e+02 4.88e+02 4.85e+02 4.81e+02 4.78e+02 4.75e+02 4.71e+02 4.68e+02 4.65e+02 4.61e+02 4.58e+02 4.55e+02 4.52e+02 4.48e+02 4.45e+02 4.42e+02 4.39e+02 4.36e+02 4.33e+02 4.30e+02 4.27e+02 4.24e+02 4.21e+02 4.18e+02 4.16e+02 4.13e+02 4.10e+02 4.07e+02 4.04e+02 4.02e+02 3.99e+02 3.96e+02 3.94e+02 3.91e+02 3.88e+02 3.86e+02 3.83e+02 3.81e+02 3.78e+02 3.76e+02 3.71e+02 3.61e+02 3.43e+02 3.10e+02 2.55e+02 1.78e+02 9.19e+01 3.30e+01 2.05e+01 2.00e+01 2.00e+01 2.00e+01 2.00e+01 
 2.72318493704753e-09   1.41e+03 1.41e+03 1.41e+03 1.41e+03 1.41e+03 1.41e+03 1.41e+03 1.41e+03 1.40e+03 1.39e+03 1.39e+03 1.38e+03 1.37e+03 1.37e+03 1.36e+03 1.35e+03 1.35e+03 1.34e+03 1.33e+03 1.33e+03 1.32e+03 1.31e+03 1.31e+03 1.30e+03 1.29e+03 1.28e+03 1.28e+03 1.27e+03 1.26e+03 1.26e+03 1.25e+03 1.24e+03 1.23e+03 1.23e+03 1.22e+03 1.21e+03 1.21e+03 1.20e+03 1.19e+03 1.18e+03 1.18e+03 1.17e+03 1.16e+03 1.16e+03 1.15e+03 1.14e+03 1.13e+03 1.13e+03 1.12e+03 1.11e+03 1.11e+03 1.10e+03 1.09e+03 1.08e+03 1.08e+03 1.07e+03 1.06e+03 1.06e+03 1.05e+03 1.04e+03 1.03e+03 1.03e+03 1.02e+03 1.01e+03 1.01e+03 1.00e+03 9.93e+02 9.86e+02 9.79e+02 9.72e+02 9.65e+02 9.59e+02 9.52e+02 9.45e+02 9.38e+02 9.32e+02 9.25e+02 9.18e+02 9.11e+02 9.05e+02 8.98e+02 8.92e+02 8.85e+02 8.79e+02 8.72e+02 8.66e+02 8.59e+02 8.53e+02 8.47e+02 8.40e+02 8.34e+02 8.28e+02 8.22e+02 8.15e+02 8.09e+02 8.03e+02 7.97e+02 7.91e+02 7.85e+02 7.79e+02 7.73e+02 7.67e+02 7.61e+02 7.56e+02 7.50e+02 7.44e+02 7.39e+02 7.33e+02 7.27e+02 7.22e+02 7.16e+02 7.11e+02 7.05e+02 7.00e+02 6.95e+02 6.89e+02 6.84e+02 6.79e+02 6.74e+02 6.68e+02 6.63e+02 6.58e+02 6.53e+02 6.48e+02 6.43e+02 6.39e+02 6.34e+02 6.29e+02 6.24e+02 6.19e+02 6.15e+02 6.10e+02 6.06e+02 6.01e+02 5.96e+02 5.92e+02 5.88e+02 5.83e+02 5.79e+02 5.74e+02 5.70e+02 5.66e+02 5.62e+02 5.58e+02 5.53e+02 5.49e+02 5.45e+02 5.41e+02 5.37e+02 5.33e+02 5.29e+02 5.26e+02 5.22e+02 5.18e+02 5.14e+02 5.10e+02 5.07e+02 5.03e+02 4.99e+02 4.96e+02 4.92e+02 4.89e+02 4.85e+02 4.82e+02 4.78e+02 4.75e+02 4.72e+02 4.68e+02 4.65e+02 4.62e+02 4.58e+02 4.55e+02 4.52e+02 4.49e+02 4.46e+02 4.43e+02 4.40e+02 4.37e+02 4.34e+02 4.31e+02 4.28e+02 4.25e+02 4.22e+02 4.19e+02 4.16e+02 4.13e+02 4.10e+02 4.08e+02 4.05e+02 4.02e+02 3.99e+02 3.97e+02 3.94e+02 3.91e+02 3.89e+02 3.86e+02 3.84e+02 3.81e+02 3.79e+02 3.76e+02 3.71e+02 3.62e+02 3.43e+02 3.10e+02 2.56e+02 1.78e+02 9.22e+01 3.31e+01 2.05e+01 2.00e+01 2.00e+01 2.00e+01 2.00e+01 
 2.73319903590504e-09   1.41e+03 1.41e+03 1.41e+03 1.41e+03 1.41e+03 1.41e+03 1.41e+03 1.40e+03 1.40e+03 1.39e+03 1.39e+03 1.38e+03 1.37e+03 1.37e+03 1.36e+03 1.35e+03 1.35e+03 1.34e+03 1.33e+03 1.33e+03 1.32e+03 1.31e+03 1.30e+03 1.30e+03 1.29e+03 1.28e+03 1.28e+03 1.27e+03 1.26e+03 1.26e+03 1.25e+03 1.24e+03 1.23e+03 1.23e+03 1.22e+03 1.21e+03 1.21e+03 1.20e+03 1.19e+03 1.18e+03 1.18e+03 1.17e+03 1.16e+03 1.16e+03 1.15e+03 1.14e+03 1.13e+03 1.13e+03 1.12e+03 1.11e+03 1.11e+03 1.10e+03 1.09e+03 1.08e+03 1.08e+03 1.07e+03 1.06e+03 1.06e+03 1.05e+03 1.04e+03 1.03e+03 1.03e+03 1.02e+03 1.01e+03 1.01e+03 1.00e+03 9.93e+02 9.86e+02 9.79e+02 9.72e+02 9.65e+02 9.59e+02 9.52e+02 9.45e+02 9.38e+02 9.32e+02 9.25e+02 9.18e+02 9.12e+02 9.05e+02 8.98e+02 8.92e+02 8.85e+02 8.79e+02 8.72e+02 8.66e+02 8.59e+02 8.53e+02 8.47e+02 8.40e+02 8.34e+02 8.28e+02 8.22e+02 8.16e+02 8.09e+02 8.03e+02 7.97e+02 7.91e+02 7.85e+02 7.79e+02 7.73e+02 7.68e+02 7.62e+02 7.56e+02 7.50e+02 7.44e+02 7.39e+02 7.33e+02 7.28e+02 7.22e+02 7.17e+02 7.11e+02 7.06e+02 7.00e+02 6.95e+02 6.90e+02 6.84e+02 6.79e+02 6.74e+02 6.69e+02 6.64e+02 6.59e+02 6.54e+02 6.49e+02 6.44e+02 6.39e+02 6.34e+02 6.29e+02 6.25e+02 6.20e+02 6.15e+02 6.11e+02 6.06e+02 6.01e+02 5.97e+02 5.92e+02 5.88e+02 5.84e+02 5.79e+02 5.75e+02 5.71e+02 5.66e+02 5.62e+02 5.58e+02 5.54e+02 5.50e+02 5.46e+02 5.42e+02 5.38e+02 5.34e+02 5.30e+02 5.26e+02 5.22e+02 5.18e+02 5.15e+02 5.11e+02 5.07e+02 5.04e+02 5.00e+02 4.96e+02 4.93e+02 4.89e+02 4.86e+02 4.82e+02 4.79e+02 4.75e+02 4.72e+02 4.69e+02 4.65e+02 4.62e+02 4.59e+02 4.56e+02 4.53e+02 4.49e+02 4.46e+02 4.43e+02 4.40e+02 4.37e+02 4.34e+02 4.31e+02 4.28e+02 4.25e+02 4.22e+02 4.19e+02 4.17e+02 4.14e+02 4.11e+02 4.08e+02 4.05e+02 4.03e+02 4.00e+02 3.97e+02 3.95e+02 3.92e+02 3.89e+02 3.87e+02 3.84e+02 3.82e+02 3.79e+02 3.77e+02 3.72e+02 3.62e+02 3.44e+02 3.11e+02 2.56e+02 1.79e+02 9.24e+01 3.32e+01 2.05e+01 2.00e+01 2.00e+01 2.00e+01 2.00e+01 
 2.74321524014672e-09   1.41e+03 1.41e+03 1.41e+03 1.41e+03 1.41e+03 1.41e+03 1.41e+03 1.40e+03 1.40e+03 1.39e+03 1.39e+03 1.38e+03 1.37e+03 1.37e+03 1.36e+03 1.35e+03 1.35e+03 1.34e+03 1.33e+03 1.32e+03 1.32e+03 1.31e+03 1.30e+03 1.30e+03 1.29e+03 1.28e+03 1.28e+03 1.27e+03 1.26e+03 1.25e+03 1.25e+03 1.24e+03 1.23e+03 1.23e+03 1.22e+03 1.21e+03 1.21e+03 1.20e+03 1.19e+03 1.18e+03 1.18e+03 1.17e+03 1.16e+03 1.16e+03 1.15e+03 1.14e+03 1.13e+03 1.13e+03 1.12e+03 1.11e+03 1.11e+03 1.10e+03 1.09e+03 1.08e+03 1.08e+03 1.07e+03 1.06e+03 1.06e+03 1.05e+03 1.04e+03 1.03e+03 1.03e+03 1.02e+03 1.01e+03 1.01e+03 1.00e+03 9.93e+02 9.86e+02 9.79e+02 9.72e+02 9.65e+02 9.59e+02 9.52e+02 9.45e+02 9.38e+02 9.32e+02 9.25e+02 9.18e+02 9.12e+02 9.05e+02 8.98e+02 8.92e+02 8.85e+02 8.79e+02 8.72e+02 8.66e+02 8.60e+02 8.53e+02 8.47e+02 8.41e+02 8.34e+02 8.28e+02 8.22e+02 8.16e+02 8.10e+02 8.04e+02 7.97e+02 7.91e+02 7.85e+02 7.80e+02 7.74e+02 7.68e+02 7.62e+02 7.56e+02 7.50e+02 7.45e+02 7.39e+02 7.33e+02 7.28e+02 7.22e+02 7.17e+02 7.11e+02 7.06e+02 7.01e+02 6.95e+02 6.90e+02 6.85e+02 6.80e+02 6.74e+02 6.69e+02 6.64e+02 6.59e+02 6.54e+02 6.49e+02 6.44e+02 6.39e+02 6.35e+02 6.30e+02 6.25e+02 6.20e+02 6.16e+02 6.11e+02 6.06e+02 6.02e+02 5.97e+02 5.93e+02 5.88e+02 5.84e+02 5.80e+02 5.75e+02 5.71e+02 5.67e+02 5.63e+02 5.58e+02 5.54e+02 5.50e+02 5.46e+02 5.42e+02 5.38e+02 5.34e+02 5.30e+02 5.27e+02 5.23e+02 5.19e+02 5.15e+02 5.11e+02 5.08e+02 5.04e+02 5.00e+02 4.97e+02 4.93e+02 4.90e+02 4.86e+02 4.83e+02 4.79e+02 4.76e+02 4.73e+02 4.69e+02 4.66e+02 4.63e+02 4.59e+02 4.56e+02 4.53e+02 4.50e+02 4.47e+02 4.44e+02 4.41e+02 4.38e+02 4.35e+02 4.32e+02 4.29e+02 4.26e+02 4.23e+02 4.20e+02 4.17e+02 4.14e+02 4.11e+02 4.09e+02 4.06e+02 4.03e+02 4.00e+02 3.98e+02 3.95e+02 3.92e+02 3.90e+02 3.87e+02 3.85e+02 3.82e+02 3.80e+02 3.77e+02 3.72e+02 3.63e+02 3.44e+02 3.11e+02 2.57e+02 1.79e+02 9.27e+01 3.32e+01 2.05e+01 2.00e+01 2.00e+01 2.00e+01 2.00e+01 
 2.75323354341027e-09   1.41e+03 1.41e+03 1.41e+03 1.41e+03 1.41e+03 1.41e+03 1.41e+03 1.40e+03 1.40e+03 1.39e+03 1.38e+03 1.38e+03 1.37e+03 1.36e+03 1.36e+03 1.35e+03 1.34e+03 1.34e+03 1.33e+03 1.32e+03 1.32e+03 1.31e+03 1.30e+03 1.30e+03 1.29e+03 1.28e+03 1.28e+03 1.27e+03 1.26e+03 1.25e+03 1.25e+03 1.24e+03 1.23e+03 1.23e+03 1.22e+03 1.21e+03 1.20e+03 1.20e+03 1.19e+03 1.18e+03 1.18e+03 1.17e+03 1.16e+03 1.15e+03 1.15e+03 1.14e+03 1.13e+03 1.13e+03 1.12e+03 1.11e+03 1.11e+03 1.10e+03 1.09e+03 1.08e+03 1.08e+03 1.07e+03 1.06e+03 1.06e+03 1.05e+03 1.04e+03 1.03e+03 1.03e+03 1.02e+03 1.01e+03 1.01e+03 1.00e+03 9.93e+02 9.86e+02 9.79e+02 9.72e+02 9.65e+02 9.59e+02 9.52e+02 9.45e+02 9.38e+02 9.32e+02 9.25e+02 9.18e+02 9.12e+02 9.05e+02 8.99e+02 8.92e+02 8.85e+02 8.79e+02 8.73e+02 8.66e+02 8.60e+02 8.53e+02 8.47e+02 8.41e+02 8.35e+02 8.28e+02 8.22e+02 8.16e+02 8.10e+02 8.04e+02 7.98e+02 7.92e+02 7.86e+02 7.80e+02 7.74e+02 7.68e+02 7.62e+02 7.56e+02 7.51e+02 7.45e+02 7.39e+02 7.34e+02 7.28e+02 7.23e+02 7.17e+02 7.12e+02 7.06e+02 7.01e+02 6.96e+02 6.90e+02 6.85e+02 6.80e+02 6.75e+02 6.70e+02 6.65e+02 6.59e+02 6.54e+02 6.50e+02 6.45e+02 6.40e+02 6.35e+02 6.30e+02 6.25e+02 6.21e+02 6.16e+02 6.11e+02 6.07e+02 6.02e+02 5.98e+02 5.93e+02 5.89e+02 5.84e+02 5.80e+02 5.76e+02 5.71e+02 5.67e+02 5.63e+02 5.59e+02 5.55e+02 5.51e+02 5.47e+02 5.43e+02 5.39e+02 5.35e+02 5.31e+02 5.27e+02 5.23e+02 5.19e+02 5.16e+02 5.12e+02 5.08e+02 5.05e+02 5.01e+02 4.97e+02 4.94e+02 4.90e+02 4.87e+02 4.83e+02 4.80e+02 4.76e+02 4.73e+02 4.70e+02 4.66e+02 4.63e+02 4.60e+02 4.57e+02 4.54e+02 4.50e+02 4.47e+02 4.44e+02 4.41e+02 4.38e+02 4.35e+02 4.32e+02 4.29e+02 4.26e+02 4.23e+02 4.20e+02 4.18e+02 4.15e+02 4.12e+02 4.09e+02 4.06e+02 4.04e+02 4.01e+02 3.98e+02 3.96e+02 3.93e+02 3.90e+02 3.88e+02 3.85e+02 3.83e+02 3.80e+02 3.78e+02 3.73e+02 3.63e+02 3.45e+02 3.12e+02 2.57e+02 1.79e+02 9.30e+01 3.33e+01 2.05e+01 2.00e+01 2.00e+01 2.00e+01 2.00e+01 
 2.76325393936690e-09   1.41e+03 1.41e+03 1.41e+03 1.41e+03 1.41e+03 1.41e+03 1.41e+03 1.40e+03 1.40e+03 1.39e+03 1.38e+03 1.38e+03 1.37e+03 1.36e+03 1.36e+03 1.35e+03 1.34e+03 1.34e+03 1.33e+03 1.32e+03 1.32e+03 1.31e+03 1.30e+03 1.30e+03 1.29e+03 1.28e+03 1.27e+03 1.27e+03 1.26e+03 1.25e+03 1.25e+03 1.24e+03 1.23e+03 1.23e+03 1.22e+03 1.21e+03 1.20e+03 1.20e+03 1.19e+03 1.18e+03 1.18e+03 1.17e+03 1.16e+03 1.15e+03 1.15e+03 1.14e+03 1.13e+03 1.13e+03 1.12e+03 1.11e+03 1.10e+03 1.10e+03 1.09e+03 1.08e+03 1.08e+03 1.07e+03 1.06e+03 1.06e+03 1.05e+03 1.04e+03 1.03e+03 1.03e+03 1.02e+03 1.01e+03 1.01e+03 1.00e+03 9.93e+02 9.86e+02 9.79e+02 9.72e+02 9.65e+02 9.59e+02 9.52e+02 9.45e+02 9.38e+02 9.32e+02 9.25e+02 9.18e+02 9.12e+02 9.05e+02 8.99e+02 8.92e+02 8.86e+02 8.79e+02 8.73e+02 8.66e+02 8.60e+02 8.54e+02 8.47e+02 8.41e+02 8.35e+02 8.28e+02 8.22e+02 8.16e+02 8.10e+02 8.04e+02 7.98e+02 7.92e+02 7.86e+02 7.80e+02 7.74e+02 7.68e+02 7.63e+02 7.57e+02 7.51e+02 7.45e+02 7.40e+02 7.34e+02 7.29e+02 7.23e+02 7.18e+02 7.12e+02 7.07e+02 7.01e+02 6.96e+02 6.91e+02 6.85e+02 6.80e+02 6.75e+02 6.70e+02 6.65e+02 6.60e+02 6.55e+02 6.50e+02 6.45e+02 6.40e+02 6.35e+02 6.31e+02 6.26e+02 6.21e+02 6.16e+02 6.12e+02 6.07e+02 6.03e+02 5.98e+02 5.94e+02 5.89e+02 5.85e+02 5.81e+02 5.76e+02 5.72e+02 5.68e+02 5.64e+02 5.59e+02 5.55e+02 5.51e+02 5.47e+02 5.43e+02 5.39e+02 5.35e+02 5.31e+02 5.27e+02 5.24e+02 5.20e+02 5.16e+02 5.12e+02 5.09e+02 5.05e+02 5.01e+02 4.98e+02 4.94e+02 4.91e+02 4.87e+02 4.84e+02 4.80e+02 4.77e+02 4.74e+02 4.70e+02 4.67e+02 4.64e+02 4.60e+02 4.57e+02 4.54e+02 4.51e+02 4.48e+02 4.45e+02 4.42e+02 4.39e+02 4.36e+02 4.33e+02 4.30e+02 4.27e+02 4.24e+02 4.21e+02 4.18e+02 4.15e+02 4.12e+02 4.10e+02 4.07e+02 4.04e+02 4.01e+02 3.99e+02 3.96e+02 3.93e+02 3.91e+02 3.88e+02 3.86e+02 3.83e+02 3.81e+02 3.78e+02 3.73e+02 3.64e+02 3.45e+02 3.12e+02 2.58e+02 1.80e+02 9.33e+01 3.34e+01 2.05e+01 2.00e+01 2.00e+01 2.00e+01 2.00e+01 
 2.77327642172099e-09   1.41e+03 1.41e+03 1.41e+03 1.41e+03 1.41e+03 1.41e+03 1.41e+03 1.40e+03 1.40e+03 1.39e+03 1.38e+03 1.38e+03 1.37e+03 1.36e+03 1.36e+03 1.35e+03 1.34e+03 1.34e+03 1.33e+03 1.32e+03 1.32e+03 1.31e+03 1.30e+03 1.30e+03 1.29e+03 1.28e+03 1.27e+03 1.27e+03 1.26e+03 1.25e+03 1.25e+03 1.24e+03 1.23e+03 1.23e+03 1.22e+03 1.21e+03 1.20e+03 1.20e+03 1.19e+03 1.18e+03 1.18e+03 1.17e+03 1.16e+03 1.15e+03 1.15e+03 1.14e+03 1.13e+03 1.13e+03 1.12e+03 1.11e+03 1.10e+03 1.10e+03 1.09e+03 1.08e+03 1.08e+03 1.07e+03 1.06e+03 1.06e+03 1.05e+03 1.04e+03 1.03e+03 1.03e+03 1.02e+03 1.01e+03 1.01e+03 1.00e+03 9.93e+02 9.86e+02 9.79e+02 9.72e+02 9.65e+02 9.59e+02 9.52e+02 9.45e+02 9.38e+02 9.32e+02 9.25e+02 9.18e+02 9.12e+02 9.05e+02 8.99e+02 8.92e+02 8.86e+02 8.79e+02 8.73e+02 8.66e+02 8.60e+02 8.54e+02 8.47e+02 8.41e+02 8.35e+02 8.29e+02 8.22e+02 8.16e+02 8.10e+02 8.04e+02 7.98e+02 7.92e+02 7.86e+02 7.80e+02 7.74e+02 7.69e+02 7.63e+02 7.57e+02 7.51e+02 7.46e+02 7.40e+02 7.34e+02 7.29e+02 7.23e+02 7.18e+02 7.12e+02 7.07e+02 7.02e+02 6.96e+02 6.91e+02 6.86e+02 6.81e+02 6.75e+02 6.70e+02 6.65e+02 6.60e+02 6.55e+02 6.50e+02 6.45e+02 6.41e+02 6.36e+02 6.31e+02 6.26e+02 6.21e+02 6.17e+02 6.12e+02 6.08e+02 6.03e+02 5.99e+02 5.94e+02 5.90e+02 5.85e+02 5.81e+02 5.77e+02 5.72e+02 5.68e+02 5.64e+02 5.60e+02 5.56e+02 5.52e+02 5.48e+02 5.44e+02 5.40e+02 5.36e+02 5.32e+02 5.28e+02 5.24e+02 5.20e+02 5.17e+02 5.13e+02 5.09e+02 5.05e+02 5.02e+02 4.98e+02 4.95e+02 4.91e+02 4.88e+02 4.84e+02 4.81e+02 4.77e+02 4.74e+02 4.71e+02 4.67e+02 4.64e+02 4.61e+02 4.58e+02 4.54e+02 4.51e+02 4.48e+02 4.45e+02 4.42e+02 4.39e+02 4.36e+02 4.33e+02 4.30e+02 4.27e+02 4.24e+02 4.21e+02 4.18e+02 4.16e+02 4.13e+02 4.10e+02 4.07e+02 4.05e+02 4.02e+02 3.99e+02 3.97e+02 3.94e+02 3.91e+02 3.89e+02 3.86e+02 3.84e+02 3.81e+02 3.79e+02 3.74e+02 3.64e+02 3.46e+02 3.13e+02 2.58e+02 1.80e+02 9.36e+01 3.35e+01 2.05e+01 2.00e+01 2.00e+01 2.00e+01 2.00e+01 
 2.78330098420988e-09   1.41e+03 1.41e+03 1.41e+03 1.41e+03 1.41e+03 1.41e+03 1.41e+03 1.40e+03 1.40e+03 1.39e+03 1.38e+03 1.38e+03 1.37e+03 1.36e+03 1.36e+03 1.35e+03 1.34e+03 1.34e+03 1.33e+03 1.32e+03 1.32e+03 1.31e+03 1.30e+03 1.29e+03 1.29e+03 1.28e+03 1.27e+03 1.27e+03 1.26e+03 1.25e+03 1.25e+03 1.24e+03 1.23e+03 1.22e+03 1.22e+03 1.21e+03 1.20e+03 1.20e+03 1.19e+03 1.18e+03 1.18e+03 1.17e+03 1.16e+03 1.15e+03 1.15e+03 1.14e+03 1.13e+03 1.13e+03 1.12e+03 1.11e+03 1.10e+03 1.10e+03 1.09e+03 1.08e+03 1.08e+03 1.07e+03 1.06e+03 1.06e+03 1.05e+03 1.04e+03 1.03e+03 1.03e+03 1.02e+03 1.01e+03 1.01e+03 1.00e+03 9.93e+02 9.86e+02 9.79e+02 9.72e+02 9.65e+02 9.59e+02 9.52e+02 9.45e+02 9.38e+02 9.32e+02 9.25e+02 9.19e+02 9.12e+02 9.05e+02 8.99e+02 8.92e+02 8.86e+02 8.79e+02 8.73e+02 8.67e+02 8.60e+02 8.54e+02 8.48e+02 8.41e+02 8.35e+02 8.29e+02 8.23e+02 8.17e+02 8.10e+02 8.04e+02 7.98e+02 7.92e+02 7.86e+02 7.81e+02 7.75e+02 7.69e+02 7.63e+02 7.57e+02 7.52e+02 7.46e+02 7.40e+02 7.35e+02 7.29e+02 7.24e+02 7.18e+02 7.13e+02 7.07e+02 7.02e+02 6.97e+02 6.91e+02 6.86e+02 6.81e+02 6.76e+02 6.71e+02 6.66e+02 6.61e+02 6.56e+02 6.51e+02 6.46e+02 6.41e+02 6.36e+02 6.31e+02 6.27e+02 6.22e+02 6.17e+02 6.13e+02 6.08e+02 6.03e+02 5.99e+02 5.95e+02 5.90e+02 5.86e+02 5.81e+02 5.77e+02 5.73e+02 5.69e+02 5.64e+02 5.60e+02 5.56e+02 5.52e+02 5.48e+02 5.44e+02 5.40e+02 5.36e+02 5.32e+02 5.28e+02 5.25e+02 5.21e+02 5.17e+02 5.13e+02 5.10e+02 5.06e+02 5.02e+02 4.99e+02 4.95e+02 4.92e+02 4.88e+02 4.85e+02 4.81e+02 4.78e+02 4.75e+02 4.71e+02 4.68e+02 4.65e+02 4.61e+02 4.58e+02 4.55e+02 4.52e+02 4.49e+02 4.46e+02 4.43e+02 4.39e+02 4.36e+02 4.33e+02 4.31e+02 4.28e+02 4.25e+02 4.22e+02 4.19e+02 4.16e+02 4.13e+02 4.11e+02 4.08e+02 4.05e+02 4.02e+02 4.00e+02 3.97e+02 3.94e+02 3.92e+02 3.89e+02 3.87e+02 3.84e+02 3.82e+02 3.79e+02 3.74e+02 3.65e+02 3.46e+02 3.13e+02 2.58e+02 1.81e+02 9.38e+01 3.36e+01 2.05e+01 2.00e+01 2.00e+01 2.00e+01 2.00e+01 
 2.79330248860188e-09   1.41e+03 1.41e+03 1.41e+03 1.41e+03 1.41e+03 1.41e+03 1.41e+03 1.40e+03 1.40e+03 1.39e+03 1.38e+03 1.38e+03 1.37e+03 1.36e+03 1.36e+03 1.35e+03 1.34e+03 1.34e+03 1.33e+03 1.32e+03 1.32e+03 1.31e+03 1.30e+03 1.29e+03 1.29e+03 1.28e+03 1.27e+03 1.27e+03 1.26e+03 1.25e+03 1.25e+03 1.24e+03 1.23e+03 1.22e+03 1.22e+03 1.21e+03 1.20e+03 1.20e+03 1.19e+03 1.18e+03 1.17e+03 1.17e+03 1.16e+03 1.15e+03 1.15e+03 1.14e+03 1.13e+03 1.13e+03 1.12e+03 1.11e+03 1.10e+03 1.10e+03 1.09e+03 1.08e+03 1.08e+03 1.07e+03 1.06e+03 1.06e+03 1.05e+03 1.04e+03 1.03e+03 1.03e+03 1.02e+03 1.01e+03 1.01e+03 1.00e+03 9.93e+02 9.86e+02 9.79e+02 9.72e+02 9.65e+02 9.59e+02 9.52e+02 9.45e+02 9.39e+02 9.32e+02 9.25e+02 9.19e+02 9.12e+02 9.05e+02 8.99e+02 8.92e+02 8.86e+02 8.79e+02 8.73e+02 8.67e+02 8.60e+02 8.54e+02 8.48e+02 8.41e+02 8.35e+02 8.29e+02 8.23e+02 8.17e+02 8.11e+02 8.05e+02 7.99e+02 7.93e+02 7.87e+02 7.81e+02 7.75e+02 7.69e+02 7.63e+02 7.58e+02 7.52e+02 7.46e+02 7.41e+02 7.35e+02 7.29e+02 7.24e+02 7.18e+02 7.13e+02 7.08e+02 7.02e+02 6.97e+02 6.92e+02 6.86e+02 6.81e+02 6.76e+02 6.71e+02 6.66e+02 6.61e+02 6.56e+02 6.51e+02 6.46e+02 6.41e+02 6.36e+02 6.32e+02 6.27e+02 6.22e+02 6.18e+02 6.13e+02 6.08e+02 6.04e+02 5.99e+02 5.95e+02 5.91e+02 5.86e+02 5.82e+02 5.78e+02 5.73e+02 5.69e+02 5.65e+02 5.61e+02 5.57e+02 5.52e+02 5.48e+02 5.44e+02 5.40e+02 5.37e+02 5.33e+02 5.29e+02 5.25e+02 5.21e+02 5.17e+02 5.14e+02 5.10e+02 5.06e+02 5.03e+02 4.99e+02 4.96e+02 4.92e+02 4.89e+02 4.85e+02 4.82e+02 4.78e+02 4.75e+02 4.72e+02 4.68e+02 4.65e+02 4.62e+02 4.59e+02 4.55e+02 4.52e+02 4.49e+02 4.46e+02 4.43e+02 4.40e+02 4.37e+02 4.34e+02 4.31e+02 4.28e+02 4.25e+02 4.22e+02 4.19e+02 4.17e+02 4.14e+02 4.11e+02 4.08e+02 4.06e+02 4.03e+02 4.00e+02 3.98e+02 3.95e+02 3.92e+02 3.90e+02 3.87e+02 3.85e+02 3.82e+02 3.80e+02 3.75e+02 3.65e+02 3.47e+02 3.14e+02 2.59e+02 1.81e+02 9.41e+01 3.37e+01 2.06e+01 2.00e+01 2.00e+01 2.00e+01 2.00e+01 
 2.80330605036506e-09   1.41e+03 1.41e+03 1.41e+03 1.41e+03 1.41e+03 1.41e+03 1.41e+03 1.40e+03 1.40e+03 1.39e+03 1.38e+03 1.38e+03 1.37e+03 1.36e+03 1.36e+03 1.35e+03 1.34e+03 1.34e+03 1.33e+03 1.32e+03 1.31e+03 1.31e+03 1.30e+03 1.29e+03 1.29e+03 1.28e+03 1.27e+03 1.27e+03 1.26e+03 1.25e+03 1.25e+03 1.24e+03 1.23e+03 1.22e+03 1.22e+03 1.21e+03 1.20e+03 1.20e+03 1.19e+03 1.18e+03 1.17e+03 1.17e+03 1.16e+03 1.15e+03 1.15e+03 1.14e+03 1.13e+03 1.13e+03 1.12e+03 1.11e+03 1.10e+03 1.10e+03 1.09e+03 1.08e+03 1.08e+03 1.07e+03 1.06e+03 1.05e+03 1.05e+03 1.04e+03 1.03e+03 1.03e+03 1.02e+03 1.01e+03 1.01e+03 9.99e+02 9.93e+02 9.86e+02 9.79e+02 9.72e+02 9.65e+02 9.59e+02 9.52e+02 9.45e+02 9.39e+02 9.32e+02 9.25e+02 9.19e+02 9.12e+02 9.06e+02 8.99e+02 8.92e+02 8.86e+02 8.80e+02 8.73e+02 8.67e+02 8.60e+02 8.54e+02 8.48e+02 8.42e+02 8.35e+02 8.29e+02 8.23e+02 8.17e+02 8.11e+02 8.05e+02 7.99e+02 7.93e+02 7.87e+02 7.81e+02 7.75e+02 7.69e+02 7.64e+02 7.58e+02 7.52e+02 7.46e+02 7.41e+02 7.35e+02 7.30e+02 7.24e+02 7.19e+02 7.13e+02 7.08e+02 7.03e+02 6.97e+02 6.92e+02 6.87e+02 6.82e+02 6.77e+02 6.71e+02 6.66e+02 6.61e+02 6.56e+02 6.51e+02 6.47e+02 6.42e+02 6.37e+02 6.32e+02 6.27e+02 6.23e+02 6.18e+02 6.13e+02 6.09e+02 6.04e+02 6.00e+02 5.95e+02 5.91e+02 5.87e+02 5.82e+02 5.78e+02 5.74e+02 5.69e+02 5.65e+02 5.61e+02 5.57e+02 5.53e+02 5.49e+02 5.45e+02 5.41e+02 5.37e+02 5.33e+02 5.29e+02 5.25e+02 5.22e+02 5.18e+02 5.14e+02 5.11e+02 5.07e+02 5.03e+02 5.00e+02 4.96e+02 4.93e+02 4.89e+02 4.86e+02 4.82e+02 4.79e+02 4.75e+02 4.72e+02 4.69e+02 4.66e+02 4.62e+02 4.59e+02 4.56e+02 4.53e+02 4.50e+02 4.47e+02 4.43e+02 4.40e+02 4.37e+02 4.34e+02 4.31e+02 4.29e+02 4.26e+02 4.23e+02 4.20e+02 4.17e+02 4.14e+02 4.12e+02 4.09e+02 4.06e+02 4.03e+02 4.01e+02 3.98e+02 3.95e+02 3.93e+02 3.90e+02 3.88e+02 3.85e+02 3.83e+02 3.80e+02 3.75e+02 3.65e+02 3.47e+02 3.14e+02 2.59e+02 1.81e+02 9.44e+01 3.38e+01 2.06e+01 2.00e+01 2.00e+01 2.00e+01 2.00e+01 
 2.81331166338015e-09   1.41e+03 1.41e+03 1.41e+03 1.41e+03 1.41e+03 1.41e+03 1.41e+03 1.40e+03 1.40e+03 1.39e+03 1.38e+03 1.38e+03 1.37e+03 1.36e+03 1.36e+03 1.35e+03 1.34e+03 1.34e+03 1.33e+03 1.32e+03 1.31e+03 1.31e+03 1.30e+03 1.29e+03 1.29e+03 1.28e+03 1.27e+03 1.27e+03 1.26e+03 1.25e+03 1.24e+03 1.24e+03 1.23e+03 1.22e+03 1.22e+03 1.21e+03 1.20e+03 1.20e+03 1.19e+03 1.18e+03 1.17e+03 1.17e+03 1.16e+03 1.15e+03 1.15e+03 1.14e+03 1.13e+03 1.12e+03 1.12e+03 1.11e+03 1.10e+03 1.10e+03 1.09e+03 1.08e+03 1.08e+03 1.07e+03 1.06e+03 1.05e+03 1.05e+03 1.04e+03 1.03e+03 1.03e+03 1.02e+03 1.01e+03 1.01e+03 9.99e+02 9.93e+02 9.86e+02 9.79e+02 9.72e+02 9.65e+02 9.59e+02 9.52e+02 9.45e+02 9.39e+02 9.32e+02 9.25e+02 9.19e+02 9.12e+02 9.06e+02 8.99e+02 8.93e+02 8.86e+02 8.80e+02 8.73e+02 8.67e+02 8.61e+02 8.54e+02 8.48e+02 8.42e+02 8.36e+02 8.29e+02 8.23e+02 8.17e+02 8.11e+02 8.05e+02 7.99e+02 7.93e+02 7.87e+02 7.81e+02 7.75e+02 7.70e+02 7.64e+02 7.58e+02 7.52e+02 7.47e+02 7.41e+02 7.36e+02 7.30e+02 7.25e+02 7.19e+02 7.14e+02 7.08e+02 7.03e+02 6.98e+02 6.92e+02 6.87e+02 6.82e+02 6.77e+02 6.72e+02 6.67e+02 6.62e+02 6.57e+02 6.52e+02 6.47e+02 6.42e+02 6.37e+02 6.33e+02 6.28e+02 6.23e+02 6.18e+02 6.14e+02 6.09e+02 6.05e+02 6.00e+02 5.96e+02 5.91e+02 5.87e+02 5.83e+02 5.78e+02 5.74e+02 5.70e+02 5.66e+02 5.62e+02 5.57e+02 5.53e+02 5.49e+02 5.45e+02 5.41e+02 5.37e+02 5.34e+02 5.30e+02 5.26e+02 5.22e+02 5.18e+02 5.15e+02 5.11e+02 5.07e+02 5.04e+02 5.00e+02 4.97e+02 4.93e+02 4.90e+02 4.86e+02 4.83e+02 4.79e+02 4.76e+02 4.73e+02 4.69e+02 4.66e+02 4.63e+02 4.60e+02 4.56e+02 4.53e+02 4.50e+02 4.47e+02 4.44e+02 4.41e+02 4.38e+02 4.35e+02 4.32e+02 4.29e+02 4.26e+02 4.23e+02 4.20e+02 4.18e+02 4.15e+02 4.12e+02 4.09e+02 4.07e+02 4.04e+02 4.01e+02 3.98e+02 3.96e+02 3.93e+02 3.91e+02 3.88e+02 3.86e+02 3.83e+02 3.80e+02 3.76e+02 3.66e+02 3.48e+02 3.15e+02 2.60e+02 1.82e+02 9.47e+01 3.39e+01 2.06e+01 2.00e+01 2.00e+01 2.00e+01 2.00e+01 
 2.82331932155943e-09   1.41e+03 1.41e+03 1.41e+03 1.41e+03 1.41e+03 1.41e+03 1.41e+03 1.40e+03 1.40e+03 1.39e+03 1.38e+03 1.38e+03 1.37e+03 1.36e+03 1.36e+03 1.35e+03 1.34e+03 1.34e+03 1.33e+03 1.32e+03 1.31e+03 1.31e+03 1.30e+03 1.29e+03 1.29e+03 1.28e+03 1.27e+03 1.27e+03 1.26e+03 1.25e+03 1.24e+03 1.24e+03 1.23e+03 1.22e+03 1.22e+03 1.21e+03 1.20e+03 1.20e+03 1.19e+03 1.18e+03 1.17e+03 1.17e+03 1.16e+03 1.15e+03 1.15e+03 1.14e+03 1.13e+03 1.12e+03 1.12e+03 1.11e+03 1.10e+03 1.10e+03 1.09e+03 1.08e+03 1.08e+03 1.07e+03 1.06e+03 1.05e+03 1.05e+03 1.04e+03 1.03e+03 1.03e+03 1.02e+03 1.01e+03 1.01e+03 9.99e+02 9.93e+02 9.86e+02 9.79e+02 9.72e+02 9.65e+02 9.59e+02 9.52e+02 9.45e+02 9.39e+02 9.32e+02 9.25e+02 9.19e+02 9.12e+02 9.06e+02 8.99e+02 8.93e+02 8.86e+02 8.80e+02 8.73e+02 8.67e+02 8.61e+02 8.54e+02 8.48e+02 8.42e+02 8.36e+02 8.30e+02 8.23e+02 8.17e+02 8.11e+02 8.05e+02 7.99e+02 7.93e+02 7.87e+02 7.82e+02 7.76e+02 7.70e+02 7.64e+02 7.58e+02 7.53e+02 7.47e+02 7.41e+02 7.36e+02 7.30e+02 7.25e+02 7.19e+02 7.14e+02 7.09e+02 7.03e+02 6.98e+02 6.93e+02 6.88e+02 6.82e+02 6.77e+02 6.72e+02 6.67e+02 6.62e+02 6.57e+02 6.52e+02 6.47e+02 6.42e+02 6.38e+02 6.33e+02 6.28e+02 6.23e+02 6.19e+02 6.14e+02 6.10e+02 6.05e+02 6.01e+02 5.96e+02 5.92e+02 5.87e+02 5.83e+02 5.79e+02 5.75e+02 5.70e+02 5.66e+02 5.62e+02 5.58e+02 5.54e+02 5.50e+02 5.46e+02 5.42e+02 5.38e+02 5.34e+02 5.30e+02 5.26e+02 5.23e+02 5.19e+02 5.15e+02 5.11e+02 5.08e+02 5.04e+02 5.01e+02 4.97e+02 4.94e+02 4.90e+02 4.87e+02 4.83e+02 4.80e+02 4.76e+02 4.73e+02 4.70e+02 4.67e+02 4.63e+02 4.60e+02 4.57e+02 4.54e+02 4.51e+02 4.48e+02 4.44e+02 4.41e+02 4.38e+02 4.35e+02 4.32e+02 4.30e+02 4.27e+02 4.24e+02 4.21e+02 4.18e+02 4.15e+02 4.12e+02 4.10e+02 4.07e+02 4.04e+02 4.02e+02 3.99e+02 3.96e+02 3.94e+02 3.91e+02 3.89e+02 3.86e+02 3.83e+02 3.81e+02 3.76e+02 3.66e+02 3.48e+02 3.15e+02 2.60e+02 1.82e+02 9.49e+01 3.40e+01 2.06e+01 2.00e+01 2.00e+01 2.00e+01 2.00e+01 
 2.83332901884653e-09   1.41e+03 1.41e+03 1.41e+03 1.41e+03 1.41e+03 1.41e+03 1.41e+03 1.40e+03 1.39e+03 1.39e+03 1.38e+03 1.38e+03 1.37e+03 1.36e+03 1.36e+03 1.35e+03 1.34e+03 1.33e+03 1.33e+03 1.32e+03 1.31e+03 1.31e+03 1.30e+03 1.29e+03 1.29e+03 1.28e+03 1.27e+03 1.27e+03 1.26e+03 1.25e+03 1.24e+03 1.24e+03 1.23e+03 1.22e+03 1.22e+03 1.21e+03 1.20e+03 1.19e+03 1.19e+03 1.18e+03 1.17e+03 1.17e+03 1.16e+03 1.15e+03 1.15e+03 1.14e+03 1.13e+03 1.12e+03 1.12e+03 1.11e+03 1.10e+03 1.10e+03 1.09e+03 1.08e+03 1.08e+03 1.07e+03 1.06e+03 1.05e+03 1.05e+03 1.04e+03 1.03e+03 1.03e+03 1.02e+03 1.01e+03 1.01e+03 9.99e+02 9.93e+02 9.86e+02 9.79e+02 9.72e+02 9.65e+02 9.59e+02 9.52e+02 9.45e+02 9.39e+02 9.32e+02 9.25e+02 9.19e+02 9.12e+02 9.06e+02 8.99e+02 8.93e+02 8.86e+02 8.80e+02 8.74e+02 8.67e+02 8.61e+02 8.55e+02 8.48e+02 8.42e+02 8.36e+02 8.30e+02 8.24e+02 8.18e+02 8.12e+02 8.05e+02 8.00e+02 7.94e+02 7.88e+02 7.82e+02 7.76e+02 7.70e+02 7.64e+02 7.59e+02 7.53e+02 7.47e+02 7.42e+02 7.36e+02 7.31e+02 7.25e+02 7.20e+02 7.14e+02 7.09e+02 7.04e+02 6.98e+02 6.93e+02 6.88e+02 6.83e+02 6.78e+02 6.73e+02 6.67e+02 6.62e+02 6.57e+02 6.53e+02 6.48e+02 6.43e+02 6.38e+02 6.33e+02 6.29e+02 6.24e+02 6.19e+02 6.15e+02 6.10e+02 6.06e+02 6.01e+02 5.97e+02 5.92e+02 5.88e+02 5.84e+02 5.79e+02 5.75e+02 5.71e+02 5.67e+02 5.62e+02 5.58e+02 5.54e+02 5.50e+02 5.46e+02 5.42e+02 5.38e+02 5.34e+02 5.31e+02 5.27e+02 5.23e+02 5.19e+02 5.16e+02 5.12e+02 5.08e+02 5.05e+02 5.01e+02 4.97e+02 4.94e+02 4.90e+02 4.87e+02 4.84e+02 4.80e+02 4.77e+02 4.74e+02 4.70e+02 4.67e+02 4.64e+02 4.61e+02 4.57e+02 4.54e+02 4.51e+02 4.48e+02 4.45e+02 4.42e+02 4.39e+02 4.36e+02 4.33e+02 4.30e+02 4.27e+02 4.24e+02 4.21e+02 4.19e+02 4.16e+02 4.13e+02 4.10e+02 4.07e+02 4.05e+02 4.02e+02 3.99e+02 3.97e+02 3.94e+02 3.92e+02 3.89e+02 3.86e+02 3.84e+02 3.81e+02 3.76e+02 3.67e+02 3.49e+02 3.15e+02 2.61e+02 1.82e+02 9.52e+01 3.41e+01 2.06e+01 2.00e+01 2.00e+01 2.00e+01 2.00e+01 
 2.84334074921613e-09   1.41e+03 1.41e+03 1.41e+03 1.41e+03 1.41e+03 1.41e+03 1.41e+03 1.40e+03 1.39e+03 1.39e+03 1.38e+03 1.37e+03 1.37e+03 1.36e+03 1.35e+03 1.35e+03 1.34e+03 1.33e+03 1.33e+03 1.32e+03 1.31e+03 1.31e+03 1.30e+03 1.29e+03 1.29e+03 1.28e+03 1.27e+03 1.26e+03 1.26e+03 1.25e+03 1.24e+03 1.24e+03 1.23e+03 1.22e+03 1.22e+03 1.21e+03 1.20e+03 1.19e+03 1.19e+03 1.18e+03 1.17e+03 1.17e+03 1.16e+03 1.15e+03 1.15e+03 1.14e+03 1.13e+03 1.12e+03 1.12e+03 1.11e+03 1.10e+03 1.10e+03 1.09e+03 1.08e+03 1.08e+03 1.07e+03 1.06e+03 1.05e+03 1.05e+03 1.04e+03 1.03e+03 1.03e+03 1.02e+03 1.01e+03 1.01e+03 9.99e+02 9.92e+02 9.86e+02 9.79e+02 9.72e+02 9.65e+02 9.59e+02 9.52e+02 9.45e+02 9.39e+02 9.32e+02 9.25e+02 9.19e+02 9.12e+02 9.06e+02 8.99e+02 8.93e+02 8.86e+02 8.80e+02 8.74e+02 8.67e+02 8.61e+02 8.55e+02 8.49e+02 8.42e+02 8.36e+02 8.30e+02 8.24e+02 8.18e+02 8.12e+02 8.06e+02 8.00e+02 7.94e+02 7.88e+02 7.82e+02 7.76e+02 7.70e+02 7.65e+02 7.59e+02 7.53e+02 7.48e+02 7.42e+02 7.36e+02 7.31e+02 7.25e+02 7.20e+02 7.15e+02 7.09e+02 7.04e+02 6.99e+02 6.93e+02 6.88e+02 6.83e+02 6.78e+02 6.73e+02 6.68e+02 6.63e+02 6.58e+02 6.53e+02 6.48e+02 6.43e+02 6.38e+02 6.34e+02 6.29e+02 6.24e+02 6.20e+02 6.15e+02 6.10e+02 6.06e+02 6.01e+02 5.97e+02 5.93e+02 5.88e+02 5.84e+02 5.80e+02 5.75e+02 5.71e+02 5.67e+02 5.63e+02 5.59e+02 5.55e+02 5.51e+02 5.47e+02 5.43e+02 5.39e+02 5.35e+02 5.31e+02 5.27e+02 5.23e+02 5.20e+02 5.16e+02 5.12e+02 5.09e+02 5.05e+02 5.02e+02 4.98e+02 4.94e+02 4.91e+02 4.88e+02 4.84e+02 4.81e+02 4.77e+02 4.74e+02 4.71e+02 4.67e+02 4.64e+02 4.61e+02 4.58e+02 4.55e+02 4.52e+02 4.48e+02 4.45e+02 4.42e+02 4.39e+02 4.36e+02 4.33e+02 4.30e+02 4.28e+02 4.25e+02 4.22e+02 4.19e+02 4.16e+02 4.13e+02 4.11e+02 4.08e+02 4.05e+02 4.03e+02 4.00e+02 3.97e+02 3.95e+02 3.92e+02 3.89e+02 3.87e+02 3.84e+02 3.82e+02 3.77e+02 3.67e+02 3.49e+02 3.16e+02 2.61e+02 1.83e+02 9.55e+01 3.42e+01 2.06e+01 2.00e+01 2.00e+01 2.00e+01 2.00e+01 
 2.85335450667370e-09   1.41e+03 1.41e+03 1.41e+03 1.41e+03 1.41e+03 1.41e+03 1.40e+03 1.40e+03 1.39e+03 1.39e+03 1.38e+03 1.37e+03 1.37e+03 1.36e+03 1.35e+03 1.35e+03 1.34e+03 1.33e+03 1.33e+03 1.32e+03 1.31e+03 1.31e+03 1.30e+03 1.29e+03 1.28e+03 1.28e+03 1.27e+03 1.26e+03 1.26e+03 1.25e+03 1.24e+03 1.24e+03 1.23e+03 1.22e+03 1.22e+03 1.21e+03 1.20e+03 1.19e+03 1.19e+03 1.18e+03 1.17e+03 1.17e+03 1.16e+03 1.15e+03 1.15e+03 1.14e+03 1.13e+03 1.12e+03 1.12e+03 1.11e+03 1.10e+03 1.10e+03 1.09e+03 1.08e+03 1.08e+03 1.07e+03 1.06e+03 1.05e+03 1.05e+03 1.04e+03 1.03e+03 1.03e+03 1.02e+03 1.01e+03 1.01e+03 9.99e+02 9.92e+02 9.86e+02 9.79e+02 9.72e+02 9.65e+02 9.59e+02 9.52e+02 9.45e+02 9.39e+02 9.32e+02 9.26e+02 9.19e+02 9.12e+02 9.06e+02 8.99e+02 8.93e+02 8.87e+02 8.80e+02 8.74e+02 8.67e+02 8.61e+02 8.55e+02 8.49e+02 8.42e+02 8.36e+02 8.30e+02 8.24e+02 8.18e+02 8.12e+02 8.06e+02 8.00e+02 7.94e+02 7.88e+02 7.82e+02 7.76e+02 7.71e+02 7.65e+02 7.59e+02 7.54e+02 7.48e+02 7.42e+02 7.37e+02 7.31e+02 7.26e+02 7.20e+02 7.15e+02 7.10e+02 7.04e+02 6.99e+02 6.94e+02 6.89e+02 6.83e+02 6.78e+02 6.73e+02 6.68e+02 6.63e+02 6.58e+02 6.53e+02 6.48e+02 6.44e+02 6.39e+02 6.34e+02 6.29e+02 6.25e+02 6.20e+02 6.15e+02 6.11e+02 6.06e+02 6.02e+02 5.97e+02 5.93e+02 5.89e+02 5.84e+02 5.80e+02 5.76e+02 5.72e+02 5.67e+02 5.63e+02 5.59e+02 5.55e+02 5.51e+02 5.47e+02 5.43e+02 5.39e+02 5.35e+02 5.32e+02 5.28e+02 5.24e+02 5.20e+02 5.16e+02 5.13e+02 5.09e+02 5.06e+02 5.02e+02 4.98e+02 4.95e+02 4.91e+02 4.88e+02 4.85e+02 4.81e+02 4.78e+02 4.74e+02 4.71e+02 4.68e+02 4.65e+02 4.61e+02 4.58e+02 4.55e+02 4.52e+02 4.49e+02 4.46e+02 4.43e+02 4.40e+02 4.37e+02 4.34e+02 4.31e+02 4.28e+02 4.25e+02 4.22e+02 4.19e+02 4.17e+02 4.14e+02 4.11e+02 4.08e+02 4.06e+02 4.03e+02 4.00e+02 3.98e+02 3.95e+02 3.93e+02 3.90e+02 3.87e+02 3.85e+02 3.82e+02 3.77e+02 3.68e+02 3.49e+02 3.16e+02 2.61e+02 1.83e+02 9.57e+01 3.43e+01 2.06e+01 2.00e+01 2.00e+01 2.00e+01 2.00e+01 
 2.86337028525526e-09   1.41e+03 1.41e+03 1.41e+03 1.41e+03 1.41e+03 1.41e+03 1.40e+03 1.40e+03 1.39e+03 1.39e+03 1.38e+03 1.37e+03 1.37e+03 1.36e+03 1.35e+03 1.35e+03 1.34e+03 1.33e+03 1.33e+03 1.32e+03 1.31e+03 1.30e+03 1.30e+03 1.29e+03 1.28e+03 1.28e+03 1.27e+03 1.26e+03 1.26e+03 1.25e+03 1.24e+03 1.24e+03 1.23e+03 1.22e+03 1.21e+03 1.21e+03 1.20e+03 1.19e+03 1.19e+03 1.18e+03 1.17e+03 1.17e+03 1.16e+03 1.15e+03 1.14e+03 1.14e+03 1.13e+03 1.12e+03 1.12e+03 1.11e+03 1.10e+03 1.10e+03 1.09e+03 1.08e+03 1.07e+03 1.07e+03 1.06e+03 1.05e+03 1.05e+03 1.04e+03 1.03e+03 1.03e+03 1.02e+03 1.01e+03 1.01e+03 9.99e+02 9.92e+02 9.86e+02 9.79e+02 9.72e+02 9.65e+02 9.59e+02 9.52e+02 9.45e+02 9.39e+02 9.32e+02 9.26e+02 9.19e+02 9.13e+02 9.06e+02 9.00e+02 8.93e+02 8.87e+02 8.80e+02 8.74e+02 8.68e+02 8.61e+02 8.55e+02 8.49e+02 8.43e+02 8.36e+02 8.30e+02 8.24e+02 8.18e+02 8.12e+02 8.06e+02 8.00e+02 7.94e+02 7.88e+02 7.83e+02 7.77e+02 7.71e+02 7.65e+02 7.59e+02 7.54e+02 7.48e+02 7.43e+02 7.37e+02 7.32e+02 7.26e+02 7.21e+02 7.15e+02 7.10e+02 7.05e+02 6.99e+02 6.94e+02 6.89e+02 6.84e+02 6.79e+02 6.74e+02 6.69e+02 6.64e+02 6.59e+02 6.54e+02 6.49e+02 6.44e+02 6.39e+02 6.34e+02 6.30e+02 6.25e+02 6.20e+02 6.16e+02 6.11e+02 6.07e+02 6.02e+02 5.98e+02 5.93e+02 5.89e+02 5.85e+02 5.81e+02 5.76e+02 5.72e+02 5.68e+02 5.64e+02 5.60e+02 5.56e+02 5.52e+02 5.48e+02 5.44e+02 5.40e+02 5.36e+02 5.32e+02 5.28e+02 5.24e+02 5.21e+02 5.17e+02 5.13e+02 5.10e+02 5.06e+02 5.02e+02 4.99e+02 4.95e+02 4.92e+02 4.88e+02 4.85e+02 4.82e+02 4.78e+02 4.75e+02 4.72e+02 4.68e+02 4.65e+02 4.62e+02 4.59e+02 4.56e+02 4.52e+02 4.49e+02 4.46e+02 4.43e+02 4.40e+02 4.37e+02 4.34e+02 4.31e+02 4.28e+02 4.26e+02 4.23e+02 4.20e+02 4.17e+02 4.14e+02 4.12e+02 4.09e+02 4.06e+02 4.03e+02 4.01e+02 3.98e+02 3.96e+02 3.93e+02 3.90e+02 3.88e+02 3.85e+02 3.83e+02 3.78e+02 3.68e+02 3.50e+02 3.17e+02 2.62e+02 1.84e+02 9.60e+01 3.44e+01 2.06e+01 2.00e+01 2.00e+01 2.00e+01 2.00e+01 
 2.87338807902709e-09   1.41e+03 1.41e+03 1.41e+03 1.41e+03 1.41e+03 1.41e+03 1.40e+03 1.40e+03 1.39e+03 1.38e+03 1.38e+03 1.37e+03 1.36e+03 1.36e+03 1.35e+03 1.34e+03 1.34e+03 1.33e+03 1.32e+03 1.32e+03 1.31e+03 1.30e+03 1.30e+03 1.29e+03 1.28e+03 1.28e+03 1.27e+03 1.26e+03 1.26e+03 1.25e+03 1.24e+03 1.24e+03 1.23e+03 1.22e+03 1.21e+03 1.21e+03 1.20e+03 1.19e+03 1.19e+03 1.18e+03 1.17e+03 1.17e+03 1.16e+03 1.15e+03 1.14e+03 1.14e+03 1.13e+03 1.12e+03 1.12e+03 1.11e+03 1.10e+03 1.10e+03 1.09e+03 1.08e+03 1.07e+03 1.07e+03 1.06e+03 1.05e+03 1.05e+03 1.04e+03 1.03e+03 1.03e+03 1.02e+03 1.01e+03 1.01e+03 9.99e+02 9.92e+02 9.86e+02 9.79e+02 9.72e+02 9.65e+02 9.59e+02 9.52e+02 9.45e+02 9.39e+02 9.32e+02 9.26e+02 9.19e+02 9.13e+02 9.06e+02 9.00e+02 8.93e+02 8.87e+02 8.80e+02 8.74e+02 8.68e+02 8.61e+02 8.55e+02 8.49e+02 8.43e+02 8.37e+02 8.31e+02 8.24e+02 8.18e+02 8.12e+02 8.06e+02 8.00e+02 7.94e+02 7.89e+02 7.83e+02 7.77e+02 7.71e+02 7.65e+02 7.60e+02 7.54e+02 7.48e+02 7.43e+02 7.37e+02 7.32e+02 7.26e+02 7.21e+02 7.16e+02 7.10e+02 7.05e+02 7.00e+02 6.94e+02 6.89e+02 6.84e+02 6.79e+02 6.74e+02 6.69e+02 6.64e+02 6.59e+02 6.54e+02 6.49e+02 6.44e+02 6.40e+02 6.35e+02 6.30e+02 6.25e+02 6.21e+02 6.16e+02 6.12e+02 6.07e+02 6.03e+02 5.98e+02 5.94e+02 5.90e+02 5.85e+02 5.81e+02 5.77e+02 5.72e+02 5.68e+02 5.64e+02 5.60e+02 5.56e+02 5.52e+02 5.48e+02 5.44e+02 5.40e+02 5.36e+02 5.32e+02 5.29e+02 5.25e+02 5.21e+02 5.17e+02 5.14e+02 5.10e+02 5.06e+02 5.03e+02 4.99e+02 4.96e+02 4.92e+02 4.89e+02 4.85e+02 4.82e+02 4.79e+02 4.75e+02 4.72e+02 4.69e+02 4.66e+02 4.62e+02 4.59e+02 4.56e+02 4.53e+02 4.50e+02 4.47e+02 4.44e+02 4.41e+02 4.38e+02 4.35e+02 4.32e+02 4.29e+02 4.26e+02 4.23e+02 4.20e+02 4.18e+02 4.15e+02 4.12e+02 4.09e+02 4.07e+02 4.04e+02 4.01e+02 3.99e+02 3.96e+02 3.93e+02 3.91e+02 3.88e+02 3.86e+02 3.83e+02 3.78e+02 3.69e+02 3.50e+02 3.17e+02 2.62e+02 1.84e+02 9.63e+01 3.45e+01 2.06e+01 2.00e+01 2.00e+01 2.00e+01 2.00e+01 
 2.88340788208552e-09   1.41e+03 1.41e+03 1.41e+03 1.41e+03 1.41e+03 1.41e+03 1.40e+03 1.40e+03 1.39e+03 1.38e+03 1.38e+03 1.37e+03 1.36e+03 1.36e+03 1.35e+03 1.34e+03 1.34e+03 1.33e+03 1.32e+03 1.32e+03 1.31e+03 1.30e+03 1.30e+03 1.29e+03 1.28e+03 1.28e+03 1.27e+03 1.26e+03 1.26e+03 1.25e+03 1.24e+03 1.23e+03 1.23e+03 1.22e+03 1.21e+03 1.21e+03 1.20e+03 1.19e+03 1.19e+03 1.18e+03 1.17e+03 1.17e+03 1.16e+03 1.15e+03 1.14e+03 1.14e+03 1.13e+03 1.12e+03 1.12e+03 1.11e+03 1.10e+03 1.10e+03 1.09e+03 1.08e+03 1.07e+03 1.07e+03 1.06e+03 1.05e+03 1.05e+03 1.04e+03 1.03e+03 1.03e+03 1.02e+03 1.01e+03 1.01e+03 9.99e+02 9.92e+02 9.86e+02 9.79e+02 9.72e+02 9.65e+02 9.59e+02 9.52e+02 9.45e+02 9.39e+02 9.32e+02 9.26e+02 9.19e+02 9.13e+02 9.06e+02 9.00e+02 8.93e+02 8.87e+02 8.81e+02 8.74e+02 8.68e+02 8.62e+02 8.55e+02 8.49e+02 8.43e+02 8.37e+02 8.31e+02 8.25e+02 8.19e+02 8.13e+02 8.07e+02 8.01e+02 7.95e+02 7.89e+02 7.83e+02 7.77e+02 7.71e+02 7.66e+02 7.60e+02 7.54e+02 7.49e+02 7.43e+02 7.38e+02 7.32e+02 7.27e+02 7.21e+02 7.16e+02 7.11e+02 7.05e+02 7.00e+02 6.95e+02 6.90e+02 6.84e+02 6.79e+02 6.74e+02 6.69e+02 6.64e+02 6.59e+02 6.54e+02 6.50e+02 6.45e+02 6.40e+02 6.35e+02 6.31e+02 6.26e+02 6.21e+02 6.17e+02 6.12e+02 6.08e+02 6.03e+02 5.99e+02 5.94e+02 5.90e+02 5.86e+02 5.81e+02 5.77e+02 5.73e+02 5.69e+02 5.65e+02 5.61e+02 5.56e+02 5.52e+02 5.48e+02 5.44e+02 5.41e+02 5.37e+02 5.33e+02 5.29e+02 5.25e+02 5.22e+02 5.18e+02 5.14e+02 5.11e+02 5.07e+02 5.03e+02 5.00e+02 4.96e+02 4.93e+02 4.89e+02 4.86e+02 4.83e+02 4.79e+02 4.76e+02 4.73e+02 4.69e+02 4.66e+02 4.63e+02 4.60e+02 4.57e+02 4.53e+02 4.50e+02 4.47e+02 4.44e+02 4.41e+02 4.38e+02 4.35e+02 4.32e+02 4.29e+02 4.27e+02 4.24e+02 4.21e+02 4.18e+02 4.15e+02 4.13e+02 4.10e+02 4.07e+02 4.04e+02 4.02e+02 3.99e+02 3.97e+02 3.94e+02 3.91e+02 3.89e+02 3.86e+02 3.84e+02 3.79e+02 3.69e+02 3.51e+02 3.18e+02 2.63e+02 1.84e+02 9.66e+01 3.46e+01 2.06e+01 2.00e+01 2.00e+01 2.00e+01 2.00e+01 
 2.89342968855666e-09   1.41e+03 1.41e+03 1.41e+03 1.41e+03 1.41e+03 1.41e+03 1.40e+03 1.40e+03 1.39e+03 1.38e+03 1.38e+03 1.37e+03 1.36e+03 1.36e+03 1.35e+03 1.34e+03 1.34e+03 1.33e+03 1.32e+03 1.32e+03 1.31e+03 1.30e+03 1.30e+03 1.29e+03 1.28e+03 1.28e+03 1.27e+03 1.26e+03 1.26e+03 1.25e+03 1.24e+03 1.23e+03 1.23e+03 1.22e+03 1.21e+03 1.21e+03 1.20e+03 1.19e+03 1.19e+03 1.18e+03 1.17e+03 1.16e+03 1.16e+03 1.15e+03 1.14e+03 1.14e+03 1.13e+03 1.12e+03 1.12e+03 1.11e+03 1.10e+03 1.10e+03 1.09e+03 1.08e+03 1.07e+03 1.07e+03 1.06e+03 1.05e+03 1.05e+03 1.04e+03 1.03e+03 1.03e+03 1.02e+03 1.01e+03 1.01e+03 9.99e+02 9.92e+02 9.86e+02 9.79e+02 9.72e+02 9.65e+02 9.59e+02 9.52e+02 9.45e+02 9.39e+02 9.32e+02 9.26e+02 9.19e+02 9.13e+02 9.06e+02 9.00e+02 8.93e+02 8.87e+02 8.81e+02 8.74e+02 8.68e+02 8.62e+02 8.55e+02 8.49e+02 8.43e+02 8.37e+02 8.31e+02 8.25e+02 8.19e+02 8.13e+02 8.07e+02 8.01e+02 7.95e+02 7.89e+02 7.83e+02 7.77e+02 7.72e+02 7.66e+02 7.60e+02 7.55e+02 7.49e+02 7.43e+02 7.38e+02 7.32e+02 7.27e+02 7.22e+02 7.16e+02 7.11e+02 7.06e+02 7.00e+02 6.95e+02 6.90e+02 6.85e+02 6.80e+02 6.75e+02 6.70e+02 6.65e+02 6.60e+02 6.55e+02 6.50e+02 6.45e+02 6.40e+02 6.36e+02 6.31e+02 6.26e+02 6.22e+02 6.17e+02 6.12e+02 6.08e+02 6.04e+02 5.99e+02 5.95e+02 5.90e+02 5.86e+02 5.82e+02 5.78e+02 5.73e+02 5.69e+02 5.65e+02 5.61e+02 5.57e+02 5.53e+02 5.49e+02 5.45e+02 5.41e+02 5.37e+02 5.33e+02 5.29e+02 5.26e+02 5.22e+02 5.18e+02 5.15e+02 5.11e+02 5.07e+02 5.04e+02 5.00e+02 4.97e+02 4.93e+02 4.90e+02 4.86e+02 4.83e+02 4.80e+02 4.76e+02 4.73e+02 4.70e+02 4.67e+02 4.63e+02 4.60e+02 4.57e+02 4.54e+02 4.51e+02 4.48e+02 4.45e+02 4.42e+02 4.39e+02 4.36e+02 4.33e+02 4.30e+02 4.27e+02 4.24e+02 4.21e+02 4.19e+02 4.16e+02 4.13e+02 4.10e+02 4.08e+02 4.05e+02 4.02e+02 4.00e+02 3.97e+02 3.94e+02 3.92e+02 3.89e+02 3.87e+02 3.84e+02 3.79e+02 3.70e+02 3.51e+02 3.18e+02 2.63e+02 1.85e+02 9.68e+01 3.47e+01 2.06e+01 2.00e+01 2.00e+01 2.00e+01 2.00e+01 
 2.90345349259620e-09   1.41e+03 1.41e+03 1.41e+03 1.41e+03 1.41e+03 1.41e+03 1.40e+03 1.40e+03 1.39e+03 1.38e+03 1.38e+03 1.37e+03 1.36e+03 1.36e+03 1.35e+03 1.34e+03 1.34e+03 1.33e+03 1.32e+03 1.32e+03 1.31e+03 1.30e+03 1.30e+03 1.29e+03 1.28e+03 1.28e+03 1.27e+03 1.26e+03 1.25e+03 1.25e+03 1.24e+03 1.23e+03 1.23e+03 1.22e+03 1.21e+03 1.21e+03 1.20e+03 1.19e+03 1.19e+03 1.18e+03 1.17e+03 1.16e+03 1.16e+03 1.15e+03 1.14e+03 1.14e+03 1.13e+03 1.12e+03 1.12e+03 1.11e+03 1.10e+03 1.10e+03 1.09e+03 1.08e+03 1.07e+03 1.07e+03 1.06e+03 1.05e+03 1.05e+03 1.04e+03 1.03e+03 1.03e+03 1.02e+03 1.01e+03 1.01e+03 9.99e+02 9.92e+02 9.85e+02 9.79e+02 9.72e+02 9.65e+02 9.59e+02 9.52e+02 9.46e+02 9.39e+02 9.32e+02 9.26e+02 9.19e+02 9.13e+02 9.06e+02 9.00e+02 8.93e+02 8.87e+02 8.81e+02 8.74e+02 8.68e+02 8.62e+02 8.56e+02 8.49e+02 8.43e+02 8.37e+02 8.31e+02 8.25e+02 8.19e+02 8.13e+02 8.07e+02 8.01e+02 7.95e+02 7.89e+02 7.83e+02 7.78e+02 7.72e+02 7.66e+02 7.61e+02 7.55e+02 7.49e+02 7.44e+02 7.38e+02 7.33e+02 7.27e+02 7.22e+02 7.17e+02 7.11e+02 7.06e+02 7.01e+02 6.95e+02 6.90e+02 6.85e+02 6.80e+02 6.75e+02 6.70e+02 6.65e+02 6.60e+02 6.55e+02 6.50e+02 6.45e+02 6.41e+02 6.36e+02 6.31e+02 6.27e+02 6.22e+02 6.17e+02 6.13e+02 6.08e+02 6.04e+02 6.00e+02 5.95e+02 5.91e+02 5.86e+02 5.82e+02 5.78e+02 5.74e+02 5.70e+02 5.65e+02 5.61e+02 5.57e+02 5.53e+02 5.49e+02 5.45e+02 5.41e+02 5.38e+02 5.34e+02 5.30e+02 5.26e+02 5.22e+02 5.19e+02 5.15e+02 5.11e+02 5.08e+02 5.04e+02 5.01e+02 4.97e+02 4.94e+02 4.90e+02 4.87e+02 4.83e+02 4.80e+02 4.77e+02 4.73e+02 4.70e+02 4.67e+02 4.64e+02 4.61e+02 4.57e+02 4.54e+02 4.51e+02 4.48e+02 4.45e+02 4.42e+02 4.39e+02 4.36e+02 4.33e+02 4.30e+02 4.27e+02 4.25e+02 4.22e+02 4.19e+02 4.16e+02 4.13e+02 4.11e+02 4.08e+02 4.05e+02 4.03e+02 4.00e+02 3.97e+02 3.95e+02 3.92e+02 3.90e+02 3.87e+02 3.85e+02 3.80e+02 3.70e+02 3.52e+02 3.19e+02 2.64e+02 1.85e+02 9.71e+01 3.48e+01 2.06e+01 2.00e+01 2.00e+01 2.00e+01 2.00e+01 
 2.91345409545641e-09   1.41e+03 1.41e+03 1.41e+03 1.41e+03 1.41e+03 1.41e+03 1.40e+03 1.40e+03 1.39e+03 1.38e+03 1.38e+03 1.37e+03 1.36e+03 1.36e+03 1.35e+03 1.34e+03 1.34e+03 1.33e+03 1.32e+03 1.32e+03 1.31e+03 1.30e+03 1.30e+03 1.29e+03 1.28e+03 1.28e+03 1.27e+03 1.26e+03 1.25e+03 1.25e+03 1.24e+03 1.23e+03 1.23e+03 1.22e+03 1.21e+03 1.21e+03 1.20e+03 1.19e+03 1.19e+03 1.18e+03 1.17e+03 1.16e+03 1.16e+03 1.15e+03 1.14e+03 1.14e+03 1.13e+03 1.12e+03 1.12e+03 1.11e+03 1.10e+03 1.09e+03 1.09e+03 1.08e+03 1.07e+03 1.07e+03 1.06e+03 1.05e+03 1.05e+03 1.04e+03 1.03e+03 1.03e+03 1.02e+03 1.01e+03 1.01e+03 9.99e+02 9.92e+02 9.85e+02 9.79e+02 9.72e+02 9.65e+02 9.59e+02 9.52e+02 9.46e+02 9.39e+02 9.32e+02 9.26e+02 9.19e+02 9.13e+02 9.06e+02 9.00e+02 8.94e+02 8.87e+02 8.81e+02 8.75e+02 8.68e+02 8.62e+02 8.56e+02 8.50e+02 8.43e+02 8.37e+02 8.31e+02 8.25e+02 8.19e+02 8.13e+02 8.07e+02 8.01e+02 7.95e+02 7.90e+02 7.84e+02 7.78e+02 7.72e+02 7.66e+02 7.61e+02 7.55e+02 7.50e+02 7.44e+02 7.38e+02 7.33e+02 7.28e+02 7.22e+02 7.17e+02 7.11e+02 7.06e+02 7.01e+02 6.96e+02 6.91e+02 6.85e+02 6.80e+02 6.75e+02 6.70e+02 6.65e+02 6.60e+02 6.56e+02 6.51e+02 6.46e+02 6.41e+02 6.36e+02 6.32e+02 6.27e+02 6.22e+02 6.18e+02 6.13e+02 6.09e+02 6.04e+02 6.00e+02 5.96e+02 5.91e+02 5.87e+02 5.83e+02 5.78e+02 5.74e+02 5.70e+02 5.66e+02 5.62e+02 5.58e+02 5.54e+02 5.50e+02 5.46e+02 5.42e+02 5.38e+02 5.34e+02 5.30e+02 5.27e+02 5.23e+02 5.19e+02 5.16e+02 5.12e+02 5.08e+02 5.05e+02 5.01e+02 4.98e+02 4.94e+02 4.91e+02 4.87e+02 4.84e+02 4.81e+02 4.77e+02 4.74e+02 4.71e+02 4.67e+02 4.64e+02 4.61e+02 4.58e+02 4.55e+02 4.52e+02 4.49e+02 4.46e+02 4.43e+02 4.40e+02 4.37e+02 4.34e+02 4.31e+02 4.28e+02 4.25e+02 4.22e+02 4.19e+02 4.17e+02 4.14e+02 4.11e+02 4.08e+02 4.06e+02 4.03e+02 4.01e+02 3.98e+02 3.95e+02 3.93e+02 3.90e+02 3.88e+02 3.85e+02 3.80e+02 3.71e+02 3.52e+02 3.19e+02 2.64e+02 1.85e+02 9.74e+01 3.49e+01 2.06e+01 2.00e+01 2.00e+01 2.00e+01 2.00e+01 
 2.92345667433144e-09   1.41e+03 1.41e+03 1.41e+03 1.41e+03 1.41e+03 1.41e+03 1.40e+03 1.40e+03 1.39e+03 1.38e+03 1.38e+03 1.37e+03 1.36e+03 1.36e+03 1.35e+03 1.34e+03 1.34e+03 1.33e+03 1.32e+03 1.32e+03 1.31e+03 1.30e+03 1.30e+03 1.29e+03 1.28e+03 1.27e+03 1.27e+03 1.26e+03 1.25e+03 1.25e+03 1.24e+03 1.23e+03 1.23e+03 1.22e+03 1.21e+03 1.21e+03 1.20e+03 1.19e+03 1.18e+03 1.18e+03 1.17e+03 1.16e+03 1.16e+03 1.15e+03 1.14e+03 1.14e+03 1.13e+03 1.12e+03 1.12e+03 1.11e+03 1.10e+03 1.09e+03 1.09e+03 1.08e+03 1.07e+03 1.07e+03 1.06e+03 1.05e+03 1.05e+03 1.04e+03 1.03e+03 1.03e+03 1.02e+03 1.01e+03 1.01e+03 9.99e+02 9.92e+02 9.85e+02 9.79e+02 9.72e+02 9.65e+02 9.59e+02 9.52e+02 9.46e+02 9.39e+02 9.32e+02 9.26e+02 9.19e+02 9.13e+02 9.06e+02 9.00e+02 8.94e+02 8.87e+02 8.81e+02 8.75e+02 8.68e+02 8.62e+02 8.56e+02 8.50e+02 8.44e+02 8.37e+02 8.31e+02 8.25e+02 8.19e+02 8.13e+02 8.07e+02 8.01e+02 7.96e+02 7.90e+02 7.84e+02 7.78e+02 7.72e+02 7.67e+02 7.61e+02 7.55e+02 7.50e+02 7.44e+02 7.39e+02 7.33e+02 7.28e+02 7.22e+02 7.17e+02 7.12e+02 7.07e+02 7.01e+02 6.96e+02 6.91e+02 6.86e+02 6.81e+02 6.76e+02 6.71e+02 6.66e+02 6.61e+02 6.56e+02 6.51e+02 6.46e+02 6.41e+02 6.37e+02 6.32e+02 6.27e+02 6.23e+02 6.18e+02 6.14e+02 6.09e+02 6.05e+02 6.00e+02 5.96e+02 5.92e+02 5.87e+02 5.83e+02 5.79e+02 5.75e+02 5.70e+02 5.66e+02 5.62e+02 5.58e+02 5.54e+02 5.50e+02 5.46e+02 5.42e+02 5.38e+02 5.35e+02 5.31e+02 5.27e+02 5.23e+02 5.20e+02 5.16e+02 5.12e+02 5.09e+02 5.05e+02 5.02e+02 4.98e+02 4.95e+02 4.91e+02 4.88e+02 4.84e+02 4.81e+02 4.78e+02 4.74e+02 4.71e+02 4.68e+02 4.65e+02 4.62e+02 4.58e+02 4.55e+02 4.52e+02 4.49e+02 4.46e+02 4.43e+02 4.40e+02 4.37e+02 4.34e+02 4.31e+02 4.28e+02 4.26e+02 4.23e+02 4.20e+02 4.17e+02 4.14e+02 4.12e+02 4.09e+02 4.06e+02 4.04e+02 4.01e+02 3.98e+02 3.96e+02 3.93e+02 3.91e+02 3.88e+02 3.86e+02 3.81e+02 3.71e+02 3.53e+02 3.19e+02 2.64e+02 1.86e+02 9.76e+01 3.50e+01 2.06e+01 2.00e+01 2.00e+01 2.00e+01 2.00e+01 
 2.93346122350752e-09   1.41e+03 1.41e+03 1.41e+03 1.41e+03 1.41e+03 1.41e+03 1.40e+03 1.40e+03 1.39e+03 1.38e+03 1.38e+03 1.37e+03 1.36e+03 1.36e+03 1.35e+03 1.34e+03 1.34e+03 1.33e+03 1.32e+03 1.32e+03 1.31e+03 1.30e+03 1.30e+03 1.29e+03 1.28e+03 1.27e+03 1.27e+03 1.26e+03 1.25e+03 1.25e+03 1.24e+03 1.23e+03 1.23e+03 1.22e+03 1.21e+03 1.21e+03 1.20e+03 1.19e+03 1.18e+03 1.18e+03 1.17e+03 1.16e+03 1.16e+03 1.15e+03 1.14e+03 1.14e+03 1.13e+03 1.12e+03 1.12e+03 1.11e+03 1.10e+03 1.09e+03 1.09e+03 1.08e+03 1.07e+03 1.07e+03 1.06e+03 1.05e+03 1.05e+03 1.04e+03 1.03e+03 1.03e+03 1.02e+03 1.01e+03 1.01e+03 9.99e+02 9.92e+02 9.85e+02 9.79e+02 9.72e+02 9.65e+02 9.59e+02 9.52e+02 9.46e+02 9.39e+02 9.32e+02 9.26e+02 9.19e+02 9.13e+02 9.07e+02 9.00e+02 8.94e+02 8.87e+02 8.81e+02 8.75e+02 8.69e+02 8.62e+02 8.56e+02 8.50e+02 8.44e+02 8.38e+02 8.32e+02 8.26e+02 8.20e+02 8.14e+02 8.08e+02 8.02e+02 7.96e+02 7.90e+02 7.84e+02 7.78e+02 7.73e+02 7.67e+02 7.61e+02 7.56e+02 7.50e+02 7.45e+02 7.39e+02 7.34e+02 7.28e+02 7.23e+02 7.17e+02 7.12e+02 7.07e+02 7.02e+02 6.96e+02 6.91e+02 6.86e+02 6.81e+02 6.76e+02 6.71e+02 6.66e+02 6.61e+02 6.56e+02 6.51e+02 6.47e+02 6.42e+02 6.37e+02 6.32e+02 6.28e+02 6.23e+02 6.19e+02 6.14e+02 6.10e+02 6.05e+02 6.01e+02 5.96e+02 5.92e+02 5.88e+02 5.83e+02 5.79e+02 5.75e+02 5.71e+02 5.67e+02 5.63e+02 5.59e+02 5.55e+02 5.51e+02 5.47e+02 5.43e+02 5.39e+02 5.35e+02 5.31e+02 5.27e+02 5.24e+02 5.20e+02 5.16e+02 5.13e+02 5.09e+02 5.06e+02 5.02e+02 4.99e+02 4.95e+02 4.92e+02 4.88e+02 4.85e+02 4.81e+02 4.78e+02 4.75e+02 4.72e+02 4.68e+02 4.65e+02 4.62e+02 4.59e+02 4.56e+02 4.53e+02 4.50e+02 4.47e+02 4.44e+02 4.41e+02 4.38e+02 4.35e+02 4.32e+02 4.29e+02 4.26e+02 4.23e+02 4.20e+02 4.18e+02 4.15e+02 4.12e+02 4.09e+02 4.07e+02 4.04e+02 4.01e+02 3.99e+02 3.96e+02 3.94e+02 3.91e+02 3.89e+02 3.86e+02 3.81e+02 3.71e+02 3.53e+02 3.20e+02 2.65e+02 1.86e+02 9.79e+01 3.51e+01 2.07e+01 2.00e+01 2.00e+01 2.00e+01 2.00e+01 
 2.94346773729931e-09   1.41e+03 1.41e+03 1.41e+03 1.41e+03 1.41e+03 1.41e+03 1.40e+03 1.39e+03 1.39e+03 1.38e+03 1.38e+03 1.37e+03 1.36e+03 1.36e+03 1.35e+03 1.34e+03 1.34e+03 1.33e+03 1.32e+03 1.32e+03 1.31e+03 1.30e+03 1.29e+03 1.29e+03 1.28e+03 1.27e+03 1.27e+03 1.26e+03 1.25e+03 1.25e+03 1.24e+03 1.23e+03 1.23e+03 1.22e+03 1.21e+03 1.21e+03 1.20e+03 1.19e+03 1.18e+03 1.18e+03 1.17e+03 1.16e+03 1.16e+03 1.15e+03 1.14e+03 1.14e+03 1.13e+03 1.12e+03 1.12e+03 1.11e+03 1.10e+03 1.09e+03 1.09e+03 1.08e+03 1.07e+03 1.07e+03 1.06e+03 1.05e+03 1.05e+03 1.04e+03 1.03e+03 1.03e+03 1.02e+03 1.01e+03 1.01e+03 9.99e+02 9.92e+02 9.85e+02 9.79e+02 9.72e+02 9.65e+02 9.59e+02 9.52e+02 9.46e+02 9.39e+02 9.33e+02 9.26e+02 9.20e+02 9.13e+02 9.07e+02 9.00e+02 8.94e+02 8.88e+02 8.81e+02 8.75e+02 8.69e+02 8.62e+02 8.56e+02 8.50e+02 8.44e+02 8.38e+02 8.32e+02 8.26e+02 8.20e+02 8.14e+02 8.08e+02 8.02e+02 7.96e+02 7.90e+02 7.84e+02 7.79e+02 7.73e+02 7.67e+02 7.62e+02 7.56e+02 7.50e+02 7.45e+02 7.39e+02 7.34e+02 7.28e+02 7.23e+02 7.18e+02 7.12e+02 7.07e+02 7.02e+02 6.97e+02 6.92e+02 6.86e+02 6.81e+02 6.76e+02 6.71e+02 6.66e+02 6.61e+02 6.57e+02 6.52e+02 6.47e+02 6.42e+02 6.37e+02 6.33e+02 6.28e+02 6.24e+02 6.19e+02 6.14e+02 6.10e+02 6.06e+02 6.01e+02 5.97e+02 5.92e+02 5.88e+02 5.84e+02 5.80e+02 5.75e+02 5.71e+02 5.67e+02 5.63e+02 5.59e+02 5.55e+02 5.51e+02 5.47e+02 5.43e+02 5.39e+02 5.36e+02 5.32e+02 5.28e+02 5.24e+02 5.21e+02 5.17e+02 5.13e+02 5.10e+02 5.06e+02 5.02e+02 4.99e+02 4.96e+02 4.92e+02 4.89e+02 4.85e+02 4.82e+02 4.79e+02 4.75e+02 4.72e+02 4.69e+02 4.66e+02 4.62e+02 4.59e+02 4.56e+02 4.53e+02 4.50e+02 4.47e+02 4.44e+02 4.41e+02 4.38e+02 4.35e+02 4.32e+02 4.29e+02 4.26e+02 4.24e+02 4.21e+02 4.18e+02 4.15e+02 4.13e+02 4.10e+02 4.07e+02 4.05e+02 4.02e+02 3.99e+02 3.97e+02 3.94e+02 3.92e+02 3.89e+02 3.87e+02 3.82e+02 3.72e+02 3.54e+02 3.20e+02 2.65e+02 1.87e+02 9.82e+01 3.52e+01 2.07e+01 2.00e+01 2.00e+01 2.00e+01 2.00e+01 
 2.95347621004958e-09   1.41e+03 1.41e+03 1.41e+03 1.41e+03 1.41e+03 1.41e+03 1.40e+03 1.39e+03 1.39e+03 1.38e+03 1.37e+03 1.37e+03 1.36e+03 1.35e+03 1.35e+03 1.34e+03 1.33e+03 1.33e+03 1.32e+03 1.31e+03 1.31e+03 1.30e+03 1.29e+03 1.29e+03 1.28e+03 1.27e+03 1.27e+03 1.26e+03 1.25e+03 1.25e+03 1.24e+03 1.23e+03 1.23e+03 1.22e+03 1.21e+03 1.20e+03 1.20e+03 1.19e+03 1.18e+03 1.18e+03 1.17e+03 1.16e+03 1.16e+03 1.15e+03 1.14e+03 1.14e+03 1.13e+03 1.12e+03 1.11e+03 1.11e+03 1.10e+03 1.09e+03 1.09e+03 1.08e+03 1.07e+03 1.07e+03 1.06e+03 1.05e+03 1.05e+03 1.04e+03 1.03e+03 1.03e+03 1.02e+03 1.01e+03 1.01e+03 9.99e+02 9.92e+02 9.85e+02 9.79e+02 9.72e+02 9.65e+02 9.59e+02 9.52e+02 9.46e+02 9.39e+02 9.33e+02 9.26e+02 9.20e+02 9.13e+02 9.07e+02 9.00e+02 8.94e+02 8.88e+02 8.81e+02 8.75e+02 8.69e+02 8.63e+02 8.56e+02 8.50e+02 8.44e+02 8.38e+02 8.32e+02 8.26e+02 8.20e+02 8.14e+02 8.08e+02 8.02e+02 7.96e+02 7.90e+02 7.85e+02 7.79e+02 7.73e+02 7.67e+02 7.62e+02 7.56e+02 7.51e+02 7.45e+02 7.40e+02 7.34e+02 7.29e+02 7.23e+02 7.18e+02 7.13e+02 7.07e+02 7.02e+02 6.97e+02 6.92e+02 6.87e+02 6.82e+02 6.77e+02 6.72e+02 6.67e+02 6.62e+02 6.57e+02 6.52e+02 6.47e+02 6.43e+02 6.38e+02 6.33e+02 6.29e+02 6.24e+02 6.19e+02 6.15e+02 6.10e+02 6.06e+02 6.02e+02 5.97e+02 5.93e+02 5.89e+02 5.84e+02 5.80e+02 5.76e+02 5.72e+02 5.68e+02 5.63e+02 5.59e+02 5.55e+02 5.51e+02 5.48e+02 5.44e+02 5.40e+02 5.36e+02 5.32e+02 5.28e+02 5.25e+02 5.21e+02 5.17e+02 5.14e+02 5.10e+02 5.06e+02 5.03e+02 4.99e+02 4.96e+02 4.93e+02 4.89e+02 4.86e+02 4.82e+02 4.79e+02 4.76e+02 4.73e+02 4.69e+02 4.66e+02 4.63e+02 4.60e+02 4.57e+02 4.54e+02 4.50e+02 4.47e+02 4.44e+02 4.41e+02 4.39e+02 4.36e+02 4.33e+02 4.30e+02 4.27e+02 4.24e+02 4.21e+02 4.19e+02 4.16e+02 4.13e+02 4.10e+02 4.08e+02 4.05e+02 4.02e+02 4.00e+02 3.97e+02 3.95e+02 3.92e+02 3.89e+02 3.87e+02 3.82e+02 3.72e+02 3.54e+02 3.21e+02 2.66e+02 1.87e+02 9.84e+01 3.53e+01 2.07e+01 2.00e+01 2.00e+01 2.00e+01 2.00e+01 
 2.96348663612907e-09   1.41e+03 1.41e+03 1.41e+03 1.41e+03 1.41e+03 1.40e+03 1.40e+03 1.39e+03 1.39e+03 1.38e+03 1.37e+03 1.37e+03 1.36e+03 1.35e+03 1.35e+03 1.34e+03 1.33e+03 1.33e+03 1.32e+03 1.31e+03 1.31e+03 1.30e+03 1.29e+03 1.29e+03 1.28e+03 1.27e+03 1.27e+03 1.26e+03 1.25e+03 1.25e+03 1.24e+03 1.23e+03 1.23e+03 1.22e+03 1.21e+03 1.20e+03 1.20e+03 1.19e+03 1.18e+03 1.18e+03 1.17e+03 1.16e+03 1.16e+03 1.15e+03 1.14e+03 1.14e+03 1.13e+03 1.12e+03 1.11e+03 1.11e+03 1.10e+03 1.09e+03 1.09e+03 1.08e+03 1.07e+03 1.07e+03 1.06e+03 1.05e+03 1.05e+03 1.04e+03 1.03e+03 1.03e+03 1.02e+03 1.01e+03 1.01e+03 9.99e+02 9.92e+02 9.85e+02 9.79e+02 9.72e+02 9.65e+02 9.59e+02 9.52e+02 9.46e+02 9.39e+02 9.33e+02 9.26e+02 9.20e+02 9.13e+02 9.07e+02 9.00e+02 8.94e+02 8.88e+02 8.81e+02 8.75e+02 8.69e+02 8.63e+02 8.57e+02 8.50e+02 8.44e+02 8.38e+02 8.32e+02 8.26e+02 8.20e+02 8.14e+02 8.08e+02 8.02e+02 7.96e+02 7.91e+02 7.85e+02 7.79e+02 7.73e+02 7.68e+02 7.62e+02 7.56e+02 7.51e+02 7.45e+02 7.40e+02 7.34e+02 7.29e+02 7.24e+02 7.18e+02 7.13e+02 7.08e+02 7.03e+02 6.97e+02 6.92e+02 6.87e+02 6.82e+02 6.77e+02 6.72e+02 6.67e+02 6.62e+02 6.57e+02 6.53e+02 6.48e+02 6.43e+02 6.38e+02 6.34e+02 6.29e+02 6.24e+02 6.20e+02 6.15e+02 6.11e+02 6.06e+02 6.02e+02 5.98e+02 5.93e+02 5.89e+02 5.85e+02 5.80e+02 5.76e+02 5.72e+02 5.68e+02 5.64e+02 5.60e+02 5.56e+02 5.52e+02 5.48e+02 5.44e+02 5.40e+02 5.36e+02 5.33e+02 5.29e+02 5.25e+02 5.21e+02 5.18e+02 5.14e+02 5.10e+02 5.07e+02 5.03e+02 5.00e+02 4.96e+02 4.93e+02 4.90e+02 4.86e+02 4.83e+02 4.80e+02 4.76e+02 4.73e+02 4.70e+02 4.67e+02 4.63e+02 4.60e+02 4.57e+02 4.54e+02 4.51e+02 4.48e+02 4.45e+02 4.42e+02 4.39e+02 4.36e+02 4.33e+02 4.30e+02 4.27e+02 4.25e+02 4.22e+02 4.19e+02 4.16e+02 4.13e+02 4.11e+02 4.08e+02 4.05e+02 4.03e+02 4.00e+02 3.98e+02 3.95e+02 3.92e+02 3.90e+02 3.87e+02 3.82e+02 3.73e+02 3.55e+02 3.21e+02 2.66e+02 1.87e+02 9.87e+01 3.54e+01 2.07e+01 2.00e+01 2.00e+01 2.00e+01 2.00e+01 
 2.97349900993620e-09   1.41e+03 1.41e+03 1.41e+03 1.41e+03 1.41e+03 1.40e+03 1.40e+03 1.39e+03 1.39e+03 1.38e+03 1.37e+03 1.37e+03 1.36e+03 1.35e+03 1.35e+03 1.34e+03 1.33e+03 1.33e+03 1.32e+03 1.31e+03 1.31e+03 1.30e+03 1.29e+03 1.29e+03 1.28e+03 1.27e+03 1.27e+03 1.26e+03 1.25e+03 1.25e+03 1.24e+03 1.23e+03 1.22e+03 1.22e+03 1.21e+03 1.20e+03 1.20e+03 1.19e+03 1.18e+03 1.18e+03 1.17e+03 1.16e+03 1.16e+03 1.15e+03 1.14e+03 1.14e+03 1.13e+03 1.12e+03 1.11e+03 1.11e+03 1.10e+03 1.09e+03 1.09e+03 1.08e+03 1.07e+03 1.07e+03 1.06e+03 1.05e+03 1.05e+03 1.04e+03 1.03e+03 1.03e+03 1.02e+03 1.01e+03 1.01e+03 9.99e+02 9.92e+02 9.85e+02 9.79e+02 9.72e+02 9.65e+02 9.59e+02 9.52e+02 9.46e+02 9.39e+02 9.33e+02 9.26e+02 9.20e+02 9.13e+02 9.07e+02 9.01e+02 8.94e+02 8.88e+02 8.82e+02 8.75e+02 8.69e+02 8.63e+02 8.57e+02 8.51e+02 8.44e+02 8.38e+02 8.32e+02 8.26e+02 8.20e+02 8.14e+02 8.08e+02 8.03e+02 7.97e+02 7.91e+02 7.85e+02 7.79e+02 7.74e+02 7.68e+02 7.62e+02 7.57e+02 7.51e+02 7.46e+02 7.40e+02 7.35e+02 7.29e+02 7.24e+02 7.19e+02 7.13e+02 7.08e+02 7.03e+02 6.98e+02 6.93e+02 6.87e+02 6.82e+02 6.77e+02 6.72e+02 6.67e+02 6.63e+02 6.58e+02 6.53e+02 6.48e+02 6.43e+02 6.39e+02 6.34e+02 6.29e+02 6.25e+02 6.20e+02 6.16e+02 6.11e+02 6.07e+02 6.02e+02 5.98e+02 5.94e+02 5.89e+02 5.85e+02 5.81e+02 5.77e+02 5.73e+02 5.68e+02 5.64e+02 5.60e+02 5.56e+02 5.52e+02 5.48e+02 5.44e+02 5.41e+02 5.37e+02 5.33e+02 5.29e+02 5.26e+02 5.22e+02 5.18e+02 5.15e+02 5.11e+02 5.07e+02 5.04e+02 5.00e+02 4.97e+02 4.93e+02 4.90e+02 4.87e+02 4.83e+02 4.80e+02 4.77e+02 4.73e+02 4.70e+02 4.67e+02 4.64e+02 4.61e+02 4.58e+02 4.54e+02 4.51e+02 4.48e+02 4.45e+02 4.42e+02 4.39e+02 4.36e+02 4.34e+02 4.31e+02 4.28e+02 4.25e+02 4.22e+02 4.19e+02 4.17e+02 4.14e+02 4.11e+02 4.09e+02 4.06e+02 4.03e+02 4.01e+02 3.98e+02 3.95e+02 3.93e+02 3.90e+02 3.88e+02 3.83e+02 3.73e+02 3.55e+02 3.22e+02 2.66e+02 1.88e+02 9.90e+01 3.55e+01 2.07e+01 2.00e+01 2.00e+01 2.00e+01 2.00e+01 
 2.98351332589690e-09   1.41e+03 1.41e+03 1.41e+03 1.41e+03 1.41e+03 1.40e+03 1.40e+03 1.39e+03 1.39e+03 1.38e+03 1.37e+03 1.37e+03 1.36e+03 1.35e+03 1.35e+03 1.34e+03 1.33e+03 1.33e+03 1.32e+03 1.31e+03 1.31e+03 1.30e+03 1.29e+03 1.29e+03 1.28e+03 1.27e+03 1.27e+03 1.26e+03 1.25e+03 1.24e+03 1.24e+03 1.23e+03 1.22e+03 1.22e+03 1.21e+03 1.20e+03 1.20e+03 1.19e+03 1.18e+03 1.18e+03 1.17e+03 1.16e+03 1.16e+03 1.15e+03 1.14e+03 1.13e+03 1.13e+03 1.12e+03 1.11e+03 1.11e+03 1.10e+03 1.09e+03 1.09e+03 1.08e+03 1.07e+03 1.07e+03 1.06e+03 1.05e+03 1.05e+03 1.04e+03 1.03e+03 1.03e+03 1.02e+03 1.01e+03 1.01e+03 9.99e+02 9.92e+02 9.85e+02 9.79e+02 9.72e+02 9.65e+02 9.59e+02 9.52e+02 9.46e+02 9.39e+02 9.33e+02 9.26e+02 9.20e+02 9.13e+02 9.07e+02 9.01e+02 8.94e+02 8.88e+02 8.82e+02 8.75e+02 8.69e+02 8.63e+02 8.57e+02 8.51e+02 8.45e+02 8.38e+02 8.32e+02 8.26e+02 8.20e+02 8.15e+02 8.09e+02 8.03e+02 7.97e+02 7.91e+02 7.85e+02 7.80e+02 7.74e+02 7.68e+02 7.63e+02 7.57e+02 7.51e+02 7.46e+02 7.40e+02 7.35e+02 7.30e+02 7.24e+02 7.19e+02 7.14e+02 7.08e+02 7.03e+02 6.98e+02 6.93e+02 6.88e+02 6.83e+02 6.78e+02 6.73e+02 6.68e+02 6.63e+02 6.58e+02 6.53e+02 6.48e+02 6.44e+02 6.39e+02 6.34e+02 6.30e+02 6.25e+02 6.21e+02 6.16e+02 6.12e+02 6.07e+02 6.03e+02 5.98e+02 5.94e+02 5.90e+02 5.85e+02 5.81e+02 5.77e+02 5.73e+02 5.69e+02 5.65e+02 5.61e+02 5.57e+02 5.53e+02 5.49e+02 5.45e+02 5.41e+02 5.37e+02 5.33e+02 5.30e+02 5.26e+02 5.22e+02 5.19e+02 5.15e+02 5.11e+02 5.08e+02 5.04e+02 5.01e+02 4.97e+02 4.94e+02 4.90e+02 4.87e+02 4.84e+02 4.80e+02 4.77e+02 4.74e+02 4.71e+02 4.67e+02 4.64e+02 4.61e+02 4.58e+02 4.55e+02 4.52e+02 4.49e+02 4.46e+02 4.43e+02 4.40e+02 4.37e+02 4.34e+02 4.31e+02 4.28e+02 4.25e+02 4.23e+02 4.20e+02 4.17e+02 4.14e+02 4.12e+02 4.09e+02 4.06e+02 4.04e+02 4.01e+02 3.99e+02 3.96e+02 3.93e+02 3.91e+02 3.88e+02 3.83e+02 3.74e+02 3.55e+02 3.22e+02 2.67e+02 1.88e+02 9.92e+01 3.56e+01 2.07e+01 2.00e+01 2.00e+01 2.00e+01 2.00e+01 
 2.99352957846433e-09   1.41e+03 1.41e+03 1.41e+03 1.41e+03 1.41e+03 1.40e+03 1.40e+03 1.39e+03 1.39e+03 1.38e+03 1.37e+03 1.37e+03 1.36e+03 1.35e+03 1.35e+03 1.34e+03 1.33e+03 1.33e+03 1.32e+03 1.31e+03 1.31e+03 1.30e+03 1.29e+03 1.29e+03 1.28e+03 1.27e+03 1.26e+03 1.26e+03 1.25e+03 1.24e+03 1.24e+03 1.23e+03 1.22e+03 1.22e+03 1.21e+03 1.20e+03 1.20e+03 1.19e+03 1.18e+03 1.18e+03 1.17e+03 1.16e+03 1.16e+03 1.15e+03 1.14e+03 1.13e+03 1.13e+03 1.12e+03 1.11e+03 1.11e+03 1.10e+03 1.09e+03 1.09e+03 1.08e+03 1.07e+03 1.07e+03 1.06e+03 1.05e+03 1.05e+03 1.04e+03 1.03e+03 1.03e+03 1.02e+03 1.01e+03 1.01e+03 9.99e+02 9.92e+02 9.85e+02 9.79e+02 9.72e+02 9.65e+02 9.59e+02 9.52e+02 9.46e+02 9.39e+02 9.33e+02 9.26e+02 9.20e+02 9.13e+02 9.07e+02 9.01e+02 8.94e+02 8.88e+02 8.82e+02 8.76e+02 8.69e+02 8.63e+02 8.57e+02 8.51e+02 8.45e+02 8.39e+02 8.33e+02 8.27e+02 8.21e+02 8.15e+02 8.09e+02 8.03e+02 7.97e+02 7.91e+02 7.86e+02 7.80e+02 7.74e+02 7.68e+02 7.63e+02 7.57e+02 7.52e+02 7.46e+02 7.41e+02 7.35e+02 7.30e+02 7.25e+02 7.19e+02 7.14e+02 7.09e+02 7.04e+02 6.98e+02 6.93e+02 6.88e+02 6.83e+02 6.78e+02 6.73e+02 6.68e+02 6.63e+02 6.58e+02 6.54e+02 6.49e+02 6.44e+02 6.39e+02 6.35e+02 6.30e+02 6.25e+02 6.21e+02 6.16e+02 6.12e+02 6.08e+02 6.03e+02 5.99e+02 5.94e+02 5.90e+02 5.86e+02 5.82e+02 5.77e+02 5.73e+02 5.69e+02 5.65e+02 5.61e+02 5.57e+02 5.53e+02 5.49e+02 5.45e+02 5.41e+02 5.38e+02 5.34e+02 5.30e+02 5.26e+02 5.23e+02 5.19e+02 5.15e+02 5.12e+02 5.08e+02 5.05e+02 5.01e+02 4.98e+02 4.94e+02 4.91e+02 4.88e+02 4.84e+02 4.81e+02 4.78e+02 4.74e+02 4.71e+02 4.68e+02 4.65e+02 4.62e+02 4.58e+02 4.55e+02 4.52e+02 4.49e+02 4.46e+02 4.43e+02 4.40e+02 4.37e+02 4.34e+02 4.32e+02 4.29e+02 4.26e+02 4.23e+02 4.20e+02 4.18e+02 4.15e+02 4.12e+02 4.09e+02 4.07e+02 4.04e+02 4.02e+02 3.99e+02 3.96e+02 3.94e+02 3.91e+02 3.89e+02 3.84e+02 3.74e+02 3.56e+02 3.23e+02 2.67e+02 1.88e+02 9.95e+01 3.57e+01 2.07e+01 2.00e+01 2.00e+01 2.00e+01 2.00e+01 
 3.00354776211872e-09   1.41e+03 1.41e+03 1.41e+03 1.41e+03 1.41e+03 1.40e+03 1.40e+03 1.39e+03 1.38e+03 1.38e+03 1.37e+03 1.37e+03 1.36e+03 1.35e+03 1.35e+03 1.34e+03 1.33e+03 1.33e+03 1.32e+03 1.31e+03 1.31e+03 1.30e+03 1.29e+03 1.28e+03 1.28e+03 1.27e+03 1.26e+03 1.26e+03 1.25e+03 1.24e+03 1.24e+03 1.23e+03 1.22e+03 1.22e+03 1.21e+03 1.20e+03 1.20e+03 1.19e+03 1.18e+03 1.18e+03 1.17e+03 1.16e+03 1.16e+03 1.15e+03 1.14e+03 1.13e+03 1.13e+03 1.12e+03 1.11e+03 1.11e+03 1.10e+03 1.09e+03 1.09e+03 1.08e+03 1.07e+03 1.07e+03 1.06e+03 1.05e+03 1.05e+03 1.04e+03 1.03e+03 1.03e+03 1.02e+03 1.01e+03 1.01e+03 9.99e+02 9.92e+02 9.85e+02 9.79e+02 9.72e+02 9.65e+02 9.59e+02 9.52e+02 9.46e+02 9.39e+02 9.33e+02 9.26e+02 9.20e+02 9.14e+02 9.07e+02 9.01e+02 8.94e+02 8.88e+02 8.82e+02 8.76e+02 8.69e+02 8.63e+02 8.57e+02 8.51e+02 8.45e+02 8.39e+02 8.33e+02 8.27e+02 8.21e+02 8.15e+02 8.09e+02 8.03e+02 7.97e+02 7.92e+02 7.86e+02 7.80e+02 7.74e+02 7.69e+02 7.63e+02 7.58e+02 7.52e+02 7.46e+02 7.41e+02 7.36e+02 7.30e+02 7.25e+02 7.20e+02 7.14e+02 7.09e+02 7.04e+02 6.99e+02 6.94e+02 6.88e+02 6.83e+02 6.78e+02 6.73e+02 6.69e+02 6.64e+02 6.59e+02 6.54e+02 6.49e+02 6.44e+02 6.40e+02 6.35e+02 6.30e+02 6.26e+02 6.21e+02 6.17e+02 6.12e+02 6.08e+02 6.04e+02 5.99e+02 5.95e+02 5.91e+02 5.86e+02 5.82e+02 5.78e+02 5.74e+02 5.70e+02 5.66e+02 5.62e+02 5.58e+02 5.54e+02 5.50e+02 5.46e+02 5.42e+02 5.38e+02 5.34e+02 5.31e+02 5.27e+02 5.23e+02 5.19e+02 5.16e+02 5.12e+02 5.09e+02 5.05e+02 5.02e+02 4.98e+02 4.95e+02 4.91e+02 4.88e+02 4.85e+02 4.81e+02 4.78e+02 4.75e+02 4.72e+02 4.68e+02 4.65e+02 4.62e+02 4.59e+02 4.56e+02 4.53e+02 4.50e+02 4.47e+02 4.44e+02 4.41e+02 4.38e+02 4.35e+02 4.32e+02 4.29e+02 4.26e+02 4.24e+02 4.21e+02 4.18e+02 4.15e+02 4.13e+02 4.10e+02 4.07e+02 4.05e+02 4.02e+02 3.99e+02 3.97e+02 3.94e+02 3.92e+02 3.89e+02 3.84e+02 3.75e+02 3.56e+02 3.23e+02 2.68e+02 1.89e+02 9.98e+01 3.58e+01 2.07e+01 2.00e+01 2.00e+01 2.00e+01 2.00e+01 
 3.01356787136717e-09   1.41e+03 1.41e+03 1.41e+03 1.41e+03 1.41e+03 1.40e+03 1.40e+03 1.39e+03 1.38e+03 1.38e+03 1.37e+03 1.36e+03 1.36e+03 1.35e+03 1.34e+03 1.34e+03 1.33e+03 1.32e+03 1.32e+03 1.31e+03 1.30e+03 1.30e+03 1.29e+03 1.28e+03 1.28e+03 1.27e+03 1.26e+03 1.26e+03 1.25e+03 1.24e+03 1.24e+03 1.23e+03 1.22e+03 1.22e+03 1.21e+03 1.20e+03 1.20e+03 1.19e+03 1.18e+03 1.18e+03 1.17e+03 1.16e+03 1.15e+03 1.15e+03 1.14e+03 1.13e+03 1.13e+03 1.12e+03 1.11e+03 1.11e+03 1.10e+03 1.09e+03 1.09e+03 1.08e+03 1.07e+03 1.07e+03 1.06e+03 1.05e+03 1.05e+03 1.04e+03 1.03e+03 1.03e+03 1.02e+03 1.01e+03 1.01e+03 9.98e+02 9.92e+02 9.85e+02 9.79e+02 9.72e+02 9.65e+02 9.59e+02 9.52e+02 9.46e+02 9.39e+02 9.33e+02 9.26e+02 9.20e+02 9.14e+02 9.07e+02 9.01e+02 8.95e+02 8.88e+02 8.82e+02 8.76e+02 8.70e+02 8.63e+02 8.57e+02 8.51e+02 8.45e+02 8.39e+02 8.33e+02 8.27e+02 8.21e+02 8.15e+02 8.09e+02 8.03e+02 7.98e+02 7.92e+02 7.86e+02 7.80e+02 7.75e+02 7.69e+02 7.63e+02 7.58e+02 7.52e+02 7.47e+02 7.41e+02 7.36e+02 7.31e+02 7.25e+02 7.20e+02 7.15e+02 7.09e+02 7.04e+02 6.99e+02 6.94e+02 6.89e+02 6.84e+02 6.79e+02 6.74e+02 6.69e+02 6.64e+02 6.59e+02 6.54e+02 6.50e+02 6.45e+02 6.40e+02 6.35e+02 6.31e+02 6.26e+02 6.22e+02 6.17e+02 6.13e+02 6.08e+02 6.04e+02 6.00e+02 5.95e+02 5.91e+02 5.87e+02 5.82e+02 5.78e+02 5.74e+02 5.70e+02 5.66e+02 5.62e+02 5.58e+02 5.54e+02 5.50e+02 5.46e+02 5.42e+02 5.39e+02 5.35e+02 5.31e+02 5.27e+02 5.24e+02 5.20e+02 5.16e+02 5.13e+02 5.09e+02 5.06e+02 5.02e+02 4.99e+02 4.95e+02 4.92e+02 4.88e+02 4.85e+02 4.82e+02 4.78e+02 4.75e+02 4.72e+02 4.69e+02 4.66e+02 4.62e+02 4.59e+02 4.56e+02 4.53e+02 4.50e+02 4.47e+02 4.44e+02 4.41e+02 4.38e+02 4.35e+02 4.33e+02 4.30e+02 4.27e+02 4.24e+02 4.21e+02 4.18e+02 4.16e+02 4.13e+02 4.10e+02 4.08e+02 4.05e+02 4.02e+02 4.00e+02 3.97e+02 3.95e+02 3.92e+02 3.90e+02 3.85e+02 3.75e+02 3.57e+02 3.23e+02 2.68e+02 1.89e+02 1.00e+02 3.59e+01 2.07e+01 2.00e+01 2.00e+01 2.00e+01 2.00e+01 
 3.02358990074346e-09   1.41e+03 1.41e+03 1.41e+03 1.41e+03 1.41e+03 1.40e+03 1.40e+03 1.39e+03 1.38e+03 1.38e+03 1.37e+03 1.36e+03 1.36e+03 1.35e+03 1.34e+03 1.34e+03 1.33e+03 1.32e+03 1.32e+03 1.31e+03 1.30e+03 1.30e+03 1.29e+03 1.28e+03 1.28e+03 1.27e+03 1.26e+03 1.26e+03 1.25e+03 1.24e+03 1.24e+03 1.23e+03 1.22e+03 1.22e+03 1.21e+03 1.20e+03 1.20e+03 1.19e+03 1.18e+03 1.18e+03 1.17e+03 1.16e+03 1.15e+03 1.15e+03 1.14e+03 1.13e+03 1.13e+03 1.12e+03 1.11e+03 1.11e+03 1.10e+03 1.09e+03 1.09e+03 1.08e+03 1.07e+03 1.07e+03 1.06e+03 1.05e+03 1.05e+03 1.04e+03 1.03e+03 1.03e+03 1.02e+03 1.01e+03 1.01e+03 9.98e+02 9.92e+02 9.85e+02 9.79e+02 9.72e+02 9.65e+02 9.59e+02 9.52e+02 9.46e+02 9.39e+02 9.33e+02 9.26e+02 9.20e+02 9.14e+02 9.07e+02 9.01e+02 8.95e+02 8.88e+02 8.82e+02 8.76e+02 8.70e+02 8.64e+02 8.57e+02 8.51e+02 8.45e+02 8.39e+02 8.33e+02 8.27e+02 8.21e+02 8.15e+02 8.09e+02 8.04e+02 7.98e+02 7.92e+02 7.86e+02 7.81e+02 7.75e+02 7.69e+02 7.64e+02 7.58e+02 7.53e+02 7.47e+02 7.42e+02 7.36e+02 7.31e+02 7.25e+02 7.20e+02 7.15e+02 7.10e+02 7.04e+02 6.99e+02 6.94e+02 6.89e+02 6.84e+02 6.79e+02 6.74e+02 6.69e+02 6.64e+02 6.59e+02 6.55e+02 6.50e+02 6.45e+02 6.40e+02 6.36e+02 6.31e+02 6.27e+02 6.22e+02 6.18e+02 6.13e+02 6.09e+02 6.04e+02 6.00e+02 5.96e+02 5.91e+02 5.87e+02 5.83e+02 5.79e+02 5.75e+02 5.70e+02 5.66e+02 5.62e+02 5.58e+02 5.54e+02 5.51e+02 5.47e+02 5.43e+02 5.39e+02 5.35e+02 5.31e+02 5.28e+02 5.24e+02 5.20e+02 5.17e+02 5.13e+02 5.10e+02 5.06e+02 5.03e+02 4.99e+02 4.96e+02 4.92e+02 4.89e+02 4.86e+02 4.82e+02 4.79e+02 4.76e+02 4.72e+02 4.69e+02 4.66e+02 4.63e+02 4.60e+02 4.57e+02 4.54e+02 4.51e+02 4.48e+02 4.45e+02 4.42e+02 4.39e+02 4.36e+02 4.33e+02 4.30e+02 4.27e+02 4.24e+02 4.22e+02 4.19e+02 4.16e+02 4.14e+02 4.11e+02 4.08e+02 4.06e+02 4.03e+02 4.00e+02 3.98e+02 3.95e+02 3.93e+02 3.90e+02 3.85e+02 3.76e+02 3.57e+02 3.24e+02 2.69e+02 1.89e+02 1.00e+02 3.59e+01 2.07e+01 2.00e+01 2.00e+01 2.00e+01 2.00e+01 
 3.03361384480781e-09   1.41e+03 1.41e+03 1.41e+03 1.41e+03 1.41e+03 1.40e+03 1.40e+03 1.39e+03 1.38e+03 1.38e+03 1.37e+03 1.36e+03 1.36e+03 1.35e+03 1.34e+03 1.34e+03 1.33e+03 1.32e+03 1.32e+03 1.31e+03 1.30e+03 1.30e+03 1.29e+03 1.28e+03 1.28e+03 1.27e+03 1.26e+03 1.26e+03 1.25e+03 1.24e+03 1.24e+03 1.23e+03 1.22e+03 1.22e+03 1.21e+03 1.20e+03 1.20e+03 1.19e+03 1.18e+03 1.17e+03 1.17e+03 1.16e+03 1.15e+03 1.15e+03 1.14e+03 1.13e+03 1.13e+03 1.12e+03 1.11e+03 1.11e+03 1.10e+03 1.09e+03 1.09e+03 1.08e+03 1.07e+03 1.07e+03 1.06e+03 1.05e+03 1.05e+03 1.04e+03 1.03e+03 1.03e+03 1.02e+03 1.01e+03 1.01e+03 9.98e+02 9.92e+02 9.85e+02 9.79e+02 9.72e+02 9.65e+02 9.59e+02 9.52e+02 9.46e+02 9.39e+02 9.33e+02 9.26e+02 9.20e+02 9.14e+02 9.07e+02 9.01e+02 8.95e+02 8.88e+02 8.82e+02 8.76e+02 8.70e+02 8.64e+02 8.58e+02 8.51e+02 8.45e+02 8.39e+02 8.33e+02 8.27e+02 8.21e+02 8.15e+02 8.10e+02 8.04e+02 7.98e+02 7.92e+02 7.86e+02 7.81e+02 7.75e+02 7.69e+02 7.64e+02 7.58e+02 7.53e+02 7.47e+02 7.42e+02 7.36e+02 7.31e+02 7.26e+02 7.20e+02 7.15e+02 7.10e+02 7.05e+02 7.00e+02 6.95e+02 6.89e+02 6.84e+02 6.79e+02 6.74e+02 6.70e+02 6.65e+02 6.60e+02 6.55e+02 6.50e+02 6.46e+02 6.41e+02 6.36e+02 6.32e+02 6.27e+02 6.22e+02 6.18e+02 6.13e+02 6.09e+02 6.05e+02 6.00e+02 5.96e+02 5.92e+02 5.87e+02 5.83e+02 5.79e+02 5.75e+02 5.71e+02 5.67e+02 5.63e+02 5.59e+02 5.55e+02 5.51e+02 5.47e+02 5.43e+02 5.39e+02 5.36e+02 5.32e+02 5.28e+02 5.24e+02 5.21e+02 5.17e+02 5.14e+02 5.10e+02 5.06e+02 5.03e+02 5.00e+02 4.96e+02 4.93e+02 4.89e+02 4.86e+02 4.83e+02 4.79e+02 4.76e+02 4.73e+02 4.70e+02 4.67e+02 4.63e+02 4.60e+02 4.57e+02 4.54e+02 4.51e+02 4.48e+02 4.45e+02 4.42e+02 4.39e+02 4.36e+02 4.33e+02 4.31e+02 4.28e+02 4.25e+02 4.22e+02 4.19e+02 4.17e+02 4.14e+02 4.11e+02 4.09e+02 4.06e+02 4.03e+02 4.01e+02 3.98e+02 3.96e+02 3.93e+02 3.91e+02 3.86e+02 3.76e+02 3.58e+02 3.24e+02 2.69e+02 1.90e+02 1.01e+02 3.60e+01 2.07e+01 2.00e+01 2.00e+01 2.00e+01 2.00e+01 
 3.04361444171407e-09   1.41e+03 1.41e+03 1.41e+03 1.41e+03 1.41e+03 1.40e+03 1.40e+03 1.39e+03 1.38e+03 1.38e+03 1.37e+03 1.36e+03 1.36e+03 1.35e+03 1.34e+03 1.34e+03 1.33e+03 1.32e+03 1.32e+03 1.31e+03 1.30e+03 1.30e+03 1.29e+03 1.28e+03 1.28e+03 1.27e+03 1.26e+03 1.26e+03 1.25e+03 1.24e+03 1.24e+03 1.23e+03 1.22e+03 1.22e+03 1.21e+03 1.20e+03 1.19e+03 1.19e+03 1.18e+03 1.17e+03 1.17e+03 1.16e+03 1.15e+03 1.15e+03 1.14e+03 1.13e+03 1.13e+03 1.12e+03 1.11e+03 1.11e+03 1.10e+03 1.09e+03 1.09e+03 1.08e+03 1.07e+03 1.07e+03 1.06e+03 1.05e+03 1.05e+03 1.04e+03 1.03e+03 1.03e+03 1.02e+03 1.01e+03 1.00e+03 9.98e+02 9.92e+02 9.85e+02 9.79e+02 9.72e+02 9.65e+02 9.59e+02 9.52e+02 9.46e+02 9.39e+02 9.33e+02 9.27e+02 9.20e+02 9.14e+02 9.07e+02 9.01e+02 8.95e+02 8.89e+02 8.82e+02 8.76e+02 8.70e+02 8.64e+02 8.58e+02 8.52e+02 8.46e+02 8.39e+02 8.33e+02 8.28e+02 8.22e+02 8.16e+02 8.10e+02 8.04e+02 7.98e+02 7.92e+02 7.87e+02 7.81e+02 7.75e+02 7.70e+02 7.64e+02 7.59e+02 7.53e+02 7.48e+02 7.42e+02 7.37e+02 7.31e+02 7.26e+02 7.21e+02 7.15e+02 7.10e+02 7.05e+02 7.00e+02 6.95e+02 6.90e+02 6.85e+02 6.80e+02 6.75e+02 6.70e+02 6.65e+02 6.60e+02 6.55e+02 6.51e+02 6.46e+02 6.41e+02 6.37e+02 6.32e+02 6.27e+02 6.23e+02 6.18e+02 6.14e+02 6.09e+02 6.05e+02 6.01e+02 5.96e+02 5.92e+02 5.88e+02 5.84e+02 5.80e+02 5.75e+02 5.71e+02 5.67e+02 5.63e+02 5.59e+02 5.55e+02 5.51e+02 5.47e+02 5.44e+02 5.40e+02 5.36e+02 5.32e+02 5.29e+02 5.25e+02 5.21e+02 5.18e+02 5.14e+02 5.10e+02 5.07e+02 5.03e+02 5.00e+02 4.97e+02 4.93e+02 4.90e+02 4.86e+02 4.83e+02 4.80e+02 4.77e+02 4.73e+02 4.70e+02 4.67e+02 4.64e+02 4.61e+02 4.58e+02 4.55e+02 4.52e+02 4.49e+02 4.46e+02 4.43e+02 4.40e+02 4.37e+02 4.34e+02 4.31e+02 4.28e+02 4.25e+02 4.23e+02 4.20e+02 4.17e+02 4.14e+02 4.12e+02 4.09e+02 4.06e+02 4.04e+02 4.01e+02 3.99e+02 3.96e+02 3.94e+02 3.91e+02 3.86e+02 3.76e+02 3.58e+02 3.25e+02 2.69e+02 1.90e+02 1.01e+02 3.61e+01 2.07e+01 2.00e+01 2.00e+01 2.00e+01 2.00e+01 
 3.05361693294173e-09   1.41e+03 1.41e+03 1.41e+03 1.41e+03 1.41e+03 1.40e+03 1.40e+03 1.39e+03 1.38e+03 1.38e+03 1.37e+03 1.36e+03 1.36e+03 1.35e+03 1.34e+03 1.34e+03 1.33e+03 1.32e+03 1.32e+03 1.31e+03 1.30e+03 1.30e+03 1.29e+03 1.28e+03 1.28e+03 1.27e+03 1.26e+03 1.26e+03 1.25e+03 1.24e+03 1.24e+03 1.23e+03 1.22e+03 1.22e+03 1.21e+03 1.20e+03 1.19e+03 1.19e+03 1.18e+03 1.17e+03 1.17e+03 1.16e+03 1.15e+03 1.15e+03 1.14e+03 1.13e+03 1.13e+03 1.12e+03 1.11e+03 1.11e+03 1.10e+03 1.09e+03 1.09e+03 1.08e+03 1.07e+03 1.07e+03 1.06e+03 1.05e+03 1.05e+03 1.04e+03 1.03e+03 1.02e+03 1.02e+03 1.01e+03 1.00e+03 9.98e+02 9.92e+02 9.85e+02 9.79e+02 9.72e+02 9.65e+02 9.59e+02 9.52e+02 9.46e+02 9.39e+02 9.33e+02 9.27e+02 9.20e+02 9.14e+02 9.08e+02 9.01e+02 8.95e+02 8.89e+02 8.82e+02 8.76e+02 8.70e+02 8.64e+02 8.58e+02 8.52e+02 8.46e+02 8.40e+02 8.34e+02 8.28e+02 8.22e+02 8.16e+02 8.10e+02 8.04e+02 7.98e+02 7.93e+02 7.87e+02 7.81e+02 7.76e+02 7.70e+02 7.64e+02 7.59e+02 7.53e+02 7.48e+02 7.42e+02 7.37e+02 7.32e+02 7.26e+02 7.21e+02 7.16e+02 7.11e+02 7.05e+02 7.00e+02 6.95e+02 6.90e+02 6.85e+02 6.80e+02 6.75e+02 6.70e+02 6.65e+02 6.61e+02 6.56e+02 6.51e+02 6.46e+02 6.42e+02 6.37e+02 6.32e+02 6.28e+02 6.23e+02 6.19e+02 6.14e+02 6.10e+02 6.05e+02 6.01e+02 5.97e+02 5.93e+02 5.88e+02 5.84e+02 5.80e+02 5.76e+02 5.72e+02 5.68e+02 5.64e+02 5.60e+02 5.56e+02 5.52e+02 5.48e+02 5.44e+02 5.40e+02 5.36e+02 5.33e+02 5.29e+02 5.25e+02 5.22e+02 5.18e+02 5.14e+02 5.11e+02 5.07e+02 5.04e+02 5.00e+02 4.97e+02 4.94e+02 4.90e+02 4.87e+02 4.84e+02 4.80e+02 4.77e+02 4.74e+02 4.71e+02 4.67e+02 4.64e+02 4.61e+02 4.58e+02 4.55e+02 4.52e+02 4.49e+02 4.46e+02 4.43e+02 4.40e+02 4.37e+02 4.34e+02 4.31e+02 4.29e+02 4.26e+02 4.23e+02 4.20e+02 4.18e+02 4.15e+02 4.12e+02 4.09e+02 4.07e+02 4.04e+02 4.02e+02 3.99e+02 3.97e+02 3.94e+02 3.91e+02 3.87e+02 3.77e+02 3.59e+02 3.25e+02 2.70e+02 1.91e+02 1.01e+02 3.62e+01 2.07e+01 2.00e+01 2.00e+01 2.00e+01 2.00e+01 
 3.06362131316962e-09   1.41e+03 1.41e+03 1.41e+03 1.41e+03 1.41e+03 1.40e+03 1.39e+03 1.39e+03 1.38e+03 1.37e+03 1.37e+03 1.36e+03 1.36e+03 1.35e+03 1.34e+03 1.34e+03 1.33e+03 1.32e+03 1.32e+03 1.31e+03 1.30e+03 1.30e+03 1.29e+03 1.28e+03 1.28e+03 1.27e+03 1.26e+03 1.26e+03 1.25e+03 1.24e+03 1.24e+03 1.23e+03 1.22e+03 1.21e+03 1.21e+03 1.20e+03 1.19e+03 1.19e+03 1.18e+03 1.17e+03 1.17e+03 1.16e+03 1.15e+03 1.15e+03 1.14e+03 1.13e+03 1.13e+03 1.12e+03 1.11e+03 1.11e+03 1.10e+03 1.09e+03 1.09e+03 1.08e+03 1.07e+03 1.07e+03 1.06e+03 1.05e+03 1.04e+03 1.04e+03 1.03e+03 1.02e+03 1.02e+03 1.01e+03 1.00e+03 9.98e+02 9.92e+02 9.85e+02 9.78e+02 9.72e+02 9.65e+02 9.59e+02 9.52e+02 9.46e+02 9.39e+02 9.33e+02 9.27e+02 9.20e+02 9.14e+02 9.08e+02 9.01e+02 8.95e+02 8.89e+02 8.83e+02 8.76e+02 8.70e+02 8.64e+02 8.58e+02 8.52e+02 8.46e+02 8.40e+02 8.34e+02 8.28e+02 8.22e+02 8.16e+02 8.10e+02 8.04e+02 7.99e+02 7.93e+02 7.87e+02 7.81e+02 7.76e+02 7.70e+02 7.65e+02 7.59e+02 7.54e+02 7.48e+02 7.43e+02 7.37e+02 7.32e+02 7.27e+02 7.21e+02 7.16e+02 7.11e+02 7.06e+02 7.01e+02 6.95e+02 6.90e+02 6.85e+02 6.80e+02 6.75e+02 6.71e+02 6.66e+02 6.61e+02 6.56e+02 6.51e+02 6.47e+02 6.42e+02 6.37e+02 6.33e+02 6.28e+02 6.24e+02 6.19e+02 6.15e+02 6.10e+02 6.06e+02 6.02e+02 5.97e+02 5.93e+02 5.89e+02 5.84e+02 5.80e+02 5.76e+02 5.72e+02 5.68e+02 5.64e+02 5.60e+02 5.56e+02 5.52e+02 5.48e+02 5.44e+02 5.41e+02 5.37e+02 5.33e+02 5.29e+02 5.26e+02 5.22e+02 5.18e+02 5.15e+02 5.11e+02 5.08e+02 5.04e+02 5.01e+02 4.97e+02 4.94e+02 4.91e+02 4.87e+02 4.84e+02 4.81e+02 4.77e+02 4.74e+02 4.71e+02 4.68e+02 4.65e+02 4.62e+02 4.58e+02 4.55e+02 4.52e+02 4.49e+02 4.46e+02 4.43e+02 4.41e+02 4.38e+02 4.35e+02 4.32e+02 4.29e+02 4.26e+02 4.23e+02 4.21e+02 4.18e+02 4.15e+02 4.13e+02 4.10e+02 4.07e+02 4.05e+02 4.02e+02 4.00e+02 3.97e+02 3.94e+02 3.92e+02 3.87e+02 3.77e+02 3.59e+02 3.26e+02 2.70e+02 1.91e+02 1.01e+02 3.63e+01 2.07e+01 2.00e+01 2.00e+01 2.00e+01 2.00e+01 
 3.07362757710198e-09   1.41e+03 1.41e+03 1.41e+03 1.41e+03 1.41e+03 1.40e+03 1.39e+03 1.39e+03 1.38e+03 1.37e+03 1.37e+03 1.36e+03 1.35e+03 1.35e+03 1.34e+03 1.34e+03 1.33e+03 1.32e+03 1.32e+03 1.31e+03 1.30e+03 1.30e+03 1.29e+03 1.28e+03 1.28e+03 1.27e+03 1.26e+03 1.26e+03 1.25e+03 1.24e+03 1.23e+03 1.23e+03 1.22e+03 1.21e+03 1.21e+03 1.20e+03 1.19e+03 1.19e+03 1.18e+03 1.17e+03 1.17e+03 1.16e+03 1.15e+03 1.15e+03 1.14e+03 1.13e+03 1.13e+03 1.12e+03 1.11e+03 1.11e+03 1.10e+03 1.09e+03 1.09e+03 1.08e+03 1.07e+03 1.06e+03 1.06e+03 1.05e+03 1.04e+03 1.04e+03 1.03e+03 1.02e+03 1.02e+03 1.01e+03 1.00e+03 9.98e+02 9.92e+02 9.85e+02 9.78e+02 9.72e+02 9.65e+02 9.59e+02 9.52e+02 9.46e+02 9.40e+02 9.33e+02 9.27e+02 9.20e+02 9.14e+02 9.08e+02 9.01e+02 8.95e+02 8.89e+02 8.83e+02 8.76e+02 8.70e+02 8.64e+02 8.58e+02 8.52e+02 8.46e+02 8.40e+02 8.34e+02 8.28e+02 8.22e+02 8.16e+02 8.10e+02 8.05e+02 7.99e+02 7.93e+02 7.87e+02 7.82e+02 7.76e+02 7.70e+02 7.65e+02 7.59e+02 7.54e+02 7.48e+02 7.43e+02 7.38e+02 7.32e+02 7.27e+02 7.22e+02 7.16e+02 7.11e+02 7.06e+02 7.01e+02 6.96e+02 6.91e+02 6.86e+02 6.81e+02 6.76e+02 6.71e+02 6.66e+02 6.61e+02 6.56e+02 6.52e+02 6.47e+02 6.42e+02 6.38e+02 6.33e+02 6.28e+02 6.24e+02 6.19e+02 6.15e+02 6.11e+02 6.06e+02 6.02e+02 5.98e+02 5.93e+02 5.89e+02 5.85e+02 5.81e+02 5.77e+02 5.73e+02 5.68e+02 5.64e+02 5.60e+02 5.57e+02 5.53e+02 5.49e+02 5.45e+02 5.41e+02 5.37e+02 5.34e+02 5.30e+02 5.26e+02 5.22e+02 5.19e+02 5.15e+02 5.12e+02 5.08e+02 5.05e+02 5.01e+02 4.98e+02 4.94e+02 4.91e+02 4.88e+02 4.84e+02 4.81e+02 4.78e+02 4.75e+02 4.71e+02 4.68e+02 4.65e+02 4.62e+02 4.59e+02 4.56e+02 4.53e+02 4.50e+02 4.47e+02 4.44e+02 4.41e+02 4.38e+02 4.35e+02 4.32e+02 4.30e+02 4.27e+02 4.24e+02 4.21e+02 4.18e+02 4.16e+02 4.13e+02 4.10e+02 4.08e+02 4.05e+02 4.03e+02 4.00e+02 3.97e+02 3.95e+02 3.92e+02 3.87e+02 3.78e+02 3.59e+02 3.26e+02 2.71e+02 1.91e+02 1.02e+02 3.64e+01 2.08e+01 2.00e+01 2.00e+01 2.00e+01 2.00e+01 
 3.08363571946829e-09   1.41e+03 1.41e+03 1.41e+03 1.41e+03 1.41e+03 1.40e+03 1.39e+03 1.39e+03 1.38e+03 1.37e+03 1.37e+03 1.36e+03 1.35e+03 1.35e+03 1.34e+03 1.33e+03 1.33e+03 1.32e+03 1.31e+03 1.31e+03 1.30e+03 1.30e+03 1.29e+03 1.28e+03 1.28e+03 1.27e+03 1.26e+03 1.25e+03 1.25e+03 1.24e+03 1.23e+03 1.23e+03 1.22e+03 1.21e+03 1.21e+03 1.20e+03 1.19e+03 1.19e+03 1.18e+03 1.17e+03 1.17e+03 1.16e+03 1.15e+03 1.15e+03 1.14e+03 1.13e+03 1.13e+03 1.12e+03 1.11e+03 1.11e+03 1.10e+03 1.09e+03 1.09e+03 1.08e+03 1.07e+03 1.06e+03 1.06e+03 1.05e+03 1.04e+03 1.04e+03 1.03e+03 1.02e+03 1.02e+03 1.01e+03 1.00e+03 9.98e+02 9.92e+02 9.85e+02 9.78e+02 9.72e+02 9.65e+02 9.59e+02 9.52e+02 9.46e+02 9.40e+02 9.33e+02 9.27e+02 9.20e+02 9.14e+02 9.08e+02 9.01e+02 8.95e+02 8.89e+02 8.83e+02 8.77e+02 8.70e+02 8.64e+02 8.58e+02 8.52e+02 8.46e+02 8.40e+02 8.34e+02 8.28e+02 8.22e+02 8.16e+02 8.11e+02 8.05e+02 7.99e+02 7.93e+02 7.88e+02 7.82e+02 7.76e+02 7.71e+02 7.65e+02 7.60e+02 7.54e+02 7.49e+02 7.43e+02 7.38e+02 7.32e+02 7.27e+02 7.22e+02 7.17e+02 7.11e+02 7.06e+02 7.01e+02 6.96e+02 6.91e+02 6.86e+02 6.81e+02 6.76e+02 6.71e+02 6.66e+02 6.62e+02 6.57e+02 6.52e+02 6.47e+02 6.43e+02 6.38e+02 6.33e+02 6.29e+02 6.24e+02 6.20e+02 6.15e+02 6.11e+02 6.07e+02 6.02e+02 5.98e+02 5.94e+02 5.89e+02 5.85e+02 5.81e+02 5.77e+02 5.73e+02 5.69e+02 5.65e+02 5.61e+02 5.57e+02 5.53e+02 5.49e+02 5.45e+02 5.41e+02 5.38e+02 5.34e+02 5.30e+02 5.27e+02 5.23e+02 5.19e+02 5.16e+02 5.12e+02 5.09e+02 5.05e+02 5.02e+02 4.98e+02 4.95e+02 4.91e+02 4.88e+02 4.85e+02 4.82e+02 4.78e+02 4.75e+02 4.72e+02 4.69e+02 4.66e+02 4.62e+02 4.59e+02 4.56e+02 4.53e+02 4.50e+02 4.47e+02 4.44e+02 4.41e+02 4.39e+02 4.36e+02 4.33e+02 4.30e+02 4.27e+02 4.24e+02 4.22e+02 4.19e+02 4.16e+02 4.13e+02 4.11e+02 4.08e+02 4.06e+02 4.03e+02 4.00e+02 3.98e+02 3.95e+02 3.93e+02 3.88e+02 3.78e+02 3.60e+02 3.26e+02 2.71e+02 1.92e+02 1.02e+02 3.65e+01 2.08e+01 2.00e+01 2.00e+01 2.00e+01 2.00e+01 
 3.09364573502307e-09   1.41e+03 1.41e+03 1.41e+03 1.41e+03 1.40e+03 1.40e+03 1.39e+03 1.39e+03 1.38e+03 1.37e+03 1.37e+03 1.36e+03 1.35e+03 1.35e+03 1.34e+03 1.33e+03 1.33e+03 1.32e+03 1.31e+03 1.31e+03 1.30e+03 1.29e+03 1.29e+03 1.28e+03 1.27e+03 1.27e+03 1.26e+03 1.25e+03 1.25e+03 1.24e+03 1.23e+03 1.23e+03 1.22e+03 1.21e+03 1.21e+03 1.20e+03 1.19e+03 1.19e+03 1.18e+03 1.17e+03 1.17e+03 1.16e+03 1.15e+03 1.15e+03 1.14e+03 1.13e+03 1.13e+03 1.12e+03 1.11e+03 1.11e+03 1.10e+03 1.09e+03 1.08e+03 1.08e+03 1.07e+03 1.06e+03 1.06e+03 1.05e+03 1.04e+03 1.04e+03 1.03e+03 1.02e+03 1.02e+03 1.01e+03 1.00e+03 9.98e+02 9.92e+02 9.85e+02 9.78e+02 9.72e+02 9.65e+02 9.59e+02 9.52e+02 9.46e+02 9.40e+02 9.33e+02 9.27e+02 9.20e+02 9.14e+02 9.08e+02 9.02e+02 8.95e+02 8.89e+02 8.83e+02 8.77e+02 8.71e+02 8.64e+02 8.58e+02 8.52e+02 8.46e+02 8.40e+02 8.34e+02 8.28e+02 8.23e+02 8.17e+02 8.11e+02 8.05e+02 7.99e+02 7.94e+02 7.88e+02 7.82e+02 7.77e+02 7.71e+02 7.65e+02 7.60e+02 7.54e+02 7.49e+02 7.43e+02 7.38e+02 7.33e+02 7.27e+02 7.22e+02 7.17e+02 7.12e+02 7.07e+02 7.01e+02 6.96e+02 6.91e+02 6.86e+02 6.81e+02 6.76e+02 6.72e+02 6.67e+02 6.62e+02 6.57e+02 6.52e+02 6.48e+02 6.43e+02 6.38e+02 6.34e+02 6.29e+02 6.25e+02 6.20e+02 6.16e+02 6.11e+02 6.07e+02 6.03e+02 5.98e+02 5.94e+02 5.90e+02 5.86e+02 5.82e+02 5.77e+02 5.73e+02 5.69e+02 5.65e+02 5.61e+02 5.57e+02 5.53e+02 5.50e+02 5.46e+02 5.42e+02 5.38e+02 5.34e+02 5.31e+02 5.27e+02 5.23e+02 5.20e+02 5.16e+02 5.13e+02 5.09e+02 5.06e+02 5.02e+02 4.99e+02 4.95e+02 4.92e+02 4.89e+02 4.85e+02 4.82e+02 4.79e+02 4.76e+02 4.72e+02 4.69e+02 4.66e+02 4.63e+02 4.60e+02 4.57e+02 4.54e+02 4.51e+02 4.48e+02 4.45e+02 4.42e+02 4.39e+02 4.36e+02 4.33e+02 4.30e+02 4.28e+02 4.25e+02 4.22e+02 4.19e+02 4.17e+02 4.14e+02 4.11e+02 4.09e+02 4.06e+02 4.03e+02 4.01e+02 3.98e+02 3.96e+02 3.93e+02 3.88e+02 3.79e+02 3.60e+02 3.27e+02 2.71e+02 1.92e+02 1.02e+02 3.66e+01 2.08e+01 2.00e+01 2.00e+01 2.00e+01 2.00e+01 
 3.10365761854568e-09   1.41e+03 1.41e+03 1.41e+03 1.41e+03 1.40e+03 1.40e+03 1.39e+03 1.39e+03 1.38e+03 1.37e+03 1.37e+03 1.36e+03 1.35e+03 1.35e+03 1.34e+03 1.33e+03 1.33e+03 1.32e+03 1.31e+03 1.31e+03 1.30e+03 1.29e+03 1.29e+03 1.28e+03 1.27e+03 1.27e+03 1.26e+03 1.25e+03 1.25e+03 1.24e+03 1.23e+03 1.23e+03 1.22e+03 1.21e+03 1.21e+03 1.20e+03 1.19e+03 1.19e+03 1.18e+03 1.17e+03 1.17e+03 1.16e+03 1.15e+03 1.15e+03 1.14e+03 1.13e+03 1.13e+03 1.12e+03 1.11e+03 1.11e+03 1.10e+03 1.09e+03 1.08e+03 1.08e+03 1.07e+03 1.06e+03 1.06e+03 1.05e+03 1.04e+03 1.04e+03 1.03e+03 1.02e+03 1.02e+03 1.01e+03 1.00e+03 9.98e+02 9.92e+02 9.85e+02 9.78e+02 9.72e+02 9.65e+02 9.59e+02 9.52e+02 9.46e+02 9.40e+02 9.33e+02 9.27e+02 9.21e+02 9.14e+02 9.08e+02 9.02e+02 8.95e+02 8.89e+02 8.83e+02 8.77e+02 8.71e+02 8.65e+02 8.59e+02 8.52e+02 8.46e+02 8.40e+02 8.35e+02 8.29e+02 8.23e+02 8.17e+02 8.11e+02 8.05e+02 7.99e+02 7.94e+02 7.88e+02 7.82e+02 7.77e+02 7.71e+02 7.66e+02 7.60e+02 7.55e+02 7.49e+02 7.44e+02 7.38e+02 7.33e+02 7.28e+02 7.22e+02 7.17e+02 7.12e+02 7.07e+02 7.02e+02 6.97e+02 6.92e+02 6.87e+02 6.82e+02 6.77e+02 6.72e+02 6.67e+02 6.62e+02 6.57e+02 6.53e+02 6.48e+02 6.43e+02 6.39e+02 6.34e+02 6.30e+02 6.25e+02 6.21e+02 6.16e+02 6.12e+02 6.07e+02 6.03e+02 5.99e+02 5.94e+02 5.90e+02 5.86e+02 5.82e+02 5.78e+02 5.74e+02 5.70e+02 5.66e+02 5.62e+02 5.58e+02 5.54e+02 5.50e+02 5.46e+02 5.42e+02 5.39e+02 5.35e+02 5.31e+02 5.27e+02 5.24e+02 5.20e+02 5.17e+02 5.13e+02 5.09e+02 5.06e+02 5.03e+02 4.99e+02 4.96e+02 4.92e+02 4.89e+02 4.86e+02 4.82e+02 4.79e+02 4.76e+02 4.73e+02 4.70e+02 4.66e+02 4.63e+02 4.60e+02 4.57e+02 4.54e+02 4.51e+02 4.48e+02 4.45e+02 4.42e+02 4.39e+02 4.37e+02 4.34e+02 4.31e+02 4.28e+02 4.25e+02 4.22e+02 4.20e+02 4.17e+02 4.14e+02 4.12e+02 4.09e+02 4.06e+02 4.04e+02 4.01e+02 3.99e+02 3.96e+02 3.94e+02 3.89e+02 3.79e+02 3.61e+02 3.27e+02 2.72e+02 1.92e+02 1.02e+02 3.67e+01 2.08e+01 2.00e+01 2.00e+01 2.00e+01 2.00e+01 
 3.11367136484013e-09   1.41e+03 1.41e+03 1.41e+03 1.41e+03 1.40e+03 1.40e+03 1.39e+03 1.39e+03 1.38e+03 1.37e+03 1.37e+03 1.36e+03 1.35e+03 1.35e+03 1.34e+03 1.33e+03 1.33e+03 1.32e+03 1.31e+03 1.31e+03 1.30e+03 1.29e+03 1.29e+03 1.28e+03 1.27e+03 1.27e+03 1.26e+03 1.25e+03 1.25e+03 1.24e+03 1.23e+03 1.23e+03 1.22e+03 1.21e+03 1.21e+03 1.20e+03 1.19e+03 1.19e+03 1.18e+03 1.17e+03 1.17e+03 1.16e+03 1.15e+03 1.15e+03 1.14e+03 1.13e+03 1.13e+03 1.12e+03 1.11e+03 1.10e+03 1.10e+03 1.09e+03 1.08e+03 1.08e+03 1.07e+03 1.06e+03 1.06e+03 1.05e+03 1.04e+03 1.04e+03 1.03e+03 1.02e+03 1.02e+03 1.01e+03 1.00e+03 9.98e+02 9.91e+02 9.85e+02 9.78e+02 9.72e+02 9.65e+02 9.59e+02 9.52e+02 9.46e+02 9.40e+02 9.33e+02 9.27e+02 9.21e+02 9.14e+02 9.08e+02 9.02e+02 8.95e+02 8.89e+02 8.83e+02 8.77e+02 8.71e+02 8.65e+02 8.59e+02 8.53e+02 8.47e+02 8.41e+02 8.35e+02 8.29e+02 8.23e+02 8.17e+02 8.11e+02 8.05e+02 8.00e+02 7.94e+02 7.88e+02 7.83e+02 7.77e+02 7.71e+02 7.66e+02 7.60e+02 7.55e+02 7.49e+02 7.44e+02 7.39e+02 7.33e+02 7.28e+02 7.23e+02 7.18e+02 7.12e+02 7.07e+02 7.02e+02 6.97e+02 6.92e+02 6.87e+02 6.82e+02 6.77e+02 6.72e+02 6.67e+02 6.63e+02 6.58e+02 6.53e+02 6.48e+02 6.44e+02 6.39e+02 6.35e+02 6.30e+02 6.25e+02 6.21e+02 6.17e+02 6.12e+02 6.08e+02 6.03e+02 5.99e+02 5.95e+02 5.91e+02 5.86e+02 5.82e+02 5.78e+02 5.74e+02 5.70e+02 5.66e+02 5.62e+02 5.58e+02 5.54e+02 5.50e+02 5.47e+02 5.43e+02 5.39e+02 5.35e+02 5.31e+02 5.28e+02 5.24e+02 5.21e+02 5.17e+02 5.13e+02 5.10e+02 5.06e+02 5.03e+02 5.00e+02 4.96e+02 4.93e+02 4.89e+02 4.86e+02 4.83e+02 4.80e+02 4.76e+02 4.73e+02 4.70e+02 4.67e+02 4.64e+02 4.61e+02 4.58e+02 4.55e+02 4.52e+02 4.49e+02 4.46e+02 4.43e+02 4.40e+02 4.37e+02 4.34e+02 4.31e+02 4.28e+02 4.26e+02 4.23e+02 4.20e+02 4.17e+02 4.15e+02 4.12e+02 4.10e+02 4.07e+02 4.04e+02 4.02e+02 3.99e+02 3.97e+02 3.94e+02 3.89e+02 3.80e+02 3.61e+02 3.28e+02 2.72e+02 1.93e+02 1.03e+02 3.68e+01 2.08e+01 2.00e+01 2.00e+01 2.00e+01 2.00e+01 
 3.12368696873493e-09   1.41e+03 1.41e+03 1.41e+03 1.41e+03 1.40e+03 1.40e+03 1.39e+03 1.39e+03 1.38e+03 1.37e+03 1.37e+03 1.36e+03 1.35e+03 1.35e+03 1.34e+03 1.33e+03 1.33e+03 1.32e+03 1.31e+03 1.31e+03 1.30e+03 1.29e+03 1.29e+03 1.28e+03 1.27e+03 1.27e+03 1.26e+03 1.25e+03 1.25e+03 1.24e+03 1.23e+03 1.23e+03 1.22e+03 1.21e+03 1.21e+03 1.20e+03 1.19e+03 1.19e+03 1.18e+03 1.17e+03 1.17e+03 1.16e+03 1.15e+03 1.15e+03 1.14e+03 1.13e+03 1.12e+03 1.12e+03 1.11e+03 1.10e+03 1.10e+03 1.09e+03 1.08e+03 1.08e+03 1.07e+03 1.06e+03 1.06e+03 1.05e+03 1.04e+03 1.04e+03 1.03e+03 1.02e+03 1.02e+03 1.01e+03 1.00e+03 9.98e+02 9.91e+02 9.85e+02 9.78e+02 9.72e+02 9.65e+02 9.59e+02 9.53e+02 9.46e+02 9.40e+02 9.33e+02 9.27e+02 9.21e+02 9.14e+02 9.08e+02 9.02e+02 8.96e+02 8.89e+02 8.83e+02 8.77e+02 8.71e+02 8.65e+02 8.59e+02 8.53e+02 8.47e+02 8.41e+02 8.35e+02 8.29e+02 8.23e+02 8.17e+02 8.11e+02 8.06e+02 8.00e+02 7.94e+02 7.88e+02 7.83e+02 7.77e+02 7.72e+02 7.66e+02 7.61e+02 7.55e+02 7.50e+02 7.44e+02 7.39e+02 7.34e+02 7.28e+02 7.23e+02 7.18e+02 7.13e+02 7.08e+02 7.02e+02 6.97e+02 6.92e+02 6.87e+02 6.82e+02 6.77e+02 6.73e+02 6.68e+02 6.63e+02 6.58e+02 6.53e+02 6.49e+02 6.44e+02 6.39e+02 6.35e+02 6.30e+02 6.26e+02 6.21e+02 6.17e+02 6.13e+02 6.08e+02 6.04e+02 6.00e+02 5.95e+02 5.91e+02 5.87e+02 5.83e+02 5.79e+02 5.75e+02 5.70e+02 5.66e+02 5.62e+02 5.59e+02 5.55e+02 5.51e+02 5.47e+02 5.43e+02 5.39e+02 5.36e+02 5.32e+02 5.28e+02 5.25e+02 5.21e+02 5.17e+02 5.14e+02 5.10e+02 5.07e+02 5.03e+02 5.00e+02 4.97e+02 4.93e+02 4.90e+02 4.87e+02 4.83e+02 4.80e+02 4.77e+02 4.74e+02 4.70e+02 4.67e+02 4.64e+02 4.61e+02 4.58e+02 4.55e+02 4.52e+02 4.49e+02 4.46e+02 4.43e+02 4.40e+02 4.37e+02 4.35e+02 4.32e+02 4.29e+02 4.26e+02 4.23e+02 4.21e+02 4.18e+02 4.15e+02 4.13e+02 4.10e+02 4.07e+02 4.05e+02 4.02e+02 4.00e+02 3.97e+02 3.95e+02 3.90e+02 3.80e+02 3.62e+02 3.28e+02 2.73e+02 1.93e+02 1.03e+02 3.69e+01 2.08e+01 2.00e+01 2.00e+01 2.00e+01 2.00e+01 
 3.13370442508289e-09   1.41e+03 1.41e+03 1.41e+03 1.41e+03 1.40e+03 1.40e+03 1.39e+03 1.39e+03 1.38e+03 1.37e+03 1.37e+03 1.36e+03 1.35e+03 1.35e+03 1.34e+03 1.33e+03 1.33e+03 1.32e+03 1.31e+03 1.31e+03 1.30e+03 1.29e+03 1.29e+03 1.28e+03 1.27e+03 1.27e+03 1.26e+03 1.25e+03 1.25e+03 1.24e+03 1.23e+03 1.23e+03 1.22e+03 1.21e+03 1.21e+03 1.20e+03 1.19e+03 1.19e+03 1.18e+03 1.17e+03 1.17e+03 1.16e+03 1.15e+03 1.14e+03 1.14e+03 1.13e+03 1.12e+03 1.12e+03 1.11e+03 1.10e+03 1.10e+03 1.09e+03 1.08e+03 1.08e+03 1.07e+03 1.06e+03 1.06e+03 1.05e+03 1.04e+03 1.04e+03 1.03e+03 1.02e+03 1.02e+03 1.01e+03 1.00e+03 9.98e+02 9.91e+02 9.85e+02 9.78e+02 9.72e+02 9.65e+02 9.59e+02 9.53e+02 9.46e+02 9.40e+02 9.33e+02 9.27e+02 9.21e+02 9.14e+02 9.08e+02 9.02e+02 8.96e+02 8.89e+02 8.83e+02 8.77e+02 8.71e+02 8.65e+02 8.59e+02 8.53e+02 8.47e+02 8.41e+02 8.35e+02 8.29e+02 8.23e+02 8.17e+02 8.12e+02 8.06e+02 8.00e+02 7.94e+02 7.89e+02 7.83e+02 7.77e+02 7.72e+02 7.66e+02 7.61e+02 7.55e+02 7.50e+02 7.45e+02 7.39e+02 7.34e+02 7.29e+02 7.23e+02 7.18e+02 7.13e+02 7.08e+02 7.03e+02 6.98e+02 6.93e+02 6.88e+02 6.83e+02 6.78e+02 6.73e+02 6.68e+02 6.63e+02 6.58e+02 6.54e+02 6.49e+02 6.44e+02 6.40e+02 6.35e+02 6.31e+02 6.26e+02 6.22e+02 6.17e+02 6.13e+02 6.09e+02 6.04e+02 6.00e+02 5.96e+02 5.91e+02 5.87e+02 5.83e+02 5.79e+02 5.75e+02 5.71e+02 5.67e+02 5.63e+02 5.59e+02 5.55e+02 5.51e+02 5.47e+02 5.44e+02 5.40e+02 5.36e+02 5.32e+02 5.29e+02 5.25e+02 5.21e+02 5.18e+02 5.14e+02 5.11e+02 5.07e+02 5.04e+02 5.00e+02 4.97e+02 4.94e+02 4.90e+02 4.87e+02 4.84e+02 4.80e+02 4.77e+02 4.74e+02 4.71e+02 4.68e+02 4.65e+02 4.62e+02 4.58e+02 4.55e+02 4.52e+02 4.49e+02 4.47e+02 4.44e+02 4.41e+02 4.38e+02 4.35e+02 4.32e+02 4.29e+02 4.27e+02 4.24e+02 4.21e+02 4.18e+02 4.16e+02 4.13e+02 4.10e+02 4.08e+02 4.05e+02 4.03e+02 4.00e+02 3.98e+02 3.95e+02 3.90e+02 3.80e+02 3.62e+02 3.29e+02 2.73e+02 1.93e+02 1.03e+02 3.70e+01 2.08e+01 2.00e+01 2.00e+01 2.00e+01 2.00e+01 
 3.14372372876100e-09   1.41e+03 1.41e+03 1.41e+03 1.41e+03 1.40e+03 1.40e+03 1.39e+03 1.39e+03 1.38e+03 1.37e+03 1.37e+03 1.36e+03 1.35e+03 1.35e+03 1.34e+03 1.33e+03 1.33e+03 1.32e+03 1.31e+03 1.31e+03 1.30e+03 1.29e+03 1.29e+03 1.28e+03 1.27e+03 1.27e+03 1.26e+03 1.25e+03 1.25e+03 1.24e+03 1.23e+03 1.23e+03 1.22e+03 1.21e+03 1.21e+03 1.20e+03 1.19e+03 1.19e+03 1.18e+03 1.17e+03 1.16e+03 1.16e+03 1.15e+03 1.14e+03 1.14e+03 1.13e+03 1.12e+03 1.12e+03 1.11e+03 1.10e+03 1.10e+03 1.09e+03 1.08e+03 1.08e+03 1.07e+03 1.06e+03 1.06e+03 1.05e+03 1.04e+03 1.04e+03 1.03e+03 1.02e+03 1.02e+03 1.01e+03 1.00e+03 9.98e+02 9.91e+02 9.85e+02 9.78e+02 9.72e+02 9.65e+02 9.59e+02 9.53e+02 9.46e+02 9.40e+02 9.33e+02 9.27e+02 9.21e+02 9.14e+02 9.08e+02 9.02e+02 8.96e+02 8.90e+02 8.83e+02 8.77e+02 8.71e+02 8.65e+02 8.59e+02 8.53e+02 8.47e+02 8.41e+02 8.35e+02 8.29e+02 8.23e+02 8.18e+02 8.12e+02 8.06e+02 8.00e+02 7.95e+02 7.89e+02 7.83e+02 7.78e+02 7.72e+02 7.67e+02 7.61e+02 7.56e+02 7.50e+02 7.45e+02 7.39e+02 7.34e+02 7.29e+02 7.24e+02 7.18e+02 7.13e+02 7.08e+02 7.03e+02 6.98e+02 6.93e+02 6.88e+02 6.83e+02 6.78e+02 6.73e+02 6.68e+02 6.64e+02 6.59e+02 6.54e+02 6.49e+02 6.45e+02 6.40e+02 6.36e+02 6.31e+02 6.27e+02 6.22e+02 6.18e+02 6.13e+02 6.09e+02 6.05e+02 6.00e+02 5.96e+02 5.92e+02 5.88e+02 5.83e+02 5.79e+02 5.75e+02 5.71e+02 5.67e+02 5.63e+02 5.59e+02 5.55e+02 5.52e+02 5.48e+02 5.44e+02 5.40e+02 5.36e+02 5.33e+02 5.29e+02 5.25e+02 5.22e+02 5.18e+02 5.15e+02 5.11e+02 5.08e+02 5.04e+02 5.01e+02 4.97e+02 4.94e+02 4.91e+02 4.87e+02 4.84e+02 4.81e+02 4.78e+02 4.74e+02 4.71e+02 4.68e+02 4.65e+02 4.62e+02 4.59e+02 4.56e+02 4.53e+02 4.50e+02 4.47e+02 4.44e+02 4.41e+02 4.38e+02 4.35e+02 4.33e+02 4.30e+02 4.27e+02 4.24e+02 4.22e+02 4.19e+02 4.16e+02 4.13e+02 4.11e+02 4.08e+02 4.06e+02 4.03e+02 4.00e+02 3.98e+02 3.95e+02 3.90e+02 3.81e+02 3.62e+02 3.29e+02 2.73e+02 1.94e+02 1.03e+02 3.71e+01 2.08e+01 2.00e+01 2.00e+01 2.00e+01 2.00e+01 
 3.15374487467022e-09   1.41e+03 1.41e+03 1.41e+03 1.41e+03 1.40e+03 1.40e+03 1.39e+03 1.38e+03 1.38e+03 1.37e+03 1.37e+03 1.36e+03 1.35e+03 1.35e+03 1.34e+03 1.33e+03 1.33e+03 1.32e+03 1.31e+03 1.31e+03 1.30e+03 1.29e+03 1.29e+03 1.28e+03 1.27e+03 1.27e+03 1.26e+03 1.25e+03 1.25e+03 1.24e+03 1.23e+03 1.23e+03 1.22e+03 1.21e+03 1.21e+03 1.20e+03 1.19e+03 1.18e+03 1.18e+03 1.17e+03 1.16e+03 1.16e+03 1.15e+03 1.14e+03 1.14e+03 1.13e+03 1.12e+03 1.12e+03 1.11e+03 1.10e+03 1.10e+03 1.09e+03 1.08e+03 1.08e+03 1.07e+03 1.06e+03 1.06e+03 1.05e+03 1.04e+03 1.04e+03 1.03e+03 1.02e+03 1.02e+03 1.01e+03 1.00e+03 9.98e+02 9.91e+02 9.85e+02 9.78e+02 9.72e+02 9.65e+02 9.59e+02 9.53e+02 9.46e+02 9.40e+02 9.33e+02 9.27e+02 9.21e+02 9.15e+02 9.08e+02 9.02e+02 8.96e+02 8.90e+02 8.84e+02 8.77e+02 8.71e+02 8.65e+02 8.59e+02 8.53e+02 8.47e+02 8.41e+02 8.35e+02 8.29e+02 8.24e+02 8.18e+02 8.12e+02 8.06e+02 8.00e+02 7.95e+02 7.89e+02 7.84e+02 7.78e+02 7.72e+02 7.67e+02 7.61e+02 7.56e+02 7.50e+02 7.45e+02 7.40e+02 7.34e+02 7.29e+02 7.24e+02 7.19e+02 7.14e+02 7.08e+02 7.03e+02 6.98e+02 6.93e+02 6.88e+02 6.83e+02 6.78e+02 6.74e+02 6.69e+02 6.64e+02 6.59e+02 6.54e+02 6.50e+02 6.45e+02 6.41e+02 6.36e+02 6.31e+02 6.27e+02 6.22e+02 6.18e+02 6.14e+02 6.09e+02 6.05e+02 6.01e+02 5.96e+02 5.92e+02 5.88e+02 5.84e+02 5.80e+02 5.76e+02 5.72e+02 5.68e+02 5.64e+02 5.60e+02 5.56e+02 5.52e+02 5.48e+02 5.44e+02 5.41e+02 5.37e+02 5.33e+02 5.29e+02 5.26e+02 5.22e+02 5.19e+02 5.15e+02 5.12e+02 5.08e+02 5.05e+02 5.01e+02 4.98e+02 4.94e+02 4.91e+02 4.88e+02 4.85e+02 4.81e+02 4.78e+02 4.75e+02 4.72e+02 4.69e+02 4.66e+02 4.62e+02 4.59e+02 4.56e+02 4.53e+02 4.50e+02 4.47e+02 4.44e+02 4.42e+02 4.39e+02 4.36e+02 4.33e+02 4.30e+02 4.27e+02 4.25e+02 4.22e+02 4.19e+02 4.17e+02 4.14e+02 4.11e+02 4.09e+02 4.06e+02 4.03e+02 4.01e+02 3.98e+02 3.96e+02 3.91e+02 3.81e+02 3.63e+02 3.29e+02 2.74e+02 1.94e+02 1.04e+02 3.72e+01 2.08e+01 2.00e+01 2.00e+01 2.00e+01 2.00e+01 
 3.16376785773533e-09   1.41e+03 1.41e+03 1.41e+03 1.41e+03 1.40e+03 1.40e+03 1.39e+03 1.38e+03 1.38e+03 1.37e+03 1.36e+03 1.36e+03 1.35e+03 1.35e+03 1.34e+03 1.33e+03 1.33e+03 1.32e+03 1.31e+03 1.31e+03 1.30e+03 1.29e+03 1.29e+03 1.28e+03 1.27e+03 1.27e+03 1.26e+03 1.25e+03 1.25e+03 1.24e+03 1.23e+03 1.22e+03 1.22e+03 1.21e+03 1.20e+03 1.20e+03 1.19e+03 1.18e+03 1.18e+03 1.17e+03 1.16e+03 1.16e+03 1.15e+03 1.14e+03 1.14e+03 1.13e+03 1.12e+03 1.12e+03 1.11e+03 1.10e+03 1.10e+03 1.09e+03 1.08e+03 1.08e+03 1.07e+03 1.06e+03 1.06e+03 1.05e+03 1.04e+03 1.04e+03 1.03e+03 1.02e+03 1.02e+03 1.01e+03 1.00e+03 9.98e+02 9.91e+02 9.85e+02 9.78e+02 9.72e+02 9.65e+02 9.59e+02 9.53e+02 9.46e+02 9.40e+02 9.33e+02 9.27e+02 9.21e+02 9.15e+02 9.08e+02 9.02e+02 8.96e+02 8.90e+02 8.84e+02 8.78e+02 8.71e+02 8.65e+02 8.59e+02 8.53e+02 8.47e+02 8.41e+02 8.36e+02 8.30e+02 8.24e+02 8.18e+02 8.12e+02 8.06e+02 8.01e+02 7.95e+02 7.89e+02 7.84e+02 7.78e+02 7.73e+02 7.67e+02 7.62e+02 7.56e+02 7.51e+02 7.45e+02 7.40e+02 7.35e+02 7.29e+02 7.24e+02 7.19e+02 7.14e+02 7.09e+02 7.04e+02 6.99e+02 6.94e+02 6.89e+02 6.84e+02 6.79e+02 6.74e+02 6.69e+02 6.64e+02 6.60e+02 6.55e+02 6.50e+02 6.45e+02 6.41e+02 6.36e+02 6.32e+02 6.27e+02 6.23e+02 6.18e+02 6.14e+02 6.10e+02 6.05e+02 6.01e+02 5.97e+02 5.93e+02 5.88e+02 5.84e+02 5.80e+02 5.76e+02 5.72e+02 5.68e+02 5.64e+02 5.60e+02 5.56e+02 5.52e+02 5.49e+02 5.45e+02 5.41e+02 5.37e+02 5.34e+02 5.30e+02 5.26e+02 5.23e+02 5.19e+02 5.16e+02 5.12e+02 5.09e+02 5.05e+02 5.02e+02 4.98e+02 4.95e+02 4.92e+02 4.88e+02 4.85e+02 4.82e+02 4.79e+02 4.75e+02 4.72e+02 4.69e+02 4.66e+02 4.63e+02 4.60e+02 4.57e+02 4.54e+02 4.51e+02 4.48e+02 4.45e+02 4.42e+02 4.39e+02 4.36e+02 4.33e+02 4.31e+02 4.28e+02 4.25e+02 4.22e+02 4.20e+02 4.17e+02 4.14e+02 4.12e+02 4.09e+02 4.06e+02 4.04e+02 4.01e+02 3.99e+02 3.96e+02 3.91e+02 3.82e+02 3.63e+02 3.30e+02 2.74e+02 1.94e+02 1.04e+02 3.73e+01 2.08e+01 2.00e+01 2.00e+01 2.00e+01 2.00e+01 
 3.17379267290475e-09   1.41e+03 1.41e+03 1.41e+03 1.41e+03 1.40e+03 1.39e+03 1.39e+03 1.38e+03 1.38e+03 1.37e+03 1.36e+03 1.36e+03 1.35e+03 1.34e+03 1.34e+03 1.33e+03 1.32e+03 1.32e+03 1.31e+03 1.30e+03 1.30e+03 1.29e+03 1.28e+03 1.28e+03 1.27e+03 1.26e+03 1.26e+03 1.25e+03 1.24e+03 1.24e+03 1.23e+03 1.22e+03 1.22e+03 1.21e+03 1.20e+03 1.20e+03 1.19e+03 1.18e+03 1.18e+03 1.17e+03 1.16e+03 1.16e+03 1.15e+03 1.14e+03 1.14e+03 1.13e+03 1.12e+03 1.12e+03 1.11e+03 1.10e+03 1.10e+03 1.09e+03 1.08e+03 1.08e+03 1.07e+03 1.06e+03 1.06e+03 1.05e+03 1.04e+03 1.04e+03 1.03e+03 1.02e+03 1.02e+03 1.01e+03 1.00e+03 9.98e+02 9.91e+02 9.85e+02 9.78e+02 9.72e+02 9.65e+02 9.59e+02 9.53e+02 9.46e+02 9.40e+02 9.34e+02 9.27e+02 9.21e+02 9.15e+02 9.08e+02 9.02e+02 8.96e+02 8.90e+02 8.84e+02 8.78e+02 8.72e+02 8.65e+02 8.59e+02 8.53e+02 8.48e+02 8.42e+02 8.36e+02 8.30e+02 8.24e+02 8.18e+02 8.12e+02 8.07e+02 8.01e+02 7.95e+02 7.90e+02 7.84e+02 7.78e+02 7.73e+02 7.67e+02 7.62e+02 7.56e+02 7.51e+02 7.46e+02 7.40e+02 7.35e+02 7.30e+02 7.24e+02 7.19e+02 7.14e+02 7.09e+02 7.04e+02 6.99e+02 6.94e+02 6.89e+02 6.84e+02 6.79e+02 6.74e+02 6.69e+02 6.65e+02 6.60e+02 6.55e+02 6.50e+02 6.46e+02 6.41e+02 6.37e+02 6.32e+02 6.28e+02 6.23e+02 6.19e+02 6.14e+02 6.10e+02 6.06e+02 6.01e+02 5.97e+02 5.93e+02 5.89e+02 5.85e+02 5.81e+02 5.76e+02 5.72e+02 5.68e+02 5.65e+02 5.61e+02 5.57e+02 5.53e+02 5.49e+02 5.45e+02 5.41e+02 5.38e+02 5.34e+02 5.30e+02 5.27e+02 5.23e+02 5.20e+02 5.16e+02 5.12e+02 5.09e+02 5.06e+02 5.02e+02 4.99e+02 4.95e+02 4.92e+02 4.89e+02 4.85e+02 4.82e+02 4.79e+02 4.76e+02 4.73e+02 4.69e+02 4.66e+02 4.63e+02 4.60e+02 4.57e+02 4.54e+02 4.51e+02 4.48e+02 4.45e+02 4.42e+02 4.40e+02 4.37e+02 4.34e+02 4.31e+02 4.28e+02 4.26e+02 4.23e+02 4.20e+02 4.17e+02 4.15e+02 4.12e+02 4.10e+02 4.07e+02 4.04e+02 4.02e+02 3.99e+02 3.97e+02 3.92e+02 3.82e+02 3.64e+02 3.30e+02 2.75e+02 1.95e+02 1.04e+02 3.74e+01 2.08e+01 2.00e+01 2.00e+01 2.00e+01 2.00e+01 
 3.18379399304984e-09   1.41e+03 1.41e+03 1.41e+03 1.41e+03 1.40e+03 1.39e+03 1.39e+03 1.38e+03 1.37e+03 1.37e+03 1.36e+03 1.36e+03 1.35e+03 1.34e+03 1.34e+03 1.33e+03 1.32e+03 1.32e+03 1.31e+03 1.30e+03 1.30e+03 1.29e+03 1.28e+03 1.28e+03 1.27e+03 1.26e+03 1.26e+03 1.25e+03 1.24e+03 1.24e+03 1.23e+03 1.22e+03 1.22e+03 1.21e+03 1.20e+03 1.20e+03 1.19e+03 1.18e+03 1.18e+03 1.17e+03 1.16e+03 1.16e+03 1.15e+03 1.14e+03 1.14e+03 1.13e+03 1.12e+03 1.12e+03 1.11e+03 1.10e+03 1.10e+03 1.09e+03 1.08e+03 1.08e+03 1.07e+03 1.06e+03 1.06e+03 1.05e+03 1.04e+03 1.04e+03 1.03e+03 1.02e+03 1.02e+03 1.01e+03 1.00e+03 9.98e+02 9.91e+02 9.85e+02 9.78e+02 9.72e+02 9.65e+02 9.59e+02 9.53e+02 9.46e+02 9.40e+02 9.34e+02 9.27e+02 9.21e+02 9.15e+02 9.09e+02 9.02e+02 8.96e+02 8.90e+02 8.84e+02 8.78e+02 8.72e+02 8.66e+02 8.60e+02 8.54e+02 8.48e+02 8.42e+02 8.36e+02 8.30e+02 8.24e+02 8.18e+02 8.13e+02 8.07e+02 8.01e+02 7.95e+02 7.90e+02 7.84e+02 7.79e+02 7.73e+02 7.68e+02 7.62e+02 7.57e+02 7.51e+02 7.46e+02 7.41e+02 7.35e+02 7.30e+02 7.25e+02 7.20e+02 7.14e+02 7.09e+02 7.04e+02 6.99e+02 6.94e+02 6.89e+02 6.84e+02 6.79e+02 6.75e+02 6.70e+02 6.65e+02 6.60e+02 6.55e+02 6.51e+02 6.46e+02 6.42e+02 6.37e+02 6.32e+02 6.28e+02 6.24e+02 6.19e+02 6.15e+02 6.10e+02 6.06e+02 6.02e+02 5.98e+02 5.93e+02 5.89e+02 5.85e+02 5.81e+02 5.77e+02 5.73e+02 5.69e+02 5.65e+02 5.61e+02 5.57e+02 5.53e+02 5.49e+02 5.46e+02 5.42e+02 5.38e+02 5.34e+02 5.31e+02 5.27e+02 5.23e+02 5.20e+02 5.16e+02 5.13e+02 5.09e+02 5.06e+02 5.03e+02 4.99e+02 4.96e+02 4.92e+02 4.89e+02 4.86e+02 4.83e+02 4.79e+02 4.76e+02 4.73e+02 4.70e+02 4.67e+02 4.64e+02 4.61e+02 4.58e+02 4.55e+02 4.52e+02 4.49e+02 4.46e+02 4.43e+02 4.40e+02 4.37e+02 4.34e+02 4.32e+02 4.29e+02 4.26e+02 4.23e+02 4.21e+02 4.18e+02 4.15e+02 4.13e+02 4.10e+02 4.07e+02 4.05e+02 4.02e+02 4.00e+02 3.97e+02 3.92e+02 3.83e+02 3.64e+02 3.31e+02 2.75e+02 1.95e+02 1.05e+02 3.75e+01 2.08e+01 2.00e+01 2.00e+01 2.00e+01 2.00e+01 
 3.19379712608808e-09   1.41e+03 1.41e+03 1.41e+03 1.41e+03 1.40e+03 1.39e+03 1.39e+03 1.38e+03 1.37e+03 1.37e+03 1.36e+03 1.36e+03 1.35e+03 1.34e+03 1.34e+03 1.33e+03 1.32e+03 1.32e+03 1.31e+03 1.30e+03 1.30e+03 1.29e+03 1.28e+03 1.28e+03 1.27e+03 1.26e+03 1.26e+03 1.25e+03 1.24e+03 1.24e+03 1.23e+03 1.22e+03 1.22e+03 1.21e+03 1.20e+03 1.20e+03 1.19e+03 1.18e+03 1.18e+03 1.17e+03 1.16e+03 1.16e+03 1.15e+03 1.14e+03 1.14e+03 1.13e+03 1.12e+03 1.12e+03 1.11e+03 1.10e+03 1.10e+03 1.09e+03 1.08e+03 1.08e+03 1.07e+03 1.06e+03 1.06e+03 1.05e+03 1.04e+03 1.04e+03 1.03e+03 1.02e+03 1.02e+03 1.01e+03 1.00e+03 9.98e+02 9.91e+02 9.85e+02 9.78e+02 9.72e+02 9.65e+02 9.59e+02 9.53e+02 9.46e+02 9.40e+02 9.34e+02 9.27e+02 9.21e+02 9.15e+02 9.09e+02 9.02e+02 8.96e+02 8.90e+02 8.84e+02 8.78e+02 8.72e+02 8.66e+02 8.60e+02 8.54e+02 8.48e+02 8.42e+02 8.36e+02 8.30e+02 8.24e+02 8.19e+02 8.13e+02 8.07e+02 8.01e+02 7.96e+02 7.90e+02 7.84e+02 7.79e+02 7.73e+02 7.68e+02 7.62e+02 7.57e+02 7.51e+02 7.46e+02 7.41e+02 7.36e+02 7.30e+02 7.25e+02 7.20e+02 7.15e+02 7.10e+02 7.05e+02 7.00e+02 6.95e+02 6.90e+02 6.85e+02 6.80e+02 6.75e+02 6.70e+02 6.65e+02 6.61e+02 6.56e+02 6.51e+02 6.47e+02 6.42e+02 6.37e+02 6.33e+02 6.28e+02 6.24e+02 6.19e+02 6.15e+02 6.11e+02 6.06e+02 6.02e+02 5.98e+02 5.94e+02 5.90e+02 5.85e+02 5.81e+02 5.77e+02 5.73e+02 5.69e+02 5.65e+02 5.61e+02 5.57e+02 5.54e+02 5.50e+02 5.46e+02 5.42e+02 5.39e+02 5.35e+02 5.31e+02 5.28e+02 5.24e+02 5.20e+02 5.17e+02 5.13e+02 5.10e+02 5.06e+02 5.03e+02 5.00e+02 4.96e+02 4.93e+02 4.90e+02 4.86e+02 4.83e+02 4.80e+02 4.77e+02 4.73e+02 4.70e+02 4.67e+02 4.64e+02 4.61e+02 4.58e+02 4.55e+02 4.52e+02 4.49e+02 4.46e+02 4.43e+02 4.40e+02 4.38e+02 4.35e+02 4.32e+02 4.29e+02 4.26e+02 4.24e+02 4.21e+02 4.18e+02 4.16e+02 4.13e+02 4.10e+02 4.08e+02 4.05e+02 4.03e+02 4.00e+02 3.98e+02 3.93e+02 3.83e+02 3.65e+02 3.31e+02 2.75e+02 1.96e+02 1.05e+02 3.76e+01 2.08e+01 2.00e+01 2.00e+01 2.00e+01 2.00e+01 
 3.20380206707532e-09   1.41e+03 1.41e+03 1.41e+03 1.41e+03 1.40e+03 1.39e+03 1.39e+03 1.38e+03 1.37e+03 1.37e+03 1.36e+03 1.35e+03 1.35e+03 1.34e+03 1.34e+03 1.33e+03 1.32e+03 1.32e+03 1.31e+03 1.30e+03 1.30e+03 1.29e+03 1.28e+03 1.28e+03 1.27e+03 1.26e+03 1.26e+03 1.25e+03 1.24e+03 1.24e+03 1.23e+03 1.22e+03 1.22e+03 1.21e+03 1.20e+03 1.20e+03 1.19e+03 1.18e+03 1.18e+03 1.17e+03 1.16e+03 1.16e+03 1.15e+03 1.14e+03 1.14e+03 1.13e+03 1.12e+03 1.12e+03 1.11e+03 1.10e+03 1.10e+03 1.09e+03 1.08e+03 1.08e+03 1.07e+03 1.06e+03 1.06e+03 1.05e+03 1.04e+03 1.04e+03 1.03e+03 1.02e+03 1.02e+03 1.01e+03 1.00e+03 9.98e+02 9.91e+02 9.85e+02 9.78e+02 9.72e+02 9.65e+02 9.59e+02 9.53e+02 9.46e+02 9.40e+02 9.34e+02 9.27e+02 9.21e+02 9.15e+02 9.09e+02 9.02e+02 8.96e+02 8.90e+02 8.84e+02 8.78e+02 8.72e+02 8.66e+02 8.60e+02 8.54e+02 8.48e+02 8.42e+02 8.36e+02 8.30e+02 8.24e+02 8.19e+02 8.13e+02 8.07e+02 8.02e+02 7.96e+02 7.90e+02 7.85e+02 7.79e+02 7.74e+02 7.68e+02 7.63e+02 7.57e+02 7.52e+02 7.46e+02 7.41e+02 7.36e+02 7.31e+02 7.25e+02 7.20e+02 7.15e+02 7.10e+02 7.05e+02 7.00e+02 6.95e+02 6.90e+02 6.85e+02 6.80e+02 6.75e+02 6.70e+02 6.66e+02 6.61e+02 6.56e+02 6.51e+02 6.47e+02 6.42e+02 6.38e+02 6.33e+02 6.29e+02 6.24e+02 6.20e+02 6.15e+02 6.11e+02 6.07e+02 6.03e+02 5.98e+02 5.94e+02 5.90e+02 5.86e+02 5.82e+02 5.78e+02 5.74e+02 5.70e+02 5.66e+02 5.62e+02 5.58e+02 5.54e+02 5.50e+02 5.46e+02 5.43e+02 5.39e+02 5.35e+02 5.32e+02 5.28e+02 5.24e+02 5.21e+02 5.17e+02 5.14e+02 5.10e+02 5.07e+02 5.03e+02 5.00e+02 4.97e+02 4.93e+02 4.90e+02 4.87e+02 4.83e+02 4.80e+02 4.77e+02 4.74e+02 4.71e+02 4.68e+02 4.65e+02 4.62e+02 4.58e+02 4.55e+02 4.53e+02 4.50e+02 4.47e+02 4.44e+02 4.41e+02 4.38e+02 4.35e+02 4.32e+02 4.30e+02 4.27e+02 4.24e+02 4.21e+02 4.19e+02 4.16e+02 4.13e+02 4.11e+02 4.08e+02 4.06e+02 4.03e+02 4.01e+02 3.98e+02 3.93e+02 3.83e+02 3.65e+02 3.32e+02 2.76e+02 1.96e+02 1.05e+02 3.77e+01 2.09e+01 2.00e+01 2.00e+01 2.00e+01 2.00e+01 
 3.21380881109010e-09   1.41e+03 1.41e+03 1.41e+03 1.41e+03 1.40e+03 1.39e+03 1.39e+03 1.38e+03 1.37e+03 1.37e+03 1.36e+03 1.35e+03 1.35e+03 1.34e+03 1.33e+03 1.33e+03 1.32e+03 1.32e+03 1.31e+03 1.30e+03 1.30e+03 1.29e+03 1.28e+03 1.28e+03 1.27e+03 1.26e+03 1.26e+03 1.25e+03 1.24e+03 1.24e+03 1.23e+03 1.22e+03 1.22e+03 1.21e+03 1.20e+03 1.20e+03 1.19e+03 1.18e+03 1.18e+03 1.17e+03 1.16e+03 1.16e+03 1.15e+03 1.14e+03 1.14e+03 1.13e+03 1.12e+03 1.12e+03 1.11e+03 1.10e+03 1.10e+03 1.09e+03 1.08e+03 1.08e+03 1.07e+03 1.06e+03 1.06e+03 1.05e+03 1.04e+03 1.04e+03 1.03e+03 1.02e+03 1.02e+03 1.01e+03 1.00e+03 9.98e+02 9.91e+02 9.85e+02 9.78e+02 9.72e+02 9.65e+02 9.59e+02 9.53e+02 9.46e+02 9.40e+02 9.34e+02 9.27e+02 9.21e+02 9.15e+02 9.09e+02 9.03e+02 8.96e+02 8.90e+02 8.84e+02 8.78e+02 8.72e+02 8.66e+02 8.60e+02 8.54e+02 8.48e+02 8.42e+02 8.36e+02 8.30e+02 8.25e+02 8.19e+02 8.13e+02 8.07e+02 8.02e+02 7.96e+02 7.90e+02 7.85e+02 7.79e+02 7.74e+02 7.68e+02 7.63e+02 7.57e+02 7.52e+02 7.47e+02 7.41e+02 7.36e+02 7.31e+02 7.26e+02 7.20e+02 7.15e+02 7.10e+02 7.05e+02 7.00e+02 6.95e+02 6.90e+02 6.85e+02 6.80e+02 6.76e+02 6.71e+02 6.66e+02 6.61e+02 6.57e+02 6.52e+02 6.47e+02 6.43e+02 6.38e+02 6.34e+02 6.29e+02 6.25e+02 6.20e+02 6.16e+02 6.12e+02 6.07e+02 6.03e+02 5.99e+02 5.95e+02 5.90e+02 5.86e+02 5.82e+02 5.78e+02 5.74e+02 5.70e+02 5.66e+02 5.62e+02 5.58e+02 5.54e+02 5.51e+02 5.47e+02 5.43e+02 5.39e+02 5.36e+02 5.32e+02 5.28e+02 5.25e+02 5.21e+02 5.18e+02 5.14e+02 5.11e+02 5.07e+02 5.04e+02 5.00e+02 4.97e+02 4.94e+02 4.90e+02 4.87e+02 4.84e+02 4.81e+02 4.77e+02 4.74e+02 4.71e+02 4.68e+02 4.65e+02 4.62e+02 4.59e+02 4.56e+02 4.53e+02 4.50e+02 4.47e+02 4.44e+02 4.41e+02 4.38e+02 4.36e+02 4.33e+02 4.30e+02 4.27e+02 4.25e+02 4.22e+02 4.19e+02 4.16e+02 4.14e+02 4.11e+02 4.09e+02 4.06e+02 4.03e+02 4.01e+02 3.98e+02 3.93e+02 3.84e+02 3.65e+02 3.32e+02 2.76e+02 1.96e+02 1.05e+02 3.78e+01 2.09e+01 2.00e+01 2.00e+01 2.00e+01 2.00e+01 
 3.22381735323353e-09   1.41e+03 1.41e+03 1.41e+03 1.40e+03 1.40e+03 1.39e+03 1.39e+03 1.38e+03 1.37e+03 1.37e+03 1.36e+03 1.35e+03 1.35e+03 1.34e+03 1.33e+03 1.33e+03 1.32e+03 1.31e+03 1.31e+03 1.30e+03 1.30e+03 1.29e+03 1.28e+03 1.28e+03 1.27e+03 1.26e+03 1.26e+03 1.25e+03 1.24e+03 1.24e+03 1.23e+03 1.22e+03 1.22e+03 1.21e+03 1.20e+03 1.20e+03 1.19e+03 1.18e+03 1.18e+03 1.17e+03 1.16e+03 1.16e+03 1.15e+03 1.14e+03 1.14e+03 1.13e+03 1.12e+03 1.12e+03 1.11e+03 1.10e+03 1.10e+03 1.09e+03 1.08e+03 1.08e+03 1.07e+03 1.06e+03 1.06e+03 1.05e+03 1.04e+03 1.04e+03 1.03e+03 1.02e+03 1.02e+03 1.01e+03 1.00e+03 9.98e+02 9.91e+02 9.85e+02 9.78e+02 9.72e+02 9.65e+02 9.59e+02 9.53e+02 9.46e+02 9.40e+02 9.34e+02 9.27e+02 9.21e+02 9.15e+02 9.09e+02 9.03e+02 8.96e+02 8.90e+02 8.84e+02 8.78e+02 8.72e+02 8.66e+02 8.60e+02 8.54e+02 8.48e+02 8.42e+02 8.36e+02 8.31e+02 8.25e+02 8.19e+02 8.13e+02 8.08e+02 8.02e+02 7.96e+02 7.91e+02 7.85e+02 7.79e+02 7.74e+02 7.68e+02 7.63e+02 7.58e+02 7.52e+02 7.47e+02 7.42e+02 7.36e+02 7.31e+02 7.26e+02 7.21e+02 7.16e+02 7.10e+02 7.05e+02 7.00e+02 6.95e+02 6.90e+02 6.86e+02 6.81e+02 6.76e+02 6.71e+02 6.66e+02 6.62e+02 6.57e+02 6.52e+02 6.48e+02 6.43e+02 6.38e+02 6.34e+02 6.29e+02 6.25e+02 6.21e+02 6.16e+02 6.12e+02 6.08e+02 6.03e+02 5.99e+02 5.95e+02 5.91e+02 5.87e+02 5.83e+02 5.78e+02 5.74e+02 5.70e+02 5.66e+02 5.63e+02 5.59e+02 5.55e+02 5.51e+02 5.47e+02 5.43e+02 5.40e+02 5.36e+02 5.32e+02 5.29e+02 5.25e+02 5.22e+02 5.18e+02 5.15e+02 5.11e+02 5.08e+02 5.04e+02 5.01e+02 4.97e+02 4.94e+02 4.91e+02 4.88e+02 4.84e+02 4.81e+02 4.78e+02 4.75e+02 4.72e+02 4.68e+02 4.65e+02 4.62e+02 4.59e+02 4.56e+02 4.53e+02 4.50e+02 4.47e+02 4.45e+02 4.42e+02 4.39e+02 4.36e+02 4.33e+02 4.30e+02 4.28e+02 4.25e+02 4.22e+02 4.20e+02 4.17e+02 4.14e+02 4.12e+02 4.09e+02 4.06e+02 4.04e+02 4.01e+02 3.99e+02 3.94e+02 3.84e+02 3.66e+02 3.32e+02 2.77e+02 1.97e+02 1.06e+02 3.79e+01 2.09e+01 2.00e+01 2.00e+01 2.00e+01 2.00e+01 
 3.23382768862909e-09   1.41e+03 1.41e+03 1.41e+03 1.40e+03 1.40e+03 1.39e+03 1.39e+03 1.38e+03 1.37e+03 1.37e+03 1.36e+03 1.35e+03 1.35e+03 1.34e+03 1.33e+03 1.33e+03 1.32e+03 1.31e+03 1.31e+03 1.30e+03 1.30e+03 1.29e+03 1.28e+03 1.28e+03 1.27e+03 1.26e+03 1.26e+03 1.25e+03 1.24e+03 1.24e+03 1.23e+03 1.22e+03 1.22e+03 1.21e+03 1.20e+03 1.20e+03 1.19e+03 1.18e+03 1.18e+03 1.17e+03 1.16e+03 1.16e+03 1.15e+03 1.14e+03 1.14e+03 1.13e+03 1.12e+03 1.12e+03 1.11e+03 1.10e+03 1.10e+03 1.09e+03 1.08e+03 1.08e+03 1.07e+03 1.06e+03 1.06e+03 1.05e+03 1.04e+03 1.04e+03 1.03e+03 1.02e+03 1.02e+03 1.01e+03 1.00e+03 9.98e+02 9.91e+02 9.85e+02 9.78e+02 9.72e+02 9.65e+02 9.59e+02 9.53e+02 9.46e+02 9.40e+02 9.34e+02 9.28e+02 9.21e+02 9.15e+02 9.09e+02 9.03e+02 8.97e+02 8.90e+02 8.84e+02 8.78e+02 8.72e+02 8.66e+02 8.60e+02 8.54e+02 8.48e+02 8.43e+02 8.37e+02 8.31e+02 8.25e+02 8.19e+02 8.13e+02 8.08e+02 8.02e+02 7.96e+02 7.91e+02 7.85e+02 7.80e+02 7.74e+02 7.69e+02 7.63e+02 7.58e+02 7.53e+02 7.47e+02 7.42e+02 7.37e+02 7.31e+02 7.26e+02 7.21e+02 7.16e+02 7.11e+02 7.06e+02 7.01e+02 6.96e+02 6.91e+02 6.86e+02 6.81e+02 6.76e+02 6.71e+02 6.67e+02 6.62e+02 6.57e+02 6.53e+02 6.48e+02 6.43e+02 6.39e+02 6.34e+02 6.30e+02 6.25e+02 6.21e+02 6.17e+02 6.12e+02 6.08e+02 6.04e+02 5.99e+02 5.95e+02 5.91e+02 5.87e+02 5.83e+02 5.79e+02 5.75e+02 5.71e+02 5.67e+02 5.63e+02 5.59e+02 5.55e+02 5.51e+02 5.48e+02 5.44e+02 5.40e+02 5.36e+02 5.33e+02 5.29e+02 5.26e+02 5.22e+02 5.18e+02 5.15e+02 5.11e+02 5.08e+02 5.05e+02 5.01e+02 4.98e+02 4.95e+02 4.91e+02 4.88e+02 4.85e+02 4.81e+02 4.78e+02 4.75e+02 4.72e+02 4.69e+02 4.66e+02 4.63e+02 4.60e+02 4.57e+02 4.54e+02 4.51e+02 4.48e+02 4.45e+02 4.42e+02 4.39e+02 4.36e+02 4.34e+02 4.31e+02 4.28e+02 4.25e+02 4.23e+02 4.20e+02 4.17e+02 4.15e+02 4.12e+02 4.09e+02 4.07e+02 4.04e+02 4.02e+02 3.99e+02 3.94e+02 3.85e+02 3.66e+02 3.33e+02 2.77e+02 1.97e+02 1.06e+02 3.81e+01 2.09e+01 2.00e+01 2.00e+01 2.00e+01 2.00e+01 
 3.24383981242254e-09   1.41e+03 1.41e+03 1.41e+03 1.40e+03 1.40e+03 1.39e+03 1.39e+03 1.38e+03 1.37e+03 1.37e+03 1.36e+03 1.35e+03 1.35e+03 1.34e+03 1.33e+03 1.33e+03 1.32e+03 1.31e+03 1.31e+03 1.30e+03 1.29e+03 1.29e+03 1.28e+03 1.27e+03 1.27e+03 1.26e+03 1.26e+03 1.25e+03 1.24e+03 1.24e+03 1.23e+03 1.22e+03 1.22e+03 1.21e+03 1.20e+03 1.20e+03 1.19e+03 1.18e+03 1.18e+03 1.17e+03 1.16e+03 1.16e+03 1.15e+03 1.14e+03 1.14e+03 1.13e+03 1.12e+03 1.12e+03 1.11e+03 1.10e+03 1.10e+03 1.09e+03 1.08e+03 1.08e+03 1.07e+03 1.06e+03 1.06e+03 1.05e+03 1.04e+03 1.04e+03 1.03e+03 1.02e+03 1.02e+03 1.01e+03 1.00e+03 9.98e+02 9.91e+02 9.85e+02 9.78e+02 9.72e+02 9.65e+02 9.59e+02 9.53e+02 9.46e+02 9.40e+02 9.34e+02 9.28e+02 9.21e+02 9.15e+02 9.09e+02 9.03e+02 8.97e+02 8.91e+02 8.84e+02 8.78e+02 8.72e+02 8.66e+02 8.60e+02 8.54e+02 8.49e+02 8.43e+02 8.37e+02 8.31e+02 8.25e+02 8.19e+02 8.14e+02 8.08e+02 8.02e+02 7.97e+02 7.91e+02 7.85e+02 7.80e+02 7.74e+02 7.69e+02 7.64e+02 7.58e+02 7.53e+02 7.47e+02 7.42e+02 7.37e+02 7.32e+02 7.26e+02 7.21e+02 7.16e+02 7.11e+02 7.06e+02 7.01e+02 6.96e+02 6.91e+02 6.86e+02 6.81e+02 6.76e+02 6.72e+02 6.67e+02 6.62e+02 6.58e+02 6.53e+02 6.48e+02 6.44e+02 6.39e+02 6.35e+02 6.30e+02 6.26e+02 6.21e+02 6.17e+02 6.13e+02 6.08e+02 6.04e+02 6.00e+02 5.96e+02 5.91e+02 5.87e+02 5.83e+02 5.79e+02 5.75e+02 5.71e+02 5.67e+02 5.63e+02 5.59e+02 5.56e+02 5.52e+02 5.48e+02 5.44e+02 5.41e+02 5.37e+02 5.33e+02 5.30e+02 5.26e+02 5.22e+02 5.19e+02 5.15e+02 5.12e+02 5.08e+02 5.05e+02 5.02e+02 4.98e+02 4.95e+02 4.92e+02 4.88e+02 4.85e+02 4.82e+02 4.79e+02 4.76e+02 4.72e+02 4.69e+02 4.66e+02 4.63e+02 4.60e+02 4.57e+02 4.54e+02 4.51e+02 4.48e+02 4.45e+02 4.43e+02 4.40e+02 4.37e+02 4.34e+02 4.31e+02 4.29e+02 4.26e+02 4.23e+02 4.20e+02 4.18e+02 4.15e+02 4.12e+02 4.10e+02 4.07e+02 4.05e+02 4.02e+02 4.00e+02 3.95e+02 3.85e+02 3.67e+02 3.33e+02 2.77e+02 1.97e+02 1.06e+02 3.82e+01 2.09e+01 2.00e+01 2.00e+01 2.00e+01 2.00e+01 
 3.25385371978170e-09   1.41e+03 1.41e+03 1.41e+03 1.40e+03 1.40e+03 1.39e+03 1.39e+03 1.38e+03 1.37e+03 1.37e+03 1.36e+03 1.35e+03 1.35e+03 1.34e+03 1.33e+03 1.33e+03 1.32e+03 1.31e+03 1.31e+03 1.30e+03 1.29e+03 1.29e+03 1.28e+03 1.27e+03 1.27e+03 1.26e+03 1.25e+03 1.25e+03 1.24e+03 1.24e+03 1.23e+03 1.22e+03 1.22e+03 1.21e+03 1.20e+03 1.20e+03 1.19e+03 1.18e+03 1.18e+03 1.17e+03 1.16e+03 1.16e+03 1.15e+03 1.14e+03 1.14e+03 1.13e+03 1.12e+03 1.12e+03 1.11e+03 1.10e+03 1.10e+03 1.09e+03 1.08e+03 1.08e+03 1.07e+03 1.06e+03 1.06e+03 1.05e+03 1.04e+03 1.04e+03 1.03e+03 1.02e+03 1.02e+03 1.01e+03 1.00e+03 9.97e+02 9.91e+02 9.85e+02 9.78e+02 9.72e+02 9.65e+02 9.59e+02 9.53e+02 9.46e+02 9.40e+02 9.34e+02 9.28e+02 9.21e+02 9.15e+02 9.09e+02 9.03e+02 8.97e+02 8.91e+02 8.85e+02 8.79e+02 8.72e+02 8.67e+02 8.61e+02 8.55e+02 8.49e+02 8.43e+02 8.37e+02 8.31e+02 8.25e+02 8.20e+02 8.14e+02 8.08e+02 8.02e+02 7.97e+02 7.91e+02 7.86e+02 7.80e+02 7.75e+02 7.69e+02 7.64e+02 7.58e+02 7.53e+02 7.48e+02 7.42e+02 7.37e+02 7.32e+02 7.27e+02 7.22e+02 7.16e+02 7.11e+02 7.06e+02 7.01e+02 6.96e+02 6.91e+02 6.86e+02 6.82e+02 6.77e+02 6.72e+02 6.67e+02 6.63e+02 6.58e+02 6.53e+02 6.49e+02 6.44e+02 6.39e+02 6.35e+02 6.30e+02 6.26e+02 6.22e+02 6.17e+02 6.13e+02 6.09e+02 6.04e+02 6.00e+02 5.96e+02 5.92e+02 5.88e+02 5.84e+02 5.80e+02 5.76e+02 5.72e+02 5.68e+02 5.64e+02 5.60e+02 5.56e+02 5.52e+02 5.48e+02 5.45e+02 5.41e+02 5.37e+02 5.34e+02 5.30e+02 5.26e+02 5.23e+02 5.19e+02 5.16e+02 5.12e+02 5.09e+02 5.05e+02 5.02e+02 4.99e+02 4.95e+02 4.92e+02 4.89e+02 4.86e+02 4.82e+02 4.79e+02 4.76e+02 4.73e+02 4.70e+02 4.67e+02 4.64e+02 4.61e+02 4.58e+02 4.55e+02 4.52e+02 4.49e+02 4.46e+02 4.43e+02 4.40e+02 4.37e+02 4.34e+02 4.32e+02 4.29e+02 4.26e+02 4.24e+02 4.21e+02 4.18e+02 4.16e+02 4.13e+02 4.10e+02 4.08e+02 4.05e+02 4.03e+02 4.00e+02 3.95e+02 3.86e+02 3.67e+02 3.34e+02 2.78e+02 1.98e+02 1.06e+02 3.83e+01 2.09e+01 2.00e+01 2.00e+01 2.00e+01 2.00e+01 
 3.26386940589637e-09   1.41e+03 1.41e+03 1.41e+03 1.40e+03 1.40e+03 1.39e+03 1.39e+03 1.38e+03 1.37e+03 1.37e+03 1.36e+03 1.35e+03 1.35e+03 1.34e+03 1.33e+03 1.33e+03 1.32e+03 1.31e+03 1.31e+03 1.30e+03 1.29e+03 1.29e+03 1.28e+03 1.27e+03 1.27e+03 1.26e+03 1.25e+03 1.25e+03 1.24e+03 1.23e+03 1.23e+03 1.22e+03 1.21e+03 1.21e+03 1.20e+03 1.20e+03 1.19e+03 1.18e+03 1.18e+03 1.17e+03 1.16e+03 1.16e+03 1.15e+03 1.14e+03 1.14e+03 1.13e+03 1.12e+03 1.12e+03 1.11e+03 1.10e+03 1.10e+03 1.09e+03 1.08e+03 1.08e+03 1.07e+03 1.06e+03 1.06e+03 1.05e+03 1.04e+03 1.04e+03 1.03e+03 1.02e+03 1.02e+03 1.01e+03 1.00e+03 9.97e+02 9.91e+02 9.85e+02 9.78e+02 9.72e+02 9.65e+02 9.59e+02 9.53e+02 9.46e+02 9.40e+02 9.34e+02 9.28e+02 9.21e+02 9.15e+02 9.09e+02 9.03e+02 8.97e+02 8.91e+02 8.85e+02 8.79e+02 8.73e+02 8.67e+02 8.61e+02 8.55e+02 8.49e+02 8.43e+02 8.37e+02 8.31e+02 8.26e+02 8.20e+02 8.14e+02 8.08e+02 8.03e+02 7.97e+02 7.91e+02 7.86e+02 7.80e+02 7.75e+02 7.69e+02 7.64e+02 7.59e+02 7.53e+02 7.48e+02 7.43e+02 7.37e+02 7.32e+02 7.27e+02 7.22e+02 7.17e+02 7.12e+02 7.07e+02 7.02e+02 6.97e+02 6.92e+02 6.87e+02 6.82e+02 6.77e+02 6.72e+02 6.68e+02 6.63e+02 6.58e+02 6.54e+02 6.49e+02 6.44e+02 6.40e+02 6.35e+02 6.31e+02 6.26e+02 6.22e+02 6.18e+02 6.13e+02 6.09e+02 6.05e+02 6.01e+02 5.96e+02 5.92e+02 5.88e+02 5.84e+02 5.80e+02 5.76e+02 5.72e+02 5.68e+02 5.64e+02 5.60e+02 5.56e+02 5.53e+02 5.49e+02 5.45e+02 5.41e+02 5.38e+02 5.34e+02 5.30e+02 5.27e+02 5.23e+02 5.20e+02 5.16e+02 5.13e+02 5.09e+02 5.06e+02 5.02e+02 4.99e+02 4.96e+02 4.92e+02 4.89e+02 4.86e+02 4.83e+02 4.80e+02 4.76e+02 4.73e+02 4.70e+02 4.67e+02 4.64e+02 4.61e+02 4.58e+02 4.55e+02 4.52e+02 4.49e+02 4.46e+02 4.43e+02 4.41e+02 4.38e+02 4.35e+02 4.32e+02 4.29e+02 4.27e+02 4.24e+02 4.21e+02 4.19e+02 4.16e+02 4.13e+02 4.11e+02 4.08e+02 4.06e+02 4.03e+02 4.01e+02 3.96e+02 3.86e+02 3.67e+02 3.34e+02 2.78e+02 1.98e+02 1.07e+02 3.84e+01 2.09e+01 2.00e+01 2.00e+01 2.00e+01 2.00e+01 
 3.27388686597816e-09   1.41e+03 1.41e+03 1.41e+03 1.40e+03 1.40e+03 1.39e+03 1.39e+03 1.38e+03 1.37e+03 1.37e+03 1.36e+03 1.35e+03 1.35e+03 1.34e+03 1.33e+03 1.33e+03 1.32e+03 1.31e+03 1.31e+03 1.30e+03 1.29e+03 1.29e+03 1.28e+03 1.27e+03 1.27e+03 1.26e+03 1.25e+03 1.25e+03 1.24e+03 1.23e+03 1.23e+03 1.22e+03 1.21e+03 1.21e+03 1.20e+03 1.19e+03 1.19e+03 1.18e+03 1.17e+03 1.17e+03 1.16e+03 1.15e+03 1.15e+03 1.14e+03 1.14e+03 1.13e+03 1.12e+03 1.12e+03 1.11e+03 1.10e+03 1.10e+03 1.09e+03 1.08e+03 1.08e+03 1.07e+03 1.06e+03 1.06e+03 1.05e+03 1.04e+03 1.04e+03 1.03e+03 1.02e+03 1.02e+03 1.01e+03 1.00e+03 9.97e+02 9.91e+02 9.85e+02 9.78e+02 9.72e+02 9.65e+02 9.59e+02 9.53e+02 9.46e+02 9.40e+02 9.34e+02 9.28e+02 9.22e+02 9.15e+02 9.09e+02 9.03e+02 8.97e+02 8.91e+02 8.85e+02 8.79e+02 8.73e+02 8.67e+02 8.61e+02 8.55e+02 8.49e+02 8.43e+02 8.37e+02 8.31e+02 8.26e+02 8.20e+02 8.14e+02 8.09e+02 8.03e+02 7.97e+02 7.92e+02 7.86e+02 7.81e+02 7.75e+02 7.70e+02 7.64e+02 7.59e+02 7.54e+02 7.48e+02 7.43e+02 7.38e+02 7.32e+02 7.27e+02 7.22e+02 7.17e+02 7.12e+02 7.07e+02 7.02e+02 6.97e+02 6.92e+02 6.87e+02 6.82e+02 6.77e+02 6.73e+02 6.68e+02 6.63e+02 6.59e+02 6.54e+02 6.49e+02 6.45e+02 6.40e+02 6.36e+02 6.31e+02 6.27e+02 6.22e+02 6.18e+02 6.14e+02 6.09e+02 6.05e+02 6.01e+02 5.97e+02 5.93e+02 5.88e+02 5.84e+02 5.80e+02 5.76e+02 5.72e+02 5.68e+02 5.65e+02 5.61e+02 5.57e+02 5.53e+02 5.49e+02 5.45e+02 5.42e+02 5.38e+02 5.34e+02 5.31e+02 5.27e+02 5.24e+02 5.20e+02 5.17e+02 5.13e+02 5.10e+02 5.06e+02 5.03e+02 5.00e+02 4.96e+02 4.93e+02 4.90e+02 4.86e+02 4.83e+02 4.80e+02 4.77e+02 4.74e+02 4.71e+02 4.68e+02 4.64e+02 4.61e+02 4.58e+02 4.55e+02 4.53e+02 4.50e+02 4.47e+02 4.44e+02 4.41e+02 4.38e+02 4.35e+02 4.33e+02 4.30e+02 4.27e+02 4.24e+02 4.22e+02 4.19e+02 4.16e+02 4.14e+02 4.11e+02 4.09e+02 4.06e+02 4.04e+02 4.01e+02 3.96e+02 3.86e+02 3.68e+02 3.34e+02 2.79e+02 1.98e+02 1.07e+02 3.85e+01 2.09e+01 2.00e+01 2.00e+01 2.00e+01 2.00e+01 
 3.28390609526032e-09   1.41e+03 1.41e+03 1.41e+03 1.40e+03 1.40e+03 1.39e+03 1.38e+03 1.38e+03 1.37e+03 1.37e+03 1.36e+03 1.35e+03 1.35e+03 1.34e+03 1.33e+03 1.33e+03 1.32e+03 1.31e+03 1.31e+03 1.30e+03 1.29e+03 1.29e+03 1.28e+03 1.27e+03 1.27e+03 1.26e+03 1.25e+03 1.25e+03 1.24e+03 1.23e+03 1.23e+03 1.22e+03 1.21e+03 1.21e+03 1.20e+03 1.19e+03 1.19e+03 1.18e+03 1.17e+03 1.17e+03 1.16e+03 1.15e+03 1.15e+03 1.14e+03 1.13e+03 1.13e+03 1.12e+03 1.11e+03 1.11e+03 1.10e+03 1.10e+03 1.09e+03 1.08e+03 1.08e+03 1.07e+03 1.06e+03 1.06e+03 1.05e+03 1.04e+03 1.04e+03 1.03e+03 1.02e+03 1.02e+03 1.01e+03 1.00e+03 9.97e+02 9.91e+02 9.85e+02 9.78e+02 9.72e+02 9.65e+02 9.59e+02 9.53e+02 9.47e+02 9.40e+02 9.34e+02 9.28e+02 9.22e+02 9.15e+02 9.09e+02 9.03e+02 8.97e+02 8.91e+02 8.85e+02 8.79e+02 8.73e+02 8.67e+02 8.61e+02 8.55e+02 8.49e+02 8.43e+02 8.37e+02 8.32e+02 8.26e+02 8.20e+02 8.14e+02 8.09e+02 8.03e+02 7.97e+02 7.92e+02 7.86e+02 7.81e+02 7.75e+02 7.70e+02 7.64e+02 7.59e+02 7.54e+02 7.48e+02 7.43e+02 7.38e+02 7.33e+02 7.28e+02 7.22e+02 7.17e+02 7.12e+02 7.07e+02 7.02e+02 6.97e+02 6.92e+02 6.87e+02 6.83e+02 6.78e+02 6.73e+02 6.68e+02 6.64e+02 6.59e+02 6.54e+02 6.50e+02 6.45e+02 6.40e+02 6.36e+02 6.32e+02 6.27e+02 6.23e+02 6.18e+02 6.14e+02 6.10e+02 6.06e+02 6.01e+02 5.97e+02 5.93e+02 5.89e+02 5.85e+02 5.81e+02 5.77e+02 5.73e+02 5.69e+02 5.65e+02 5.61e+02 5.57e+02 5.53e+02 5.50e+02 5.46e+02 5.42e+02 5.38e+02 5.35e+02 5.31e+02 5.28e+02 5.24e+02 5.20e+02 5.17e+02 5.14e+02 5.10e+02 5.07e+02 5.03e+02 5.00e+02 4.97e+02 4.93e+02 4.90e+02 4.87e+02 4.84e+02 4.80e+02 4.77e+02 4.74e+02 4.71e+02 4.68e+02 4.65e+02 4.62e+02 4.59e+02 4.56e+02 4.53e+02 4.50e+02 4.47e+02 4.44e+02 4.41e+02 4.39e+02 4.36e+02 4.33e+02 4.30e+02 4.27e+02 4.25e+02 4.22e+02 4.19e+02 4.17e+02 4.14e+02 4.12e+02 4.09e+02 4.06e+02 4.04e+02 4.01e+02 3.96e+02 3.87e+02 3.68e+02 3.35e+02 2.79e+02 1.99e+02 1.07e+02 3.86e+01 2.09e+01 2.00e+01 2.00e+01 2.00e+01 2.00e+01 
 3.29392708899762e-09   1.41e+03 1.41e+03 1.41e+03 1.40e+03 1.39e+03 1.39e+03 1.38e+03 1.38e+03 1.37e+03 1.36e+03 1.36e+03 1.35e+03 1.34e+03 1.34e+03 1.33e+03 1.33e+03 1.32e+03 1.31e+03 1.31e+03 1.30e+03 1.29e+03 1.29e+03 1.28e+03 1.27e+03 1.27e+03 1.26e+03 1.25e+03 1.25e+03 1.24e+03 1.23e+03 1.23e+03 1.22e+03 1.21e+03 1.21e+03 1.20e+03 1.19e+03 1.19e+03 1.18e+03 1.17e+03 1.17e+03 1.16e+03 1.15e+03 1.15e+03 1.14e+03 1.13e+03 1.13e+03 1.12e+03 1.11e+03 1.11e+03 1.10e+03 1.10e+03 1.09e+03 1.08e+03 1.08e+03 1.07e+03 1.06e+03 1.06e+03 1.05e+03 1.04e+03 1.04e+03 1.03e+03 1.02e+03 1.02e+03 1.01e+03 1.00e+03 9.97e+02 9.91e+02 9.85e+02 9.78e+02 9.72e+02 9.65e+02 9.59e+02 9.53e+02 9.47e+02 9.40e+02 9.34e+02 9.28e+02 9.22e+02 9.15e+02 9.09e+02 9.03e+02 8.97e+02 8.91e+02 8.85e+02 8.79e+02 8.73e+02 8.67e+02 8.61e+02 8.55e+02 8.49e+02 8.43e+02 8.38e+02 8.32e+02 8.26e+02 8.20e+02 8.15e+02 8.09e+02 8.03e+02 7.98e+02 7.92e+02 7.87e+02 7.81e+02 7.76e+02 7.70e+02 7.65e+02 7.59e+02 7.54e+02 7.49e+02 7.43e+02 7.38e+02 7.33e+02 7.28e+02 7.23e+02 7.18e+02 7.13e+02 7.07e+02 7.02e+02 6.98e+02 6.93e+02 6.88e+02 6.83e+02 6.78e+02 6.73e+02 6.69e+02 6.64e+02 6.59e+02 6.55e+02 6.50e+02 6.45e+02 6.41e+02 6.36e+02 6.32e+02 6.27e+02 6.23e+02 6.19e+02 6.14e+02 6.10e+02 6.06e+02 6.02e+02 5.97e+02 5.93e+02 5.89e+02 5.85e+02 5.81e+02 5.77e+02 5.73e+02 5.69e+02 5.65e+02 5.61e+02 5.58e+02 5.54e+02 5.50e+02 5.46e+02 5.43e+02 5.39e+02 5.35e+02 5.32e+02 5.28e+02 5.24e+02 5.21e+02 5.17e+02 5.14e+02 5.10e+02 5.07e+02 5.04e+02 5.00e+02 4.97e+02 4.94e+02 4.90e+02 4.87e+02 4.84e+02 4.81e+02 4.78e+02 4.75e+02 4.71e+02 4.68e+02 4.65e+02 4.62e+02 4.59e+02 4.56e+02 4.53e+02 4.50e+02 4.48e+02 4.45e+02 4.42e+02 4.39e+02 4.36e+02 4.33e+02 4.31e+02 4.28e+02 4.25e+02 4.23e+02 4.20e+02 4.17e+02 4.15e+02 4.12e+02 4.09e+02 4.07e+02 4.04e+02 4.02e+02 3.97e+02 3.87e+02 3.69e+02 3.35e+02 2.79e+02 1.99e+02 1.07e+02 3.87e+01 2.09e+01 2.00e+01 2.00e+01 2.00e+01 2.00e+01 
 3.30394984246618e-09   1.41e+03 1.41e+03 1.41e+03 1.40e+03 1.39e+03 1.39e+03 1.38e+03 1.37e+03 1.37e+03 1.36e+03 1.36e+03 1.35e+03 1.34e+03 1.34e+03 1.33e+03 1.32e+03 1.32e+03 1.31e+03 1.31e+03 1.30e+03 1.29e+03 1.29e+03 1.28e+03 1.27e+03 1.27e+03 1.26e+03 1.25e+03 1.25e+03 1.24e+03 1.23e+03 1.23e+03 1.22e+03 1.21e+03 1.21e+03 1.20e+03 1.19e+03 1.19e+03 1.18e+03 1.17e+03 1.17e+03 1.16e+03 1.15e+03 1.15e+03 1.14e+03 1.13e+03 1.13e+03 1.12e+03 1.11e+03 1.11e+03 1.10e+03 1.09e+03 1.09e+03 1.08e+03 1.08e+03 1.07e+03 1.06e+03 1.06e+03 1.05e+03 1.04e+03 1.04e+03 1.03e+03 1.02e+03 1.02e+03 1.01e+03 1.00e+03 9.97e+02 9.91e+02 9.84e+02 9.78e+02 9.72e+02 9.65e+02 9.59e+02 9.53e+02 9.47e+02 9.40e+02 9.34e+02 9.28e+02 9.22e+02 9.16e+02 9.09e+02 9.03e+02 8.97e+02 8.91e+02 8.85e+02 8.79e+02 8.73e+02 8.67e+02 8.61e+02 8.55e+02 8.49e+02 8.44e+02 8.38e+02 8.32e+02 8.26e+02 8.20e+02 8.15e+02 8.09e+02 8.03e+02 7.98e+02 7.92e+02 7.87e+02 7.81e+02 7.76e+02 7.70e+02 7.65e+02 7.60e+02 7.54e+02 7.49e+02 7.44e+02 7.38e+02 7.33e+02 7.28e+02 7.23e+02 7.18e+02 7.13e+02 7.08e+02 7.03e+02 6.98e+02 6.93e+02 6.88e+02 6.83e+02 6.78e+02 6.74e+02 6.69e+02 6.64e+02 6.59e+02 6.55e+02 6.50e+02 6.46e+02 6.41e+02 6.37e+02 6.32e+02 6.28e+02 6.23e+02 6.19e+02 6.15e+02 6.10e+02 6.06e+02 6.02e+02 5.98e+02 5.94e+02 5.90e+02 5.86e+02 5.81e+02 5.77e+02 5.74e+02 5.70e+02 5.66e+02 5.62e+02 5.58e+02 5.54e+02 5.50e+02 5.47e+02 5.43e+02 5.39e+02 5.36e+02 5.32e+02 5.28e+02 5.25e+02 5.21e+02 5.18e+02 5.14e+02 5.11e+02 5.07e+02 5.04e+02 5.01e+02 4.97e+02 4.94e+02 4.91e+02 4.88e+02 4.84e+02 4.81e+02 4.78e+02 4.75e+02 4.72e+02 4.69e+02 4.66e+02 4.63e+02 4.60e+02 4.57e+02 4.54e+02 4.51e+02 4.48e+02 4.45e+02 4.42e+02 4.39e+02 4.37e+02 4.34e+02 4.31e+02 4.28e+02 4.26e+02 4.23e+02 4.20e+02 4.18e+02 4.15e+02 4.12e+02 4.10e+02 4.07e+02 4.05e+02 4.02e+02 3.97e+02 3.88e+02 3.69e+02 3.36e+02 2.80e+02 1.99e+02 1.08e+02 3.88e+01 2.09e+01 2.00e+01 2.00e+01 2.00e+01 2.00e+01 
 3.31397435096328e-09   1.41e+03 1.41e+03 1.41e+03 1.40e+03 1.39e+03 1.39e+03 1.38e+03 1.37e+03 1.37e+03 1.36e+03 1.36e+03 1.35e+03 1.34e+03 1.34e+03 1.33e+03 1.32e+03 1.32e+03 1.31e+03 1.30e+03 1.30e+03 1.29e+03 1.29e+03 1.28e+03 1.27e+03 1.27e+03 1.26e+03 1.25e+03 1.25e+03 1.24e+03 1.23e+03 1.23e+03 1.22e+03 1.21e+03 1.21e+03 1.20e+03 1.19e+03 1.19e+03 1.18e+03 1.17e+03 1.17e+03 1.16e+03 1.15e+03 1.15e+03 1.14e+03 1.13e+03 1.13e+03 1.12e+03 1.11e+03 1.11e+03 1.10e+03 1.09e+03 1.09e+03 1.08e+03 1.08e+03 1.07e+03 1.06e+03 1.06e+03 1.05e+03 1.04e+03 1.04e+03 1.03e+03 1.02e+03 1.02e+03 1.01e+03 1.00e+03 9.97e+02 9.91e+02 9.84e+02 9.78e+02 9.72e+02 9.65e+02 9.59e+02 9.53e+02 9.47e+02 9.40e+02 9.34e+02 9.28e+02 9.22e+02 9.16e+02 9.09e+02 9.03e+02 8.97e+02 8.91e+02 8.85e+02 8.79e+02 8.73e+02 8.67e+02 8.61e+02 8.55e+02 8.50e+02 8.44e+02 8.38e+02 8.32e+02 8.26e+02 8.21e+02 8.15e+02 8.09e+02 8.04e+02 7.98e+02 7.93e+02 7.87e+02 7.81e+02 7.76e+02 7.71e+02 7.65e+02 7.60e+02 7.54e+02 7.49e+02 7.44e+02 7.39e+02 7.34e+02 7.28e+02 7.23e+02 7.18e+02 7.13e+02 7.08e+02 7.03e+02 6.98e+02 6.93e+02 6.88e+02 6.83e+02 6.79e+02 6.74e+02 6.69e+02 6.64e+02 6.60e+02 6.55e+02 6.51e+02 6.46e+02 6.42e+02 6.37e+02 6.33e+02 6.28e+02 6.24e+02 6.19e+02 6.15e+02 6.11e+02 6.07e+02 6.02e+02 5.98e+02 5.94e+02 5.90e+02 5.86e+02 5.82e+02 5.78e+02 5.74e+02 5.70e+02 5.66e+02 5.62e+02 5.58e+02 5.55e+02 5.51e+02 5.47e+02 5.43e+02 5.40e+02 5.36e+02 5.32e+02 5.29e+02 5.25e+02 5.22e+02 5.18e+02 5.15e+02 5.11e+02 5.08e+02 5.04e+02 5.01e+02 4.98e+02 4.95e+02 4.91e+02 4.88e+02 4.85e+02 4.82e+02 4.78e+02 4.75e+02 4.72e+02 4.69e+02 4.66e+02 4.63e+02 4.60e+02 4.57e+02 4.54e+02 4.51e+02 4.48e+02 4.45e+02 4.43e+02 4.40e+02 4.37e+02 4.34e+02 4.31e+02 4.29e+02 4.26e+02 4.23e+02 4.21e+02 4.18e+02 4.15e+02 4.13e+02 4.10e+02 4.08e+02 4.05e+02 4.03e+02 3.98e+02 3.88e+02 3.70e+02 3.36e+02 2.80e+02 2.00e+02 1.08e+02 3.89e+01 2.10e+01 2.00e+01 2.00e+01 2.00e+01 2.00e+01 
 3.32397522466738e-09   1.41e+03 1.41e+03 1.41e+03 1.40e+03 1.39e+03 1.39e+03 1.38e+03 1.37e+03 1.37e+03 1.36e+03 1.36e+03 1.35e+03 1.34e+03 1.34e+03 1.33e+03 1.32e+03 1.32e+03 1.31e+03 1.30e+03 1.30e+03 1.29e+03 1.28e+03 1.28e+03 1.27e+03 1.27e+03 1.26e+03 1.25e+03 1.25e+03 1.24e+03 1.23e+03 1.23e+03 1.22e+03 1.21e+03 1.21e+03 1.20e+03 1.19e+03 1.19e+03 1.18e+03 1.17e+03 1.17e+03 1.16e+03 1.15e+03 1.15e+03 1.14e+03 1.13e+03 1.13e+03 1.12e+03 1.11e+03 1.11e+03 1.10e+03 1.09e+03 1.09e+03 1.08e+03 1.07e+03 1.07e+03 1.06e+03 1.06e+03 1.05e+03 1.04e+03 1.04e+03 1.03e+03 1.02e+03 1.02e+03 1.01e+03 1.00e+03 9.97e+02 9.91e+02 9.84e+02 9.78e+02 9.72e+02 9.65e+02 9.59e+02 9.53e+02 9.47e+02 9.40e+02 9.34e+02 9.28e+02 9.22e+02 9.16e+02 9.10e+02 9.03e+02 8.97e+02 8.91e+02 8.85e+02 8.79e+02 8.73e+02 8.67e+02 8.61e+02 8.56e+02 8.50e+02 8.44e+02 8.38e+02 8.32e+02 8.27e+02 8.21e+02 8.15e+02 8.09e+02 8.04e+02 7.98e+02 7.93e+02 7.87e+02 7.82e+02 7.76e+02 7.71e+02 7.65e+02 7.60e+02 7.55e+02 7.49e+02 7.44e+02 7.39e+02 7.34e+02 7.29e+02 7.23e+02 7.18e+02 7.13e+02 7.08e+02 7.03e+02 6.98e+02 6.94e+02 6.89e+02 6.84e+02 6.79e+02 6.74e+02 6.70e+02 6.65e+02 6.60e+02 6.56e+02 6.51e+02 6.46e+02 6.42e+02 6.37e+02 6.33e+02 6.29e+02 6.24e+02 6.20e+02 6.15e+02 6.11e+02 6.07e+02 6.03e+02 5.99e+02 5.94e+02 5.90e+02 5.86e+02 5.82e+02 5.78e+02 5.74e+02 5.70e+02 5.66e+02 5.63e+02 5.59e+02 5.55e+02 5.51e+02 5.47e+02 5.44e+02 5.40e+02 5.36e+02 5.33e+02 5.29e+02 5.26e+02 5.22e+02 5.19e+02 5.15e+02 5.12e+02 5.08e+02 5.05e+02 5.02e+02 4.98e+02 4.95e+02 4.92e+02 4.88e+02 4.85e+02 4.82e+02 4.79e+02 4.76e+02 4.73e+02 4.70e+02 4.67e+02 4.64e+02 4.61e+02 4.58e+02 4.55e+02 4.52e+02 4.49e+02 4.46e+02 4.43e+02 4.40e+02 4.37e+02 4.35e+02 4.32e+02 4.29e+02 4.26e+02 4.24e+02 4.21e+02 4.18e+02 4.16e+02 4.13e+02 4.11e+02 4.08e+02 4.06e+02 4.03e+02 3.98e+02 3.88e+02 3.70e+02 3.36e+02 2.80e+02 2.00e+02 1.08e+02 3.90e+01 2.10e+01 2.00e+01 2.00e+01 2.00e+01 2.00e+01 
 3.33397783524157e-09   1.41e+03 1.41e+03 1.41e+03 1.40e+03 1.39e+03 1.39e+03 1.38e+03 1.37e+03 1.37e+03 1.36e+03 1.35e+03 1.35e+03 1.34e+03 1.34e+03 1.33e+03 1.32e+03 1.32e+03 1.31e+03 1.30e+03 1.30e+03 1.29e+03 1.28e+03 1.28e+03 1.27e+03 1.27e+03 1.26e+03 1.25e+03 1.25e+03 1.24e+03 1.23e+03 1.23e+03 1.22e+03 1.21e+03 1.21e+03 1.20e+03 1.19e+03 1.19e+03 1.18e+03 1.17e+03 1.17e+03 1.16e+03 1.15e+03 1.15e+03 1.14e+03 1.13e+03 1.13e+03 1.12e+03 1.11e+03 1.11e+03 1.10e+03 1.09e+03 1.09e+03 1.08e+03 1.07e+03 1.07e+03 1.06e+03 1.06e+03 1.05e+03 1.04e+03 1.04e+03 1.03e+03 1.02e+03 1.02e+03 1.01e+03 1.00e+03 9.97e+02 9.91e+02 9.84e+02 9.78e+02 9.72e+02 9.65e+02 9.59e+02 9.53e+02 9.47e+02 9.40e+02 9.34e+02 9.28e+02 9.22e+02 9.16e+02 9.10e+02 9.04e+02 8.97e+02 8.91e+02 8.85e+02 8.79e+02 8.73e+02 8.67e+02 8.62e+02 8.56e+02 8.50e+02 8.44e+02 8.38e+02 8.32e+02 8.27e+02 8.21e+02 8.15e+02 8.10e+02 8.04e+02 7.98e+02 7.93e+02 7.87e+02 7.82e+02 7.76e+02 7.71e+02 7.66e+02 7.60e+02 7.55e+02 7.50e+02 7.44e+02 7.39e+02 7.34e+02 7.29e+02 7.24e+02 7.19e+02 7.14e+02 7.09e+02 7.04e+02 6.99e+02 6.94e+02 6.89e+02 6.84e+02 6.79e+02 6.75e+02 6.70e+02 6.65e+02 6.60e+02 6.56e+02 6.51e+02 6.47e+02 6.42e+02 6.38e+02 6.33e+02 6.29e+02 6.24e+02 6.20e+02 6.16e+02 6.12e+02 6.07e+02 6.03e+02 5.99e+02 5.95e+02 5.91e+02 5.87e+02 5.83e+02 5.79e+02 5.75e+02 5.71e+02 5.67e+02 5.63e+02 5.59e+02 5.55e+02 5.52e+02 5.48e+02 5.44e+02 5.40e+02 5.37e+02 5.33e+02 5.30e+02 5.26e+02 5.22e+02 5.19e+02 5.16e+02 5.12e+02 5.09e+02 5.05e+02 5.02e+02 4.99e+02 4.95e+02 4.92e+02 4.89e+02 4.86e+02 4.82e+02 4.79e+02 4.76e+02 4.73e+02 4.70e+02 4.67e+02 4.64e+02 4.61e+02 4.58e+02 4.55e+02 4.52e+02 4.49e+02 4.46e+02 4.43e+02 4.41e+02 4.38e+02 4.35e+02 4.32e+02 4.30e+02 4.27e+02 4.24e+02 4.22e+02 4.19e+02 4.16e+02 4.14e+02 4.11e+02 4.09e+02 4.06e+02 4.03e+02 3.99e+02 3.89e+02 3.70e+02 3.37e+02 2.81e+02 2.00e+02 1.08e+02 3.91e+01 2.10e+01 2.00e+01 2.00e+01 2.00e+01 2.00e+01 
 3.34398217808089e-09   1.41e+03 1.41e+03 1.41e+03 1.40e+03 1.39e+03 1.39e+03 1.38e+03 1.37e+03 1.37e+03 1.36e+03 1.35e+03 1.35e+03 1.34e+03 1.34e+03 1.33e+03 1.32e+03 1.32e+03 1.31e+03 1.30e+03 1.30e+03 1.29e+03 1.28e+03 1.28e+03 1.27e+03 1.26e+03 1.26e+03 1.25e+03 1.25e+03 1.24e+03 1.23e+03 1.23e+03 1.22e+03 1.21e+03 1.21e+03 1.20e+03 1.19e+03 1.19e+03 1.18e+03 1.17e+03 1.17e+03 1.16e+03 1.15e+03 1.15e+03 1.14e+03 1.13e+03 1.13e+03 1.12e+03 1.11e+03 1.11e+03 1.10e+03 1.09e+03 1.09e+03 1.08e+03 1.07e+03 1.07e+03 1.06e+03 1.06e+03 1.05e+03 1.04e+03 1.04e+03 1.03e+03 1.02e+03 1.02e+03 1.01e+03 1.00e+03 9.97e+02 9.91e+02 9.84e+02 9.78e+02 9.72e+02 9.65e+02 9.59e+02 9.53e+02 9.47e+02 9.40e+02 9.34e+02 9.28e+02 9.22e+02 9.16e+02 9.10e+02 9.04e+02 8.98e+02 8.91e+02 8.85e+02 8.80e+02 8.74e+02 8.68e+02 8.62e+02 8.56e+02 8.50e+02 8.44e+02 8.38e+02 8.33e+02 8.27e+02 8.21e+02 8.16e+02 8.10e+02 8.04e+02 7.99e+02 7.93e+02 7.88e+02 7.82e+02 7.77e+02 7.71e+02 7.66e+02 7.61e+02 7.55e+02 7.50e+02 7.45e+02 7.39e+02 7.34e+02 7.29e+02 7.24e+02 7.19e+02 7.14e+02 7.09e+02 7.04e+02 6.99e+02 6.94e+02 6.89e+02 6.84e+02 6.80e+02 6.75e+02 6.70e+02 6.65e+02 6.61e+02 6.56e+02 6.52e+02 6.47e+02 6.43e+02 6.38e+02 6.34e+02 6.29e+02 6.25e+02 6.21e+02 6.16e+02 6.12e+02 6.08e+02 6.03e+02 5.99e+02 5.95e+02 5.91e+02 5.87e+02 5.83e+02 5.79e+02 5.75e+02 5.71e+02 5.67e+02 5.63e+02 5.60e+02 5.56e+02 5.52e+02 5.48e+02 5.44e+02 5.41e+02 5.37e+02 5.34e+02 5.30e+02 5.26e+02 5.23e+02 5.19e+02 5.16e+02 5.12e+02 5.09e+02 5.06e+02 5.02e+02 4.99e+02 4.96e+02 4.92e+02 4.89e+02 4.86e+02 4.83e+02 4.80e+02 4.77e+02 4.73e+02 4.70e+02 4.67e+02 4.64e+02 4.61e+02 4.58e+02 4.55e+02 4.53e+02 4.50e+02 4.47e+02 4.44e+02 4.41e+02 4.38e+02 4.35e+02 4.33e+02 4.30e+02 4.27e+02 4.25e+02 4.22e+02 4.19e+02 4.17e+02 4.14e+02 4.12e+02 4.09e+02 4.06e+02 4.04e+02 3.99e+02 3.89e+02 3.71e+02 3.37e+02 2.81e+02 2.01e+02 1.09e+02 3.92e+01 2.10e+01 2.00e+01 2.00e+01 2.00e+01 2.00e+01 
 3.35398824860079e-09   1.41e+03 1.41e+03 1.41e+03 1.40e+03 1.39e+03 1.39e+03 1.38e+03 1.37e+03 1.37e+03 1.36e+03 1.35e+03 1.35e+03 1.34e+03 1.34e+03 1.33e+03 1.32e+03 1.32e+03 1.31e+03 1.30e+03 1.30e+03 1.29e+03 1.28e+03 1.28e+03 1.27e+03 1.26e+03 1.26e+03 1.25e+03 1.24e+03 1.24e+03 1.23e+03 1.23e+03 1.22e+03 1.21e+03 1.21e+03 1.20e+03 1.19e+03 1.19e+03 1.18e+03 1.17e+03 1.17e+03 1.16e+03 1.15e+03 1.15e+03 1.14e+03 1.13e+03 1.13e+03 1.12e+03 1.11e+03 1.11e+03 1.10e+03 1.09e+03 1.09e+03 1.08e+03 1.07e+03 1.07e+03 1.06e+03 1.05e+03 1.05e+03 1.04e+03 1.04e+03 1.03e+03 1.02e+03 1.02e+03 1.01e+03 1.00e+03 9.97e+02 9.91e+02 9.84e+02 9.78e+02 9.72e+02 9.65e+02 9.59e+02 9.53e+02 9.47e+02 9.40e+02 9.34e+02 9.28e+02 9.22e+02 9.16e+02 9.10e+02 9.04e+02 8.98e+02 8.92e+02 8.86e+02 8.80e+02 8.74e+02 8.68e+02 8.62e+02 8.56e+02 8.50e+02 8.44e+02 8.39e+02 8.33e+02 8.27e+02 8.21e+02 8.16e+02 8.10e+02 8.04e+02 7.99e+02 7.93e+02 7.88e+02 7.82e+02 7.77e+02 7.71e+02 7.66e+02 7.61e+02 7.55e+02 7.50e+02 7.45e+02 7.40e+02 7.35e+02 7.29e+02 7.24e+02 7.19e+02 7.14e+02 7.09e+02 7.04e+02 6.99e+02 6.94e+02 6.90e+02 6.85e+02 6.80e+02 6.75e+02 6.70e+02 6.66e+02 6.61e+02 6.57e+02 6.52e+02 6.47e+02 6.43e+02 6.38e+02 6.34e+02 6.30e+02 6.25e+02 6.21e+02 6.17e+02 6.12e+02 6.08e+02 6.04e+02 6.00e+02 5.96e+02 5.91e+02 5.87e+02 5.83e+02 5.79e+02 5.75e+02 5.71e+02 5.68e+02 5.64e+02 5.60e+02 5.56e+02 5.52e+02 5.49e+02 5.45e+02 5.41e+02 5.38e+02 5.34e+02 5.30e+02 5.27e+02 5.23e+02 5.20e+02 5.16e+02 5.13e+02 5.09e+02 5.06e+02 5.03e+02 4.99e+02 4.96e+02 4.93e+02 4.90e+02 4.86e+02 4.83e+02 4.80e+02 4.77e+02 4.74e+02 4.71e+02 4.68e+02 4.65e+02 4.62e+02 4.59e+02 4.56e+02 4.53e+02 4.50e+02 4.47e+02 4.44e+02 4.41e+02 4.39e+02 4.36e+02 4.33e+02 4.30e+02 4.28e+02 4.25e+02 4.22e+02 4.20e+02 4.17e+02 4.14e+02 4.12e+02 4.09e+02 4.07e+02 4.04e+02 3.99e+02 3.90e+02 3.71e+02 3.38e+02 2.82e+02 2.01e+02 1.09e+02 3.93e+01 2.10e+01 2.00e+01 2.00e+01 2.00e+01 2.00e+01 
 3.36399604223700e-09   1.41e+03 1.41e+03 1.40e+03 1.40e+03 1.39e+03 1.39e+03 1.38e+03 1.37e+03 1.37e+03 1.36e+03 1.35e+03 1.35e+03 1.34e+03 1.33e+03 1.33e+03 1.32e+03 1.32e+03 1.31e+03 1.30e+03 1.30e+03 1.29e+03 1.28e+03 1.28e+03 1.27e+03 1.26e+03 1.26e+03 1.25e+03 1.24e+03 1.24e+03 1.23e+03 1.22e+03 1.22e+03 1.21e+03 1.21e+03 1.20e+03 1.19e+03 1.19e+03 1.18e+03 1.17e+03 1.17e+03 1.16e+03 1.15e+03 1.15e+03 1.14e+03 1.13e+03 1.13e+03 1.12e+03 1.11e+03 1.11e+03 1.10e+03 1.09e+03 1.09e+03 1.08e+03 1.07e+03 1.07e+03 1.06e+03 1.05e+03 1.05e+03 1.04e+03 1.04e+03 1.03e+03 1.02e+03 1.02e+03 1.01e+03 1.00e+03 9.97e+02 9.91e+02 9.84e+02 9.78e+02 9.72e+02 9.65e+02 9.59e+02 9.53e+02 9.47e+02 9.41e+02 9.34e+02 9.28e+02 9.22e+02 9.16e+02 9.10e+02 9.04e+02 8.98e+02 8.92e+02 8.86e+02 8.80e+02 8.74e+02 8.68e+02 8.62e+02 8.56e+02 8.50e+02 8.44e+02 8.39e+02 8.33e+02 8.27e+02 8.22e+02 8.16e+02 8.10e+02 8.05e+02 7.99e+02 7.94e+02 7.88e+02 7.83e+02 7.77e+02 7.72e+02 7.66e+02 7.61e+02 7.56e+02 7.50e+02 7.45e+02 7.40e+02 7.35e+02 7.30e+02 7.25e+02 7.20e+02 7.14e+02 7.09e+02 7.05e+02 7.00e+02 6.95e+02 6.90e+02 6.85e+02 6.80e+02 6.75e+02 6.71e+02 6.66e+02 6.61e+02 6.57e+02 6.52e+02 6.48e+02 6.43e+02 6.39e+02 6.34e+02 6.30e+02 6.26e+02 6.21e+02 6.17e+02 6.13e+02 6.08e+02 6.04e+02 6.00e+02 5.96e+02 5.92e+02 5.88e+02 5.84e+02 5.80e+02 5.76e+02 5.72e+02 5.68e+02 5.64e+02 5.60e+02 5.56e+02 5.53e+02 5.49e+02 5.45e+02 5.42e+02 5.38e+02 5.34e+02 5.31e+02 5.27e+02 5.24e+02 5.20e+02 5.17e+02 5.13e+02 5.10e+02 5.07e+02 5.03e+02 5.00e+02 4.97e+02 4.93e+02 4.90e+02 4.87e+02 4.84e+02 4.81e+02 4.77e+02 4.74e+02 4.71e+02 4.68e+02 4.65e+02 4.62e+02 4.59e+02 4.56e+02 4.53e+02 4.50e+02 4.48e+02 4.45e+02 4.42e+02 4.39e+02 4.36e+02 4.34e+02 4.31e+02 4.28e+02 4.25e+02 4.23e+02 4.20e+02 4.18e+02 4.15e+02 4.12e+02 4.10e+02 4.07e+02 4.05e+02 4.00e+02 3.90e+02 3.72e+02 3.38e+02 2.82e+02 2.01e+02 1.09e+02 3.94e+01 2.10e+01 2.00e+01 2.00e+01 2.00e+01 2.00e+01 
 3.37400555444541e-09   1.41e+03 1.41e+03 1.40e+03 1.40e+03 1.39e+03 1.39e+03 1.38e+03 1.37e+03 1.37e+03 1.36e+03 1.35e+03 1.35e+03 1.34e+03 1.33e+03 1.33e+03 1.32e+03 1.32e+03 1.31e+03 1.30e+03 1.30e+03 1.29e+03 1.28e+03 1.28e+03 1.27e+03 1.26e+03 1.26e+03 1.25e+03 1.24e+03 1.24e+03 1.23e+03 1.22e+03 1.22e+03 1.21e+03 1.20e+03 1.20e+03 1.19e+03 1.19e+03 1.18e+03 1.17e+03 1.17e+03 1.16e+03 1.15e+03 1.15e+03 1.14e+03 1.13e+03 1.13e+03 1.12e+03 1.11e+03 1.11e+03 1.10e+03 1.09e+03 1.09e+03 1.08e+03 1.07e+03 1.07e+03 1.06e+03 1.05e+03 1.05e+03 1.04e+03 1.04e+03 1.03e+03 1.02e+03 1.02e+03 1.01e+03 1.00e+03 9.97e+02 9.91e+02 9.84e+02 9.78e+02 9.72e+02 9.65e+02 9.59e+02 9.53e+02 9.47e+02 9.41e+02 9.34e+02 9.28e+02 9.22e+02 9.16e+02 9.10e+02 9.04e+02 8.98e+02 8.92e+02 8.86e+02 8.80e+02 8.74e+02 8.68e+02 8.62e+02 8.56e+02 8.50e+02 8.45e+02 8.39e+02 8.33e+02 8.27e+02 8.22e+02 8.16e+02 8.10e+02 8.05e+02 7.99e+02 7.94e+02 7.88e+02 7.83e+02 7.77e+02 7.72e+02 7.67e+02 7.61e+02 7.56e+02 7.51e+02 7.45e+02 7.40e+02 7.35e+02 7.30e+02 7.25e+02 7.20e+02 7.15e+02 7.10e+02 7.05e+02 7.00e+02 6.95e+02 6.90e+02 6.85e+02 6.81e+02 6.76e+02 6.71e+02 6.66e+02 6.62e+02 6.57e+02 6.53e+02 6.48e+02 6.44e+02 6.39e+02 6.35e+02 6.30e+02 6.26e+02 6.22e+02 6.17e+02 6.13e+02 6.09e+02 6.05e+02 6.00e+02 5.96e+02 5.92e+02 5.88e+02 5.84e+02 5.80e+02 5.76e+02 5.72e+02 5.68e+02 5.64e+02 5.61e+02 5.57e+02 5.53e+02 5.49e+02 5.46e+02 5.42e+02 5.38e+02 5.35e+02 5.31e+02 5.28e+02 5.24e+02 5.21e+02 5.17e+02 5.14e+02 5.10e+02 5.07e+02 5.04e+02 5.00e+02 4.97e+02 4.94e+02 4.90e+02 4.87e+02 4.84e+02 4.81e+02 4.78e+02 4.75e+02 4.72e+02 4.69e+02 4.66e+02 4.63e+02 4.60e+02 4.57e+02 4.54e+02 4.51e+02 4.48e+02 4.45e+02 4.42e+02 4.39e+02 4.37e+02 4.34e+02 4.31e+02 4.29e+02 4.26e+02 4.23e+02 4.21e+02 4.18e+02 4.15e+02 4.13e+02 4.10e+02 4.08e+02 4.05e+02 4.00e+02 3.90e+02 3.72e+02 3.38e+02 2.82e+02 2.02e+02 1.09e+02 3.95e+01 2.10e+01 2.00e+01 2.00e+01 2.00e+01 2.00e+01 
 3.38401678070192e-09   1.41e+03 1.41e+03 1.40e+03 1.40e+03 1.39e+03 1.39e+03 1.38e+03 1.37e+03 1.37e+03 1.36e+03 1.35e+03 1.35e+03 1.34e+03 1.33e+03 1.33e+03 1.32e+03 1.32e+03 1.31e+03 1.30e+03 1.30e+03 1.29e+03 1.28e+03 1.28e+03 1.27e+03 1.26e+03 1.26e+03 1.25e+03 1.24e+03 1.24e+03 1.23e+03 1.22e+03 1.22e+03 1.21e+03 1.20e+03 1.20e+03 1.19e+03 1.19e+03 1.18e+03 1.17e+03 1.17e+03 1.16e+03 1.15e+03 1.15e+03 1.14e+03 1.13e+03 1.13e+03 1.12e+03 1.11e+03 1.11e+03 1.10e+03 1.09e+03 1.09e+03 1.08e+03 1.07e+03 1.07e+03 1.06e+03 1.05e+03 1.05e+03 1.04e+03 1.04e+03 1.03e+03 1.02e+03 1.02e+03 1.01e+03 1.00e+03 9.97e+02 9.91e+02 9.84e+02 9.78e+02 9.72e+02 9.65e+02 9.59e+02 9.53e+02 9.47e+02 9.41e+02 9.34e+02 9.28e+02 9.22e+02 9.16e+02 9.10e+02 9.04e+02 8.98e+02 8.92e+02 8.86e+02 8.80e+02 8.74e+02 8.68e+02 8.62e+02 8.56e+02 8.51e+02 8.45e+02 8.39e+02 8.33e+02 8.28e+02 8.22e+02 8.16e+02 8.11e+02 8.05e+02 7.99e+02 7.94e+02 7.88e+02 7.83e+02 7.78e+02 7.72e+02 7.67e+02 7.61e+02 7.56e+02 7.51e+02 7.46e+02 7.41e+02 7.35e+02 7.30e+02 7.25e+02 7.20e+02 7.15e+02 7.10e+02 7.05e+02 7.00e+02 6.95e+02 6.90e+02 6.86e+02 6.81e+02 6.76e+02 6.71e+02 6.67e+02 6.62e+02 6.57e+02 6.53e+02 6.48e+02 6.44e+02 6.39e+02 6.35e+02 6.31e+02 6.26e+02 6.22e+02 6.18e+02 6.13e+02 6.09e+02 6.05e+02 6.01e+02 5.97e+02 5.93e+02 5.89e+02 5.84e+02 5.80e+02 5.77e+02 5.73e+02 5.69e+02 5.65e+02 5.61e+02 5.57e+02 5.53e+02 5.50e+02 5.46e+02 5.42e+02 5.39e+02 5.35e+02 5.32e+02 5.28e+02 5.24e+02 5.21e+02 5.18e+02 5.14e+02 5.11e+02 5.07e+02 5.04e+02 5.01e+02 4.97e+02 4.94e+02 4.91e+02 4.88e+02 4.84e+02 4.81e+02 4.78e+02 4.75e+02 4.72e+02 4.69e+02 4.66e+02 4.63e+02 4.60e+02 4.57e+02 4.54e+02 4.51e+02 4.48e+02 4.46e+02 4.43e+02 4.40e+02 4.37e+02 4.34e+02 4.32e+02 4.29e+02 4.26e+02 4.24e+02 4.21e+02 4.18e+02 4.16e+02 4.13e+02 4.11e+02 4.08e+02 4.06e+02 4.01e+02 3.91e+02 3.72e+02 3.39e+02 2.83e+02 2.02e+02 1.10e+02 3.96e+01 2.10e+01 2.00e+01 2.00e+01 2.00e+01 2.00e+01 
 3.39402971650234e-09   1.41e+03 1.41e+03 1.40e+03 1.40e+03 1.39e+03 1.39e+03 1.38e+03 1.37e+03 1.37e+03 1.36e+03 1.35e+03 1.35e+03 1.34e+03 1.33e+03 1.33e+03 1.32e+03 1.31e+03 1.31e+03 1.30e+03 1.30e+03 1.29e+03 1.28e+03 1.28e+03 1.27e+03 1.26e+03 1.26e+03 1.25e+03 1.24e+03 1.24e+03 1.23e+03 1.22e+03 1.22e+03 1.21e+03 1.20e+03 1.20e+03 1.19e+03 1.18e+03 1.18e+03 1.17e+03 1.17e+03 1.16e+03 1.15e+03 1.15e+03 1.14e+03 1.13e+03 1.13e+03 1.12e+03 1.11e+03 1.11e+03 1.10e+03 1.09e+03 1.09e+03 1.08e+03 1.07e+03 1.07e+03 1.06e+03 1.05e+03 1.05e+03 1.04e+03 1.04e+03 1.03e+03 1.02e+03 1.02e+03 1.01e+03 1.00e+03 9.97e+02 9.91e+02 9.84e+02 9.78e+02 9.72e+02 9.65e+02 9.59e+02 9.53e+02 9.47e+02 9.41e+02 9.34e+02 9.28e+02 9.22e+02 9.16e+02 9.10e+02 9.04e+02 8.98e+02 8.92e+02 8.86e+02 8.80e+02 8.74e+02 8.68e+02 8.62e+02 8.56e+02 8.51e+02 8.45e+02 8.39e+02 8.33e+02 8.28e+02 8.22e+02 8.16e+02 8.11e+02 8.05e+02 8.00e+02 7.94e+02 7.89e+02 7.83e+02 7.78e+02 7.72e+02 7.67e+02 7.62e+02 7.56e+02 7.51e+02 7.46e+02 7.41e+02 7.36e+02 7.30e+02 7.25e+02 7.20e+02 7.15e+02 7.10e+02 7.05e+02 7.00e+02 6.96e+02 6.91e+02 6.86e+02 6.81e+02 6.76e+02 6.72e+02 6.67e+02 6.62e+02 6.58e+02 6.53e+02 6.49e+02 6.44e+02 6.40e+02 6.35e+02 6.31e+02 6.27e+02 6.22e+02 6.18e+02 6.14e+02 6.09e+02 6.05e+02 6.01e+02 5.97e+02 5.93e+02 5.89e+02 5.85e+02 5.81e+02 5.77e+02 5.73e+02 5.69e+02 5.65e+02 5.61e+02 5.58e+02 5.54e+02 5.50e+02 5.46e+02 5.43e+02 5.39e+02 5.35e+02 5.32e+02 5.28e+02 5.25e+02 5.21e+02 5.18e+02 5.14e+02 5.11e+02 5.08e+02 5.04e+02 5.01e+02 4.98e+02 4.95e+02 4.91e+02 4.88e+02 4.85e+02 4.82e+02 4.79e+02 4.76e+02 4.72e+02 4.69e+02 4.66e+02 4.63e+02 4.60e+02 4.57e+02 4.55e+02 4.52e+02 4.49e+02 4.46e+02 4.43e+02 4.40e+02 4.38e+02 4.35e+02 4.32e+02 4.29e+02 4.27e+02 4.24e+02 4.21e+02 4.19e+02 4.16e+02 4.14e+02 4.11e+02 4.08e+02 4.06e+02 4.01e+02 3.91e+02 3.73e+02 3.39e+02 2.83e+02 2.02e+02 1.10e+02 3.97e+01 2.10e+01 2.00e+01 2.00e+01 2.00e+01 2.00e+01 
 3.40404435736221e-09   1.41e+03 1.39e+03 1.39e+03 1.39e+03 1.38e+03 1.38e+03 1.38e+03 1.37e+03 1.36e+03 1.36e+03 1.35e+03 1.35e+03 1.34e+03 1.33e+03 1.33e+03 1.32e+03 1.31e+03 1.31e+03 1.30e+03 1.30e+03 1.29e+03 1.28e+03 1.28e+03 1.27e+03 1.26e+03 1.26e+03 1.25e+03 1.24e+03 1.24e+03 1.23e+03 1.22e+03 1.22e+03 1.21e+03 1.20e+03 1.20e+03 1.19e+03 1.18e+03 1.18e+03 1.17e+03 1.16e+03 1.16e+03 1.15e+03 1.15e+03 1.14e+03 1.13e+03 1.13e+03 1.12e+03 1.11e+03 1.11e+03 1.10e+03 1.09e+03 1.09e+03 1.08e+03 1.07e+03 1.07e+03 1.06e+03 1.05e+03 1.05e+03 1.04e+03 1.04e+03 1.03e+03 1.02e+03 1.02e+03 1.01e+03 1.00e+03 9.97e+02 9.91e+02 9.84e+02 9.78e+02 9.72e+02 9.65e+02 9.59e+02 9.53e+02 9.47e+02 9.41e+02 9.34e+02 9.28e+02 9.22e+02 9.16e+02 9.10e+02 9.04e+02 8.98e+02 8.92e+02 8.86e+02 8.80e+02 8.74e+02 8.68e+02 8.62e+02 8.57e+02 8.51e+02 8.45e+02 8.39e+02 8.34e+02 8.28e+02 8.22e+02 8.17e+02 8.11e+02 8.05e+02 8.00e+02 7.94e+02 7.89e+02 7.83e+02 7.78e+02 7.73e+02 7.67e+02 7.62e+02 7.57e+02 7.51e+02 7.46e+02 7.41e+02 7.36e+02 7.31e+02 7.26e+02 7.21e+02 7.16e+02 7.11e+02 7.06e+02 7.01e+02 6.96e+02 6.91e+02 6.86e+02 6.81e+02 6.77e+02 6.72e+02 6.67e+02 6.63e+02 6.58e+02 6.54e+02 6.49e+02 6.45e+02 6.40e+02 6.36e+02 6.31e+02 6.27e+02 6.23e+02 6.18e+02 6.14e+02 6.10e+02 6.06e+02 6.01e+02 5.97e+02 5.93e+02 5.89e+02 5.85e+02 5.81e+02 5.77e+02 5.73e+02 5.69e+02 5.66e+02 5.62e+02 5.58e+02 5.54e+02 5.50e+02 5.47e+02 5.43e+02 5.39e+02 5.36e+02 5.32e+02 5.29e+02 5.25e+02 5.22e+02 5.18e+02 5.15e+02 5.11e+02 5.08e+02 5.05e+02 5.01e+02 4.98e+02 4.95e+02 4.92e+02 4.88e+02 4.85e+02 4.82e+02 4.79e+02 4.76e+02 4.73e+02 4.70e+02 4.67e+02 4.64e+02 4.61e+02 4.58e+02 4.55e+02 4.52e+02 4.49e+02 4.46e+02 4.44e+02 4.41e+02 4.38e+02 4.35e+02 4.32e+02 4.30e+02 4.27e+02 4.24e+02 4.22e+02 4.19e+02 4.17e+02 4.14e+02 4.11e+02 4.09e+02 4.06e+02 4.01e+02 3.92e+02 3.73e+02 3.40e+02 2.84e+02 2.03e+02 1.10e+02 3.98e+01 2.10e+01 2.00e+01 2.00e+01 2.00e+01 2.00e+01 
 3.41406069881674e-09   1.41e+03 1.37e+03 1.37e+03 1.37e+03 1.37e+03 1.37e+03 1.36e+03 1.36e+03 1.36e+03 1.35e+03 1.35e+03 1.34e+03 1.34e+03 1.33e+03 1.33e+03 1.32e+03 1.31e+03 1.31e+03 1.30e+03 1.29e+03 1.29e+03 1.28e+03 1.28e+03 1.27e+03 1.26e+03 1.26e+03 1.25e+03 1.24e+03 1.24e+03 1.23e+03 1.22e+03 1.22e+03 1.21e+03 1.20e+03 1.20e+03 1.19e+03 1.18e+03 1.18e+03 1.17e+03 1.16e+03 1.16e+03 1.15e+03 1.15e+03 1.14e+03 1.13e+03 1.13e+03 1.12e+03 1.11e+03 1.11e+03 1.10e+03 1.09e+03 1.09e+03 1.08e+03 1.07e+03 1.07e+03 1.06e+03 1.05e+03 1.05e+03 1.04e+03 1.04e+03 1.03e+03 1.02e+03 1.02e+03 1.01e+03 1.00e+03 9.97e+02 9.91e+02 9.84e+02 9.78e+02 9.72e+02 9.65e+02 9.59e+02 9.53e+02 9.47e+02 9.41e+02 9.35e+02 9.28e+02 9.22e+02 9.16e+02 9.10e+02 9.04e+02 8.98e+02 8.92e+02 8.86e+02 8.80e+02 8.74e+02 8.68e+02 8.63e+02 8.57e+02 8.51e+02 8.45e+02 8.39e+02 8.34e+02 8.28e+02 8.22e+02 8.17e+02 8.11e+02 8.06e+02 8.00e+02 7.95e+02 7.89e+02 7.84e+02 7.78e+02 7.73e+02 7.67e+02 7.62e+02 7.57e+02 7.52e+02 7.46e+02 7.41e+02 7.36e+02 7.31e+02 7.26e+02 7.21e+02 7.16e+02 7.11e+02 7.06e+02 7.01e+02 6.96e+02 6.91e+02 6.87e+02 6.82e+02 6.77e+02 6.72e+02 6.68e+02 6.63e+02 6.58e+02 6.54e+02 6.49e+02 6.45e+02 6.40e+02 6.36e+02 6.32e+02 6.27e+02 6.23e+02 6.19e+02 6.14e+02 6.10e+02 6.06e+02 6.02e+02 5.98e+02 5.94e+02 5.90e+02 5.86e+02 5.82e+02 5.78e+02 5.74e+02 5.70e+02 5.66e+02 5.62e+02 5.58e+02 5.55e+02 5.51e+02 5.47e+02 5.44e+02 5.40e+02 5.36e+02 5.33e+02 5.29e+02 5.26e+02 5.22e+02 5.19e+02 5.15e+02 5.12e+02 5.08e+02 5.05e+02 5.02e+02 4.99e+02 4.95e+02 4.92e+02 4.89e+02 4.86e+02 4.83e+02 4.79e+02 4.76e+02 4.73e+02 4.70e+02 4.67e+02 4.64e+02 4.61e+02 4.58e+02 4.55e+02 4.52e+02 4.50e+02 4.47e+02 4.44e+02 4.41e+02 4.38e+02 4.36e+02 4.33e+02 4.30e+02 4.27e+02 4.25e+02 4.22e+02 4.20e+02 4.17e+02 4.14e+02 4.12e+02 4.09e+02 4.07e+02 4.02e+02 3.92e+02 3.74e+02 3.40e+02 2.84e+02 2.03e+02 1.10e+02 3.99e+01 2.10e+01 2.00e+01 2.00e+01 2.00e+01 2.00e+01 
 3.42407873642058e-09   1.41e+03 1.36e+03 1.36e+03 1.36e+03 1.36e+03 1.36e+03 1.35e+03 1.35e+03 1.35e+03 1.34e+03 1.34e+03 1.34e+03 1.33e+03 1.33e+03 1.32e+03 1.32e+03 1.31e+03 1.30e+03 1.30e+03 1.29e+03 1.29e+03 1.28e+03 1.27e+03 1.27e+03 1.26e+03 1.26e+03 1.25e+03 1.24e+03 1.24e+03 1.23e+03 1.22e+03 1.22e+03 1.21e+03 1.20e+03 1.20e+03 1.19e+03 1.18e+03 1.18e+03 1.17e+03 1.16e+03 1.16e+03 1.15e+03 1.14e+03 1.14e+03 1.13e+03 1.13e+03 1.12e+03 1.11e+03 1.11e+03 1.10e+03 1.09e+03 1.09e+03 1.08e+03 1.07e+03 1.07e+03 1.06e+03 1.05e+03 1.05e+03 1.04e+03 1.03e+03 1.03e+03 1.02e+03 1.02e+03 1.01e+03 1.00e+03 9.97e+02 9.91e+02 9.84e+02 9.78e+02 9.72e+02 9.65e+02 9.59e+02 9.53e+02 9.47e+02 9.41e+02 9.35e+02 9.28e+02 9.22e+02 9.16e+02 9.10e+02 9.04e+02 8.98e+02 8.92e+02 8.86e+02 8.80e+02 8.74e+02 8.69e+02 8.63e+02 8.57e+02 8.51e+02 8.45e+02 8.40e+02 8.34e+02 8.28e+02 8.23e+02 8.17e+02 8.11e+02 8.06e+02 8.00e+02 7.95e+02 7.89e+02 7.84e+02 7.78e+02 7.73e+02 7.68e+02 7.62e+02 7.57e+02 7.52e+02 7.47e+02 7.42e+02 7.36e+02 7.31e+02 7.26e+02 7.21e+02 7.16e+02 7.11e+02 7.06e+02 7.01e+02 6.96e+02 6.92e+02 6.87e+02 6.82e+02 6.77e+02 6.73e+02 6.68e+02 6.63e+02 6.59e+02 6.54e+02 6.50e+02 6.45e+02 6.41e+02 6.36e+02 6.32e+02 6.28e+02 6.23e+02 6.19e+02 6.15e+02 6.11e+02 6.06e+02 6.02e+02 5.98e+02 5.94e+02 5.90e+02 5.86e+02 5.82e+02 5.78e+02 5.74e+02 5.70e+02 5.66e+02 5.63e+02 5.59e+02 5.55e+02 5.51e+02 5.48e+02 5.44e+02 5.40e+02 5.37e+02 5.33e+02 5.30e+02 5.26e+02 5.23e+02 5.19e+02 5.16e+02 5.12e+02 5.09e+02 5.06e+02 5.02e+02 4.99e+02 4.96e+02 4.92e+02 4.89e+02 4.86e+02 4.83e+02 4.80e+02 4.77e+02 4.74e+02 4.71e+02 4.68e+02 4.65e+02 4.62e+02 4.59e+02 4.56e+02 4.53e+02 4.50e+02 4.47e+02 4.44e+02 4.42e+02 4.39e+02 4.36e+02 4.33e+02 4.31e+02 4.28e+02 4.25e+02 4.23e+02 4.20e+02 4.17e+02 4.15e+02 4.12e+02 4.10e+02 4.07e+02 4.02e+02 3.93e+02 3.74e+02 3.40e+02 2.84e+02 2.03e+02 1.11e+02 4.00e+01 2.10e+01 2.00e+01 2.00e+01 2.00e+01 2.00e+01 
 3.43409846574775e-09   1.41e+03 1.35e+03 1.35e+03 1.35e+03 1.35e+03 1.35e+03 1.35e+03 1.34e+03 1.34e+03 1.34e+03 1.33e+03 1.33e+03 1.32e+03 1.32e+03 1.32e+03 1.31e+03 1.31e+03 1.30e+03 1.30e+03 1.29e+03 1.28e+03 1.28e+03 1.27e+03 1.27e+03 1.26e+03 1.25e+03 1.25e+03 1.24e+03 1.24e+03 1.23e+03 1.22e+03 1.22e+03 1.21e+03 1.20e+03 1.20e+03 1.19e+03 1.18e+03 1.18e+03 1.17e+03 1.16e+03 1.16e+03 1.15e+03 1.14e+03 1.14e+03 1.13e+03 1.13e+03 1.12e+03 1.11e+03 1.11e+03 1.10e+03 1.09e+03 1.09e+03 1.08e+03 1.07e+03 1.07e+03 1.06e+03 1.05e+03 1.05e+03 1.04e+03 1.03e+03 1.03e+03 1.02e+03 1.02e+03 1.01e+03 1.00e+03 9.97e+02 9.90e+02 9.84e+02 9.78e+02 9.72e+02 9.65e+02 9.59e+02 9.53e+02 9.47e+02 9.41e+02 9.35e+02 9.29e+02 9.22e+02 9.16e+02 9.10e+02 9.04e+02 8.98e+02 8.92e+02 8.86e+02 8.80e+02 8.75e+02 8.69e+02 8.63e+02 8.57e+02 8.51e+02 8.45e+02 8.40e+02 8.34e+02 8.28e+02 8.23e+02 8.17e+02 8.12e+02 8.06e+02 8.00e+02 7.95e+02 7.89e+02 7.84e+02 7.79e+02 7.73e+02 7.68e+02 7.63e+02 7.57e+02 7.52e+02 7.47e+02 7.42e+02 7.37e+02 7.32e+02 7.26e+02 7.21e+02 7.16e+02 7.11e+02 7.07e+02 7.02e+02 6.97e+02 6.92e+02 6.87e+02 6.82e+02 6.78e+02 6.73e+02 6.68e+02 6.64e+02 6.59e+02 6.55e+02 6.50e+02 6.46e+02 6.41e+02 6.37e+02 6.32e+02 6.28e+02 6.24e+02 6.19e+02 6.15e+02 6.11e+02 6.07e+02 6.03e+02 5.98e+02 5.94e+02 5.90e+02 5.86e+02 5.82e+02 5.78e+02 5.74e+02 5.71e+02 5.67e+02 5.63e+02 5.59e+02 5.55e+02 5.52e+02 5.48e+02 5.44e+02 5.41e+02 5.37e+02 5.33e+02 5.30e+02 5.26e+02 5.23e+02 5.19e+02 5.16e+02 5.13e+02 5.09e+02 5.06e+02 5.03e+02 4.99e+02 4.96e+02 4.93e+02 4.90e+02 4.86e+02 4.83e+02 4.80e+02 4.77e+02 4.74e+02 4.71e+02 4.68e+02 4.65e+02 4.62e+02 4.59e+02 4.56e+02 4.53e+02 4.50e+02 4.48e+02 4.45e+02 4.42e+02 4.39e+02 4.36e+02 4.34e+02 4.31e+02 4.28e+02 4.26e+02 4.23e+02 4.20e+02 4.18e+02 4.15e+02 4.13e+02 4.10e+02 4.08e+02 4.03e+02 3.93e+02 3.74e+02 3.41e+02 2.85e+02 2.04e+02 1.11e+02 4.01e+01 2.11e+01 2.00e+01 2.00e+01 2.00e+01 2.00e+01 
 3.44411988239149e-09   1.26e+03 1.39e+03 1.39e+03 1.38e+03 1.37e+03 1.36e+03 1.35e+03 1.34e+03 1.34e+03 1.33e+03 1.33e+03 1.32e+03 1.32e+03 1.31e+03 1.31e+03 1.31e+03 1.30e+03 1.30e+03 1.29e+03 1.29e+03 1.28e+03 1.28e+03 1.27e+03 1.26e+03 1.26e+03 1.25e+03 1.25e+03 1.24e+03 1.23e+03 1.23e+03 1.22e+03 1.22e+03 1.21e+03 1.20e+03 1.20e+03 1.19e+03 1.18e+03 1.18e+03 1.17e+03 1.16e+03 1.16e+03 1.15e+03 1.14e+03 1.14e+03 1.13e+03 1.12e+03 1.12e+03 1.11e+03 1.11e+03 1.10e+03 1.09e+03 1.09e+03 1.08e+03 1.07e+03 1.07e+03 1.06e+03 1.05e+03 1.05e+03 1.04e+03 1.03e+03 1.03e+03 1.02e+03 1.02e+03 1.01e+03 1.00e+03 9.97e+02 9.90e+02 9.84e+02 9.78e+02 9.72e+02 9.65e+02 9.59e+02 9.53e+02 9.47e+02 9.41e+02 9.35e+02 9.29e+02 9.22e+02 9.16e+02 9.10e+02 9.04e+02 8.98e+02 8.92e+02 8.86e+02 8.81e+02 8.75e+02 8.69e+02 8.63e+02 8.57e+02 8.51e+02 8.46e+02 8.40e+02 8.34e+02 8.29e+02 8.23e+02 8.17e+02 8.12e+02 8.06e+02 8.01e+02 7.95e+02 7.90e+02 7.84e+02 7.79e+02 7.73e+02 7.68e+02 7.63e+02 7.58e+02 7.52e+02 7.47e+02 7.42e+02 7.37e+02 7.32e+02 7.27e+02 7.22e+02 7.17e+02 7.12e+02 7.07e+02 7.02e+02 6.97e+02 6.92e+02 6.87e+02 6.83e+02 6.78e+02 6.73e+02 6.69e+02 6.64e+02 6.59e+02 6.55e+02 6.50e+02 6.46e+02 6.41e+02 6.37e+02 6.33e+02 6.28e+02 6.24e+02 6.20e+02 6.15e+02 6.11e+02 6.07e+02 6.03e+02 5.99e+02 5.95e+02 5.91e+02 5.87e+02 5.83e+02 5.79e+02 5.75e+02 5.71e+02 5.67e+02 5.63e+02 5.59e+02 5.56e+02 5.52e+02 5.48e+02 5.45e+02 5.41e+02 5.37e+02 5.34e+02 5.30e+02 5.27e+02 5.23e+02 5.20e+02 5.16e+02 5.13e+02 5.10e+02 5.06e+02 5.03e+02 5.00e+02 4.96e+02 4.93e+02 4.90e+02 4.87e+02 4.84e+02 4.81e+02 4.78e+02 4.74e+02 4.71e+02 4.68e+02 4.65e+02 4.62e+02 4.59e+02 4.57e+02 4.54e+02 4.51e+02 4.48e+02 4.45e+02 4.42e+02 4.40e+02 4.37e+02 4.34e+02 4.31e+02 4.29e+02 4.26e+02 4.23e+02 4.21e+02 4.18e+02 4.16e+02 4.13e+02 4.10e+02 4.08e+02 4.03e+02 3.93e+02 3.75e+02 3.41e+02 2.85e+02 2.04e+02 1.11e+02 4.02e+01 2.11e+01 2.00e+01 2.00e+01 2.00e+01 2.00e+01 
 3.45414298196409e-09   1.26e+03 1.30e+03 1.32e+03 1.34e+03 1.35e+03 1.35e+03 1.35e+03 1.34e+03 1.34e+03 1.33e+03 1.32e+03 1.32e+03 1.32e+03 1.31e+03 1.31e+03 1.30e+03 1.30e+03 1.29e+03 1.29e+03 1.28e+03 1.28e+03 1.27e+03 1.27e+03 1.26e+03 1.26e+03 1.25e+03 1.24e+03 1.24e+03 1.23e+03 1.23e+03 1.22e+03 1.21e+03 1.21e+03 1.20e+03 1.20e+03 1.19e+03 1.18e+03 1.18e+03 1.17e+03 1.16e+03 1.16e+03 1.15e+03 1.14e+03 1.14e+03 1.13e+03 1.12e+03 1.12e+03 1.11e+03 1.11e+03 1.10e+03 1.09e+03 1.09e+03 1.08e+03 1.07e+03 1.07e+03 1.06e+03 1.05e+03 1.05e+03 1.04e+03 1.03e+03 1.03e+03 1.02e+03 1.02e+03 1.01e+03 1.00e+03 9.97e+02 9.90e+02 9.84e+02 9.78e+02 9.72e+02 9.65e+02 9.59e+02 9.53e+02 9.47e+02 9.41e+02 9.35e+02 9.29e+02 9.23e+02 9.16e+02 9.10e+02 9.04e+02 8.98e+02 8.93e+02 8.87e+02 8.81e+02 8.75e+02 8.69e+02 8.63e+02 8.57e+02 8.52e+02 8.46e+02 8.40e+02 8.34e+02 8.29e+02 8.23e+02 8.17e+02 8.12e+02 8.06e+02 8.01e+02 7.95e+02 7.90e+02 7.84e+02 7.79e+02 7.74e+02 7.68e+02 7.63e+02 7.58e+02 7.53e+02 7.47e+02 7.42e+02 7.37e+02 7.32e+02 7.27e+02 7.22e+02 7.17e+02 7.12e+02 7.07e+02 7.02e+02 6.97e+02 6.93e+02 6.88e+02 6.83e+02 6.78e+02 6.74e+02 6.69e+02 6.64e+02 6.60e+02 6.55e+02 6.51e+02 6.46e+02 6.42e+02 6.37e+02 6.33e+02 6.29e+02 6.24e+02 6.20e+02 6.16e+02 6.12e+02 6.07e+02 6.03e+02 5.99e+02 5.95e+02 5.91e+02 5.87e+02 5.83e+02 5.79e+02 5.75e+02 5.71e+02 5.67e+02 5.64e+02 5.60e+02 5.56e+02 5.52e+02 5.49e+02 5.45e+02 5.41e+02 5.38e+02 5.34e+02 5.31e+02 5.27e+02 5.24e+02 5.20e+02 5.17e+02 5.13e+02 5.10e+02 5.07e+02 5.03e+02 5.00e+02 4.97e+02 4.94e+02 4.90e+02 4.87e+02 4.84e+02 4.81e+02 4.78e+02 4.75e+02 4.72e+02 4.69e+02 4.66e+02 4.63e+02 4.60e+02 4.57e+02 4.54e+02 4.51e+02 4.48e+02 4.46e+02 4.43e+02 4.40e+02 4.37e+02 4.34e+02 4.32e+02 4.29e+02 4.26e+02 4.24e+02 4.21e+02 4.19e+02 4.16e+02 4.13e+02 4.11e+02 4.08e+02 4.03e+02 3.94e+02 3.75e+02 3.42e+02 2.85e+02 2.04e+02 1.11e+02 4.03e+01 2.11e+01 2.00e+01 2.00e+01 2.00e+01 2.00e+01 
 3.46416776009685e-09   1.26e+03 1.28e+03 1.30e+03 1.32e+03 1.33e+03 1.33e+03 1.33e+03 1.33e+03 1.33e+03 1.33e+03 1.32e+03 1.32e+03 1.31e+03 1.31e+03 1.30e+03 1.30e+03 1.29e+03 1.29e+03 1.28e+03 1.28e+03 1.27e+03 1.27e+03 1.26e+03 1.26e+03 1.25e+03 1.25e+03 1.24e+03 1.24e+03 1.23e+03 1.22e+03 1.22e+03 1.21e+03 1.21e+03 1.20e+03 1.19e+03 1.19e+03 1.18e+03 1.18e+03 1.17e+03 1.16e+03 1.16e+03 1.15e+03 1.14e+03 1.14e+03 1.13e+03 1.12e+03 1.12e+03 1.11e+03 1.11e+03 1.10e+03 1.09e+03 1.09e+03 1.08e+03 1.07e+03 1.07e+03 1.06e+03 1.05e+03 1.05e+03 1.04e+03 1.03e+03 1.03e+03 1.02e+03 1.02e+03 1.01e+03 1.00e+03 9.97e+02 9.90e+02 9.84e+02 9.78e+02 9.72e+02 9.65e+02 9.59e+02 9.53e+02 9.47e+02 9.41e+02 9.35e+02 9.29e+02 9.23e+02 9.17e+02 9.11e+02 9.05e+02 8.99e+02 8.93e+02 8.87e+02 8.81e+02 8.75e+02 8.69e+02 8.63e+02 8.57e+02 8.52e+02 8.46e+02 8.40e+02 8.35e+02 8.29e+02 8.23e+02 8.18e+02 8.12e+02 8.07e+02 8.01e+02 7.96e+02 7.90e+02 7.85e+02 7.79e+02 7.74e+02 7.69e+02 7.63e+02 7.58e+02 7.53e+02 7.48e+02 7.43e+02 7.37e+02 7.32e+02 7.27e+02 7.22e+02 7.17e+02 7.12e+02 7.07e+02 7.02e+02 6.98e+02 6.93e+02 6.88e+02 6.83e+02 6.79e+02 6.74e+02 6.69e+02 6.65e+02 6.60e+02 6.55e+02 6.51e+02 6.47e+02 6.42e+02 6.38e+02 6.33e+02 6.29e+02 6.25e+02 6.20e+02 6.16e+02 6.12e+02 6.08e+02 6.04e+02 6.00e+02 5.95e+02 5.91e+02 5.87e+02 5.83e+02 5.79e+02 5.76e+02 5.72e+02 5.68e+02 5.64e+02 5.60e+02 5.56e+02 5.53e+02 5.49e+02 5.45e+02 5.42e+02 5.38e+02 5.35e+02 5.31e+02 5.28e+02 5.24e+02 5.21e+02 5.17e+02 5.14e+02 5.10e+02 5.07e+02 5.04e+02 5.01e+02 4.97e+02 4.94e+02 4.91e+02 4.88e+02 4.85e+02 4.81e+02 4.78e+02 4.75e+02 4.72e+02 4.69e+02 4.66e+02 4.63e+02 4.60e+02 4.57e+02 4.54e+02 4.52e+02 4.49e+02 4.46e+02 4.43e+02 4.40e+02 4.38e+02 4.35e+02 4.32e+02 4.29e+02 4.27e+02 4.24e+02 4.22e+02 4.19e+02 4.16e+02 4.14e+02 4.11e+02 4.09e+02 4.04e+02 3.94e+02 3.76e+02 3.42e+02 2.86e+02 2.05e+02 1.12e+02 4.04e+01 2.11e+01 2.00e+01 2.00e+01 2.00e+01 2.00e+01 
 3.47416876247571e-09   1.41e+03 1.40e+03 1.38e+03 1.37e+03 1.35e+03 1.34e+03 1.33e+03 1.33e+03 1.32e+03 1.32e+03 1.31e+03 1.31e+03 1.30e+03 1.30e+03 1.30e+03 1.29e+03 1.29e+03 1.29e+03 1.28e+03 1.28e+03 1.27e+03 1.27e+03 1.26e+03 1.26e+03 1.25e+03 1.25e+03 1.24e+03 1.23e+03 1.23e+03 1.22e+03 1.22e+03 1.21e+03 1.20e+03 1.20e+03 1.19e+03 1.19e+03 1.18e+03 1.17e+03 1.17e+03 1.16e+03 1.16e+03 1.15e+03 1.14e+03 1.14e+03 1.13e+03 1.12e+03 1.12e+03 1.11e+03 1.10e+03 1.10e+03 1.09e+03 1.09e+03 1.08e+03 1.07e+03 1.07e+03 1.06e+03 1.05e+03 1.05e+03 1.04e+03 1.03e+03 1.03e+03 1.02e+03 1.02e+03 1.01e+03 1.00e+03 9.97e+02 9.90e+02 9.84e+02 9.78e+02 9.72e+02 9.65e+02 9.59e+02 9.53e+02 9.47e+02 9.41e+02 9.35e+02 9.29e+02 9.23e+02 9.17e+02 9.11e+02 9.05e+02 8.99e+02 8.93e+02 8.87e+02 8.81e+02 8.75e+02 8.69e+02 8.63e+02 8.58e+02 8.52e+02 8.46e+02 8.40e+02 8.35e+02 8.29e+02 8.23e+02 8.18e+02 8.12e+02 8.07e+02 8.01e+02 7.96e+02 7.90e+02 7.85e+02 7.80e+02 7.74e+02 7.69e+02 7.64e+02 7.58e+02 7.53e+02 7.48e+02 7.43e+02 7.38e+02 7.33e+02 7.28e+02 7.22e+02 7.18e+02 7.13e+02 7.08e+02 7.03e+02 6.98e+02 6.93e+02 6.88e+02 6.84e+02 6.79e+02 6.74e+02 6.70e+02 6.65e+02 6.60e+02 6.56e+02 6.51e+02 6.47e+02 6.42e+02 6.38e+02 6.34e+02 6.29e+02 6.25e+02 6.21e+02 6.16e+02 6.12e+02 6.08e+02 6.04e+02 6.00e+02 5.96e+02 5.92e+02 5.88e+02 5.84e+02 5.80e+02 5.76e+02 5.72e+02 5.68e+02 5.64e+02 5.61e+02 5.57e+02 5.53e+02 5.49e+02 5.46e+02 5.42e+02 5.39e+02 5.35e+02 5.31e+02 5.28e+02 5.24e+02 5.21e+02 5.18e+02 5.14e+02 5.11e+02 5.08e+02 5.04e+02 5.01e+02 4.98e+02 4.94e+02 4.91e+02 4.88e+02 4.85e+02 4.82e+02 4.79e+02 4.76e+02 4.73e+02 4.70e+02 4.67e+02 4.64e+02 4.61e+02 4.58e+02 4.55e+02 4.52e+02 4.49e+02 4.46e+02 4.44e+02 4.41e+02 4.38e+02 4.35e+02 4.33e+02 4.30e+02 4.27e+02 4.25e+02 4.22e+02 4.19e+02 4.17e+02 4.14e+02 4.12e+02 4.09e+02 4.04e+02 3.95e+02 3.76e+02 3.42e+02 2.86e+02 2.05e+02 1.12e+02 4.05e+01 2.11e+01 2.00e+01 2.00e+01 2.00e+01 2.00e+01 
 3.48417142627881e-09   1.30e+03 1.30e+03 1.30e+03 1.30e+03 1.30e+03 1.30e+03 1.30e+03 1.31e+03 1.31e+03 1.30e+03 1.30e+03 1.30e+03 1.30e+03 1.30e+03 1.29e+03 1.29e+03 1.29e+03 1.28e+03 1.28e+03 1.27e+03 1.27e+03 1.26e+03 1.26e+03 1.25e+03 1.25e+03 1.24e+03 1.24e+03 1.23e+03 1.23e+03 1.22e+03 1.22e+03 1.21e+03 1.20e+03 1.20e+03 1.19e+03 1.19e+03 1.18e+03 1.17e+03 1.17e+03 1.16e+03 1.15e+03 1.15e+03 1.14e+03 1.14e+03 1.13e+03 1.12e+03 1.12e+03 1.11e+03 1.10e+03 1.10e+03 1.09e+03 1.09e+03 1.08e+03 1.07e+03 1.07e+03 1.06e+03 1.05e+03 1.05e+03 1.04e+03 1.03e+03 1.03e+03 1.02e+03 1.02e+03 1.01e+03 1.00e+03 9.97e+02 9.90e+02 9.84e+02 9.78e+02 9.72e+02 9.65e+02 9.59e+02 9.53e+02 9.47e+02 9.41e+02 9.35e+02 9.29e+02 9.23e+02 9.17e+02 9.11e+02 9.05e+02 8.99e+02 8.93e+02 8.87e+02 8.81e+02 8.75e+02 8.69e+02 8.63e+02 8.58e+02 8.52e+02 8.46e+02 8.40e+02 8.35e+02 8.29e+02 8.24e+02 8.18e+02 8.12e+02 8.07e+02 8.01e+02 7.96e+02 7.90e+02 7.85e+02 7.80e+02 7.74e+02 7.69e+02 7.64e+02 7.59e+02 7.53e+02 7.48e+02 7.43e+02 7.38e+02 7.33e+02 7.28e+02 7.23e+02 7.18e+02 7.13e+02 7.08e+02 7.03e+02 6.98e+02 6.93e+02 6.89e+02 6.84e+02 6.79e+02 6.74e+02 6.70e+02 6.65e+02 6.61e+02 6.56e+02 6.52e+02 6.47e+02 6.43e+02 6.38e+02 6.34e+02 6.30e+02 6.25e+02 6.21e+02 6.17e+02 6.13e+02 6.08e+02 6.04e+02 6.00e+02 5.96e+02 5.92e+02 5.88e+02 5.84e+02 5.80e+02 5.76e+02 5.72e+02 5.69e+02 5.65e+02 5.61e+02 5.57e+02 5.54e+02 5.50e+02 5.46e+02 5.43e+02 5.39e+02 5.35e+02 5.32e+02 5.28e+02 5.25e+02 5.21e+02 5.18e+02 5.15e+02 5.11e+02 5.08e+02 5.05e+02 5.01e+02 4.98e+02 4.95e+02 4.92e+02 4.88e+02 4.85e+02 4.82e+02 4.79e+02 4.76e+02 4.73e+02 4.70e+02 4.67e+02 4.64e+02 4.61e+02 4.58e+02 4.55e+02 4.52e+02 4.50e+02 4.47e+02 4.44e+02 4.41e+02 4.38e+02 4.36e+02 4.33e+02 4.30e+02 4.28e+02 4.25e+02 4.22e+02 4.20e+02 4.17e+02 4.15e+02 4.12e+02 4.10e+02 4.05e+02 3.95e+02 3.76e+02 3.43e+02 2.87e+02 2.05e+02 1.12e+02 4.06e+01 2.11e+01 2.00e+01 2.00e+01 2.00e+01 2.00e+01 
 3.49417574722631e-09   1.30e+03 1.30e+03 1.30e+03 1.30e+03 1.30e+03 1.30e+03 1.30e+03 1.30e+03 1.30e+03 1.30e+03 1.29e+03 1.29e+03 1.29e+03 1.29e+03 1.29e+03 1.28e+03 1.28e+03 1.28e+03 1.27e+03 1.27e+03 1.26e+03 1.26e+03 1.25e+03 1.25e+03 1.25e+03 1.24e+03 1.23e+03 1.23e+03 1.22e+03 1.22e+03 1.21e+03 1.21e+03 1.20e+03 1.20e+03 1.19e+03 1.18e+03 1.18e+03 1.17e+03 1.17e+03 1.16e+03 1.15e+03 1.15e+03 1.14e+03 1.14e+03 1.13e+03 1.12e+03 1.12e+03 1.11e+03 1.10e+03 1.10e+03 1.09e+03 1.08e+03 1.08e+03 1.07e+03 1.07e+03 1.06e+03 1.05e+03 1.05e+03 1.04e+03 1.03e+03 1.03e+03 1.02e+03 1.02e+03 1.01e+03 1.00e+03 9.96e+02 9.90e+02 9.84e+02 9.78e+02 9.72e+02 9.65e+02 9.59e+02 9.53e+02 9.47e+02 9.41e+02 9.35e+02 9.29e+02 9.23e+02 9.17e+02 9.11e+02 9.05e+02 8.99e+02 8.93e+02 8.87e+02 8.81e+02 8.75e+02 8.69e+02 8.64e+02 8.58e+02 8.52e+02 8.46e+02 8.41e+02 8.35e+02 8.29e+02 8.24e+02 8.18e+02 8.13e+02 8.07e+02 8.02e+02 7.96e+02 7.91e+02 7.85e+02 7.80e+02 7.75e+02 7.69e+02 7.64e+02 7.59e+02 7.54e+02 7.48e+02 7.43e+02 7.38e+02 7.33e+02 7.28e+02 7.23e+02 7.18e+02 7.13e+02 7.08e+02 7.03e+02 6.98e+02 6.94e+02 6.89e+02 6.84e+02 6.79e+02 6.75e+02 6.70e+02 6.66e+02 6.61e+02 6.56e+02 6.52e+02 6.47e+02 6.43e+02 6.39e+02 6.34e+02 6.30e+02 6.26e+02 6.21e+02 6.17e+02 6.13e+02 6.09e+02 6.05e+02 6.01e+02 5.97e+02 5.92e+02 5.88e+02 5.85e+02 5.81e+02 5.77e+02 5.73e+02 5.69e+02 5.65e+02 5.61e+02 5.58e+02 5.54e+02 5.50e+02 5.47e+02 5.43e+02 5.39e+02 5.36e+02 5.32e+02 5.29e+02 5.25e+02 5.22e+02 5.18e+02 5.15e+02 5.12e+02 5.08e+02 5.05e+02 5.02e+02 4.98e+02 4.95e+02 4.92e+02 4.89e+02 4.86e+02 4.83e+02 4.80e+02 4.76e+02 4.73e+02 4.70e+02 4.67e+02 4.64e+02 4.61e+02 4.59e+02 4.56e+02 4.53e+02 4.50e+02 4.47e+02 4.44e+02 4.42e+02 4.39e+02 4.36e+02 4.33e+02 4.31e+02 4.28e+02 4.25e+02 4.23e+02 4.20e+02 4.18e+02 4.15e+02 4.13e+02 4.10e+02 4.05e+02 3.95e+02 3.77e+02 3.43e+02 2.87e+02 2.06e+02 1.12e+02 4.07e+01 2.11e+01 2.00e+01 2.00e+01 2.00e+01 2.00e+01 
 3.50418172105668e-09   1.30e+03 1.30e+03 1.30e+03 1.30e+03 1.30e+03 1.30e+03 1.30e+03 1.29e+03 1.29e+03 1.29e+03 1.29e+03 1.29e+03 1.28e+03 1.28e+03 1.28e+03 1.28e+03 1.27e+03 1.27e+03 1.27e+03 1.26e+03 1.26e+03 1.26e+03 1.25e+03 1.25e+03 1.24e+03 1.24e+03 1.23e+03 1.23e+03 1.22e+03 1.22e+03 1.21e+03 1.21e+03 1.20e+03 1.19e+03 1.19e+03 1.18e+03 1.18e+03 1.17e+03 1.16e+03 1.16e+03 1.15e+03 1.15e+03 1.14e+03 1.13e+03 1.13e+03 1.12e+03 1.12e+03 1.11e+03 1.10e+03 1.10e+03 1.09e+03 1.08e+03 1.08e+03 1.07e+03 1.07e+03 1.06e+03 1.05e+03 1.05e+03 1.04e+03 1.03e+03 1.03e+03 1.02e+03 1.02e+03 1.01e+03 1.00e+03 9.96e+02 9.90e+02 9.84e+02 9.78e+02 9.72e+02 9.65e+02 9.59e+02 9.53e+02 9.47e+02 9.41e+02 9.35e+02 9.29e+02 9.23e+02 9.17e+02 9.11e+02 9.05e+02 8.99e+02 8.93e+02 8.87e+02 8.81e+02 8.75e+02 8.69e+02 8.64e+02 8.58e+02 8.52e+02 8.46e+02 8.41e+02 8.35e+02 8.29e+02 8.24e+02 8.18e+02 8.13e+02 8.07e+02 8.02e+02 7.96e+02 7.91e+02 7.85e+02 7.80e+02 7.75e+02 7.70e+02 7.64e+02 7.59e+02 7.54e+02 7.49e+02 7.43e+02 7.38e+02 7.33e+02 7.28e+02 7.23e+02 7.18e+02 7.13e+02 7.08e+02 7.04e+02 6.99e+02 6.94e+02 6.89e+02 6.84e+02 6.80e+02 6.75e+02 6.70e+02 6.66e+02 6.61e+02 6.57e+02 6.52e+02 6.48e+02 6.43e+02 6.39e+02 6.35e+02 6.30e+02 6.26e+02 6.22e+02 6.18e+02 6.13e+02 6.09e+02 6.05e+02 6.01e+02 5.97e+02 5.93e+02 5.89e+02 5.85e+02 5.81e+02 5.77e+02 5.73e+02 5.69e+02 5.66e+02 5.62e+02 5.58e+02 5.54e+02 5.51e+02 5.47e+02 5.43e+02 5.40e+02 5.36e+02 5.33e+02 5.29e+02 5.26e+02 5.22e+02 5.19e+02 5.15e+02 5.12e+02 5.09e+02 5.05e+02 5.02e+02 4.99e+02 4.96e+02 4.92e+02 4.89e+02 4.86e+02 4.83e+02 4.80e+02 4.77e+02 4.74e+02 4.71e+02 4.68e+02 4.65e+02 4.62e+02 4.59e+02 4.56e+02 4.53e+02 4.50e+02 4.48e+02 4.45e+02 4.42e+02 4.39e+02 4.36e+02 4.34e+02 4.31e+02 4.28e+02 4.26e+02 4.23e+02 4.21e+02 4.18e+02 4.15e+02 4.13e+02 4.10e+02 4.05e+02 3.96e+02 3.77e+02 3.44e+02 2.87e+02 2.06e+02 1.13e+02 4.08e+01 2.11e+01 2.00e+01 2.00e+01 2.00e+01 2.00e+01 
 3.51418934352660e-09   1.29e+03 1.29e+03 1.29e+03 1.29e+03 1.29e+03 1.29e+03 1.29e+03 1.29e+03 1.29e+03 1.29e+03 1.28e+03 1.28e+03 1.28e+03 1.28e+03 1.27e+03 1.27e+03 1.27e+03 1.27e+03 1.26e+03 1.26e+03 1.25e+03 1.25e+03 1.25e+03 1.24e+03 1.24e+03 1.23e+03 1.23e+03 1.22e+03 1.22e+03 1.21e+03 1.21e+03 1.20e+03 1.20e+03 1.19e+03 1.19e+03 1.18e+03 1.18e+03 1.17e+03 1.16e+03 1.16e+03 1.15e+03 1.15e+03 1.14e+03 1.13e+03 1.13e+03 1.12e+03 1.11e+03 1.11e+03 1.10e+03 1.10e+03 1.09e+03 1.08e+03 1.08e+03 1.07e+03 1.07e+03 1.06e+03 1.05e+03 1.05e+03 1.04e+03 1.03e+03 1.03e+03 1.02e+03 1.01e+03 1.01e+03 1.00e+03 9.96e+02 9.90e+02 9.84e+02 9.78e+02 9.72e+02 9.65e+02 9.59e+02 9.53e+02 9.47e+02 9.41e+02 9.35e+02 9.29e+02 9.23e+02 9.17e+02 9.11e+02 9.05e+02 8.99e+02 8.93e+02 8.87e+02 8.81e+02 8.75e+02 8.70e+02 8.64e+02 8.58e+02 8.52e+02 8.47e+02 8.41e+02 8.35e+02 8.30e+02 8.24e+02 8.18e+02 8.13e+02 8.07e+02 8.02e+02 7.97e+02 7.91e+02 7.86e+02 7.80e+02 7.75e+02 7.70e+02 7.64e+02 7.59e+02 7.54e+02 7.49e+02 7.44e+02 7.39e+02 7.34e+02 7.29e+02 7.24e+02 7.19e+02 7.14e+02 7.09e+02 7.04e+02 6.99e+02 6.94e+02 6.89e+02 6.85e+02 6.80e+02 6.75e+02 6.71e+02 6.66e+02 6.62e+02 6.57e+02 6.53e+02 6.48e+02 6.44e+02 6.39e+02 6.35e+02 6.31e+02 6.26e+02 6.22e+02 6.18e+02 6.14e+02 6.09e+02 6.05e+02 6.01e+02 5.97e+02 5.93e+02 5.89e+02 5.85e+02 5.81e+02 5.77e+02 5.74e+02 5.70e+02 5.66e+02 5.62e+02 5.58e+02 5.55e+02 5.51e+02 5.47e+02 5.44e+02 5.40e+02 5.37e+02 5.33e+02 5.29e+02 5.26e+02 5.23e+02 5.19e+02 5.16e+02 5.12e+02 5.09e+02 5.06e+02 5.02e+02 4.99e+02 4.96e+02 4.93e+02 4.90e+02 4.86e+02 4.83e+02 4.80e+02 4.77e+02 4.74e+02 4.71e+02 4.68e+02 4.65e+02 4.62e+02 4.59e+02 4.56e+02 4.54e+02 4.51e+02 4.48e+02 4.45e+02 4.42e+02 4.40e+02 4.37e+02 4.34e+02 4.31e+02 4.29e+02 4.26e+02 4.24e+02 4.21e+02 4.18e+02 4.16e+02 4.13e+02 4.11e+02 4.06e+02 3.96e+02 3.78e+02 3.44e+02 2.88e+02 2.06e+02 1.13e+02 4.09e+01 2.11e+01 2.00e+01 2.00e+01 2.00e+01 2.00e+01 
 3.52419861041083e-09   1.29e+03 1.29e+03 1.29e+03 1.29e+03 1.29e+03 1.29e+03 1.29e+03 1.28e+03 1.28e+03 1.28e+03 1.28e+03 1.28e+03 1.28e+03 1.27e+03 1.27e+03 1.27e+03 1.26e+03 1.26e+03 1.26e+03 1.25e+03 1.25e+03 1.25e+03 1.24e+03 1.24e+03 1.23e+03 1.23e+03 1.23e+03 1.22e+03 1.22e+03 1.21e+03 1.21e+03 1.20e+03 1.20e+03 1.19e+03 1.18e+03 1.18e+03 1.17e+03 1.17e+03 1.16e+03 1.16e+03 1.15e+03 1.14e+03 1.14e+03 1.13e+03 1.13e+03 1.12e+03 1.11e+03 1.11e+03 1.10e+03 1.10e+03 1.09e+03 1.08e+03 1.08e+03 1.07e+03 1.06e+03 1.06e+03 1.05e+03 1.05e+03 1.04e+03 1.03e+03 1.03e+03 1.02e+03 1.01e+03 1.01e+03 1.00e+03 9.96e+02 9.90e+02 9.84e+02 9.78e+02 9.71e+02 9.65e+02 9.59e+02 9.53e+02 9.47e+02 9.41e+02 9.35e+02 9.29e+02 9.23e+02 9.17e+02 9.11e+02 9.05e+02 8.99e+02 8.93e+02 8.87e+02 8.81e+02 8.76e+02 8.70e+02 8.64e+02 8.58e+02 8.52e+02 8.47e+02 8.41e+02 8.35e+02 8.30e+02 8.24e+02 8.19e+02 8.13e+02 8.08e+02 8.02e+02 7.97e+02 7.91e+02 7.86e+02 7.81e+02 7.75e+02 7.70e+02 7.65e+02 7.59e+02 7.54e+02 7.49e+02 7.44e+02 7.39e+02 7.34e+02 7.29e+02 7.24e+02 7.19e+02 7.14e+02 7.09e+02 7.04e+02 6.99e+02 6.95e+02 6.90e+02 6.85e+02 6.80e+02 6.76e+02 6.71e+02 6.66e+02 6.62e+02 6.57e+02 6.53e+02 6.48e+02 6.44e+02 6.40e+02 6.35e+02 6.31e+02 6.27e+02 6.22e+02 6.18e+02 6.14e+02 6.10e+02 6.06e+02 6.02e+02 5.98e+02 5.94e+02 5.90e+02 5.86e+02 5.82e+02 5.78e+02 5.74e+02 5.70e+02 5.66e+02 5.62e+02 5.59e+02 5.55e+02 5.51e+02 5.48e+02 5.44e+02 5.40e+02 5.37e+02 5.33e+02 5.30e+02 5.26e+02 5.23e+02 5.20e+02 5.16e+02 5.13e+02 5.09e+02 5.06e+02 5.03e+02 5.00e+02 4.96e+02 4.93e+02 4.90e+02 4.87e+02 4.84e+02 4.81e+02 4.78e+02 4.75e+02 4.72e+02 4.69e+02 4.66e+02 4.63e+02 4.60e+02 4.57e+02 4.54e+02 4.51e+02 4.48e+02 4.46e+02 4.43e+02 4.40e+02 4.37e+02 4.35e+02 4.32e+02 4.29e+02 4.27e+02 4.24e+02 4.21e+02 4.19e+02 4.16e+02 4.14e+02 4.11e+02 4.06e+02 3.97e+02 3.78e+02 3.44e+02 2.88e+02 2.07e+02 1.13e+02 4.10e+01 2.11e+01 2.00e+01 2.00e+01 2.00e+01 2.00e+01 
 3.53420951750209e-09   1.28e+03 1.28e+03 1.28e+03 1.28e+03 1.28e+03 1.28e+03 1.28e+03 1.28e+03 1.28e+03 1.28e+03 1.27e+03 1.27e+03 1.27e+03 1.27e+03 1.27e+03 1.26e+03 1.26e+03 1.26e+03 1.25e+03 1.25e+03 1.25e+03 1.24e+03 1.24e+03 1.23e+03 1.23e+03 1.23e+03 1.22e+03 1.22e+03 1.21e+03 1.21e+03 1.20e+03 1.20e+03 1.19e+03 1.19e+03 1.18e+03 1.18e+03 1.17e+03 1.17e+03 1.16e+03 1.15e+03 1.15e+03 1.14e+03 1.14e+03 1.13e+03 1.13e+03 1.12e+03 1.11e+03 1.11e+03 1.10e+03 1.09e+03 1.09e+03 1.08e+03 1.08e+03 1.07e+03 1.06e+03 1.06e+03 1.05e+03 1.05e+03 1.04e+03 1.03e+03 1.03e+03 1.02e+03 1.01e+03 1.01e+03 1.00e+03 9.96e+02 9.90e+02 9.84e+02 9.77e+02 9.71e+02 9.65e+02 9.59e+02 9.53e+02 9.47e+02 9.41e+02 9.35e+02 9.29e+02 9.23e+02 9.17e+02 9.11e+02 9.05e+02 8.99e+02 8.93e+02 8.87e+02 8.81e+02 8.76e+02 8.70e+02 8.64e+02 8.58e+02 8.53e+02 8.47e+02 8.41e+02 8.36e+02 8.30e+02 8.24e+02 8.19e+02 8.13e+02 8.08e+02 8.02e+02 7.97e+02 7.91e+02 7.86e+02 7.81e+02 7.75e+02 7.70e+02 7.65e+02 7.60e+02 7.55e+02 7.49e+02 7.44e+02 7.39e+02 7.34e+02 7.29e+02 7.24e+02 7.19e+02 7.14e+02 7.09e+02 7.04e+02 7.00e+02 6.95e+02 6.90e+02 6.85e+02 6.81e+02 6.76e+02 6.71e+02 6.67e+02 6.62e+02 6.58e+02 6.53e+02 6.49e+02 6.44e+02 6.40e+02 6.36e+02 6.31e+02 6.27e+02 6.23e+02 6.19e+02 6.14e+02 6.10e+02 6.06e+02 6.02e+02 5.98e+02 5.94e+02 5.90e+02 5.86e+02 5.82e+02 5.78e+02 5.74e+02 5.70e+02 5.67e+02 5.63e+02 5.59e+02 5.55e+02 5.52e+02 5.48e+02 5.44e+02 5.41e+02 5.37e+02 5.34e+02 5.30e+02 5.27e+02 5.23e+02 5.20e+02 5.17e+02 5.13e+02 5.10e+02 5.07e+02 5.03e+02 5.00e+02 4.97e+02 4.94e+02 4.90e+02 4.87e+02 4.84e+02 4.81e+02 4.78e+02 4.75e+02 4.72e+02 4.69e+02 4.66e+02 4.63e+02 4.60e+02 4.57e+02 4.54e+02 4.52e+02 4.49e+02 4.46e+02 4.43e+02 4.40e+02 4.38e+02 4.35e+02 4.32e+02 4.30e+02 4.27e+02 4.24e+02 4.22e+02 4.19e+02 4.17e+02 4.14e+02 4.12e+02 4.07e+02 3.97e+02 3.78e+02 3.45e+02 2.88e+02 2.07e+02 1.13e+02 4.11e+01 2.12e+01 2.00e+01 2.00e+01 2.00e+01 2.00e+01 
 3.54422206061094e-09   1.28e+03 1.28e+03 1.28e+03 1.28e+03 1.28e+03 1.28e+03 1.28e+03 1.28e+03 1.27e+03 1.27e+03 1.27e+03 1.27e+03 1.27e+03 1.26e+03 1.26e+03 1.26e+03 1.26e+03 1.25e+03 1.25e+03 1.25e+03 1.24e+03 1.24e+03 1.24e+03 1.23e+03 1.23e+03 1.22e+03 1.22e+03 1.21e+03 1.21e+03 1.20e+03 1.20e+03 1.20e+03 1.19e+03 1.19e+03 1.18e+03 1.17e+03 1.17e+03 1.16e+03 1.16e+03 1.15e+03 1.15e+03 1.14e+03 1.14e+03 1.13e+03 1.12e+03 1.12e+03 1.11e+03 1.11e+03 1.10e+03 1.09e+03 1.09e+03 1.08e+03 1.08e+03 1.07e+03 1.06e+03 1.06e+03 1.05e+03 1.05e+03 1.04e+03 1.03e+03 1.03e+03 1.02e+03 1.01e+03 1.01e+03 1.00e+03 9.96e+02 9.90e+02 9.83e+02 9.77e+02 9.71e+02 9.65e+02 9.59e+02 9.53e+02 9.47e+02 9.41e+02 9.35e+02 9.29e+02 9.23e+02 9.17e+02 9.11e+02 9.05e+02 8.99e+02 8.93e+02 8.87e+02 8.82e+02 8.76e+02 8.70e+02 8.64e+02 8.58e+02 8.53e+02 8.47e+02 8.41e+02 8.36e+02 8.30e+02 8.25e+02 8.19e+02 8.13e+02 8.08e+02 8.03e+02 7.97e+02 7.92e+02 7.86e+02 7.81e+02 7.76e+02 7.70e+02 7.65e+02 7.60e+02 7.55e+02 7.50e+02 7.44e+02 7.39e+02 7.34e+02 7.29e+02 7.24e+02 7.19e+02 7.14e+02 7.10e+02 7.05e+02 7.00e+02 6.95e+02 6.90e+02 6.86e+02 6.81e+02 6.76e+02 6.72e+02 6.67e+02 6.63e+02 6.58e+02 6.54e+02 6.49e+02 6.45e+02 6.40e+02 6.36e+02 6.32e+02 6.27e+02 6.23e+02 6.19e+02 6.15e+02 6.11e+02 6.06e+02 6.02e+02 5.98e+02 5.94e+02 5.90e+02 5.86e+02 5.82e+02 5.78e+02 5.75e+02 5.71e+02 5.67e+02 5.63e+02 5.59e+02 5.56e+02 5.52e+02 5.48e+02 5.45e+02 5.41e+02 5.38e+02 5.34e+02 5.31e+02 5.27e+02 5.24e+02 5.20e+02 5.17e+02 5.14e+02 5.10e+02 5.07e+02 5.04e+02 5.00e+02 4.97e+02 4.94e+02 4.91e+02 4.88e+02 4.85e+02 4.81e+02 4.78e+02 4.75e+02 4.72e+02 4.69e+02 4.66e+02 4.63e+02 4.61e+02 4.58e+02 4.55e+02 4.52e+02 4.49e+02 4.46e+02 4.44e+02 4.41e+02 4.38e+02 4.35e+02 4.33e+02 4.30e+02 4.27e+02 4.25e+02 4.22e+02 4.20e+02 4.17e+02 4.14e+02 4.12e+02 4.07e+02 3.97e+02 3.79e+02 3.45e+02 2.89e+02 2.07e+02 1.14e+02 4.12e+01 2.12e+01 2.00e+01 2.00e+01 2.00e+01 2.00e+01 
 3.55423623556566e-09   1.28e+03 1.28e+03 1.28e+03 1.27e+03 1.27e+03 1.27e+03 1.27e+03 1.27e+03 1.27e+03 1.27e+03 1.27e+03 1.26e+03 1.26e+03 1.26e+03 1.26e+03 1.25e+03 1.25e+03 1.25e+03 1.25e+03 1.24e+03 1.24e+03 1.24e+03 1.23e+03 1.23e+03 1.22e+03 1.22e+03 1.22e+03 1.21e+03 1.21e+03 1.20e+03 1.20e+03 1.19e+03 1.19e+03 1.18e+03 1.18e+03 1.17e+03 1.17e+03 1.16e+03 1.16e+03 1.15e+03 1.15e+03 1.14e+03 1.13e+03 1.13e+03 1.12e+03 1.12e+03 1.11e+03 1.10e+03 1.10e+03 1.09e+03 1.09e+03 1.08e+03 1.07e+03 1.07e+03 1.06e+03 1.06e+03 1.05e+03 1.04e+03 1.04e+03 1.03e+03 1.03e+03 1.02e+03 1.01e+03 1.01e+03 1.00e+03 9.95e+02 9.89e+02 9.83e+02 9.77e+02 9.71e+02 9.65e+02 9.59e+02 9.53e+02 9.47e+02 9.41e+02 9.35e+02 9.29e+02 9.23e+02 9.17e+02 9.11e+02 9.05e+02 8.99e+02 8.93e+02 8.87e+02 8.82e+02 8.76e+02 8.70e+02 8.64e+02 8.59e+02 8.53e+02 8.47e+02 8.41e+02 8.36e+02 8.30e+02 8.25e+02 8.19e+02 8.14e+02 8.08e+02 8.03e+02 7.97e+02 7.92e+02 7.86e+02 7.81e+02 7.76e+02 7.71e+02 7.65e+02 7.60e+02 7.55e+02 7.50e+02 7.45e+02 7.40e+02 7.35e+02 7.30e+02 7.25e+02 7.20e+02 7.15e+02 7.10e+02 7.05e+02 7.00e+02 6.95e+02 6.91e+02 6.86e+02 6.81e+02 6.77e+02 6.72e+02 6.67e+02 6.63e+02 6.58e+02 6.54e+02 6.49e+02 6.45e+02 6.41e+02 6.36e+02 6.32e+02 6.28e+02 6.23e+02 6.19e+02 6.15e+02 6.11e+02 6.07e+02 6.03e+02 5.99e+02 5.95e+02 5.91e+02 5.87e+02 5.83e+02 5.79e+02 5.75e+02 5.71e+02 5.67e+02 5.64e+02 5.60e+02 5.56e+02 5.52e+02 5.49e+02 5.45e+02 5.42e+02 5.38e+02 5.34e+02 5.31e+02 5.28e+02 5.24e+02 5.21e+02 5.17e+02 5.14e+02 5.11e+02 5.07e+02 5.04e+02 5.01e+02 4.98e+02 4.94e+02 4.91e+02 4.88e+02 4.85e+02 4.82e+02 4.79e+02 4.76e+02 4.73e+02 4.70e+02 4.67e+02 4.64e+02 4.61e+02 4.58e+02 4.55e+02 4.52e+02 4.50e+02 4.47e+02 4.44e+02 4.41e+02 4.38e+02 4.36e+02 4.33e+02 4.30e+02 4.28e+02 4.25e+02 4.23e+02 4.20e+02 4.17e+02 4.15e+02 4.12e+02 4.07e+02 3.98e+02 3.79e+02 3.45e+02 2.89e+02 2.08e+02 1.14e+02 4.13e+01 2.12e+01 2.00e+01 2.00e+01 2.00e+01 2.00e+01 
 3.56425203821209e-09   1.27e+03 1.27e+03 1.27e+03 1.27e+03 1.27e+03 1.27e+03 1.27e+03 1.27e+03 1.27e+03 1.26e+03 1.26e+03 1.26e+03 1.26e+03 1.26e+03 1.25e+03 1.25e+03 1.25e+03 1.25e+03 1.24e+03 1.24e+03 1.24e+03 1.23e+03 1.23e+03 1.22e+03 1.22e+03 1.22e+03 1.21e+03 1.21e+03 1.20e+03 1.20e+03 1.19e+03 1.19e+03 1.19e+03 1.18e+03 1.18e+03 1.17e+03 1.16e+03 1.16e+03 1.15e+03 1.15e+03 1.14e+03 1.14e+03 1.13e+03 1.13e+03 1.12e+03 1.12e+03 1.11e+03 1.10e+03 1.10e+03 1.09e+03 1.09e+03 1.08e+03 1.07e+03 1.07e+03 1.06e+03 1.06e+03 1.05e+03 1.04e+03 1.04e+03 1.03e+03 1.03e+03 1.02e+03 1.01e+03 1.01e+03 1.00e+03 9.95e+02 9.89e+02 9.83e+02 9.77e+02 9.71e+02 9.65e+02 9.59e+02 9.53e+02 9.47e+02 9.41e+02 9.35e+02 9.29e+02 9.23e+02 9.17e+02 9.11e+02 9.05e+02 8.99e+02 8.93e+02 8.87e+02 8.82e+02 8.76e+02 8.70e+02 8.64e+02 8.59e+02 8.53e+02 8.47e+02 8.42e+02 8.36e+02 8.30e+02 8.25e+02 8.19e+02 8.14e+02 8.08e+02 8.03e+02 7.97e+02 7.92e+02 7.87e+02 7.81e+02 7.76e+02 7.71e+02 7.66e+02 7.60e+02 7.55e+02 7.50e+02 7.45e+02 7.40e+02 7.35e+02 7.30e+02 7.25e+02 7.20e+02 7.15e+02 7.10e+02 7.05e+02 7.00e+02 6.96e+02 6.91e+02 6.86e+02 6.82e+02 6.77e+02 6.72e+02 6.68e+02 6.63e+02 6.59e+02 6.54e+02 6.50e+02 6.45e+02 6.41e+02 6.37e+02 6.32e+02 6.28e+02 6.24e+02 6.20e+02 6.15e+02 6.11e+02 6.07e+02 6.03e+02 5.99e+02 5.95e+02 5.91e+02 5.87e+02 5.83e+02 5.79e+02 5.75e+02 5.71e+02 5.68e+02 5.64e+02 5.60e+02 5.56e+02 5.53e+02 5.49e+02 5.46e+02 5.42e+02 5.38e+02 5.35e+02 5.31e+02 5.28e+02 5.24e+02 5.21e+02 5.18e+02 5.14e+02 5.11e+02 5.08e+02 5.04e+02 5.01e+02 4.98e+02 4.95e+02 4.92e+02 4.88e+02 4.85e+02 4.82e+02 4.79e+02 4.76e+02 4.73e+02 4.70e+02 4.67e+02 4.64e+02 4.61e+02 4.58e+02 4.56e+02 4.53e+02 4.50e+02 4.47e+02 4.44e+02 4.42e+02 4.39e+02 4.36e+02 4.33e+02 4.31e+02 4.28e+02 4.26e+02 4.23e+02 4.20e+02 4.18e+02 4.15e+02 4.13e+02 4.08e+02 3.98e+02 3.80e+02 3.46e+02 2.89e+02 2.08e+02 1.14e+02 4.15e+01 2.12e+01 2.00e+01 2.00e+01 2.00e+01 2.00e+01 
 3.57426946441351e-09   1.27e+03 1.27e+03 1.27e+03 1.27e+03 1.27e+03 1.26e+03 1.26e+03 1.26e+03 1.26e+03 1.26e+03 1.26e+03 1.26e+03 1.25e+03 1.25e+03 1.25e+03 1.25e+03 1.24e+03 1.24e+03 1.24e+03 1.24e+03 1.23e+03 1.23e+03 1.23e+03 1.22e+03 1.22e+03 1.21e+03 1.21e+03 1.21e+03 1.20e+03 1.20e+03 1.19e+03 1.19e+03 1.18e+03 1.18e+03 1.17e+03 1.17e+03 1.16e+03 1.16e+03 1.15e+03 1.15e+03 1.14e+03 1.14e+03 1.13e+03 1.13e+03 1.12e+03 1.11e+03 1.11e+03 1.10e+03 1.10e+03 1.09e+03 1.08e+03 1.08e+03 1.07e+03 1.07e+03 1.06e+03 1.06e+03 1.05e+03 1.04e+03 1.04e+03 1.03e+03 1.03e+03 1.02e+03 1.01e+03 1.01e+03 1.00e+03 9.95e+02 9.89e+02 9.83e+02 9.77e+02 9.71e+02 9.65e+02 9.59e+02 9.53e+02 9.47e+02 9.41e+02 9.35e+02 9.29e+02 9.23e+02 9.17e+02 9.11e+02 9.05e+02 8.99e+02 8.93e+02 8.87e+02 8.82e+02 8.76e+02 8.70e+02 8.64e+02 8.59e+02 8.53e+02 8.47e+02 8.42e+02 8.36e+02 8.31e+02 8.25e+02 8.19e+02 8.14e+02 8.08e+02 8.03e+02 7.98e+02 7.92e+02 7.87e+02 7.82e+02 7.76e+02 7.71e+02 7.66e+02 7.61e+02 7.55e+02 7.50e+02 7.45e+02 7.40e+02 7.35e+02 7.30e+02 7.25e+02 7.20e+02 7.15e+02 7.10e+02 7.06e+02 7.01e+02 6.96e+02 6.91e+02 6.86e+02 6.82e+02 6.77e+02 6.73e+02 6.68e+02 6.63e+02 6.59e+02 6.54e+02 6.50e+02 6.46e+02 6.41e+02 6.37e+02 6.33e+02 6.28e+02 6.24e+02 6.20e+02 6.16e+02 6.12e+02 6.07e+02 6.03e+02 5.99e+02 5.95e+02 5.91e+02 5.87e+02 5.83e+02 5.80e+02 5.76e+02 5.72e+02 5.68e+02 5.64e+02 5.61e+02 5.57e+02 5.53e+02 5.50e+02 5.46e+02 5.42e+02 5.39e+02 5.35e+02 5.32e+02 5.28e+02 5.25e+02 5.21e+02 5.18e+02 5.15e+02 5.11e+02 5.08e+02 5.05e+02 5.02e+02 4.98e+02 4.95e+02 4.92e+02 4.89e+02 4.86e+02 4.83e+02 4.80e+02 4.77e+02 4.74e+02 4.71e+02 4.68e+02 4.65e+02 4.62e+02 4.59e+02 4.56e+02 4.53e+02 4.50e+02 4.47e+02 4.45e+02 4.42e+02 4.39e+02 4.37e+02 4.34e+02 4.31e+02 4.29e+02 4.26e+02 4.23e+02 4.21e+02 4.18e+02 4.16e+02 4.13e+02 4.08e+02 3.98e+02 3.80e+02 3.46e+02 2.90e+02 2.08e+02 1.14e+02 4.16e+01 2.12e+01 2.00e+01 2.00e+01 2.00e+01 2.00e+01 
 3.58428851005039e-09   1.26e+03 1.26e+03 1.26e+03 1.26e+03 1.26e+03 1.26e+03 1.26e+03 1.26e+03 1.26e+03 1.26e+03 1.25e+03 1.25e+03 1.25e+03 1.25e+03 1.25e+03 1.24e+03 1.24e+03 1.24e+03 1.23e+03 1.23e+03 1.23e+03 1.23e+03 1.22e+03 1.22e+03 1.21e+03 1.21e+03 1.21e+03 1.20e+03 1.20e+03 1.19e+03 1.19e+03 1.18e+03 1.18e+03 1.18e+03 1.17e+03 1.17e+03 1.16e+03 1.16e+03 1.15e+03 1.15e+03 1.14e+03 1.13e+03 1.13e+03 1.12e+03 1.12e+03 1.11e+03 1.11e+03 1.10e+03 1.10e+03 1.09e+03 1.08e+03 1.08e+03 1.07e+03 1.07e+03 1.06e+03 1.05e+03 1.05e+03 1.04e+03 1.04e+03 1.03e+03 1.02e+03 1.02e+03 1.01e+03 1.01e+03 1.00e+03 9.94e+02 9.88e+02 9.82e+02 9.76e+02 9.70e+02 9.64e+02 9.58e+02 9.52e+02 9.46e+02 9.40e+02 9.35e+02 9.29e+02 9.23e+02 9.17e+02 9.11e+02 9.05e+02 8.99e+02 8.93e+02 8.87e+02 8.82e+02 8.76e+02 8.70e+02 8.64e+02 8.59e+02 8.53e+02 8.47e+02 8.42e+02 8.36e+02 8.31e+02 8.25e+02 8.20e+02 8.14e+02 8.09e+02 8.03e+02 7.98e+02 7.92e+02 7.87e+02 7.82e+02 7.76e+02 7.71e+02 7.66e+02 7.61e+02 7.56e+02 7.51e+02 7.45e+02 7.40e+02 7.35e+02 7.30e+02 7.25e+02 7.20e+02 7.16e+02 7.11e+02 7.06e+02 7.01e+02 6.96e+02 6.91e+02 6.87e+02 6.82e+02 6.77e+02 6.73e+02 6.68e+02 6.64e+02 6.59e+02 6.55e+02 6.50e+02 6.46e+02 6.42e+02 6.37e+02 6.33e+02 6.29e+02 6.24e+02 6.20e+02 6.16e+02 6.12e+02 6.08e+02 6.04e+02 6.00e+02 5.96e+02 5.92e+02 5.88e+02 5.84e+02 5.80e+02 5.76e+02 5.72e+02 5.68e+02 5.65e+02 5.61e+02 5.57e+02 5.54e+02 5.50e+02 5.46e+02 5.43e+02 5.39e+02 5.36e+02 5.32e+02 5.29e+02 5.25e+02 5.22e+02 5.18e+02 5.15e+02 5.12e+02 5.08e+02 5.05e+02 5.02e+02 4.99e+02 4.96e+02 4.92e+02 4.89e+02 4.86e+02 4.83e+02 4.80e+02 4.77e+02 4.74e+02 4.71e+02 4.68e+02 4.65e+02 4.62e+02 4.59e+02 4.56e+02 4.53e+02 4.51e+02 4.48e+02 4.45e+02 4.42e+02 4.40e+02 4.37e+02 4.34e+02 4.32e+02 4.29e+02 4.26e+02 4.24e+02 4.21e+02 4.19e+02 4.16e+02 4.14e+02 4.09e+02 3.99e+02 3.80e+02 3.47e+02 2.90e+02 2.09e+02 1.15e+02 4.17e+01 2.12e+01 2.00e+01 2.00e+01 2.00e+01 2.00e+01 
 3.59430917102017e-09   1.26e+03 1.26e+03 1.26e+03 1.26e+03 1.26e+03 1.26e+03 1.26e+03 1.25e+03 1.25e+03 1.25e+03 1.25e+03 1.25e+03 1.25e+03 1.24e+03 1.24e+03 1.24e+03 1.24e+03 1.23e+03 1.23e+03 1.23e+03 1.23e+03 1.22e+03 1.22e+03 1.21e+03 1.21e+03 1.21e+03 1.20e+03 1.20e+03 1.20e+03 1.19e+03 1.19e+03 1.18e+03 1.18e+03 1.17e+03 1.17e+03 1.16e+03 1.16e+03 1.15e+03 1.15e+03 1.14e+03 1.14e+03 1.13e+03 1.13e+03 1.12e+03 1.12e+03 1.11e+03 1.11e+03 1.10e+03 1.09e+03 1.09e+03 1.08e+03 1.08e+03 1.07e+03 1.07e+03 1.06e+03 1.05e+03 1.05e+03 1.04e+03 1.04e+03 1.03e+03 1.02e+03 1.02e+03 1.01e+03 1.01e+03 1.00e+03 9.94e+02 9.88e+02 9.82e+02 9.76e+02 9.70e+02 9.64e+02 9.58e+02 9.52e+02 9.46e+02 9.40e+02 9.34e+02 9.28e+02 9.23e+02 9.17e+02 9.11e+02 9.05e+02 8.99e+02 8.93e+02 8.87e+02 8.82e+02 8.76e+02 8.70e+02 8.65e+02 8.59e+02 8.53e+02 8.48e+02 8.42e+02 8.36e+02 8.31e+02 8.25e+02 8.20e+02 8.14e+02 8.09e+02 8.03e+02 7.98e+02 7.93e+02 7.87e+02 7.82e+02 7.77e+02 7.71e+02 7.66e+02 7.61e+02 7.56e+02 7.51e+02 7.46e+02 7.41e+02 7.36e+02 7.31e+02 7.26e+02 7.21e+02 7.16e+02 7.11e+02 7.06e+02 7.01e+02 6.96e+02 6.92e+02 6.87e+02 6.82e+02 6.78e+02 6.73e+02 6.69e+02 6.64e+02 6.60e+02 6.55e+02 6.51e+02 6.46e+02 6.42e+02 6.38e+02 6.33e+02 6.29e+02 6.25e+02 6.21e+02 6.16e+02 6.12e+02 6.08e+02 6.04e+02 6.00e+02 5.96e+02 5.92e+02 5.88e+02 5.84e+02 5.80e+02 5.76e+02 5.73e+02 5.69e+02 5.65e+02 5.61e+02 5.58e+02 5.54e+02 5.50e+02 5.47e+02 5.43e+02 5.40e+02 5.36e+02 5.32e+02 5.29e+02 5.26e+02 5.22e+02 5.19e+02 5.15e+02 5.12e+02 5.09e+02 5.06e+02 5.02e+02 4.99e+02 4.96e+02 4.93e+02 4.90e+02 4.86e+02 4.83e+02 4.80e+02 4.77e+02 4.74e+02 4.71e+02 4.68e+02 4.65e+02 4.62e+02 4.60e+02 4.57e+02 4.54e+02 4.51e+02 4.48e+02 4.45e+02 4.43e+02 4.40e+02 4.37e+02 4.35e+02 4.32e+02 4.29e+02 4.27e+02 4.24e+02 4.22e+02 4.19e+02 4.16e+02 4.14e+02 4.09e+02 3.99e+02 3.81e+02 3.47e+02 2.91e+02 2.09e+02 1.15e+02 4.18e+01 2.12e+01 2.00e+01 2.00e+01 2.00e+01 2.00e+01 
 3.60433144323685e-09   1.26e+03 1.26e+03 1.26e+03 1.26e+03 1.26e+03 1.25e+03 1.25e+03 1.25e+03 1.25e+03 1.25e+03 1.25e+03 1.24e+03 1.24e+03 1.24e+03 1.24e+03 1.24e+03 1.23e+03 1.23e+03 1.23e+03 1.22e+03 1.22e+03 1.22e+03 1.22e+03 1.21e+03 1.21e+03 1.20e+03 1.20e+03 1.20e+03 1.19e+03 1.19e+03 1.18e+03 1.18e+03 1.18e+03 1.17e+03 1.17e+03 1.16e+03 1.16e+03 1.15e+03 1.15e+03 1.14e+03 1.14e+03 1.13e+03 1.13e+03 1.12e+03 1.11e+03 1.11e+03 1.10e+03 1.10e+03 1.09e+03 1.09e+03 1.08e+03 1.08e+03 1.07e+03 1.06e+03 1.06e+03 1.05e+03 1.05e+03 1.04e+03 1.04e+03 1.03e+03 1.02e+03 1.02e+03 1.01e+03 1.01e+03 1.00e+03 9.94e+02 9.88e+02 9.82e+02 9.76e+02 9.70e+02 9.64e+02 9.58e+02 9.52e+02 9.46e+02 9.40e+02 9.34e+02 9.28e+02 9.22e+02 9.17e+02 9.11e+02 9.05e+02 8.99e+02 8.93e+02 8.87e+02 8.82e+02 8.76e+02 8.70e+02 8.65e+02 8.59e+02 8.53e+02 8.48e+02 8.42e+02 8.36e+02 8.31e+02 8.25e+02 8.20e+02 8.14e+02 8.09e+02 8.04e+02 7.98e+02 7.93e+02 7.87e+02 7.82e+02 7.77e+02 7.72e+02 7.66e+02 7.61e+02 7.56e+02 7.51e+02 7.46e+02 7.41e+02 7.36e+02 7.31e+02 7.26e+02 7.21e+02 7.16e+02 7.11e+02 7.06e+02 7.02e+02 6.97e+02 6.92e+02 6.87e+02 6.83e+02 6.78e+02 6.73e+02 6.69e+02 6.64e+02 6.60e+02 6.55e+02 6.51e+02 6.47e+02 6.42e+02 6.38e+02 6.34e+02 6.29e+02 6.25e+02 6.21e+02 6.17e+02 6.13e+02 6.08e+02 6.04e+02 6.00e+02 5.96e+02 5.92e+02 5.88e+02 5.84e+02 5.81e+02 5.77e+02 5.73e+02 5.69e+02 5.65e+02 5.62e+02 5.58e+02 5.54e+02 5.51e+02 5.47e+02 5.43e+02 5.40e+02 5.36e+02 5.33e+02 5.29e+02 5.26e+02 5.23e+02 5.19e+02 5.16e+02 5.12e+02 5.09e+02 5.06e+02 5.03e+02 4.99e+02 4.96e+02 4.93e+02 4.90e+02 4.87e+02 4.84e+02 4.81e+02 4.78e+02 4.75e+02 4.72e+02 4.69e+02 4.66e+02 4.63e+02 4.60e+02 4.57e+02 4.54e+02 4.51e+02 4.49e+02 4.46e+02 4.43e+02 4.40e+02 4.38e+02 4.35e+02 4.32e+02 4.30e+02 4.27e+02 4.24e+02 4.22e+02 4.19e+02 4.17e+02 4.14e+02 4.09e+02 4.00e+02 3.81e+02 3.47e+02 2.91e+02 2.09e+02 1.15e+02 4.19e+01 2.12e+01 2.00e+01 2.00e+01 2.00e+01 2.00e+01 
 3.61435532263041e-09   1.26e+03 1.26e+03 1.26e+03 1.26e+03 1.25e+03 1.25e+03 1.25e+03 1.25e+03 1.25e+03 1.25e+03 1.24e+03 1.24e+03 1.24e+03 1.24e+03 1.24e+03 1.23e+03 1.23e+03 1.23e+03 1.22e+03 1.22e+03 1.22e+03 1.22e+03 1.21e+03 1.21e+03 1.21e+03 1.20e+03 1.20e+03 1.19e+03 1.19e+03 1.19e+03 1.18e+03 1.18e+03 1.17e+03 1.17e+03 1.16e+03 1.16e+03 1.15e+03 1.15e+03 1.14e+03 1.14e+03 1.13e+03 1.13e+03 1.12e+03 1.12e+03 1.11e+03 1.11e+03 1.10e+03 1.10e+03 1.09e+03 1.09e+03 1.08e+03 1.07e+03 1.07e+03 1.06e+03 1.06e+03 1.05e+03 1.05e+03 1.04e+03 1.03e+03 1.03e+03 1.02e+03 1.02e+03 1.01e+03 1.00e+03 9.99e+02 9.93e+02 9.87e+02 9.81e+02 9.75e+02 9.69e+02 9.63e+02 9.58e+02 9.52e+02 9.46e+02 9.40e+02 9.34e+02 9.28e+02 9.22e+02 9.16e+02 9.11e+02 9.05e+02 8.99e+02 8.93e+02 8.87e+02 8.82e+02 8.76e+02 8.70e+02 8.65e+02 8.59e+02 8.53e+02 8.48e+02 8.42e+02 8.36e+02 8.31e+02 8.25e+02 8.20e+02 8.14e+02 8.09e+02 8.04e+02 7.98e+02 7.93e+02 7.88e+02 7.82e+02 7.77e+02 7.72e+02 7.67e+02 7.61e+02 7.56e+02 7.51e+02 7.46e+02 7.41e+02 7.36e+02 7.31e+02 7.26e+02 7.21e+02 7.16e+02 7.11e+02 7.07e+02 7.02e+02 6.97e+02 6.92e+02 6.88e+02 6.83e+02 6.78e+02 6.74e+02 6.69e+02 6.65e+02 6.60e+02 6.56e+02 6.51e+02 6.47e+02 6.43e+02 6.38e+02 6.34e+02 6.30e+02 6.25e+02 6.21e+02 6.17e+02 6.13e+02 6.09e+02 6.05e+02 6.01e+02 5.97e+02 5.93e+02 5.89e+02 5.85e+02 5.81e+02 5.77e+02 5.73e+02 5.69e+02 5.66e+02 5.62e+02 5.58e+02 5.55e+02 5.51e+02 5.47e+02 5.44e+02 5.40e+02 5.37e+02 5.33e+02 5.30e+02 5.26e+02 5.23e+02 5.20e+02 5.16e+02 5.13e+02 5.10e+02 5.06e+02 5.03e+02 5.00e+02 4.97e+02 4.93e+02 4.90e+02 4.87e+02 4.84e+02 4.81e+02 4.78e+02 4.75e+02 4.72e+02 4.69e+02 4.66e+02 4.63e+02 4.60e+02 4.58e+02 4.55e+02 4.52e+02 4.49e+02 4.46e+02 4.44e+02 4.41e+02 4.38e+02 4.35e+02 4.33e+02 4.30e+02 4.27e+02 4.25e+02 4.22e+02 4.20e+02 4.17e+02 4.15e+02 4.10e+02 4.00e+02 3.81e+02 3.48e+02 2.91e+02 2.10e+02 1.15e+02 4.20e+01 2.12e+01 2.00e+01 2.00e+01 2.00e+01 2.00e+01 
 3.62438080514610e-09   1.26e+03 1.26e+03 1.26e+03 1.25e+03 1.25e+03 1.25e+03 1.25e+03 1.25e+03 1.25e+03 1.24e+03 1.24e+03 1.24e+03 1.24e+03 1.23e+03 1.23e+03 1.23e+03 1.23e+03 1.22e+03 1.22e+03 1.22e+03 1.22e+03 1.21e+03 1.21e+03 1.21e+03 1.20e+03 1.20e+03 1.19e+03 1.19e+03 1.19e+03 1.18e+03 1.18e+03 1.17e+03 1.17e+03 1.17e+03 1.16e+03 1.16e+03 1.15e+03 1.15e+03 1.14e+03 1.14e+03 1.13e+03 1.13e+03 1.12e+03 1.12e+03 1.11e+03 1.11e+03 1.10e+03 1.10e+03 1.09e+03 1.08e+03 1.08e+03 1.07e+03 1.07e+03 1.06e+03 1.06e+03 1.05e+03 1.05e+03 1.04e+03 1.03e+03 1.03e+03 1.02e+03 1.02e+03 1.01e+03 1.00e+03 9.98e+02 9.93e+02 9.87e+02 9.81e+02 9.75e+02 9.69e+02 9.63e+02 9.57e+02 9.51e+02 9.45e+02 9.40e+02 9.34e+02 9.28e+02 9.22e+02 9.16e+02 9.10e+02 9.05e+02 8.99e+02 8.93e+02 8.87e+02 8.82e+02 8.76e+02 8.70e+02 8.65e+02 8.59e+02 8.53e+02 8.48e+02 8.42e+02 8.37e+02 8.31e+02 8.26e+02 8.20e+02 8.15e+02 8.09e+02 8.04e+02 7.98e+02 7.93e+02 7.88e+02 7.82e+02 7.77e+02 7.72e+02 7.67e+02 7.62e+02 7.56e+02 7.51e+02 7.46e+02 7.41e+02 7.36e+02 7.31e+02 7.26e+02 7.21e+02 7.17e+02 7.12e+02 7.07e+02 7.02e+02 6.97e+02 6.93e+02 6.88e+02 6.83e+02 6.79e+02 6.74e+02 6.69e+02 6.65e+02 6.60e+02 6.56e+02 6.52e+02 6.47e+02 6.43e+02 6.38e+02 6.34e+02 6.30e+02 6.26e+02 6.22e+02 6.17e+02 6.13e+02 6.09e+02 6.05e+02 6.01e+02 5.97e+02 5.93e+02 5.89e+02 5.85e+02 5.81e+02 5.77e+02 5.74e+02 5.70e+02 5.66e+02 5.62e+02 5.59e+02 5.55e+02 5.51e+02 5.48e+02 5.44e+02 5.41e+02 5.37e+02 5.34e+02 5.30e+02 5.27e+02 5.23e+02 5.20e+02 5.17e+02 5.13e+02 5.10e+02 5.07e+02 5.03e+02 5.00e+02 4.97e+02 4.94e+02 4.91e+02 4.88e+02 4.85e+02 4.81e+02 4.78e+02 4.75e+02 4.72e+02 4.69e+02 4.67e+02 4.64e+02 4.61e+02 4.58e+02 4.55e+02 4.52e+02 4.49e+02 4.47e+02 4.44e+02 4.41e+02 4.38e+02 4.36e+02 4.33e+02 4.30e+02 4.28e+02 4.25e+02 4.23e+02 4.20e+02 4.18e+02 4.15e+02 4.10e+02 4.00e+02 3.82e+02 3.48e+02 2.92e+02 2.10e+02 1.16e+02 4.21e+01 2.12e+01 2.00e+01 2.00e+01 2.00e+01 2.00e+01 
 3.63438237051491e-09   1.26e+03 1.26e+03 1.26e+03 1.25e+03 1.25e+03 1.25e+03 1.25e+03 1.25e+03 1.24e+03 1.24e+03 1.24e+03 1.24e+03 1.24e+03 1.23e+03 1.23e+03 1.23e+03 1.22e+03 1.22e+03 1.22e+03 1.22e+03 1.21e+03 1.21e+03 1.21e+03 1.20e+03 1.20e+03 1.20e+03 1.19e+03 1.19e+03 1.18e+03 1.18e+03 1.18e+03 1.17e+03 1.17e+03 1.16e+03 1.16e+03 1.15e+03 1.15e+03 1.15e+03 1.14e+03 1.14e+03 1.13e+03 1.13e+03 1.12e+03 1.12e+03 1.11e+03 1.10e+03 1.10e+03 1.09e+03 1.09e+03 1.08e+03 1.08e+03 1.07e+03 1.07e+03 1.06e+03 1.06e+03 1.05e+03 1.04e+03 1.04e+03 1.03e+03 1.03e+03 1.02e+03 1.02e+03 1.01e+03 1.00e+03 9.98e+02 9.92e+02 9.86e+02 9.80e+02 9.74e+02 9.69e+02 9.63e+02 9.57e+02 9.51e+02 9.45e+02 9.39e+02 9.34e+02 9.28e+02 9.22e+02 9.16e+02 9.10e+02 9.05e+02 8.99e+02 8.93e+02 8.87e+02 8.82e+02 8.76e+02 8.70e+02 8.65e+02 8.59e+02 8.53e+02 8.48e+02 8.42e+02 8.37e+02 8.31e+02 8.26e+02 8.20e+02 8.15e+02 8.09e+02 8.04e+02 7.99e+02 7.93e+02 7.88e+02 7.83e+02 7.77e+02 7.72e+02 7.67e+02 7.62e+02 7.57e+02 7.52e+02 7.47e+02 7.41e+02 7.36e+02 7.32e+02 7.27e+02 7.22e+02 7.17e+02 7.12e+02 7.07e+02 7.02e+02 6.98e+02 6.93e+02 6.88e+02 6.84e+02 6.79e+02 6.74e+02 6.70e+02 6.65e+02 6.61e+02 6.56e+02 6.52e+02 6.47e+02 6.43e+02 6.39e+02 6.35e+02 6.30e+02 6.26e+02 6.22e+02 6.18e+02 6.14e+02 6.09e+02 6.05e+02 6.01e+02 5.97e+02 5.93e+02 5.89e+02 5.86e+02 5.82e+02 5.78e+02 5.74e+02 5.70e+02 5.66e+02 5.63e+02 5.59e+02 5.55e+02 5.52e+02 5.48e+02 5.45e+02 5.41e+02 5.37e+02 5.34e+02 5.31e+02 5.27e+02 5.24e+02 5.20e+02 5.17e+02 5.14e+02 5.10e+02 5.07e+02 5.04e+02 5.01e+02 4.97e+02 4.94e+02 4.91e+02 4.88e+02 4.85e+02 4.82e+02 4.79e+02 4.76e+02 4.73e+02 4.70e+02 4.67e+02 4.64e+02 4.61e+02 4.58e+02 4.55e+02 4.53e+02 4.50e+02 4.47e+02 4.44e+02 4.42e+02 4.39e+02 4.36e+02 4.34e+02 4.31e+02 4.28e+02 4.26e+02 4.23e+02 4.21e+02 4.18e+02 4.15e+02 4.10e+02 4.01e+02 3.82e+02 3.49e+02 2.92e+02 2.10e+02 1.16e+02 4.22e+01 2.13e+01 2.00e+01 2.00e+01 2.00e+01 2.00e+01 
 3.64438552284065e-09   1.26e+03 1.26e+03 1.26e+03 1.25e+03 1.25e+03 1.25e+03 1.25e+03 1.25e+03 1.24e+03 1.24e+03 1.24e+03 1.24e+03 1.23e+03 1.23e+03 1.23e+03 1.23e+03 1.22e+03 1.22e+03 1.22e+03 1.21e+03 1.21e+03 1.21e+03 1.20e+03 1.20e+03 1.20e+03 1.19e+03 1.19e+03 1.19e+03 1.18e+03 1.18e+03 1.17e+03 1.17e+03 1.17e+03 1.16e+03 1.16e+03 1.15e+03 1.15e+03 1.14e+03 1.14e+03 1.13e+03 1.13e+03 1.12e+03 1.12e+03 1.11e+03 1.11e+03 1.10e+03 1.10e+03 1.09e+03 1.09e+03 1.08e+03 1.08e+03 1.07e+03 1.07e+03 1.06e+03 1.05e+03 1.05e+03 1.04e+03 1.04e+03 1.03e+03 1.03e+03 1.02e+03 1.01e+03 1.01e+03 1.00e+03 9.97e+02 9.91e+02 9.86e+02 9.80e+02 9.74e+02 9.68e+02 9.62e+02 9.56e+02 9.51e+02 9.45e+02 9.39e+02 9.33e+02 9.27e+02 9.22e+02 9.16e+02 9.10e+02 9.04e+02 8.99e+02 8.93e+02 8.87e+02 8.82e+02 8.76e+02 8.70e+02 8.65e+02 8.59e+02 8.53e+02 8.48e+02 8.42e+02 8.37e+02 8.31e+02 8.26e+02 8.20e+02 8.15e+02 8.09e+02 8.04e+02 7.99e+02 7.93e+02 7.88e+02 7.83e+02 7.78e+02 7.72e+02 7.67e+02 7.62e+02 7.57e+02 7.52e+02 7.47e+02 7.42e+02 7.37e+02 7.32e+02 7.27e+02 7.22e+02 7.17e+02 7.12e+02 7.07e+02 7.03e+02 6.98e+02 6.93e+02 6.88e+02 6.84e+02 6.79e+02 6.75e+02 6.70e+02 6.66e+02 6.61e+02 6.57e+02 6.52e+02 6.48e+02 6.43e+02 6.39e+02 6.35e+02 6.31e+02 6.26e+02 6.22e+02 6.18e+02 6.14e+02 6.10e+02 6.06e+02 6.02e+02 5.98e+02 5.94e+02 5.90e+02 5.86e+02 5.82e+02 5.78e+02 5.74e+02 5.71e+02 5.67e+02 5.63e+02 5.59e+02 5.56e+02 5.52e+02 5.48e+02 5.45e+02 5.41e+02 5.38e+02 5.34e+02 5.31e+02 5.27e+02 5.24e+02 5.21e+02 5.17e+02 5.14e+02 5.11e+02 5.07e+02 5.04e+02 5.01e+02 4.98e+02 4.95e+02 4.91e+02 4.88e+02 4.85e+02 4.82e+02 4.79e+02 4.76e+02 4.73e+02 4.70e+02 4.67e+02 4.64e+02 4.62e+02 4.59e+02 4.56e+02 4.53e+02 4.50e+02 4.47e+02 4.45e+02 4.42e+02 4.39e+02 4.37e+02 4.34e+02 4.31e+02 4.29e+02 4.26e+02 4.23e+02 4.21e+02 4.18e+02 4.16e+02 4.11e+02 4.01e+02 3.83e+02 3.49e+02 2.92e+02 2.11e+02 1.16e+02 4.23e+01 2.13e+01 2.00e+01 2.00e+01 2.00e+01 2.00e+01 
 3.65439025813714e-09   1.26e+03 1.26e+03 1.26e+03 1.25e+03 1.25e+03 1.25e+03 1.25e+03 1.24e+03 1.24e+03 1.24e+03 1.24e+03 1.23e+03 1.23e+03 1.23e+03 1.23e+03 1.22e+03 1.22e+03 1.22e+03 1.21e+03 1.21e+03 1.21e+03 1.21e+03 1.20e+03 1.20e+03 1.19e+03 1.19e+03 1.19e+03 1.18e+03 1.18e+03 1.18e+03 1.17e+03 1.17e+03 1.16e+03 1.16e+03 1.15e+03 1.15e+03 1.15e+03 1.14e+03 1.14e+03 1.13e+03 1.13e+03 1.12e+03 1.12e+03 1.11e+03 1.11e+03 1.10e+03 1.10e+03 1.09e+03 1.09e+03 1.08e+03 1.08e+03 1.07e+03 1.06e+03 1.06e+03 1.05e+03 1.05e+03 1.04e+03 1.04e+03 1.03e+03 1.03e+03 1.02e+03 1.01e+03 1.01e+03 1.00e+03 9.97e+02 9.91e+02 9.85e+02 9.79e+02 9.73e+02 9.68e+02 9.62e+02 9.56e+02 9.50e+02 9.45e+02 9.39e+02 9.33e+02 9.27e+02 9.21e+02 9.16e+02 9.10e+02 9.04e+02 8.98e+02 8.93e+02 8.87e+02 8.81e+02 8.76e+02 8.70e+02 8.65e+02 8.59e+02 8.53e+02 8.48e+02 8.42e+02 8.37e+02 8.31e+02 8.26e+02 8.20e+02 8.15e+02 8.09e+02 8.04e+02 7.99e+02 7.93e+02 7.88e+02 7.83e+02 7.78e+02 7.72e+02 7.67e+02 7.62e+02 7.57e+02 7.52e+02 7.47e+02 7.42e+02 7.37e+02 7.32e+02 7.27e+02 7.22e+02 7.17e+02 7.12e+02 7.08e+02 7.03e+02 6.98e+02 6.93e+02 6.89e+02 6.84e+02 6.79e+02 6.75e+02 6.70e+02 6.66e+02 6.61e+02 6.57e+02 6.52e+02 6.48e+02 6.44e+02 6.39e+02 6.35e+02 6.31e+02 6.27e+02 6.22e+02 6.18e+02 6.14e+02 6.10e+02 6.06e+02 6.02e+02 5.98e+02 5.94e+02 5.90e+02 5.86e+02 5.82e+02 5.78e+02 5.75e+02 5.71e+02 5.67e+02 5.63e+02 5.60e+02 5.56e+02 5.52e+02 5.49e+02 5.45e+02 5.42e+02 5.38e+02 5.35e+02 5.31e+02 5.28e+02 5.24e+02 5.21e+02 5.18e+02 5.14e+02 5.11e+02 5.08e+02 5.05e+02 5.01e+02 4.98e+02 4.95e+02 4.92e+02 4.89e+02 4.86e+02 4.83e+02 4.80e+02 4.77e+02 4.74e+02 4.71e+02 4.68e+02 4.65e+02 4.62e+02 4.59e+02 4.56e+02 4.53e+02 4.51e+02 4.48e+02 4.45e+02 4.42e+02 4.40e+02 4.37e+02 4.34e+02 4.32e+02 4.29e+02 4.26e+02 4.24e+02 4.21e+02 4.19e+02 4.16e+02 4.11e+02 4.02e+02 3.83e+02 3.49e+02 2.93e+02 2.11e+02 1.16e+02 4.24e+01 2.13e+01 2.00e+01 2.00e+01 2.00e+01 2.00e+01 
 3.66439657242692e-09   1.26e+03 1.26e+03 1.26e+03 1.25e+03 1.25e+03 1.25e+03 1.25e+03 1.24e+03 1.24e+03 1.24e+03 1.24e+03 1.23e+03 1.23e+03 1.23e+03 1.22e+03 1.22e+03 1.22e+03 1.22e+03 1.21e+03 1.21e+03 1.21e+03 1.20e+03 1.20e+03 1.20e+03 1.19e+03 1.19e+03 1.19e+03 1.18e+03 1.18e+03 1.17e+03 1.17e+03 1.17e+03 1.16e+03 1.16e+03 1.15e+03 1.15e+03 1.14e+03 1.14e+03 1.13e+03 1.13e+03 1.12e+03 1.12e+03 1.12e+03 1.11e+03 1.11e+03 1.10e+03 1.09e+03 1.09e+03 1.08e+03 1.08e+03 1.07e+03 1.07e+03 1.06e+03 1.06e+03 1.05e+03 1.05e+03 1.04e+03 1.04e+03 1.03e+03 1.02e+03 1.02e+03 1.01e+03 1.01e+03 1.00e+03 9.96e+02 9.90e+02 9.84e+02 9.79e+02 9.73e+02 9.67e+02 9.61e+02 9.56e+02 9.50e+02 9.44e+02 9.38e+02 9.33e+02 9.27e+02 9.21e+02 9.15e+02 9.10e+02 9.04e+02 8.98e+02 8.93e+02 8.87e+02 8.81e+02 8.76e+02 8.70e+02 8.64e+02 8.59e+02 8.53e+02 8.48e+02 8.42e+02 8.37e+02 8.31e+02 8.26e+02 8.20e+02 8.15e+02 8.10e+02 8.04e+02 7.99e+02 7.94e+02 7.88e+02 7.83e+02 7.78e+02 7.73e+02 7.67e+02 7.62e+02 7.57e+02 7.52e+02 7.47e+02 7.42e+02 7.37e+02 7.32e+02 7.27e+02 7.22e+02 7.17e+02 7.13e+02 7.08e+02 7.03e+02 6.98e+02 6.94e+02 6.89e+02 6.84e+02 6.80e+02 6.75e+02 6.71e+02 6.66e+02 6.62e+02 6.57e+02 6.53e+02 6.48e+02 6.44e+02 6.40e+02 6.35e+02 6.31e+02 6.27e+02 6.23e+02 6.19e+02 6.15e+02 6.10e+02 6.06e+02 6.02e+02 5.98e+02 5.94e+02 5.90e+02 5.87e+02 5.83e+02 5.79e+02 5.75e+02 5.71e+02 5.67e+02 5.64e+02 5.60e+02 5.56e+02 5.53e+02 5.49e+02 5.46e+02 5.42e+02 5.39e+02 5.35e+02 5.32e+02 5.28e+02 5.25e+02 5.21e+02 5.18e+02 5.15e+02 5.11e+02 5.08e+02 5.05e+02 5.02e+02 4.99e+02 4.95e+02 4.92e+02 4.89e+02 4.86e+02 4.83e+02 4.80e+02 4.77e+02 4.74e+02 4.71e+02 4.68e+02 4.65e+02 4.62e+02 4.59e+02 4.57e+02 4.54e+02 4.51e+02 4.48e+02 4.45e+02 4.43e+02 4.40e+02 4.37e+02 4.35e+02 4.32e+02 4.29e+02 4.27e+02 4.24e+02 4.22e+02 4.19e+02 4.17e+02 4.12e+02 4.02e+02 3.83e+02 3.50e+02 2.93e+02 2.11e+02 1.16e+02 4.25e+01 2.13e+01 2.00e+01 2.00e+01 2.00e+01 2.00e+01 
 3.67440446173872e-09   1.26e+03 1.26e+03 1.25e+03 1.25e+03 1.25e+03 1.25e+03 1.24e+03 1.24e+03 1.24e+03 1.24e+03 1.23e+03 1.23e+03 1.23e+03 1.23e+03 1.22e+03 1.22e+03 1.22e+03 1.21e+03 1.21e+03 1.21e+03 1.20e+03 1.20e+03 1.20e+03 1.19e+03 1.19e+03 1.19e+03 1.18e+03 1.18e+03 1.18e+03 1.17e+03 1.17e+03 1.16e+03 1.16e+03 1.15e+03 1.15e+03 1.15e+03 1.14e+03 1.14e+03 1.13e+03 1.13e+03 1.12e+03 1.12e+03 1.11e+03 1.11e+03 1.10e+03 1.10e+03 1.09e+03 1.09e+03 1.08e+03 1.08e+03 1.07e+03 1.07e+03 1.06e+03 1.06e+03 1.05e+03 1.05e+03 1.04e+03 1.03e+03 1.03e+03 1.02e+03 1.02e+03 1.01e+03 1.01e+03 1.00e+03 9.95e+02 9.89e+02 9.84e+02 9.78e+02 9.72e+02 9.67e+02 9.61e+02 9.55e+02 9.49e+02 9.44e+02 9.38e+02 9.32e+02 9.27e+02 9.21e+02 9.15e+02 9.09e+02 9.04e+02 8.98e+02 8.92e+02 8.87e+02 8.81e+02 8.76e+02 8.70e+02 8.64e+02 8.59e+02 8.53e+02 8.48e+02 8.42e+02 8.37e+02 8.31e+02 8.26e+02 8.20e+02 8.15e+02 8.10e+02 8.04e+02 7.99e+02 7.94e+02 7.88e+02 7.83e+02 7.78e+02 7.73e+02 7.68e+02 7.63e+02 7.57e+02 7.52e+02 7.47e+02 7.42e+02 7.37e+02 7.32e+02 7.27e+02 7.23e+02 7.18e+02 7.13e+02 7.08e+02 7.03e+02 6.99e+02 6.94e+02 6.89e+02 6.85e+02 6.80e+02 6.75e+02 6.71e+02 6.66e+02 6.62e+02 6.57e+02 6.53e+02 6.49e+02 6.44e+02 6.40e+02 6.36e+02 6.32e+02 6.27e+02 6.23e+02 6.19e+02 6.15e+02 6.11e+02 6.07e+02 6.03e+02 5.99e+02 5.95e+02 5.91e+02 5.87e+02 5.83e+02 5.79e+02 5.75e+02 5.72e+02 5.68e+02 5.64e+02 5.60e+02 5.57e+02 5.53e+02 5.50e+02 5.46e+02 5.42e+02 5.39e+02 5.35e+02 5.32e+02 5.29e+02 5.25e+02 5.22e+02 5.18e+02 5.15e+02 5.12e+02 5.09e+02 5.05e+02 5.02e+02 4.99e+02 4.96e+02 4.93e+02 4.90e+02 4.86e+02 4.83e+02 4.80e+02 4.77e+02 4.74e+02 4.71e+02 4.68e+02 4.66e+02 4.63e+02 4.60e+02 4.57e+02 4.54e+02 4.51e+02 4.49e+02 4.46e+02 4.43e+02 4.40e+02 4.38e+02 4.35e+02 4.32e+02 4.30e+02 4.27e+02 4.25e+02 4.22e+02 4.20e+02 4.17e+02 4.12e+02 4.02e+02 3.84e+02 3.50e+02 2.93e+02 2.11e+02 1.17e+02 4.26e+01 2.13e+01 2.00e+01 2.00e+01 2.00e+01 2.00e+01 
 3.68441392210430e-09   1.26e+03 1.26e+03 1.25e+03 1.25e+03 1.25e+03 1.25e+03 1.24e+03 1.24e+03 1.24e+03 1.24e+03 1.23e+03 1.23e+03 1.23e+03 1.22e+03 1.22e+03 1.22e+03 1.22e+03 1.21e+03 1.21e+03 1.21e+03 1.20e+03 1.20e+03 1.20e+03 1.19e+03 1.19e+03 1.18e+03 1.18e+03 1.18e+03 1.17e+03 1.17e+03 1.17e+03 1.16e+03 1.16e+03 1.15e+03 1.15e+03 1.14e+03 1.14e+03 1.14e+03 1.13e+03 1.13e+03 1.12e+03 1.12e+03 1.11e+03 1.11e+03 1.10e+03 1.10e+03 1.09e+03 1.09e+03 1.08e+03 1.08e+03 1.07e+03 1.07e+03 1.06e+03 1.06e+03 1.05e+03 1.04e+03 1.04e+03 1.03e+03 1.03e+03 1.02e+03 1.02e+03 1.01e+03 1.01e+03 1.00e+03 9.94e+02 9.89e+02 9.83e+02 9.77e+02 9.72e+02 9.66e+02 9.60e+02 9.55e+02 9.49e+02 9.43e+02 9.38e+02 9.32e+02 9.26e+02 9.21e+02 9.15e+02 9.09e+02 9.04e+02 8.98e+02 8.92e+02 8.87e+02 8.81e+02 8.75e+02 8.70e+02 8.64e+02 8.59e+02 8.53e+02 8.48e+02 8.42e+02 8.37e+02 8.31e+02 8.26e+02 8.20e+02 8.15e+02 8.10e+02 8.04e+02 7.99e+02 7.94e+02 7.89e+02 7.83e+02 7.78e+02 7.73e+02 7.68e+02 7.63e+02 7.58e+02 7.53e+02 7.47e+02 7.42e+02 7.38e+02 7.33e+02 7.28e+02 7.23e+02 7.18e+02 7.13e+02 7.08e+02 7.04e+02 6.99e+02 6.94e+02 6.90e+02 6.85e+02 6.80e+02 6.76e+02 6.71e+02 6.67e+02 6.62e+02 6.58e+02 6.53e+02 6.49e+02 6.45e+02 6.40e+02 6.36e+02 6.32e+02 6.28e+02 6.23e+02 6.19e+02 6.15e+02 6.11e+02 6.07e+02 6.03e+02 5.99e+02 5.95e+02 5.91e+02 5.87e+02 5.83e+02 5.80e+02 5.76e+02 5.72e+02 5.68e+02 5.64e+02 5.61e+02 5.57e+02 5.54e+02 5.50e+02 5.46e+02 5.43e+02 5.39e+02 5.36e+02 5.32e+02 5.29e+02 5.26e+02 5.22e+02 5.19e+02 5.15e+02 5.12e+02 5.09e+02 5.06e+02 5.02e+02 4.99e+02 4.96e+02 4.93e+02 4.90e+02 4.87e+02 4.84e+02 4.81e+02 4.78e+02 4.75e+02 4.72e+02 4.69e+02 4.66e+02 4.63e+02 4.60e+02 4.57e+02 4.55e+02 4.52e+02 4.49e+02 4.46e+02 4.43e+02 4.41e+02 4.38e+02 4.35e+02 4.33e+02 4.30e+02 4.28e+02 4.25e+02 4.22e+02 4.20e+02 4.17e+02 4.12e+02 4.03e+02 3.84e+02 3.50e+02 2.94e+02 2.12e+02 1.17e+02 4.27e+01 2.13e+01 2.00e+01 2.00e+01 2.00e+01 2.00e+01 
 3.69442494955495e-09   1.26e+03 1.26e+03 1.25e+03 1.25e+03 1.25e+03 1.25e+03 1.24e+03 1.24e+03 1.24e+03 1.24e+03 1.23e+03 1.23e+03 1.23e+03 1.22e+03 1.22e+03 1.22e+03 1.21e+03 1.21e+03 1.21e+03 1.20e+03 1.20e+03 1.20e+03 1.19e+03 1.19e+03 1.19e+03 1.18e+03 1.18e+03 1.18e+03 1.17e+03 1.17e+03 1.16e+03 1.16e+03 1.16e+03 1.15e+03 1.15e+03 1.14e+03 1.14e+03 1.13e+03 1.13e+03 1.12e+03 1.12e+03 1.11e+03 1.11e+03 1.11e+03 1.10e+03 1.10e+03 1.09e+03 1.09e+03 1.08e+03 1.08e+03 1.07e+03 1.06e+03 1.06e+03 1.05e+03 1.05e+03 1.04e+03 1.04e+03 1.03e+03 1.03e+03 1.02e+03 1.02e+03 1.01e+03 1.00e+03 9.99e+02 9.94e+02 9.88e+02 9.82e+02 9.77e+02 9.71e+02 9.65e+02 9.60e+02 9.54e+02 9.48e+02 9.43e+02 9.37e+02 9.32e+02 9.26e+02 9.20e+02 9.15e+02 9.09e+02 9.03e+02 8.98e+02 8.92e+02 8.86e+02 8.81e+02 8.75e+02 8.70e+02 8.64e+02 8.59e+02 8.53e+02 8.48e+02 8.42e+02 8.37e+02 8.31e+02 8.26e+02 8.20e+02 8.15e+02 8.10e+02 8.04e+02 7.99e+02 7.94e+02 7.89e+02 7.83e+02 7.78e+02 7.73e+02 7.68e+02 7.63e+02 7.58e+02 7.53e+02 7.48e+02 7.43e+02 7.38e+02 7.33e+02 7.28e+02 7.23e+02 7.18e+02 7.13e+02 7.09e+02 7.04e+02 6.99e+02 6.94e+02 6.90e+02 6.85e+02 6.81e+02 6.76e+02 6.71e+02 6.67e+02 6.62e+02 6.58e+02 6.54e+02 6.49e+02 6.45e+02 6.41e+02 6.36e+02 6.32e+02 6.28e+02 6.24e+02 6.20e+02 6.15e+02 6.11e+02 6.07e+02 6.03e+02 5.99e+02 5.95e+02 5.91e+02 5.88e+02 5.84e+02 5.80e+02 5.76e+02 5.72e+02 5.69e+02 5.65e+02 5.61e+02 5.57e+02 5.54e+02 5.50e+02 5.47e+02 5.43e+02 5.40e+02 5.36e+02 5.33e+02 5.29e+02 5.26e+02 5.23e+02 5.19e+02 5.16e+02 5.13e+02 5.09e+02 5.06e+02 5.03e+02 5.00e+02 4.97e+02 4.93e+02 4.90e+02 4.87e+02 4.84e+02 4.81e+02 4.78e+02 4.75e+02 4.72e+02 4.69e+02 4.66e+02 4.63e+02 4.61e+02 4.58e+02 4.55e+02 4.52e+02 4.49e+02 4.47e+02 4.44e+02 4.41e+02 4.38e+02 4.36e+02 4.33e+02 4.31e+02 4.28e+02 4.25e+02 4.23e+02 4.20e+02 4.18e+02 4.13e+02 4.03e+02 3.85e+02 3.51e+02 2.94e+02 2.12e+02 1.17e+02 4.28e+01 2.13e+01 2.00e+01 2.00e+01 2.00e+01 2.00e+01 
 3.70443754011741e-09   1.26e+03 1.26e+03 1.25e+03 1.25e+03 1.25e+03 1.25e+03 1.24e+03 1.24e+03 1.24e+03 1.23e+03 1.23e+03 1.23e+03 1.23e+03 1.22e+03 1.22e+03 1.22e+03 1.21e+03 1.21e+03 1.21e+03 1.20e+03 1.20e+03 1.20e+03 1.19e+03 1.19e+03 1.19e+03 1.18e+03 1.18e+03 1.17e+03 1.17e+03 1.17e+03 1.16e+03 1.16e+03 1.15e+03 1.15e+03 1.15e+03 1.14e+03 1.14e+03 1.13e+03 1.13e+03 1.12e+03 1.12e+03 1.11e+03 1.11e+03 1.10e+03 1.10e+03 1.09e+03 1.09e+03 1.08e+03 1.08e+03 1.07e+03 1.07e+03 1.06e+03 1.06e+03 1.05e+03 1.05e+03 1.04e+03 1.04e+03 1.03e+03 1.03e+03 1.02e+03 1.01e+03 1.01e+03 1.00e+03 9.98e+02 9.93e+02 9.87e+02 9.82e+02 9.76e+02 9.70e+02 9.65e+02 9.59e+02 9.54e+02 9.48e+02 9.42e+02 9.37e+02 9.31e+02 9.25e+02 9.20e+02 9.14e+02 9.09e+02 9.03e+02 8.97e+02 8.92e+02 8.86e+02 8.81e+02 8.75e+02 8.70e+02 8.64e+02 8.59e+02 8.53e+02 8.48e+02 8.42e+02 8.37e+02 8.31e+02 8.26e+02 8.20e+02 8.15e+02 8.10e+02 8.04e+02 7.99e+02 7.94e+02 7.89e+02 7.84e+02 7.78e+02 7.73e+02 7.68e+02 7.63e+02 7.58e+02 7.53e+02 7.48e+02 7.43e+02 7.38e+02 7.33e+02 7.28e+02 7.23e+02 7.18e+02 7.14e+02 7.09e+02 7.04e+02 6.99e+02 6.95e+02 6.90e+02 6.85e+02 6.81e+02 6.76e+02 6.72e+02 6.67e+02 6.63e+02 6.58e+02 6.54e+02 6.50e+02 6.45e+02 6.41e+02 6.37e+02 6.32e+02 6.28e+02 6.24e+02 6.20e+02 6.16e+02 6.12e+02 6.08e+02 6.04e+02 6.00e+02 5.96e+02 5.92e+02 5.88e+02 5.84e+02 5.80e+02 5.76e+02 5.73e+02 5.69e+02 5.65e+02 5.61e+02 5.58e+02 5.54e+02 5.51e+02 5.47e+02 5.44e+02 5.40e+02 5.37e+02 5.33e+02 5.30e+02 5.26e+02 5.23e+02 5.20e+02 5.16e+02 5.13e+02 5.10e+02 5.06e+02 5.03e+02 5.00e+02 4.97e+02 4.94e+02 4.91e+02 4.88e+02 4.85e+02 4.81e+02 4.78e+02 4.75e+02 4.73e+02 4.70e+02 4.67e+02 4.64e+02 4.61e+02 4.58e+02 4.55e+02 4.52e+02 4.50e+02 4.47e+02 4.44e+02 4.42e+02 4.39e+02 4.36e+02 4.34e+02 4.31e+02 4.28e+02 4.26e+02 4.23e+02 4.21e+02 4.18e+02 4.13e+02 4.03e+02 3.85e+02 3.51e+02 2.95e+02 2.12e+02 1.17e+02 4.29e+01 2.13e+01 2.00e+01 2.00e+01 2.00e+01 2.00e+01 
 3.71445168980945e-09   1.26e+03 1.26e+03 1.25e+03 1.25e+03 1.25e+03 1.25e+03 1.24e+03 1.24e+03 1.24e+03 1.23e+03 1.23e+03 1.23e+03 1.22e+03 1.22e+03 1.22e+03 1.21e+03 1.21e+03 1.21e+03 1.20e+03 1.20e+03 1.20e+03 1.19e+03 1.19e+03 1.19e+03 1.18e+03 1.18e+03 1.18e+03 1.17e+03 1.17e+03 1.16e+03 1.16e+03 1.16e+03 1.15e+03 1.15e+03 1.14e+03 1.14e+03 1.13e+03 1.13e+03 1.13e+03 1.12e+03 1.12e+03 1.11e+03 1.11e+03 1.10e+03 1.10e+03 1.09e+03 1.09e+03 1.08e+03 1.08e+03 1.07e+03 1.07e+03 1.06e+03 1.06e+03 1.05e+03 1.05e+03 1.04e+03 1.04e+03 1.03e+03 1.02e+03 1.02e+03 1.01e+03 1.01e+03 1.00e+03 9.98e+02 9.92e+02 9.87e+02 9.81e+02 9.75e+02 9.70e+02 9.64e+02 9.59e+02 9.53e+02 9.47e+02 9.42e+02 9.36e+02 9.31e+02 9.25e+02 9.19e+02 9.14e+02 9.08e+02 9.03e+02 8.97e+02 8.92e+02 8.86e+02 8.80e+02 8.75e+02 8.69e+02 8.64e+02 8.58e+02 8.53e+02 8.47e+02 8.42e+02 8.37e+02 8.31e+02 8.26e+02 8.20e+02 8.15e+02 8.10e+02 8.05e+02 7.99e+02 7.94e+02 7.89e+02 7.84e+02 7.78e+02 7.73e+02 7.68e+02 7.63e+02 7.58e+02 7.53e+02 7.48e+02 7.43e+02 7.38e+02 7.33e+02 7.28e+02 7.23e+02 7.19e+02 7.14e+02 7.09e+02 7.04e+02 7.00e+02 6.95e+02 6.90e+02 6.86e+02 6.81e+02 6.77e+02 6.72e+02 6.68e+02 6.63e+02 6.59e+02 6.54e+02 6.50e+02 6.46e+02 6.41e+02 6.37e+02 6.33e+02 6.29e+02 6.24e+02 6.20e+02 6.16e+02 6.12e+02 6.08e+02 6.04e+02 6.00e+02 5.96e+02 5.92e+02 5.88e+02 5.84e+02 5.81e+02 5.77e+02 5.73e+02 5.69e+02 5.66e+02 5.62e+02 5.58e+02 5.55e+02 5.51e+02 5.47e+02 5.44e+02 5.40e+02 5.37e+02 5.33e+02 5.30e+02 5.27e+02 5.23e+02 5.20e+02 5.17e+02 5.13e+02 5.10e+02 5.07e+02 5.04e+02 5.00e+02 4.97e+02 4.94e+02 4.91e+02 4.88e+02 4.85e+02 4.82e+02 4.79e+02 4.76e+02 4.73e+02 4.70e+02 4.67e+02 4.64e+02 4.61e+02 4.58e+02 4.56e+02 4.53e+02 4.50e+02 4.47e+02 4.45e+02 4.42e+02 4.39e+02 4.37e+02 4.34e+02 4.31e+02 4.29e+02 4.26e+02 4.24e+02 4.21e+02 4.19e+02 4.14e+02 4.04e+02 3.85e+02 3.52e+02 2.95e+02 2.13e+02 1.18e+02 4.30e+01 2.13e+01 2.00e+01 2.00e+01 2.00e+01 2.00e+01 
 3.72446739463502e-09   1.25e+03 1.25e+03 1.24e+03 1.24e+03 1.24e+03 1.24e+03 1.24e+03 1.24e+03 1.23e+03 1.23e+03 1.23e+03 1.23e+03 1.22e+03 1.22e+03 1.22e+03 1.21e+03 1.21e+03 1.21e+03 1.20e+03 1.20e+03 1.20e+03 1.19e+03 1.19e+03 1.19e+03 1.18e+03 1.18e+03 1.17e+03 1.17e+03 1.17e+03 1.16e+03 1.16e+03 1.15e+03 1.15e+03 1.15e+03 1.14e+03 1.14e+03 1.13e+03 1.13e+03 1.12e+03 1.12e+03 1.11e+03 1.11e+03 1.11e+03 1.10e+03 1.10e+03 1.09e+03 1.09e+03 1.08e+03 1.08e+03 1.07e+03 1.07e+03 1.06e+03 1.06e+03 1.05e+03 1.05e+03 1.04e+03 1.03e+03 1.03e+03 1.02e+03 1.02e+03 1.01e+03 1.01e+03 1.00e+03 9.97e+02 9.91e+02 9.86e+02 9.80e+02 9.75e+02 9.69e+02 9.64e+02 9.58e+02 9.53e+02 9.47e+02 9.41e+02 9.36e+02 9.30e+02 9.25e+02 9.19e+02 9.13e+02 9.08e+02 9.02e+02 8.97e+02 8.91e+02 8.86e+02 8.80e+02 8.75e+02 8.69e+02 8.64e+02 8.58e+02 8.53e+02 8.47e+02 8.42e+02 8.37e+02 8.31e+02 8.26e+02 8.20e+02 8.15e+02 8.10e+02 8.05e+02 7.99e+02 7.94e+02 7.89e+02 7.84e+02 7.79e+02 7.73e+02 7.68e+02 7.63e+02 7.58e+02 7.53e+02 7.48e+02 7.43e+02 7.38e+02 7.33e+02 7.28e+02 7.24e+02 7.19e+02 7.14e+02 7.09e+02 7.04e+02 7.00e+02 6.95e+02 6.90e+02 6.86e+02 6.81e+02 6.77e+02 6.72e+02 6.68e+02 6.63e+02 6.59e+02 6.55e+02 6.50e+02 6.46e+02 6.42e+02 6.37e+02 6.33e+02 6.29e+02 6.25e+02 6.21e+02 6.16e+02 6.12e+02 6.08e+02 6.04e+02 6.00e+02 5.96e+02 5.92e+02 5.89e+02 5.85e+02 5.81e+02 5.77e+02 5.73e+02 5.70e+02 5.66e+02 5.62e+02 5.59e+02 5.55e+02 5.51e+02 5.48e+02 5.44e+02 5.41e+02 5.37e+02 5.34e+02 5.30e+02 5.27e+02 5.24e+02 5.20e+02 5.17e+02 5.14e+02 5.10e+02 5.07e+02 5.04e+02 5.01e+02 4.98e+02 4.94e+02 4.91e+02 4.88e+02 4.85e+02 4.82e+02 4.79e+02 4.76e+02 4.73e+02 4.70e+02 4.67e+02 4.65e+02 4.62e+02 4.59e+02 4.56e+02 4.53e+02 4.50e+02 4.48e+02 4.45e+02 4.42e+02 4.40e+02 4.37e+02 4.34e+02 4.32e+02 4.29e+02 4.27e+02 4.24e+02 4.21e+02 4.19e+02 4.14e+02 4.04e+02 3.86e+02 3.52e+02 2.95e+02 2.13e+02 1.18e+02 4.31e+01 2.13e+01 2.00e+01 2.00e+01 2.00e+01 2.00e+01 
